provider_key,provider_name,track_instance_id,year,track_id,rank,stratum,loss_eur,selection_score,selection_score_kind,sample_weight,frequency_annual,return_period_years_approx,max_wind_mps,category,min_distance_km,closest_lat,closest_lon,quadrant
storm,STORM,storm|3955|3_3955_11,3955,3_3955_11,2,rank_001_010,0.0,81.88776440696626,intensity_distance_weighted_mps,2.5,0.00025,4000.0,86.70454545454545,5,36.37979138977118,16.0,-61.69999999999999,SW
storm,STORM,storm|6047|6_6047_4,6047,6_6047_4,5,rank_001_010,0.0,80.22734642773034,intensity_distance_weighted_mps,2.5,0.00025,2000.0,81.70454545454547,5,20.353989753705022,16.2,-61.60000000000002,NW
storm,STORM,storm|9121|9_9121_1,9121,9_9121_1,7,rank_001_010,0.0,78.6876743659092,intensity_distance_weighted_mps,2.5,0.00025,1333.3333333333333,80.90909090909092,5,25.20303862703192,16.4,-61.39999999999998,NE
storm,STORM,storm|9852|9_9852_4,9852,9_9852_4,10,rank_001_010,0.0,76.22885858009727,intensity_distance_weighted_mps,2.5,0.00025,1000.0,84.43181818181819,5,49.20586117283322,16.5,-61.10000000000002,NE
storm,STORM,storm|7423|7_7423_8,7423,7_7423_8,11,rank_011_020,0.0,75.98723632445667,intensity_distance_weighted_mps,2.5,0.00025,800.0,77.38636363636364,5,20.353989753705022,16.2,-61.60000000000002,NW
storm,STORM,storm|233|0_233_8,233,0_233_8,15,rank_011_020,0.0,75.41435212549183,intensity_distance_weighted_mps,2.5,0.00025,666.6666666666666,80.22727272727273,5,37.89383898774167,15.9,-61.19999999999999,SE
storm,STORM,storm|37|0_37_5,37,0_37_5,18,rank_011_020,0.0,75.22562282959674,intensity_distance_weighted_mps,2.5,0.00025,571.4285714285714,75.45454545454547,5,8.274708844222385,16.1,-61.39999999999998,SE
storm,STORM,storm|9701|9_9701_4,9701,9_9701_4,20,rank_011_020,0.0,74.82624605113996,intensity_distance_weighted_mps,2.5,0.00025,500.0,76.36363636363637,5,21.500885690759674,16.0,-61.5,SW
storm,STORM,storm|5407|5_5407_5,5407,5_5407_5,22,rank_021_050,0.0,74.56918841706036,intensity_distance_weighted_mps,3.0,0.0003,434.7826086956522,76.13636363636364,5,21.745546605949606,16.1,-61.60000000000002,SW
storm,STORM,storm|1461|1_1461_10,1461,1_1461_10,23,rank_021_050,0.0,74.55571825317045,intensity_distance_weighted_mps,3.0,0.0003,384.61538461538464,75.79545454545456,5,19.342626122509245,16.0,-61.39999999999998,SE
storm,STORM,storm|2064|2_2064_1,2064,2_2064_1,24,rank_021_050,0.0,74.37135440340107,intensity_distance_weighted_mps,3.0,0.0003,344.82758620689657,77.72727272727273,5,31.86354595969182,15.9,-61.5,SW
storm,STORM,storm|3879|3_3879_1,3879,3_3879_1,32,rank_021_050,0.0,72.95979081665709,intensity_distance_weighted_mps,3.0,0.0003,312.5,73.1818181818182,5,8.274708844222385,16.1,-61.39999999999998,SE
storm,STORM,storm|9896|9_9896_3,9896,9_9896_3,35,rank_021_050,0.0,72.70886967447842,intensity_distance_weighted_mps,3.0,0.0003,285.7142857142857,73.63636363636364,5,16.9415486769099,16.3,-61.5,NW
storm,STORM,storm|12|0_12_0,12,0_12_0,36,rank_021_050,0.0,72.41421349804841,intensity_distance_weighted_mps,3.0,0.0003,263.15789473684214,75.68181818181819,5,31.86354595969182,15.9,-61.5,SW
storm,STORM,storm|563|0_563_2,563,0_563_2,40,rank_021_050,0.0,72.07700006245321,intensity_distance_weighted_mps,3.0,0.0003,243.90243902439028,76.25,5,36.092510952515966,16.3,-61.10000000000002,NE
storm,STORM,storm|6281|6_6281_0,6281,6_6281_0,41,rank_021_050,0.0,71.56886108226561,intensity_distance_weighted_mps,3.0,0.0003,227.2727272727273,76.13636363636364,5,37.89383898774167,15.9,-61.19999999999999,SE
storm,STORM,storm|2433|2_2433_4,2433,2_2433_4,44,rank_021_050,0.0,71.30120248626885,intensity_distance_weighted_mps,3.0,0.0003,212.76595744680853,71.93181818181819,5,14.106693156686516,16.3,-61.39999999999998,NE
storm,STORM,storm|5045|5_5045_0,5045,5_5045_0,45,rank_021_050,0.0,70.81122403316931,intensity_distance_weighted_mps,3.0,0.0003,200.00000000000003,74.31818181818183,5,33.381471519362705,16.2,-61.10000000000002,NE
storm,STORM,storm|6057|6_6057_14,6057,6_6057_14,53,rank_051_100,0.0,69.96873297048116,intensity_distance_weighted_mps,2.77777778,0.0002777777777777778,189.47368421052633,71.02272727272728,5,18.410194885213727,16.3,-61.30000000000001,NE
storm,STORM,storm|9253|9_9253_4,9253,9_9253_4,55,rank_051_100,0.0,69.92010263790208,intensity_distance_weighted_mps,2.77777778,0.0002777777777777778,180.00000000000003,70.56818181818183,5,14.441232677570758,16.1,-61.30000000000001,SE
storm,STORM,storm|1046|1_1046_2,1046,1_1046_2,59,rank_051_100,0.0,69.47850214001943,intensity_distance_weighted_mps,2.77777778,0.0002777777777777778,171.42857142857144,72.61363636363637,5,31.86354595969182,15.9,-61.5,SW
storm,STORM,storm|6190|6_6190_8,6190,6_6190_8,60,rank_051_100,0.0,69.36719940476593,intensity_distance_weighted_mps,2.77777778,0.0002777777777777778,163.63636363636365,73.86363636363637,5,38.189892251175955,16.5,-61.30000000000001,NE
storm,STORM,storm|2219|2_2219_13,2219,2_2219_13,64,rank_051_100,0.0,69.04713569906522,intensity_distance_weighted_mps,2.77777778,0.0002777777777777778,156.52173913043478,76.47727272727273,5,49.20586117283322,16.5,-61.10000000000002,NE
storm,STORM,storm|8925|8_8925_4,8925,8_8925_4,70,rank_051_100,0.0,68.8231196194475,intensity_distance_weighted_mps,2.77777778,0.0002777777777777778,150.0,69.43181818181819,4,14.106693156686516,16.3,-61.39999999999998,NE
storm,STORM,storm|3652|3_3652_1,3652,3_3652_1,76,rank_051_100,0.0,68.47191901331419,intensity_distance_weighted_mps,2.77777778,0.0002777777777777778,144.0,70.22727272727273,5,24.01692105080739,16.1,-61.19999999999999,SE
storm,STORM,storm|8527|8_8527_5,8527,8_8527_5,77,rank_051_100,0.0,68.4450779343084,intensity_distance_weighted_mps,2.77777778,0.0002777777777777778,138.46153846153848,69.31818181818183,4,16.9415486769099,16.3,-61.5,NW
storm,STORM,storm|3836|3_3836_11,3836,3_3836_11,79,rank_051_100,0.0,68.31920772250933,intensity_distance_weighted_mps,2.77777778,0.0002777777777777778,133.33333333333334,73.86363636363637,5,42.731510770523286,16.5,-61.19999999999999,NE
storm,STORM,storm|5347|5_5347_6,5347,5_5347_6,81,rank_051_100,0.0,68.2135590128857,intensity_distance_weighted_mps,2.77777778,0.0002777777777777778,128.57142857142858,69.77272727272728,4,22.677877083396297,16.0,-61.30000000000001,SE
storm,STORM,storm|5747|5_5747_6,5747,5_5747_6,82,rank_051_100,0.0,68.17300263341113,intensity_distance_weighted_mps,2.77777778,0.0002777777777777778,124.13793103448276,70.00000000000001,5,24.555795528057462,16.3,-61.60000000000002,NW
storm,STORM,storm|3515|3_3515_0,3515,3_3515_0,88,rank_051_100,0.0,67.63308314273792,intensity_distance_weighted_mps,2.77777778,0.0002777777777777778,120.0,75.68181818181819,5,51.745844798255305,15.8,-61.69999999999999,SW
storm,STORM,storm|7114|7_7114_4,7114,7_7114_4,89,rank_051_100,0.0,67.58346240857462,intensity_distance_weighted_mps,2.77777778,0.0002777777777777778,116.12903225806451,73.06818181818183,5,42.731510770523286,16.5,-61.19999999999999,NE
storm,STORM,storm|7498|7_7498_2,7498,7_7498_2,94,rank_051_100,0.0,67.20471997655804,intensity_distance_weighted_mps,2.77777778,0.0002777777777777778,112.5,71.93181818181819,5,39.782189661163905,16.4,-61.69999999999999,NW
storm,STORM,storm|6667|6_6667_9,6667,6_6667_9,95,rank_051_100,0.0,67.13840876269013,intensity_distance_weighted_mps,2.77777778,0.0002777777777777778,109.0909090909091,75.68181818181819,5,53.50832382813522,15.7,-61.5,SW
storm,STORM,storm|8554|8_8554_2,8554,8_8554_2,96,rank_051_100,0.0,66.99480485742637,intensity_distance_weighted_mps,2.77777778,0.0002777777777777778,105.88235294117646,74.88636363636365,5,51.48160684479339,15.9,-61.80000000000001,SW
storm,STORM,storm|9489|9_9489_9,9489,9_9489_9,99,rank_051_100,0.0,66.88009817538459,intensity_distance_weighted_mps,2.77777778,0.0002777777777777778,102.85714285714286,67.5,4,14.441232677570758,16.1,-61.30000000000001,SE
storm,STORM,storm|205|0_205_9,205,0_205_9,100,rank_051_100,0.0,66.87420729319312,intensity_distance_weighted_mps,2.77777778,0.0002777777777777778,100.0,67.72727272727273,4,16.9415486769099,16.3,-61.5,NW
storm,STORM,storm|903|0_903_3,903,0_903_3,101,rank_101_200,0.0,66.86241993170655,intensity_distance_weighted_mps,3.125,0.0003125,96.96969696969697,68.75,4,25.20303862703192,16.4,-61.39999999999998,NE
storm,STORM,storm|667|0_667_7,667,0_667_7,103,rank_101_200,0.0,66.82692065716132,intensity_distance_weighted_mps,3.125,0.0003125,94.11764705882352,67.27272727272728,4,12.251486582519494,16.2,-61.30000000000001,NE
storm,STORM,storm|1540|1_1540_8,1540,1_1540_8,104,rank_101_200,0.0,66.76025088258518,intensity_distance_weighted_mps,3.125,0.0003125,91.42857142857142,69.77272727272728,4,31.86354595969182,15.9,-61.5,SW
storm,STORM,storm|1515|1_1515_1,1515,1_1515_1,105,rank_101_200,0.0,66.74740091628664,intensity_distance_weighted_mps,3.125,0.0003125,88.88888888888887,71.13636363636364,5,38.46405131396937,16.0,-61.10000000000002,SE
storm,STORM,storm|5062|5_5062_6,5062,5_5062_6,109,rank_101_200,0.0,66.48827072139869,intensity_distance_weighted_mps,3.125,0.0003125,86.48648648648647,66.93181818181819,4,12.251486582519494,16.2,-61.30000000000001,NE
storm,STORM,storm|1217|1_1217_3,1217,1_1217_3,115,rank_101_200,0.0,66.23239662231609,intensity_distance_weighted_mps,3.125,0.0003125,84.21052631578947,66.81818181818183,4,14.106693156686516,16.3,-61.39999999999998,NE
storm,STORM,storm|9920|9_9920_4,9920,9_9920_4,117,rank_101_200,0.0,66.0915449919143,intensity_distance_weighted_mps,3.125,0.0003125,82.05128205128203,67.61363636363637,4,22.763480668387448,16.2,-61.19999999999999,NE
storm,STORM,storm|7388|7_7388_1,7388,7_7388_1,120,rank_101_200,0.0,66.02121937755948,intensity_distance_weighted_mps,3.125,0.0003125,79.99999999999999,68.29545454545455,4,27.839868137921705,16.4,-61.30000000000001,NE
storm,STORM,storm|4862|4_4862_9,4862,4_4862_9,134,rank_101_200,0.0,65.4985014563306,intensity_distance_weighted_mps,3.125,0.0003125,78.04878048780486,68.06818181818183,4,29.710853636194447,16.0,-61.19999999999999,SE
storm,STORM,storm|6286|6_6286_11,6286,6_6286_11,139,rank_101_200,0.0,65.3159759268031,intensity_distance_weighted_mps,3.125,0.0003125,76.19047619047618,77.38636363636364,5,64.48254338211376,15.6,-61.5,SW
storm,STORM,storm|8367|8_8367_10,8367,8_8367_10,141,rank_101_200,0.0,65.31399740377414,intensity_distance_weighted_mps,3.125,0.0003125,74.41860465116277,66.81818181818183,4,22.763480668387448,16.2,-61.19999999999999,NE
storm,STORM,storm|6757|6_6757_11,6757,6_6757_11,142,rank_101_200,0.0,65.27817010472495,intensity_distance_weighted_mps,3.125,0.0003125,72.7272727272727,66.36363636363637,4,19.342626122509245,16.0,-61.39999999999998,SE
storm,STORM,storm|5274|5_5274_6,5274,5_5274_6,143,rank_101_200,0.0,65.26019387389103,intensity_distance_weighted_mps,3.125,0.0003125,71.11111111111109,72.95454545454547,5,51.50543893485941,16.6,-61.60000000000002,NW
storm,STORM,storm|1284|1_1284_3,1284,1_1284_3,147,rank_101_200,0.0,65.0786140494483,intensity_distance_weighted_mps,3.125,0.0003125,69.56521739130433,65.68181818181819,4,14.441232677570758,16.1,-61.30000000000001,SE
storm,STORM,storm|1938|1_1938_2,1938,1_1938_2,148,rank_101_200,0.0,65.0786140494483,intensity_distance_weighted_mps,3.125,0.0003125,68.08510638297871,65.68181818181819,4,14.441232677570758,16.1,-61.30000000000001,SE
storm,STORM,storm|2248|2_2248_7,2248,2_2248_7,149,rank_101_200,0.0,65.05221553180358,intensity_distance_weighted_mps,3.125,0.0003125,66.66666666666664,66.25,4,20.353989753705022,16.2,-61.60000000000002,NW
storm,STORM,storm|5838|5_5838_10,5838,5_5838_10,150,rank_101_200,0.0,64.97517950340209,intensity_distance_weighted_mps,3.125,0.0003125,65.30612244897956,69.54545454545456,4,39.782189661163905,16.4,-61.69999999999999,NW
storm,STORM,storm|2547|2_2547_3,2547,2_2547_3,152,rank_101_200,0.0,64.94674445303635,intensity_distance_weighted_mps,3.125,0.0003125,63.999999999999986,70.11363636363637,5,42.30846355441705,16.1,-61.80000000000001,SW
storm,STORM,storm|1716|1_1716_11,1716,1_1716_11,157,rank_101_200,0.0,64.77649355386608,intensity_distance_weighted_mps,3.125,0.0003125,62.74509803921567,65.22727272727273,4,12.513086963196397,16.1,-61.5,SW
storm,STORM,storm|6326|6_6326_15,6326,6_6326_15,159,rank_101_200,0.0,64.71518655232863,intensity_distance_weighted_mps,3.125,0.0003125,61.538461538461526,70.11363636363637,5,43.32341565106727,15.9,-61.69999999999999,SW
storm,STORM,storm|4232|4_4232_8,4232,4_4232_8,161,rank_101_200,0.0,64.6059360874835,intensity_distance_weighted_mps,3.125,0.0003125,60.377358490566024,76.59090909090911,5,64.60610775046256,16.6,-61.0,NE
storm,STORM,storm|3326|3_3326_4,3326,3_3326_4,164,rank_101_200,0.0,64.51565026009321,intensity_distance_weighted_mps,3.125,0.0003125,59.259259259259245,65.11363636363636,4,14.441232677570758,16.1,-61.30000000000001,SE
storm,STORM,storm|4913|4_4913_8,4913,4_4913_8,168,rank_101_200,0.0,64.15072967544829,intensity_distance_weighted_mps,3.125,0.0003125,58.181818181818166,67.04545454545455,4,31.86354595969182,15.9,-61.5,SW
storm,STORM,storm|3983|3_3983_5,3983,3_3983_5,169,rank_101_200,0.0,64.14733438733711,intensity_distance_weighted_mps,3.125,0.0003125,57.142857142857125,65.11363636363636,4,18.410194885213727,16.3,-61.30000000000001,NE
storm,STORM,storm|1334|1_1334_7,1334,1_1334_7,170,rank_101_200,0.0,64.12666356457932,intensity_distance_weighted_mps,3.125,0.0003125,56.140350877192965,76.02272727272728,5,64.60610775046256,16.6,-61.0,NE
storm,STORM,storm|6733|6_6733_2,6733,6_6733_2,177,rank_101_200,0.0,63.837074381313954,intensity_distance_weighted_mps,3.125,0.0003125,55.17241379310343,71.36363636363636,5,51.50543893485941,16.6,-61.60000000000002,NW
storm,STORM,storm|9427|9_9427_14,9427,9_9427_14,181,rank_101_200,0.0,63.69953449632604,intensity_distance_weighted_mps,3.125,0.0003125,54.237288135593204,64.6590909090909,4,18.410194885213727,16.3,-61.30000000000001,NE
storm,STORM,storm|5813|5_5813_0,5813,5_5813_0,184,rank_101_200,0.0,63.53026057617807,intensity_distance_weighted_mps,3.125,0.0003125,53.333333333333314,82.72727272727273,5,82.45514516753867,15.6,-61.89999999999998,SW
storm,STORM,storm|8085|8_8085_5,8085,8_8085_5,189,rank_101_200,0.0,63.2641275854241,intensity_distance_weighted_mps,3.125,0.0003125,52.4590163934426,66.47727272727273,4,33.80474537884485,16.4,-61.19999999999999,NE
storm,STORM,storm|9694|9_9694_8,9694,9_9694_8,191,rank_101_200,0.0,63.183268834019536,intensity_distance_weighted_mps,3.125,0.0003125,51.612903225806434,69.54545454545456,4,47.598512925083384,16.5,-61.69999999999999,NW
storm,STORM,storm|5175|5_5175_4,5175,5_5175_4,194,rank_101_200,0.0,63.13978463256219,intensity_distance_weighted_mps,3.125,0.0003125,50.79365079365078,64.0909090909091,4,18.410194885213727,16.3,-61.30000000000001,NE
storm,STORM,storm|7724|7_7724_0,7724,7_7724_0,195,rank_101_200,0.0,63.13367840036576,intensity_distance_weighted_mps,3.125,0.0003125,49.99999999999998,63.409090909090914,4,9.90723678480257,16.2,-61.5,NW
storm,STORM,storm|8649|8_8649_5,8649,8_8649_5,205,rank_201_500,0.0,62.857354537549426,intensity_distance_weighted_mps,3.40909091,0.00034090909090909094,49.16201117318434,66.93181818181819,4,38.189892251175955,16.5,-61.30000000000001,NE
storm,STORM,storm|5071|5_5071_8,5071,5_5071_8,208,rank_201_500,0.0,62.658708930403144,intensity_distance_weighted_mps,3.40909091,0.00034090909090909094,48.35164835164834,64.0909090909091,4,22.677877083396297,16.0,-61.30000000000001,SE
storm,STORM,storm|1313|1_1313_4,1313,1_1313_4,211,rank_201_500,0.0,62.51977892098774,intensity_distance_weighted_mps,3.40909091,0.00034090909090909094,47.56756756756756,65.3409090909091,4,31.86354595969182,15.9,-61.5,SW
storm,STORM,storm|1882|1_1882_1,1882,1_1882_1,213,rank_201_500,0.0,62.453170329263074,intensity_distance_weighted_mps,3.40909091,0.00034090909090909094,46.80851063829787,65.11363636363636,4,30.959424117241788,16.2,-61.69999999999999,NW
storm,STORM,storm|3158|3_3158_11,3158,3_3158_11,216,rank_201_500,0.0,62.40767584867996,intensity_distance_weighted_mps,3.40909091,0.00034090909090909094,46.07329842931937,67.61363636363637,4,43.32341565106727,15.9,-61.69999999999999,SW
storm,STORM,storm|6840|6_6840_7,6840,6_6840_7,217,rank_201_500,0.0,62.34091631883847,intensity_distance_weighted_mps,3.40909091,0.00034090909090909094,45.36082474226804,72.95454545454547,5,61.89230007550753,16.7,-61.60000000000002,NW
storm,STORM,storm|1931|1_1931_8,1931,1_1931_8,219,rank_201_500,0.0,62.302318820393,intensity_distance_weighted_mps,3.40909091,0.00034090909090909094,44.67005076142132,65.11363636363636,4,31.86354595969182,15.9,-61.5,SW
storm,STORM,storm|1273|1_1273_2,1273,1_1273_2,220,rank_201_500,0.0,62.2996045275413,intensity_distance_weighted_mps,3.40909091,0.00034090909090909094,44.00000000000001,70.22727272727273,5,53.50832382813522,15.7,-61.5,SW
storm,STORM,storm|1516|1_1516_13,1516,1_1516_13,221,rank_201_500,0.0,62.263795102672866,intensity_distance_weighted_mps,3.40909091,0.00034090909090909094,43.34975369458129,62.84090909090909,4,14.441232677570758,16.1,-61.30000000000001,SE
storm,STORM,storm|5251|5_5251_1,5251,5_5251_1,229,rank_201_500,0.0,62.10030847781398,intensity_distance_weighted_mps,3.40909091,0.00034090909090909094,42.71844660194176,64.6590909090909,4,30.448160511479074,15.9,-61.39999999999998,SE
storm,STORM,storm|2631|2_2631_7,2631,2_2631_7,232,rank_201_500,0.0,62.039437816616754,intensity_distance_weighted_mps,3.40909091,0.00034090909090909094,42.10526315789475,80.56818181818183,5,81.97479187396854,15.5,-61.10000000000002,SE
storm,STORM,storm|1263|1_1263_0,1263,1_1263_0,236,rank_201_500,0.0,61.98363896751233,intensity_distance_weighted_mps,3.40909091,0.00034090909090909094,41.50943396226416,73.75000000000001,5,65.35424611727733,16.2,-60.80000000000001,NE
storm,STORM,storm|4078|4_4078_6,4078,4_4078_6,237,rank_201_500,0.0,61.924222580260675,intensity_distance_weighted_mps,3.40909091,0.00034090909090909094,40.93023255813955,65.79545454545455,4,37.504689570708805,16.5,-61.5,NW
storm,STORM,storm|6486|6_6486_1,6486,6_6486_1,242,rank_201_500,0.0,61.87416693655102,intensity_distance_weighted_mps,3.40909091,0.00034090909090909094,40.36697247706424,82.61363636363637,5,86.8431159355508,15.4,-61.30000000000001,SE
storm,STORM,storm|9313|9_9313_1,9313,9_9313_1,254,rank_201_500,0.0,61.52140499687994,intensity_distance_weighted_mps,3.40909091,0.00034090909090909094,39.8190045248869,61.93181818181819,4,12.251486582519494,16.2,-61.30000000000001,NE
storm,STORM,storm|6497|6_6497_7,6497,6_6497_7,255,rank_201_500,0.0,61.50450693578955,intensity_distance_weighted_mps,3.40909091,0.00034090909090909094,39.285714285714306,69.31818181818183,4,53.46449349747605,15.9,-61.0,SE
storm,STORM,storm|6627|6_6627_9,6627,6_6627_9,256,rank_201_500,0.0,61.50151114929351,intensity_distance_weighted_mps,3.40909091,0.00034090909090909094,38.76651982378857,62.045454545454554,4,14.106693156686516,16.3,-61.39999999999998,NE
storm,STORM,storm|6379|6_6379_7,6379,6_6379_7,260,rank_201_500,0.0,61.46441639915068,intensity_distance_weighted_mps,3.40909091,0.00034090909090909094,38.26086956521741,62.727272727272734,4,21.500885690759674,16.0,-61.5,SW
storm,STORM,storm|9653|9_9653_5,9653,9_9653_5,264,rank_201_500,0.0,61.323393715050614,intensity_distance_weighted_mps,3.40909091,0.00034090909090909094,37.768240343347664,61.5909090909091,4,9.90723678480257,16.2,-61.5,NW
storm,STORM,storm|8452|8_8452_0,8452,8_8452_0,267,rank_201_500,0.0,61.23663509576511,intensity_distance_weighted_mps,3.40909091,0.00034090909090909094,37.28813559322037,62.15909090909092,4,18.410194885213727,16.3,-61.30000000000001,NE
storm,STORM,storm|6522|6_6522_0,6522,6_6522_0,269,rank_201_500,0.0,61.20739910468387,intensity_distance_weighted_mps,3.40909091,0.00034090909090909094,36.820083682008395,65.11363636363636,4,37.89383898774167,15.9,-61.19999999999999,SE
storm,STORM,storm|5882|5_5882_16,5882,5_5882_16,274,rank_201_500,0.0,61.11805403791887,intensity_distance_weighted_mps,3.40909091,0.00034090909090909094,36.36363636363639,63.63636363636364,4,30.448160511479074,15.9,-61.39999999999998,SE
storm,STORM,storm|1397|1_1397_7,1397,1_1397_7,275,rank_201_500,0.0,61.11556730947723,intensity_distance_weighted_mps,3.40909091,0.00034090909090909094,35.9183673469388,62.84090909090909,4,25.20303862703192,16.4,-61.39999999999998,NE
storm,STORM,storm|9935|9_9935_6,9935,9_9935_6,276,rank_201_500,0.0,61.10945840337498,intensity_distance_weighted_mps,3.40909091,0.00034090909090909094,35.483870967741964,76.59090909090911,5,75.49929018639075,15.5,-61.5,SW
storm,STORM,storm|4612|4_4612_4,4612,4_4612_4,277,rank_201_500,0.0,61.08481618350205,intensity_distance_weighted_mps,3.40909091,0.00034090909090909094,35.05976095617533,69.20454545454545,4,54.6884227201857,16.2,-60.89999999999998,NE
storm,STORM,storm|9002|9_9002_2,9002,9_9002_2,280,rank_201_500,0.0,60.94468568028191,intensity_distance_weighted_mps,3.40909091,0.00034090909090909094,34.64566929133861,66.70454545454547,4,46.11362818724813,16.3,-61.0,NE
storm,STORM,storm|1497|1_1497_5,1497,1_1497_5,281,rank_201_500,0.0,60.92733986611386,intensity_distance_weighted_mps,3.40909091,0.00034090909090909094,34.241245136186805,61.70454545454545,4,16.9415486769099,16.3,-61.5,NW
storm,STORM,storm|4715|4_4715_9,4715,4_4715_9,282,rank_201_500,0.0,60.91949618130813,intensity_distance_weighted_mps,3.40909091,0.00034090909090909094,33.846153846153875,67.15909090909092,4,48.005533311412755,16.0,-61.0,SE
storm,STORM,storm|6032|6_6032_11,6032,6_6032_11,286,rank_201_500,0.0,60.73916499892977,intensity_distance_weighted_mps,3.40909091,0.00034090909090909094,33.46007604562741,71.5909090909091,5,63.40253496629383,16.1,-62.0,SW
storm,STORM,storm|1030|1_1030_13,1030,1_1030_13,293,rank_201_500,0.0,60.62944866450189,intensity_distance_weighted_mps,3.40909091,0.00034090909090909094,33.082706766917326,76.70454545454547,5,77.23715135376092,16.3,-60.69999999999999,NE
storm,STORM,storm|6794|6_6794_11,6794,6_6794_11,297,rank_201_500,0.0,60.44293571870191,intensity_distance_weighted_mps,3.40909091,0.00034090909090909094,32.71375464684019,69.88636363636364,4,59.29025510157489,16.7,-61.5,NW
storm,STORM,storm|940|0_940_4,940,0_940_4,299,rank_201_500,0.0,60.35407836244488,intensity_distance_weighted_mps,3.40909091,0.00034090909090909094,32.35294117647062,62.84090909090909,4,30.448160511479074,15.9,-61.39999999999998,SE
storm,STORM,storm|4644|4_4644_12,4644,4_4644_12,300,rank_201_500,0.0,60.35284553952249,intensity_distance_weighted_mps,3.40909091,0.00034090909090909094,32.000000000000036,64.20454545454545,4,37.89383898774167,15.9,-61.19999999999999,SE
storm,STORM,storm|7473|7_7473_1,7473,7_7473_1,301,rank_201_500,0.0,60.32045788841058,intensity_distance_weighted_mps,3.40909091,0.00034090909090909094,31.65467625899284,63.18181818181819,4,32.66970533638878,15.9,-61.30000000000001,SE
storm,STORM,storm|2533|2_2533_5,2533,2_2533_5,304,rank_201_500,0.0,60.19051935863204,intensity_distance_weighted_mps,3.40909091,0.00034090909090909094,31.316725978647717,67.61363636363637,4,52.67691912066638,15.7,-61.39999999999998,SE
storm,STORM,storm|5891|5_5891_7,5891,5_5891_7,305,rank_201_500,0.0,60.18929040887808,intensity_distance_weighted_mps,3.40909091,0.00034090909090909094,30.985915492957773,66.25,4,47.598512925083384,16.5,-61.69999999999999,NW
storm,STORM,storm|6500|6_6500_12,6500,6_6500_12,310,rank_201_500,0.0,60.07351141843644,intensity_distance_weighted_mps,3.40909091,0.00034090909090909094,30.66202090592337,71.47727272727273,5,65.35424611727733,16.2,-60.80000000000001,NE
storm,STORM,storm|8772|8_8772_1,8772,8_8772_1,311,rank_201_500,0.0,60.049810933539625,intensity_distance_weighted_mps,3.40909091,0.00034090909090909094,30.344827586206918,69.43181818181819,4,59.29025510157489,16.7,-61.5,NW
storm,STORM,storm|3968|3_3968_3,3968,3_3968_3,313,rank_201_500,0.0,60.000574985768615,intensity_distance_weighted_mps,3.40909091,0.00034090909090909094,30.034129692832785,69.20454545454545,4,58.74909233475924,15.8,-61.80000000000001,SW
storm,STORM,storm|1713|1_1713_5,1713,1_1713_5,317,rank_201_500,0.0,59.81349199488116,intensity_distance_weighted_mps,3.40909091,0.00034090909090909094,29.729729729729748,66.25,4,49.20586117283322,16.5,-61.10000000000002,NE
storm,STORM,storm|3670|3_3670_18,3670,3_3670_18,319,rank_201_500,0.0,59.80558337555046,intensity_distance_weighted_mps,3.40909091,0.00034090909090909094,29.431438127090317,64.6590909090909,4,42.731510770523286,16.5,-61.19999999999999,NE
storm,STORM,storm|150|0_150_9,150,0_150_9,321,rank_201_500,0.0,59.771018688236644,intensity_distance_weighted_mps,3.40909091,0.00034090909090909094,29.139072847682133,66.81818181818183,4,51.50543893485941,16.6,-61.60000000000002,NW
storm,STORM,storm|2814|2_2814_0,2814,2_2814_0,324,rank_201_500,0.0,59.74593097850253,intensity_distance_weighted_mps,3.40909091,0.00034090909090909094,28.852459016393453,59.77272727272728,4,3.1766872614766473,16.2,-61.39999999999998,NE
storm,STORM,storm|3538|3_3538_1,3538,3_3538_1,326,rank_201_500,0.0,59.73146157427133,intensity_distance_weighted_mps,3.40909091,0.00034090909090909094,28.57142857142858,80.11363636363637,5,87.62236057304143,16.7,-60.80000000000001,NE
storm,STORM,storm|7623|7_7623_1,7623,7_7623_1,329,rank_201_500,0.0,59.63252410298962,intensity_distance_weighted_mps,3.40909091,0.00034090909090909094,28.295819935691323,75.0,5,76.14667304929156,16.8,-61.69999999999999,NW
storm,STORM,storm|5741|5_5741_7,5741,5_5741_7,333,rank_201_500,0.0,59.54384247913656,intensity_distance_weighted_mps,3.40909091,0.00034090909090909094,28.025477707006374,72.38636363636364,5,69.6623266658628,16.8,-61.39999999999998,NE
storm,STORM,storm|9246|9_9246_4,9246,9_9246_4,337,rank_201_500,0.0,59.5008088955024,intensity_distance_weighted_mps,3.40909091,0.00034090909090909094,27.7602523659306,65.68181818181819,4,48.345885834829744,16.6,-61.5,NW
storm,STORM,storm|519|0_519_3,519,0_519_3,340,rank_201_500,0.0,59.47909431108249,intensity_distance_weighted_mps,3.40909091,0.00034090909090909094,27.5,62.50000000000001,4,33.80474537884485,16.4,-61.19999999999999,NE
storm,STORM,storm|1946|1_1946_3,1946,1_1946_3,341,rank_201_500,0.0,59.43275614135856,intensity_distance_weighted_mps,3.40909091,0.00034090909090909094,27.24458204334365,60.68181818181819,4,21.745546605949606,16.1,-61.60000000000002,SW
storm,STORM,storm|8470|8_8470_10,8470,8_8470_10,342,rank_201_500,0.0,59.42875116350934,intensity_distance_weighted_mps,3.40909091,0.00034090909090909094,26.993865030674844,78.97727272727273,5,86.02999860517504,15.4,-61.39999999999998,SE
storm,STORM,storm|8535|8_8535_2,8535,8_8535_2,343,rank_201_500,0.0,59.4154810362315,intensity_distance_weighted_mps,3.40909091,0.00034090909090909094,26.74772036474164,62.15909090909092,4,32.233141059404836,16.4,-61.60000000000002,NW
storm,STORM,storm|3671|3_3671_1,3671,3_3671_1,344,rank_201_500,0.0,59.4013574684963,intensity_distance_weighted_mps,3.40909091,0.00034090909090909094,26.506024096385538,61.93181818181819,4,30.959424117241788,16.2,-61.69999999999999,NW
storm,STORM,storm|9668|9_9668_3,9668,9_9668_3,345,rank_201_500,0.0,59.37662207038321,intensity_distance_weighted_mps,3.40909091,0.00034090909090909094,26.268656716417905,59.77272727272728,4,12.251486582519494,16.2,-61.30000000000001,NE
storm,STORM,storm|6891|6_6891_10,6891,6_6891_10,360,rank_201_500,0.0,59.09361669865279,intensity_distance_weighted_mps,3.40909091,0.00034090909090909094,26.035502958579873,60.45454545454546,4,22.763480668387448,16.2,-61.19999999999999,NE
storm,STORM,storm|5325|5_5325_2,5325,5_5325_2,361,rank_201_500,0.0,59.07950824791247,intensity_distance_weighted_mps,3.40909091,0.00034090909090909094,25.806451612903217,62.50000000000001,4,36.092510952515966,16.3,-61.10000000000002,NE
storm,STORM,storm|3751|3_3751_4,3751,3_3751_4,362,rank_201_500,0.0,59.045909372883244,intensity_distance_weighted_mps,3.40909091,0.00034090909090909094,25.581395348837198,67.8409090909091,4,57.8914285069782,16.6,-61.10000000000002,NE
storm,STORM,storm|6505|6_6505_6,6505,6_6505_6,364,rank_201_500,0.0,59.00935336097442,intensity_distance_weighted_mps,3.40909091,0.00034090909090909094,25.360230547550422,61.93181818181819,4,33.381471519362705,16.2,-61.10000000000002,NE
storm,STORM,storm|8085|8_8085_0,8085,8_8085_0,365,rank_201_500,0.0,58.985793237861834,intensity_distance_weighted_mps,3.40909091,0.00034090909090909094,25.14285714285713,69.88636363636364,4,64.48254338211376,15.6,-61.5,SW
storm,STORM,storm|6164|6_6164_2,6164,6_6164_2,366,rank_201_500,0.0,58.94640979320695,intensity_distance_weighted_mps,3.40909091,0.00034090909090909094,24.929178470254943,63.863636363636374,4,43.32341565106727,15.9,-61.69999999999999,SW
storm,STORM,storm|8644|8_8644_5,8644,8_8644_5,368,rank_201_500,0.0,58.90876010989352,intensity_distance_weighted_mps,3.40909091,0.00034090909090909094,24.71910112359549,62.727272727272734,4,38.189892251175955,16.5,-61.30000000000001,NE
storm,STORM,storm|8214|8_8214_1,8214,8_8214_1,375,rank_201_500,0.0,58.79544399602885,intensity_distance_weighted_mps,3.40909091,0.00034090909090909094,24.51253481894149,59.54545454545455,4,16.9415486769099,16.3,-61.5,NW
storm,STORM,storm|5408|5_5408_10,5408,5_5408_10,378,rank_201_500,0.0,58.76411312313049,intensity_distance_weighted_mps,3.40909091,0.00034090909090909094,24.309392265193353,65.45454545454547,4,50.61302064107246,16.4,-61.0,NE
storm,STORM,storm|4762|4_4762_9,4762,4_4762_9,379,rank_201_500,0.0,58.72366219750153,intensity_distance_weighted_mps,3.40909091,0.00034090909090909094,24.109589041095873,58.75000000000001,4,3.1766872614766473,16.2,-61.39999999999998,NE
storm,STORM,storm|8846|8_8846_10,8846,8_8846_10,388,rank_201_500,0.0,58.677532787107886,intensity_distance_weighted_mps,3.40909091,0.00034090909090909094,23.91304347826085,66.47727272727273,4,54.6884227201857,16.2,-60.89999999999998,NE
storm,STORM,storm|9141|9_9141_13,9141,9_9141_13,394,rank_201_500,0.0,58.54823409292928,intensity_distance_weighted_mps,3.40909091,0.00034090909090909094,23.71967654986521,59.09090909090909,4,14.441232677570758,16.1,-61.30000000000001,SE
storm,STORM,storm|2889|2_2889_1,2889,2_2889_1,398,rank_201_500,0.0,58.45800472745309,intensity_distance_weighted_mps,3.40909091,0.00034090909090909094,23.529411764705863,59.659090909090914,4,21.500885690759674,16.0,-61.5,SW
storm,STORM,storm|2354|2_2354_0,2354,2_2354_0,399,rank_201_500,0.0,58.435641335058264,intensity_distance_weighted_mps,3.40909091,0.00034090909090909094,23.342175066312976,58.977272727272734,4,14.441232677570758,16.1,-61.30000000000001,SE
storm,STORM,storm|8134|8_8134_7,8134,8_8134_7,402,rank_201_500,0.0,58.34662381285306,intensity_distance_weighted_mps,3.40909091,0.00034090909090909094,23.15789473684208,59.09090909090909,4,16.9415486769099,16.3,-61.5,NW
storm,STORM,storm|6010|6_6010_1,6010,6_6010_1,403,rank_201_500,0.0,58.343984612105864,intensity_distance_weighted_mps,3.40909091,0.00034090909090909094,22.976501305483005,58.75000000000001,4,12.513086963196397,16.1,-61.5,SW
storm,STORM,storm|4939|4_4939_9,4939,4_4939_9,412,rank_201_500,0.0,58.13086670889319,intensity_distance_weighted_mps,3.40909091,0.00034090909090909094,22.79792746113987,68.29545454545455,4,62.72385563020781,16.7,-61.19999999999999,NE
storm,STORM,storm|804|0_804_0,804,0_804_0,422,rank_201_500,0.0,57.8505686487228,intensity_distance_weighted_mps,3.40909091,0.00034090909090909094,22.622107969151646,81.25000000000001,5,95.39818116022317,16.8,-60.80000000000001,NE
storm,STORM,storm|5512|5_5512_0,5512,5_5512_0,424,rank_201_500,0.0,57.79862814273349,intensity_distance_weighted_mps,3.40909091,0.00034090909090909094,22.44897959183671,74.65909090909092,5,81.01533628226211,15.5,-61.69999999999999,SW
storm,STORM,storm|3508|3_3508_4,3508,3_3508_4,433,rank_201_500,0.0,57.66150594020212,intensity_distance_weighted_mps,3.40909091,0.00034090909090909094,22.2784810126582,64.77272727272728,4,52.67691912066638,15.7,-61.39999999999998,SE
storm,STORM,storm|1926|1_1926_8,1926,1_1926_8,437,rank_201_500,0.0,57.57345116638444,intensity_distance_weighted_mps,3.40909091,0.00034090909090909094,22.11055276381907,72.15909090909092,5,75.49929018639075,15.5,-61.5,SW
storm,STORM,storm|2699|2_2699_8,2699,2_2699_8,440,rank_201_500,0.0,57.52859916160317,intensity_distance_weighted_mps,3.40909091,0.00034090909090909094,21.945137157107204,77.15909090909092,5,87.62236057304143,16.7,-60.80000000000001,NE
storm,STORM,storm|3831|3_3831_9,3831,3_3831_9,444,rank_201_500,0.0,57.4814027768369,intensity_distance_weighted_mps,3.40909091,0.00034090909090909094,21.782178217821755,68.97727272727273,4,67.08084135222408,15.7,-61.80000000000001,SW
storm,STORM,storm|1789|1_1789_5,1789,1_1789_5,448,rank_201_500,0.0,57.385242718011824,intensity_distance_weighted_mps,3.40909091,0.00034090909090909094,21.621621621621593,60.227272727272734,4,33.381471519362705,16.2,-61.10000000000002,NE
storm,STORM,storm|3734|3_3734_2,3734,3_3734_2,449,rank_201_500,0.0,57.3580098257119,intensity_distance_weighted_mps,3.40909091,0.00034090909090909094,21.46341463414631,58.977272727272734,4,25.20303862703192,16.4,-61.39999999999998,NE
storm,STORM,storm|3700|3_3700_6,3700,3_3700_6,457,rank_201_500,0.0,57.2353188690911,intensity_distance_weighted_mps,3.40909091,0.00034090909090909094,21.307506053268735,63.97727272727273,4,51.48160684479339,15.9,-61.80000000000001,SW
storm,STORM,storm|7851|7_7851_7,7851,7_7851_7,460,rank_201_500,0.0,57.19439207444837,intensity_distance_weighted_mps,3.40909091,0.00034090909090909094,21.153846153846125,66.93181818181819,4,61.89230007550753,16.7,-61.60000000000002,NW
storm,STORM,storm|554|0_554_7,554,0_554_7,464,rank_201_500,0.0,57.12938573297459,intensity_distance_weighted_mps,3.40909091,0.00034090909090909094,21.002386634844836,62.84090909090909,4,47.428289317141335,16.6,-61.39999999999998,NE
storm,STORM,storm|6270|6_6270_9,6270,6_6270_9,466,rank_201_500,0.0,57.11870355037634,intensity_distance_weighted_mps,3.40909091,0.00034090909090909094,20.853080568720348,61.13636363636364,4,39.782189661163905,16.4,-61.69999999999999,NW
storm,STORM,storm|5069|5_5069_1,5069,5_5069_1,469,rank_201_500,0.0,57.07827735047343,intensity_distance_weighted_mps,3.40909091,0.00034090909090909094,20.705882352941146,59.659090909090914,4,31.895847497127786,16.1,-61.69999999999999,SW
storm,STORM,storm|3444|3_3444_15,3444,3_3444_15,471,rank_201_500,0.0,57.060455718994675,intensity_distance_weighted_mps,3.40909091,0.00034090909090909094,20.560747663551368,72.15909090909092,5,77.16004763377687,16.8,-61.10000000000002,NE
storm,STORM,storm|7305|7_7305_4,7305,7_7305_4,474,rank_201_500,0.0,56.95675818456445,intensity_distance_weighted_mps,3.40909091,0.00034090909090909094,20.41763341067282,64.20454545454545,4,53.50832382813522,15.7,-61.5,SW
storm,STORM,storm|4359|4_4359_9,4359,4_4359_9,477,rank_201_500,0.0,56.84491601756771,intensity_distance_weighted_mps,3.40909091,0.00034090909090909094,20.276497695852502,71.02272727272728,5,74.91176673256169,15.5,-61.39999999999998,SE
storm,STORM,storm|9319|9_9319_1,9319,9_9319_1,492,rank_201_500,0.0,56.53401223939243,intensity_distance_weighted_mps,3.40909091,0.00034090909090909094,20.137299771167015,61.25000000000001,4,43.32341565106727,15.9,-61.69999999999999,SW
storm,STORM,storm|3792|3_3792_8,3792,3_3792_8,497,rank_201_500,0.0,56.43220443630275,intensity_distance_weighted_mps,3.40909091,0.00034090909090909094,19.999999999999964,59.77272727272728,4,36.495134936606505,15.9,-61.60000000000002,SW
storm,STORM,storm|306|0_306_14,306,0_306_14,506,rank_501_1000,0.0,56.32617983637304,intensity_distance_weighted_mps,3.90625,0.000390625,19.844961240310045,57.613636363636374,3,22.677877083396297,16.0,-61.30000000000001,SE
storm,STORM,storm|1227|1_1227_9,1227,1_1227_9,512,rank_501_1000,0.0,56.23724979078732,intensity_distance_weighted_mps,3.90625,0.000390625,19.69230769230766,57.27272727272727,3,20.353989753705022,16.2,-61.60000000000002,NW
storm,STORM,storm|5381|5_5381_4,5381,5_5381_4,513,rank_501_1000,0.0,56.184930748611166,intensity_distance_weighted_mps,3.90625,0.000390625,19.541984732824396,63.06818181818183,4,52.50227707186987,16.6,-61.19999999999999,NE
storm,STORM,storm|3296|3_3296_8,3296,3_3296_8,517,rank_501_1000,0.0,56.11156856446705,intensity_distance_weighted_mps,3.90625,0.000390625,19.393939393939363,62.727272727272734,4,51.50543893485941,16.6,-61.60000000000002,NW
storm,STORM,storm|9502|9_9502_10,9502,9_9502_10,523,rank_501_1000,0.0,56.017611915386226,intensity_distance_weighted_mps,3.90625,0.000390625,19.24812030075185,67.15909090909092,4,66.89603642880584,15.6,-61.60000000000002,SW
storm,STORM,storm|112|0_112_5,112,0_112_5,525,rank_501_1000,0.0,56.015804144363514,intensity_distance_weighted_mps,3.90625,0.000390625,19.10447761194027,57.95454545454546,3,27.90589165226733,16.0,-61.60000000000002,SW
storm,STORM,storm|6642|6_6642_1,6642,6_6642_1,532,rank_501_1000,0.0,55.91422372944617,intensity_distance_weighted_mps,3.90625,0.000390625,18.962962962962937,64.43181818181819,4,58.544835253388314,16.7,-61.39999999999998,NE
storm,STORM,storm|9163|9_9163_2,9163,9_9163_2,537,rank_501_1000,0.0,55.77939686627297,intensity_distance_weighted_mps,3.90625,0.000390625,18.823529411764678,56.02272727272727,3,9.90723678480257,16.2,-61.5,NW
storm,STORM,storm|7474|7_7474_3,7474,7_7474_3,539,rank_501_1000,0.0,55.76387653712777,intensity_distance_weighted_mps,3.90625,0.000390625,18.686131386861287,58.409090909090914,4,32.66970533638878,15.9,-61.30000000000001,SE
storm,STORM,storm|1237|1_1237_5,1237,1_1237_5,543,rank_501_1000,0.0,55.73028512412088,intensity_distance_weighted_mps,3.90625,0.000390625,18.550724637681135,60.227272727272734,4,42.609503309266124,15.8,-61.5,SW
storm,STORM,storm|984|0_984_3,984,0_984_3,544,rank_501_1000,0.0,55.729123465255796,intensity_distance_weighted_mps,3.90625,0.000390625,18.417266187050334,63.863636363636374,4,57.30808930072128,15.7,-61.19999999999999,SE
storm,STORM,storm|5643|5_5643_11,5643,5_5643_11,545,rank_501_1000,0.0,55.707510892933,intensity_distance_weighted_mps,3.90625,0.000390625,18.285714285714263,68.06818181818183,4,70.65703423409055,16.8,-61.30000000000001,NE
storm,STORM,storm|2587|2_2587_2,2587,2_2587_2,546,rank_501_1000,0.0,55.69406103674088,intensity_distance_weighted_mps,3.90625,0.000390625,18.156028368794303,58.52272727272728,4,33.80474537884485,16.4,-61.19999999999999,NE
storm,STORM,storm|6729|6_6729_7,6729,6_6729_7,551,rank_501_1000,0.0,55.53079918246129,intensity_distance_weighted_mps,3.90625,0.000390625,18.028169014084487,63.63636363636364,4,57.30808930072128,15.7,-61.19999999999999,SE
storm,STORM,storm|8654|8_8654_10,8654,8_8654_10,554,rank_501_1000,0.0,55.3788813027452,intensity_distance_weighted_mps,3.90625,0.000390625,17.902097902097882,58.63636363636364,4,36.37979138977118,16.0,-61.69999999999999,SW
storm,STORM,storm|470|0_470_3,470,0_470_3,558,rank_501_1000,0.0,55.335368495859,intensity_distance_weighted_mps,3.90625,0.000390625,17.777777777777757,71.47727272727273,5,81.01533628226211,15.5,-61.69999999999999,SW
storm,STORM,storm|4698|4_4698_8,4698,4_4698_8,562,rank_501_1000,0.0,55.23582317586001,intensity_distance_weighted_mps,3.90625,0.000390625,17.655172413793085,62.84090909090909,4,55.65868046882474,16.0,-61.89999999999998,SW
storm,STORM,storm|8908|8_8908_11,8908,8_8908_11,563,rank_501_1000,0.0,55.22455895141583,intensity_distance_weighted_mps,3.90625,0.000390625,17.534246575342447,56.70454545454546,3,24.555795528057462,16.3,-61.60000000000002,NW
storm,STORM,storm|7131|7_7131_4,7131,7_7131_4,564,rank_501_1000,0.0,55.219938623450666,intensity_distance_weighted_mps,3.90625,0.000390625,17.414965986394538,57.38636363636364,3,29.710853636194447,16.0,-61.19999999999999,SE
storm,STORM,storm|932|0_932_5,932,0_932_5,567,rank_501_1000,0.0,55.18415565825873,intensity_distance_weighted_mps,3.90625,0.000390625,17.29729729729728,55.56818181818182,3,12.513086963196397,16.1,-61.5,SW
storm,STORM,storm|9439|9_9439_2,9439,9_9439_2,573,rank_501_1000,0.0,55.069767382130955,intensity_distance_weighted_mps,3.90625,0.000390625,17.181208053691257,66.02272727272728,4,66.89603642880584,15.6,-61.60000000000002,SW
storm,STORM,storm|5822|5_5822_8,5822,5_5822_8,588,rank_501_1000,0.0,54.8136823311411,intensity_distance_weighted_mps,3.90625,0.000390625,17.066666666666652,67.04545454545455,4,70.85841967285074,15.6,-61.69999999999999,SW
storm,STORM,storm|9469|9_9469_6,9469,9_9469_6,595,rank_501_1000,0.0,54.71390869533341,intensity_distance_weighted_mps,3.90625,0.000390625,16.953642384105944,70.79545454545455,5,81.32166932743593,16.9,-61.5,NW
storm,STORM,storm|2447|2_2447_16,2447,2_2447_16,596,rank_501_1000,0.0,54.6912152995771,intensity_distance_weighted_mps,3.90625,0.000390625,16.84210526315788,57.159090909090914,3,31.86354595969182,15.9,-61.5,SW
storm,STORM,storm|9165|9_9165_4,9165,9_9165_4,598,rank_501_1000,0.0,54.59212474725031,intensity_distance_weighted_mps,3.90625,0.000390625,16.732026143790836,61.02272727272728,4,51.48160684479339,15.9,-61.80000000000001,SW
storm,STORM,storm|2365|2_2365_2,2365,2_2365_2,609,rank_501_1000,0.0,54.45577966930549,intensity_distance_weighted_mps,3.90625,0.000390625,16.62337662337661,58.63636363636364,4,41.56116800704096,15.8,-61.39999999999998,SE
storm,STORM,storm|1312|1_1312_17,1312,1_1312_17,619,rank_501_1000,0.0,54.20178322254985,intensity_distance_weighted_mps,3.90625,0.000390625,16.51612903225805,55.3409090909091,3,21.745546605949606,16.1,-61.60000000000002,SW
storm,STORM,storm|2821|2_2821_4,2821,2_2821_4,620,rank_501_1000,0.0,54.11630371436001,intensity_distance_weighted_mps,3.90625,0.000390625,16.410256410256398,59.659090909090914,4,48.005533311412755,16.0,-61.0,SE
storm,STORM,storm|138|0_138_4,138,0_138_4,627,rank_501_1000,0.0,53.93228713484588,intensity_distance_weighted_mps,3.90625,0.000390625,16.305732484076422,59.659090909090914,4,48.87907642712006,16.6,-61.30000000000001,NE
storm,STORM,storm|8271|8_8271_3,8271,8_8271_3,631,rank_501_1000,0.0,53.86554208229212,intensity_distance_weighted_mps,3.90625,0.000390625,16.202531645569607,73.86363636363637,5,91.39660155241661,15.4,-61.69999999999999,SW
storm,STORM,storm|9806|9_9806_2,9806,9_9806_2,634,rank_501_1000,0.0,53.83779781730468,intensity_distance_weighted_mps,3.90625,0.000390625,16.1006289308176,55.56818181818182,3,26.89173735432589,16.4,-61.5,NW
storm,STORM,storm|1675|1_1675_9,1675,1_1675_9,636,rank_501_1000,0.0,53.82148513510925,intensity_distance_weighted_mps,3.90625,0.000390625,15.99999999999999,55.3409090909091,3,25.20303862703192,16.4,-61.39999999999998,NE
storm,STORM,storm|3336|3_3336_6,3336,3_3336_6,637,rank_501_1000,0.0,53.81606114946209,intensity_distance_weighted_mps,3.90625,0.000390625,15.90062111801241,56.93181818181819,3,36.092510952515966,16.3,-61.10000000000002,NE
storm,STORM,storm|8130|8_8130_0,8130,8_8130_0,641,rank_501_1000,0.0,53.72139572607032,intensity_distance_weighted_mps,3.90625,0.000390625,15.802469135802456,60.68181818181819,4,53.99274592255906,15.7,-61.30000000000001,SE
storm,STORM,storm|4360|4_4360_5,4360,4_4360_5,642,rank_501_1000,0.0,53.70864386173861,intensity_distance_weighted_mps,3.90625,0.000390625,15.705521472392624,56.81818181818182,3,36.092510952515966,16.3,-61.10000000000002,NE
storm,STORM,storm|3683|3_3683_4,3683,3_3683_4,643,rank_501_1000,0.0,53.70206728491451,intensity_distance_weighted_mps,3.90625,0.000390625,15.60975609756096,58.18181818181819,4,43.32341565106727,15.9,-61.69999999999999,SW
storm,STORM,storm|1677|1_1677_7,1677,1_1677_7,649,rank_501_1000,0.0,53.620793861414754,intensity_distance_weighted_mps,3.90625,0.000390625,15.515151515151498,60.56818181818182,4,53.99274592255906,15.7,-61.30000000000001,SE
storm,STORM,storm|9672|9_9672_8,9672,9_9672_8,653,rank_501_1000,0.0,53.55348962756259,intensity_distance_weighted_mps,3.90625,0.000390625,15.421686746987934,63.863636363636374,4,65.81574391828602,16.1,-60.80000000000001,SE
storm,STORM,storm|7359|7_7359_8,7359,7_7359_8,656,rank_501_1000,0.0,53.49457380933675,intensity_distance_weighted_mps,3.90625,0.000390625,15.32934131736525,69.6590909090909,4,82.45514516753867,15.6,-61.89999999999998,SW
storm,STORM,storm|5022|5_5022_6,5022,5_5022_6,657,rank_501_1000,0.0,53.48681355610651,intensity_distance_weighted_mps,3.90625,0.000390625,15.238095238095218,63.409090909090914,4,64.60610775046256,16.6,-61.0,NE
storm,STORM,storm|456|0_456_0,456,0_456_0,658,rank_501_1000,0.0,53.42270214953578,intensity_distance_weighted_mps,3.90625,0.000390625,15.14792899408282,54.54545454545455,3,21.745546605949606,16.1,-61.60000000000002,SW
storm,STORM,storm|554|0_554_8,554,0_554_8,659,rank_501_1000,0.0,53.41975340478612,intensity_distance_weighted_mps,3.90625,0.000390625,15.058823529411743,83.63636363636364,5,112.81405008125577,15.5,-62.19999999999999,SW
storm,STORM,storm|4333|4_4333_2,4333,4_4333_2,661,rank_501_1000,0.0,53.400137003071215,intensity_distance_weighted_mps,3.90625,0.000390625,14.970760233918107,54.20454545454546,3,18.410194885213727,16.3,-61.30000000000001,NE
storm,STORM,storm|256|0_256_1,256,0_256_1,667,rank_501_1000,0.0,53.32338371706593,intensity_distance_weighted_mps,3.90625,0.000390625,14.883720930232535,75.56818181818183,5,96.88279134269428,16.0,-62.30000000000001,SW
storm,STORM,storm|8007|8_8007_0,8007,8_8007_0,668,rank_501_1000,0.0,53.30341653883151,intensity_distance_weighted_mps,3.90625,0.000390625,14.797687861271651,81.02272727272728,5,108.16953164319088,16.6,-60.5,NE
storm,STORM,storm|8601|8_8601_3,8601,8_8601_3,673,rank_501_1000,0.0,53.23668797065062,intensity_distance_weighted_mps,3.90625,0.000390625,14.712643678160894,60.0,4,53.46449349747605,15.9,-61.0,SE
storm,STORM,storm|1038|1_1038_7,1038,1_1038_7,674,rank_501_1000,0.0,53.177633034085275,intensity_distance_weighted_mps,3.90625,0.000390625,14.628571428571401,57.613636363636374,3,43.32341565106727,15.9,-61.69999999999999,SW
storm,STORM,storm|3720|3_3720_2,3720,3_3720_2,675,rank_501_1000,0.0,53.14594662088219,intensity_distance_weighted_mps,3.90625,0.000390625,14.545454545454518,56.59090909090909,3,38.189892251175955,16.5,-61.30000000000001,NE
storm,STORM,storm|9947|9_9947_5,9947,9_9947_5,677,rank_501_1000,0.0,53.13630892715178,intensity_distance_weighted_mps,3.90625,0.000390625,14.463276836158164,60.3409090909091,4,55.23323865764092,16.1,-60.89999999999998,SE
storm,STORM,storm|7565|7_7565_1,7565,7_7565_1,680,rank_501_1000,0.0,53.1193476770129,intensity_distance_weighted_mps,3.90625,0.000390625,14.382022471910084,62.727272727272734,4,63.79397968727137,15.6,-61.39999999999998,SE
storm,STORM,storm|9305|9_9305_6,9305,9_9305_6,682,rank_501_1000,0.0,53.11164712435227,intensity_distance_weighted_mps,3.90625,0.000390625,14.301675977653602,61.02272727272728,4,57.8914285069782,16.6,-61.10000000000002,NE
storm,STORM,storm|7291|7_7291_8,7291,7_7291_8,685,rank_501_1000,0.0,53.072738254067076,intensity_distance_weighted_mps,3.90625,0.000390625,14.222222222222191,69.6590909090909,4,83.85538531905648,16.9,-61.19999999999999,NE
storm,STORM,storm|8237|8_8237_1,8237,8_8237_1,689,rank_501_1000,0.0,53.05406198062019,intensity_distance_weighted_mps,3.90625,0.000390625,14.143646408839748,58.06818181818183,4,46.11362818724813,16.3,-61.0,NE
storm,STORM,storm|9554|9_9554_3,9554,9_9554_3,693,rank_501_1000,0.0,53.0294467166161,intensity_distance_weighted_mps,3.90625,0.000390625,14.065934065934034,68.40909090909092,4,80.7803731887594,16.9,-61.39999999999998,NE
storm,STORM,storm|5467|5_5467_9,5467,5_5467_9,698,rank_501_1000,0.0,52.950827045468046,intensity_distance_weighted_mps,3.90625,0.000390625,13.989071038251334,53.18181818181818,3,9.90723678480257,16.2,-61.5,NW
storm,STORM,storm|2060|2_2060_9,2060,2_2060_9,703,rank_501_1000,0.0,52.882322032944245,intensity_distance_weighted_mps,3.90625,0.000390625,13.913043478260835,55.56818181818182,3,33.80474537884485,16.4,-61.19999999999999,NE
storm,STORM,storm|679|0_679_9,679,0_679_9,705,rank_501_1000,0.0,52.83894595774728,intensity_distance_weighted_mps,3.90625,0.000390625,13.837837837837803,54.659090909090914,3,27.839868137921705,16.4,-61.30000000000001,NE
storm,STORM,storm|5853|5_5853_1,5853,5_5853_1,725,rank_501_1000,0.0,52.65509708194097,intensity_distance_weighted_mps,3.90625,0.000390625,13.763440860215018,60.3409090909091,4,57.30808930072128,15.7,-61.19999999999999,SE
storm,STORM,storm|5259|5_5259_5,5259,5_5259_5,729,rank_501_1000,0.0,52.55969868999721,intensity_distance_weighted_mps,3.90625,0.000390625,13.689839572192477,62.27272727272727,4,64.48254338211376,15.6,-61.5,SW
storm,STORM,storm|6783|6_6783_1,6783,6_6783_1,733,rank_501_1000,0.0,52.431431260933216,intensity_distance_weighted_mps,3.90625,0.000390625,13.617021276595707,61.477272727272734,4,62.304567925810225,15.7,-61.10000000000002,SE
storm,STORM,storm|2761|2_2761_4,2761,2_2761_4,739,rank_501_1000,0.0,52.36287980660951,intensity_distance_weighted_mps,3.90625,0.000390625,13.544973544973507,52.727272727272734,3,12.513086963196397,16.1,-61.5,SW
storm,STORM,storm|7036|7_7036_0,7036,7_7036_0,740,rank_501_1000,0.0,52.3623113086044,intensity_distance_weighted_mps,3.90625,0.000390625,13.473684210526278,62.727272727272734,4,66.7368493607135,15.8,-61.89999999999998,SW
storm,STORM,storm|8017|8_8017_0,8017,8_8017_0,742,rank_501_1000,0.0,52.333527182526765,intensity_distance_weighted_mps,3.90625,0.000390625,13.403141361256505,70.11363636363637,5,87.4316083659523,16.6,-62.10000000000002,NW
storm,STORM,storm|6532|6_6532_11,6532,6_6532_11,748,rank_501_1000,0.0,52.256861759342954,intensity_distance_weighted_mps,3.90625,0.000390625,13.333333333333295,69.77272727272728,4,86.8431159355508,15.4,-61.30000000000001,SE
storm,STORM,storm|2902|2_2902_7,2902,2_2902_7,751,rank_501_1000,0.0,52.20656997160734,intensity_distance_weighted_mps,3.90625,0.000390625,13.264248704663173,56.70454545454546,3,44.02883768998613,16.2,-61.0,NE
storm,STORM,storm|6570|6_6570_3,6570,6_6570_3,753,rank_501_1000,0.0,52.171582291318956,intensity_distance_weighted_mps,3.90625,0.000390625,13.195876288659754,53.977272727272734,3,27.90589165226733,16.0,-61.60000000000002,SW
storm,STORM,storm|6225|6_6225_13,6225,6_6225_13,755,rank_501_1000,0.0,52.14068395264708,intensity_distance_weighted_mps,3.90625,0.000390625,13.128205128205087,61.13636363636364,4,62.304567925810225,15.7,-61.10000000000002,SE
storm,STORM,storm|7121|7_7121_7,7121,7_7121_7,760,rank_501_1000,0.0,52.06409043312969,intensity_distance_weighted_mps,3.90625,0.000390625,13.061224489795878,59.09090909090909,4,55.1063300659959,16.5,-61.80000000000001,NW
storm,STORM,storm|2925|2_2925_0,2925,2_2925_0,763,rank_501_1000,0.0,52.02432670441161,intensity_distance_weighted_mps,3.90625,0.000390625,12.99492385786798,52.38636363636364,3,12.513086963196397,16.1,-61.5,SW
storm,STORM,storm|8003|8_8003_6,8003,8_8003_6,766,rank_501_1000,0.0,51.955032317065154,intensity_distance_weighted_mps,3.90625,0.000390625,12.929292929292886,55.0,3,36.31355717378208,16.5,-61.39999999999998,NE
storm,STORM,storm|5953|5_5953_0,5953,5_5953_0,774,rank_501_1000,0.0,51.8528558686909,intensity_distance_weighted_mps,3.90625,0.000390625,12.864321608040159,61.93181818181819,4,66.13217850501194,16.7,-61.69999999999999,NW
storm,STORM,storm|3506|3_3506_2,3506,3_3506_2,778,rank_501_1000,0.0,51.81642614318116,intensity_distance_weighted_mps,3.90625,0.000390625,12.799999999999956,66.93181818181819,4,81.01533628226211,15.5,-61.69999999999999,SW
storm,STORM,storm|5136|5_5136_6,5136,5_5136_6,779,rank_501_1000,0.0,51.80822953914479,intensity_distance_weighted_mps,3.90625,0.000390625,12.736318407960155,78.75,5,108.16953164319088,16.6,-60.5,NE
storm,STORM,storm|5091|5_5091_2,5091,5_5091_2,780,rank_501_1000,0.0,51.79495157071702,intensity_distance_weighted_mps,3.90625,0.000390625,12.67326732673263,51.81818181818183,3,3.1766872614766473,16.2,-61.39999999999998,NE
storm,STORM,storm|2212|2_2212_7,2212,2_2212_7,781,rank_501_1000,0.0,51.77701405465004,intensity_distance_weighted_mps,3.90625,0.000390625,12.610837438423601,65.11363636363636,4,76.1282215894888,15.6,-61.80000000000001,SW
storm,STORM,storm|1001|1_1001_0,1001,1_1001_0,784,rank_501_1000,0.0,51.70935843295907,intensity_distance_weighted_mps,3.90625,0.000390625,12.549019607843093,58.409090909090914,4,53.99274592255906,15.7,-61.30000000000001,SE
storm,STORM,storm|5860|5_5860_5,5860,5_5860_5,790,rank_501_1000,0.0,51.64129210339542,intensity_distance_weighted_mps,3.90625,0.000390625,12.487804878048735,52.50000000000001,3,19.342626122509245,16.0,-61.39999999999998,SE
storm,STORM,storm|6966|6_6966_2,6966,6_6966_2,793,rank_501_1000,0.0,51.605808702273116,intensity_distance_weighted_mps,3.90625,0.000390625,12.427184466019371,57.159090909090914,3,49.20586117283322,16.5,-61.10000000000002,NE
storm,STORM,storm|3847|3_3847_7,3847,3_3847_7,796,rank_501_1000,0.0,51.51161782484135,intensity_distance_weighted_mps,3.90625,0.000390625,12.36714975845406,55.45454545454545,3,41.49999716276632,16.5,-61.60000000000002,NW
storm,STORM,storm|7835|7_7835_2,7835,7_7835_2,801,rank_501_1000,0.0,51.42836478806056,intensity_distance_weighted_mps,3.90625,0.000390625,12.30769230769226,68.97727272727273,4,87.62236057304143,16.7,-60.80000000000001,NE
storm,STORM,storm|3190|3_3190_3,3190,3_3190_3,803,rank_501_1000,0.0,51.41416841806379,intensity_distance_weighted_mps,3.90625,0.000390625,12.24880382775115,55.68181818181819,3,43.21596712462521,15.8,-61.30000000000001,SE
storm,STORM,storm|6921|6_6921_3,6921,6_6921_3,804,rank_501_1000,0.0,51.40244487933713,intensity_distance_weighted_mps,3.90625,0.000390625,12.190476190476144,81.36363636363636,5,114.51935970237764,17.2,-61.5,NW
storm,STORM,storm|2983|2_2983_8,2983,2_2983_8,807,rank_501_1000,0.0,51.36432501457139,intensity_distance_weighted_mps,3.90625,0.000390625,12.1327014218009,61.81818181818182,4,67.67039940707922,15.6,-61.19999999999999,SE
storm,STORM,storm|4931|4_4931_4,4931,4_4931_4,810,rank_501_1000,0.0,51.33896275113856,intensity_distance_weighted_mps,3.90625,0.000390625,12.075471698113159,57.38636363636364,3,51.48160684479339,15.9,-61.80000000000001,SW
storm,STORM,storm|6545|6_6545_5,6545,6_6545_5,811,rank_501_1000,0.0,51.33896275113856,intensity_distance_weighted_mps,3.90625,0.000390625,12.018779342722956,57.38636363636364,3,51.48160684479339,15.9,-61.80000000000001,SW
storm,STORM,storm|4720|4_4720_9,4720,4_4720_9,819,rank_501_1000,0.0,51.207803492436334,intensity_distance_weighted_mps,3.90625,0.000390625,11.962616822429858,51.363636363636374,3,8.274708844222385,16.1,-61.39999999999998,SE
storm,STORM,storm|3148|3_3148_5,3148,3_3148_5,820,rank_501_1000,0.0,51.18179264855843,intensity_distance_weighted_mps,3.90625,0.000390625,11.906976744185997,57.27272727272727,3,51.745844798255305,15.8,-61.69999999999999,SW
storm,STORM,storm|477|0_477_4,477,0_477_4,822,rank_501_1000,0.0,51.140542360152914,intensity_distance_weighted_mps,3.90625,0.000390625,11.851851851851801,51.363636363636374,3,9.90723678480257,16.2,-61.5,NW
storm,STORM,storm|7542|7_7542_3,7542,7_7542_3,833,rank_501_1000,0.0,51.03964385339446,intensity_distance_weighted_mps,3.90625,0.000390625,11.797235023041425,64.6590909090909,4,77.48491826989105,15.6,-61.0,SE
storm,STORM,storm|2126|2_2126_8,2126,2_2126_8,836,rank_501_1000,0.0,50.9888925431752,intensity_distance_weighted_mps,3.90625,0.000390625,11.743119266054995,59.43181818181819,4,61.03795173642381,15.7,-61.69999999999999,SW
storm,STORM,storm|8667|8_8667_0,8667,8_8667_0,837,rank_501_1000,0.0,50.98856854551531,intensity_distance_weighted_mps,3.90625,0.000390625,11.689497716894927,60.795454545454554,4,65.78402050515034,16.0,-62.0,SW
storm,STORM,storm|7982|7_7982_1,7982,7_7982_1,840,rank_501_1000,0.0,50.93231750162459,intensity_distance_weighted_mps,3.90625,0.000390625,11.636363636363585,56.93181818181819,3,51.48160684479339,15.9,-61.80000000000001,SW
storm,STORM,storm|7455|7_7455_6,7455,7_7455_6,843,rank_501_1000,0.0,50.76274968286527,intensity_distance_weighted_mps,3.90625,0.000390625,11.583710407239767,51.93181818181819,3,22.763480668387448,16.2,-61.19999999999999,NE
storm,STORM,storm|4914|4_4914_4,4914,4_4914_4,844,rank_501_1000,0.0,50.76207368398438,intensity_distance_weighted_mps,3.90625,0.000390625,11.53153153153148,54.659090909090914,3,41.56116800704096,15.8,-61.39999999999998,SE
storm,STORM,storm|9263|9_9263_12,9263,9_9263_12,846,rank_501_1000,0.0,50.74529439780998,intensity_distance_weighted_mps,3.90625,0.000390625,11.479820627802638,72.27272727272728,5,97.69885922102058,17.0,-61.10000000000002,NE
storm,STORM,storm|2605|2_2605_0,2605,2_2605_0,847,rank_501_1000,0.0,50.73794222493987,intensity_distance_weighted_mps,3.90625,0.000390625,11.428571428571377,58.29545454545455,4,57.8914285069782,16.6,-61.10000000000002,NE
storm,STORM,storm|2601|2_2601_9,2601,2_2601_9,856,rank_501_1000,0.0,50.57347973537611,intensity_distance_weighted_mps,3.90625,0.000390625,11.377777777777725,54.88636363636364,3,43.80399538491389,16.3,-61.80000000000001,NW
storm,STORM,storm|8926|8_8926_5,8926,8_8926_5,860,rank_501_1000,0.0,50.521118714550305,intensity_distance_weighted_mps,3.90625,0.000390625,11.327433628318532,59.659090909090914,4,63.79397968727137,15.6,-61.39999999999998,SE
storm,STORM,storm|6692|6_6692_3,6692,6_6692_3,871,rank_501_1000,0.0,50.326736713398965,intensity_distance_weighted_mps,3.90625,0.000390625,11.277533039647524,59.31818181818183,4,63.40253496629383,16.1,-62.0,SW
storm,STORM,storm|5884|5_5884_1,5884,5_5884_1,872,rank_501_1000,0.0,50.308279613524356,intensity_distance_weighted_mps,3.90625,0.000390625,11.228070175438544,62.27272727272727,4,73.15059333341671,16.7,-61.0,NE
storm,STORM,storm|3156|3_3156_11,3156,3_3156_11,880,rank_501_1000,0.0,50.15782110806151,intensity_distance_weighted_mps,3.90625,0.000390625,11.17903930130999,53.409090909090914,3,38.189892251175955,16.5,-61.30000000000001,NE
storm,STORM,storm|3496|3_3496_6,3496,3_3496_6,886,rank_501_1000,0.0,50.09116699275579,intensity_distance_weighted_mps,3.90625,0.000390625,11.130434782608642,65.22727272727273,4,82.45514516753867,15.6,-61.89999999999998,SW
storm,STORM,storm|3790|3_3790_7,3790,3_3790_7,887,rank_501_1000,0.0,50.06472971376846,intensity_distance_weighted_mps,3.90625,0.000390625,11.082251082251029,56.02272727272727,3,51.745844798255305,15.8,-61.69999999999999,SW
storm,STORM,storm|7016|7_7016_2,7016,7_7016_2,888,rank_501_1000,0.0,50.064054686765424,intensity_distance_weighted_mps,3.90625,0.000390625,11.034482758620635,59.43181818181819,4,64.8852836935117,15.6,-61.30000000000001,SE
storm,STORM,storm|7645|7_7645_3,7645,7_7645_3,890,rank_501_1000,0.0,50.0292992560778,intensity_distance_weighted_mps,3.90625,0.000390625,10.98712446351926,63.409090909090914,4,77.57177417474774,15.5,-61.60000000000002,SW
storm,STORM,storm|5254|5_5254_4,5254,5_5254_4,898,rank_501_1000,0.0,49.92118292647569,intensity_distance_weighted_mps,3.90625,0.000390625,10.940170940170885,54.43181818181819,3,45.08869650168093,15.9,-61.10000000000002,SE
storm,STORM,storm|5682|5_5682_0,5682,5_5682_0,906,rank_501_1000,0.0,49.87081645525445,intensity_distance_weighted_mps,3.90625,0.000390625,10.893617021276542,66.13636363636364,4,85.66479082844691,15.5,-61.80000000000001,SW
storm,STORM,storm|4468|4_4468_3,4468,4_4468_3,907,rank_501_1000,0.0,49.866768726789665,intensity_distance_weighted_mps,3.90625,0.000390625,10.84745762711859,62.50000000000001,4,75.49929018639075,15.5,-61.5,SW
storm,STORM,storm|1077|1_1077_9,1077,1_1077_9,915,rank_501_1000,0.0,49.71984211146246,intensity_distance_weighted_mps,3.90625,0.000390625,10.801687763713025,54.43181818181819,3,46.17723522024824,15.8,-61.60000000000002,SW
storm,STORM,storm|2085|2_2085_2,2085,2_2085_2,919,rank_501_1000,0.0,49.67082826847258,intensity_distance_weighted_mps,3.90625,0.000390625,10.75630252100835,69.43181818181819,4,94.61171313043853,17.0,-61.19999999999999,NE
storm,STORM,storm|6900|6_6900_6,6900,6_6900_6,923,rank_501_1000,0.0,49.62186206501858,intensity_distance_weighted_mps,3.90625,0.000390625,10.711297071129652,51.02272727272727,3,25.20303862703192,16.4,-61.39999999999998,NE
storm,STORM,storm|2320|2_2320_3,2320,2_2320_3,928,rank_501_1000,0.0,49.58659849124911,intensity_distance_weighted_mps,3.90625,0.000390625,10.666666666666611,56.59090909090909,3,56.375680633936604,16.3,-60.89999999999998,NE
storm,STORM,storm|9979|9_9979_6,9979,9_9979_6,930,rank_501_1000,0.0,49.55654326050215,intensity_distance_weighted_mps,3.90625,0.000390625,10.622406639004094,49.77272727272727,3,9.90723678480257,16.2,-61.5,NW
storm,STORM,storm|1048|1_1048_8,1048,1_1048_8,931,rank_501_1000,0.0,49.55247694162715,intensity_distance_weighted_mps,3.90625,0.000390625,10.57851239669416,56.59090909090909,3,56.53228492828279,16.6,-61.69999999999999,NW
storm,STORM,storm|3424|3_3424_7,3424,3_3424_7,934,rank_501_1000,0.0,49.52580549992143,intensity_distance_weighted_mps,3.90625,0.000390625,10.534979423868258,50.795454545454554,3,24.01692105080739,16.1,-61.19999999999999,SE
storm,STORM,storm|1873|1_1873_5,1873,1_1873_5,937,rank_501_1000,0.0,49.41780665784324,intensity_distance_weighted_mps,3.90625,0.000390625,10.491803278688469,63.75000000000001,4,80.7803731887594,16.9,-61.39999999999998,NE
storm,STORM,storm|7102|7_7102_4,7102,7_7102_4,948,rank_501_1000,0.0,49.24278630325314,intensity_distance_weighted_mps,3.90625,0.000390625,10.448979591836679,56.02272727272727,3,55.65868046882474,16.0,-61.89999999999998,SW
storm,STORM,storm|2170|2_2170_1,2170,2_2170_1,956,rank_501_1000,0.0,49.09825185216383,intensity_distance_weighted_mps,3.90625,0.000390625,10.406504065040593,59.09090909090909,4,67.67039940707922,15.6,-61.19999999999999,SE
storm,STORM,storm|2658|2_2658_2,2658,2_2658_2,957,rank_501_1000,0.0,49.09019981869642,intensity_distance_weighted_mps,3.90625,0.000390625,10.36437246963557,49.43181818181819,3,12.513086963196397,16.1,-61.5,SW
storm,STORM,storm|8771|8_8771_4,8771,8_8771_4,961,rank_501_1000,0.0,49.03001080113421,intensity_distance_weighted_mps,3.90625,0.000390625,10.322580645161233,52.159090909090914,3,37.89383898774167,15.9,-61.19999999999999,SE
storm,STORM,storm|1173|1_1173_8,1173,1_1173_8,973,rank_501_1000,0.0,48.89592343432189,intensity_distance_weighted_mps,3.90625,0.000390625,10.281124497991911,52.95454545454546,3,43.21596712462521,15.8,-61.30000000000001,SE
storm,STORM,storm|4489|4_4489_8,4489,4_4489_8,979,rank_501_1000,0.0,48.83942473429737,intensity_distance_weighted_mps,3.90625,0.000390625,10.239999999999943,60.45454545454546,4,73.15059333341671,16.7,-61.0,NE
storm,STORM,storm|5748|5_5748_5,5748,5_5748_5,980,rank_501_1000,0.0,48.83571559101791,intensity_distance_weighted_mps,3.90625,0.000390625,10.199203187250939,54.0909090909091,3,49.20586117283322,16.5,-61.10000000000002,NE
storm,STORM,storm|840|0_840_5,840,0_840_5,982,rank_501_1000,0.0,48.76670007862235,intensity_distance_weighted_mps,3.90625,0.000390625,10.158730158730101,50.45454545454546,3,27.90589165226733,16.0,-61.60000000000002,SW
storm,STORM,storm|7319|7_7319_0,7319,7_7319_0,983,rank_501_1000,0.0,48.76064660621393,intensity_distance_weighted_mps,3.90625,0.000390625,10.118577075098758,58.06818181818183,4,65.53508619388666,16.5,-60.89999999999998,NE
storm,STORM,storm|3004|3_3004_7,3004,3_3004_7,987,rank_501_1000,0.0,48.73244692470266,intensity_distance_weighted_mps,3.90625,0.000390625,10.078740157480258,59.54545454545455,4,70.65703423409055,16.8,-61.30000000000001,NE
storm,STORM,storm|5923|5_5923_5,5923,5_5923_5,989,rank_501_1000,0.0,48.71539069196898,intensity_distance_weighted_mps,3.90625,0.000390625,10.039215686274453,56.13636363636364,3,58.544835253388314,16.7,-61.39999999999998,NE
storm,STORM,storm|5512|5_5512_8,5512,5_5512_8,992,rank_501_1000,0.0,48.66232341773051,intensity_distance_weighted_mps,3.90625,0.000390625,9.999999999999943,74.31818181818183,5,108.91510478672372,15.2,-61.30000000000001,SE
storm,STORM,storm|7039|7_7039_8,7039,7_7039_8,1010,rank_1001_2000,0.0,48.496346867394074,intensity_distance_weighted_mps,4.80769231,0.00048076923076923074,9.95215311004779,66.47727272727273,4,91.33616478183365,15.5,-61.89999999999998,SW
storm,STORM,storm|773|0_773_7,773,0_773_7,1011,rank_1001_2000,0.0,48.47343090813722,intensity_distance_weighted_mps,4.80769231,0.00048076923076923074,9.904761904761848,62.613636363636374,4,81.01533628226211,15.5,-61.69999999999999,SW
storm,STORM,storm|6030|6_6030_0,6030,6_6030_0,1012,rank_1001_2000,0.0,48.47308166430588,intensity_distance_weighted_mps,4.80769231,0.00048076923076923074,9.857819905213216,58.06818181818183,4,66.7368493607135,15.8,-61.89999999999998,SW
storm,STORM,storm|3769|3_3769_0,3769,3_3769_0,1019,rank_1001_2000,0.0,48.38040758453894,intensity_distance_weighted_mps,4.80769231,0.00048076923076923074,9.811320754716926,59.88636363636365,4,73.15059333341671,16.7,-61.0,NE
storm,STORM,storm|8290|8_8290_11,8290,8_8290_11,1025,rank_1001_2000,0.0,48.30320207452798,intensity_distance_weighted_mps,4.80769231,0.00048076923076923074,9.765258215962387,67.8409090909091,4,95.39818116022317,16.8,-60.80000000000001,NE
storm,STORM,storm|1286|1_1286_4,1286,1_1286_4,1026,rank_1001_2000,0.0,48.30229312666665,intensity_distance_weighted_mps,4.80769231,0.00048076923076923074,9.719626168224245,48.75,2,14.441232677570758,16.1,-61.30000000000001,SE
storm,STORM,storm|5760|5_5760_3,5760,5_5760_3,1030,rank_1001_2000,0.0,48.27241647169172,intensity_distance_weighted_mps,4.80769231,0.00048076923076923074,9.67441860465111,75.79545454545456,5,113.26348613597693,15.4,-62.10000000000002,SW
storm,STORM,storm|7807|7_7807_6,7807,7_7807_6,1035,rank_1001_2000,0.0,48.22654674957418,intensity_distance_weighted_mps,4.80769231,0.00048076923076923074,9.629629629629578,61.81818181818182,4,79.6313409325917,15.9,-62.10000000000002,SW
storm,STORM,storm|4222|4_4222_6,4222,4_4222_6,1038,rank_1001_2000,0.0,48.19435554500503,intensity_distance_weighted_mps,4.80769231,0.00048076923076923074,9.585253456221146,70.90909090909092,5,102.9786066130403,16.8,-60.69999999999999,NE
storm,STORM,storm|4621|4_4621_7,4621,4_4621_7,1039,rank_1001_2000,0.0,48.188503885454764,intensity_distance_weighted_mps,4.80769231,0.00048076923076923074,9.541284403669675,57.72727272727273,3,66.7368493607135,15.8,-61.89999999999998,SW
storm,STORM,storm|1463|1_1463_9,1463,1_1463_9,1055,rank_1001_2000,0.0,47.981358486148544,intensity_distance_weighted_mps,4.80769231,0.00048076923076923074,9.497716894977119,51.13636363636364,3,38.46405131396937,16.0,-61.10000000000002,SE
storm,STORM,storm|2199|2_2199_10,2199,2_2199_10,1057,rank_1001_2000,0.0,47.9725441608514,intensity_distance_weighted_mps,4.80769231,0.00048076923076923074,9.454545454545405,48.18181818181819,2,9.90723678480257,16.2,-61.5,NW
storm,STORM,storm|1354|1_1354_6,1354,1_1354_6,1058,rank_1001_2000,0.0,47.966606369487955,intensity_distance_weighted_mps,4.80769231,0.00048076923076923074,9.411764705882304,55.90909090909092,3,61.03795173642381,15.7,-61.69999999999999,SW
storm,STORM,storm|7483|7_7483_5,7483,7_7483_5,1061,rank_1001_2000,0.0,47.914588338185496,intensity_distance_weighted_mps,4.80769231,0.00048076923076923074,9.369369369369322,48.63636363636364,2,18.410194885213727,16.3,-61.30000000000001,NE
storm,STORM,storm|1630|1_1630_4,1630,1_1630_4,1065,rank_1001_2000,0.0,47.89265075673177,intensity_distance_weighted_mps,4.80769231,0.00048076923076923074,9.327354260089638,58.409090909090914,4,70.28962055922305,16.8,-61.5,NW
storm,STORM,storm|6982|6_6982_8,6982,6_6982_8,1066,rank_1001_2000,0.0,47.882478130269824,intensity_distance_weighted_mps,4.80769231,0.00048076923076923074,9.285714285714239,53.52272727272728,3,51.48160684479339,15.9,-61.80000000000001,SW
storm,STORM,storm|2046|2_2046_7,2046,2_2046_7,1070,rank_1001_2000,0.0,47.853599719717245,intensity_distance_weighted_mps,4.80769231,0.00048076923076923074,9.244444444444397,49.20454545454545,2,25.20303862703192,16.4,-61.39999999999998,NE
storm,STORM,storm|1703|1_1703_5,1703,1_1703_5,1074,rank_1001_2000,0.0,47.821149497630024,intensity_distance_weighted_mps,4.80769231,0.00048076923076923074,9.203539823008803,68.06818181818183,4,97.60272465644468,15.3,-61.5,SW
storm,STORM,storm|7320|7_7320_8,7320,7_7320_8,1075,rank_1001_2000,0.0,47.818465683865064,intensity_distance_weighted_mps,4.80769231,0.00048076923076923074,9.16299559471361,64.88636363636364,4,89.61556748781072,15.6,-62.0,SW
storm,STORM,storm|2788|2_2788_5,2788,2_2788_5,1076,rank_1001_2000,0.0,47.81242981367646,intensity_distance_weighted_mps,4.80769231,0.00048076923076923074,9.122807017543815,51.93181818181819,3,44.02883768998613,16.2,-61.0,NE
storm,STORM,storm|9040|9_9040_1,9040,9_9040_1,1083,rank_1001_2000,0.0,47.73315729138503,intensity_distance_weighted_mps,4.80769231,0.00048076923076923074,9.082969432314366,65.45454545454547,4,91.39660155241661,15.4,-61.69999999999999,SW
storm,STORM,storm|5397|5_5397_5,5397,5_5397_5,1086,rank_1001_2000,0.0,47.70671877168025,intensity_distance_weighted_mps,4.80769231,0.00048076923076923074,9.043478260869522,65.90909090909092,4,92.65427880608104,17.0,-61.30000000000001,NE
storm,STORM,storm|9488|9_9488_9,9488,9_9488_9,1095,rank_1001_2000,0.0,47.60341423486418,intensity_distance_weighted_mps,4.80769231,0.00048076923076923074,9.00432900432896,61.70454545454545,4,81.63928355226668,16.9,-61.30000000000001,NE
storm,STORM,storm|5951|5_5951_6,5951,5_5951_6,1099,rank_1001_2000,0.0,47.52448906813551,intensity_distance_weighted_mps,4.80769231,0.00048076923076923074,8.965517241379267,56.93181818181819,3,66.7368493607135,15.8,-61.89999999999998,SW
storm,STORM,storm|7482|7_7482_3,7482,7_7482_3,1100,rank_1001_2000,0.0,47.466788447174416,intensity_distance_weighted_mps,4.80769231,0.00048076923076923074,8.9270386266094,48.18181818181819,2,18.410194885213727,16.3,-61.30000000000001,NE
storm,STORM,storm|7177|7_7177_3,7177,7_7177_3,1102,rank_1001_2000,0.0,47.43670077807914,intensity_distance_weighted_mps,4.80769231,0.00048076923076923074,8.888888888888847,64.31818181818183,4,89.48274405764059,16.6,-60.69999999999999,NE
storm,STORM,storm|103|0_103_9,103,0_103_9,1107,rank_1001_2000,0.0,47.38313313187088,intensity_distance_weighted_mps,4.80769231,0.00048076923076923074,8.851063829787194,50.45454545454546,3,38.189892251175955,16.5,-61.30000000000001,NE
storm,STORM,storm|7757|7_7757_1,7757,7_7757_1,1109,rank_1001_2000,0.0,47.36508360350603,intensity_distance_weighted_mps,4.80769231,0.00048076923076923074,8.813559322033857,70.3409090909091,5,104.47146068282125,16.7,-60.60000000000002,NE
storm,STORM,storm|2437|2_2437_0,2437,2_2437_0,1110,rank_1001_2000,0.0,47.33884624749152,intensity_distance_weighted_mps,4.80769231,0.00048076923076923074,8.776371308016838,48.977272727272734,2,27.90589165226733,16.0,-61.60000000000002,SW
storm,STORM,storm|2144|2_2144_5,2144,2_2144_5,1112,rank_1001_2000,0.0,47.30150151687423,intensity_distance_weighted_mps,4.80769231,0.00048076923076923074,8.739495798319288,73.97727272727273,5,112.64509549610653,17.0,-60.80000000000001,NE
storm,STORM,storm|183|0_183_15,183,0_183_15,1113,rank_1001_2000,0.0,47.30101955844963,intensity_distance_weighted_mps,4.80769231,0.00048076923076923074,8.702928870292848,63.75000000000001,4,88.45563411813997,16.8,-60.89999999999998,NE
storm,STORM,storm|285|0_285_13,285,0_285_13,1115,rank_1001_2000,0.0,47.29856247165322,intensity_distance_weighted_mps,4.80769231,0.00048076923076923074,8.666666666666627,57.50000000000001,3,69.6623266658628,16.8,-61.39999999999998,NE
storm,STORM,storm|2986|2_2986_6,2986,2_2986_6,1117,rank_1001_2000,0.0,47.294970126616334,intensity_distance_weighted_mps,4.80769231,0.00048076923076923074,8.630705394190834,59.09090909090909,4,74.91176673256169,15.5,-61.39999999999998,SE
storm,STORM,storm|8715|8_8715_2,8715,8_8715_2,1140,rank_1001_2000,0.0,46.807708814091406,intensity_distance_weighted_mps,4.80769231,0.00048076923076923074,8.595041322314012,52.61363636363637,3,52.82851140911172,16.1,-61.89999999999998,SW
storm,STORM,storm|2240|2_2240_3,2240,2_2240_3,1141,rank_1001_2000,0.0,46.7793007233189,intensity_distance_weighted_mps,4.80769231,0.00048076923076923074,8.559670781892967,73.86363636363637,5,114.13622118639726,17.2,-61.39999999999998,NE
storm,STORM,storm|949|0_949_14,949,0_949_14,1150,rank_1001_2000,0.0,46.65071383456214,intensity_distance_weighted_mps,4.80769231,0.00048076923076923074,8.52459016393439,48.86363636363637,2,32.66970533638878,15.9,-61.30000000000001,SE
storm,STORM,storm|2822|2_2822_4,2822,2_2822_4,1152,rank_1001_2000,0.0,46.63614241545688,intensity_distance_weighted_mps,4.80769231,0.00048076923076923074,8.48979591836731,57.72727272727273,3,73.15059333341671,16.7,-61.0,NE
storm,STORM,storm|702|0_702_6,702,0_702_6,1153,rank_1001_2000,0.0,46.6164546725056,intensity_distance_weighted_mps,4.80769231,0.00048076923076923074,8.455284552845493,51.25000000000001,3,47.29098354937902,15.8,-61.19999999999999,SE
storm,STORM,storm|1933|1_1933_6,1933,1_1933_6,1154,rank_1001_2000,0.0,46.61455720164699,intensity_distance_weighted_mps,4.80769231,0.00048076923076923074,8.421052631578911,52.27272727272728,3,52.25988817155962,16.2,-61.89999999999998,NW
storm,STORM,storm|8463|8_8463_10,8463,8_8463_10,1156,rank_1001_2000,0.0,46.609877853965045,intensity_distance_weighted_mps,4.80769231,0.00048076923076923074,8.387096774193513,69.77272727272728,4,105.74218216985915,15.6,-62.19999999999999,SW
storm,STORM,storm|1014|1_1014_2,1014,1_1014_2,1159,rank_1001_2000,0.0,46.516519864659145,intensity_distance_weighted_mps,4.80769231,0.00048076923076923074,8.35341365461844,66.25,4,97.69885922102058,17.0,-61.10000000000002,NE
storm,STORM,storm|2922|2_2922_6,2922,2_2922_6,1160,rank_1001_2000,0.0,46.500809000730364,intensity_distance_weighted_mps,4.80769231,0.00048076923076923074,8.319999999999965,46.93181818181818,2,14.441232677570758,16.1,-61.30000000000001,SE
storm,STORM,storm|2749|2_2749_8,2749,2_2749_8,1163,rank_1001_2000,0.0,46.47806147086983,intensity_distance_weighted_mps,4.80769231,0.00048076923076923074,8.2868525896414,52.50000000000001,3,53.99274592255906,15.7,-61.30000000000001,SE
storm,STORM,storm|1543|1_1543_1,1543,1_1543_1,1166,rank_1001_2000,0.0,46.38821624285936,intensity_distance_weighted_mps,4.80769231,0.00048076923076923074,8.25396825396822,46.81818181818183,2,14.441232677570758,16.1,-61.30000000000001,SE
storm,STORM,storm|5516|5_5516_1,5516,5_5516_1,1167,rank_1001_2000,0.0,46.37092224577802,intensity_distance_weighted_mps,4.80769231,0.00048076923076923074,8.221343873517753,47.61363636363637,2,24.555795528057462,16.3,-61.60000000000002,NW
storm,STORM,storm|2972|2_2972_9,2972,2_2972_9,1171,rank_1001_2000,0.0,46.31754749635632,intensity_distance_weighted_mps,4.80769231,0.00048076923076923074,8.188976377952722,51.59090909090909,3,50.61302064107246,16.4,-61.0,NE
storm,STORM,storm|8030|8_8030_3,8030,8_8030_3,1174,rank_1001_2000,0.0,46.309223629078815,intensity_distance_weighted_mps,4.80769231,0.00048076923076923074,8.156862745098007,53.977272727272734,3,61.03795173642381,15.7,-61.69999999999999,SW
storm,STORM,storm|4984|4_4984_13,4984,4_4984_13,1177,rank_1001_2000,0.0,46.27189155642165,intensity_distance_weighted_mps,4.80769231,0.00048076923076923074,8.124999999999968,61.36363636363637,4,85.66479082844691,15.5,-61.80000000000001,SW
storm,STORM,storm|8604|8_8604_7,8604,8_8604_7,1182,rank_1001_2000,0.0,46.168342961926506,intensity_distance_weighted_mps,4.80769231,0.00048076923076923074,8.09338521400775,76.81818181818181,5,122.2174485703427,15.4,-60.60000000000002,SE
storm,STORM,storm|3287|3_3287_0,3287,3_3287_0,1189,rank_1001_2000,0.0,46.06117515083811,intensity_distance_weighted_mps,4.80769231,0.00048076923076923074,8.062015503875937,48.409090909090914,2,33.86608604338634,16.3,-61.69999999999999,NW
storm,STORM,storm|4192|4_4192_0,4192,4_4192_0,1192,rank_1001_2000,0.0,46.01693901730204,intensity_distance_weighted_mps,4.80769231,0.00048076923076923074,8.030888030887999,70.90909090909092,5,110.32237862032298,15.3,-61.89999999999998,SW
storm,STORM,storm|6953|6_6953_7,6953,6_6953_7,1193,rank_1001_2000,0.0,45.99517954441365,intensity_distance_weighted_mps,4.80769231,0.00048076923076923074,7.999999999999968,47.95454545454546,2,30.959424117241788,16.2,-61.69999999999999,NW
storm,STORM,storm|9993|9_9993_1,9993,9_9993_1,1194,rank_1001_2000,0.0,45.994678348329586,intensity_distance_weighted_mps,4.80769231,0.00048076923076923074,7.9693486590038,58.29545454545455,4,77.57177417474774,15.5,-61.60000000000002,SW
storm,STORM,storm|6346|6_6346_2,6346,6_6346_2,1198,rank_1001_2000,0.0,45.94369665012357,intensity_distance_weighted_mps,4.80769231,0.00048076923076923074,7.9389312977098925,53.977272727272734,3,62.72385563020781,16.7,-61.19999999999999,NE
storm,STORM,storm|5122|5_5122_0,5122,5_5122_0,1207,rank_1001_2000,0.0,45.7995803263886,intensity_distance_weighted_mps,4.80769231,0.00048076923076923074,7.908745247148258,51.25000000000001,3,51.745844798255305,15.8,-61.69999999999999,SW
storm,STORM,storm|6184|6_6184_1,6184,6_6184_1,1211,rank_1001_2000,0.0,45.74625058481189,intensity_distance_weighted_mps,4.80769231,0.00048076923076923074,7.878787878787848,59.09090909090909,4,81.01533628226211,15.5,-61.69999999999999,SW
storm,STORM,storm|5094|5_5094_5,5094,5_5094_5,1214,rank_1001_2000,0.0,45.71707461101456,intensity_distance_weighted_mps,4.80769231,0.00048076923076923074,7.849056603773555,46.47727272727273,2,19.342626122509245,16.0,-61.39999999999998,SE
storm,STORM,storm|8028|8_8028_11,8028,8_8028_11,1216,rank_1001_2000,0.0,45.70002181159643,intensity_distance_weighted_mps,4.80769231,0.00048076923076923074,7.819548872180421,52.159090909090914,3,56.39206792215229,15.7,-61.60000000000002,SW
storm,STORM,storm|7847|7_7847_10,7847,7_7847_10,1223,rank_1001_2000,0.0,45.57903381805856,intensity_distance_weighted_mps,4.80769231,0.00048076923076923074,7.790262172284614,58.75000000000001,4,80.63387275601202,16.6,-60.80000000000001,NE
storm,STORM,storm|6418|6_6418_6,6418,6_6418_6,1224,rank_1001_2000,0.0,45.568381044155394,intensity_distance_weighted_mps,4.80769231,0.00048076923076923074,7.761194029850717,67.04545454545455,4,102.9786066130403,16.8,-60.69999999999999,NE
storm,STORM,storm|6089|6_6089_11,6089,6_6089_11,1225,rank_1001_2000,0.0,45.53972088486434,intensity_distance_weighted_mps,4.80769231,0.00048076923076923074,7.732342007434915,57.045454545454554,3,75.39685576718156,15.8,-62.0,SW
storm,STORM,storm|1534|1_1534_7,1534,1_1534_7,1227,rank_1001_2000,0.0,45.53088967589712,intensity_distance_weighted_mps,4.80769231,0.00048076923076923074,7.703703703703675,53.977272727272734,3,64.60610775046256,16.6,-61.0,NE
storm,STORM,storm|5320|5_5320_3,5320,5_5320_3,1244,rank_1001_2000,0.0,45.36427704173641,intensity_distance_weighted_mps,4.80769231,0.00048076923076923074,7.675276752767499,68.97727272727273,4,108.22056722894281,17.1,-61.10000000000002,NE
storm,STORM,storm|9802|9_9802_5,9802,9_9802_5,1257,rank_1001_2000,0.0,45.217936477147056,intensity_distance_weighted_mps,4.80769231,0.00048076923076923074,7.647058823529384,51.81818181818183,3,57.30808930072128,15.7,-61.19999999999999,SE
storm,STORM,storm|1147|1_1147_5,1147,1_1147_5,1259,rank_1001_2000,0.0,45.13800302489229,intensity_distance_weighted_mps,4.80769231,0.00048076923076923074,7.619047619047591,55.68181818181819,3,72.49682386692938,16.8,-61.60000000000002,NW
storm,STORM,storm|9449|9_9449_10,9449,9_9449_10,1271,rank_1001_2000,0.0,45.030912997057435,intensity_distance_weighted_mps,4.80769231,0.00048076923076923074,7.591240875912382,57.84090909090909,3,80.00375690457842,16.7,-60.89999999999998,NE
storm,STORM,storm|2227|2_2227_11,2227,2_2227_11,1286,rank_1001_2000,0.0,44.89136456763028,intensity_distance_weighted_mps,4.80769231,0.00048076923076923074,7.563636363636337,51.59090909090909,3,57.94720516044435,16.0,-60.89999999999998,SE
storm,STORM,storm|18|0_18_1,18,0_18_1,1287,rank_1001_2000,0.0,44.886749976129,intensity_distance_weighted_mps,4.80769231,0.00048076923076923074,7.536231884057944,53.18181818181818,3,64.48254338211376,15.6,-61.5,SW
storm,STORM,storm|9814|9_9814_12,9814,9_9814_12,1298,rank_1001_2000,0.0,44.793169191372165,intensity_distance_weighted_mps,4.80769231,0.00048076923076923074,7.509025270758096,62.613636363636374,4,94.61171313043853,17.0,-61.19999999999999,NE
storm,STORM,storm|223|0_223_7,223,0_223_7,1310,rank_1001_2000,0.0,44.59929772565968,intensity_distance_weighted_mps,4.80769231,0.00048076923076923074,7.4820143884891825,45.34090909090909,2,19.342626122509245,16.0,-61.39999999999998,SE
storm,STORM,storm|1637|1_1637_6,1637,1_1637_6,1311,rank_1001_2000,0.0,44.592036859316856,intensity_distance_weighted_mps,4.80769231,0.00048076923076923074,7.455197132616462,56.477272727272734,3,77.4402072062493,15.8,-60.80000000000001,SE
storm,STORM,storm|8316|8_8316_4,8316,8_8316_4,1314,rank_1001_2000,0.0,44.551417092730276,intensity_distance_weighted_mps,4.80769231,0.00048076923076923074,7.428571428571403,56.36363636363637,3,77.23715135376092,16.3,-60.69999999999999,NE
storm,STORM,storm|9948|9_9948_5,9948,9_9948_5,1316,rank_1001_2000,0.0,44.483138585229845,intensity_distance_weighted_mps,4.80769231,0.00048076923076923074,7.4021352313167,46.02272727272727,2,27.90589165226733,16.0,-61.60000000000002,SW
storm,STORM,storm|4860|4_4860_5,4860,4_4860_5,1318,rank_1001_2000,0.0,44.456513910429955,intensity_distance_weighted_mps,4.80769231,0.00048076923076923074,7.37588652482267,50.11363636363637,3,53.50832382813522,15.7,-61.5,SW
storm,STORM,storm|6550|6_6550_7,6550,6_6550_7,1323,rank_1001_2000,0.0,44.400824454615176,intensity_distance_weighted_mps,4.80769231,0.00048076923076923074,7.349823321554745,53.977272727272734,3,69.6623266658628,16.8,-61.39999999999998,NE
storm,STORM,storm|7641|7_7641_3,7641,7_7641_3,1339,rank_1001_2000,0.0,44.10433159830829,intensity_distance_weighted_mps,4.80769231,0.00048076923076923074,7.323943661971806,49.659090909090914,3,53.23328406682556,15.8,-61.10000000000002,SE
storm,STORM,storm|665|0_665_9,665,0_665_9,1345,rank_1001_2000,0.0,44.04439096064459,intensity_distance_weighted_mps,4.80769231,0.00048076923076923074,7.298245614035063,56.81818181818182,3,80.7803731887594,16.9,-61.39999999999998,NE
storm,STORM,storm|4073|4_4073_7,4073,4_4073_7,1347,rank_1001_2000,0.0,43.97962949080891,intensity_distance_weighted_mps,4.80769231,0.00048076923076923074,7.2727272727272485,56.81818181818182,3,81.04449186897072,16.8,-61.80000000000001,NW
storm,STORM,storm|8964|8_8964_2,8964,8_8964_2,1350,rank_1001_2000,0.0,43.96436034116066,intensity_distance_weighted_mps,4.80769231,0.00048076923076923074,7.2473867595818575,47.61363636363637,2,43.21596712462521,15.8,-61.30000000000001,SE
storm,STORM,storm|1469|1_1469_15,1469,1_1469_15,1351,rank_1001_2000,0.0,43.917686947508635,intensity_distance_weighted_mps,4.80769231,0.00048076923076923074,7.222222222222198,49.0909090909091,2,51.48160684479339,15.9,-61.80000000000001,SW
storm,STORM,storm|8434|8_8434_0,8434,8_8434_0,1356,rank_1001_2000,0.0,43.883509306282214,intensity_distance_weighted_mps,4.80769231,0.00048076923076923074,7.197231833910012,62.50000000000001,4,97.69885922102058,17.0,-61.10000000000002,NE
storm,STORM,storm|5909|5_5909_0,5909,5_5909_0,1361,rank_1001_2000,0.0,43.79680410198881,intensity_distance_weighted_mps,4.80769231,0.00048076923076923074,7.172413793103425,46.36363636363637,2,36.31355717378208,16.5,-61.39999999999998,NE
storm,STORM,storm|6430|6_6430_4,6430,6_6430_4,1366,rank_1001_2000,0.0,43.73580766904878,intensity_distance_weighted_mps,4.80769231,0.00048076923076923074,7.147766323024032,51.81818181818183,3,64.48254338211376,15.6,-61.5,SW
storm,STORM,storm|7129|7_7129_3,7129,7_7129_3,1367,rank_1001_2000,0.0,43.73055784973545,intensity_distance_weighted_mps,4.80769231,0.00048076923076923074,7.123287671232855,43.86363636363637,2,8.274708844222385,16.1,-61.39999999999998,SE
storm,STORM,storm|9228|9_9228_4,9228,9_9228_4,1373,rank_1001_2000,0.0,43.637864767000316,intensity_distance_weighted_mps,4.80769231,0.00048076923076923074,7.098976109214995,47.159090909090914,2,42.609503309266124,15.8,-61.5,SW
storm,STORM,storm|8500|8_8500_11,8500,8_8500_11,1375,rank_1001_2000,0.0,43.6040025481544,intensity_distance_weighted_mps,4.80769231,0.00048076923076923074,7.074829931972767,50.68181818181819,3,60.433493967926765,15.9,-61.89999999999998,SW
storm,STORM,storm|7443|7_7443_10,7443,7_7443_10,1376,rank_1001_2000,0.0,43.599894430155935,intensity_distance_weighted_mps,4.80769231,0.00048076923076923074,7.050847457627097,49.88636363636364,3,56.9576334636541,16.5,-61.0,NE
storm,STORM,storm|8287|8_8287_10,8287,8_8287_10,1381,rank_1001_2000,0.0,43.53912180756645,intensity_distance_weighted_mps,4.80769231,0.00048076923076923074,7.027027027027005,58.29545454545455,4,87.32541260273997,16.9,-61.10000000000002,NE
storm,STORM,storm|2980|2_2980_5,2980,2_2980_5,1384,rank_1001_2000,0.0,43.509605801615706,intensity_distance_weighted_mps,4.80769231,0.00048076923076923074,7.003367003366982,67.04545454545455,4,110.32237862032298,15.3,-61.89999999999998,SW
storm,STORM,storm|8846|8_8846_4,8846,8_8846_4,1391,rank_1001_2000,0.0,43.398998030606364,intensity_distance_weighted_mps,4.80769231,0.00048076923076923074,6.979865771812059,59.20454545454546,4,90.52242478565542,15.7,-62.10000000000002,SW
storm,STORM,storm|3811|3_3811_6,3811,3_3811_6,1395,rank_1001_2000,0.0,43.37096449675435,intensity_distance_weighted_mps,4.80769231,0.00048076923076923074,6.956521739130414,56.02272727272727,3,81.01533628226211,15.5,-61.69999999999999,SW
storm,STORM,storm|781|0_781_10,781,0_781_10,1401,rank_1001_2000,0.0,43.31826911849549,intensity_distance_weighted_mps,4.80769231,0.00048076923076923074,6.933333333333312,46.93181818181818,2,43.32341565106727,15.9,-61.69999999999999,SW
storm,STORM,storm|6867|6_6867_6,6867,6_6867_6,1402,rank_1001_2000,0.0,43.30818503310784,intensity_distance_weighted_mps,4.80769231,0.00048076923076923074,6.910299003322239,68.52272727272728,4,114.45422033794496,15.6,-62.30000000000001,SW
storm,STORM,storm|4162|4_4162_1,4162,4_4162_1,1404,rank_1001_2000,0.0,43.27677276608643,intensity_distance_weighted_mps,4.80769231,0.00048076923076923074,6.8874172185430265,51.93181818181819,3,67.08084135222408,15.7,-61.80000000000001,SW
storm,STORM,storm|7894|7_7894_5,7894,7_7894_5,1408,rank_1001_2000,0.0,43.25880180189183,intensity_distance_weighted_mps,4.80769231,0.00048076923076923074,6.864686468646845,48.86363636363637,2,53.99274592255906,15.7,-61.30000000000001,SE
storm,STORM,storm|8795|8_8795_7,8795,8_8795_7,1410,rank_1001_2000,0.0,43.25585837411632,intensity_distance_weighted_mps,4.80769231,0.00048076923076923074,6.842105263157875,50.11363636363637,3,59.7255973981814,16.7,-61.30000000000001,NE
storm,STORM,storm|1389|1_1389_3,1389,1_1389_3,1414,rank_1001_2000,0.0,43.22195976063635,intensity_distance_weighted_mps,4.80769231,0.00048076923076923074,6.819672131147521,63.18181818181819,4,101.93369328004012,15.3,-61.69999999999999,SW
storm,STORM,storm|3253|3_3253_0,3253,3_3253_0,1417,rank_1001_2000,0.0,43.16245964226418,intensity_distance_weighted_mps,4.80769231,0.00048076923076923074,6.797385620915013,43.18181818181819,2,3.1766872614766473,16.2,-61.39999999999998,NE
storm,STORM,storm|541|0_541_0,541,0_541_0,1420,rank_1001_2000,0.0,43.12873875164713,intensity_distance_weighted_mps,4.80769231,0.00048076923076923074,6.775244299674248,58.52272727272728,4,89.61556748781072,15.6,-62.0,SW
storm,STORM,storm|5644|5_5644_1,5644,5_5644_1,1426,rank_1001_2000,0.0,43.061385590977494,intensity_distance_weighted_mps,4.80769231,0.00048076923076923074,6.753246753246734,65.45454545454547,4,108.16953164319088,16.6,-60.5,NE
storm,STORM,storm|476|0_476_4,476,0_476_4,1429,rank_1001_2000,0.0,43.03900671310502,intensity_distance_weighted_mps,4.80769231,0.00048076923076923074,6.731391585760499,56.70454545454546,3,84.52273041422534,15.8,-62.10000000000002,SW
storm,STORM,storm|3767|3_3767_3,3767,3_3767_3,1445,rank_1001_2000,0.0,42.777039162245565,intensity_distance_weighted_mps,4.80769231,0.00048076923076923074,6.70967741935482,73.1818181818182,5,126.46106183307053,17.2,-60.89999999999998,NE
storm,STORM,storm|1218|1_1218_6,1218,1_1218_6,1446,rank_1001_2000,0.0,42.77054191100216,intensity_distance_weighted_mps,4.80769231,0.00048076923076923074,6.688102893890656,43.06818181818182,2,12.513086963196397,16.1,-61.5,SW
storm,STORM,storm|4833|4_4833_10,4833,4_4833_10,1449,rank_1001_2000,0.0,42.73881722389106,intensity_distance_weighted_mps,4.80769231,0.00048076923076923074,6.666666666666648,59.54545454545455,4,94.06334607715756,17.0,-61.60000000000002,NW
storm,STORM,storm|4624|4_4624_4,4624,4_4624_4,1452,rank_1001_2000,0.0,42.71471852421044,intensity_distance_weighted_mps,4.80769231,0.00048076923076923074,6.645367412140557,45.22727272727273,2,36.37979138977118,16.0,-61.69999999999999,SW
storm,STORM,storm|8327|8_8327_5,8327,8_8327_5,1454,rank_1001_2000,0.0,42.67951692462865,intensity_distance_weighted_mps,4.80769231,0.00048076923076923074,6.6242038216560335,59.659090909090914,4,94.61171313043853,17.0,-61.19999999999999,NE
storm,STORM,storm|1628|1_1628_6,1628,1_1628_6,1455,rank_1001_2000,0.0,42.66734329419638,intensity_distance_weighted_mps,4.80769231,0.00048076923076923074,6.603174603174585,49.43181818181819,3,59.7255973981814,16.7,-61.30000000000001,NE
storm,STORM,storm|1014|1_1014_5,1014,1_1014_5,1460,rank_1001_2000,0.0,42.626268008909484,intensity_distance_weighted_mps,4.80769231,0.00048076923076923074,6.582278481012641,57.84090909090909,3,89.61556748781072,15.6,-62.0,SW
storm,STORM,storm|1673|1_1673_2,1673,1_1673_2,1463,rank_1001_2000,0.0,42.58131057804446,intensity_distance_weighted_mps,4.80769231,0.00048076923076923074,6.5615141955835785,46.25000000000001,2,44.02883768998613,16.2,-61.0,NE
storm,STORM,storm|7589|7_7589_5,7589,7_7589_5,1464,rank_1001_2000,0.0,42.57702999570985,intensity_distance_weighted_mps,4.80769231,0.00048076923076923074,6.540880503144637,84.20454545454545,5,148.3179870591602,14.9,-61.0,SE
storm,STORM,storm|4248|4_4248_1,4248,4_4248_1,1478,rank_1001_2000,0.0,42.42640828890863,intensity_distance_weighted_mps,4.80769231,0.00048076923076923074,6.520376175548573,44.09090909090909,2,29.710853636194447,16.0,-61.19999999999999,SE
storm,STORM,storm|6472|6_6472_4,6472,6_6472_4,1492,rank_1001_2000,0.0,42.271568577405425,intensity_distance_weighted_mps,4.80769231,0.00048076923076923074,6.499999999999983,51.70454545454546,3,70.85841967285074,15.6,-61.69999999999999,SW
storm,STORM,storm|7191|7_7191_0,7191,7_7191_0,1503,rank_1001_2000,0.0,42.18060347767682,intensity_distance_weighted_mps,4.80769231,0.00048076923076923074,6.479750778816182,45.68181818181819,2,43.21596712462521,15.8,-61.30000000000001,SE
storm,STORM,storm|768|0_768_8,768,0_768_8,1506,rank_1001_2000,0.0,42.14988442073353,intensity_distance_weighted_mps,4.80769231,0.00048076923076923074,6.45962732919253,54.88636363636364,3,82.45514516753867,15.6,-61.89999999999998,SW
storm,STORM,storm|7868|7_7868_13,7868,7_7868_13,1511,rank_1001_2000,0.0,42.108242561681685,intensity_distance_weighted_mps,4.80769231,0.00048076923076923074,6.43962848297212,48.52272727272728,2,58.544835253388314,16.7,-61.39999999999998,NE
storm,STORM,storm|9001|9_9001_1,9001,9_9001_1,1512,rank_1001_2000,0.0,42.10576362521772,intensity_distance_weighted_mps,4.80769231,0.00048076923076923074,6.419753086419737,43.06818181818182,2,22.677877083396297,16.0,-61.30000000000001,SE
storm,STORM,storm|2984|2_2984_2,2984,2_2984_2,1515,rank_1001_2000,0.0,42.05521979527672,intensity_distance_weighted_mps,4.80769231,0.00048076923076923074,6.399999999999984,60.45454545454546,4,99.2161244263913,15.3,-61.60000000000002,SW
storm,STORM,storm|8665|8_8665_6,8665,8_8665_6,1530,rank_1001_2000,0.0,41.92226433373382,intensity_distance_weighted_mps,4.80769231,0.00048076923076923074,6.380368098159494,62.727272727272734,4,105.67027574681693,15.3,-61.80000000000001,SW
storm,STORM,storm|3495|3_3495_13,3495,3_3495_13,1536,rank_1001_2000,0.0,41.82654940983109,intensity_distance_weighted_mps,4.80769231,0.00048076923076923074,6.3608562691131345,50.11363636363637,3,66.76766495404644,16.3,-60.80000000000001,NE
storm,STORM,storm|513|0_513_14,513,0_513_14,1540,rank_1001_2000,0.0,41.785324924432636,intensity_distance_weighted_mps,4.80769231,0.00048076923076923074,6.341463414634131,44.20454545454546,2,36.092510952515966,16.3,-61.10000000000002,NE
storm,STORM,storm|8216|8_8216_5,8216,8_8216_5,1541,rank_1001_2000,0.0,41.7793554232767,intensity_distance_weighted_mps,4.80769231,0.00048076923076923074,6.322188449848009,62.27272727272727,4,105.05509057978999,15.5,-62.10000000000002,SW
storm,STORM,storm|7415|7_7415_8,7415,7_7415_8,1543,rank_1001_2000,0.0,41.723864923757674,intensity_distance_weighted_mps,4.80769231,0.00048076923076923074,6.303030303030288,50.795454545454554,3,69.94242590213668,16.4,-60.80000000000001,NE
storm,STORM,storm|2711|2_2711_4,2711,2_2711_4,1555,rank_1001_2000,0.0,41.62518875817996,intensity_distance_weighted_mps,4.80769231,0.00048076923076923074,6.28398791540784,42.5,1,21.745546605949606,16.1,-61.60000000000002,SW
storm,STORM,storm|6916|6_6916_5,6916,6_6916_5,1558,rank_1001_2000,0.0,41.56420808441265,intensity_distance_weighted_mps,4.80769231,0.00048076923076923074,6.265060240963841,41.93181818181819,1,14.106693156686516,16.3,-61.39999999999998,NE
storm,STORM,storm|822|0_822_0,822,0_822_0,1564,rank_1001_2000,0.0,41.53758139964461,intensity_distance_weighted_mps,4.80769231,0.00048076923076923074,6.246246246246232,56.36363636363637,3,89.61556748781072,15.6,-62.0,SW
storm,STORM,storm|7780|7_7780_1,7780,7_7780_1,1566,rank_1001_2000,0.0,41.51873289503207,intensity_distance_weighted_mps,4.80769231,0.00048076923076923074,6.227544910179626,64.0909090909091,4,110.60020436641189,15.2,-61.19999999999999,SE
storm,STORM,storm|4925|4_4925_4,4925,4_4925_4,1572,rank_1001_2000,0.0,41.417943503293465,intensity_distance_weighted_mps,4.80769231,0.00048076923076923074,6.208955223880583,47.727272727272734,2,58.544835253388314,16.7,-61.39999999999998,NE
storm,STORM,storm|7730|7_7730_13,7730,7_7730_13,1573,rank_1001_2000,0.0,41.411950527182576,intensity_distance_weighted_mps,4.80769231,0.00048076923076923074,6.1904761904761765,44.77272727272727,2,42.731510770523286,16.5,-61.19999999999999,NE
storm,STORM,storm|9925|9_9925_7,9925,9_9925_7,1575,rank_1001_2000,0.0,41.39227696703294,intensity_distance_weighted_mps,4.80769231,0.00048076923076923074,6.172106824925802,56.93181818181819,3,91.90744578117216,16.9,-61.0,NE
storm,STORM,storm|9130|9_9130_15,9130,9_9130_15,1576,rank_1001_2000,0.0,41.38934954609871,intensity_distance_weighted_mps,4.80769231,0.00048076923076923074,6.15384615384614,58.18181818181819,4,95.54417864202313,15.4,-61.80000000000001,SW
storm,STORM,storm|9347|9_9347_7,9347,9_9347_7,1579,rank_1001_2000,0.0,41.359263965783775,intensity_distance_weighted_mps,4.80769231,0.00048076923076923074,6.135693215339219,44.88636363636364,2,43.80399538491389,16.3,-61.80000000000001,NW
storm,STORM,storm|6891|6_6891_11,6891,6_6891_11,1582,rank_1001_2000,0.0,41.333132321418596,intensity_distance_weighted_mps,4.80769231,0.00048076923076923074,6.117647058823516,42.5,1,25.20303862703192,16.4,-61.39999999999998,NE
storm,STORM,storm|6279|6_6279_1,6279,6_6279_1,1585,rank_1001_2000,0.0,41.31622707449424,intensity_distance_weighted_mps,4.80769231,0.00048076923076923074,6.099706744868022,50.909090909090914,3,72.2778243346889,16.6,-60.89999999999998,NE
storm,STORM,storm|8872|8_8872_0,8872,8_8872_0,1588,rank_1001_2000,0.0,41.268187098929516,intensity_distance_weighted_mps,4.80769231,0.00048076923076923074,6.081871345029226,60.45454545454546,4,102.2774377422296,16.9,-62.0,NW
storm,STORM,storm|1516|1_1516_2,1516,1_1516_2,1592,rank_1001_2000,0.0,41.22052150775418,intensity_distance_weighted_mps,4.80769231,0.00048076923076923074,6.064139941690949,43.63636363636364,2,36.31355717378208,16.5,-61.39999999999998,NE
storm,STORM,storm|2032|2_2032_12,2032,2_2032_12,1593,rank_1001_2000,0.0,41.21993654151331,intensity_distance_weighted_mps,4.80769231,0.00048076923076923074,6.0465116279069635,45.34090909090909,2,47.428289317141335,16.6,-61.39999999999998,NE
storm,STORM,storm|828|0_828_0,828,0_828_0,1597,rank_1001_2000,0.0,41.14630126854256,intensity_distance_weighted_mps,4.80769231,0.00048076923076923074,6.028985507246364,46.25000000000001,2,52.82851140911172,16.1,-61.89999999999998,SW
storm,STORM,storm|2780|2_2780_3,2780,2_2780_3,1602,rank_1001_2000,0.0,41.10042947661092,intensity_distance_weighted_mps,4.80769231,0.00048076923076923074,6.011560693641606,54.88636363636364,3,86.87327198642981,15.5,-61.0,SE
storm,STORM,storm|7687|7_7687_10,7687,7_7687_10,1605,rank_1001_2000,0.0,41.067046760585036,intensity_distance_weighted_mps,4.80769231,0.00048076923076923074,5.99423631123918,41.59090909090909,1,16.9415486769099,16.3,-61.5,NW
storm,STORM,storm|3781|3_3781_4,3781,3_3781_4,1607,rank_1001_2000,0.0,41.01929139827686,intensity_distance_weighted_mps,4.80769231,0.00048076923076923074,5.977011494252861,51.25000000000001,3,74.91176673256169,15.5,-61.39999999999998,SE
storm,STORM,storm|3892|3_3892_1,3892,3_3892_1,1617,rank_1001_2000,0.0,40.946223222317435,intensity_distance_weighted_mps,4.80769231,0.00048076923076923074,5.959885386819472,73.75000000000001,5,134.25988108269576,16.5,-60.19999999999999,NE
storm,STORM,storm|5027|5_5027_0,5027,5_5027_0,1621,rank_1001_2000,0.0,40.906654442983076,intensity_distance_weighted_mps,4.80769231,0.00048076923076923074,5.942857142857131,44.77272727272727,2,46.11362818724813,16.3,-61.0,NE
storm,STORM,storm|5057|5_5057_4,5057,5_5057_4,1627,rank_1001_2000,0.0,40.88249891181112,intensity_distance_weighted_mps,4.80769231,0.00048076923076923074,5.925925925925914,42.727272727272734,2,31.86354595969182,15.9,-61.5,SW
storm,STORM,storm|1687|1_1687_1,1687,1_1687_1,1635,rank_1001_2000,0.0,40.78667121155194,intensity_distance_weighted_mps,4.80769231,0.00048076923076923074,5.909090909090897,55.90909090909092,3,91.33616478183365,15.5,-61.89999999999998,SW
storm,STORM,storm|9558|9_9558_1,9558,9_9558_1,1638,rank_1001_2000,0.0,40.768764714305796,intensity_distance_weighted_mps,4.80769231,0.00048076923076923074,5.892351274787524,47.38636363636365,2,60.433493967926765,15.9,-61.89999999999998,SW
storm,STORM,storm|4242|4_4242_0,4242,4_4242_0,1643,rank_1001_2000,0.0,40.72440721342455,intensity_distance_weighted_mps,4.80769231,0.00048076923076923074,5.875706214689254,54.88636363636364,3,88.45563411813997,16.8,-60.89999999999998,NE
storm,STORM,storm|2854|2_2854_9,2854,2_2854_9,1650,rank_1001_2000,0.0,40.65267414297608,intensity_distance_weighted_mps,4.80769231,0.00048076923076923074,5.859154929577453,63.295454545454554,4,111.94677246024645,17.1,-61.0,NE
storm,STORM,storm|2227|2_2227_6,2227,2_2227_6,1652,rank_1001_2000,0.0,40.636067243796795,intensity_distance_weighted_mps,4.80769231,0.00048076923076923074,5.842696629213472,61.25000000000001,4,106.83556507077509,17.0,-60.89999999999998,NE
storm,STORM,storm|7972|7_7972_0,7972,7_7972_0,1655,rank_1001_2000,0.0,40.55839303161992,intensity_distance_weighted_mps,4.80769231,0.00048076923076923074,5.826330532212874,40.68181818181818,1,8.274708844222385,16.1,-61.39999999999998,SE
storm,STORM,storm|2063|2_2063_10,2063,2_2063_10,1659,rank_1001_2000,0.0,40.49364378278282,intensity_distance_weighted_mps,4.80769231,0.00048076923076923074,5.810055865921776,45.45454545454546,2,52.50227707186987,16.6,-61.19999999999999,NE
storm,STORM,storm|4875|4_4875_6,4875,4_4875_6,1661,rank_1001_2000,0.0,40.48170860849762,intensity_distance_weighted_mps,4.80769231,0.00048076923076923074,5.7938718662952535,44.31818181818182,2,46.17723522024824,15.8,-61.60000000000002,SW
storm,STORM,storm|7916|7_7916_7,7916,7_7916_7,1667,rank_1001_2000,0.0,40.41840649861528,intensity_distance_weighted_mps,4.80769231,0.00048076923076923074,5.777777777777767,72.72727272727273,5,134.11042056560274,15.0,-61.69999999999999,SW
storm,STORM,storm|2074|2_2074_0,2074,2_2074_0,1669,rank_1001_2000,0.0,40.390075182641176,intensity_distance_weighted_mps,4.80769231,0.00048076923076923074,5.761772853185585,61.5909090909091,4,108.67518798900369,15.2,-61.5,SW
storm,STORM,storm|5808|5_5808_10,5808,5_5808_10,1678,rank_1001_2000,0.0,40.30941200192433,intensity_distance_weighted_mps,4.80769231,0.00048076923076923074,5.745856353591149,41.70454545454546,1,27.90589165226733,16.0,-61.60000000000002,SW
storm,STORM,storm|6904|6_6904_1,6904,6_6904_1,1679,rank_1001_2000,0.0,40.29995391992483,intensity_distance_weighted_mps,4.80769231,0.00048076923076923074,5.730027548209356,47.5,2,63.40253496629383,16.1,-62.0,SW
storm,STORM,storm|8575|8_8575_9,8575,8_8575_9,1680,rank_1001_2000,0.0,40.28104598109965,intensity_distance_weighted_mps,4.80769231,0.00048076923076923074,5.714285714285704,41.02272727272728,1,20.353989753705022,16.2,-61.60000000000002,NW
storm,STORM,storm|7530|7_7530_7,7530,7_7530_7,1695,rank_1001_2000,0.0,40.17541284004988,intensity_distance_weighted_mps,4.80769231,0.00048076923076923074,5.698630136986291,69.31818181818183,4,127.75458387581527,15.7,-62.5,SW
storm,STORM,storm|783|0_783_3,783,0_783_3,1703,rank_1001_2000,0.0,40.113914295221306,intensity_distance_weighted_mps,4.80769231,0.00048076923076923074,5.683060109289607,54.43181818181819,3,89.61556748781072,15.6,-62.0,SW
storm,STORM,storm|9594|9_9594_6,9594,9_9594_6,1704,rank_1001_2000,0.0,40.10379698790188,intensity_distance_weighted_mps,4.80769231,0.00048076923076923074,5.6675749318800985,41.36363636363637,1,26.58618983476137,16.3,-61.19999999999999,NE
storm,STORM,storm|1792|1_1792_3,1792,1_1792_3,1707,rank_1001_2000,0.0,40.09415975542062,intensity_distance_weighted_mps,4.80769231,0.00048076923076923074,5.652173913043468,85.3409090909091,5,159.34718386781367,16.9,-62.69999999999999,NW
storm,STORM,storm|7449|7_7449_6,7449,7_7449_6,1720,rank_1001_2000,0.0,39.949266059352944,intensity_distance_weighted_mps,4.80769231,0.00048076923076923074,5.6368563685636754,40.22727272727273,1,12.513086963196397,16.1,-61.5,SW
storm,STORM,storm|9524|9_9524_9,9524,9_9524_9,1727,rank_1001_2000,0.0,39.79610644825838,intensity_distance_weighted_mps,4.80769231,0.00048076923076923074,5.621621621621612,56.59090909090909,3,97.44474411509874,16.9,-60.89999999999998,NE
storm,STORM,storm|5923|5_5923_7,5923,5_5923_7,1728,rank_1001_2000,0.0,39.78085285120376,intensity_distance_weighted_mps,4.80769231,0.00048076923076923074,5.606469002695408,61.5909090909091,4,111.06637741512553,16.8,-60.60000000000002,NE
storm,STORM,storm|6157|6_6157_1,6157,6_6157_1,1734,rank_1001_2000,0.0,39.67953683745118,intensity_distance_weighted_mps,4.80769231,0.00048076923076923074,5.591397849462356,71.81818181818183,5,134.99626196441878,15.1,-62.0,SW
storm,STORM,storm|3546|3_3546_3,3546,3_3546_3,1738,rank_1001_2000,0.0,39.62564978041952,intensity_distance_weighted_mps,4.80769231,0.00048076923076923074,5.576407506702403,69.54545454545456,4,130.34141705957057,15.1,-61.89999999999998,SW
storm,STORM,storm|2928|2_2928_13,2928,2_2928_13,1741,rank_1001_2000,0.0,39.5906644441796,intensity_distance_weighted_mps,4.80769231,0.00048076923076923074,5.561497326203199,52.61363636363637,3,86.02999860517504,15.4,-61.39999999999998,SE
storm,STORM,storm|2302|2_2302_8,2302,2_2302_8,1742,rank_1001_2000,0.0,39.55789835815626,intensity_distance_weighted_mps,4.80769231,0.00048076923076923074,5.546666666666657,61.5909090909091,4,111.94677246024645,17.1,-61.0,NE
storm,STORM,storm|3421|3_3421_0,3421,3_3421_0,1752,rank_1001_2000,0.0,39.506779569765285,intensity_distance_weighted_mps,4.80769231,0.00048076923076923074,5.531914893617012,69.6590909090909,4,131.043579910887,15.0,-61.30000000000001,SE
storm,STORM,storm|9558|9_9558_2,9558,9_9558_2,1754,rank_1001_2000,0.0,39.49786192308907,intensity_distance_weighted_mps,4.80769231,0.00048076923076923074,5.517241379310335,39.77272727272727,1,12.513086963196397,16.1,-61.5,SW
storm,STORM,storm|2209|2_2209_6,2209,2_2209_6,1757,rank_1001_2000,0.0,39.48470646268825,intensity_distance_weighted_mps,4.80769231,0.00048076923076923074,5.5026455026454935,46.02272727272727,2,61.03795173642381,15.7,-61.69999999999999,SW
storm,STORM,storm|6033|6_6033_10,6033,6_6033_10,1761,rank_1001_2000,0.0,39.45458794850595,intensity_distance_weighted_mps,4.80769231,0.00048076923076923074,5.488126649076508,46.59090909090909,2,63.79397968727137,15.6,-61.39999999999998,SE
storm,STORM,storm|6562|6_6562_12,6562,6_6562_12,1765,rank_1001_2000,0.0,39.41592473327382,intensity_distance_weighted_mps,4.80769231,0.00048076923076923074,5.473684210526307,58.75000000000001,4,105.05509057978999,15.5,-62.10000000000002,SW
storm,STORM,storm|9602|9_9602_8,9602,9_9602_8,1766,rank_1001_2000,0.0,39.40639040897499,intensity_distance_weighted_mps,4.80769231,0.00048076923076923074,5.459317585301829,40.00000000000001,1,18.410194885213727,16.3,-61.30000000000001,NE
storm,STORM,storm|3245|3_3245_4,3245,3_3245_4,1768,rank_1001_2000,0.0,39.397346995795985,intensity_distance_weighted_mps,4.80769231,0.00048076923076923074,5.445026178010463,52.84090909090909,3,87.62236057304143,16.7,-60.80000000000001,NE
storm,STORM,storm|2977|2_2977_7,2977,2_2977_7,1775,rank_1001_2000,0.0,39.344713958641805,intensity_distance_weighted_mps,4.80769231,0.00048076923076923074,5.430809399477798,41.93181818181819,1,38.46405131396937,16.0,-61.10000000000002,SE
storm,STORM,storm|4481|4_4481_9,4481,4_4481_9,1776,rank_1001_2000,0.0,39.32982894334351,intensity_distance_weighted_mps,4.80769231,0.00048076923076923074,5.416666666666658,65.45454545454547,4,122.2520142867609,17.2,-61.0,NE
storm,STORM,storm|4313|4_4313_4,4313,4_4313_4,1780,rank_1001_2000,0.0,39.24660787710745,intensity_distance_weighted_mps,4.80769231,0.00048076923076923074,5.402597402597395,59.77272727272728,4,108.47848751911921,16.4,-62.39999999999998,NW
storm,STORM,storm|8137|8_8137_6,8137,8_8137_6,1790,rank_1001_2000,0.0,39.17050923654558,intensity_distance_weighted_mps,4.80769231,0.00048076923076923074,5.388601036269422,39.43181818181819,1,12.251486582519494,16.2,-61.30000000000001,NE
storm,STORM,storm|2976|2_2976_4,2976,2_2976_4,1792,rank_1001_2000,0.0,39.159560982087925,intensity_distance_weighted_mps,4.80769231,0.00048076923076923074,5.374677002583971,39.659090909090914,1,16.9415486769099,16.3,-61.5,NW
storm,STORM,storm|7805|7_7805_7,7805,7_7805_7,1796,rank_1001_2000,0.0,39.12823543512159,intensity_distance_weighted_mps,4.80769231,0.00048076923076923074,5.360824742268033,58.977272727272734,4,106.83556507077509,17.0,-60.89999999999998,NE
storm,STORM,storm|4034|4_4034_1,4034,4_4034_1,1798,rank_1001_2000,0.0,39.10188086259008,intensity_distance_weighted_mps,4.80769231,0.00048076923076923074,5.347043701799478,57.159090909090914,3,101.93369328004012,15.3,-61.69999999999999,SW
storm,STORM,storm|9958|9_9958_14,9958,9_9958_14,1812,rank_1001_2000,0.0,38.95946737035634,intensity_distance_weighted_mps,4.80769231,0.00048076923076923074,5.333333333333325,55.45454545454545,3,97.60272465644468,15.3,-61.5,SW
storm,STORM,storm|4720|4_4720_8,4720,4_4720_8,1813,rank_1001_2000,0.0,38.957924921876916,intensity_distance_weighted_mps,4.80769231,0.00048076923076923074,5.319693094629148,66.36363636363637,4,125.80963177485616,17.3,-61.30000000000001,NE
storm,STORM,storm|4828|4_4828_7,4828,4_4828_7,1822,rank_1001_2000,0.0,38.88939516512069,intensity_distance_weighted_mps,4.80769231,0.00048076923076923074,5.306122448979584,42.04545454545455,1,42.731510770523286,16.5,-61.19999999999999,NE
storm,STORM,storm|9013|9_9013_11,9013,9_9013_11,1832,rank_1001_2000,0.0,38.76498958018301,intensity_distance_weighted_mps,4.80769231,0.00048076923076923074,5.292620865139941,48.75,2,76.1282215894888,15.6,-61.80000000000001,SW
storm,STORM,storm|2701|2_2701_0,2701,2_2701_0,1838,rank_1001_2000,0.0,38.73129116264628,intensity_distance_weighted_mps,4.80769231,0.00048076923076923074,5.279187817258876,46.47727272727273,2,67.08084135222408,15.7,-61.80000000000001,SW
storm,STORM,storm|4462|4_4462_14,4462,4_4462_14,1840,rank_1001_2000,0.0,38.72566995236241,intensity_distance_weighted_mps,4.80769231,0.00048076923076923074,5.265822784810119,41.70454545454546,1,41.602359791420966,16.2,-61.80000000000001,NW
storm,STORM,storm|4445|4_4445_6,4445,4_4445_6,1849,rank_1001_2000,0.0,38.66436369710113,intensity_distance_weighted_mps,4.80769231,0.00048076923076923074,5.2525252525252455,56.477272727272734,3,101.81300372998135,17.0,-61.0,NE
storm,STORM,storm|6083|6_6083_8,6083,6_6083_8,1853,rank_1001_2000,0.0,38.64591365071749,intensity_distance_weighted_mps,4.80769231,0.00048076923076923074,5.2392947103274485,46.02272727272727,2,65.53508619388666,16.5,-60.89999999999998,NE
storm,STORM,storm|8476|8_8476_2,8476,8_8476_2,1868,rank_1001_2000,0.0,38.508817038059505,intensity_distance_weighted_mps,4.80769231,0.00048076923076923074,5.226130653266324,43.409090909090914,2,53.50832382813522,15.7,-61.5,SW
storm,STORM,storm|5822|5_5822_14,5822,5_5822_14,1871,rank_1001_2000,0.0,38.442218530445544,intensity_distance_weighted_mps,4.80769231,0.00048076923076923074,5.213032581453627,39.77272727272727,1,27.90589165226733,16.0,-61.60000000000002,SW
storm,STORM,storm|3614|3_3614_1,3614,3_3614_1,1873,rank_1001_2000,0.0,38.43402060797088,intensity_distance_weighted_mps,4.80769231,0.00048076923076923074,5.199999999999993,69.43181818181819,4,134.70966888502159,16.9,-60.39999999999998,NE
storm,STORM,storm|385|0_385_4,385,0_385_4,1881,rank_1001_2000,0.0,38.38899315516926,intensity_distance_weighted_mps,4.80769231,0.00048076923076923074,5.187032418952612,58.52272727272728,4,108.63007082436698,15.7,-62.30000000000001,SW
storm,STORM,storm|4647|4_4647_6,4647,4_4647_6,1896,rank_1001_2000,0.0,38.30792315590986,intensity_distance_weighted_mps,4.80769231,0.00048076923076923074,5.174129353233824,39.88636363636364,1,30.448160511479074,15.9,-61.39999999999998,SE
storm,STORM,storm|5445|5_5445_11,5445,5_5445_11,1898,rank_1001_2000,0.0,38.305005700483825,intensity_distance_weighted_mps,4.80769231,0.00048076923076923074,5.161290322580639,42.95454545454545,2,52.25988817155962,16.2,-61.89999999999998,NW
storm,STORM,storm|5354|5_5354_6,5354,5_5354_6,1899,rank_1001_2000,0.0,38.302534470418806,intensity_distance_weighted_mps,4.80769231,0.00048076923076923074,5.1485148514851415,45.00000000000001,2,62.72385563020781,16.7,-61.19999999999999,NE
storm,STORM,storm|600|0_600_5,600,0_600_5,1904,rank_1001_2000,0.0,38.29333139200411,intensity_distance_weighted_mps,4.80769231,0.00048076923076923074,5.135802469135796,66.47727272727273,4,128.6857763857819,15.3,-62.19999999999999,SW
storm,STORM,storm|4202|4_4202_4,4202,4_4202_4,1905,rank_1001_2000,0.0,38.292031136821606,intensity_distance_weighted_mps,4.80769231,0.00048076923076923074,5.1231527093596,58.86363636363637,4,109.9439024445533,15.9,-62.39999999999998,SW
storm,STORM,storm|6732|6_6732_11,6732,6_6732_11,1919,rank_1001_2000,0.0,38.202463094011456,intensity_distance_weighted_mps,4.80769231,0.00048076923076923074,5.110565110565104,66.70454545454547,4,129.56385816242735,17.3,-61.10000000000002,NE
storm,STORM,storm|9969|9_9969_1,9969,9_9969_1,1928,rank_1001_2000,0.0,38.11496094116239,intensity_distance_weighted_mps,4.80769231,0.00048076923076923074,5.098039215686268,57.95454545454546,3,108.22056722894281,17.1,-61.10000000000002,NE
storm,STORM,storm|9236|9_9236_12,9236,9_9236_12,1937,rank_1001_2000,0.0,38.05111573725921,intensity_distance_weighted_mps,4.80769231,0.00048076923076923074,5.085574572127133,38.06818181818182,1,3.1766872614766473,16.2,-61.39999999999998,NE
storm,STORM,storm|7449|7_7449_1,7449,7_7449_1,1938,rank_1001_2000,0.0,38.05066087731762,intensity_distance_weighted_mps,4.80769231,0.00048076923076923074,5.073170731707311,64.6590909090909,4,125.43530275156685,17.2,-61.89999999999998,NW
storm,STORM,storm|9844|9_9844_6,9844,9_9844_6,1940,rank_1001_2000,0.0,38.004414102065894,intensity_distance_weighted_mps,4.80769231,0.00048076923076923074,5.060827250608266,38.63636363636364,1,19.342626122509245,16.0,-61.39999999999998,SE
storm,STORM,storm|187|0_187_1,187,0_187_1,1961,rank_1001_2000,0.0,37.87817622615435,intensity_distance_weighted_mps,4.80769231,0.00048076923076923074,5.0485436893203826,48.86363636363637,2,80.7803731887594,16.9,-61.39999999999998,NE
storm,STORM,storm|2311|2_2311_0,2311,2_2311_0,1971,rank_1001_2000,0.0,37.79850083019783,intensity_distance_weighted_mps,4.80769231,0.00048076923076923074,5.036319612590793,69.31818181818183,4,136.9761256706651,15.0,-61.80000000000001,SW
storm,STORM,storm|616|0_616_8,616,0_616_8,1982,rank_1001_2000,0.0,37.72714081768344,intensity_distance_weighted_mps,4.80769231,0.00048076923076923074,5.024154589371975,38.295454545454554,1,18.410194885213727,16.3,-61.30000000000001,NE
storm,STORM,storm|4827|4_4827_0,4827,4_4827_0,1984,rank_1001_2000,0.0,37.7061312477307,intensity_distance_weighted_mps,4.80769231,0.00048076923076923074,5.012048192771078,59.659090909090914,4,114.45422033794496,15.6,-62.30000000000001,SW
storm,STORM,storm|8826|8_8826_2,8826,8_8826_2,1995,rank_1001_2000,0.0,37.61673538047465,intensity_distance_weighted_mps,4.80769231,0.00048076923076923074,4.999999999999994,65.68181818181819,4,129.56385816242735,17.3,-61.10000000000002,NE
storm,STORM,storm|9316|9_9316_3,9316,9_9316_3,2005,rank_2001_5000,0.0,37.522437836203856,intensity_distance_weighted_mps,7.17703349,0.0007177033492822966,4.982121573301544,53.409090909090914,3,97.60272465644468,15.3,-61.5,SW
storm,STORM,storm|755|0_755_10,755,0_755_10,2007,rank_2001_5000,0.0,37.51151089167406,intensity_distance_weighted_mps,7.17703349,0.0007177033492822966,4.964370546318285,53.75,3,98.69196355787487,16.6,-60.60000000000002,NE
storm,STORM,storm|9684|9_9684_4,9684,9_9684_4,2009,rank_2001_5000,0.0,37.4799836787169,intensity_distance_weighted_mps,7.17703349,0.0007177033492822966,4.946745562130173,59.88636363636365,4,115.97847946795997,15.2,-61.80000000000001,SW
storm,STORM,storm|1966|1_1966_5,1966,1_1966_5,2011,rank_2001_5000,0.0,37.47714532086114,intensity_distance_weighted_mps,7.17703349,0.0007177033492822966,4.929245283018863,47.5,2,77.57177417474774,15.5,-61.60000000000002,SW
storm,STORM,storm|6484|6_6484_2,6484,6_6484_2,2013,rank_2001_5000,0.0,37.45026442745711,intensity_distance_weighted_mps,7.17703349,0.0007177033492822966,4.911868390129255,37.61363636363637,1,9.90723678480257,16.2,-61.5,NW
storm,STORM,storm|6001|6_6001_3,6001,6_6001_3,2014,rank_2001_5000,0.0,37.44133184083793,intensity_distance_weighted_mps,7.17703349,0.0007177033492822966,4.894613583138169,58.29545454545455,4,111.94677246024645,17.1,-61.0,NE
storm,STORM,storm|7844|7_7844_3,7844,7_7844_3,2020,rank_2001_5000,0.0,37.365304320428834,intensity_distance_weighted_mps,7.17703349,0.0007177033492822966,4.877479579929985,44.88636363636364,2,67.29712391290883,16.7,-61.10000000000002,NE
storm,STORM,storm|7981|7_7981_0,7981,7_7981_0,2025,rank_2001_5000,0.0,37.34422296968708,intensity_distance_weighted_mps,7.17703349,0.0007177033492822966,4.860465116279067,46.47727272727273,2,74.1801073048323,15.7,-61.89999999999998,SW
storm,STORM,storm|8199|8_8199_2,8199,8_8199_2,2026,rank_2001_5000,0.0,37.32422263682793,intensity_distance_weighted_mps,7.17703349,0.0007177033492822966,4.843568945538816,59.77272727272728,4,116.32942507107016,17.2,-61.19999999999999,NE
storm,STORM,storm|7345|7_7345_8,7345,7_7345_8,2036,rank_2001_5000,0.0,37.207691590412765,intensity_distance_weighted_mps,7.17703349,0.0007177033492822966,4.82678983833718,40.22727272727273,1,42.731510770523286,16.5,-61.19999999999999,NE
storm,STORM,storm|5622|5_5622_7,5622,5_5622_7,2043,rank_2001_5000,0.0,37.106948034423816,intensity_distance_weighted_mps,7.17703349,0.0007177033492822966,4.810126582278479,44.65909090909091,2,67.67039940707922,15.6,-61.19999999999999,SE
storm,STORM,storm|6182|6_6182_8,6182,6_6182_8,2057,rank_2001_5000,0.0,36.990627726426325,intensity_distance_weighted_mps,7.17703349,0.0007177033492822966,4.793577981651374,71.13636363636364,5,144.1164802897477,15.2,-62.30000000000001,SW
storm,STORM,storm|1331|1_1331_9,1331,1_1331_9,2062,rank_2001_5000,0.0,36.94840446388885,intensity_distance_weighted_mps,7.17703349,0.0007177033492822966,4.777142857142856,43.409090909090914,2,62.72385563020781,16.7,-61.19999999999999,NE
storm,STORM,storm|1388|1_1388_4,1388,1_1388_4,2066,rank_2001_5000,0.0,36.92382292022225,intensity_distance_weighted_mps,7.17703349,0.0007177033492822966,4.760820045558085,46.36363636363637,2,75.84372154437999,15.5,-61.30000000000001,SE
storm,STORM,storm|6144|6_6144_2,6144,6_6144_2,2073,rank_2001_5000,0.0,36.874222687293745,intensity_distance_weighted_mps,7.17703349,0.0007177033492822966,4.74460839954597,63.06818181818183,4,126.42425258697371,15.1,-61.80000000000001,SW
storm,STORM,storm|7700|7_7700_1,7700,7_7700_1,2075,rank_2001_5000,0.0,36.85992419247895,intensity_distance_weighted_mps,7.17703349,0.0007177033492822966,4.728506787330316,74.20454545454545,5,150.98300674564905,14.9,-61.89999999999998,SW
storm,STORM,storm|4711|4_4711_3,4711,4_4711_3,2081,rank_2001_5000,0.0,36.81977021026949,intensity_distance_weighted_mps,7.17703349,0.0007177033492822966,4.712514092446448,36.93181818181819,1,8.274708844222385,16.1,-61.39999999999998,SE
storm,STORM,storm|128|0_128_2,128,0_128_2,2094,rank_2001_5000,0.0,36.74753856087622,intensity_distance_weighted_mps,7.17703349,0.0007177033492822966,4.696629213483146,38.40909090909091,1,31.895847497127786,16.1,-61.69999999999999,SW
storm,STORM,storm|125|0_125_0,125,0_125_0,2102,rank_2001_5000,0.0,36.6702211393115,intensity_distance_weighted_mps,7.17703349,0.0007177033492822966,4.680851063829787,46.47727272727273,2,77.57177417474774,15.5,-61.60000000000002,SW
storm,STORM,storm|5740|5_5740_10,5740,5_5740_10,2104,rank_2001_5000,0.0,36.656800151072304,intensity_distance_weighted_mps,7.17703349,0.0007177033492822966,4.665178571428572,67.04545454545455,4,136.57453110772775,17.3,-60.89999999999998,NE
storm,STORM,storm|6026|6_6026_8,6026,6_6026_8,2108,rank_2001_5000,0.0,36.64168429980886,intensity_distance_weighted_mps,7.17703349,0.0007177033492822966,4.649610678531703,50.227272727272734,3,91.33616478183365,15.5,-61.89999999999998,SW
storm,STORM,storm|2574|2_2574_11,2574,2_2574_11,2118,rank_2001_5000,0.0,36.60468185975046,intensity_distance_weighted_mps,7.17703349,0.0007177033492822966,4.634146341463416,38.75000000000001,1,36.31355717378208,16.5,-61.39999999999998,NE
storm,STORM,storm|3717|3_3717_5,3717,3_3717_5,2129,rank_2001_5000,0.0,36.52681192051385,intensity_distance_weighted_mps,7.17703349,0.0007177033492822966,4.618784530386741,45.22727272727273,2,73.20765612203915,16.8,-61.19999999999999,NE
storm,STORM,storm|7312|7_7312_2,7312,7_7312_2,2138,rank_2001_5000,0.0,36.41326338811972,intensity_distance_weighted_mps,7.17703349,0.0007177033492822966,4.603524229074892,64.20454545454545,4,131.043579910887,15.0,-61.30000000000001,SE
storm,STORM,storm|7424|7_7424_7,7424,7_7424_7,2143,rank_2001_5000,0.0,36.35469905030048,intensity_distance_weighted_mps,7.17703349,0.0007177033492822966,4.588364434687159,52.727272727272734,3,100.66290487083856,15.4,-61.89999999999998,SW
storm,STORM,storm|3487|3_3487_5,3487,3_3487_5,2144,rank_2001_5000,0.0,36.34435416056196,intensity_distance_weighted_mps,7.17703349,0.0007177033492822966,4.573304157549236,56.81818181818182,3,112.5828666539619,15.2,-61.69999999999999,SW
storm,STORM,storm|2710|2_2710_10,2710,2_2710_10,2150,rank_2001_5000,0.0,36.311346699173654,intensity_distance_weighted_mps,7.17703349,0.0007177033492822966,4.558342420937843,66.5909090909091,4,136.9761256706651,15.0,-61.80000000000001,SW
storm,STORM,storm|6876|6_6876_6,6876,6_6876_6,2151,rank_2001_5000,0.0,36.302729969620394,intensity_distance_weighted_mps,7.17703349,0.0007177033492822966,4.543478260869568,68.06818181818183,4,140.3133957192338,16.1,-60.10000000000002,SE
storm,STORM,storm|3644|3_3644_11,3644,3_3644_11,2167,rank_2001_5000,0.0,36.19320107264388,intensity_distance_weighted_mps,7.17703349,0.0007177033492822966,4.528710725893827,38.97727272727273,1,41.602359791420966,16.2,-61.80000000000001,NW
storm,STORM,storm|3232|3_3232_3,3232,3_3232_3,2171,rank_2001_5000,0.0,36.17530142737802,intensity_distance_weighted_mps,7.17703349,0.0007177033492822966,4.514038876889852,38.295454545454554,1,36.31355717378208,16.5,-61.39999999999998,NE
storm,STORM,storm|22|0_22_4,22,0_22_4,2180,rank_2001_5000,0.0,36.10385923522271,intensity_distance_weighted_mps,7.17703349,0.0007177033492822966,4.499461786867603,57.613636363636374,3,115.7796948719302,15.3,-62.0,SW
storm,STORM,storm|3676|3_3676_6,3676,3_3676_6,2183,rank_2001_5000,0.0,36.08540718774961,intensity_distance_weighted_mps,7.17703349,0.0007177033492822966,4.484978540772536,45.22727272727273,2,75.49929018639075,15.5,-61.5,SW
storm,STORM,storm|467|0_467_11,467,0_467_11,2187,rank_2001_5000,0.0,36.05184892516311,intensity_distance_weighted_mps,7.17703349,0.0007177033492822966,4.470588235294121,41.25,1,56.9576334636541,16.5,-61.0,NE
storm,STORM,storm|3221|3_3221_7,3221,3_3221_7,2188,rank_2001_5000,0.0,36.04484169921964,intensity_distance_weighted_mps,7.17703349,0.0007177033492822966,4.4562899786780426,36.36363636363637,1,14.106693156686516,16.3,-61.39999999999998,NE
storm,STORM,storm|8017|8_8017_10,8017,8_8017_10,2195,rank_2001_5000,0.0,35.95295520015627,intensity_distance_weighted_mps,7.17703349,0.0007177033492822966,4.442082890541981,45.56818181818183,2,77.57177417474774,15.5,-61.60000000000002,SW
storm,STORM,storm|2595|2_2595_11,2595,2_2595_11,2197,rank_2001_5000,0.0,35.932201568909576,intensity_distance_weighted_mps,7.17703349,0.0007177033492822966,4.42796610169492,36.25,1,14.106693156686516,16.3,-61.39999999999998,NE
storm,STORM,storm|2132|2_2132_2,2132,2_2132_2,2203,rank_2001_5000,0.0,35.8843924603298,intensity_distance_weighted_mps,7.17703349,0.0007177033492822966,4.4139387539598784,60.909090909090914,4,125.26302247088375,15.2,-62.0,SW
storm,STORM,storm|7991|7_7991_10,7991,7_7991_10,2206,rank_2001_5000,0.0,35.877374099641386,intensity_distance_weighted_mps,7.17703349,0.0007177033492822966,4.400000000000005,37.95454545454545,1,36.092510952515966,16.3,-61.10000000000002,NE
storm,STORM,storm|1709|1_1709_9,1709,1_1709_9,2214,rank_2001_5000,0.0,35.831095733690496,intensity_distance_weighted_mps,7.17703349,0.0007177033492822966,4.386149003147959,55.90909090909092,3,112.28490791507032,15.9,-60.39999999999998,SE
storm,STORM,storm|2342|2_2342_4,2342,2_2342_4,2217,rank_2001_5000,0.0,35.81581638967207,intensity_distance_weighted_mps,7.17703349,0.0007177033492822966,4.3723849372384995,48.409090909090914,2,88.945333302168,15.4,-61.19999999999999,SE
storm,STORM,storm|6521|6_6521_10,6521,6_6521_10,2219,rank_2001_5000,0.0,35.806244538765775,intensity_distance_weighted_mps,7.17703349,0.0007177033492822966,4.3587069864442185,51.93181818181819,3,100.66290487083856,15.4,-61.89999999999998,SW
storm,STORM,storm|496|0_496_0,496,0_496_0,2234,rank_2001_5000,0.0,35.65860018907931,intensity_distance_weighted_mps,7.17703349,0.0007177033492822966,4.345114345114351,64.31818181818183,4,134.47576914183438,17.1,-60.60000000000002,NE
storm,STORM,storm|8657|8_8657_3,8657,8_8657_3,2241,rank_2001_5000,0.0,35.58930437188868,intensity_distance_weighted_mps,7.17703349,0.0007177033492822966,4.331606217616586,54.77272727272728,3,110.12719048901313,15.2,-61.60000000000002,SW
storm,STORM,storm|7730|7_7730_8,7730,7_7730_8,2250,rank_2001_5000,0.0,35.541406074366456,intensity_distance_weighted_mps,7.17703349,0.0007177033492822966,4.318181818181825,44.545454545454554,2,75.49929018639075,15.5,-61.5,SW
storm,STORM,storm|2616|2_2616_12,2616,2_2616_12,2251,rank_2001_5000,0.0,35.53799040170571,intensity_distance_weighted_mps,7.17703349,0.0007177033492822966,4.304840370751808,39.09090909090909,1,47.428289317141335,16.6,-61.39999999999998,NE
storm,STORM,storm|5633|5_5633_1,5633,5_5633_1,2258,rank_2001_5000,0.0,35.488637297305,intensity_distance_weighted_mps,7.17703349,0.0007177033492822966,4.291581108829575,56.70454545454546,3,115.97847946795997,15.2,-61.80000000000001,SW
storm,STORM,storm|8118|8_8118_3,8118,8_8118_3,2259,rank_2001_5000,0.0,35.48326518065189,intensity_distance_weighted_mps,7.17703349,0.0007177033492822966,4.278403275332658,57.38636363636364,3,117.85072220263197,16.6,-60.39999999999998,NE
storm,STORM,storm|3790|3_3790_5,3790,3_3790_5,2262,rank_2001_5000,0.0,35.46759787081836,intensity_distance_weighted_mps,7.17703349,0.0007177033492822966,4.265306122448987,39.77272727272727,1,52.25988817155962,16.2,-61.89999999999998,NW
storm,STORM,storm|2529|2_2529_9,2529,2_2529_9,2265,rank_2001_5000,0.0,35.45595059582157,intensity_distance_weighted_mps,7.17703349,0.0007177033492822966,4.252288911495429,40.56818181818183,1,56.9576334636541,16.5,-61.0,NE
storm,STORM,storm|9115|9_9115_3,9115,9_9115_3,2271,rank_2001_5000,0.0,35.407126621964245,intensity_distance_weighted_mps,7.17703349,0.0007177033492822966,4.239350912778912,40.11363636363637,1,54.6884227201857,16.2,-60.89999999999998,NE
storm,STORM,storm|3177|3_3177_7,3177,3_3177_7,2275,rank_2001_5000,0.0,35.36953366779849,intensity_distance_weighted_mps,7.17703349,0.0007177033492822966,4.226491405460068,58.86363636363637,4,122.2520142867609,17.2,-61.0,NE
storm,STORM,storm|3827|3_3827_11,3827,3_3827_11,2279,rank_2001_5000,0.0,35.349248994356834,intensity_distance_weighted_mps,7.17703349,0.0007177033492822966,4.213709677419363,71.25000000000001,5,151.16558536098006,17.5,-61.10000000000002,NE
storm,STORM,storm|3987|3_3987_1,3987,3_3987_1,2292,rank_2001_5000,0.0,35.26909407974999,intensity_distance_weighted_mps,7.17703349,0.0007177033492822966,4.201005025125636,62.15909090909092,4,130.9753242517024,15.2,-62.10000000000002,SW
storm,STORM,storm|2182|2_2182_5,2182,2_2182_5,2297,rank_2001_5000,0.0,35.211797920061905,intensity_distance_weighted_mps,7.17703349,0.0007177033492822966,4.188376753507022,36.02272727272727,1,22.763480668387448,16.2,-61.19999999999999,NE
storm,STORM,storm|4314|4_4314_6,4314,4_4314_6,2303,rank_2001_5000,0.0,35.14673754745784,intensity_distance_weighted_mps,7.17703349,0.0007177033492822966,4.175824175824184,36.93181818181819,1,33.80474537884485,16.4,-61.19999999999999,NE
storm,STORM,storm|8817|8_8817_4,8817,8_8817_4,2308,rank_2001_5000,0.0,35.1198062460505,intensity_distance_weighted_mps,7.17703349,0.0007177033492822966,4.1633466135458255,36.70454545454545,1,31.86354595969182,15.9,-61.5,SW
storm,STORM,storm|3131|3_3131_2,3131,3_3131_2,2320,rank_2001_5000,0.0,35.0336977162826,intensity_distance_weighted_mps,7.17703349,0.0007177033492822966,4.150943396226424,36.02272727272727,1,25.20303862703192,16.4,-61.39999999999998,NE
storm,STORM,storm|8848|8_8848_7,8848,8_8848_7,2329,rank_2001_5000,0.0,34.97684218648623,intensity_distance_weighted_mps,7.17703349,0.0007177033492822966,4.138613861386148,38.63636363636364,1,48.519141611626736,16.4,-61.80000000000001,NW
storm,STORM,storm|232|0_232_8,232,0_232_8,2331,rank_2001_5000,0.0,34.968320694061454,intensity_distance_weighted_mps,7.17703349,0.0007177033492822966,4.126357354392901,42.727272727272734,2,70.65703423409055,16.8,-61.30000000000001,NE
storm,STORM,storm|7101|7_7101_3,7101,7_7101_3,2336,rank_2001_5000,0.0,34.92460230738221,intensity_distance_weighted_mps,7.17703349,0.0007177033492822966,4.114173228346466,36.36363636363637,1,30.448160511479074,15.9,-61.39999999999998,SE
storm,STORM,storm|3236|3_3236_6,3236,3_3236_6,2340,rank_2001_5000,0.0,34.90406462684482,intensity_distance_weighted_mps,7.17703349,0.0007177033492822966,4.10206084396468,51.02272727272727,3,101.93369328004012,15.3,-61.69999999999999,SW
storm,STORM,storm|8588|8_8588_6,8588,8_8588_6,2350,rank_2001_5000,0.0,34.86645383326794,intensity_distance_weighted_mps,7.17703349,0.0007177033492822966,4.090019569471634,37.159090909090914,1,38.46405131396937,16.0,-61.10000000000002,SE
storm,STORM,storm|4839|4_4839_11,4839,4_4839_11,2354,rank_2001_5000,0.0,34.8423329026607,intensity_distance_weighted_mps,7.17703349,0.0007177033492822966,4.078048780487815,43.75000000000001,2,75.84372154437999,15.5,-61.30000000000001,SE
storm,STORM,storm|9566|9_9566_0,9566,9_9566_0,2356,rank_2001_5000,0.0,34.83205333026893,intensity_distance_weighted_mps,7.17703349,0.0007177033492822966,4.0661478599221885,38.97727272727273,1,51.745844798255305,15.8,-61.69999999999999,SW
storm,STORM,storm|9960|9_9960_8,9960,9_9960_8,2364,rank_2001_5000,0.0,34.75527206215389,intensity_distance_weighted_mps,7.17703349,0.0007177033492822966,4.054316197866159,59.20454545454546,4,125.80963177485616,17.3,-61.30000000000001,NE
storm,STORM,storm|2642|2_2642_3,2642,2_2642_3,2366,rank_2001_5000,0.0,34.75345748618859,intensity_distance_weighted_mps,7.17703349,0.0007177033492822966,4.042553191489372,63.18181818181819,4,135.66510613601872,17.2,-62.10000000000002,NW
storm,STORM,storm|8095|8_8095_1,8095,8_8095_1,2367,rank_2001_5000,0.0,34.75001631910994,intensity_distance_weighted_mps,7.17703349,0.0007177033492822966,4.030858244937329,44.20454545454546,2,78.24087611279013,15.5,-61.19999999999999,SE
storm,STORM,storm|330|0_330_2,330,0_330_2,2380,rank_2001_5000,0.0,34.668950449328726,intensity_distance_weighted_mps,7.17703349,0.0007177033492822966,4.01923076923078,37.95454545454545,1,46.17723522024824,15.8,-61.60000000000002,SW
storm,STORM,storm|8592|8_8592_11,8592,8_8592_11,2384,rank_2001_5000,0.0,34.60346772700705,intensity_distance_weighted_mps,7.17703349,0.0007177033492822966,4.007670182166837,35.79545454545455,1,27.839868137921705,16.4,-61.30000000000001,NE
storm,STORM,storm|1120|1_1120_6,1120,1_1120_6,2394,rank_2001_5000,0.0,34.5486448650519,intensity_distance_weighted_mps,7.17703349,0.0007177033492822966,3.996175908221808,54.0909090909091,3,112.81405008125577,15.5,-62.19999999999999,SW
storm,STORM,storm|9433|9_9433_12,9433,9_9433_12,2407,rank_2001_5000,0.0,34.482244209907,intensity_distance_weighted_mps,7.17703349,0.0007177033492822966,3.984747378455683,63.06818181818183,4,136.57453110772775,17.3,-60.89999999999998,NE
storm,STORM,storm|1025|1_1025_2,1025,1_1025_2,2411,rank_2001_5000,0.0,34.45015603637238,intensity_distance_weighted_mps,7.17703349,0.0007177033492822966,3.973384030418262,71.70454545454547,5,155.98555674559174,17.4,-60.69999999999999,NE
storm,STORM,storm|7708|7_7708_9,7708,7_7708_9,2430,rank_2001_5000,0.0,34.33290015129077,intensity_distance_weighted_mps,7.17703349,0.0007177033492822966,3.962085308056883,72.04545454545455,5,157.20957318158864,17.5,-60.89999999999998,NE
storm,STORM,storm|5543|5_5543_7,5543,5_5543_7,2433,rank_2001_5000,0.0,34.31545979204189,intensity_distance_weighted_mps,7.17703349,0.0007177033492822966,3.95085066162572,37.045454545454554,1,42.30846355441705,16.1,-61.80000000000001,SW
storm,STORM,storm|7395|7_7395_9,7395,7_7395_9,2435,rank_2001_5000,0.0,34.2967124448538,intensity_distance_weighted_mps,7.17703349,0.0007177033492822966,3.939679547596618,64.31818181818183,4,140.33984264682383,17.4,-61.10000000000002,NE
storm,STORM,storm|3952|3_3952_6,3952,3_3952_6,2437,rank_2001_5000,0.0,34.26698618872504,intensity_distance_weighted_mps,7.17703349,0.0007177033492822966,3.92857142857144,75.68181818181819,5,164.90402505630166,14.9,-62.19999999999999,SW
storm,STORM,storm|2890|2_2890_5,2890,2_2890_5,2443,rank_2001_5000,0.0,34.21948806994461,intensity_distance_weighted_mps,7.17703349,0.0007177033492822966,3.917525773195888,61.81818181818182,4,134.70966888502159,16.9,-60.39999999999998,NE
storm,STORM,storm|2863|2_2863_1,2863,2_2863_1,2445,rank_2001_5000,0.0,34.21490305518786,intensity_distance_weighted_mps,7.17703349,0.0007177033492822966,3.906542056074778,50.34090909090909,3,102.9786066130403,16.8,-60.69999999999999,NE
storm,STORM,storm|9011|9_9011_0,9011,9_9011_0,2450,rank_2001_5000,0.0,34.21068012542636,intensity_distance_weighted_mps,7.17703349,0.0007177033492822966,3.8956197576887353,58.06818181818183,4,125.26302247088375,15.2,-62.0,SW
storm,STORM,storm|1760|1_1760_6,1760,1_1760_6,2458,rank_2001_5000,0.0,34.17044163322473,intensity_distance_weighted_mps,7.17703349,0.0007177033492822966,3.8847583643122796,71.70454545454547,5,157.20957318158864,17.5,-60.89999999999998,NE
storm,STORM,storm|1878|1_1878_4,1878,1_1878_4,2461,rank_2001_5000,0.0,34.15087594202749,intensity_distance_weighted_mps,7.17703349,0.0007177033492822966,3.8739573679332837,42.27272727272728,1,73.15059333341671,16.7,-61.0,NE
storm,STORM,storm|6226|6_6226_6,6226,6_6226_6,2462,rank_2001_5000,0.0,34.147794868399465,intensity_distance_weighted_mps,7.17703349,0.0007177033492822966,3.863216266173765,46.02272727272727,2,88.45563411813997,16.8,-60.89999999999998,NE
storm,STORM,storm|7621|7_7621_0,7621,7_7621_0,2466,rank_2001_5000,0.0,34.12277682491712,intensity_distance_weighted_mps,7.17703349,0.0007177033492822966,3.852534562211994,42.04545454545455,1,72.2778243346889,16.6,-60.89999999999998,NE
storm,STORM,storm|928|0_928_4,928,0_928_4,2474,rank_2001_5000,0.0,34.07454376679206,intensity_distance_weighted_mps,7.17703349,0.0007177033492822966,3.841911764705895,56.59090909090909,3,121.93415625021449,15.3,-62.10000000000002,SW
storm,STORM,storm|2077|2_2077_3,2077,2_2077_3,2477,rank_2001_5000,0.0,34.0562181743959,intensity_distance_weighted_mps,7.17703349,0.0007177033492822966,3.831347387717703,47.95454545454546,2,95.82400458222082,16.7,-60.69999999999999,NE
storm,STORM,storm|2964|2_2964_9,2964,2_2964_9,2480,rank_2001_5000,0.0,34.04355814940909,intensity_distance_weighted_mps,7.17703349,0.0007177033492822966,3.8208409506398664,45.45454545454546,2,86.8431159355508,15.4,-61.30000000000001,SE
storm,STORM,storm|5413|5_5413_3,5413,5_5413_3,2484,rank_2001_5000,0.0,34.02285400618325,intensity_distance_weighted_mps,7.17703349,0.0007177033492822966,3.8103919781221642,39.54545454545455,1,60.433493967926765,15.9,-61.89999999999998,SW
storm,STORM,storm|2185|2_2185_5,2185,2_2185_5,2490,rank_2001_5000,0.0,33.979688175593125,intensity_distance_weighted_mps,7.17703349,0.0007177033492822966,3.800000000000013,53.86363636363637,3,114.74476369438443,17.2,-61.30000000000001,NE
storm,STORM,storm|6132|6_6132_7,6132,6_6132_7,2492,rank_2001_5000,0.0,33.97105006144601,intensity_distance_weighted_mps,7.17703349,0.0007177033492822966,3.789664551223948,37.5,1,48.345885834829744,16.6,-61.5,NW
storm,STORM,storm|3351|3_3351_5,3351,3_3351_5,2493,rank_2001_5000,0.0,33.962540643594,intensity_distance_weighted_mps,7.17703349,0.0007177033492822966,3.7793851717902482,48.29545454545455,2,97.44474411509874,16.9,-60.89999999999998,NE
storm,STORM,storm|4210|4_4210_1,4210,4_4210_1,2498,rank_2001_5000,0.0,33.943862920618805,intensity_distance_weighted_mps,7.17703349,0.0007177033492822966,3.7691614066726915,35.909090909090914,1,36.092510952515966,16.3,-61.10000000000002,NE
storm,STORM,storm|2958|2_2958_2,2958,2_2958_2,2499,rank_2001_5000,0.0,33.94283784965901,intensity_distance_weighted_mps,7.17703349,0.0007177033492822966,3.758992805755409,34.09090909090909,1,9.90723678480257,16.2,-61.5,NW
storm,STORM,storm|4089|4_4089_6,4089,4_4089_6,2507,rank_2001_5000,0.0,33.90679743192202,intensity_distance_weighted_mps,7.17703349,0.0007177033492822966,3.7488789237668296,51.70454545454546,3,108.67518798900369,15.2,-61.5,SW
storm,STORM,storm|2322|2_2322_1,2322,2_2322_1,2515,rank_2001_5000,0.0,33.84574661992627,intensity_distance_weighted_mps,7.17703349,0.0007177033492822966,3.7388193202146827,67.27272727272728,4,149.06915326946145,17.1,-60.39999999999998,NE
storm,STORM,storm|2217|2_2217_9,2217,2_2217_9,2522,rank_2001_5000,0.0,33.827032530485006,intensity_distance_weighted_mps,7.17703349,0.0007177033492822966,3.7288135593220475,68.18181818181819,4,151.16558536098006,17.5,-61.10000000000002,NE
storm,STORM,storm|3596|3_3596_2,3596,3_3596_2,2523,rank_2001_5000,0.0,33.81574189905901,intensity_distance_weighted_mps,7.17703349,0.0007177033492822966,3.7188612099644267,49.43181818181819,3,101.93369328004012,15.3,-61.69999999999999,SW
storm,STORM,storm|5001|5_5001_3,5001,5_5001_3,2540,rank_2001_5000,0.0,33.673461638676365,intensity_distance_weighted_mps,7.17703349,0.0007177033492822966,3.7089618456078224,57.50000000000001,3,126.17631864550206,17.0,-60.60000000000002,NE
storm,STORM,storm|1160|1_1160_6,1160,1_1160_6,2549,rank_2001_5000,0.0,33.61601292990638,intensity_distance_weighted_mps,7.17703349,0.0007177033492822966,3.699115044247802,50.227272727272734,3,105.44341021737615,17.1,-61.19999999999999,NE
storm,STORM,storm|4308|4_4308_6,4308,4_4308_6,2554,rank_2001_5000,0.0,33.56675883239829,intensity_distance_weighted_mps,7.17703349,0.0007177033492822966,3.689320388349529,33.86363636363637,1,14.106693156686516,16.3,-61.39999999999998,NE
storm,STORM,storm|6758|6_6758_13,6758,6_6758_13,2569,rank_2001_5000,0.0,33.477878434603355,intensity_distance_weighted_mps,7.17703349,0.0007177033492822966,3.6795774647887467,53.06818181818183,3,114.74476369438443,17.2,-61.30000000000001,NE
storm,STORM,storm|763|0_763_6,763,0_763_6,2571,rank_2001_5000,0.0,33.46558122743704,intensity_distance_weighted_mps,7.17703349,0.0007177033492822966,3.669885864793693,58.63636363636364,4,130.08895668163248,16.3,-60.19999999999999,NE
storm,STORM,storm|1398|1_1398_7,1398,1_1398_7,2590,rank_2001_5000,0.0,33.380917867661296,intensity_distance_weighted_mps,7.17703349,0.0007177033492822966,3.6602451838879304,51.59090909090909,3,110.78908872849449,16.9,-60.69999999999999,NE
storm,STORM,storm|8026|8_8026_6,8026,8_8026_6,2592,rank_2001_5000,0.0,33.36758753821387,intensity_distance_weighted_mps,7.17703349,0.0007177033492822966,3.650655021834076,37.61363636363637,1,53.50832382813522,15.7,-61.5,SW
storm,STORM,storm|5679|5_5679_7,5679,5_5679_7,2594,rank_2001_5000,0.0,33.35540321775679,intensity_distance_weighted_mps,7.17703349,0.0007177033492822966,3.641114982578412,57.72727272727273,3,128.2190585204112,15.4,-62.30000000000001,SW
storm,STORM,storm|3810|3_3810_9,3810,3_3810_9,2596,rank_2001_5000,0.0,33.31180810496226,intensity_distance_weighted_mps,7.17703349,0.0007177033492822966,3.631624674196366,34.20454545454546,1,24.555795528057462,16.3,-61.60000000000002,NW
storm,STORM,storm|3102|3_3102_0,3102,3_3102_0,2606,rank_2001_5000,0.0,33.23611352667521,intensity_distance_weighted_mps,7.17703349,0.0007177033492822966,3.6221837088388362,50.68181818181819,3,108.67518798900369,15.2,-61.5,SW
storm,STORM,storm|1816|1_1816_9,1816,1_1816_9,2609,rank_2001_5000,0.0,33.22465363954408,intensity_distance_weighted_mps,7.17703349,0.0007177033492822966,3.612791702679358,46.70454545454546,2,95.54417864202313,15.4,-61.80000000000001,SW
storm,STORM,storm|1555|1_1555_3,1555,1_1555_3,2615,rank_2001_5000,0.0,33.19086588848028,intensity_distance_weighted_mps,7.17703349,0.0007177033492822966,3.603448275862084,66.81818181818183,4,150.98300674564905,14.9,-61.89999999999998,SW
storm,STORM,storm|3876|3_3876_12,3876,3_3876_12,2617,rank_2001_5000,0.0,33.16639598848472,intensity_distance_weighted_mps,7.17703349,0.0007177033492822966,3.594153052450574,39.54545454545455,1,65.78402050515034,16.0,-62.0,SW
storm,STORM,storm|6874|6_6874_8,6874,6_6874_8,2627,rank_2001_5000,0.0,33.06810662140163,intensity_distance_weighted_mps,7.17703349,0.0007177033492822966,3.5849056603773737,41.81818181818182,1,77.16004763377687,16.8,-61.10000000000002,NE
storm,STORM,storm|7749|7_7749_9,7749,7_7749_9,2648,rank_2001_5000,0.0,32.93976036280234,intensity_distance_weighted_mps,7.17703349,0.0007177033492822966,3.5757057313943696,50.909090909090914,3,110.78908872849449,16.9,-60.69999999999999,NE
storm,STORM,storm|8238|8_8238_0,8238,8_8238_0,2681,rank_2001_5000,0.0,32.751905666960916,intensity_distance_weighted_mps,7.17703349,0.0007177033492822966,3.5665529010239063,47.84090909090909,2,101.81300372998135,17.0,-61.0,NE
storm,STORM,storm|7417|7_7417_8,7417,7_7417_8,2685,rank_2001_5000,0.0,32.7281371292746,intensity_distance_weighted_mps,7.17703349,0.0007177033492822966,3.5574468085106536,36.25,1,49.20586117283322,16.5,-61.10000000000002,NE
storm,STORM,storm|7299|7_7299_6,7299,7_7299_6,2689,rank_2001_5000,0.0,32.699533826900506,intensity_distance_weighted_mps,7.17703349,0.0007177033492822966,3.548387096774209,71.13636363636364,5,162.62760221166258,16.0,-59.89999999999998,SE
storm,STORM,storm|5453|5_5453_4,5453,5_5453_4,2691,rank_2001_5000,0.0,32.69091507039125,intensity_distance_weighted_mps,7.17703349,0.0007177033492822966,3.5393734123624205,39.43181818181819,1,68.11405926304693,16.0,-60.80000000000001,SE
storm,STORM,storm|968|0_968_7,968,0_968_7,2692,rank_2001_5000,0.0,32.68099236610991,intensity_distance_weighted_mps,7.17703349,0.0007177033492822966,3.5304054054054212,39.77272727272727,1,69.87468898186016,15.9,-62.0,SW
storm,STORM,storm|6917|6_6917_2,6917,6_6917_2,2702,rank_2001_5000,0.0,32.625541088117004,intensity_distance_weighted_mps,7.17703349,0.0007177033492822966,3.5214827295703612,36.13636363636364,1,49.20586117283322,16.5,-61.10000000000002,NE
storm,STORM,storm|5025|5_5025_3,5025,5_5025_3,2717,rank_2001_5000,0.0,32.523535898749685,intensity_distance_weighted_mps,7.17703349,0.0007177033492822966,3.5126050420168227,33.86363636363637,1,30.448160511479074,15.9,-61.39999999999998,SE
storm,STORM,storm|2456|2_2456_7,2456,2_2456_7,2756,rank_2001_5000,0.0,32.30352764226768,intensity_distance_weighted_mps,7.17703349,0.0007177033492822966,3.503772003352908,59.20454545454546,4,136.8833544640146,17.4,-61.30000000000001,NE
storm,STORM,storm|4983|4_4983_0,4983,4_4983_0,2763,rank_2001_5000,0.0,32.252875331715984,intensity_distance_weighted_mps,7.17703349,0.0007177033492822966,3.4949832775919893,46.36363636363637,2,99.2161244263913,15.3,-61.60000000000002,SW
storm,STORM,storm|9340|9_9340_13,9340,9_9340_13,2767,rank_2001_5000,0.0,32.223003913042064,intensity_distance_weighted_mps,7.17703349,0.0007177033492822966,3.4862385321101077,39.88636363636364,1,73.15059333341671,16.7,-61.0,NE
storm,STORM,storm|240|0_240_3,240,0_240_3,2772,rank_2001_5000,0.0,32.19899627785645,intensity_distance_weighted_mps,7.17703349,0.0007177033492822966,3.4775374376040094,73.4090909090909,5,169.6961143224558,17.5,-62.19999999999999,NW
storm,STORM,storm|1813|1_1813_5,1813,1_1813_5,2782,rank_2001_5000,0.0,32.146569116267315,intensity_distance_weighted_mps,7.17703349,0.0007177033492822966,3.4688796680498086,55.90909090909092,3,128.96450887514428,17.3,-61.69999999999999,NW
storm,STORM,storm|6854|6_6854_6,6854,6_6854_6,2784,rank_2001_5000,0.0,32.12665348653349,intensity_distance_weighted_mps,7.17703349,0.0007177033492822966,3.460264900662268,48.86363636363637,2,108.26724866324246,15.2,-61.39999999999998,SE
storm,STORM,storm|4965|4_4965_6,4965,4_4965_6,2787,rank_2001_5000,0.0,32.12341868813504,intensity_distance_weighted_mps,7.17703349,0.0007177033492822966,3.451692815854682,71.36363636363636,5,165.78532456985425,17.5,-60.69999999999999,NE
storm,STORM,storm|1782|1_1782_3,1782,1_1782_3,2796,rank_2001_5000,0.0,32.043083922647696,intensity_distance_weighted_mps,7.17703349,0.0007177033492822966,3.4431630971993576,33.52272727272727,1,32.233141059404836,16.4,-61.60000000000002,NW
storm,STORM,storm|6841|6_6841_4,6841,6_6841_4,2798,rank_2001_5000,0.0,32.04034119880971,intensity_distance_weighted_mps,7.17703349,0.0007177033492822966,3.434675431388677,34.77272727272728,1,43.80399538491389,16.3,-61.80000000000001,NW
storm,STORM,storm|3041|3_3041_1,3041,3_3041_1,2799,rank_2001_5000,0.0,32.039397053138686,intensity_distance_weighted_mps,7.17703349,0.0007177033492822966,3.4262295081967378,39.659090909090914,1,73.15059333341671,16.7,-61.0,NE
storm,STORM,storm|3154|3_3154_1,3154,3_3154_1,2800,rank_2001_5000,0.0,32.03259861689581,intensity_distance_weighted_mps,7.17703349,0.0007177033492822966,3.417825020441554,52.61363636363637,3,120.234418612869,15.2,-61.89999999999998,SW
storm,STORM,storm|3207|3_3207_5,3207,3_3207_5,2819,rank_2001_5000,0.0,31.854154673713484,intensity_distance_weighted_mps,7.17703349,0.0007177033492822966,3.4094616639478144,45.34090909090909,2,97.60272465644468,15.3,-61.5,SW
storm,STORM,storm|3714|3_3714_10,3714,3_3714_10,2820,rank_2001_5000,0.0,31.852370837056633,intensity_distance_weighted_mps,7.17703349,0.0007177033492822966,3.401139137510188,36.70454545454545,1,58.544835253388314,16.7,-61.39999999999998,NE
storm,STORM,storm|8540|8_8540_4,8540,8_8540_4,2829,rank_2001_5000,0.0,31.766252711989026,intensity_distance_weighted_mps,7.17703349,0.0007177033492822966,3.3928571428571597,57.38636363636364,3,134.70966888502159,16.9,-60.39999999999998,NE
storm,STORM,storm|7835|7_7835_7,7835,7_7835_7,2833,rank_2001_5000,0.0,31.742068783068675,intensity_distance_weighted_mps,7.17703349,0.0007177033492822966,3.3846153846154015,69.88636363636364,4,164.432795509124,17.2,-60.30000000000001,NE
storm,STORM,storm|5237|5_5237_4,5237,5_5237_4,2835,rank_2001_5000,0.0,31.73339828068433,intensity_distance_weighted_mps,7.17703349,0.0007177033492822966,3.3764135702746536,39.77272727272727,1,75.49929018639075,15.5,-61.5,SW
storm,STORM,storm|5461|5_5461_0,5461,5_5461_0,2848,rank_2001_5000,0.0,31.66663737637312,intensity_distance_weighted_mps,7.17703349,0.0007177033492822966,3.3682514101531194,53.75,3,125.26302247088375,15.2,-62.0,SW
storm,STORM,storm|6442|6_6442_11,6442,6_6442_11,2852,rank_2001_5000,0.0,31.636051526064666,intensity_distance_weighted_mps,7.17703349,0.0007177033492822966,3.3601286173633613,59.43181818181819,4,140.6013370138236,15.0,-61.89999999999998,SW
storm,STORM,storm|6307|6_6307_6,6307,6_6307_6,2867,rank_2001_5000,0.0,31.53427862386604,intensity_distance_weighted_mps,7.17703349,0.0007177033492822966,3.3520449077786862,37.84090909090909,1,67.08084135222408,15.7,-61.80000000000001,SW
storm,STORM,storm|3288|3_3288_2,3288,3_3288_2,2872,rank_2001_5000,0.0,31.492579376175193,intensity_distance_weighted_mps,7.17703349,0.0007177033492822966,3.344000000000017,53.86363636363637,3,126.42425258697371,15.1,-61.80000000000001,SW
storm,STORM,storm|5887|5_5887_3,5887,5_5887_3,2877,rank_2001_5000,0.0,31.461397723992754,intensity_distance_weighted_mps,7.17703349,0.0007177033492822966,3.3359936153232415,39.43181818181819,1,75.49929018639075,15.5,-61.5,SW
storm,STORM,storm|336|0_336_13,336,0_336_13,2879,rank_2001_5000,0.0,31.432390063233857,intensity_distance_weighted_mps,7.17703349,0.0007177033492822966,3.328025477707024,69.20454545454545,4,164.432795509124,17.2,-60.30000000000001,NE
storm,STORM,storm|9140|9_9140_3,9140,9_9140_3,2890,rank_2001_5000,0.0,31.35990200453874,intensity_distance_weighted_mps,7.17703349,0.0007177033492822966,3.320095313741082,74.65909090909092,5,176.2559518005737,17.0,-60.0,NE
storm,STORM,storm|2949|2_2949_1,2949,2_2949_1,2897,rank_2001_5000,0.0,31.347374358375077,intensity_distance_weighted_mps,7.17703349,0.0007177033492822966,3.3122028526149148,34.31818181818182,1,46.17723522024824,15.8,-61.60000000000002,SW
storm,STORM,storm|6108|6_6108_1,6108,6_6108_1,2903,rank_2001_5000,0.0,31.298389392505847,intensity_distance_weighted_mps,7.17703349,0.0007177033492822966,3.3043478260869743,64.31818181818183,4,154.06976982286767,14.8,-61.60000000000002,SW
storm,STORM,storm|1113|1_1113_3,1113,1_1113_3,2904,rank_2001_5000,0.0,31.290726595647225,intensity_distance_weighted_mps,7.17703349,0.0007177033492822966,3.2965299684542764,39.659090909090914,1,77.57177417474774,15.5,-61.60000000000002,SW
storm,STORM,storm|2402|2_2402_3,2402,2_2402_3,2906,rank_2001_5000,0.0,31.267594816279086,intensity_distance_weighted_mps,7.17703349,0.0007177033492822966,3.288749016522441,50.909090909090914,3,118.88616112900456,16.4,-62.5,NW
storm,STORM,storm|4211|4_4211_7,4211,4_4211_7,2911,rank_2001_5000,0.0,31.226819212663166,intensity_distance_weighted_mps,7.17703349,0.0007177033492822966,3.281004709576156,53.409090909090914,3,126.42425258697371,15.1,-61.80000000000001,SW
storm,STORM,storm|2743|2_2743_3,2743,2_2743_3,2923,rank_2001_5000,0.0,31.152134867922186,intensity_distance_weighted_mps,7.17703349,0.0007177033492822966,3.273296789350057,58.52272727272728,4,140.6013370138236,15.0,-61.89999999999998,SW
storm,STORM,storm|4721|4_4721_9,4721,4_4721_9,2924,rank_2001_5000,0.0,31.14541665743956,intensity_distance_weighted_mps,7.17703349,0.0007177033492822966,3.2656250000000178,32.727272727272734,0,33.80474537884485,16.4,-61.19999999999999,NE
storm,STORM,storm|852|0_852_0,852,0_852_0,2931,rank_2001_5000,0.0,31.113837154388115,intensity_distance_weighted_mps,7.17703349,0.0007177033492822966,3.2579890880748428,37.27272727272727,1,66.7368493607135,15.8,-61.89999999999998,SW
storm,STORM,storm|4314|4_4314_5,4314,4_4314_5,2932,rank_2001_5000,0.0,31.10776999646291,intensity_distance_weighted_mps,7.17703349,0.0007177033492822966,3.250388802488354,59.54545454545455,4,143.41809041223445,14.9,-61.19999999999999,SE
storm,STORM,storm|275|0_275_12,275,0_275_12,2938,rank_2001_5000,0.0,31.043596152084916,intensity_distance_weighted_mps,7.17703349,0.0007177033492822966,3.242823894491872,32.84090909090909,0,36.092510952515966,16.3,-61.10000000000002,NE
storm,STORM,storm|8221|8_8221_2,8221,8_8221_2,2939,rank_2001_5000,0.0,31.042369200903934,intensity_distance_weighted_mps,7.17703349,0.0007177033492822966,3.235294117647077,57.045454545454554,3,137.28600579101433,15.2,-62.19999999999999,SW
storm,STORM,storm|6510|6_6510_2,6510,6_6510_2,2947,rank_2001_5000,0.0,31.016708897014645,intensity_distance_weighted_mps,7.17703349,0.0007177033492822966,3.2277992277992458,70.68181818181819,5,169.62807345227435,14.8,-62.10000000000002,SW
storm,STORM,storm|8866|8_8866_1,8866,8_8866_1,2952,rank_2001_5000,0.0,30.992166717178907,intensity_distance_weighted_mps,7.17703349,0.0007177033492822966,3.2203389830508655,48.52272727272728,2,112.81405008125577,15.5,-62.19999999999999,SW
storm,STORM,storm|4740|4_4740_3,4740,4_4740_3,2954,rank_2001_5000,0.0,30.986713125760026,intensity_distance_weighted_mps,7.17703349,0.0007177033492822966,3.2129131437356064,35.45454545454546,1,56.9576334636541,16.5,-61.0,NE
storm,STORM,storm|8940|8_8940_5,8940,8_8940_5,2963,rank_2001_5000,0.0,30.936381262075304,intensity_distance_weighted_mps,7.17703349,0.0007177033492822966,3.205521472392656,43.63636363636364,2,96.10767309382943,16.9,-61.89999999999998,NW
storm,STORM,storm|4228|4_4228_4,4228,4_4228_4,2965,rank_2001_5000,0.0,30.93043469472669,intensity_distance_weighted_mps,7.17703349,0.0007177033492822966,3.198163733741411,40.45454545454546,1,83.23585901718393,16.9,-61.60000000000002,NW
storm,STORM,storm|4407|4_4407_4,4407,4_4407_4,2966,rank_2001_5000,0.0,30.928481450284348,intensity_distance_weighted_mps,7.17703349,0.0007177033492822966,3.190839694656507,38.295454545454554,1,73.20765612203915,16.8,-61.19999999999999,NE
storm,STORM,storm|7859|7_7859_8,7859,7_7859_8,2978,rank_2001_5000,0.0,30.851071925662875,intensity_distance_weighted_mps,7.17703349,0.0007177033492822966,3.183549124143202,62.84090909090909,4,152.74329134733412,14.8,-61.39999999999998,SE
storm,STORM,storm|5227|5_5227_6,5227,5_5227_6,2980,rank_2001_5000,0.0,30.84972253443494,intensity_distance_weighted_mps,7.17703349,0.0007177033492822966,3.1762917933130885,59.659090909090914,4,144.95476503422174,14.9,-61.69999999999999,SW
storm,STORM,storm|8521|8_8521_1,8521,8_8521_1,2984,rank_2001_5000,0.0,30.827664084019492,intensity_distance_weighted_mps,7.17703349,0.0007177033492822966,3.1690674753601398,42.27272727272728,1,91.39660155241661,15.4,-61.69999999999999,SW
storm,STORM,storm|2478|2_2478_3,2478,2_2478_3,2991,rank_2001_5000,0.0,30.796232828952835,intensity_distance_weighted_mps,7.17703349,0.0007177033492822966,3.1618759455370835,59.54545454545455,4,144.92907086541166,15.0,-62.0,SW
storm,STORM,storm|382|0_382_4,382,0_382_4,2996,rank_2001_5000,0.0,30.7620144389491,intensity_distance_weighted_mps,7.17703349,0.0007177033492822966,3.1547169811320943,35.56818181818182,1,59.29025510157489,16.7,-61.5,NW
storm,STORM,storm|3978|3_3978_6,3978,3_3978_6,3003,rank_2001_5000,0.0,30.736913188052576,intensity_distance_weighted_mps,7.17703349,0.0007177033492822966,3.147590361445802,42.27272727272728,1,91.89359835401908,15.9,-60.60000000000002,SE
storm,STORM,storm|7457|7_7457_3,7457,7_7457_3,3005,rank_2001_5000,0.0,30.70951131972321,intensity_distance_weighted_mps,7.17703349,0.0007177033492822966,3.140495867768614,37.38636363636364,1,69.94242590213668,16.4,-60.80000000000001,NE
storm,STORM,storm|1231|1_1231_0,1231,1_1231_0,3012,rank_2001_5000,0.0,30.613855145915238,intensity_distance_weighted_mps,7.17703349,0.0007177033492822966,3.1334332833583396,64.77272727272728,4,158.4469956500668,17.3,-60.5,NE
storm,STORM,storm|966|0_966_9,966,0_966_9,3013,rank_2001_5000,0.0,30.610404512734522,intensity_distance_weighted_mps,7.17703349,0.0007177033492822966,3.126402393418119,39.31818181818182,1,80.00375690457842,16.7,-60.89999999999998,NE
storm,STORM,storm|4770|4_4770_11,4770,4_4770_11,3016,rank_2001_5000,0.0,30.590861640078764,intensity_distance_weighted_mps,7.17703349,0.0007177033492822966,3.119402985074646,40.56818181818183,1,85.66479082844691,15.5,-61.80000000000001,SW
storm,STORM,storm|671|0_671_8,671,0_671_8,3017,rank_2001_5000,0.0,30.5900099069863,intensity_distance_weighted_mps,7.17703349,0.0007177033492822966,3.112434847356683,51.47727272727273,3,123.94876843630628,15.1,-61.10000000000002,SE
storm,STORM,storm|100|0_100_9,100,0_100_9,3018,rank_2001_5000,0.0,30.578323484060554,intensity_distance_weighted_mps,7.17703349,0.0007177033492822966,3.105497771173867,61.81818181818182,4,151.61387634919788,16.7,-60.10000000000002,NE
storm,STORM,storm|875|0_875_8,875,0_875_8,3025,rank_2001_5000,0.0,30.537256849413488,intensity_distance_weighted_mps,7.17703349,0.0007177033492822966,3.0985915492957936,54.20454545454546,3,132.05367788356398,15.0,-61.60000000000002,SW
storm,STORM,storm|331|0_331_3,331,0_331_3,3034,rank_2001_5000,0.0,30.495771353016192,intensity_distance_weighted_mps,7.17703349,0.0007177033492822966,3.09171597633138,63.06818181818183,4,155.02309283122224,14.9,-62.0,SW
storm,STORM,storm|3921|3_3921_4,3921,3_3921_4,3047,rank_2001_5000,0.0,30.399479935627,intensity_distance_weighted_mps,7.17703349,0.0007177033492822966,3.084870848708506,41.25,1,89.61556748781072,15.6,-62.0,SW
storm,STORM,storm|1865|1_1865_12,1865,1_1865_12,3049,rank_2001_5000,0.0,30.388410002571238,intensity_distance_weighted_mps,7.17703349,0.0007177033492822966,3.078055964653922,31.931818181818187,0,33.80474537884485,16.4,-61.19999999999999,NE
storm,STORM,storm|5373|5_5373_4,5373,5_5373_4,3050,rank_2001_5000,0.0,30.384026524578534,intensity_distance_weighted_mps,7.17703349,0.0007177033492822966,3.071271124173421,40.68181818181818,1,87.32541260273997,16.9,-61.10000000000002,NE
storm,STORM,storm|920|0_920_9,920,0_920_9,3051,rank_2001_5000,0.0,30.382978966551992,intensity_distance_weighted_mps,7.17703349,0.0007177033492822966,3.064516129032277,46.81818181818183,2,110.32237862032298,15.3,-61.89999999999998,SW
storm,STORM,storm|8965|8_8965_11,8965,8_8965_11,3060,rank_2001_5000,0.0,30.351343494396573,intensity_distance_weighted_mps,7.17703349,0.0007177033492822966,3.057790782735937,41.93181818181819,1,92.65427880608104,17.0,-61.30000000000001,NE
storm,STORM,storm|8653|8_8653_11,8653,8_8653_11,3064,rank_2001_5000,0.0,30.31447909592294,intensity_distance_weighted_mps,7.17703349,0.0007177033492822966,3.051094890510968,43.63636363636364,2,99.4372343425009,15.5,-60.80000000000001,SE
storm,STORM,storm|3656|3_3656_6,3656,3_3656_6,3065,rank_2001_5000,0.0,30.313718275539287,intensity_distance_weighted_mps,7.17703349,0.0007177033492822966,3.0444282592862537,57.159090909090914,3,141.15828469499104,17.3,-60.80000000000001,NE
storm,STORM,storm|2783|2_2783_2,2783,2_2783_2,3072,rank_2001_5000,0.0,30.25838098463969,intensity_distance_weighted_mps,7.17703349,0.0007177033492822966,3.037790697674438,38.86363636363637,1,79.99268923800118,16.4,-60.69999999999999,NE
storm,STORM,storm|7489|7_7489_6,7489,7_7489_6,3074,rank_2001_5000,0.0,30.248857372744467,intensity_distance_weighted_mps,7.17703349,0.0007177033492822966,3.031182015953609,30.340909090909093,0,8.274708844222385,16.1,-61.39999999999998,SE
storm,STORM,storm|9620|9_9620_1,9620,9_9620_1,3076,rank_2001_5000,0.0,30.241156523729142,intensity_distance_weighted_mps,7.17703349,0.0007177033492822966,3.0246020260492235,41.59090909090909,1,91.89359835401908,15.9,-60.60000000000002,SE
storm,STORM,storm|6351|6_6351_5,6351,6_6351_5,3094,rank_2001_5000,0.0,30.135565772097486,intensity_distance_weighted_mps,7.17703349,0.0007177033492822966,3.018050541516265,30.22727272727273,0,8.274708844222385,16.1,-61.39999999999998,SE
storm,STORM,storm|1368|1_1368_2,1368,1_1368_2,3097,rank_2001_5000,0.0,30.106934411130066,intensity_distance_weighted_mps,7.17703349,0.0007177033492822966,3.011527377521633,47.27272727272728,2,113.26348613597693,15.4,-62.10000000000002,SW
storm,STORM,storm|303|0_303_12,303,0_303_12,3098,rank_2001_5000,0.0,30.102364799168548,intensity_distance_weighted_mps,7.17703349,0.0007177033492822966,3.0050323508267627,30.90909090909091,0,24.555795528057462,16.3,-61.60000000000002,NW
storm,STORM,storm|831|0_831_9,831,0_831_9,3115,rank_2001_5000,0.0,30.01411565727575,intensity_distance_weighted_mps,7.17703349,0.0007177033492822966,2.9985652797704643,37.5,1,74.91176673256169,15.5,-61.39999999999998,SE
storm,STORM,storm|6509|6_6509_0,6509,6_6509_0,3117,rank_2001_5000,0.0,30.009596397477186,intensity_distance_weighted_mps,7.17703349,0.0007177033492822966,2.992125984251988,54.659090909090914,3,135.94561087468912,15.3,-62.30000000000001,SW
storm,STORM,storm|9675|9_9675_8,9675,9_9675_8,3127,rank_2001_5000,0.0,29.982260899306727,intensity_distance_weighted_mps,7.17703349,0.0007177033492822966,2.9857142857143053,38.86363636363637,1,81.63928355226668,16.9,-61.30000000000001,NE
storm,STORM,storm|5601|5_5601_4,5601,5_5601_4,3132,rank_2001_5000,0.0,29.956286498463808,intensity_distance_weighted_mps,7.17703349,0.0007177033492822966,2.9793300071276034,61.13636363636364,4,153.03327198856098,14.8,-61.5,SW
storm,STORM,storm|8960|8_8960_5,8960,8_8960_5,3134,rank_2001_5000,0.0,29.92897688686156,intensity_distance_weighted_mps,7.17703349,0.0007177033492822966,2.972972972972993,54.88636363636364,3,136.9761256706651,15.0,-61.80000000000001,SW
storm,STORM,storm|6438|6_6438_8,6438,6_6438_8,3136,rank_2001_5000,0.0,29.916417101746656,intensity_distance_weighted_mps,7.17703349,0.0007177033492822966,2.9666430092264213,62.045454545454554,4,155.44806722602505,15.0,-62.19999999999999,SW
storm,STORM,storm|219|0_219_8,219,0_219_8,3140,rank_2001_5000,0.0,29.908192139852147,intensity_distance_weighted_mps,7.17703349,0.0007177033492822966,2.9603399433427957,41.13636363636364,1,91.90744578117216,16.9,-61.0,NE
storm,STORM,storm|2348|2_2348_4,2348,2_2348_4,3157,rank_2001_5000,0.0,29.82557282454869,intensity_distance_weighted_mps,7.17703349,0.0007177033492822966,2.9540636042403023,41.02272727272728,1,91.90744578117216,16.9,-61.0,NE
storm,STORM,storm|5898|5_5898_6,5898,5_5898_6,3161,rank_2001_5000,0.0,29.788261930941157,intensity_distance_weighted_mps,7.17703349,0.0007177033492822966,2.947813822284928,36.70454545454545,1,72.2778243346889,16.6,-60.89999999999998,NE
storm,STORM,storm|3129|3_3129_9,3129,3_3129_9,3163,rank_2001_5000,0.0,29.78711009929107,intensity_distance_weighted_mps,7.17703349,0.0007177033492822966,2.941590429275178,43.75000000000001,2,102.69864900301785,15.3,-61.10000000000002,SE
storm,STORM,storm|5923|5_5923_9,5923,5_5923_9,3176,rank_2001_5000,0.0,29.6822672724206,intensity_distance_weighted_mps,7.17703349,0.0007177033492822966,2.935393258426986,53.409090909090914,3,134.11042056560274,15.0,-61.69999999999999,SW
storm,STORM,storm|2099|2_2099_9,2099,2_2099_9,3177,rank_2001_5000,0.0,29.681946646282643,intensity_distance_weighted_mps,7.17703349,0.0007177033492822966,2.9292221443588145,54.54545454545455,3,137.28600579101433,15.2,-62.19999999999999,SW
storm,STORM,storm|5593|5_5593_5,5593,5_5593_5,3178,rank_2001_5000,0.0,29.6807896923175,intensity_distance_weighted_mps,7.17703349,0.0007177033492822966,2.923076923076943,56.36363636363637,3,142.22292738949253,15.6,-62.60000000000002,SW
storm,STORM,storm|597|0_597_7,597,0_597_7,3183,rank_2001_5000,0.0,29.618394283797283,intensity_distance_weighted_mps,7.17703349,0.0007177033492822966,2.916957431960941,30.454545454545457,0,25.20303862703192,16.4,-61.39999999999998,NE
storm,STORM,storm|1546|1_1546_7,1546,1_1546_7,3184,rank_2001_5000,0.0,29.612599767035274,intensity_distance_weighted_mps,7.17703349,0.0007177033492822966,2.9108635097493236,67.5,4,169.66817696119085,16.2,-63.0,NW
storm,STORM,storm|4918|4_4918_7,4918,4_4918_7,3185,rank_2001_5000,0.0,29.595089913355107,intensity_distance_weighted_mps,7.17703349,0.0007177033492822966,2.9047949965253848,52.159090909090914,3,130.9753242517024,15.2,-62.10000000000002,SW
storm,STORM,storm|4092|4_4092_16,4092,4_4092_16,3196,rank_2001_5000,0.0,29.551802438807158,intensity_distance_weighted_mps,7.17703349,0.0007177033492822966,2.89875173370321,30.22727272727273,0,22.677877083396297,16.0,-61.30000000000001,SE
storm,STORM,storm|2624|2_2624_6,2624,2_2624_6,3222,rank_2001_5000,0.0,29.444113425845412,intensity_distance_weighted_mps,7.17703349,0.0007177033492822966,2.8927335640138607,31.704545454545457,0,41.56116800704096,15.8,-61.39999999999998,SE
storm,STORM,storm|7468|7_7468_8,7468,7_7468_8,3227,rank_2001_5000,0.0,29.397910261330278,intensity_distance_weighted_mps,7.17703349,0.0007177033492822966,2.886740331491733,59.43181818181819,4,151.61387634919788,16.7,-60.10000000000002,NE
storm,STORM,storm|7710|7_7710_4,7710,7_7710_4,3228,rank_2001_5000,0.0,29.397361490634616,intensity_distance_weighted_mps,7.17703349,0.0007177033492822966,2.880771881461081,30.22727272727273,0,25.20303862703192,16.4,-61.39999999999998,NE
storm,STORM,storm|8095|8_8095_0,8095,8_8095_0,3241,rank_2001_5000,0.0,29.342265616190954,intensity_distance_weighted_mps,7.17703349,0.0007177033492822966,2.874828060522716,30.79545454545455,0,33.381471519362705,16.2,-61.10000000000002,NE
storm,STORM,storm|6527|6_6527_3,6527,6_6527_3,3243,rank_2001_5000,0.0,29.32999540522228,intensity_distance_weighted_mps,7.17703349,0.0007177033492822966,2.8689087165408576,71.81818181818183,5,180.53830407457224,17.4,-60.30000000000001,NE
storm,STORM,storm|5936|5_5936_1,5936,5_5936_1,3247,rank_2001_5000,0.0,29.32133931636492,intensity_distance_weighted_mps,7.17703349,0.0007177033492822966,2.863013698630157,75.22727272727273,5,187.68681666653544,17.4,-60.19999999999999,NE
storm,STORM,storm|7955|7_7955_5,7955,7_7955_5,3252,rank_2001_5000,0.0,29.28650073225089,intensity_distance_weighted_mps,7.17703349,0.0007177033492822966,2.857142857142877,36.5909090909091,1,74.91176673256169,15.5,-61.39999999999998,SE
storm,STORM,storm|1250|1_1250_8,1250,1_1250_8,3253,rank_2001_5000,0.0,29.28539327046011,intensity_distance_weighted_mps,7.17703349,0.0007177033492822966,2.8512960436562276,36.70454545454545,1,75.49929018639075,15.5,-61.5,SW
storm,STORM,storm|7304|7_7304_15,7304,7_7304_15,3273,rank_2001_5000,0.0,29.147626363767916,intensity_distance_weighted_mps,7.17703349,0.0007177033492822966,2.845473110959857,58.75000000000001,4,151.16558536098006,17.5,-61.10000000000002,NE
storm,STORM,storm|8198|8_8198_3,8198,8_8198_3,3284,rank_2001_5000,0.0,29.081787627005856,intensity_distance_weighted_mps,7.17703349,0.0007177033492822966,2.8396739130434985,63.409090909090914,4,162.96733111805116,15.0,-60.5,SE
storm,STORM,storm|4969|4_4969_2,4969,4_4969_2,3287,rank_2001_5000,0.0,29.07315966381672,intensity_distance_weighted_mps,7.17703349,0.0007177033492822966,2.833898305084766,56.93181818181819,3,146.8335308913351,17.4,-60.89999999999998,NE
storm,STORM,storm|4747|4_4747_12,4747,4_4747_12,3291,rank_2001_5000,0.0,29.063790795844444,intensity_distance_weighted_mps,7.17703349,0.0007177033492822966,2.8281461434370976,31.81818181818182,0,46.17723522024824,15.8,-61.60000000000002,SW
storm,STORM,storm|6844|6_6844_4,6844,6_6844_4,3294,rank_2001_5000,0.0,29.050360679880743,intensity_distance_weighted_mps,7.17703349,0.0007177033492822966,2.822417285617846,36.477272727272734,1,75.84372154437999,15.5,-61.30000000000001,SE
storm,STORM,storm|3597|3_3597_14,3597,3_3597_14,3305,rank_2001_5000,0.0,29.001005339990808,intensity_distance_weighted_mps,7.17703349,0.0007177033492822966,2.8167115902965163,79.4318181818182,5,197.8029282243968,15.5,-59.69999999999999,SE
storm,STORM,storm|8865|8_8865_15,8865,8_8865_15,3308,rank_2001_5000,0.0,28.978980646992948,intensity_distance_weighted_mps,7.17703349,0.0007177033492822966,2.811028917283141,33.29545454545455,1,57.8914285069782,16.6,-61.10000000000002,NE
storm,STORM,storm|9911|9_9911_8,9911,9_9911_8,3332,rank_2001_5000,0.0,28.803403016850744,intensity_distance_weighted_mps,7.17703349,0.0007177033492822966,2.8053691275167987,46.02272727272727,2,115.97847946795997,15.2,-61.80000000000001,SW
storm,STORM,storm|8449|8_8449_0,8449,8_8449_0,3335,rank_2001_5000,0.0,28.78426035941406,intensity_distance_weighted_mps,7.17703349,0.0007177033492822966,2.7997320830542733,68.06818181818183,4,175.2351154130867,14.6,-61.5,SW
storm,STORM,storm|8812|8_8812_8,8812,8_8812_8,3344,rank_2001_5000,0.0,28.707104297599656,intensity_distance_weighted_mps,7.17703349,0.0007177033492822966,2.794117647058844,65.90909090909092,4,170.75743854797747,16.9,-60.0,NE
storm,STORM,storm|4979|4_4979_7,4979,4_4979_7,3346,rank_2001_5000,0.0,28.695967597825526,intensity_distance_weighted_mps,7.17703349,0.0007177033492822966,2.788525683789213,69.88636363636364,4,179.71271538017854,14.7,-62.10000000000002,SW
storm,STORM,storm|2529|2_2529_8,2529,2_2529_8,3365,rank_2001_5000,0.0,28.59445192117015,intensity_distance_weighted_mps,7.17703349,0.0007177033492822966,2.782956058588569,62.15909090909092,4,162.51421743310217,15.4,-62.69999999999999,SW
storm,STORM,storm|8057|8_8057_3,8057,8_8057_3,3370,rank_2001_5000,0.0,28.56106231170887,intensity_distance_weighted_mps,7.17703349,0.0007177033492822966,2.7774086378737746,38.06818181818182,1,86.54232474206935,15.4,-61.5,SW
storm,STORM,storm|5242|5_5242_5,5242,5_5242_5,3379,rank_2001_5000,0.0,28.50523659091046,intensity_distance_weighted_mps,7.17703349,0.0007177033492822966,2.771883289124689,29.090909090909093,0,21.500885690759674,16.0,-61.5,SW
storm,STORM,storm|5778|5_5778_1,5778,5_5778_1,3382,rank_2001_5000,0.0,28.497952968445528,intensity_distance_weighted_mps,7.17703349,0.0007177033492822966,2.766379880873614,28.750000000000004,0,14.106693156686516,16.3,-61.39999999999998,NE
storm,STORM,storm|1083|1_1083_0,1083,1_1083_0,3384,rank_2001_5000,0.0,28.487273177910936,intensity_distance_weighted_mps,7.17703349,0.0007177033492822966,2.7608982826948685,29.772727272727273,0,31.86354595969182,15.9,-61.5,SW
storm,STORM,storm|7017|7_7017_9,7017,7_7017_9,3385,rank_2001_5000,0.0,28.484458792948704,intensity_distance_weighted_mps,7.17703349,0.0007177033492822966,2.7554383651944834,32.727272727272734,0,57.8914285069782,16.6,-61.10000000000002,NE
storm,STORM,storm|8952|8_8952_2,8952,8_8952_2,3388,rank_2001_5000,0.0,28.46651392137258,intensity_distance_weighted_mps,7.17703349,0.0007177033492822966,2.7500000000000204,32.159090909090914,0,54.02426856087736,16.3,-61.89999999999998,NW
storm,STORM,storm|8060|8_8060_2,8060,8_8060_2,3403,rank_2001_5000,0.0,28.39089996889177,intensity_distance_weighted_mps,7.17703349,0.0007177033492822966,2.744583059750513,30.681818181818183,0,42.609503309266124,15.8,-61.5,SW
storm,STORM,storm|5314|5_5314_10,5314,5_5314_10,3406,rank_2001_5000,0.0,28.379243996292626,intensity_distance_weighted_mps,7.17703349,0.0007177033492822966,2.739187418086521,44.43181818181819,2,112.81405008125577,15.5,-62.19999999999999,SW
storm,STORM,storm|3255|3_3255_9,3255,3_3255_9,3428,rank_2001_5000,0.0,28.25931979054661,intensity_distance_weighted_mps,7.17703349,0.0007177033492822966,2.7338129496403085,72.72727272727273,5,188.1628903953631,17.8,-61.89999999999998,NW
storm,STORM,storm|5764|5_5764_1,5764,5_5764_1,3432,rank_2001_5000,0.0,28.23586458605231,intensity_distance_weighted_mps,7.17703349,0.0007177033492822966,2.72845953002613,35.45454545454546,1,75.84372154437999,15.5,-61.30000000000001,SE
storm,STORM,storm|3354|3_3354_8,3354,3_3354_8,3438,rank_2001_5000,0.0,28.174499940934364,intensity_distance_weighted_mps,7.17703349,0.0007177033492822966,2.7231270358306396,57.50000000000001,3,153.03327198856098,14.8,-61.5,SW
storm,STORM,storm|9577|9_9577_7,9577,9_9577_7,3443,rank_2001_5000,0.0,28.1672733012523,intensity_distance_weighted_mps,7.17703349,0.0007177033492822966,2.7178153446034017,32.04545454545455,0,55.65868046882474,16.0,-61.89999999999998,SW
storm,STORM,storm|5218|5_5218_2,5218,5_5218_2,3450,rank_2001_5000,0.0,28.133490366416922,intensity_distance_weighted_mps,7.17703349,0.0007177033492822966,2.7125243348475223,61.81818181818182,4,164.13293586893326,14.7,-61.5,SW
storm,STORM,storm|3036|3_3036_3,3036,3_3036_3,3460,rank_2001_5000,0.0,28.068998761758365,intensity_distance_weighted_mps,7.17703349,0.0007177033492822966,2.7072538860103834,48.409090909090914,2,127.68922657621151,16.6,-60.30000000000001,NE
storm,STORM,storm|632|0_632_1,632,0_632_1,3468,rank_2001_5000,0.0,28.035846291522375,intensity_distance_weighted_mps,7.17703349,0.0007177033492822966,2.7020038784744873,59.31818181818183,4,158.4469956500668,17.3,-60.5,NE
storm,STORM,storm|5428|5_5428_8,5428,5_5428_8,3469,rank_2001_5000,0.0,28.035141090037307,intensity_distance_weighted_mps,7.17703349,0.0007177033492822966,2.6967741935484075,36.477272727272734,1,82.31252911212373,16.8,-61.0,NE
storm,STORM,storm|1323|1_1323_10,1323,1_1323_10,3483,rank_2001_5000,0.0,27.97648059369747,intensity_distance_weighted_mps,7.17703349,0.0007177033492822966,2.6915647134578444,49.659090909090914,3,132.05367788356398,15.0,-61.60000000000002,SW
storm,STORM,storm|4259|4_4259_2,4259,4_4259_2,3485,rank_2001_5000,0.0,27.972288526474596,intensity_distance_weighted_mps,7.17703349,0.0007177033492822966,2.6863753213367816,64.88636363636364,4,172.31506778672258,17.3,-60.30000000000001,NE
storm,STORM,storm|2520|2_2520_2,2520,2_2520_2,3490,rank_2001_5000,0.0,27.958904979634326,intensity_distance_weighted_mps,7.17703349,0.0007177033492822966,2.6812059012187506,41.13636363636364,1,102.9786066130403,16.8,-60.69999999999999,NE
storm,STORM,storm|521|0_521_2,521,0_521_2,3497,rank_2001_5000,0.0,27.926346186274387,intensity_distance_weighted_mps,7.17703349,0.0007177033492822966,2.67605633802819,71.02272727272728,5,186.3393609685454,14.5,-61.5,SW
storm,STORM,storm|2824|2_2824_5,2824,2_2824_5,3503,rank_2001_5000,0.0,27.909212226710615,intensity_distance_weighted_mps,7.17703349,0.0007177033492822966,2.670926517571906,54.43181818181819,3,146.22632539868508,15.1,-62.19999999999999,SW
storm,STORM,storm|4288|4_4288_11,4288,4_4288_11,3521,rank_2001_5000,0.0,27.79483536737573,intensity_distance_weighted_mps,7.17703349,0.0007177033492822966,2.665816326530633,70.45454545454547,5,185.83099655896893,17.7,-60.69999999999999,NE
storm,STORM,storm|7708|7_7708_5,7708,7_7708_5,3523,rank_2001_5000,0.0,27.784217557090027,intensity_distance_weighted_mps,7.17703349,0.0007177033492822966,2.6607256524506893,45.22727272727273,2,118.85116709980929,17.2,-61.10000000000002,NE
storm,STORM,storm|4458|4_4458_0,4458,4_4458_0,3529,rank_2001_5000,0.0,27.727427992322237,intensity_distance_weighted_mps,7.17703349,0.0007177033492822966,2.655654383735726,58.977272727272734,4,159.2430173160921,16.7,-62.80000000000001,NW
storm,STORM,storm|2767|2_2767_13,2767,2_2767_13,3532,rank_2001_5000,0.0,27.715310664287244,intensity_distance_weighted_mps,7.17703349,0.0007177033492822966,2.650602409638575,50.795454545454554,3,136.8833544640146,17.4,-61.30000000000001,NE
storm,STORM,storm|1876|1_1876_2,1876,1_1876_2,3535,rank_2001_5000,0.0,27.66855551769646,intensity_distance_weighted_mps,7.17703349,0.0007177033492822966,2.6455696202531853,34.659090909090914,1,75.39685576718156,15.8,-62.0,SW
storm,STORM,storm|1647|1_1647_4,1647,1_1647_4,3539,rank_2001_5000,0.0,27.63601948180029,intensity_distance_weighted_mps,7.17703349,0.0007177033492822966,2.6405559065066537,50.909090909090914,3,137.6513151769714,16.6,-60.19999999999999,NE
storm,STORM,storm|4565|4_4565_15,4565,4_4565_15,3543,rank_2001_5000,0.0,27.60172944392682,intensity_distance_weighted_mps,7.17703349,0.0007177033492822966,2.6355611601513447,28.181818181818183,0,21.745546605949606,16.1,-61.60000000000002,SW
storm,STORM,storm|2600|2_2600_2,2600,2_2600_2,3547,rank_2001_5000,0.0,27.590570935997363,intensity_distance_weighted_mps,7.17703349,0.0007177033492822966,2.630585273757101,63.97727272727273,4,172.2591345987485,17.2,-60.19999999999999,NE
storm,STORM,storm|4663|4_4663_6,4663,4_4663_6,3551,rank_2001_5000,0.0,27.572759167727735,intensity_distance_weighted_mps,7.17703349,0.0007177033492822966,2.6256281407035384,39.20454545454546,1,97.42588339761399,15.6,-62.10000000000002,SW
storm,STORM,storm|6704|6_6704_12,6704,6_6704_12,3561,rank_2001_5000,0.0,27.532772804407426,intensity_distance_weighted_mps,7.17703349,0.0007177033492822966,2.6206896551724346,34.09090909090909,1,73.20765612203915,16.8,-61.19999999999999,NE
storm,STORM,storm|3013|3_3013_4,3013,3_3013_4,3562,rank_2001_5000,0.0,27.53166669824912,intensity_distance_weighted_mps,7.17703349,0.0007177033492822966,2.615769712140196,41.13636363636364,1,105.44341021737615,17.1,-61.19999999999999,NE
storm,STORM,storm|7771|7_7771_6,7771,7_7771_6,3568,rank_2001_5000,0.0,27.513652001558466,intensity_distance_weighted_mps,7.17703349,0.0007177033492822966,2.610868207370414,36.70454545454545,1,86.69539004434327,16.2,-60.60000000000002,NE
storm,STORM,storm|7654|7_7654_14,7654,7_7654_14,3570,rank_2001_5000,0.0,27.50870272523461,intensity_distance_weighted_mps,7.17703349,0.0007177033492822966,2.6059850374065046,28.750000000000004,0,31.86354595969182,15.9,-61.5,SW
storm,STORM,storm|9784|9_9784_8,9784,9_9784_8,3572,rank_2001_5000,0.0,27.50680200320992,intensity_distance_weighted_mps,7.17703349,0.0007177033492822966,2.601120099564427,30.113636363636367,0,46.17723522024824,15.8,-61.60000000000002,SW
storm,STORM,storm|467|0_467_5,467,0_467_5,3576,rank_2001_5000,0.0,27.483152108833433,intensity_distance_weighted_mps,7.17703349,0.0007177033492822966,2.5962732919254865,31.136363636363637,0,54.6884227201857,16.2,-60.89999999999998,NE
storm,STORM,storm|3855|3_3855_10,3855,3_3855_10,3587,rank_2001_5000,0.0,27.43964890550902,intensity_distance_weighted_mps,7.17703349,0.0007177033492822966,2.591444513329221,67.95454545454545,4,182.26754797847317,17.1,-60.0,NE
storm,STORM,storm|2676|2_2676_1,2676,2_2676_1,3589,rank_2001_5000,0.0,27.439361001840155,intensity_distance_weighted_mps,7.17703349,0.0007177033492822966,2.5866336633663574,67.27272727272728,4,180.72896736623298,14.7,-60.69999999999999,SE
storm,STORM,storm|7022|7_7022_0,7022,7_7022_0,3590,rank_2001_5000,0.0,27.42450503933578,intensity_distance_weighted_mps,7.17703349,0.0007177033492822966,2.5818406423718554,39.20454545454546,1,98.30944633328286,16.3,-60.5,NE
storm,STORM,storm|4969|4_4969_15,4969,4_4969_15,3602,rank_2001_5000,0.0,27.353217346110334,intensity_distance_weighted_mps,7.17703349,0.0007177033492822966,2.5770653514180233,28.295454545454547,0,27.839868137921705,16.4,-61.30000000000001,NE
storm,STORM,storm|5752|5_5752_7,5752,5_5752_7,3609,rank_2001_5000,0.0,27.312006761487204,intensity_distance_weighted_mps,7.17703349,0.0007177033492822966,2.5723076923077133,31.250000000000004,0,56.9576334636541,16.5,-61.0,NE
storm,STORM,storm|6312|6_6312_6,6312,6_6312_6,3610,rank_2001_5000,0.0,27.305892586178526,intensity_distance_weighted_mps,7.17703349,0.0007177033492822966,2.5675675675675884,77.8409090909091,5,204.06065495994446,14.4,-61.89999999999998,SW
storm,STORM,storm|2322|2_2322_6,2322,2_2322_6,3635,rank_2001_5000,0.0,27.209351340984583,intensity_distance_weighted_mps,7.17703349,0.0007177033492822966,2.562844880441468,52.159090909090914,3,143.63661875063008,15.3,-62.39999999999998,SW
storm,STORM,storm|7660|7_7660_3,7660,7_7660_3,3638,rank_2001_5000,0.0,27.203619181535508,intensity_distance_weighted_mps,7.17703349,0.0007177033492822966,2.558139534883742,41.36363636363637,1,108.22056722894281,17.1,-61.10000000000002,NE
storm,STORM,storm|8879|8_8879_7,8879,8_8879_7,3653,rank_2001_5000,0.0,27.12760376466217,intensity_distance_weighted_mps,7.17703349,0.0007177033492822966,2.5534514355528617,39.659090909090914,1,101.94991049534865,15.4,-60.89999999999998,SE
storm,STORM,storm|2903|2_2903_0,2903,2_2903_0,3658,rank_2001_5000,0.0,27.11426241101579,intensity_distance_weighted_mps,7.17703349,0.0007177033492822966,2.548780487804899,27.840909090909093,0,24.555795528057462,16.3,-61.60000000000002,NW
storm,STORM,storm|534|0_534_13,534,0_534_13,3662,rank_2001_5000,0.0,27.10814167037109,intensity_distance_weighted_mps,7.17703349,0.0007177033492822966,2.5441265976871787,42.727272727272734,2,113.85964364405808,16.5,-60.39999999999998,NE
storm,STORM,storm|3560|3_3560_6,3560,3_3560_6,3664,rank_2001_5000,0.0,27.104950741537913,intensity_distance_weighted_mps,7.17703349,0.0007177033492822966,2.5394896719319773,62.613636363636374,4,171.6857485438727,15.4,-62.80000000000001,SW
storm,STORM,storm|3064|3_3064_5,3064,3_3064_5,3689,rank_2001_5000,0.0,27.002562490693606,intensity_distance_weighted_mps,7.17703349,0.0007177033492822966,2.534869617950294,36.02272727272727,1,86.69539004434327,16.2,-60.60000000000002,NE
storm,STORM,storm|5073|5_5073_7,5073,5_5073_7,3690,rank_2001_5000,0.0,26.993661745601493,intensity_distance_weighted_mps,7.17703349,0.0007177033492822966,2.5302663438256867,59.43181818181819,4,164.432795509124,17.2,-60.30000000000001,NE
storm,STORM,storm|588|0_588_10,588,0_588_10,3701,rank_2001_5000,0.0,26.86799346066476,intensity_distance_weighted_mps,7.17703349,0.0007177033492822966,2.5256797583081783,27.272727272727273,0,18.410194885213727,16.3,-61.30000000000001,NE
storm,STORM,storm|1220|1_1220_10,1220,1_1220_10,3705,rank_2001_5000,0.0,26.855438252700502,intensity_distance_weighted_mps,7.17703349,0.0007177033492822966,2.5211097708082235,50.795454545454554,3,141.62416354722689,14.9,-61.39999999999998,SE
storm,STORM,storm|665|0_665_2,665,0_665_2,3707,rank_2001_5000,0.0,26.84772281707425,intensity_distance_weighted_mps,7.17703349,0.0007177033492822966,2.5165562913907493,60.227272727272734,4,167.2544839009683,17.0,-60.10000000000002,NE
storm,STORM,storm|630|0_630_2,630,0_630_2,3711,rank_2001_5000,0.0,26.840471574019404,intensity_distance_weighted_mps,7.17703349,0.0007177033492822966,2.5120192307692517,44.65909090909091,2,122.2174485703427,15.4,-60.60000000000002,SE
storm,STORM,storm|5836|5_5836_3,5836,5_5836_3,3715,rank_2001_5000,0.0,26.80911858230676,intensity_distance_weighted_mps,7.17703349,0.0007177033492822966,2.507498500299961,64.6590909090909,4,178.23080734993303,17.7,-60.89999999999998,NE
storm,STORM,storm|4297|4_4297_3,4297,4_4297_3,3722,rank_2001_5000,0.0,26.766107941979516,intensity_distance_weighted_mps,7.17703349,0.0007177033492822966,2.5029940119760687,37.27272727272727,1,93.97885409306996,15.8,-62.19999999999999,SW
storm,STORM,storm|8475|8_8475_6,8475,8_8475_6,3742,rank_2001_5000,0.0,26.647924395642203,intensity_distance_weighted_mps,7.17703349,0.0007177033492822966,2.4985056784220174,47.5,2,132.68878297407352,17.3,-61.0,NE
storm,STORM,storm|5833|5_5833_1,5833,5_5833_1,3745,rank_2001_5000,0.0,26.634642231754093,intensity_distance_weighted_mps,7.17703349,0.0007177033492822966,2.494033412887849,56.81818181818182,3,159.68087696730538,14.9,-62.10000000000002,SW
storm,STORM,storm|6081|6_6081_1,6081,6_6081_1,3749,rank_2001_5000,0.0,26.590300232147236,intensity_distance_weighted_mps,7.17703349,0.0007177033492822966,2.4895771292436186,31.704545454545457,0,65.78402050515034,16.0,-62.0,SW
storm,STORM,storm|9492|9_9492_7,9492,9_9492_7,3762,rank_2001_5000,0.0,26.53685740435001,intensity_distance_weighted_mps,7.17703349,0.0007177033492822966,2.4851367419738617,40.45454545454546,1,108.63007082436698,15.7,-62.30000000000001,SW
storm,STORM,storm|8950|8_8950_6,8950,8_8950_6,3768,rank_2001_5000,0.0,26.499533261914028,intensity_distance_weighted_mps,7.17703349,0.0007177033492822966,2.480712166172128,28.06818181818182,0,36.495134936606505,15.9,-61.60000000000002,SW
storm,STORM,storm|2097|2_2097_17,2097,2_2097_17,3783,rank_2001_5000,0.0,26.373457868765193,intensity_distance_weighted_mps,7.17703349,0.0007177033492822966,2.476303317535566,49.545454545454554,3,140.6013370138236,15.0,-61.89999999999998,SW
storm,STORM,storm|5000|5_5000_10,5000,5_5000_10,3792,rank_2001_5000,0.0,26.339359016342254,intensity_distance_weighted_mps,7.17703349,0.0007177033492822966,2.4719101123595717,36.81818181818182,1,94.61171313043853,17.0,-61.19999999999999,NE
storm,STORM,storm|3157|3_3157_5,3157,3_3157_5,3801,rank_2001_5000,0.0,26.30553364796784,intensity_distance_weighted_mps,7.17703349,0.0007177033492822966,2.4675324675324886,37.5,1,97.85193055477494,15.5,-62.0,SW
storm,STORM,storm|2677|2_2677_15,2677,2_2677_15,3802,rank_2001_5000,0.0,26.304094086266836,intensity_distance_weighted_mps,7.17703349,0.0007177033492822966,2.463170300530369,33.97727272727273,1,81.01533628226211,15.5,-61.69999999999999,SW
storm,STORM,storm|9993|9_9993_7,9993,9_9993_7,3806,rank_2001_5000,0.0,26.294879134044628,intensity_distance_weighted_mps,7.17703349,0.0007177033492822966,2.4588235294117857,38.40909090909091,1,101.81300372998135,17.0,-61.0,NE
storm,STORM,storm|709|0_709_10,709,0_709_10,3809,rank_2001_5000,0.0,26.279142936848064,intensity_distance_weighted_mps,7.17703349,0.0007177033492822966,2.4544920728127044,38.86363636363637,1,103.8014761519685,16.5,-60.5,NE
storm,STORM,storm|7858|7_7858_11,7858,7_7858_11,3814,rank_2001_5000,0.0,26.26777010712002,intensity_distance_weighted_mps,7.17703349,0.0007177033492822966,2.4501758499414046,52.50000000000001,3,149.89849087774124,15.0,-62.10000000000002,SW
storm,STORM,storm|1377|1_1377_11,1377,1_1377_11,3818,rank_2001_5000,0.0,26.259745008496328,intensity_distance_weighted_mps,7.17703349,0.0007177033492822966,2.445874780573456,38.63636363636364,1,102.9786066130403,16.8,-60.69999999999999,NE
storm,STORM,storm|2359|2_2359_4,2359,2_2359_4,3820,rank_2001_5000,0.0,26.25356937624821,intensity_distance_weighted_mps,7.17703349,0.0007177033492822966,2.44158878504675,29.659090909090914,0,54.02426856087736,16.3,-61.89999999999998,NW
storm,STORM,storm|4406|4_4406_15,4406,4_4406_15,3827,rank_2001_5000,0.0,26.230082365399053,intensity_distance_weighted_mps,7.17703349,0.0007177033492822966,2.4373177842565807,69.6590909090909,4,193.01070155204647,17.9,-61.60000000000002,NW
storm,STORM,storm|1181|1_1181_8,1181,1_1181_8,3832,rank_2001_5000,0.0,26.210052187973922,intensity_distance_weighted_mps,7.17703349,0.0007177033492822966,2.4330616996507777,49.77272727272727,3,142.22292738949253,15.6,-62.60000000000002,SW
storm,STORM,storm|7270|7_7270_5,7270,7_7270_5,3833,rank_2001_5000,0.0,26.20835995939245,intensity_distance_weighted_mps,7.17703349,0.0007177033492822966,2.4288204532248905,48.06818181818182,2,136.99182324658145,17.2,-60.69999999999999,NE
storm,STORM,storm|2632|2_2632_8,2632,2_2632_8,3834,rank_2001_5000,0.0,26.200203379619197,intensity_distance_weighted_mps,7.17703349,0.0007177033492822966,2.4245939675174224,29.31818181818182,0,51.745844798255305,15.8,-61.69999999999999,SW
storm,STORM,storm|5757|5_5757_5,5757,5_5757_5,3843,rank_2001_5000,0.0,26.137581056865347,intensity_distance_weighted_mps,7.17703349,0.0007177033492822966,2.4203821656051168,57.72727272727273,3,164.90402505630166,14.9,-62.19999999999999,SW
storm,STORM,storm|2518|2_2518_0,2518,2_2518_0,3860,rank_2001_5000,0.0,26.040030287714323,intensity_distance_weighted_mps,7.17703349,0.0007177033492822966,2.416184971098287,46.02272727272727,2,131.4006664608389,17.2,-60.80000000000001,NE
storm,STORM,storm|4359|4_4359_1,4359,4_4359_1,3861,rank_2001_5000,0.0,26.037056582732745,intensity_distance_weighted_mps,7.17703349,0.0007177033492822966,2.412002308136201,26.704545454545457,0,24.01692105080739,16.1,-61.19999999999999,SE
storm,STORM,storm|9537|9_9537_3,9537,9_9537_3,3888,rank_2001_5000,0.0,25.94149444456457,intensity_distance_weighted_mps,7.17703349,0.0007177033492822966,2.4078341013825098,39.43181818181819,1,108.16953164319088,16.6,-60.5,NE
storm,STORM,storm|3333|3_3333_8,3333,3_3333_8,3902,rank_2001_5000,0.0,25.866189638685896,intensity_distance_weighted_mps,7.17703349,0.0007177033492822966,2.4036802760207228,41.477272727272734,1,116.53102004244103,17.1,-60.89999999999998,NE
storm,STORM,storm|114|0_114_7,114,0_114_7,3909,rank_2001_5000,0.0,25.830484947512133,intensity_distance_weighted_mps,7.17703349,0.0007177033492822966,2.399540757749734,25.909090909090914,0,8.274708844222385,16.1,-61.39999999999998,SE
storm,STORM,storm|8539|8_8539_11,8539,8_8539_11,3912,rank_2001_5000,0.0,25.811530889131436,intensity_distance_weighted_mps,7.17703349,0.0007177033492822966,2.3954154727793906,36.70454545454545,1,97.44474411509874,16.9,-60.89999999999998,NE
storm,STORM,storm|3051|3_3051_6,3051,3_3051_6,3921,rank_2001_5000,0.0,25.751740366277158,intensity_distance_weighted_mps,7.17703349,0.0007177033492822966,2.3913043478261082,71.70454545454547,5,200.37520517813897,17.8,-60.60000000000002,NE
storm,STORM,storm|7122|7_7122_2,7122,7_7122_2,3927,rank_2001_5000,0.0,25.727518508749775,intensity_distance_weighted_mps,7.17703349,0.0007177033492822966,2.3872073101085305,32.727272727272734,0,78.24087611279013,15.5,-61.19999999999999,SE
storm,STORM,storm|548|0_548_4,548,0_548_4,3929,rank_2001_5000,0.0,25.710155312107595,intensity_distance_weighted_mps,7.17703349,0.0007177033492822966,2.383124287343237,50.56818181818182,3,147.49327954226783,17.5,-61.39999999999998,NE
storm,STORM,storm|9378|9_9378_3,9378,9_9378_3,3934,rank_2001_5000,0.0,25.686546890817233,intensity_distance_weighted_mps,7.17703349,0.0007177033492822966,2.3790552077404876,37.727272727272734,1,102.69864900301785,15.3,-61.10000000000002,SE
storm,STORM,storm|7625|7_7625_15,7625,7_7625_15,3957,rank_2001_5000,0.0,25.566437927539642,intensity_distance_weighted_mps,7.17703349,0.0007177033492822966,2.3750000000000213,47.27272727272728,2,138.2130150975803,17.4,-61.19999999999999,NE
storm,STORM,storm|7201|7_7201_2,7201,7_7201_2,3962,rank_2001_5000,0.0,25.543587892901648,intensity_distance_weighted_mps,7.17703349,0.0007177033492822966,2.3709585933068844,62.27272727272727,4,179.8687372473188,14.6,-61.80000000000001,SW
storm,STORM,storm|9563|9_9563_2,9563,9_9563_2,3967,rank_2001_5000,0.0,25.514827365861688,intensity_distance_weighted_mps,7.17703349,0.0007177033492822966,2.3669309173273145,40.11363636363637,1,113.46284140192222,16.7,-60.5,NE
storm,STORM,storm|877|0_877_0,877,0_877_0,3984,rank_2001_5000,0.0,25.443522360580314,intensity_distance_weighted_mps,7.17703349,0.0007177033492822966,2.3629169022046566,47.04545454545455,2,138.2130150975803,17.4,-61.19999999999999,NE
storm,STORM,storm|3550|3_3550_0,3550,3_3550_0,3999,rank_2001_5000,0.0,25.387811581942728,intensity_distance_weighted_mps,7.17703349,0.0007177033492822966,2.358916478555326,45.68181818181819,2,134.11042056560274,15.0,-61.69999999999999,SW
storm,STORM,storm|8298|8_8298_0,8298,8_8298_0,4009,rank_2001_5000,0.0,25.327845147559135,intensity_distance_weighted_mps,7.17703349,0.0007177033492822966,2.35492957746481,37.95454545454545,1,105.91002590130788,15.8,-60.5,SE
storm,STORM,storm|9570|9_9570_4,9570,9_9570_4,4013,rank_2001_5000,0.0,25.30867470843187,intensity_distance_weighted_mps,7.17703349,0.0007177033492822966,2.3509561304837105,29.88636363636364,0,63.79397968727137,15.6,-61.39999999999998,SE
storm,STORM,storm|2207|2_2207_1,2207,2_2207_1,4020,rank_2001_5000,0.0,25.28290297068458,intensity_distance_weighted_mps,7.17703349,0.0007177033492822966,2.346996069623828,37.38636363636364,1,103.78451774889719,16.9,-60.80000000000001,NE
storm,STORM,storm|7631|7_7631_2,7631,7_7631_2,4021,rank_2001_5000,0.0,25.282108377470138,intensity_distance_weighted_mps,7.17703349,0.0007177033492822966,2.343049327354281,57.613636363636374,3,169.62807345227435,14.8,-62.10000000000002,SW
storm,STORM,storm|2752|2_2752_4,2752,2_2752_4,4030,rank_2001_5000,0.0,25.25312346679615,intensity_distance_weighted_mps,7.17703349,0.0007177033492822966,2.3391158365976708,48.409090909090914,2,143.63661875063008,15.3,-62.39999999999998,SW
storm,STORM,storm|1306|1_1306_7,1306,1_1306_7,4039,rank_2001_5000,0.0,25.18293649303098,intensity_distance_weighted_mps,7.17703349,0.0007177033492822966,2.335195530726278,37.159090909090914,1,103.44196632095746,17.1,-61.5,NW
storm,STORM,storm|6197|6_6197_1,6197,6_6197_1,4052,rank_2001_5000,0.0,25.120841055363414,intensity_distance_weighted_mps,7.17703349,0.0007177033492822966,2.3312883435583034,63.75000000000001,4,186.00807467582882,14.6,-62.0,SW
storm,STORM,storm|4150|4_4150_0,4150,4_4150_0,4059,rank_2001_5000,0.0,25.10317664114118,intensity_distance_weighted_mps,7.17703349,0.0007177033492822966,2.3273942093541415,47.159090909090914,2,140.6013370138236,15.0,-61.89999999999998,SW
storm,STORM,storm|911|0_911_8,911,0_911_8,4064,rank_2001_5000,0.0,25.077807707759266,intensity_distance_weighted_mps,7.17703349,0.0007177033492822966,2.3235130628126948,31.931818181818187,0,78.41855889321377,16.0,-60.69999999999999,SE
storm,STORM,storm|3966|3_3966_1,3966,3_3966_1,4072,rank_2001_5000,0.0,25.036297873116467,intensity_distance_weighted_mps,7.17703349,0.0007177033492822966,2.3196448390677236,38.06818181818182,1,108.22056722894281,17.1,-61.10000000000002,NE
storm,STORM,storm|945|0_945_6,945,0_945_6,4074,rank_2001_5000,0.0,25.032363186647654,intensity_distance_weighted_mps,7.17703349,0.0007177033492822966,2.3157894736842315,55.11363636363637,3,164.432795509124,17.2,-60.30000000000001,NE
storm,STORM,storm|9256|9_9256_12,9256,9_9256_12,4076,rank_2001_5000,0.0,25.022788762839664,intensity_distance_weighted_mps,7.17703349,0.0007177033492822966,2.3119469026548884,37.27272727272727,1,104.95191288149351,17.1,-61.60000000000002,NW
storm,STORM,storm|5368|5_5368_3,5368,5_5368_3,4086,rank_2001_5000,0.0,24.982705435591438,intensity_distance_weighted_mps,7.17703349,0.0007177033492822966,2.3081170623964873,62.727272727272734,4,184.37360646582056,14.7,-62.19999999999999,SW
storm,STORM,storm|5257|5_5257_1,5257,5_5257_1,4092,rank_2001_5000,0.0,24.935198476047827,intensity_distance_weighted_mps,7.17703349,0.0007177033492822966,2.3042998897464377,54.20454545454546,3,162.51421743310217,15.4,-62.69999999999999,SW
storm,STORM,storm|5339|5_5339_2,5339,5_5339_2,4100,rank_2001_5000,0.0,24.875345096757684,intensity_distance_weighted_mps,7.17703349,0.0007177033492822966,2.3004953219592945,56.477272727272734,3,169.0688073005595,14.7,-61.80000000000001,SW
storm,STORM,storm|6400|6_6400_6,6400,6_6400_6,4118,rank_2001_5000,0.0,24.773407153447494,intensity_distance_weighted_mps,7.17703349,0.0007177033492822966,2.296703296703318,57.159090909090914,3,171.50426483629275,15.6,-62.89999999999998,SW
storm,STORM,storm|6772|6_6772_5,6772,6_6772_5,4125,rank_2001_5000,0.0,24.71623579625901,intensity_distance_weighted_mps,7.17703349,0.0007177033492822966,2.29292375205707,43.52272727272727,2,130.84405198191362,15.0,-61.5,SW
storm,STORM,storm|9196|9_9196_7,9196,9_9196_7,4126,rank_2001_5000,0.0,24.715054125643604,intensity_distance_weighted_mps,7.17703349,0.0007177033492822966,2.289156626506045,36.36363636363637,1,102.9786066130403,16.8,-60.69999999999999,NE
storm,STORM,storm|2650|2_2650_3,2650,2_2650_3,4129,rank_2001_5000,0.0,24.698911368600754,intensity_distance_weighted_mps,7.17703349,0.0007177033492822966,2.2854018589393323,50.11363636363637,3,152.15809438632195,17.3,-60.60000000000002,NE
storm,STORM,storm|7501|7_7501_11,7501,7_7501_11,4176,rank_2001_5000,0.0,24.485531251603184,intensity_distance_weighted_mps,7.17703349,0.0007177033492822966,2.2816593886463092,63.295454545454554,4,188.84604144895115,17.8,-60.89999999999998,NE
storm,STORM,storm|6354|6_6354_4,6354,6_6354_4,4191,rank_2001_5000,0.0,24.420278249815453,intensity_distance_weighted_mps,7.17703349,0.0007177033492822966,2.2779291553133727,52.27272727272728,3,160.1945176223077,17.6,-61.19999999999999,NE
storm,STORM,storm|5577|5_5577_2,5577,5_5577_2,4216,rank_2001_5000,0.0,24.29641409171233,intensity_distance_weighted_mps,7.17703349,0.0007177033492822966,2.274211099020696,69.20454545454545,4,203.93072388300936,17.3,-59.89999999999998,NE
storm,STORM,storm|7865|7_7865_3,7865,7_7865_3,4220,rank_2001_5000,0.0,24.27534290354521,intensity_distance_weighted_mps,7.17703349,0.0007177033492822966,2.2705051602390216,40.68181818181818,1,123.31508784504425,15.1,-61.69999999999999,SW
storm,STORM,storm|602|0_602_0,602,0_602_0,4223,rank_2001_5000,0.0,24.26983213235313,intensity_distance_weighted_mps,7.17703349,0.0007177033492822966,2.2668112798264852,34.54545454545455,1,97.60272465644468,15.3,-61.5,SW
storm,STORM,storm|9415|9_9415_5,9415,9_9415_5,4226,rank_2001_5000,0.0,24.25961048777072,intensity_distance_weighted_mps,7.17703349,0.0007177033492822966,2.263129399025468,57.27272727272727,3,174.98169189095634,14.6,-61.39999999999998,SE
storm,STORM,storm|4861|4_4861_2,4861,4_4861_2,4233,rank_2001_5000,0.0,24.239227608205493,intensity_distance_weighted_mps,7.17703349,0.0007177033492822966,2.2594594594594803,31.363636363636367,0,81.32166932743593,16.9,-61.5,NW
storm,STORM,storm|1508|1_1508_7,1508,1_1508_7,4239,rank_2001_5000,0.0,24.196624893436613,intensity_distance_weighted_mps,7.17703349,0.0007177033492822966,2.2558014031300804,63.97727272727273,4,192.33122104396637,17.9,-61.30000000000001,NE
storm,STORM,storm|8971|8_8971_4,8971,8_8971_4,4243,rank_2001_5000,0.0,24.188496062233025,intensity_distance_weighted_mps,7.17703349,0.0007177033492822966,2.252155172413814,67.04545454545455,4,199.66295709629262,17.7,-62.39999999999998,NW
storm,STORM,storm|5683|5_5683_14,5683,5_5683_14,4252,rank_2001_5000,0.0,24.134963060354938,intensity_distance_weighted_mps,7.17703349,0.0007177033492822966,2.248520710059193,67.95454545454545,4,202.11663400954038,16.3,-63.30000000000001,NW
storm,STORM,storm|9369|9_9369_6,9369,9_9369_6,4254,rank_2001_5000,0.0,24.12610418934013,intensity_distance_weighted_mps,7.17703349,0.0007177033492822966,2.2448979591836946,53.977272727272734,3,166.85081324436274,15.1,-62.5,SW
storm,STORM,storm|915|0_915_7,915,0_915_7,4260,rank_2001_5000,0.0,24.110162184113967,intensity_distance_weighted_mps,7.17703349,0.0007177033492822966,2.2412868632707985,34.31818181818182,1,97.60272465644468,15.3,-61.5,SW
storm,STORM,storm|1658|1_1658_1,1658,1_1658_1,4275,rank_2001_5000,0.0,24.04634627155755,intensity_distance_weighted_mps,7.17703349,0.0007177033492822966,2.2376873661670444,28.636363636363637,0,65.53508619388666,16.5,-60.89999999999998,NE
storm,STORM,storm|7211|7_7211_1,7211,7_7211_1,4277,rank_2001_5000,0.0,24.03305201649972,intensity_distance_weighted_mps,7.17703349,0.0007177033492822966,2.2340994120791233,37.5,1,112.28490791507032,15.9,-60.39999999999998,SE
storm,STORM,storm|4905|4_4905_7,4905,4_4905_7,4278,rank_2001_5000,0.0,24.023739336249687,intensity_distance_weighted_mps,7.17703349,0.0007177033492822966,2.2305229455709923,68.63636363636364,4,204.40891878798024,14.5,-62.19999999999999,SW
storm,STORM,storm|8328|8_8328_5,8328,8_8328_5,4298,rank_2001_5000,0.0,23.908032819710737,intensity_distance_weighted_mps,7.17703349,0.0007177033492822966,2.2269579115610227,24.65909090909091,0,26.58618983476137,16.3,-61.19999999999999,NE
storm,STORM,storm|9148|9_9148_10,9148,9_9148_10,4324,rank_2001_5000,0.0,23.76794193730454,intensity_distance_weighted_mps,7.17703349,0.0007177033492822966,2.22340425531917,40.34090909090909,1,125.25515390657368,17.3,-61.39999999999998,NE
storm,STORM,storm|3873|3_3873_1,3873,3_3873_1,4325,rank_2001_5000,0.0,23.75675220600283,intensity_distance_weighted_mps,7.17703349,0.0007177033492822966,2.219861922464174,51.47727272727273,3,162.03111316053216,17.6,-61.10000000000002,NE
storm,STORM,storm|5142|5_5142_3,5142,5_5142_3,4337,rank_2001_5000,0.0,23.704831586261143,intensity_distance_weighted_mps,7.17703349,0.0007177033492822966,2.2163308589607844,50.56818181818182,3,159.68087696730538,14.9,-62.10000000000002,SW
storm,STORM,storm|7288|7_7288_5,7288,7_7288_5,4355,rank_2001_5000,0.0,23.61933121621818,intensity_distance_weighted_mps,7.17703349,0.0007177033492822966,2.2128110111170143,39.88636363636364,1,124.48345312607468,16.9,-62.30000000000001,NW
storm,STORM,storm|1764|1_1764_8,1764,1_1764_8,4358,rank_2001_5000,0.0,23.610317931071048,intensity_distance_weighted_mps,7.17703349,0.0007177033492822966,2.2093023255814166,68.97727272727273,4,207.92664966523543,15.0,-59.89999999999998,SE
storm,STORM,storm|7325|7_7325_5,7325,7_7325_5,4384,rank_2001_5000,0.0,23.473314592452464,intensity_distance_weighted_mps,7.17703349,0.0007177033492822966,2.2058047493403903,23.863636363636367,0,19.342626122509245,16.0,-61.39999999999998,SE
storm,STORM,storm|972|0_972_0,972,0_972_0,4390,rank_2001_5000,0.0,23.446207080536574,intensity_distance_weighted_mps,7.17703349,0.0007177033492822966,2.202318229715511,61.93181818181819,4,192.1782146040069,17.8,-60.80000000000001,NE
storm,STORM,storm|996|0_996_2,996,0_996_2,4401,rank_2001_5000,0.0,23.404178903560908,intensity_distance_weighted_mps,7.17703349,0.0007177033492822966,2.1988427143608837,35.227272727272734,1,106.61298974719443,15.4,-62.0,SW
storm,STORM,storm|6223|6_6223_6,6223,6_6223_6,4409,rank_2001_5000,0.0,23.38521521229066,intensity_distance_weighted_mps,7.17703349,0.0007177033492822966,2.1953781512605253,35.56818181818182,1,108.26724866324246,15.2,-61.39999999999998,SE
storm,STORM,storm|3773|3_3773_7,3773,3_3773_7,4413,rank_2001_5000,0.0,23.351312349874828,intensity_distance_weighted_mps,7.17703349,0.0007177033492822966,2.191924488725768,61.477272727272734,4,191.6664101032616,17.6,-60.39999999999998,NE
storm,STORM,storm|9066|9_9066_8,9066,9_9066_8,4414,rank_2001_5000,0.0,23.328967498664277,intensity_distance_weighted_mps,7.17703349,0.0007177033492822966,2.188481675392691,24.54545454545455,0,34.25289194127292,16.1,-61.10000000000002,SE
storm,STORM,storm|7610|7_7610_0,7610,7_7610_0,4419,rank_2001_5000,0.0,23.309935859529404,intensity_distance_weighted_mps,7.17703349,0.0007177033492822966,2.1850496602195713,57.72727272727273,3,182.26754797847317,17.1,-60.0,NE
storm,STORM,storm|5256|5_5256_8,5256,5_5256_8,4449,rank_2001_5000,0.0,23.19679010856232,intensity_distance_weighted_mps,7.17703349,0.0007177033492822966,2.1816283924843636,27.5,0,64.60610775046256,16.6,-61.0,NE
storm,STORM,storm|5287|5_5287_3,5287,5_5287_3,4460,rank_2001_5000,0.0,23.136871415870196,intensity_distance_weighted_mps,7.17703349,0.0007177033492822966,2.1782178217821992,47.27272727272728,2,153.20406698521194,14.8,-61.30000000000001,SE
storm,STORM,storm|4249|4_4249_4,4249,4_4249_4,4464,rank_2001_5000,0.0,23.125871609785428,intensity_distance_weighted_mps,7.17703349,0.0007177033492822966,2.174817898022914,63.52272727272727,4,198.25127327000922,14.4,-61.60000000000002,SW
storm,STORM,storm|9579|9_9579_8,9579,9_9579_8,4470,rank_2001_5000,0.0,23.101264382273417,intensity_distance_weighted_mps,7.17703349,0.0007177033492822966,2.1714285714285926,24.54545454545455,0,37.504689570708805,16.5,-61.5,NW
storm,STORM,storm|9346|9_9346_4,9346,9_9346_4,4472,rank_2001_5000,0.0,23.08762383596935,intensity_distance_weighted_mps,7.17703349,0.0007177033492822966,2.1680497925311415,34.54545454545455,1,105.67027574681693,15.3,-61.80000000000001,SW
storm,STORM,storm|8645|8_8645_0,8645,8_8645_0,4503,rank_2001_5000,0.0,22.957892828593135,intensity_distance_weighted_mps,7.17703349,0.0007177033492822966,2.164681512169881,51.363636363636374,3,166.85081324436274,15.1,-62.5,SW
storm,STORM,storm|939|0_939_4,939,0_939_4,4515,rank_2001_5000,0.0,22.90528698322938,intensity_distance_weighted_mps,7.17703349,0.0007177033492822966,2.1613236814891628,49.43181818181819,3,161.42233361015226,17.4,-60.60000000000002,NE
storm,STORM,storm|3935|3_3935_8,3935,3_3935_8,4519,rank_2001_5000,0.0,22.879130093420354,intensity_distance_weighted_mps,7.17703349,0.0007177033492822966,2.1579762519360046,40.34090909090909,1,131.043579910887,15.0,-61.30000000000001,SE
storm,STORM,storm|5384|5_5384_6,5384,5_5384_6,4528,rank_2001_5000,0.0,22.848046762092718,intensity_distance_weighted_mps,7.17703349,0.0007177033492822966,2.1546391752577527,28.636363636363637,0,75.49929018639075,15.5,-61.5,SW
storm,STORM,storm|1846|1_1846_6,1846,1_1846_6,4532,rank_2001_5000,0.0,22.83978679052299,intensity_distance_weighted_mps,7.17703349,0.0007177033492822966,2.1513124034997637,56.70454545454546,3,182.6498116979866,14.6,-61.89999999999998,SW
storm,STORM,storm|2475|2_2475_6,2475,2_2475_6,4535,rank_2001_5000,0.0,22.829948933839727,intensity_distance_weighted_mps,7.17703349,0.0007177033492822966,2.1479958890031043,70.3409090909091,5,216.3892554746617,18.1,-61.69999999999999,NW
storm,STORM,storm|560|0_560_0,560,0_560_0,4537,rank_2001_5000,0.0,22.822863477607438,intensity_distance_weighted_mps,7.17703349,0.0007177033492822966,2.1446895844022786,40.68181818181818,1,132.68878297407352,17.3,-61.0,NE
storm,STORM,storm|2017|2_2017_8,2017,2_2017_8,4550,rank_2001_5000,0.0,22.763409803422448,intensity_distance_weighted_mps,7.17703349,0.0007177033492822966,2.141393442622972,29.772727272727273,0,83.23585901718393,16.9,-61.60000000000002,NW
storm,STORM,storm|6858|6_6858_5,6858,6_6858_5,4576,rank_2001_5000,0.0,22.675112448084654,intensity_distance_weighted_mps,7.17703349,0.0007177033492822966,2.138107416879816,51.13636363636364,3,168.05193926455308,15.0,-62.39999999999998,SW
storm,STORM,storm|3417|3_3417_1,3417,3_3417_1,4582,rank_2001_5000,0.0,22.645474129254765,intensity_distance_weighted_mps,7.17703349,0.0007177033492822966,2.134831460674178,41.36363636363637,1,136.37418043004763,17.4,-61.39999999999998,NE
storm,STORM,storm|1837|1_1837_1,1837,1_1837_1,4583,rank_2001_5000,0.0,22.637692393147756,intensity_distance_weighted_mps,7.17703349,0.0007177033492822966,2.1315655277919636,31.136363636363637,0,91.90744578117216,16.9,-61.0,NE
storm,STORM,storm|224|0_224_7,224,0_224_7,4601,rank_2001_5000,0.0,22.532697094685524,intensity_distance_weighted_mps,7.17703349,0.0007177033492822966,2.1283095723014465,34.88636363636364,1,111.06637741512553,16.8,-60.60000000000002,NE
storm,STORM,storm|7361|7_7361_5,7361,7_7361_5,4602,rank_2001_5000,0.0,22.52614358031648,intensity_distance_weighted_mps,7.17703349,0.0007177033492822966,2.125063548551114,50.56818181818182,3,167.36036858929714,17.4,-60.5,NE
storm,STORM,storm|897|0_897_3,897,0_897_3,4608,rank_2001_5000,0.0,22.494693781102264,intensity_distance_weighted_mps,7.17703349,0.0007177033492822966,2.1218274111675335,38.18181818181819,1,125.26302247088375,15.2,-62.0,SW
storm,STORM,storm|8752|8_8752_10,8752,8_8752_10,4609,rank_2001_5000,0.0,22.493500844825956,intensity_distance_weighted_mps,7.17703349,0.0007177033492822966,2.1186011150532393,52.95454545454546,3,174.55613958139634,14.8,-62.19999999999999,SW
storm,STORM,storm|6355|6_6355_3,6355,6_6355_3,4622,rank_2001_5000,0.0,22.420557986287765,intensity_distance_weighted_mps,7.17703349,0.0007177033492822966,2.1153846153846363,54.659090909090914,3,179.8687372473188,14.6,-61.80000000000001,SW
storm,STORM,storm|4543|4_4543_11,4543,4_4543_11,4629,rank_2001_5000,0.0,22.39662276519702,intensity_distance_weighted_mps,7.17703349,0.0007177033492822966,2.1121778676099248,40.909090909090914,1,136.37418043004763,17.4,-61.39999999999998,NE
storm,STORM,storm|6850|6_6850_10,6850,6_6850_10,4671,rank_2001_5000,0.0,22.237530718252916,intensity_distance_weighted_mps,7.17703349,0.0007177033492822966,2.108980827447044,80.11363636363637,5,241.990116651302,14.0,-61.30000000000001,SE
storm,STORM,storm|5481|5_5481_3,5481,5_5481_3,4685,rank_2001_5000,0.0,22.1999422144118,intensity_distance_weighted_mps,7.17703349,0.0007177033492822966,2.105793450881633,49.31818181818182,3,165.78532456985425,17.5,-60.69999999999999,NE
storm,STORM,storm|4797|4_4797_11,4797,4_4797_11,4687,rank_2001_5000,0.0,22.196806417105098,intensity_distance_weighted_mps,7.17703349,0.0007177033492822966,2.102615694165011,53.29545454545455,3,177.5484016726352,15.3,-62.80000000000001,SW
storm,STORM,storm|8393|8_8393_6,8393,8_8393_6,4709,rank_2001_5000,0.0,22.09290324759681,intensity_distance_weighted_mps,7.17703349,0.0007177033492822966,2.0994475138121755,39.31818181818182,1,132.4487886872216,15.0,-61.19999999999999,SE
storm,STORM,storm|3922|3_3922_4,3922,3_3922_4,4711,rank_2001_5000,0.0,22.08443162865518,intensity_distance_weighted_mps,7.17703349,0.0007177033492822966,2.0962888665998203,38.40909090909091,1,128.96450887514428,17.3,-61.69999999999999,NW
storm,STORM,storm|7055|7_7055_6,7055,7_7055_6,4716,rank_2001_5000,0.0,22.06492192993708,intensity_distance_weighted_mps,7.17703349,0.0007177033492822966,2.0931397095643676,27.15909090909091,0,72.07368625822325,15.9,-60.80000000000001,SE
storm,STORM,storm|6517|6_6517_6,6517,6_6517_6,4719,rank_2001_5000,0.0,22.059077008767087,intensity_distance_weighted_mps,7.17703349,0.0007177033492822966,2.0900000000000207,51.93181818181819,3,174.55613958139634,14.8,-62.19999999999999,SW
storm,STORM,storm|3055|3_3055_10,3055,3_3055_10,4749,rank_2001_5000,0.0,21.945084154229384,intensity_distance_weighted_mps,7.17703349,0.0007177033492822966,2.0868696954568358,53.75,3,180.58004593104252,17.6,-60.60000000000002,NE
storm,STORM,storm|7335|7_7335_14,7335,7_7335_14,4750,rank_2001_5000,0.0,21.94137823978745,intensity_distance_weighted_mps,7.17703349,0.0007177033492822966,2.0837487537388046,27.5,0,75.49929018639075,15.5,-61.5,SW
storm,STORM,storm|5677|5_5677_14,5677,5_5677_14,4761,rank_2001_5000,0.0,21.89831218356898,intensity_distance_weighted_mps,7.17703349,0.0007177033492822966,2.080637132901962,75.68181818181819,5,235.07719084591395,18.1,-60.5,NE
storm,STORM,storm|8235|8_8235_0,8235,8_8235_0,4766,rank_2001_5000,0.0,21.870331333300207,intensity_distance_weighted_mps,7.17703349,0.0007177033492822966,2.0775347912525057,52.159090909090914,3,176.5242283472077,17.5,-60.5,NE
storm,STORM,storm|1240|1_1240_5,1240,1_1240_5,4769,rank_2001_5000,0.0,21.855312172337985,intensity_distance_weighted_mps,7.17703349,0.0007177033492822966,2.074441687344934,31.022727272727277,0,97.14852257949124,15.3,-61.39999999999998,SE
storm,STORM,storm|8827|8_8827_7,8827,8_8827_7,4792,rank_2001_5000,0.0,21.776228115346164,intensity_distance_weighted_mps,7.17703349,0.0007177033492822966,2.0713577799801994,58.63636363636364,4,195.15442101938808,17.4,-60.10000000000002,NE
storm,STORM,storm|733|0_733_7,733,0_733_7,4829,rank_2001_5000,0.0,21.620451590152467,intensity_distance_weighted_mps,7.17703349,0.0007177033492822966,2.06828302820388,31.81818181818182,0,103.01741264281397,17.1,-61.39999999999998,NE
storm,STORM,storm|289|0_289_5,289,0_289_5,4830,rank_2001_5000,0.0,21.620315466957493,intensity_distance_weighted_mps,7.17703349,0.0007177033492822966,2.0652173913043685,52.95454545454546,3,180.58004593104252,17.6,-60.60000000000002,NE
storm,STORM,storm|1442|1_1442_10,1442,1_1442_10,4837,rank_2001_5000,0.0,21.59842169450051,intensity_distance_weighted_mps,7.17703349,0.0007177033492822966,2.0621608288110718,68.75,4,221.6299090190137,14.2,-61.69999999999999,SW
storm,STORM,storm|1539|1_1539_10,1539,1_1539_10,4838,rank_2001_5000,0.0,21.597722582410135,intensity_distance_weighted_mps,7.17703349,0.0007177033492822966,2.0591133004926316,39.09090909090909,1,134.99626196441878,15.1,-62.0,SW
storm,STORM,storm|7434|7_7434_1,7434,7_7434_1,4840,rank_2001_5000,0.0,21.588546371373805,intensity_distance_weighted_mps,7.17703349,0.0007177033492822966,2.056074766355161,33.75,1,112.5828666539619,15.2,-61.69999999999999,SW
storm,STORM,storm|9921|9_9921_0,9921,9_9921_0,4841,rank_2001_5000,0.0,21.58740510073765,intensity_distance_weighted_mps,7.17703349,0.0007177033492822966,2.0530451866404924,69.6590909090909,4,223.83897818147827,18.1,-60.80000000000001,NE
storm,STORM,storm|6387|6_6387_10,6387,6_6387_10,4842,rank_2001_5000,0.0,21.58728560165673,intensity_distance_weighted_mps,7.17703349,0.0007177033492822966,2.0500245218244446,25.340909090909093,0,62.548600140111155,15.9,-60.89999999999998,SE
storm,STORM,storm|6317|6_6317_10,6317,6_6317_10,4850,rank_2001_5000,0.0,21.562773417346033,intensity_distance_weighted_mps,7.17703349,0.0007177033492822966,2.047012732615104,43.409090909090914,2,150.98300674564905,14.9,-61.89999999999998,SW
storm,STORM,storm|4281|4_4281_1,4281,4_4281_1,4859,rank_2001_5000,0.0,21.523739931527313,intensity_distance_weighted_mps,7.17703349,0.0007177033492822966,2.044009779951121,26.250000000000004,0,70.28962055922305,16.8,-61.5,NW
storm,STORM,storm|3703|3_3703_13,3703,3_3703_13,4887,rank_2001_5000,0.0,21.42189941924527,intensity_distance_weighted_mps,7.17703349,0.0007177033492822966,2.041015625000021,33.06818181818182,1,110.60020436641189,15.2,-61.19999999999999,SE
storm,STORM,storm|1300|1_1300_0,1300,1_1300_0,4892,rank_2001_5000,0.0,21.41291306490075,intensity_distance_weighted_mps,7.17703349,0.0007177033492822966,2.0380302291565298,61.477272727272734,4,205.17879982486693,17.8,-60.5,NE
storm,STORM,storm|6024|6_6024_4,6024,6_6024_4,4896,rank_2001_5000,0.0,21.397293091761874,intensity_distance_weighted_mps,7.17703349,0.0007177033492822966,2.0350535540409167,35.227272727272734,1,120.59314226437024,16.7,-62.39999999999998,NW
storm,STORM,storm|5904|5_5904_9,5904,5_5904_9,4900,rank_2001_5000,0.0,21.38378687808977,intensity_distance_weighted_mps,7.17703349,0.0007177033492822966,2.0320855614973468,26.47727272727273,0,73.20765612203915,16.8,-61.19999999999999,NE
storm,STORM,storm|7146|7_7146_13,7146,7_7146_13,4902,rank_2001_5000,0.0,21.36439531109362,intensity_distance_weighted_mps,7.17703349,0.0007177033492822966,2.029126213592254,55.227272727272734,3,188.84604144895115,17.8,-60.89999999999998,NE
storm,STORM,storm|5955|5_5955_0,5955,5_5955_0,4904,rank_2001_5000,0.0,21.358697649504023,intensity_distance_weighted_mps,7.17703349,0.0007177033492822966,2.026175472612721,46.93181818181818,2,164.13293586893326,14.7,-61.5,SW
storm,STORM,storm|9200|9_9200_4,9200,9_9200_4,4912,rank_2001_5000,0.0,21.312395738215283,intensity_distance_weighted_mps,7.17703349,0.0007177033492822966,2.0232333010648804,25.909090909090914,0,69.6623266658628,16.8,-61.39999999999998,NE
storm,STORM,storm|220|0_220_1,220,0_220_1,4920,rank_2001_5000,0.0,21.275141108188663,intensity_distance_weighted_mps,7.17703349,0.0007177033492822966,2.0202996616723263,26.022727272727273,0,70.85841967285074,15.6,-61.69999999999999,SW
storm,STORM,storm|5741|5_5741_1,5741,5_5741_1,4927,rank_2001_5000,0.0,21.243712714811306,intensity_distance_weighted_mps,7.17703349,0.0007177033492822966,2.017374517374538,23.863636363636367,0,52.67691912066638,15.7,-61.39999999999998,SE
storm,STORM,storm|9569|9_9569_5,9569,9_9569_5,4939,rank_2001_5000,0.0,21.196532797450725,intensity_distance_weighted_mps,7.17703349,0.0007177033492822966,2.014457831325322,58.06818181818183,4,197.83591041943876,17.6,-60.30000000000001,NE
storm,STORM,storm|7142|7_7142_4,7142,7_7142_4,4954,rank_2001_5000,0.0,21.129211521430292,intensity_distance_weighted_mps,7.17703349,0.0007177033492822966,2.0115495668912624,84.0909090909091,5,258.93325340737323,18.0,-59.89999999999998,NE
storm,STORM,storm|9943|9_9943_0,9943,9_9943_0,4960,rank_2001_5000,0.0,21.115463978632025,intensity_distance_weighted_mps,7.17703349,0.0007177033492822966,2.008649687650189,77.8409090909091,5,245.855484473726,16.8,-59.19999999999999,NE
storm,STORM,storm|1514|1_1514_4,1514,1_1514_4,4980,rank_2001_5000,0.0,21.027387175889796,intensity_distance_weighted_mps,7.17703349,0.0007177033492822966,2.005758157389656,21.590909090909093,0,24.555795528057462,16.3,-61.60000000000002,NW
storm,STORM,storm|6552|6_6552_0,6552,6_6552_0,4987,rank_2001_5000,0.0,21.009759219414523,intensity_distance_weighted_mps,7.17703349,0.0007177033492822966,2.002874940105435,37.95454545454545,1,134.70966888502159,16.9,-60.39999999999998,NE
storm,STORM,storm|3486|3_3486_8,3486,3_3486_8,4989,rank_2001_5000,0.0,21.00641288916653,intensity_distance_weighted_mps,7.17703349,0.0007177033492822966,2.000000000000021,31.590909090909093,0,106.47567599904404,16.3,-62.39999999999998,NW
storm,STORM,storm|6376|6_6376_6,6376,6_6376_6,5006,rank_5001_10000,0.0,20.943834360673073,intensity_distance_weighted_mps,14.53488372,0.0014534883720930232,1.9942028985507454,51.93181818181819,3,182.45670266442525,15.1,-62.69999999999999,SW
storm,STORM,storm|8153|8_8153_6,8153,8_8153_6,5007,rank_5001_10000,0.0,20.939312759259902,intensity_distance_weighted_mps,14.53488372,0.0014534883720930232,1.988439306358402,29.772727272727273,0,97.42588339761399,15.6,-62.10000000000002,SW
storm,STORM,storm|8906|8_8906_2,8906,8_8906_2,5021,rank_5001_10000,0.0,20.897394032036026,intensity_distance_weighted_mps,14.53488372,0.0014534883720930232,1.9827089337175998,66.81818181818183,4,222.3565147314948,16.7,-59.39999999999998,NE
storm,STORM,storm|2307|2_2307_3,2307,2_2307_3,5043,rank_5001_10000,0.0,20.846582003289477,intensity_distance_weighted_mps,14.53488372,0.0014534883720930232,1.977011494252894,37.159090909090914,1,132.68878297407352,17.3,-61.0,NE
storm,STORM,storm|7185|7_7185_8,7185,7_7185_8,5058,rank_5001_10000,0.0,20.794973577159876,intensity_distance_weighted_mps,14.53488372,0.0014534883720930232,1.9713467048710804,57.84090909090909,3,200.20842808308456,17.1,-59.80000000000001,NE
storm,STORM,storm|4039|4_4039_2,4039,4_4039_2,5067,rank_5001_10000,0.0,20.745424562940073,intensity_distance_weighted_mps,14.53488372,0.0014534883720930232,1.9657142857143057,69.31818181818183,4,229.52313858242897,18.2,-61.0,NE
storm,STORM,storm|2773|2_2773_4,2773,2_2773_4,5079,rank_5001_10000,0.0,20.688633422721868,intensity_distance_weighted_mps,14.53488372,0.0014534883720930232,1.96011396011398,38.97727272727273,1,141.03147697133298,15.9,-62.69999999999999,SW
storm,STORM,storm|7048|7_7048_6,7048,7_7048_6,5136,rank_5001_10000,0.0,20.531242050491766,intensity_distance_weighted_mps,14.53488372,0.0014534883720930232,1.9545454545454743,45.113636363636374,2,164.13293586893326,14.7,-61.5,SW
storm,STORM,storm|371|0_371_2,371,0_371_2,5140,rank_5001_10000,0.0,20.518316211994946,intensity_distance_weighted_mps,14.53488372,0.0014534883720930232,1.9490084985835892,62.727272727272734,4,215.14076454604339,18.1,-61.60000000000002,NW
storm,STORM,storm|3263|3_3263_1,3263,3_3263_1,5155,rank_5001_10000,0.0,20.454953248626566,intensity_distance_weighted_mps,14.53488372,0.0014534883720930232,1.9435028248587767,55.3409090909091,3,195.8922826037298,17.5,-60.19999999999999,NE
storm,STORM,storm|1486|1_1486_7,1486,1_1486_7,5162,rank_5001_10000,0.0,20.420472662141883,intensity_distance_weighted_mps,14.53488372,0.0014534883720930232,1.938028169014104,57.84090909090909,3,203.05457925543953,17.5,-60.10000000000002,NE
storm,STORM,storm|5285|5_5285_10,5285,5_5285_10,5189,rank_5001_10000,0.0,20.317236483866417,intensity_distance_weighted_mps,14.53488372,0.0014534883720930232,1.9325842696629407,73.52272727272728,5,242.73766394496334,17.2,-59.39999999999998,NE
storm,STORM,storm|7531|7_7531_2,7531,7_7531_2,5206,rank_5001_10000,0.0,20.246893882151458,intensity_distance_weighted_mps,14.53488372,0.0014534883720930232,1.9271708683473583,53.409090909090914,3,191.9701496128567,17.9,-61.39999999999998,NE
storm,STORM,storm|6900|6_6900_10,6900,6_6900_10,5209,rank_5001_10000,0.0,20.218561539038497,intensity_distance_weighted_mps,14.53488372,0.0014534883720930232,1.9217877094972258,62.15909090909092,4,216.03946137606098,17.8,-60.30000000000001,NE
storm,STORM,storm|9794|9_9794_6,9794,9_9794_6,5211,rank_5001_10000,0.0,20.211556487481644,intensity_distance_weighted_mps,14.53488372,0.0014534883720930232,1.9164345403899912,23.06818181818182,0,56.39206792215229,15.7,-61.60000000000002,SW
storm,STORM,storm|210|0_210_12,210,0_210_12,5222,rank_5001_10000,0.0,20.18138353229945,intensity_distance_weighted_mps,14.53488372,0.0014534883720930232,1.91111111111113,37.84090909090909,1,140.3153897424923,15.1,-62.10000000000002,SW
storm,STORM,storm|3377|3_3377_0,3377,3_3377_0,5227,rank_5001_10000,0.0,20.147832047202883,intensity_distance_weighted_mps,14.53488372,0.0014534883720930232,1.9058171745152543,39.659090909090914,1,147.61134707168293,14.9,-61.80000000000001,SW
storm,STORM,storm|7553|7_7553_2,7553,7_7553_2,5239,rank_5001_10000,0.0,20.101083673329832,intensity_distance_weighted_mps,14.53488372,0.0014534883720930232,1.900552486187864,56.25000000000001,3,201.15422768603082,14.7,-62.5,SW
storm,STORM,storm|7160|7_7160_8,7160,7_7160_8,5247,rank_5001_10000,0.0,20.086256565976452,intensity_distance_weighted_mps,14.53488372,0.0014534883720930232,1.895316804407732,26.363636363636367,0,83.85538531905648,16.9,-61.19999999999999,NE
storm,STORM,storm|7391|7_7391_0,7391,7_7391_0,5257,rank_5001_10000,0.0,20.056969585434786,intensity_distance_weighted_mps,14.53488372,0.0014534883720930232,1.8901098901099085,82.61363636363637,5,264.9081996372931,13.8,-61.19999999999999,SE
storm,STORM,storm|2163|2_2163_6,2163,2_2163_6,5266,rank_5001_10000,0.0,20.027742939633864,intensity_distance_weighted_mps,14.53488372,0.0014534883720930232,1.8849315068493333,52.727272727272734,3,191.6664101032616,17.6,-60.39999999999998,NE
storm,STORM,storm|8253|8_8253_4,8253,8_8253_4,5268,rank_5001_10000,0.0,20.0231299332968,intensity_distance_weighted_mps,14.53488372,0.0014534883720930232,1.8797814207650456,29.545454545454547,0,103.44196632095746,17.1,-61.5,NW
storm,STORM,storm|8744|8_8744_1,8744,8_8744_1,5302,rank_5001_10000,0.0,19.863544001631656,intensity_distance_weighted_mps,14.53488372,0.0014534883720930232,1.8746594005449773,68.40909090909092,4,234.49716130615178,18.2,-60.80000000000001,NE
storm,STORM,storm|7016|7_7016_3,7016,7_7016_3,5317,rank_5001_10000,0.0,19.808799028747238,intensity_distance_weighted_mps,14.53488372,0.0014534883720930232,1.8695652173913224,50.227272727272734,3,185.8792431611943,14.8,-62.39999999999998,SW
storm,STORM,storm|5271|5_5271_3,5271,5_5271_3,5318,rank_5001_10000,0.0,19.79940348748863,intensity_distance_weighted_mps,14.53488372,0.0014534883720930232,1.8644986449864678,42.38636363636364,1,160.21165207150062,16.0,-62.89999999999998,SW
storm,STORM,storm|1950|1_1950_2,1950,1_1950_2,5328,rank_5001_10000,0.0,19.771224786875326,intensity_distance_weighted_mps,14.53488372,0.0014534883720930232,1.8594594594594773,31.590909090909093,0,115.97847946795997,15.2,-61.80000000000001,SW
storm,STORM,storm|4819|4_4819_5,4819,4_4819_5,5335,rank_5001_10000,0.0,19.756288916785053,intensity_distance_weighted_mps,14.53488372,0.0014534883720930232,1.8544474393531174,62.045454545454554,4,219.45886712577595,14.2,-61.39999999999998,SE
storm,STORM,storm|3092|3_3092_11,3092,3_3092_11,5345,rank_5001_10000,0.0,19.727920234762312,intensity_distance_weighted_mps,14.53488372,0.0014534883720930232,1.8494623655914155,33.75,1,126.46106183307053,17.2,-60.89999999999998,NE
storm,STORM,storm|4035|4_4035_7,4035,4_4035_7,5351,rank_5001_10000,0.0,19.71112898642488,intensity_distance_weighted_mps,14.53488372,0.0014534883720930232,1.8445040214477386,52.95454545454546,3,194.7997226936559,17.9,-61.10000000000002,NE
storm,STORM,storm|6583|6_6583_1,6583,6_6583_1,5357,rank_5001_10000,0.0,19.692132755579845,intensity_distance_weighted_mps,14.53488372,0.0014534883720930232,1.8395721925133863,56.13636363636364,3,204.06065495994446,14.4,-61.89999999999998,SW
storm,STORM,storm|5655|5_5655_8,5655,5_5655_8,5378,rank_5001_10000,0.0,19.599065476529503,intensity_distance_weighted_mps,14.53488372,0.0014534883720930232,1.834666666666684,80.45454545454545,5,264.31598167036174,18.5,-60.89999999999998,NE
storm,STORM,storm|597|0_597_6,597,0_597_6,5409,rank_5001_10000,0.0,19.50103023911666,intensity_distance_weighted_mps,14.53488372,0.0014534883720930232,1.8297872340425705,57.38636363636364,3,209.0730418437378,14.5,-62.30000000000001,SW
storm,STORM,storm|5755|5_5755_14,5755,5_5755_14,5432,rank_5001_10000,0.0,19.411018341924905,intensity_distance_weighted_mps,14.53488372,0.0014534883720930232,1.8249336870026696,53.409090909090914,3,198.51542019141837,14.4,-61.19999999999999,SE
storm,STORM,storm|8766|8_8766_3,8766,8_8766_3,5446,rank_5001_10000,0.0,19.386157899464667,intensity_distance_weighted_mps,14.53488372,0.0014534883720930232,1.820105820105837,46.59090909090909,2,177.69195490457466,14.6,-61.69999999999999,SW
storm,STORM,storm|8502|8_8502_6,8502,8_8502_6,5452,rank_5001_10000,0.0,19.372115022527428,intensity_distance_weighted_mps,14.53488372,0.0014534883720930232,1.8153034300791726,41.81818181818182,1,161.46294332935287,14.8,-61.89999999999998,SW
storm,STORM,storm|5812|5_5812_4,5812,5_5812_4,5460,rank_5001_10000,0.0,19.350705239563197,intensity_distance_weighted_mps,14.53488372,0.0014534883720930232,1.8105263157894904,29.431818181818183,0,108.26724866324246,15.2,-61.39999999999998,SE
storm,STORM,storm|6295|6_6295_8,6295,6_6295_8,5471,rank_5001_10000,0.0,19.3141770790481,intensity_distance_weighted_mps,14.53488372,0.0014534883720930232,1.8057742782152397,53.977272727272734,3,200.94945256168774,17.7,-60.39999999999998,NE
storm,STORM,storm|8844|8_8844_2,8844,8_8844_2,5480,rank_5001_10000,0.0,19.282585546059384,intensity_distance_weighted_mps,14.53488372,0.0014534883720930232,1.8010471204188647,44.09090909090909,2,170.14035486895338,17.7,-61.30000000000001,NE
storm,STORM,storm|2652|2_2652_5,2652,2_2652_5,5483,rank_5001_10000,0.0,19.27440274093871,intensity_distance_weighted_mps,14.53488372,0.0014534883720930232,1.7963446475195988,38.52272727272727,1,149.89849087774124,15.0,-62.10000000000002,SW
storm,STORM,storm|7152|7_7152_3,7152,7_7152_3,5485,rank_5001_10000,0.0,19.265872540272003,intensity_distance_weighted_mps,14.53488372,0.0014534883720930232,1.7916666666666832,31.81818181818182,0,121.0761864163959,15.1,-61.60000000000002,SW
storm,STORM,storm|9756|9_9756_5,9756,9_9756_5,5486,rank_5001_10000,0.0,19.26525772163082,intensity_distance_weighted_mps,14.53488372,0.0014534883720930232,1.7870129870130034,45.113636363636374,2,173.7482747414045,17.4,-60.39999999999998,NE
storm,STORM,storm|4868|4_4868_13,4868,4_4868_13,5493,rank_5001_10000,0.0,19.25163779732861,intensity_distance_weighted_mps,14.53488372,0.0014534883720930232,1.7823834196891355,38.52272727272727,1,150.07576017936591,17.4,-62.0,NW
storm,STORM,storm|5626|5_5626_13,5626,5_5626_13,5499,rank_5001_10000,0.0,19.238089573787295,intensity_distance_weighted_mps,14.53488372,0.0014534883720930232,1.7777777777777939,38.18181818181819,1,148.84800542709976,17.5,-61.60000000000002,NW
storm,STORM,storm|1112|1_1112_12,1112,1_1112_12,5528,rank_5001_10000,0.0,19.177350047428714,intensity_distance_weighted_mps,14.53488372,0.0014534883720930232,1.773195876288676,60.227272727272734,4,219.45886712577595,14.2,-61.39999999999998,SE
storm,STORM,storm|9262|9_9262_4,9262,9_9262_4,5529,rank_5001_10000,0.0,19.17261268710317,intensity_distance_weighted_mps,14.53488372,0.0014534883720930232,1.768637532133692,36.477272727272734,1,142.50567035254957,17.4,-61.80000000000001,NW
storm,STORM,storm|7504|7_7504_6,7504,7_7504_6,5534,rank_5001_10000,0.0,19.153566002679757,intensity_distance_weighted_mps,14.53488372,0.0014534883720930232,1.76410256410258,37.727272727272734,1,147.71198340559883,16.6,-60.10000000000002,NE
storm,STORM,storm|8233|8_8233_6,8233,8_8233_6,5540,rank_5001_10000,0.0,19.12250806188803,intensity_distance_weighted_mps,14.53488372,0.0014534883720930232,1.7595907928388905,52.38636363636364,3,197.83591041943876,17.6,-60.30000000000001,NE
storm,STORM,storm|180|0_180_3,180,0_180_3,5543,rank_5001_10000,0.0,19.118278474958593,intensity_distance_weighted_mps,14.53488372,0.0014534883720930232,1.7551020408163422,57.95454545454546,3,213.78912334968896,17.0,-59.60000000000002,NE
storm,STORM,storm|3272|3_3272_8,3272,3_3272_8,5558,rank_5001_10000,0.0,19.067462444243375,intensity_distance_weighted_mps,14.53488372,0.0014534883720930232,1.7506361323155373,48.29545454545455,2,185.71385278253223,15.5,-63.0,SW
storm,STORM,storm|3588|3_3588_6,3588,3_3588_6,5559,rank_5001_10000,0.0,19.059112273028504,intensity_distance_weighted_mps,14.53488372,0.0014534883720930232,1.7461928934010307,45.45454545454546,2,176.5242283472077,17.5,-60.5,NE
storm,STORM,storm|7799|7_7799_5,7799,7_7799_5,5563,rank_5001_10000,0.0,19.046262545818994,intensity_distance_weighted_mps,14.53488372,0.0014534883720930232,1.7417721518987497,38.06818181818182,1,149.9041108850022,17.0,-60.30000000000001,NE
storm,STORM,storm|568|0_568_4,568,0_568_4,5579,rank_5001_10000,0.0,18.98886416617444,intensity_distance_weighted_mps,14.53488372,0.0014534883720930232,1.7373737373737528,52.159090909090914,3,198.25127327000922,14.4,-61.60000000000002,SW
storm,STORM,storm|9669|9_9669_5,9669,9_9669_5,5584,rank_5001_10000,0.0,18.970884057763303,intensity_distance_weighted_mps,14.53488372,0.0014534883720930232,1.7329974811083275,50.11363636363637,3,192.18786840391638,14.8,-62.5,SW
storm,STORM,storm|2477|2_2477_10,2477,2_2477_10,5587,rank_5001_10000,0.0,18.96260250334095,intensity_distance_weighted_mps,14.53488372,0.0014534883720930232,1.7286432160804173,51.81818181818183,3,197.44532396066558,14.4,-61.5,SW
storm,STORM,storm|9332|9_9332_9,9332,9_9332_9,5601,rank_5001_10000,0.0,18.91076890034703,intensity_distance_weighted_mps,14.53488372,0.0014534883720930232,1.724310776942371,57.613636363636374,3,214.58938580966597,14.4,-62.19999999999999,SW
storm,STORM,storm|4983|4_4983_10,4983,4_4983_10,5605,rank_5001_10000,0.0,18.897462858223726,intensity_distance_weighted_mps,14.53488372,0.0014534883720930232,1.720000000000015,56.93181818181819,3,212.8028982766902,15.2,-59.69999999999999,SE
storm,STORM,storm|9889|9_9889_1,9889,9_9889_1,5618,rank_5001_10000,0.0,18.85595213102917,intensity_distance_weighted_mps,14.53488372,0.0014534883720930232,1.7157107231920348,38.18181818181819,1,151.85759168413074,15.6,-62.69999999999999,SW
storm,STORM,storm|4667|4_4667_10,4667,4_4667_10,5621,rank_5001_10000,0.0,18.848891369000718,intensity_distance_weighted_mps,14.53488372,0.0014534883720930232,1.7114427860696666,34.54545454545455,1,136.8833544640146,17.4,-61.30000000000001,NE
storm,STORM,storm|7723|7_7723_10,7723,7_7723_10,5651,rank_5001_10000,0.0,18.762268096608324,intensity_distance_weighted_mps,14.53488372,0.0014534883720930232,1.7071960297766897,47.61363636363637,2,186.00807467582882,14.6,-62.0,SW
storm,STORM,storm|8066|8_8066_4,8066,8_8066_4,5658,rank_5001_10000,0.0,18.734909483837573,intensity_distance_weighted_mps,14.53488372,0.0014534883720930232,1.7029702970297176,60.45454545454546,4,223.83897818147827,18.1,-60.80000000000001,NE
storm,STORM,storm|8826|8_8826_1,8826,8_8826_1,5660,rank_5001_10000,0.0,18.723182898913578,intensity_distance_weighted_mps,14.53488372,0.0014534883720930232,1.69876543209878,48.86363636363637,2,190.31644212644963,17.6,-62.39999999999998,NW
storm,STORM,storm|2704|2_2704_6,2704,2_2704_6,5669,rank_5001_10000,0.0,18.699366551123585,intensity_distance_weighted_mps,14.53488372,0.0014534883720930232,1.694581280788192,57.72727272727273,3,216.7032565185602,18.0,-60.69999999999999,NE
storm,STORM,storm|9335|9_9335_6,9335,9_9335_6,5672,rank_5001_10000,0.0,18.692950383659547,intensity_distance_weighted_mps,14.53488372,0.0014534883720930232,1.6904176904177048,44.20454545454546,2,175.2351154130867,14.6,-61.5,SW
storm,STORM,storm|8259|8_8259_3,8259,8_8259_3,5688,rank_5001_10000,0.0,18.647008471297124,intensity_distance_weighted_mps,14.53488372,0.0014534883720930232,1.686274509803936,58.409090909090914,4,219.03889288539204,14.4,-62.30000000000001,SW
storm,STORM,storm|289|0_289_10,289,0_289_10,5697,rank_5001_10000,0.0,18.611681164126278,intensity_distance_weighted_mps,14.53488372,0.0014534883720930232,1.682151589242068,31.590909090909093,0,125.26302247088375,15.2,-62.0,SW
storm,STORM,storm|2558|2_2558_3,2558,2_2558_3,5712,rank_5001_10000,0.0,18.570185013942904,intensity_distance_weighted_mps,14.53488372,0.0014534883720930232,1.678048780487819,48.75,2,191.22357369414993,16.1,-63.19999999999999,SW
storm,STORM,storm|1738|1_1738_0,1738,1_1738_0,5714,rank_5001_10000,0.0,18.553812183820735,intensity_distance_weighted_mps,14.53488372,0.0014534883720930232,1.6739659367396735,55.0,3,210.23292632321915,18.0,-60.89999999999998,NE
storm,STORM,storm|7571|7_7571_4,7571,7_7571_4,5724,rank_5001_10000,0.0,18.516487251440775,intensity_distance_weighted_mps,14.53488372,0.0014534883720930232,1.6699029126213734,62.38636363636364,4,230.88470510266842,14.1,-61.30000000000001,SE
storm,STORM,storm|6058|6_6058_0,6058,6_6058_0,5755,rank_5001_10000,0.0,18.40450239855698,intensity_distance_weighted_mps,14.53488372,0.0014534883720930232,1.665859564164663,49.43181818181819,3,194.7606978363846,17.0,-59.80000000000001,NE
storm,STORM,storm|2401|2_2401_0,2401,2_2401_0,5761,rank_5001_10000,0.0,18.386365459010197,intensity_distance_weighted_mps,14.53488372,0.0014534883720930232,1.6618357487922844,45.113636363636374,2,180.8508785236693,17.8,-61.39999999999998,NE
storm,STORM,storm|11|0_11_11,11,0_11_11,5782,rank_5001_10000,0.0,18.333160984897813,intensity_distance_weighted_mps,14.53488372,0.0014534883720930232,1.6578313253012187,70.79545454545455,5,253.7442558559124,14.4,-62.89999999999998,SW
storm,STORM,storm|8050|8_8050_3,8050,8_8050_3,5810,rank_5001_10000,0.0,18.257780734269566,intensity_distance_weighted_mps,14.53488372,0.0014534883720930232,1.6538461538461675,44.545454545454554,2,179.9879141777219,14.8,-62.30000000000001,SW
storm,STORM,storm|7501|7_7501_1,7501,7_7501_1,5812,rank_5001_10000,0.0,18.257506309496474,intensity_distance_weighted_mps,14.53488372,0.0014534883720930232,1.6498800959232751,27.840909090909093,0,108.67518798900369,15.2,-61.5,SW
storm,STORM,storm|8596|8_8596_2,8596,8_8596_2,5837,rank_5001_10000,0.0,18.17098690395884,intensity_distance_weighted_mps,14.53488372,0.0014534883720930232,1.6459330143540807,71.13636363636364,5,256.0931925305388,14.0,-62.19999999999999,SW
storm,STORM,storm|3229|3_3229_10,3229,3_3229_10,5846,rank_5001_10000,0.0,18.142271016519217,intensity_distance_weighted_mps,14.53488372,0.0014534883720930232,1.6420047732697032,28.522727272727277,0,113.46284140192222,16.7,-60.5,NE
storm,STORM,storm|6278|6_6278_0,6278,6_6278_0,5880,rank_5001_10000,0.0,17.99462449416398,intensity_distance_weighted_mps,14.53488372,0.0014534883720930232,1.6380952380952516,23.863636363636367,0,85.66479082844691,15.5,-61.80000000000001,SW
storm,STORM,storm|3592|3_3592_0,3592,3_3592_0,5908,rank_5001_10000,0.0,17.90266904061076,intensity_distance_weighted_mps,14.53488372,0.0014534883720930232,1.6342042755344552,53.409090909090914,3,211.24470016287495,17.6,-60.10000000000002,NE
storm,STORM,storm|4211|4_4211_2,4211,4_4211_2,5909,rank_5001_10000,0.0,17.894260057413813,intensity_distance_weighted_mps,14.53488372,0.0014534883720930232,1.6303317535545157,46.81818181818183,2,190.70539345909438,14.5,-61.80000000000001,SW
storm,STORM,storm|1881|1_1881_3,1881,1_1881_3,5926,rank_5001_10000,0.0,17.84662906566179,intensity_distance_weighted_mps,14.53488372,0.0014534883720930232,1.6264775413711716,26.022727272727273,0,101.52808861691663,16.5,-62.30000000000001,NW
storm,STORM,storm|25|0_25_6,25,0_25_6,5939,rank_5001_10000,0.0,17.818154636711743,intensity_distance_weighted_mps,14.53488372,0.0014534883720930232,1.6226415094339754,40.45454545454546,1,169.0688073005595,14.7,-61.80000000000001,SW
storm,STORM,storm|4363|4_4363_7,4363,4_4363_7,5962,rank_5001_10000,0.0,17.736055167275588,intensity_distance_weighted_mps,14.53488372,0.0014534883720930232,1.6188235294117779,52.27272727272728,3,209.31627010578993,14.3,-61.60000000000002,SW
storm,STORM,storm|80|0_80_0,80,0_80_0,5972,rank_5001_10000,0.0,17.69527999412199,intensity_distance_weighted_mps,14.53488372,0.0014534883720930232,1.6150234741784169,75.68181818181819,5,271.5351962587698,18.6,-61.69999999999999,NW
storm,STORM,storm|4058|4_4058_1,4058,4_4058_1,5977,rank_5001_10000,0.0,17.684459717389043,intensity_distance_weighted_mps,14.53488372,0.0014534883720930232,1.6112412177986077,47.04545454545455,2,193.2772529117685,17.9,-61.19999999999999,NE
storm,STORM,storm|8964|8_8964_7,8964,8_8964_7,5989,rank_5001_10000,0.0,17.644047406293925,intensity_distance_weighted_mps,14.53488372,0.0014534883720930232,1.6074766355140315,31.022727272727277,0,130.61672247988884,15.9,-62.60000000000002,SW
storm,STORM,storm|5248|5_5248_1,5248,5_5248_1,5994,rank_5001_10000,0.0,17.62635270716146,intensity_distance_weighted_mps,14.53488372,0.0014534883720930232,1.6037296037296165,69.54545454545456,4,257.4385711991614,18.0,-62.89999999999998,NW
storm,STORM,storm|8677|8_8677_8,8677,8_8677_8,6004,rank_5001_10000,0.0,17.56292189914038,intensity_distance_weighted_mps,14.53488372,0.0014534883720930232,1.6000000000000127,23.409090909090914,0,86.54232474206935,15.4,-61.5,SW
storm,STORM,storm|9775|9_9775_9,9775,9_9775_9,6007,rank_5001_10000,0.0,17.558918725138813,intensity_distance_weighted_mps,14.53488372,0.0014534883720930232,1.5962877030162541,27.95454545454546,0,115.41645032718183,17.1,-61.89999999999998,NW
storm,STORM,storm|8884|8_8884_3,8884,8_8884_3,6015,rank_5001_10000,0.0,17.53438329118622,intensity_distance_weighted_mps,14.53488372,0.0014534883720930232,1.5925925925926052,41.81818181818182,1,176.5242283472077,17.5,-60.5,NE
storm,STORM,storm|9717|9_9717_11,9717,9_9717_11,6017,rank_5001_10000,0.0,17.516815519063723,intensity_distance_weighted_mps,14.53488372,0.0014534883720930232,1.5889145496535924,65.00000000000001,4,246.96397100846215,14.9,-63.30000000000001,SW
storm,STORM,storm|5083|5_5083_10,5083,5_5083_10,6019,rank_5001_10000,0.0,17.508976802751523,intensity_distance_weighted_mps,14.53488372,0.0014534883720930232,1.5852534562212106,37.045454545454554,1,158.4469956500668,17.3,-60.5,NE
storm,STORM,storm|9393|9_9393_5,9393,9_9393_5,6023,rank_5001_10000,0.0,17.495400350976013,intensity_distance_weighted_mps,14.53488372,0.0014534883720930232,1.5816091954023113,27.95454545454546,0,115.97847946795997,15.2,-61.80000000000001,SW
storm,STORM,storm|5326|5_5326_8,5326,5_5326_8,6034,rank_5001_10000,0.0,17.46388852063279,intensity_distance_weighted_mps,14.53488372,0.0014534883720930232,1.577981651376159,35.68181818181818,1,153.20406698521194,14.8,-61.30000000000001,SE
storm,STORM,storm|8943|8_8943_15,8943,8_8943_15,6050,rank_5001_10000,0.0,17.43355096722256,intensity_distance_weighted_mps,14.53488372,0.0014534883720930232,1.5743707093821633,24.65909090909091,0,96.56805499236332,16.6,-62.19999999999999,NW
storm,STORM,storm|8365|8_8365_9,8365,8_8365_9,6072,rank_5001_10000,0.0,17.388299951085482,intensity_distance_weighted_mps,14.53488372,0.0014534883720930232,1.570776255707775,59.54545454545455,4,233.55993334533613,17.6,-59.80000000000001,NE
storm,STORM,storm|3053|3_3053_8,3053,3_3053_8,6079,rank_5001_10000,0.0,17.367434071714356,intensity_distance_weighted_mps,14.53488372,0.0014534883720930232,1.5671981776765498,27.840909090909093,0,116.48468515902861,15.6,-60.5,SE
storm,STORM,storm|2999|2_2999_6,2999,2_2999_6,6086,rank_5001_10000,0.0,17.352856565068503,intensity_distance_weighted_mps,14.53488372,0.0014534883720930232,1.5636363636363757,46.81818181818183,2,195.4615733484687,17.7,-60.5,NE
storm,STORM,storm|6468|6_6468_4,6468,6_6468_4,6089,rank_5001_10000,0.0,17.346006440581938,intensity_distance_weighted_mps,14.53488372,0.0014534883720930232,1.560090702947858,33.86363636363637,1,146.37448267264332,17.3,-60.69999999999999,NE
storm,STORM,storm|6007|6_6007_0,6007,6_6007_0,6091,rank_5001_10000,0.0,17.333917124866556,intensity_distance_weighted_mps,14.53488372,0.0014534883720930232,1.5565610859728627,48.63636363636364,2,201.5728527560795,14.4,-61.80000000000001,SW
storm,STORM,storm|851|0_851_8,851,0_851_8,6137,rank_5001_10000,0.0,17.198581730487312,intensity_distance_weighted_mps,14.53488372,0.0014534883720930232,1.5530474040632174,55.3409090909091,3,223.3821858843699,14.2,-61.80000000000001,SW
storm,STORM,storm|2946|2_2946_8,2946,2_2946_8,6138,rank_5001_10000,0.0,17.198378177374273,intensity_distance_weighted_mps,14.53488372,0.0014534883720930232,1.5495495495495615,72.8409090909091,5,269.805593903455,18.6,-61.39999999999998,NE
storm,STORM,storm|5959|5_5959_4,5959,5_5959_4,6151,rank_5001_10000,0.0,17.176957084491537,intensity_distance_weighted_mps,14.53488372,0.0014534883720930232,1.546067415730349,71.47727272727273,5,266.69773098725824,18.5,-60.80000000000001,NE
storm,STORM,storm|3794|3_3794_5,3794,3_3794_5,6154,rank_5001_10000,0.0,17.15770554225573,intensity_distance_weighted_mps,14.53488372,0.0014534883720930232,1.5426008968609983,50.56818181818182,3,209.31627010578993,14.3,-61.60000000000002,SW
storm,STORM,storm|8645|8_8645_1,8645,8_8645_1,6159,rank_5001_10000,0.0,17.13608688292435,intensity_distance_weighted_mps,14.53488372,0.0014534883720930232,1.5391498881431884,55.90909090909092,3,225.63172125143902,14.2,-61.89999999999998,SW
storm,STORM,storm|6322|6_6322_2,6322,6_6322_2,6162,rank_5001_10000,0.0,17.12988435948487,intensity_distance_weighted_mps,14.53488372,0.0014534883720930232,1.5357142857142974,39.659090909090914,1,172.02318796534283,14.7,-61.89999999999998,SW
storm,STORM,storm|6046|6_6046_0,6046,6_6046_0,6166,rank_5001_10000,0.0,17.11194007027282,intensity_distance_weighted_mps,14.53488372,0.0014534883720930232,1.5322939866369827,61.36363636363637,4,241.21626875896666,17.7,-59.80000000000001,NE
storm,STORM,storm|7413|7_7413_8,7413,7_7413_8,6239,rank_5001_10000,0.0,16.898716004303715,intensity_distance_weighted_mps,14.53488372,0.0014534883720930232,1.5288888888889005,63.75000000000001,4,249.76130456559287,18.4,-61.10000000000002,NE
storm,STORM,storm|1481|1_1481_1,1481,1_1481_1,6249,rank_5001_10000,0.0,16.8659417825399,intensity_distance_weighted_mps,14.53488372,0.0014534883720930232,1.5254988913525613,51.25000000000001,3,214.17290496801994,14.5,-62.39999999999998,SW
storm,STORM,storm|6781|6_6781_3,6781,6_6781_3,6265,rank_5001_10000,0.0,16.82708831516191,intensity_distance_weighted_mps,14.53488372,0.0014534883720930232,1.5221238938053212,70.22727272727273,5,267.2133491962296,13.8,-61.80000000000001,SW
storm,STORM,storm|9779|9_9779_0,9779,9_9779_0,6284,rank_5001_10000,0.0,16.771727952888448,intensity_distance_weighted_mps,14.53488372,0.0014534883720930232,1.5187637969095036,63.18181818181819,4,249.52183799004695,14.1,-62.30000000000001,SW
storm,STORM,storm|6786|6_6786_3,6786,6_6786_3,6302,rank_5001_10000,0.0,16.72038557894326,intensity_distance_weighted_mps,14.53488372,0.0014534883720930232,1.5154185022026545,43.52272727272727,2,189.9129083744088,14.6,-62.10000000000002,SW
storm,STORM,storm|974|0_974_10,974,0_974_10,6313,rank_5001_10000,0.0,16.692097730129216,intensity_distance_weighted_mps,14.53488372,0.0014534883720930232,1.5120879120879234,29.431818181818183,0,131.043579910887,15.0,-61.30000000000001,SE
storm,STORM,storm|9924|9_9924_3,9924,9_9924_3,6325,rank_5001_10000,0.0,16.66068615581236,intensity_distance_weighted_mps,14.53488372,0.0014534883720930232,1.5087719298245725,41.36363636363637,1,182.6498116979866,14.6,-61.89999999999998,SW
storm,STORM,storm|7507|7_7507_3,7507,7_7507_3,6332,rank_5001_10000,0.0,16.634936938597704,intensity_distance_weighted_mps,14.53488372,0.0014534883720930232,1.5054704595186108,36.5909090909091,1,164.29226773705182,14.7,-61.30000000000001,SE
storm,STORM,storm|8076|8_8076_9,8076,8_8076_9,6334,rank_5001_10000,0.0,16.61055796556172,intensity_distance_weighted_mps,14.53488372,0.0014534883720930232,1.5021834061135482,50.68181818181819,3,214.82916835488442,14.3,-61.89999999999998,SW
storm,STORM,storm|4765|4_4765_3,4765,4_4765_3,6365,rank_5001_10000,0.0,16.533954820422696,intensity_distance_weighted_mps,14.53488372,0.0014534883720930232,1.4989106753812746,33.97727272727273,1,154.06976982286767,14.8,-61.60000000000002,SW
storm,STORM,storm|3472|3_3472_8,3472,3_3472_8,6367,rank_5001_10000,0.0,16.527496378439853,intensity_distance_weighted_mps,14.53488372,0.0014534883720930232,1.4956521739130544,29.659090909090914,0,133.7046328923431,17.0,-60.5,NE
storm,STORM,storm|7220|7_7220_0,7220,7_7220_0,6373,rank_5001_10000,0.0,16.506800277965343,intensity_distance_weighted_mps,14.53488372,0.0014534883720930232,1.49240780911064,43.18181818181819,2,190.68308540203572,15.1,-62.80000000000001,SW
storm,STORM,storm|2329|2_2329_1,2329,2_2329_1,6376,rank_5001_10000,0.0,16.49973968895363,intensity_distance_weighted_mps,14.53488372,0.0014534883720930232,1.4891774891775,42.8409090909091,2,189.52662913660828,14.7,-62.30000000000001,SW
storm,STORM,storm|6410|6_6410_10,6410,6_6410_10,6379,rank_5001_10000,0.0,16.494370132144926,intensity_distance_weighted_mps,14.53488372,0.0014534883720930232,1.485961123110162,37.61363636363637,1,169.73163846950152,17.7,-61.39999999999998,NE
storm,STORM,storm|343|0_343_3,343,0_343_3,6386,rank_5001_10000,0.0,16.482069951266762,intensity_distance_weighted_mps,14.53488372,0.0014534883720930232,1.482758620689666,45.45454545454546,2,198.87408051882915,14.8,-62.60000000000002,SW
storm,STORM,storm|8694|8_8694_5,8694,8_8694_5,6401,rank_5001_10000,0.0,16.436069639378417,intensity_distance_weighted_mps,14.53488372,0.0014534883720930232,1.479569892473129,50.34090909090909,3,215.4384018774767,14.3,-60.89999999999998,SE
storm,STORM,storm|6830|6_6830_2,6830,6_6830_2,6403,rank_5001_10000,0.0,16.420933026132985,intensity_distance_weighted_mps,14.53488372,0.0014534883720930232,1.4763948497854185,21.477272727272727,0,83.23585901718393,16.9,-61.60000000000002,NW
storm,STORM,storm|5427|5_5427_4,5427,5_5427_4,6409,rank_5001_10000,0.0,16.392617409770313,intensity_distance_weighted_mps,14.53488372,0.0014534883720930232,1.4732334047109314,40.68181818181818,1,182.58862576439765,17.5,-60.39999999999998,NE
storm,STORM,storm|8677|8_8677_3,8677,8_8677_3,6436,rank_5001_10000,0.0,16.315295730987618,intensity_distance_weighted_mps,14.53488372,0.0014534883720930232,1.4700854700854806,24.31818181818182,0,105.05509057978999,15.5,-62.10000000000002,SW
storm,STORM,storm|6904|6_6904_9,6904,6_6904_9,6449,rank_5001_10000,0.0,16.281952463751754,intensity_distance_weighted_mps,14.53488372,0.0014534883720930232,1.4669509594882835,37.84090909090909,1,172.60440983597906,16.3,-59.80000000000001,NE
storm,STORM,storm|6420|6_6420_9,6420,6_6420_9,6488,rank_5001_10000,0.0,16.152125042761305,intensity_distance_weighted_mps,14.53488372,0.0014534883720930232,1.463829787234053,78.75,5,295.29508613739927,17.3,-58.89999999999998,NE
storm,STORM,storm|7876|7_7876_7,7876,7_7876_7,6493,rank_5001_10000,0.0,16.14364896595602,intensity_distance_weighted_mps,14.53488372,0.0014534883720930232,1.4607218683651908,66.25,4,264.2632638929065,18.3,-60.30000000000001,NE
storm,STORM,storm|9347|9_9347_2,9347,9_9347_2,6509,rank_5001_10000,0.0,16.08671019166946,intensity_distance_weighted_mps,14.53488372,0.0014534883720930232,1.4576271186440781,40.79545454545455,1,185.9015360012657,17.6,-60.5,NE
storm,STORM,storm|5200|5_5200_11,5200,5_5200_11,6518,rank_5001_10000,0.0,16.059820032849565,intensity_distance_weighted_mps,14.53488372,0.0014534883720930232,1.4545454545454648,65.79545454545455,4,263.9701099965872,14.0,-62.39999999999998,SW
storm,STORM,storm|4604|4_4604_6,4604,4_4604_6,6520,rank_5001_10000,0.0,16.04998824715241,intensity_distance_weighted_mps,14.53488372,0.0014534883720930232,1.4514767932489554,37.95454545454545,1,175.2351154130867,14.6,-61.5,SW
storm,STORM,storm|9367|9_9367_8,9367,9_9367_8,6521,rank_5001_10000,0.0,16.046135215374626,intensity_distance_weighted_mps,14.53488372,0.0014534883720930232,1.4484210526315893,42.61363636363637,1,193.01070155204647,17.9,-61.60000000000002,NW
storm,STORM,storm|196|0_196_3,196,0_196_3,6540,rank_5001_10000,0.0,15.973680747242113,intensity_distance_weighted_mps,14.53488372,0.0014534883720930232,1.4453781512605144,69.43181818181819,4,274.4073062326752,18.3,-60.10000000000002,NE
storm,STORM,storm|859|0_859_1,859,0_859_1,6552,rank_5001_10000,0.0,15.934931794226605,intensity_distance_weighted_mps,14.53488372,0.0014534883720930232,1.4423480083857543,26.704545454545457,0,123.31508784504425,15.1,-61.69999999999999,SW
storm,STORM,storm|9634|9_9634_7,9634,9_9634_7,6557,rank_5001_10000,0.0,15.923423447391357,intensity_distance_weighted_mps,14.53488372,0.0014534883720930232,1.4393305439330646,48.75,2,215.37031010849753,16.8,-59.5,NE
storm,STORM,storm|6620|6_6620_9,6620,6_6620_9,6588,rank_5001_10000,0.0,15.8372174395932,intensity_distance_weighted_mps,14.53488372,0.0014534883720930232,1.4363256784968785,44.31818181818182,2,201.15422768603082,14.7,-62.5,SW
storm,STORM,storm|7600|7_7600_1,7600,7_7600_1,6594,rank_5001_10000,0.0,15.832605041045845,intensity_distance_weighted_mps,14.53488372,0.0014534883720930232,1.4333333333333433,46.47727272727273,2,208.68562200631948,15.7,-63.30000000000001,SW
storm,STORM,storm|9893|9_9893_11,9893,9_9893_11,6602,rank_5001_10000,0.0,15.808002262120763,intensity_distance_weighted_mps,14.53488372,0.0014534883720930232,1.4303534303534402,36.81818181818182,1,172.92892683874453,17.7,-61.10000000000002,NE
storm,STORM,storm|5134|5_5134_5,5134,5_5134_5,6609,rank_5001_10000,0.0,15.801725971109981,intensity_distance_weighted_mps,14.53488372,0.0014534883720930232,1.4273858921161924,34.659090909090914,1,163.8624707403744,14.7,-61.39999999999998,SE
storm,STORM,storm|7872|7_7872_1,7872,7_7872_1,6610,rank_5001_10000,0.0,15.799403296225655,intensity_distance_weighted_mps,14.53488372,0.0014534883720930232,1.4244306418219561,38.86363636363637,1,181.23431285671745,17.8,-61.30000000000001,NE
storm,STORM,storm|3190|3_3190_5,3190,3_3190_5,6622,rank_5001_10000,0.0,15.771117151325246,intensity_distance_weighted_mps,14.53488372,0.0014534883720930232,1.421487603305795,38.40909090909091,1,179.71271538017854,14.7,-62.10000000000002,SW
storm,STORM,storm|2854|2_2854_13,2854,2_2854_13,6631,rank_5001_10000,0.0,15.746891123135336,intensity_distance_weighted_mps,14.53488372,0.0014534883720930232,1.4185567010309377,35.909090909090914,1,169.73163846950152,17.7,-61.39999999999998,NE
storm,STORM,storm|5008|5_5008_0,5008,5_5008_0,6655,rank_5001_10000,0.0,15.66929981769149,intensity_distance_weighted_mps,14.53488372,0.0014534883720930232,1.4156378600823143,40.45454545454546,1,188.65272272140103,14.5,-61.69999999999999,SW
storm,STORM,storm|7012|7_7012_2,7012,7_7012_2,6676,rank_5001_10000,0.0,15.609633855788363,intensity_distance_weighted_mps,14.53488372,0.0014534883720930232,1.4127310061601739,26.704545454545457,0,126.46106183307053,17.2,-60.89999999999998,NE
storm,STORM,storm|7415|7_7415_11,7415,7_7415_11,6694,rank_5001_10000,0.0,15.55284586872521,intensity_distance_weighted_mps,14.53488372,0.0014534883720930232,1.40983606557378,54.54545454545455,3,237.5075778381316,18.3,-61.19999999999999,NE
storm,STORM,storm|2114|2_2114_1,2114,2_2114_1,6719,rank_5001_10000,0.0,15.4656038126989,intensity_distance_weighted_mps,14.53488372,0.0014534883720930232,1.4069529652351833,47.5,2,215.88182957752073,14.7,-60.10000000000002,SE
storm,STORM,storm|7903|7_7903_9,7903,7_7903_9,6723,rank_5001_10000,0.0,15.448493664504875,intensity_distance_weighted_mps,14.53488372,0.0014534883720930232,1.4040816326530707,25.56818181818182,0,121.40365287926329,17.2,-61.80000000000001,NW
storm,STORM,storm|3032|3_3032_5,3032,3_3032_5,6726,rank_5001_10000,0.0,15.440148780823607,intensity_distance_weighted_mps,14.53488372,0.0014534883720930232,1.4012219959266898,39.88636363636364,1,188.74320735158315,17.2,-60.0,NE
storm,STORM,storm|7764|7_7764_12,7764,7_7764_12,6750,rank_5001_10000,0.0,15.359088203190106,intensity_distance_weighted_mps,14.53488372,0.0014534883720930232,1.3983739837398468,38.97727272727273,1,186.00807467582882,14.6,-62.0,SW
storm,STORM,storm|5645|5_5645_10,5645,5_5645_10,6775,rank_5001_10000,0.0,15.2917432727482,intensity_distance_weighted_mps,14.53488372,0.0014534883720930232,1.3955375253549789,33.63636363636364,1,164.29226773705182,14.7,-61.30000000000001,SE
storm,STORM,storm|9564|9_9564_3,9564,9_9564_3,6787,rank_5001_10000,0.0,15.261715616728168,intensity_distance_weighted_mps,14.53488372,0.0014534883720930232,1.3927125506072968,54.88636363636364,3,241.69757296636047,14.0,-61.39999999999998,SE
storm,STORM,storm|8312|8_8312_10,8312,8_8312_10,6791,rank_5001_10000,0.0,15.244343193675682,intensity_distance_weighted_mps,14.53488372,0.0014534883720930232,1.3898989898989993,52.27272727272728,3,233.77834525613937,14.3,-62.39999999999998,SW
storm,STORM,storm|70|0_70_10,70,0_70_10,6794,rank_5001_10000,0.0,15.238962754991675,intensity_distance_weighted_mps,14.53488372,0.0014534883720930232,1.3870967741935576,63.295454545454554,4,266.3726227868225,17.6,-59.39999999999998,NE
storm,STORM,storm|243|0_243_12,243,0_243_12,6825,rank_5001_10000,0.0,15.143349222252379,intensity_distance_weighted_mps,14.53488372,0.0014534883720930232,1.3843058350100697,69.54545454545456,4,284.3073868422327,18.5,-60.30000000000001,NE
storm,STORM,storm|6333|6_6333_1,6333,6_6333_1,6865,rank_5001_10000,0.0,15.025366049021416,intensity_distance_weighted_mps,14.53488372,0.0014534883720930232,1.3815261044176799,51.70454545454546,3,234.3627222800526,17.5,-59.69999999999999,NE
storm,STORM,storm|1647|1_1647_8,1647,1_1647_8,6879,rank_5001_10000,0.0,14.989789636227554,intensity_distance_weighted_mps,14.53488372,0.0014534883720930232,1.3787575150300693,63.63636363636364,4,270.22132549963726,13.9,-62.30000000000001,SW
storm,STORM,storm|3859|3_3859_10,3859,3_3859_10,6887,rank_5001_10000,0.0,14.972511983361844,intensity_distance_weighted_mps,14.53488372,0.0014534883720930232,1.3760000000000092,33.06818181818182,1,164.90402505630166,14.9,-62.19999999999999,SW
storm,STORM,storm|234|0_234_6,234,0_234_6,6893,rank_5001_10000,0.0,14.950380168787875,intensity_distance_weighted_mps,14.53488372,0.0014534883720930232,1.373253493013981,62.84090909090909,4,268.46641144157337,14.0,-62.5,SW
storm,STORM,storm|6877|6_6877_1,6877,6_6877_1,6900,rank_5001_10000,0.0,14.933318397862635,intensity_distance_weighted_mps,14.53488372,0.0014534883720930232,1.3705179282868616,37.61363636363637,1,184.85775140679098,17.7,-62.10000000000002,NW
storm,STORM,storm|674|0_674_1,674,0_674_1,6903,rank_5001_10000,0.0,14.930417908933732,intensity_distance_weighted_mps,14.53488372,0.0014534883720930232,1.367793240556669,51.363636363636374,3,234.31713360012415,14.1,-61.80000000000001,SW
storm,STORM,storm|92|0_92_4,92,0_92_4,6908,rank_5001_10000,0.0,14.92246241930911,intensity_distance_weighted_mps,14.53488372,0.0014534883720930232,1.365079365079374,30.454545454545457,0,153.03327198856098,14.8,-61.5,SW
storm,STORM,storm|7425|7_7425_13,7425,7_7425_13,6911,rank_5001_10000,0.0,14.910117008413927,intensity_distance_weighted_mps,14.53488372,0.0014534883720930232,1.3623762376237714,58.18181818181819,4,255.53636806723267,18.1,-60.10000000000002,NE
storm,STORM,storm|2851|2_2851_10,2851,2_2851_10,6975,rank_5001_10000,0.0,14.755700339630616,intensity_distance_weighted_mps,14.53488372,0.0014534883720930232,1.359683794466412,65.79545454545455,4,278.97522255596147,18.4,-60.19999999999999,NE
storm,STORM,storm|7273|7_7273_7,7273,7_7273_7,6986,rank_5001_10000,0.0,14.735263318098765,intensity_distance_weighted_mps,14.53488372,0.0014534883720930232,1.3570019723865967,49.43181818181819,3,230.17358697435955,16.6,-59.30000000000001,NE
storm,STORM,storm|7576|7_7576_3,7576,7_7576_3,6993,rank_5001_10000,0.0,14.716489246490392,intensity_distance_weighted_mps,14.53488372,0.0014534883720930232,1.354330708661426,35.45454545454546,1,178.06279003021547,17.3,-62.60000000000002,NW
storm,STORM,storm|6035|6_6035_3,6035,6_6035_3,6995,rank_5001_10000,0.0,14.709305641313689,intensity_distance_weighted_mps,14.53488372,0.0014534883720930232,1.3516699410609125,41.93181818181819,1,204.06065495994446,14.4,-61.89999999999998,SW
storm,STORM,storm|5238|5_5238_5,5238,5_5238_5,7000,rank_5001_10000,0.0,14.707402110115236,intensity_distance_weighted_mps,14.53488372,0.0014534883720930232,1.349019607843146,40.909090909090914,1,200.21099219685948,14.5,-62.10000000000002,SW
storm,STORM,storm|9701|9_9701_1,9701,9_9701_1,7035,rank_5001_10000,0.0,14.603697988681294,intensity_distance_weighted_mps,14.53488372,0.0014534883720930232,1.3463796477495193,31.022727272727277,0,159.04996442355704,17.6,-61.30000000000001,NE
storm,STORM,storm|3422|3_3422_1,3422,3_3422_1,7067,rank_5001_10000,0.0,14.53091144405008,intensity_distance_weighted_mps,14.53488372,0.0014534883720930232,1.3437500000000087,39.20454545454546,1,195.4615733484687,17.7,-60.5,NE
storm,STORM,storm|9029|9_9029_2,9029,9_9029_2,7075,rank_5001_10000,0.0,14.508873800328908,intensity_distance_weighted_mps,14.53488372,0.0014534883720930232,1.3411306042885076,41.36363636363637,1,204.07277303695437,18.0,-61.60000000000002,NW
storm,STORM,storm|554|0_554_1,554,0_554_1,7085,rank_5001_10000,0.0,14.487615564575515,intensity_distance_weighted_mps,14.53488372,0.0014534883720930232,1.3385214007782187,33.29545454545455,1,170.907944681824,17.5,-60.60000000000002,NE
storm,STORM,storm|9840|9_9840_9,9840,9_9840_9,7094,rank_5001_10000,0.0,14.47329717418305,intensity_distance_weighted_mps,14.53488372,0.0014534883720930232,1.335922330097096,56.477272727272734,3,255.53636806723267,18.1,-60.10000000000002,NE
storm,STORM,storm|5848|5_5848_4,5848,5_5848_4,7095,rank_5001_10000,0.0,14.472631437911588,intensity_distance_weighted_mps,14.53488372,0.0014534883720930232,1.333333333333342,56.70454545454546,3,256.2346690201333,13.9,-61.80000000000001,SW
storm,STORM,storm|6893|6_6893_5,6893,6_6893_5,7119,rank_5001_10000,0.0,14.410464055702459,intensity_distance_weighted_mps,14.53488372,0.0014534883720930232,1.3307543520309562,59.659090909090914,4,265.8000008397409,18.4,-60.5,NE
storm,STORM,storm|3649|3_3649_1,3649,3_3649_1,7137,rank_5001_10000,0.0,14.371447364204421,intensity_distance_weighted_mps,14.53488372,0.0014534883720930232,1.3281853281853366,58.977272727272734,4,264.2632638929065,18.3,-60.30000000000001,NE
storm,STORM,storm|9076|9_9076_0,9076,9_9076_0,7138,rank_5001_10000,0.0,14.370101601660298,intensity_distance_weighted_mps,14.53488372,0.0014534883720930232,1.3256262042389293,68.40909090909092,4,290.8807280720039,18.7,-60.69999999999999,NE
storm,STORM,storm|5817|5_5817_9,5817,5_5817_9,7176,rank_5001_10000,0.0,14.252791583905985,intensity_distance_weighted_mps,14.53488372,0.0014534883720930232,1.3230769230769315,55.0,3,253.62392665628693,13.9,-61.60000000000002,SW
storm,STORM,storm|7818|7_7818_7,7818,7_7818_7,7190,rank_5001_10000,0.0,14.220023316553227,intensity_distance_weighted_mps,14.53488372,0.0014534883720930232,1.3205374280230409,38.40909090909091,1,195.63685330189426,17.3,-60.0,NE
storm,STORM,storm|7259|7_7259_6,7259,7_7259_6,7196,rank_5001_10000,0.0,14.215418428361687,intensity_distance_weighted_mps,14.53488372,0.0014534883720930232,1.3180076628352573,49.0909090909091,2,234.94791670202667,16.4,-63.60000000000002,NW
storm,STORM,storm|3898|3_3898_13,3898,3_3898_13,7216,rank_5001_10000,0.0,14.17315154826417,intensity_distance_weighted_mps,14.53488372,0.0014534883720930232,1.3154875717017291,46.02272727272727,2,224.8587899814431,14.3,-62.19999999999999,SW
storm,STORM,storm|3110|3_3110_7,3110,3_3110_7,7219,rank_5001_10000,0.0,14.166640168434881,intensity_distance_weighted_mps,14.53488372,0.0014534883720930232,1.3129770992366494,64.31818181818183,4,282.2279176300764,13.7,-62.0,SW
storm,STORM,storm|7316|7_7316_2,7316,7_7316_2,7231,rank_5001_10000,0.0,14.148508373163187,intensity_distance_weighted_mps,14.53488372,0.0014534883720930232,1.3104761904761986,44.31818181818182,2,219.03889288539204,14.4,-62.30000000000001,SW
storm,STORM,storm|1192|1_1192_7,1192,1_1192_7,7235,rank_5001_10000,0.0,14.14226041684573,intensity_distance_weighted_mps,14.53488372,0.0014534883720930232,1.3079847908745328,24.090909090909093,0,125.80963177485616,17.3,-61.30000000000001,NE
storm,STORM,storm|3451|3_3451_0,3451,3_3451_0,7242,rank_5001_10000,0.0,14.122513484613576,intensity_distance_weighted_mps,14.53488372,0.0014534883720930232,1.3055028462998184,66.93181818181819,4,290.0617646421971,17.7,-59.19999999999999,NE
storm,STORM,storm|8851|8_8851_5,8851,8_8851_5,7284,rank_5001_10000,0.0,14.009635674094957,intensity_distance_weighted_mps,14.53488372,0.0014534883720930232,1.303030303030311,78.86363636363637,5,322.73511732829144,13.6,-62.80000000000001,SW
storm,STORM,storm|1499|1_1499_5,1499,1_1499_5,7295,rank_5001_10000,0.0,13.990364183422765,intensity_distance_weighted_mps,14.53488372,0.0014534883720930232,1.3005671077504806,29.090909090909093,0,155.8378897948262,14.8,-61.69999999999999,SW
storm,STORM,storm|7057|7_7057_8,7057,7_7057_8,7299,rank_5001_10000,0.0,13.985909663480212,intensity_distance_weighted_mps,14.53488372,0.0014534883720930232,1.2981132075471777,32.95454545454546,1,174.6883523585338,17.7,-61.80000000000001,NW
storm,STORM,storm|6532|6_6532_4,6532,6_6532_4,7307,rank_5001_10000,0.0,13.955588505871708,intensity_distance_weighted_mps,14.53488372,0.0014534883720930232,1.295668549905846,56.36363636363637,3,261.48171336790875,18.1,-60.0,NE
storm,STORM,storm|3872|3_3872_1,3872,3_3872_1,7308,rank_5001_10000,0.0,13.949832069001506,intensity_distance_weighted_mps,14.53488372,0.0014534883720930232,1.2932330827067748,32.84090909090909,0,174.55613958139634,14.8,-62.19999999999999,SW
storm,STORM,storm|7170|7_7170_14,7170,7_7170_14,7332,rank_5001_10000,0.0,13.907320307987352,intensity_distance_weighted_mps,14.53488372,0.0014534883720930232,1.2908067542213963,54.659090909090914,3,256.76910769673447,17.7,-59.60000000000002,NE
storm,STORM,storm|7491|7_7491_2,7491,7_7491_2,7333,rank_5001_10000,0.0,13.906055011297797,intensity_distance_weighted_mps,14.53488372,0.0014534883720930232,1.288389513108622,52.38636363636364,3,249.52183799004695,14.1,-62.30000000000001,SW
storm,STORM,storm|8342|8_8342_3,8342,8_8342_3,7342,rank_5001_10000,0.0,13.884214870215999,intensity_distance_weighted_mps,14.53488372,0.0014534883720930232,1.2859813084112228,33.18181818181819,1,176.84072360841427,14.9,-62.39999999999998,SW
storm,STORM,storm|7231|7_7231_3,7231,7_7231_3,7352,rank_5001_10000,0.0,13.8583381330005,intensity_distance_weighted_mps,14.53488372,0.0014534883720930232,1.2835820895522465,23.522727272727273,0,125.26302247088375,15.2,-62.0,SW
storm,STORM,storm|5170|5_5170_2,5170,5_5170_2,7379,rank_5001_10000,0.0,13.79600657112931,intensity_distance_weighted_mps,14.53488372,0.0014534883720930232,1.2811918063314789,66.70454545454547,4,293.7497102595555,18.5,-60.10000000000002,NE
storm,STORM,storm|5337|5_5337_6,5337,5_5337_6,7393,rank_5001_10000,0.0,13.768562941398026,intensity_distance_weighted_mps,14.53488372,0.0014534883720930232,1.2788104089219408,30.454545454545457,0,165.1288072691865,17.1,-60.19999999999999,NE
storm,STORM,storm|3702|3_3702_1,3702,3_3702_1,7425,rank_5001_10000,0.0,13.673420429494316,intensity_distance_weighted_mps,14.53488372,0.0014534883720930232,1.276437847866427,70.68181818181819,5,306.28243615086205,18.9,-61.0,NE
storm,STORM,storm|3998|3_3998_1,3998,3_3998_1,7435,rank_5001_10000,0.0,13.655065383811833,intensity_distance_weighted_mps,14.53488372,0.0014534883720930232,1.2740740740740817,60.11363636363637,4,276.679696529052,16.8,-58.89999999999998,NE
storm,STORM,storm|6939|6_6939_4,6939,6_6939_4,7448,rank_5001_10000,0.0,13.621371020882592,intensity_distance_weighted_mps,14.53488372,0.0014534883720930232,1.2717190388170132,27.95454545454546,0,153.86932228207638,15.9,-60.0,SE
storm,STORM,storm|8622|8_8622_11,8622,8_8622_11,7464,rank_5001_10000,0.0,13.581665036000352,intensity_distance_weighted_mps,14.53488372,0.0014534883720930232,1.269372693726945,49.0909090909091,2,242.5411680987489,14.0,-61.60000000000002,SW
storm,STORM,storm|507|0_507_5,507,0_507_5,7496,rank_5001_10000,0.0,13.509945103406586,intensity_distance_weighted_mps,14.53488372,0.0014534883720930232,1.2670349907919045,48.52272727272728,2,241.478115428938,17.6,-59.69999999999999,NE
storm,STORM,storm|2771|2_2771_11,2771,2_2771_11,7501,rank_5001_10000,0.0,13.49482458379664,intensity_distance_weighted_mps,14.53488372,0.0014534883720930232,1.2647058823529487,39.77272727272727,1,209.31627010578993,14.3,-61.60000000000002,SW
storm,STORM,storm|1605|1_1605_7,1605,1_1605_7,7504,rank_5001_10000,0.0,13.489531858593582,intensity_distance_weighted_mps,14.53488372,0.0014534883720930232,1.2623853211009248,45.45454545454546,2,230.90336749999338,18.1,-60.60000000000002,NE
storm,STORM,storm|2130|2_2130_13,2130,2_2130_13,7508,rank_5001_10000,0.0,13.473042889373852,intensity_distance_weighted_mps,14.53488372,0.0014534883720930232,1.2600732600732676,30.90909090909091,0,170.6406281413698,14.9,-62.30000000000001,SW
storm,STORM,storm|6781|6_6781_5,6781,6_6781_5,7566,rank_5001_10000,0.0,13.323962197821102,intensity_distance_weighted_mps,14.53488372,0.0014534883720930232,1.2577696526508302,23.75,0,132.68878297407352,17.3,-61.0,NE
storm,STORM,storm|2258|2_2258_2,2258,2_2258_2,7592,rank_5001_10000,0.0,13.28044144268195,intensity_distance_weighted_mps,14.53488372,0.0014534883720930232,1.2554744525547519,32.50000000000001,0,180.4499257223021,14.6,-61.0,SE
storm,STORM,storm|3646|3_3646_12,3646,3_3646_12,7610,rank_5001_10000,0.0,13.235115924536965,intensity_distance_weighted_mps,14.53488372,0.0014534883720930232,1.2531876138433589,67.5,4,303.72939428883893,18.7,-62.5,NW
storm,STORM,storm|9132|9_9132_10,9132,9_9132_10,7619,rank_5001_10000,0.0,13.198897141078804,intensity_distance_weighted_mps,14.53488372,0.0014534883720930232,1.2509090909090983,44.545454545454554,2,231.1624894328099,17.9,-60.19999999999999,NE
storm,STORM,storm|9838|9_9838_16,9838,9_9838_16,7628,rank_5001_10000,0.0,13.186677306624127,intensity_distance_weighted_mps,14.53488372,0.0014534883720930232,1.2486388384755065,63.52272727272727,4,293.06444726922405,17.0,-58.80000000000001,NE
storm,STORM,storm|4657|4_4657_8,4657,4_4657_8,7653,rank_5001_10000,0.0,13.121968889452845,intensity_distance_weighted_mps,14.53488372,0.0014534883720930232,1.2463768115942102,28.863636363636363,0,164.29226773705182,14.7,-61.30000000000001,SE
storm,STORM,storm|255|0_255_12,255,0_255_12,7709,rank_5001_10000,0.0,12.97220715467272,intensity_distance_weighted_mps,14.53488372,0.0014534883720930232,1.2441229656419601,56.59090909090909,3,275.05572573945705,13.7,-61.39999999999998,SE
storm,STORM,storm|6681|6_6681_7,6681,6_6681_7,7711,rank_5001_10000,0.0,12.965874462085496,intensity_distance_weighted_mps,14.53488372,0.0014534883720930232,1.2418772563176967,32.84090909090909,0,185.71385278253223,15.5,-63.0,SW
storm,STORM,storm|6768|6_6768_4,6768,6_6768_4,7719,rank_5001_10000,0.0,12.944161618519855,intensity_distance_weighted_mps,14.53488372,0.0014534883720930232,1.2396396396396467,53.86363636363637,3,266.69773098725824,18.5,-60.80000000000001,NE
storm,STORM,storm|4965|4_4965_9,4965,4_4965_9,7720,rank_5001_10000,0.0,12.943128370220267,intensity_distance_weighted_mps,14.53488372,0.0014534883720930232,1.2374100719424532,28.863636363636363,0,166.36045149781256,15.5,-62.80000000000001,SW
storm,STORM,storm|3922|3_3922_6,3922,3_3922_6,7767,rank_5001_10000,0.0,12.840379016922272,intensity_distance_weighted_mps,14.53488372,0.0014534883720930232,1.2351885098743338,45.909090909090914,2,240.71933592166374,15.0,-63.30000000000001,SW
storm,STORM,storm|8184|8_8184_8,8184,8_8184_8,7780,rank_5001_10000,0.0,12.805879981390698,intensity_distance_weighted_mps,14.53488372,0.0014534883720930232,1.2329749103942724,57.38636363636364,3,279.87166620602636,14.8,-63.60000000000002,SW
storm,STORM,storm|8976|8_8976_3,8976,8_8976_3,7782,rank_5001_10000,0.0,12.80033949120939,intensity_distance_weighted_mps,14.53488372,0.0014534883720930232,1.230769230769238,23.522727272727273,0,137.28600579101433,15.2,-62.19999999999999,SW
storm,STORM,storm|8719|8_8719_7,8719,8_8719_7,7808,rank_5001_10000,0.0,12.759014912096161,intensity_distance_weighted_mps,14.53488372,0.0014534883720930232,1.2285714285714355,41.59090909090909,1,225.48583992038348,16.8,-59.39999999999998,NE
storm,STORM,storm|7540|7_7540_12,7540,7_7540_12,7824,rank_5001_10000,0.0,12.719510785910916,intensity_distance_weighted_mps,14.53488372,0.0014534883720930232,1.2263814616755864,37.727272727272734,1,210.32624499181313,14.6,-62.5,SW
storm,STORM,storm|7904|7_7904_1,7904,7_7904_1,7826,rank_5001_10000,0.0,12.714509384132406,intensity_distance_weighted_mps,14.53488372,0.0014534883720930232,1.2241992882562347,53.75,3,269.4767312974345,18.5,-60.69999999999999,NE
storm,STORM,storm|2982|2_2982_6,2982,2_2982_6,7846,rank_5001_10000,0.0,12.691622502572425,intensity_distance_weighted_mps,14.53488372,0.0014534883720930232,1.2220248667850868,47.95454545454546,2,250.02983837706518,14.3,-62.69999999999999,SW
storm,STORM,storm|216|0_216_0,216,0_216_0,7859,rank_5001_10000,0.0,12.665346128457731,intensity_distance_weighted_mps,14.53488372,0.0014534883720930232,1.2198581560283757,57.27272727272727,3,281.50498572826416,17.7,-59.30000000000001,NE
storm,STORM,storm|8963|8_8963_4,8963,8_8963_4,7866,rank_5001_10000,0.0,12.64481860304481,intensity_distance_weighted_mps,14.53488372,0.0014534883720930232,1.2176991150442547,63.295454545454554,4,300.2115581275401,13.5,-61.80000000000001,SW
storm,STORM,storm|290|0_290_9,290,0_290_9,7868,rank_5001_10000,0.0,12.642542302063324,intensity_distance_weighted_mps,14.53488372,0.0014534883720930232,1.2155477031802189,40.79545454545455,1,223.83897818147827,18.1,-60.80000000000001,NE
storm,STORM,storm|3661|3_3661_6,3661,3_3661_6,7876,rank_5001_10000,0.0,12.621152038841,intensity_distance_weighted_mps,14.53488372,0.0014534883720930232,1.2134038800705536,64.20454545454545,4,303.24714044213465,13.7,-62.60000000000002,SW
storm,STORM,storm|2684|2_2684_3,2684,2_2684_3,7917,rank_5001_10000,0.0,12.533236262990737,intensity_distance_weighted_mps,14.53488372,0.0014534883720930232,1.2112676056338096,46.02272727272727,2,245.19630385356146,18.3,-60.80000000000001,NE
storm,STORM,storm|8556|8_8556_1,8556,8_8556_1,7925,rank_5001_10000,0.0,12.523719032309085,intensity_distance_weighted_mps,14.53488372,0.0014534883720930232,1.2091388400703056,35.00000000000001,1,200.94945256168774,17.7,-60.39999999999998,NE
storm,STORM,storm|4068|4_4068_6,4068,4_4068_6,7963,rank_5001_10000,0.0,12.447185691161279,intensity_distance_weighted_mps,14.53488372,0.0014534883720930232,1.207017543859656,39.09090909090909,1,219.45886712577595,14.2,-61.39999999999998,SE
storm,STORM,storm|3879|3_3879_3,3879,3_3879_3,7967,rank_5001_10000,0.0,12.442494820186408,intensity_distance_weighted_mps,14.53488372,0.0014534883720930232,1.2049036777583255,69.88636363636364,4,322.2993024812186,18.5,-59.60000000000002,NE
storm,STORM,storm|3144|3_3144_11,3144,3_3144_11,7973,rank_5001_10000,0.0,12.425081742551523,intensity_distance_weighted_mps,14.53488372,0.0014534883720930232,1.2027972027972096,56.02272727272727,3,280.97853888004363,18.1,-59.69999999999999,NE
storm,STORM,storm|7979|7_7979_8,7979,7_7979_8,7974,rank_5001_10000,0.0,12.423974847211372,intensity_distance_weighted_mps,14.53488372,0.0014534883720930232,1.2006980802792389,23.295454545454547,0,140.3153897424923,15.1,-62.10000000000002,SW
storm,STORM,storm|7653|7_7653_9,7653,7_7653_9,7978,rank_5001_10000,0.0,12.417547319318839,intensity_distance_weighted_mps,14.53488372,0.0014534883720930232,1.19860627177701,55.56818181818182,3,279.61916873278454,16.9,-58.89999999999998,NE
storm,STORM,storm|8090|8_8090_8,8090,8_8090_8,7989,rank_5001_10000,0.0,12.400697222856538,intensity_distance_weighted_mps,14.53488372,0.0014534883720930232,1.1965217391304415,62.15909090909092,4,300.470184103341,16.3,-58.60000000000002,NE
storm,STORM,storm|4063|4_4063_2,4063,4_4063_2,8000,rank_5001_10000,0.0,12.387758789796736,intensity_distance_weighted_mps,14.53488372,0.0014534883720930232,1.194444444444451,69.31818181818183,4,321.5637571678844,18.9,-60.39999999999998,NE
storm,STORM,storm|6828|6_6828_3,6828,6_6828_3,8009,rank_5001_10000,0.0,12.378310962045962,intensity_distance_weighted_mps,14.53488372,0.0014534883720930232,1.1923743500866617,32.38636363636364,0,190.70539345909438,14.5,-61.80000000000001,SW
storm,STORM,storm|1455|1_1455_1,1455,1_1455_1,8014,rank_5001_10000,0.0,12.366531612497164,intensity_distance_weighted_mps,14.53488372,0.0014534883720930232,1.1903114186851276,48.75,2,257.28789378639954,17.9,-59.80000000000001,NE
storm,STORM,storm|3002|3_3002_2,3002,3_3002_2,8021,rank_5001_10000,0.0,12.354897512757027,intensity_distance_weighted_mps,14.53488372,0.0014534883720930232,1.188255613126086,54.54545454545455,3,277.1911211993595,13.8,-62.19999999999999,SW
storm,STORM,storm|5418|5_5418_1,5418,5_5418_1,8042,rank_5001_10000,0.0,12.310170133391868,intensity_distance_weighted_mps,14.53488372,0.0014534883720930232,1.1862068965517307,76.13636363636364,5,341.55347145629867,15.1,-64.39999999999998,SW
storm,STORM,storm|3578|3_3578_4,3578,3_3578_4,8055,rank_5001_10000,0.0,12.2883887757214,intensity_distance_weighted_mps,14.53488372,0.0014534883720930232,1.1841652323580099,52.04545454545455,3,269.805593903455,18.6,-61.39999999999998,NE
storm,STORM,storm|8848|8_8848_12,8848,8_8848_12,8098,rank_5001_10000,0.0,12.197876940944207,intensity_distance_weighted_mps,14.53488372,0.0014534883720930232,1.1821305841924463,58.06818181818183,4,290.8807280720039,18.7,-60.69999999999999,NE
storm,STORM,storm|8483|8_8483_9,8483,8_8483_9,8112,rank_5001_10000,0.0,12.168032521899292,intensity_distance_weighted_mps,14.53488372,0.0014534883720930232,1.180102915951979,69.43181818181819,4,325.4026653508847,19.1,-61.39999999999998,NE
storm,STORM,storm|6858|6_6858_8,6858,6_6858_8,8118,rank_5001_10000,0.0,12.160213505988684,intensity_distance_weighted_mps,14.53488372,0.0014534883720930232,1.1780821917808284,26.250000000000004,0,161.46294332935287,14.8,-61.89999999999998,SW
storm,STORM,storm|9628|9_9628_1,9628,9_9628_1,8123,rank_5001_10000,0.0,12.15018407405567,intensity_distance_weighted_mps,14.53488372,0.0014534883720930232,1.1760683760683823,28.97727272727273,0,176.5242283472077,17.5,-60.5,NE
storm,STORM,storm|3591|3_3591_9,3591,3_3591_9,8134,rank_5001_10000,0.0,12.124576991672654,intensity_distance_weighted_mps,14.53488372,0.0014534883720930232,1.1740614334471053,55.68181818181819,3,284.3073868422327,18.5,-60.30000000000001,NE
storm,STORM,storm|7205|7_7205_2,7205,7_7205_2,8176,rank_5001_10000,0.0,12.037247957194163,intensity_distance_weighted_mps,14.53488372,0.0014534883720930232,1.1720613287904662,25.113636363636367,0,156.34052342916974,14.8,-61.10000000000002,SE
storm,STORM,storm|2857|2_2857_5,2857,2_2857_5,8184,rank_5001_10000,0.0,12.029129038592908,intensity_distance_weighted_mps,14.53488372,0.0014534883720930232,1.1700680272108905,51.363636363636374,3,271.24455238308514,15.7,-63.89999999999998,SW
storm,STORM,storm|7343|7_7343_8,7343,7_7343_8,8198,rank_5001_10000,0.0,11.987862971552365,intensity_distance_weighted_mps,14.53488372,0.0014534883720930232,1.1680814940577313,32.84090909090909,0,197.83591041943876,17.6,-60.30000000000001,NE
storm,STORM,storm|3789|3_3789_13,3789,3_3789_13,8206,rank_5001_10000,0.0,11.968967816570544,intensity_distance_weighted_mps,14.53488372,0.0014534883720930232,1.1661016949152605,46.25000000000001,2,253.85741558232442,17.4,-59.39999999999998,NE
storm,STORM,storm|41|0_41_3,41,0_41_3,8224,rank_5001_10000,0.0,11.945736041087672,intensity_distance_weighted_mps,14.53488372,0.0014534883720930232,1.164128595600683,62.50000000000001,4,308.577103269411,18.6,-60.0,NE
storm,STORM,storm|7583|7_7583_3,7583,7_7583_3,8238,rank_5001_10000,0.0,11.921844522256125,intensity_distance_weighted_mps,14.53488372,0.0014534883720930232,1.1621621621621683,50.227272727272734,3,268.87454779099215,14.1,-62.69999999999999,SW
storm,STORM,storm|8649|8_8649_2,8649,8_8649_2,8241,rank_5001_10000,0.0,11.916055650345232,intensity_distance_weighted_mps,14.53488372,0.0014534883720930232,1.1602023608769032,26.13636363636364,0,163.8624707403744,14.7,-61.39999999999998,SE
storm,STORM,storm|6540|6_6540_10,6540,6_6540_10,8249,rank_5001_10000,0.0,11.905379396683466,intensity_distance_weighted_mps,14.53488372,0.0014534883720930232,1.1582491582491643,23.863636363636367,0,150.33274235618242,16.4,-62.80000000000001,NW
storm,STORM,storm|3696|3_3696_13,3696,3_3696_13,8274,rank_5001_10000,0.0,11.841044417937038,intensity_distance_weighted_mps,14.53488372,0.0014534883720930232,1.1563025210084095,57.72727272727273,3,295.2823134425135,18.8,-61.0,NE
storm,STORM,storm|1717|1_1717_4,1717,1_1717_4,8277,rank_5001_10000,0.0,11.832530018702474,intensity_distance_weighted_mps,14.53488372,0.0014534883720930232,1.1543624161073887,27.5,0,172.60440983597906,16.3,-59.80000000000001,NE
storm,STORM,storm|6469|6_6469_1,6469,6_6469_1,8290,rank_5001_10000,0.0,11.804459338529199,intensity_distance_weighted_mps,14.53488372,0.0014534883720930232,1.152428810720274,50.11363636363637,3,270.22132549963726,13.9,-62.30000000000001,SW
storm,STORM,storm|8734|8_8734_7,8734,8_8734_7,8312,rank_5001_10000,0.0,11.768397587934817,intensity_distance_weighted_mps,14.53488372,0.0014534883720930232,1.1505016722408088,26.818181818181824,0,169.62807345227435,14.8,-62.10000000000002,SW
storm,STORM,storm|3802|3_3802_5,3802,3_3802_5,8319,rank_5001_10000,0.0,11.752403699112119,intensity_distance_weighted_mps,14.53488372,0.0014534883720930232,1.1485809682804735,34.659090909090914,1,209.415610027159,17.1,-59.69999999999999,NE
storm,STORM,storm|5938|5_5938_11,5938,5_5938_11,8327,rank_5001_10000,0.0,11.730803675992172,intensity_distance_weighted_mps,14.53488372,0.0014534883720930232,1.1466666666666727,44.09090909090909,2,249.13362061957827,17.8,-59.80000000000001,NE
storm,STORM,storm|2016|2_2016_11,2016,2_2016_11,8333,rank_5001_10000,0.0,11.717155407450097,intensity_distance_weighted_mps,14.53488372,0.0014534883720930232,1.1447587354409376,36.02272727272727,1,216.03946137606098,17.8,-60.30000000000001,NE
storm,STORM,storm|6824|6_6824_5,6824,6_6824_5,8335,rank_5001_10000,0.0,11.713871227967488,intensity_distance_weighted_mps,14.53488372,0.0014534883720930232,1.1428571428571488,34.54545454545455,1,209.415610027159,17.1,-59.69999999999999,NE
storm,STORM,storm|1842|1_1842_5,1842,1_1842_5,8337,rank_5001_10000,0.0,11.712153436230972,intensity_distance_weighted_mps,14.53488372,0.0014534883720930232,1.1409618573797737,20.577775348295454,0,130.50510052731786,15.0,-61.39999999999998,SE
storm,STORM,storm|7390|7_7390_7,7390,7_7390_7,8363,rank_5001_10000,0.0,11.65032754206372,intensity_distance_weighted_mps,14.53488372,0.0014534883720930232,1.139072847682125,40.79545454545455,1,237.24942437578537,17.9,-60.10000000000002,NE
storm,STORM,storm|1961|1_1961_5,1961,1_1961_5,8372,rank_5001_10000,0.0,11.638580778690809,intensity_distance_weighted_mps,14.53488372,0.0014534883720930232,1.137190082644634,48.409090909090914,2,266.6189869721841,13.9,-62.19999999999999,SW
storm,STORM,storm|3024|3_3024_10,3024,3_3024_10,8402,rank_5001_10000,0.0,11.584563584789198,intensity_distance_weighted_mps,14.53488372,0.0014534883720930232,1.135313531353141,58.06818181818183,4,300.470184103341,16.3,-58.60000000000002,NE
storm,STORM,storm|8975|8_8975_9,8975,8_8975_9,8434,rank_5001_10000,0.0,11.518514392309465,intensity_distance_weighted_mps,14.53488372,0.0014534883720930232,1.1334431630972053,56.02272727272727,3,294.8448772483312,13.7,-62.39999999999998,SW
storm,STORM,storm|1952|1_1952_3,1952,1_1952_3,8471,rank_5001_10000,0.0,11.473543921992103,intensity_distance_weighted_mps,14.53488372,0.0014534883720930232,1.1315789473684268,33.18181818181819,1,206.3265506243174,17.9,-60.69999999999999,NE
storm,STORM,storm|2752|2_2752_16,2752,2_2752_16,8476,rank_5001_10000,0.0,11.463202480374928,intensity_distance_weighted_mps,14.53488372,0.0014534883720930232,1.1297208538587906,46.70454545454546,2,263.00530118012995,15.1,-63.60000000000002,SW
storm,STORM,storm|2238|2_2238_3,2238,2_2238_3,8477,rank_5001_10000,0.0,11.46269176636261,intensity_distance_weighted_mps,14.53488372,0.0014534883720930232,1.1278688524590221,43.18181818181819,2,249.52183799004695,14.1,-62.30000000000001,SW
storm,STORM,storm|8416|8_8416_7,8416,8_8416_7,8501,rank_5001_10000,0.0,11.420468239760655,intensity_distance_weighted_mps,14.53488372,0.0014534883720930232,1.1260229132569615,59.77272727272728,4,308.6438932202766,13.4,-61.30000000000001,SE
storm,STORM,storm|1373|1_1373_0,1373,1_1373_0,8527,rank_5001_10000,0.0,11.373639223868432,intensity_distance_weighted_mps,14.53488372,0.0014534883720930232,1.1241830065359535,39.20454545454546,1,234.64170677023486,15.6,-59.30000000000001,SE
storm,STORM,storm|3399|3_3399_1,3399,3_3399_1,8548,rank_5001_10000,0.0,11.335709040167547,intensity_distance_weighted_mps,14.53488372,0.0014534883720930232,1.122349102773252,41.25,1,243.67236068603077,14.0,-61.69999999999999,SW
storm,STORM,storm|743|0_743_5,743,0_743_5,8559,rank_5001_10000,0.0,11.317493686186122,intensity_distance_weighted_mps,14.53488372,0.0014534883720930232,1.120521172638442,59.31818181818183,4,308.91561417519966,18.7,-60.19999999999999,NE
storm,STORM,storm|887|0_887_4,887,0_887_4,8578,rank_5001_10000,0.0,11.267368619384325,intensity_distance_weighted_mps,14.53488372,0.0014534883720930232,1.1186991869918756,51.363636363636374,3,282.96451880736885,18.2,-59.80000000000001,NE
storm,STORM,storm|5441|5_5441_9,5441,5_5441_9,8584,rank_5001_10000,0.0,11.259844820411269,intensity_distance_weighted_mps,14.53488372,0.0014534883720930232,1.1168831168831226,30.79545454545455,0,197.5779803262004,14.4,-61.30000000000001,SE
storm,STORM,storm|3064|3_3064_4,3064,3_3064_4,8596,rank_5001_10000,0.0,11.246609029125604,intensity_distance_weighted_mps,14.53488372,0.0014534883720930232,1.1150729335494383,50.45454545454546,3,280.07055550522523,18.5,-60.39999999999998,NE
storm,STORM,storm|9249|9_9249_3,9249,9_9249_3,8656,rank_5001_10000,0.0,11.15635710422967,intensity_distance_weighted_mps,14.53488372,0.0014534883720930232,1.1132686084142451,41.93181818181819,1,249.13362061957827,17.8,-59.80000000000001,NE
storm,STORM,storm|7630|7_7630_11,7630,7_7630_11,8660,rank_5001_10000,0.0,11.151123047792103,intensity_distance_weighted_mps,14.53488372,0.0014534883720930232,1.1114701130856275,24.772727272727277,0,165.78532456985425,17.5,-60.69999999999999,NE
storm,STORM,storm|5312|5_5312_10,5312,5_5312_10,8681,rank_5001_10000,0.0,11.111613625354131,intensity_distance_weighted_mps,14.53488372,0.0014534883720930232,1.1096774193548442,37.84090909090909,1,232.64646026425484,14.1,-61.69999999999999,SW
storm,STORM,storm|6902|6_6902_4,6902,6_6902_4,8722,rank_5001_10000,0.0,11.028694225423543,intensity_distance_weighted_mps,14.53488372,0.0014534883720930232,1.1078904991948526,63.06818181818183,4,325.8334875586338,19.0,-60.60000000000002,NE
storm,STORM,storm|9993|9_9993_2,9993,9_9993_2,8732,rank_5001_10000,0.0,10.999770509419603,intensity_distance_weighted_mps,14.53488372,0.0014534883720930232,1.106109324758848,33.18181818181819,1,213.01013321559634,17.2,-63.10000000000002,NW
storm,STORM,storm|4662|4_4662_1,4662,4_4662_1,8743,rank_5001_10000,0.0,10.985117021837675,intensity_distance_weighted_mps,14.53488372,0.0014534883720930232,1.1043338683788178,43.977272727272734,2,259.952657637333,17.5,-59.39999999999998,NE
storm,STORM,storm|4011|4_4011_10,4011,4_4011_10,8761,rank_5001_10000,0.0,10.940618739136857,intensity_distance_weighted_mps,14.53488372,0.0014534883720930232,1.102564102564108,57.72727272727273,3,310.19251261709013,15.9,-64.30000000000001,SW
storm,STORM,storm|8979|8_8979_9,8979,8_8979_9,8763,rank_5001_10000,0.0,10.938830061104184,intensity_distance_weighted_mps,14.53488372,0.0014534883720930232,1.1008000000000056,26.022727272727273,0,176.14187031164676,14.6,-61.60000000000002,SW
storm,STORM,storm|2062|2_2062_3,2062,2_2062_3,8779,rank_5001_10000,0.0,10.91852972736365,intensity_distance_weighted_mps,14.53488372,0.0014534883720930232,1.0990415335463313,65.11363636363636,4,334.1867418597877,14.5,-64.0,SW
storm,STORM,storm|9810|9_9810_7,9810,9_9810_7,8785,rank_5001_10000,0.0,10.912535537889411,intensity_distance_weighted_mps,14.53488372,0.0014534883720930232,1.09728867623605,51.47727272727273,3,289.20297543702975,13.6,-61.80000000000001,SW
storm,STORM,storm|5397|5_5397_8,5397,5_5397_8,8809,rank_5001_10000,0.0,10.863934166384022,intensity_distance_weighted_mps,14.53488372,0.0014534883720930232,1.0955414012738907,52.04545454545455,3,292.044401084616,18.8,-61.39999999999998,NE
storm,STORM,storm|8732|8_8732_1,8732,8_8732_1,8825,rank_5001_10000,0.0,10.83676151874578,intensity_distance_weighted_mps,14.53488372,0.0014534883720930232,1.0937996820349816,37.159090909090914,1,233.77801177433508,17.7,-59.89999999999998,NE
storm,STORM,storm|69|0_69_6,69,0_69_6,8833,rank_5001_10000,0.0,10.817351629903612,intensity_distance_weighted_mps,14.53488372,0.0014534883720930232,1.0920634920634975,43.18181818181819,2,259.45677288784015,18.5,-61.60000000000002,NW
storm,STORM,storm|8170|8_8170_11,8170,8_8170_11,8843,rank_5001_10000,0.0,10.800745320757073,intensity_distance_weighted_mps,14.53488372,0.0014534883720930232,1.0903328050713208,50.11363636363637,3,286.1751292225038,13.6,-61.39999999999998,SE
storm,STORM,storm|3394|3_3394_0,3394,3_3394_0,8867,rank_5001_10000,0.0,10.765463430190955,intensity_distance_weighted_mps,14.53488372,0.0014534883720930232,1.0886075949367142,44.43181818181819,2,265.26071856135076,14.2,-62.80000000000001,SW
storm,STORM,storm|116|0_116_1,116,0_116_1,8883,rank_5001_10000,0.0,10.734539076597363,intensity_distance_weighted_mps,14.53488372,0.0014534883720930232,1.086887835703007,43.86363636363637,2,263.51440418234426,14.1,-62.60000000000002,SW
storm,STORM,storm|2709|2_2709_7,2709,2_2709_7,8893,rank_5001_10000,0.0,10.71627399758885,intensity_distance_weighted_mps,14.53488372,0.0014534883720930232,1.0851735015772923,56.477272727272734,3,309.96817162164524,13.4,-61.69999999999999,SW
storm,STORM,storm|1415|1_1415_8,1415,1_1415_8,8906,rank_5001_10000,0.0,10.688798159036342,intensity_distance_weighted_mps,14.53488372,0.0014534883720930232,1.0834645669291392,42.727272727272734,2,259.69449047521834,18.3,-60.39999999999998,NE
storm,STORM,storm|8748|8_8748_7,8748,8_8748_7,8915,rank_5001_10000,0.0,10.680258828127444,intensity_distance_weighted_mps,14.53488372,0.0014534883720930232,1.0817610062893135,31.704545454545457,0,210.45585113671652,17.9,-60.60000000000002,NE
storm,STORM,storm|8510|8_8510_2,8510,8_8510_2,8951,rank_5001_10000,0.0,10.62847879480387,intensity_distance_weighted_mps,14.53488372,0.0014534883720930232,1.080062794348514,49.43181818181819,3,286.60928452909656,18.6,-60.5,NE
storm,STORM,storm|5409|5_5409_6,5409,5_5409_6,8967,rank_5001_10000,0.0,10.602134298348066,intensity_distance_weighted_mps,14.53488372,0.0014534883720930232,1.078369905956118,61.81818181818182,4,329.68382355841237,14.0,-63.5,SW
storm,STORM,storm|568|0_568_12,568,0_568_12,8977,rank_5001_10000,0.0,10.587085713016556,intensity_distance_weighted_mps,14.53488372,0.0014534883720930232,1.076682316118941,55.11363636363637,3,307.6185855417476,18.8,-60.5,NE
storm,STORM,storm|2545|2_2545_2,2545,2_2545_2,8985,rank_5001_10000,0.0,10.572745476222426,intensity_distance_weighted_mps,14.53488372,0.0014534883720930232,1.075000000000005,25.795454545454547,0,179.9879141777219,14.8,-62.30000000000001,SW
storm,STORM,storm|5524|5_5524_7,5524,5_5524_7,8994,rank_5001_10000,0.0,10.557742416386613,intensity_distance_weighted_mps,14.53488372,0.0014534883720930232,1.0733229329173217,39.77272727272727,1,249.52183799004695,14.1,-62.30000000000001,SW
storm,STORM,storm|9514|9_9514_17,9514,9_9514_17,9027,rank_5001_10000,0.0,10.510278967553795,intensity_distance_weighted_mps,14.53488372,0.0014534883720930232,1.0716510903426841,59.20454545454546,4,322.86654880080914,13.4,-62.30000000000001,SW
storm,STORM,storm|8912|8_8912_6,8912,8_8912_6,9035,rank_5001_10000,0.0,10.490352950523226,intensity_distance_weighted_mps,14.53488372,0.0014534883720930232,1.0699844479004716,56.70454545454546,3,314.8356428635549,13.4,-62.0,SW
storm,STORM,storm|9267|9_9267_3,9267,9_9267_3,9053,rank_5001_10000,0.0,10.462785158568405,intensity_distance_weighted_mps,14.53488372,0.0014534883720930232,1.0683229813664648,45.68181818181819,2,275.2049994237032,18.6,-60.89999999999998,NE
storm,STORM,storm|5546|5_5546_5,5546,5_5546_5,9057,rank_5001_10000,0.0,10.458939201778499,intensity_distance_weighted_mps,14.53488372,0.0014534883720930232,1.0666666666666718,45.909090909090914,2,276.1572751557283,17.3,-59.10000000000002,NE
storm,STORM,storm|8778|8_8778_1,8778,8_8778_1,9069,rank_5001_10000,0.0,10.447295100464373,intensity_distance_weighted_mps,14.53488372,0.0014534883720930232,1.065015479876166,39.09090909090909,1,248.37234296710122,18.4,-61.60000000000002,NW
storm,STORM,storm|2176|2_2176_6,2176,2_2176_6,9086,rank_5001_10000,0.0,10.414687830237316,intensity_distance_weighted_mps,14.53488372,0.0014534883720930232,1.0633693972179339,42.727272727272734,2,264.2128777500837,17.8,-59.60000000000002,NE
storm,STORM,storm|9064|9_9064_8,9064,9_9064_8,9090,rank_5001_10000,0.0,10.40755119304413,intensity_distance_weighted_mps,14.53488372,0.0014534883720930232,1.0617283950617333,56.02272727272727,3,314.0303758442158,18.8,-62.5,NW
storm,STORM,storm|492|0_492_2,492,0_492_2,9103,rank_5001_10000,0.0,10.391744044943929,intensity_distance_weighted_mps,14.53488372,0.0014534883720930232,1.0600924499229634,53.18181818181818,3,304.38171374419494,18.5,-59.89999999999998,NE
storm,STORM,storm|1011|1_1011_2,1011,1_1011_2,9110,rank_5001_10000,0.0,10.383170450445586,intensity_distance_weighted_mps,14.53488372,0.0014534883720930232,1.0584615384615434,40.68181818181818,1,256.2346690201333,13.9,-61.80000000000001,SW
storm,STORM,storm|981|0_981_3,981,0_981_3,9133,rank_5001_10000,0.0,10.336170039646044,intensity_distance_weighted_mps,14.53488372,0.0014534883720930232,1.0568356374808037,36.02272727272727,1,236.46364853594156,14.1,-61.89999999999998,SW
storm,STORM,storm|7652|7_7652_2,7652,7_7652_2,9149,rank_5001_10000,0.0,10.303016353790628,intensity_distance_weighted_mps,14.53488372,0.0014534883720930232,1.0552147239263854,32.27272727272727,0,219.03889288539204,14.4,-62.30000000000001,SW
storm,STORM,storm|6876|6_6876_1,6876,6_6876_1,9158,rank_5001_10000,0.0,10.288628134294553,intensity_distance_weighted_mps,14.53488372,0.0014534883720930232,1.0535987748851503,34.43181818181819,1,229.77874349628817,18.0,-60.39999999999998,NE
storm,STORM,storm|4367|4_4367_11,4367,4_4367_11,9169,rank_5001_10000,0.0,10.270101418506158,intensity_distance_weighted_mps,14.53488372,0.0014534883720930232,1.0519877675841027,39.659090909090914,1,253.7442558559124,14.4,-62.89999999999998,SW
storm,STORM,storm|6819|6_6819_10,6819,6_6819_10,9199,rank_5001_10000,0.0,10.218529817842795,intensity_distance_weighted_mps,14.53488372,0.0014534883720930232,1.050381679389318,45.113636363636374,2,277.1911211993595,13.8,-62.19999999999999,SW
storm,STORM,storm|4848|4_4848_1,4848,4_4848_1,9213,rank_5001_10000,0.0,10.20592413918302,intensity_distance_weighted_mps,14.53488372,0.0014534883720930232,1.048780487804883,31.250000000000004,0,215.39222396614863,14.5,-60.39999999999998,SE
storm,STORM,storm|9180|9_9180_2,9180,9_9180_2,9214,rank_5001_10000,0.0,10.205657835045232,intensity_distance_weighted_mps,14.53488372,0.0014534883720930232,1.0471841704718465,54.43181818181819,3,312.25570033425214,13.5,-62.30000000000001,SW
storm,STORM,storm|7528|7_7528_3,7528,7_7528_3,9231,rank_5001_10000,0.0,10.17837789102319,intensity_distance_weighted_mps,14.53488372,0.0014534883720930232,1.045592705167178,23.63636363636364,0,172.48129555590938,17.7,-61.69999999999999,NW
storm,STORM,storm|5492|5_5492_2,5492,5_5492_2,9255,rank_5001_10000,0.0,10.131033259533682,intensity_distance_weighted_mps,14.53488372,0.0014534883720930232,1.0440060698027362,24.886363636363637,0,181.02512559637356,15.4,-62.89999999999998,SW
storm,STORM,storm|3223|3_3223_1,3223,3_3223_1,9260,rank_5001_10000,0.0,10.125706642892888,intensity_distance_weighted_mps,14.53488372,0.0014534883720930232,1.0424242424242471,60.11363636363637,4,333.2814666717339,13.2,-61.80000000000001,SW
storm,STORM,storm|5929|5_5929_0,5929,5_5929_0,9335,rank_5001_10000,0.0,9.998670641046788,intensity_distance_weighted_mps,14.53488372,0.0014534883720930232,1.0408472012102923,42.38636363636364,1,269.9666606696149,18.6,-61.5,NW
storm,STORM,storm|8053|8_8053_4,8053,8_8053_4,9345,rank_5001_10000,0.0,9.991241020380244,intensity_distance_weighted_mps,14.53488372,0.0014534883720930232,1.0392749244713038,36.93181818181819,1,246.3116701479636,18.0,-60.10000000000002,NE
storm,STORM,storm|3815|3_3815_11,3815,3_3815_11,9370,rank_5001_10000,0.0,9.965124320644874,intensity_distance_weighted_mps,14.53488372,0.0014534883720930232,1.0377073906485719,26.022727272727273,0,190.41022054215472,17.7,-60.60000000000002,NE
storm,STORM,storm|872|0_872_4,872,0_872_4,9374,rank_5001_10000,0.0,9.961057748170745,intensity_distance_weighted_mps,14.53488372,0.0014534883720930232,1.0361445783132577,26.818181818181824,0,195.13279792320407,14.7,-62.39999999999998,SW
storm,STORM,storm|5506|5_5506_1,5506,5_5506_1,9419,rank_5001_10000,0.0,9.887472413070784,intensity_distance_weighted_mps,14.53488372,0.0014534883720930232,1.0345864661654183,60.11363636363637,4,338.0754397720728,18.9,-60.0,NE
storm,STORM,storm|9110|9_9110_7,9110,9_9110_7,9422,rank_5001_10000,0.0,9.885161267407396,intensity_distance_weighted_mps,14.53488372,0.0014534883720930232,1.0330330330330377,30.79545454545455,0,218.16216844986738,17.7,-62.69999999999999,NW
storm,STORM,storm|1638|1_1638_3,1638,1_1638_3,9538,rank_5001_10000,0.0,9.687465245912582,intensity_distance_weighted_mps,14.53488372,0.0014534883720930232,1.0314842578710692,42.8409090909091,2,277.49202374178526,18.6,-60.80000000000001,NE
storm,STORM,storm|9698|9_9698_0,9698,9_9698_0,9579,rank_5001_10000,0.0,9.635972756060333,intensity_distance_weighted_mps,14.53488372,0.0014534883720930232,1.0299401197604836,20.795454545454547,0,161.42302860597644,16.2,-59.89999999999998,NE
storm,STORM,storm|4537|4_4537_7,4537,4_4537_7,9589,rank_5001_10000,0.0,9.61974865551595,intensity_distance_weighted_mps,14.53488372,0.0014534883720930232,1.028400597907329,52.84090909090909,3,317.9491059152061,18.1,-59.19999999999999,NE
storm,STORM,storm|5352|5_5352_7,5352,5_5352_7,9590,rank_5001_10000,0.0,9.618833317651681,intensity_distance_weighted_mps,14.53488372,0.0014534883720930232,1.0268656716417957,33.52272727272727,1,236.46364853594156,14.1,-61.89999999999998,SW
storm,STORM,storm|7400|7_7400_7,7400,7_7400_7,9673,rank_5001_10000,0.0,9.493365242136752,intensity_distance_weighted_mps,14.53488372,0.0014534883720930232,1.0253353204172921,24.431818181818183,0,188.1628903953631,17.8,-61.89999999999998,NW
storm,STORM,storm|9546|9_9546_0,9546,9_9546_0,9729,rank_5001_10000,0.0,9.421055477742945,intensity_distance_weighted_mps,14.53488372,0.0014534883720930232,1.0238095238095284,53.977272727272734,3,326.2087716171201,13.4,-62.39999999999998,SW
storm,STORM,storm|5350|5_5350_8,5350,5_5350_8,9738,rank_5001_10000,0.0,9.408234998988027,intensity_distance_weighted_mps,14.53488372,0.0014534883720930232,1.0222882615156064,52.27272727272728,3,320.1739711794876,13.3,-61.60000000000002,SW
storm,STORM,storm|6771|6_6771_8,6771,6_6771_8,9748,rank_5001_10000,0.0,9.386926010323624,intensity_distance_weighted_mps,14.53488372,0.0014534883720930232,1.0207715133531203,61.5909090909091,4,353.73772779409626,13.3,-60.0,SE
storm,STORM,storm|7744|7_7744_9,7744,7_7744_9,9750,rank_5001_10000,0.0,9.384271738005529,intensity_distance_weighted_mps,14.53488372,0.0014534883720930232,1.0192592592592638,67.04545454545455,4,371.8199986524643,13.0,-62.5,SW
storm,STORM,storm|6205|6_6205_5,6205,6_6205_5,9765,rank_5001_10000,0.0,9.35740461885078,intensity_distance_weighted_mps,14.53488372,0.0014534883720930232,1.0177514792899454,58.75000000000001,4,344.6231741239552,13.1,-61.0,SE
storm,STORM,storm|4231|4_4231_14,4231,4_4231_14,9773,rank_5001_10000,0.0,9.34642653568075,intensity_distance_weighted_mps,14.53488372,0.0014534883720930232,1.0162481536189114,59.09090909090909,4,346.05164618245203,19.1,-60.30000000000001,NE
storm,STORM,storm|4520|4_4520_0,4520,4_4520_0,9791,rank_5001_10000,0.0,9.323504235648562,intensity_distance_weighted_mps,14.53488372,0.0014534883720930232,1.0147492625368777,29.204545454545457,0,219.03889288539204,14.4,-62.30000000000001,SW
storm,STORM,storm|8818|8_8818_12,8818,8_8818_12,9824,rank_5001_10000,0.0,9.287979177175867,intensity_distance_weighted_mps,14.53488372,0.0014534883720930232,1.0132547864506671,35.45454545454546,1,251.77001770106367,14.6,-63.10000000000002,SW
storm,STORM,storm|194|0_194_12,194,0_194_12,9885,rank_5001_10000,0.0,9.191907795019626,intensity_distance_weighted_mps,14.53488372,0.0014534883720930232,1.0117647058823573,70.00000000000001,5,385.8061252695601,19.0,-59.30000000000001,NE
storm,STORM,storm|3655|3_3655_5,3655,3_3655_5,9887,rank_5001_10000,0.0,9.1832180180458,intensity_distance_weighted_mps,14.53488372,0.0014534883720930232,1.0102790014684333,70.22727272727273,5,386.7367987668261,18.6,-58.80000000000001,NE
storm,STORM,storm|4206|4_4206_5,4206,4_4206_5,9893,rank_5001_10000,0.0,9.173152886914787,intensity_distance_weighted_mps,14.53488372,0.0014534883720930232,1.0087976539589487,40.22727272727273,1,275.98886182519186,13.7,-61.19999999999999,SE
storm,STORM,storm|9169|9_9169_3,9169,9_9169_3,9904,rank_5001_10000,0.0,9.164549260227378,intensity_distance_weighted_mps,14.53488372,0.0014534883720930232,1.0073206442166955,34.54545454545455,1,249.62567849147783,18.2,-60.39999999999998,NE
storm,STORM,storm|5164|5_5164_6,5164,5_5164_6,9951,rank_5001_10000,0.0,9.098591237630428,intensity_distance_weighted_mps,14.53488372,0.0014534883720930232,1.0058479532163787,58.409090909090914,4,349.1997173624496,19.3,-61.10000000000002,NE
storm,STORM,storm|3624|3_3624_1,3624,3_3624_1,9957,rank_5001_10000,0.0,9.085440796680624,intensity_distance_weighted_mps,14.53488372,0.0014534883720930232,1.0043795620438,48.86363636363637,2,313.8634881365672,18.6,-59.89999999999998,NE
storm,STORM,storm|9613|9_9613_7,9613,9_9613_7,9985,rank_5001_10000,0.0,9.04736520103187,intensity_distance_weighted_mps,14.53488372,0.0014534883720930232,1.002915451895048,69.0909090909091,4,386.4233463566091,17.8,-58.19999999999999,NE
storm,STORM,storm|5986|5_5986_10,5986,5_5986_10,9988,rank_5001_10000,0.0,9.045571724314824,intensity_distance_weighted_mps,14.53488372,0.0014534883720930232,1.0014556040756957,59.31818181818183,4,353.6217468555248,13.0,-61.19999999999999,SE
storm,STORM,storm|5307|5_5307_1,5307,5_5307_1,9992,rank_5001_10000,0.0,9.042773691540917,intensity_distance_weighted_mps,14.53488372,0.0014534883720930232,1.0000000000000044,70.11363636363637,5,389.81402048257434,12.7,-61.89999999999998,SW
storm,STORM,storm|6597|6_6597_1,6597,6_6597_1,10032,rank_gt_10000,0.0,8.989642481291487,intensity_distance_weighted_mps,46.02439024,0.004602439024390244,0.9954186463763162,59.77272727272728,4,356.5164621005661,19.2,-60.30000000000001,NE
storm,STORM,storm|9332|9_9332_13,9332,9_9332_13,10054,rank_gt_10000,0.0,8.963954046823522,intensity_distance_weighted_mps,46.02439024,0.004602439024390244,0.990879078917481,45.56818181818183,2,303.11475180685414,18.5,-62.89999999999998,NW
storm,STORM,storm|8727|8_8727_5,8727,8_8727_5,10104,rank_gt_10000,0.0,8.90244146484639,intensity_distance_weighted_mps,46.02439024,0.004602439024390244,0.9863807285263756,50.909090909090914,3,325.8334875586338,19.0,-60.60000000000002,NE
storm,STORM,storm|86|0_86_7,86,0_86_7,10160,rank_gt_10000,0.0,8.83766115769173,intensity_distance_weighted_mps,46.02439024,0.004602439024390244,0.981923036393425,40.34090909090909,1,283.2045662600073,13.9,-62.60000000000002,SW
storm,STORM,storm|4173|4_4173_7,4173,4_4173_7,10174,rank_gt_10000,0.0,8.82308340232005,intensity_distance_weighted_mps,46.02439024,0.004602439024390244,0.9775054537651885,40.79545454545455,1,285.5410088890778,18.0,-63.30000000000001,NW
storm,STORM,storm|8991|8_8991_9,8991,8_8991_9,10190,rank_gt_10000,0.0,8.800959391144998,intensity_distance_weighted_mps,46.02439024,0.004602439024390244,0.9731274417191645,61.70454545454545,4,367.76365444536765,17.8,-58.39999999999998,NE
storm,STORM,storm|438|0_438_0,438,0_438_0,10197,rank_gt_10000,0.0,8.789015732575583,intensity_distance_weighted_mps,46.02439024,0.004602439024390244,0.9687884709446205,66.93181818181819,4,385.8061252695601,19.0,-59.30000000000001,NE
storm,STORM,storm|5575|5_5575_5,5575,5_5575_5,10263,rank_gt_10000,0.0,8.690851352833114,intensity_distance_weighted_mps,46.02439024,0.004602439024390244,0.964488021529259,38.97727272727273,1,280.01679360620926,13.7,-61.89999999999998,SW
storm,STORM,storm|7482|7_7482_10,7482,7_7482_10,10319,rank_gt_10000,0.0,8.61958333066496,intensity_distance_weighted_mps,46.02439024,0.004602439024390244,0.9602255827515426,62.727272727272734,4,375.8180345134654,12.8,-61.19999999999999,SE
storm,STORM,storm|2408|2_2408_5,2408,2_2408_5,10358,rank_gt_10000,0.0,8.562546306095811,intensity_distance_weighted_mps,46.02439024,0.004602439024390244,0.9560006528784992,43.409090909090914,2,302.6005077072752,15.4,-58.69999999999999,SE
storm,STORM,storm|7737|7_7737_2,7737,7_7737_2,10374,rank_gt_10000,0.0,8.529407419817314,intensity_distance_weighted_mps,46.02439024,0.004602439024390244,0.9518127389688431,57.84090909090909,3,360.6666145877318,13.8,-63.69999999999999,SW
storm,STORM,storm|3999|3_3999_12,3999,3_3999_12,10389,rank_gt_10000,0.0,8.516303960691976,intensity_distance_weighted_mps,46.02439024,0.004602439024390244,0.9476613566812483,26.022727272727273,0,215.06235394836446,17.2,-59.69999999999999,NE
storm,STORM,storm|3333|3_3333_4,3333,3_3333_4,10425,rank_gt_10000,0.0,8.469354480878806,intensity_distance_weighted_mps,46.02439024,0.004602439024390244,0.9435460300876163,61.13636363636364,4,374.05497218562215,15.9,-64.89999999999998,SW
storm,STORM,storm|6453|6_6453_5,6453,6_6453_5,10430,rank_gt_10000,0.0,8.461347856082943,intensity_distance_weighted_mps,46.02439024,0.004602439024390244,0.9394662914911897,54.659090909090914,3,350.49502968118617,17.2,-58.30000000000001,NE
storm,STORM,storm|4723|4_4723_9,4723,4_4723_9,10435,rank_gt_10000,0.0,8.453914129560989,intensity_distance_weighted_mps,46.02439024,0.004602439024390244,0.935421681249363,38.86363636363637,1,284.4910247292915,13.8,-62.39999999999998,SW
storm,STORM,storm|4489|4_4489_6,4489,4_4489_6,10445,rank_gt_10000,0.0,8.438801545806644,intensity_distance_weighted_mps,46.02439024,0.004602439024390244,0.9314117476010515,48.75,2,327.8413482866532,13.6,-62.89999999999998,SW
storm,STORM,storm|859|0_859_3,859,0_859_3,10508,rank_gt_10000,0.0,8.362411805261582,intensity_distance_weighted_mps,46.02439024,0.004602439024390244,0.9274360464984812,41.36363636363637,1,297.98232984603607,13.5,-61.60000000000002,SW
storm,STORM,storm|3529|3_3529_12,3529,3_3529_12,10627,rank_gt_10000,0.0,8.226352703923151,intensity_distance_weighted_mps,46.02439024,0.004602439024390244,0.9234941414432684,22.954545454545457,0,200.70691043872642,15.7,-59.60000000000002,SE
storm,STORM,storm|4119|4_4119_9,4119,4_4119_9,10659,rank_gt_10000,0.0,8.184159873662958,intensity_distance_weighted_mps,46.02439024,0.004602439024390244,0.9195856033266617,28.522727272727277,0,236.46364853594156,14.1,-61.89999999999998,SW
storm,STORM,storm|8102|8_8102_5,8102,8_8102_5,10676,rank_gt_10000,0.0,8.171490263792238,intensity_distance_weighted_mps,46.02439024,0.004602439024390244,0.9157100102738244,33.52272727272727,1,264.20449553237364,13.8,-61.30000000000001,SE
storm,STORM,storm|3222|3_3222_3,3222,3_3222_3,10707,rank_gt_10000,0.0,8.131367110537179,intensity_distance_weighted_mps,46.02439024,0.004602439024390244,0.9118669474920371,62.15909090909092,4,386.64981805731674,12.9,-60.19999999999999,SE
storm,STORM,storm|8075|8_8075_4,8075,8_8075_4,10718,rank_gt_10000,0.0,8.11403287689037,intensity_distance_weighted_mps,46.02439024,0.004602439024390244,0.9080560071227075,33.86363636363637,1,267.2133491962296,13.8,-61.80000000000001,SW
storm,STORM,storm|9636|9_9636_3,9636,9_9636_3,10736,rank_gt_10000,0.0,8.08381950273191,intensity_distance_weighted_mps,46.02439024,0.004602439024390244,0.9042767880970757,23.295454545454547,0,205.7647153418529,18.0,-61.10000000000002,NE
storm,STORM,storm|161|0_161_0,161,0_161_0,10740,rank_gt_10000,0.0,8.079260182448195,intensity_distance_weighted_mps,46.02439024,0.004602439024390244,0.9005288959955066,68.18181818181819,4,409.1211580904428,12.5,-61.19999999999999,SE
storm,STORM,storm|3216|3_3216_1,3216,3_3216_1,10840,rank_gt_10000,0.0,7.948910022180861,intensity_distance_weighted_mps,46.02439024,0.004602439024390244,0.896811942910269,37.84090909090909,1,290.8807280720039,18.7,-60.69999999999999,NE
storm,STORM,storm|5592|5_5592_11,5592,5_5592_11,10866,rank_gt_10000,0.0,7.9151506901277555,intensity_distance_weighted_mps,46.02439024,0.004602439024390244,0.893125547311697,34.43181818181819,1,274.54980318471945,14.1,-62.80000000000001,SW
storm,STORM,storm|6794|6_6794_7,6794,6_6794_7,10880,rank_gt_10000,0.0,7.897228746118441,intensity_distance_weighted_mps,46.02439024,0.004602439024390244,0.88946933391764,39.88636363636364,1,301.8944630434465,13.5,-61.89999999999998,SW
storm,STORM,storm|8283|8_8283_4,8283,8_8283_4,10952,rank_gt_10000,0.0,7.8212161189835445,intensity_distance_weighted_mps,46.02439024,0.004602439024390244,0.8858429335661061,61.5909090909091,4,393.2990469750819,12.7,-62.10000000000002,SW
storm,STORM,storm|9197|9_9197_8,9197,9_9197_8,11002,rank_gt_10000,0.0,7.7675041869416,intensity_distance_weighted_mps,46.02439024,0.004602439024390244,0.8822459830910075,65.00000000000001,4,407.1663263788772,13.5,-64.0,SW
storm,STORM,storm|6438|6_6438_6,6438,6_6438_6,11021,rank_gt_10000,0.0,7.7502981958201875,intensity_distance_weighted_mps,46.02439024,0.004602439024390244,0.8786781252009223,58.18181818181819,4,382.633580519663,18.2,-58.5,NE
storm,STORM,storm|4204|4_4204_15,4204,4_4204_15,11049,rank_gt_10000,0.0,7.720515257399654,intensity_distance_weighted_mps,46.02439024,0.004602439024390244,0.8751390083607843,28.40909090909091,0,245.54631005696695,14.3,-60.19999999999999,SE
storm,STORM,storm|3570|3_3570_1,3570,3_3570_1,11050,rank_gt_10000,0.0,7.720122618499025,intensity_distance_weighted_mps,46.02439024,0.004602439024390244,0.8716282866764226,68.86363636363637,4,422.1379106660709,12.5,-62.39999999999998,SW
storm,STORM,storm|2922|2_2922_2,2922,2_2922_2,11051,rank_gt_10000,0.0,7.717536635735846,intensity_distance_weighted_mps,46.02439024,0.004602439024390244,0.8681456197818676,25.454545454545457,0,227.4008586071294,18.2,-61.69999999999999,NW
storm,STORM,storm|9405|9_9405_2,9405,9_9405_2,11074,rank_gt_10000,0.0,7.694526415462387,intensity_distance_weighted_mps,46.02439024,0.004602439024390244,0.8646906727293484,40.79545454545455,1,311.11460362698153,13.9,-63.10000000000002,SW
storm,STORM,storm|3637|3_3637_2,3637,3_3637_2,11093,rank_gt_10000,0.0,7.672699103538519,intensity_distance_weighted_mps,46.02439024,0.004602439024390244,0.861263115881907,55.11363636363637,3,372.9870949248568,13.1,-62.80000000000001,SW
storm,STORM,storm|9920|9_9920_7,9920,9_9920_7,11121,rank_gt_10000,0.0,7.653749005775794,intensity_distance_weighted_mps,46.02439024,0.004602439024390244,0.8578626248085552,22.272727272727277,0,207.30637678054777,17.1,-63.10000000000002,NW
storm,STORM,storm|5196|5_5196_3,5196,5_5196_3,11189,rank_gt_10000,0.0,7.5826947031807865,intensity_distance_weighted_mps,46.02439024,0.004602439024390244,0.8544888801819069,39.31818181818182,1,306.8683217015903,18.8,-62.30000000000001,NW
storm,STORM,storm|8223|8_8223_4,8223,8_8223_4,11199,rank_gt_10000,0.0,7.574946036616533,intensity_distance_weighted_mps,46.02439024,0.004602439024390244,0.8511415676782155,30.56818181818182,0,261.3373805761842,18.4,-62.19999999999999,NW
storm,STORM,storm|8903|8_8903_1,8903,8_8903_1,11206,rank_gt_10000,0.0,7.567679800853898,intensity_distance_weighted_mps,46.02439024,0.004602439024390244,0.8478203778797511,43.18181818181819,2,325.4026653508847,19.1,-61.39999999999998,NE
storm,STORM,storm|3972|3_3972_0,3972,3_3972_0,11226,rank_gt_10000,0.0,7.546786385922791,intensity_distance_weighted_mps,46.02439024,0.004602439024390244,0.8445250061794564,30.454545454545457,0,261.3373805761842,18.4,-62.19999999999999,NW
storm,STORM,storm|4686|4_4686_8,4686,4_4686_8,11227,rank_gt_10000,0.0,7.546612877719993,intensity_distance_weighted_mps,46.02439024,0.004602439024390244,0.8412551526878154,36.70454545454545,1,294.8448772483312,13.7,-62.39999999999998,SW
storm,STORM,storm|3317|3_3317_7,3317,3_3317_7,11246,rank_gt_10000,0.0,7.531086645966401,intensity_distance_weighted_mps,46.02439024,0.004602439024390244,0.8380105221418783,38.86363636363637,1,305.9569378560073,14.3,-63.5,SW
storm,STORM,storm|450|0_450_7,450,0_450_7,11248,rank_gt_10000,0.0,7.530324856623817,intensity_distance_weighted_mps,46.02439024,0.004602439024390244,0.8347908238163837,36.36363636363637,1,293.51592213361863,18.1,-63.30000000000001,NW
storm,STORM,storm|8685|8_8685_6,8685,8_8685_6,11269,rank_gt_10000,0.0,7.508894206375468,intensity_distance_weighted_mps,46.02439024,0.004602439024390244,0.8315957714369215,61.70454545454545,4,402.9818497206575,19.5,-59.89999999999998,NE
storm,STORM,storm|5643|5_5643_12,5643,5_5643_12,11275,rank_gt_10000,0.0,7.502824031208708,intensity_distance_weighted_mps,46.02439024,0.004602439024390244,0.8284250830950821,32.727272727272734,0,275.03611210352244,14.5,-63.30000000000001,SW
storm,STORM,storm|177|0_177_1,177,0_177_1,11279,rank_gt_10000,0.0,7.50011677030488,intensity_distance_weighted_mps,46.02439024,0.004602439024390244,0.8252784811655399,38.295454545454554,1,303.94830967691064,13.5,-62.0,SW
storm,STORM,storm|9870|9_9870_0,9870,9_9870_0,11356,rank_gt_10000,0.0,7.4190038814936825,intensity_distance_weighted_mps,46.02439024,0.004602439024390244,0.8221556922250192,36.70454545454545,1,298.01978001183807,13.8,-62.69999999999999,SW
storm,STORM,storm|3883|3_3883_0,3883,3_3883_0,11390,rank_gt_10000,0.0,7.383457827552349,intensity_distance_weighted_mps,46.02439024,0.004602439024390244,0.8190564469730922,24.204545454545457,0,226.40624210507949,16.0,-59.30000000000001,SE
storm,STORM,storm|735|0_735_4,735,0_735_4,11436,rank_gt_10000,0.0,7.321809452237405,intensity_distance_weighted_mps,46.02439024,0.004602439024390244,0.8159804801547629,32.95454545454546,1,280.65935979603915,13.8,-62.30000000000001,SW
storm,STORM,storm|185|0_185_4,185,0_185_4,11451,rank_gt_10000,0.0,7.307000352531142,intensity_distance_weighted_mps,46.02439024,0.004602439024390244,0.8129275304847876,25.340909090909093,0,235.64955755951124,16.8,-59.30000000000001,NE
storm,STORM,storm|740|0_740_5,740,0_740_5,11514,rank_gt_10000,0.0,7.234993198994228,intensity_distance_weighted_mps,46.02439024,0.004602439024390244,0.8098973405736891,35.11363636363637,1,294.4475953945837,18.6,-60.30000000000001,NE
storm,STORM,storm|9922|9_9922_3,9922,9_9922_3,11538,rank_gt_10000,0.0,7.20884678479447,intensity_distance_weighted_mps,46.02439024,0.004602439024390244,0.8068896568554185,31.022727272727277,0,272.6298761773347,18.0,-59.69999999999999,NE
storm,STORM,storm|9180|9_9180_7,9180,9_9180_7,11539,rank_gt_10000,0.0,7.207023549108267,intensity_distance_weighted_mps,46.02439024,0.004602439024390244,0.8039042295166235,31.81818181818182,0,277.1911211993595,13.8,-62.19999999999999,SW
storm,STORM,storm|804|0_804_3,804,0_804_3,11541,rank_gt_10000,0.0,7.205100076255529,intensity_distance_weighted_mps,46.02439024,0.004602439024390244,0.800940812427481,63.52272727272727,4,419.3662002982973,19.9,-60.80000000000001,NE
storm,STORM,storm|8564|8_8564_11,8564,8_8564_11,11547,rank_gt_10000,0.0,7.198865972741835,intensity_distance_weighted_mps,46.02439024,0.004602439024390244,0.7979991630740537,57.95454545454546,3,398.2919585272556,19.2,-59.39999999999998,NE
storm,STORM,storm|6170|6_6170_8,6170,6_6170_8,11584,rank_gt_10000,0.0,7.151174117420013,intensity_distance_weighted_mps,46.02439024,0.004602439024390244,0.795079042492132,33.63636363636364,1,288.6716438471639,13.8,-62.5,SW
storm,STORM,storm|4693|4_4693_11,4693,4_4693_11,11625,rank_gt_10000,0.0,7.1176847309601445,intensity_distance_weighted_mps,46.02439024,0.004602439024390244,0.7921802152025232,54.77272727272728,3,388.12919907010325,19.5,-60.30000000000001,NE
storm,STORM,storm|537|0_537_0,537,0_537_0,11628,rank_gt_10000,0.0,7.115334839378155,intensity_distance_weighted_mps,46.02439024,0.004602439024390244,0.7893024491477512,26.704545454545457,0,248.88690992279234,17.7,-59.69999999999999,NE
storm,STORM,storm|8143|8_8143_15,8143,8_8143_15,11656,rank_gt_10000,0.0,7.0995977372527435,intensity_distance_weighted_mps,46.02439024,0.004602439024390244,0.7864455156301304,60.795454545454554,4,412.51977882913997,19.7,-60.19999999999999,NE
storm,STORM,storm|8532|8_8532_5,8532,8_8532_5,11678,rank_gt_10000,0.0,7.081246034653115,intensity_distance_weighted_mps,46.02439024,0.004602439024390244,0.7836091892511807,41.477272727272734,1,330.5906418696326,13.3,-62.19999999999999,SW
storm,STORM,storm|7961|7_7961_5,7961,7_7961_5,11709,rank_gt_10000,0.0,7.049253719095802,intensity_distance_weighted_mps,46.02439024,0.004602439024390244,0.7807932478523478,31.363636363636367,0,278.58088359180465,13.7,-61.0,SE
storm,STORM,storm|1394|1_1394_5,1394,1_1394_5,11735,rank_gt_10000,0.0,7.025030585670747,intensity_distance_weighted_mps,46.02439024,0.004602439024390244,0.7779974724569972,68.29545454545455,4,442.98864280094057,18.6,-58.10000000000002,NE
storm,STORM,storm|5592|5_5592_7,5592,5_5592_7,11737,rank_gt_10000,0.0,7.024151342671988,intensity_distance_weighted_mps,46.02439024,0.004602439024390244,0.7752216472136507,32.95454545454546,1,288.20325912202145,13.9,-62.69999999999999,SW
storm,STORM,storm|2232|2_2232_2,2232,2_2232_2,11812,rank_gt_10000,0.0,6.963662798403668,intensity_distance_weighted_mps,46.02439024,0.004602439024390244,0.7724655593404328,34.31818181818182,1,297.2945405205599,13.5,-61.39999999999998,SE
storm,STORM,storm|4165|4_4165_0,4165,4_4165_0,11863,rank_gt_10000,0.0,6.910739603422001,intensity_distance_weighted_mps,46.02439024,0.004602439024390244,0.7697289990706984,43.409090909090914,2,344.7193149740823,13.6,-63.19999999999999,SW
storm,STORM,storm|6134|6_6134_5,6134,6_6134_5,11886,rank_gt_10000,0.0,6.885968254958902,intensity_distance_weighted_mps,46.02439024,0.004602439024390244,0.7670117595998123,69.20454545454545,4,451.2503124501795,19.7,-59.30000000000001,NE
storm,STORM,storm|961|0_961_9,961,0_961_9,11986,rank_gt_10000,0.0,6.78447499619757,intensity_distance_weighted_mps,46.02439024,0.004602439024390244,0.7643136370330517,26.931818181818183,0,258.48897714852444,14.1,-62.5,SW
storm,STORM,storm|5095|5_5095_7,5095,5_5095_7,12030,rank_gt_10000,0.0,6.753088832973944,intensity_distance_weighted_mps,46.02439024,0.004602439024390244,0.7616344303346043,61.25000000000001,4,426.1141651436155,12.4,-62.10000000000002,SW
storm,STORM,storm|3742|3_3742_4,3742,3_3742_4,12037,rank_gt_10000,0.0,6.750115707384573,intensity_distance_weighted_mps,46.02439024,0.004602439024390244,0.7589739412776362,24.31818181818182,0,241.990116651302,14.0,-61.30000000000001,SE
storm,STORM,storm|737|0_737_7,737,0_737_7,12044,rank_gt_10000,0.0,6.746377445488086,intensity_distance_weighted_mps,46.02439024,0.004602439024390244,0.756331974395401,30.0,0,278.48464282917666,14.0,-62.69999999999999,SW
storm,STORM,storm|8905|8_8905_0,8905,8_8905_0,12069,rank_gt_10000,0.0,6.72753447432546,intensity_distance_weighted_mps,46.02439024,0.004602439024390244,0.7537083369333684,49.88636363636364,3,379.92521707621336,18.7,-59.0,NE
storm,STORM,storm|3482|3_3482_6,3482,3_3482_6,12125,rank_gt_10000,0.0,6.675299798316897,intensity_distance_weighted_mps,46.02439024,0.004602439024390244,0.7511028388023444,26.13636363636364,0,256.1174446021232,14.3,-62.80000000000001,SW
storm,STORM,storm|9374|9_9374_0,9374,9_9374_0,12156,rank_gt_10000,0.0,6.6443507155630535,intensity_distance_weighted_mps,46.02439024,0.004602439024390244,0.7485152925325612,23.409090909090914,0,238.26672678522928,14.9,-63.19999999999999,SW
storm,STORM,storm|1532|1_1532_0,1532,1_1532_0,12160,rank_gt_10000,0.0,6.640594718072437,intensity_distance_weighted_mps,46.02439024,0.004602439024390244,0.7459455132287123,59.31818181818183,4,422.4747018825892,19.2,-59.0,NE
storm,STORM,storm|2324|2_2324_0,2324,2_2324_0,12231,rank_gt_10000,0.0,6.582340040013411,intensity_distance_weighted_mps,46.02439024,0.004602439024390244,0.7433933185259108,21.25,0,223.91413941652826,14.4,-62.39999999999998,SW
storm,STORM,storm|8747|8_8747_13,8747,8_8747_13,12283,rank_gt_10000,0.0,6.52824973679477,intensity_distance_weighted_mps,46.02439024,0.004602439024390244,0.7408585285465493,30.79545454545455,0,289.20297543702975,13.6,-61.80000000000001,SW
storm,STORM,storm|9356|9_9356_0,9356,9_9356_0,12299,rank_gt_10000,0.0,6.512452678928353,intensity_distance_weighted_mps,46.02439024,0.004602439024390244,0.7383409658580387,62.613636363636374,4,440.255693445225,18.9,-58.39999999999998,NE
storm,STORM,storm|1191|1_1191_7,1191,1_1191_7,12340,rank_gt_10000,0.0,6.476152420080138,intensity_distance_weighted_mps,46.02439024,0.004602439024390244,0.7358404554314053,74.54545454545455,5,486.3045996387143,19.3,-58.19999999999999,NE
storm,STORM,storm|7585|7_7585_6,7585,7_7585_6,12343,rank_gt_10000,0.0,6.470893731182823,intensity_distance_weighted_mps,46.02439024,0.004602439024390244,0.7333568246007284,38.40909090909091,1,333.2455234200197,18.3,-59.19999999999999,NE
storm,STORM,storm|3290|3_3290_1,3290,3_3290_1,12373,rank_gt_10000,0.0,6.443499988223959,intensity_distance_weighted_mps,46.02439024,0.004602439024390244,0.7308899030233938,30.340909090909093,0,288.87220217257544,18.5,-60.19999999999999,NE
storm,STORM,storm|4077|4_4077_4,4077,4_4077_4,12384,rank_gt_10000,0.0,6.429834596791397,intensity_distance_weighted_mps,46.02439024,0.004602439024390244,0.7284395226411494,58.75000000000001,4,427.88386753705646,18.5,-58.19999999999999,NE
storm,STORM,storm|173|0_173_0,173,0_173_0,12448,rank_gt_10000,0.0,6.381002983532217,intensity_distance_weighted_mps,46.02439024,0.004602439024390244,0.7260055176419394,50.795454545454554,3,395.7390775154906,19.6,-60.39999999999998,NE
storm,STORM,storm|2644|2_2644_10,2644,2_2644_10,12536,rank_gt_10000,0.0,6.3046884958537275,intensity_distance_weighted_mps,46.02439024,0.004602439024390244,0.723587724422503,23.06818181818182,0,244.59169411651015,16.1,-63.69999999999999,SW
storm,STORM,storm|4038|4_4038_4,4038,4_4038_4,12572,rank_gt_10000,0.0,6.264964480523292,intensity_distance_weighted_mps,46.02439024,0.004602439024390244,0.7211859815517162,24.204545454545457,0,253.8271654252611,14.2,-62.60000000000002,SW
storm,STORM,storm|5073|5_5073_8,5073,5_5073_8,12605,rank_gt_10000,0.0,6.2337082952360445,intensity_distance_weighted_mps,46.02439024,0.004602439024390244,0.718800129734663,42.95454545454545,2,364.06112604048235,19.2,-60.10000000000002,NE
storm,STORM,storm|9373|9_9373_5,9373,9_9373_5,12664,rank_gt_10000,0.0,6.179416007929242,intensity_distance_weighted_mps,46.02439024,0.004602439024390244,0.7164300117774158,33.86363636363637,1,317.49266111147415,13.9,-63.19999999999999,SW
storm,STORM,storm|397|0_397_9,397,0_397_9,12679,rank_gt_10000,0.0,6.168801065188526,intensity_distance_weighted_mps,46.02439024,0.004602439024390244,0.7140754725525117,24.65909090909091,0,259.69449047521834,18.3,-60.39999999999998,NE
storm,STORM,storm|2973|2_2973_17,2973,2_2973_17,12705,rank_gt_10000,0.0,6.139713646432574,intensity_distance_weighted_mps,46.02439024,0.004602439024390244,0.711736358965106,32.95454545454546,1,313.47631980553655,18.7,-60.10000000000002,NE
storm,STORM,storm|1889|1_1889_7,1889,1_1889_7,12718,rank_gt_10000,0.0,6.128459149778318,intensity_distance_weighted_mps,46.02439024,0.004602439024390244,0.7094125199197899,21.81818181818182,0,240.00663324095805,15.8,-59.19999999999999,SE
storm,STORM,storm|6738|6_6738_4,6738,6_6738_4,12771,rank_gt_10000,0.0,6.088486607832495,intensity_distance_weighted_mps,46.02439024,0.004602439024390244,0.7071038062880554,23.522727272727273,0,253.8271654252611,14.2,-62.60000000000002,SW
storm,STORM,storm|77|0_77_5,77,0_77_5,12870,rank_gt_10000,0.0,6.001381731606678,intensity_distance_weighted_mps,46.02439024,0.004602439024390244,0.7048100708763938,37.045454545454554,1,341.15754441894046,15.5,-58.30000000000001,SE
storm,STORM,storm|5684|5_5684_4,5684,5_5684_4,12970,rank_gt_10000,0.0,5.92470447867208,intensity_distance_weighted_mps,46.02439024,0.004602439024390244,0.702531168395013,47.61363636363637,2,397.89483046065646,17.4,-57.89999999999998,NE
storm,STORM,storm|2214|2_2214_4,2214,2_2214_4,12982,rank_gt_10000,0.0,5.915360357366909,intensity_distance_weighted_mps,46.02439024,0.004602439024390244,0.7002669554271598,34.659090909090914,1,330.6528134205289,13.2,-61.39999999999998,SE
storm,STORM,storm|183|0_183_16,183,0_183_16,13039,rank_gt_10000,0.0,5.863011673714265,intensity_distance_weighted_mps,46.02439024,0.004602439024390244,0.6980172903990329,24.54545454545455,0,267.7612403064258,14.4,-63.10000000000002,SW
storm,STORM,storm|4508|4_4508_8,4508,4_4508_8,13040,rank_gt_10000,0.0,5.862486957456505,intensity_distance_weighted_mps,46.02439024,0.004602439024390244,0.6957820335502757,51.13636363636364,3,416.8445772011409,12.8,-63.10000000000002,SW
storm,STORM,storm|1111|1_1111_3,1111,1_1111_3,13082,rank_gt_10000,0.0,5.830140150645834,intensity_distance_weighted_mps,46.02439024,0.004602439024390244,0.6935610469050315,28.295454545454547,0,294.4475953945837,18.6,-60.30000000000001,NE
storm,STORM,storm|8300|8_8300_4,8300,8_8300_4,13089,rank_gt_10000,0.0,5.8269368757325175,intensity_distance_weighted_mps,46.02439024,0.004602439024390244,0.6913541942435544,43.52272727272727,2,381.5201932088765,19.6,-61.60000000000002,NW
storm,STORM,storm|6164|6_6164_13,6164,6_6164_13,13091,rank_gt_10000,0.0,5.826311862488504,intensity_distance_weighted_mps,46.02439024,0.004602439024390244,0.6891613410743576,36.36363636363637,1,343.407588244931,13.1,-61.10000000000002,SE
storm,STORM,storm|2122|2_2122_7,2122,2_2122_7,13237,rank_gt_10000,0.0,5.706319661732666,intensity_distance_weighted_mps,46.02439024,0.004602439024390244,0.6869823546068924,46.25000000000001,2,399.8294644653533,12.6,-61.0,SE
storm,STORM,storm|6655|6_6655_9,6655,6_6655_9,13270,rank_gt_10000,0.0,5.6861266462318945,intensity_distance_weighted_mps,46.02439024,0.004602439024390244,0.6848171037247424,36.25,1,347.76605640496973,19.3,-61.5,NW
storm,STORM,storm|8488|8_8488_0,8488,8_8488_0,13309,rank_gt_10000,0.0,5.656892195941116,intensity_distance_weighted_mps,46.02439024,0.004602439024390244,0.6826654589593235,50.34090909090909,3,421.5784585021252,19.5,-59.5,NE
storm,STORM,storm|955|0_955_4,955,0_955_4,13339,rank_gt_10000,0.0,5.636897657466279,intensity_distance_weighted_mps,46.02439024,0.004602439024390244,0.6805272924640786,44.77272727272727,2,395.23778467388684,18.8,-58.89999999999998,NE
storm,STORM,storm|3472|3_3472_5,3472,3_3472_5,13341,rank_gt_10000,0.0,5.633331801030502,intensity_distance_weighted_mps,46.02439024,0.004602439024390244,0.6784024779891543,23.75,0,268.99719934975616,14.5,-59.60000000000002,SE
storm,STORM,storm|6101|6_6101_6,6101,6_6101_6,13373,rank_gt_10000,0.0,5.6142303863051435,intensity_distance_weighted_mps,46.02439024,0.004602439024390244,0.6762908908565526,43.977272727272734,2,392.1052564877878,13.0,-63.0,SW
storm,STORM,storm|918|0_918_1,918,0_918_1,13456,rank_gt_10000,0.0,5.552103798511886,intensity_distance_weighted_mps,46.02439024,0.004602439024390244,0.6741924079357434,29.090909090909093,0,308.85503020233324,18.2,-63.39999999999998,NW
storm,STORM,storm|6045|6_6045_4,6045,6_6045_4,13525,rank_gt_10000,0.0,5.5126166620885275,intensity_distance_weighted_mps,46.02439024,0.004602439024390244,0.6721069076197306,33.97727272727273,1,340.85159661988297,19.2,-60.89999999999998,NE
storm,STORM,storm|3494|3_3494_2,3494,3_3494_2,13533,rank_gt_10000,0.0,5.509791435182149,intensity_distance_weighted_mps,46.02439024,0.004602439024390244,0.6700342698015609,32.27272727272727,0,330.5906418696326,13.3,-62.19999999999999,SW
storm,STORM,storm|9192|9_9192_1,9192,9_9192_1,13551,rank_gt_10000,0.0,5.496188736609401,intensity_distance_weighted_mps,46.02439024,0.004602439024390244,0.6679743758512655,69.0909090909091,4,510.2358518216534,20.5,-59.80000000000001,NE
storm,STORM,storm|6578|6_6578_2,6578,6_6578_2,13571,rank_gt_10000,0.0,5.4795996587038545,intensity_distance_weighted_mps,46.02439024,0.004602439024390244,0.6659271085932263,37.159090909090914,1,360.6666145877318,13.8,-63.69999999999999,SW
storm,STORM,storm|4954|4_4954_10,4954,4_4954_10,13643,rank_gt_10000,0.0,5.430375216265263,intensity_distance_weighted_mps,46.02439024,0.004602439024390244,0.663892352283957,34.54545454545455,1,347.3244275971823,13.2,-62.39999999999998,SW
storm,STORM,storm|1600|1_1600_11,1600,1_1600_11,13782,rank_gt_10000,0.0,5.325927777877542,intensity_distance_weighted_mps,46.02439024,0.004602439024390244,0.6618699925902901,46.25000000000001,2,415.7986201990708,16.4,-65.30000000000001,NW
storm,STORM,storm|2289|2_2289_2,2289,2_2289_2,13907,rank_gt_10000,0.0,5.240121414122245,intensity_distance_weighted_mps,46.02439024,0.004602439024390244,0.6598599165679614,34.88636363636364,1,356.78403313393005,13.0,-61.89999999999998,SW
storm,STORM,storm|7999|7_7999_6,7999,7_7999_6,13932,rank_gt_10000,0.0,5.224646569201525,intensity_distance_weighted_mps,46.02439024,0.004602439024390244,0.6578620126405833,69.43181818181819,4,525.8411512742153,20.2,-58.80000000000001,NE
storm,STORM,storm|5514|5_5514_2,5514,5_5514_2,13977,rank_gt_10000,0.0,5.187429339540906,intensity_distance_weighted_mps,46.02439024,0.004602439024390244,0.6558761705790002,75.56818181818183,5,552.51250894291,12.3,-58.19999999999999,SE
storm,STORM,storm|3416|3_3416_3,3416,3_3416_3,13983,rank_gt_10000,0.0,5.185983607244629,intensity_distance_weighted_mps,46.02439024,0.004602439024390244,0.6539022814810144,59.43181818181819,4,485.13084339087425,12.1,-59.80000000000001,SE
storm,STORM,storm|7898|7_7898_2,7898,7_7898_2,14014,rank_gt_10000,0.0,5.169650597266882,intensity_distance_weighted_mps,46.02439024,0.004602439024390244,0.6519402377514795,30.79545454545455,0,333.96381461180994,18.4,-59.30000000000001,NE
storm,STORM,storm|9221|9_9221_4,9221,9_9221_4,14033,rank_gt_10000,0.0,5.159006149331058,intensity_distance_weighted_mps,46.02439024,0.004602439024390244,0.6499899330827491,32.159090909090914,0,343.15537042691807,17.5,-58.5,NE
storm,STORM,storm|6314|6_6314_0,6314,6_6314_0,14071,rank_gt_10000,0.0,5.128903266660685,intensity_distance_weighted_mps,46.02439024,0.004602439024390244,0.648051262435477,27.5,0,313.2727668599466,13.4,-60.89999999999998,SE
storm,STORM,storm|5041|5_5041_7,5041,5_5041_7,14140,rank_gt_10000,0.0,5.080191639135562,intensity_distance_weighted_mps,46.02439024,0.004602439024390244,0.6461241220197579,25.22727272727273,0,298.7151700708591,14.2,-63.30000000000001,SW
storm,STORM,storm|3603|3_3603_5,3603,3_3603_5,14153,rank_gt_10000,0.0,5.067979177538372,intensity_distance_weighted_mps,46.02439024,0.004602439024390244,0.6442084092766065,45.113636363636374,2,421.6494719146469,12.8,-63.19999999999999,SW
storm,STORM,storm|7983|7_7983_1,7983,7_7983_1,14201,rank_gt_10000,0.0,5.039826892109774,intensity_distance_weighted_mps,46.02439024,0.004602439024390244,0.6423040228597623,25.454545454545457,0,301.8944630434465,13.5,-61.89999999999998,SW
storm,STORM,storm|859|0_859_2,859,0_859_2,14208,rank_gt_10000,0.0,5.031916701164697,intensity_distance_weighted_mps,46.02439024,0.004602439024390244,0.6404108626178175,38.40909090909091,1,386.3218927850345,16.0,-57.80000000000001,SE
storm,STORM,storm|5315|5_5315_11,5315,5_5315_11,14252,rank_gt_10000,0.0,5.008224348196493,intensity_distance_weighted_mps,46.02439024,0.004602439024390244,0.6385288295766608,28.97727272727273,0,328.1517823116708,17.2,-64.30000000000001,NW
storm,STORM,storm|477|0_477_2,477,0_477_2,14303,rank_gt_10000,0.0,4.966633833563952,intensity_distance_weighted_mps,46.02439024,0.004602439024390244,0.6366578259222275,72.8409090909091,5,554.5143510978907,20.4,-64.19999999999999,NW
storm,STORM,storm|1810|1_1810_4,1810,1_1810_4,14332,rank_gt_10000,0.0,4.946992309900189,intensity_distance_weighted_mps,46.02439024,0.004602439024390244,0.6347977549835548,26.931818181818183,0,316.2147737124214,18.2,-63.5,NW
storm,STORM,storm|6907|6_6907_5,6907,6_6907_5,14333,rank_gt_10000,0.0,4.946739778616095,intensity_distance_weighted_mps,46.02439024,0.004602439024390244,0.6329485212161311,22.272727272727277,0,280.72476362100974,15.9,-58.80000000000001,SE
storm,STORM,storm|6894|6_6894_3,6894,6_6894_3,14335,rank_gt_10000,0.0,4.9459978356471375,intensity_distance_weighted_mps,46.02439024,0.004602439024390244,0.6311100301855364,38.06818181818182,1,388.1716205243817,18.8,-59.0,NE
storm,STORM,storm|2721|2_2721_1,2721,2_2721_1,14344,rank_gt_10000,0.0,4.938731332300109,intensity_distance_weighted_mps,46.02439024,0.004602439024390244,0.6292821885513671,53.63636363636365,3,471.0179756309747,19.2,-58.30000000000001,NE
storm,STORM,storm|8312|8_8312_2,8312,8_8312_2,14463,rank_gt_10000,0.0,4.849586658713024,intensity_distance_weighted_mps,46.02439024,0.004602439024390244,0.6274649040514392,46.13636363636364,2,437.66758998722315,13.5,-64.39999999999998,SW
storm,STORM,storm|7811|7_7811_0,7811,7_7811_0,14564,rank_gt_10000,0.0,4.793036956334068,intensity_distance_weighted_mps,46.02439024,0.004602439024390244,0.6256580854862638,45.909090909090914,2,439.33073185802033,14.5,-57.69999999999999,SE
storm,STORM,storm|4229|4_4229_10,4229,4_4229_10,14567,rank_gt_10000,0.0,4.790181962757368,intensity_distance_weighted_mps,46.02439024,0.004602439024390244,0.6238616427037913,29.659090909090914,0,341.77761875612396,18.9,-62.89999999999998,NW
storm,STORM,storm|9742|9_9742_13,9742,9_9742_13,14584,rank_gt_10000,0.0,4.779198732086883,intensity_distance_weighted_mps,46.02439024,0.004602439024390244,0.6220754865844165,31.250000000000004,0,353.0183313633878,13.0,-61.5,SW
storm,STORM,storm|3392|3_3392_8,3392,3_3392_8,14612,rank_gt_10000,0.0,4.764777142935209,intensity_distance_weighted_mps,46.02439024,0.004602439024390244,0.6202995290262411,53.977272727272734,3,482.0672823050914,12.2,-63.19999999999999,SW
storm,STORM,storm|8672|8_8672_3,8672,8_8672_3,14631,rank_gt_10000,0.0,4.755607248399115,intensity_distance_weighted_mps,46.02439024,0.004602439024390244,0.6185336829305879,26.704545454545457,0,322.25155879563624,13.3,-61.80000000000001,SW
storm,STORM,storm|8152|8_8152_0,8152,8_8152_0,14636,rank_gt_10000,0.0,4.750403036268775,intensity_distance_weighted_mps,46.02439024,0.004602439024390244,0.6167778621877615,41.70454545454546,1,418.367167005813,13.0,-63.5,SW
storm,STORM,storm|653|0_653_9,653,0_653_9,14657,rank_gt_10000,0.0,4.733242753988077,intensity_distance_weighted_mps,46.02439024,0.004602439024390244,0.6150319816630518,27.727272727272727,0,330.61261163892743,16.4,-64.5,NW
storm,STORM,storm|6189|6_6189_7,6189,6_6189_7,14675,rank_gt_10000,0.0,4.723979645858785,intensity_distance_weighted_mps,46.02439024,0.004602439024390244,0.6132959571829725,49.20454545454545,2,460.2803150625182,20.2,-60.39999999999998,NE
storm,STORM,storm|8262|8_8262_1,8262,8_8262_1,14749,rank_gt_10000,0.0,4.661523504306675,intensity_distance_weighted_mps,46.02439024,0.004602439024390244,0.611569705521734,29.204545454545457,0,344.1845232631028,13.2,-62.30000000000001,SW
storm,STORM,storm|5242|5_5242_11,5242,5_5242_11,14807,rank_gt_10000,0.0,4.627185907579889,intensity_distance_weighted_mps,46.02439024,0.004602439024390244,0.6098531443879434,34.20454545454546,1,379.2385567302692,12.9,-62.39999999999998,SW
storm,STORM,storm|5220|5_5220_1,5220,5_5220_1,14817,rank_gt_10000,0.0,4.619016103848739,intensity_distance_weighted_mps,46.02439024,0.004602439024390244,0.6081461924115276,26.704545454545457,0,327.99741981381266,13.3,-62.10000000000002,SW
storm,STORM,storm|3100|3_3100_6,3100,3_3100_6,14889,rank_gt_10000,0.0,4.571114080254891,intensity_distance_weighted_mps,46.02439024,0.004602439024390244,0.6064487691308755,24.65909090909091,0,314.447631909793,17.7,-63.89999999999998,NW
storm,STORM,storm|303|0_303_6,303,0_303_6,14925,rank_gt_10000,0.0,4.544071843092826,intensity_distance_weighted_mps,46.02439024,0.004602439024390244,0.6047607949801957,25.909090909090914,0,325.25224798342555,18.9,-60.30000000000001,NE
storm,STORM,storm|2941|2_2941_5,2941,2_2941_5,14933,rank_gt_10000,0.0,4.540952918066806,intensity_distance_weighted_mps,46.02439024,0.004602439024390244,0.6030821912770834,46.59090909090909,2,456.4576954580845,19.9,-59.60000000000002,NE
storm,STORM,storm|5005|5_5005_1,5005,5_5005_1,14993,rank_gt_10000,0.0,4.498663821101774,intensity_distance_weighted_mps,46.02439024,0.004602439024390244,0.6014128802102945,43.63636363636364,2,442.43261843507224,12.2,-61.19999999999999,SE
storm,STORM,storm|9076|9_9076_11,9076,9_9076_11,15002,rank_gt_10000,0.0,4.491078740655716,intensity_distance_weighted_mps,46.02439024,0.004602439024390244,0.5997527848277228,22.840909090909093,0,303.2019227420365,17.0,-58.69999999999999,NE
storm,STORM,storm|5734|5_5734_11,5734,5_5734_11,15015,rank_gt_10000,0.0,4.483861882729023,intensity_distance_weighted_mps,46.02439024,0.004602439024390244,0.5981018290245742,32.727272727272734,0,376.4642299013534,14.0,-64.10000000000002,SW
storm,STORM,storm|5330|5_5330_10,5330,5_5330_10,15048,rank_gt_10000,0.0,4.467664438527788,intensity_distance_weighted_mps,46.02439024,0.004602439024390244,0.5964599375317378,22.72727272727273,0,303.24714044213465,13.7,-62.60000000000002,SW
storm,STORM,storm|4588|4_4588_2,4588,4_4588_2,15134,rank_gt_10000,0.0,4.411429481621838,intensity_distance_weighted_mps,46.02439024,0.004602439024390244,0.5948270359043456,30.22727272727273,0,362.8647205903612,19.0,-59.69999999999999,NE
storm,STORM,storm|835|0_835_8,835,0_835_8,15189,rank_gt_10000,0.0,4.3712663811335535,intensity_distance_weighted_mps,46.02439024,0.004602439024390244,0.5932030505105217,30.340909090909093,0,365.6121417678868,13.0,-62.30000000000001,SW
storm,STORM,storm|7857|7_7857_3,7857,7_7857_3,15199,rank_gt_10000,0.0,4.364367582548653,intensity_distance_weighted_mps,46.02439024,0.004602439024390244,0.5915879085203142,44.09090909090909,2,452.5545935719294,12.3,-62.69999999999999,SW
storm,STORM,storm|5208|5_5208_0,5208,5_5208_0,15259,rank_gt_10000,0.0,4.327356573303568,intensity_distance_weighted_mps,46.02439024,0.004602439024390244,0.5899815378948073,24.54545454545455,0,324.22766316632806,13.3,-60.89999999999998,SE
storm,STORM,storm|2367|2_2367_4,2367,2_2367_4,15266,rank_gt_10000,0.0,4.322408764676112,intensity_distance_weighted_mps,46.02439024,0.004602439024390244,0.5883838673754115,49.20454545454545,2,483.35376244183425,19.6,-58.60000000000002,NE
storm,STORM,storm|762|0_762_3,762,0_762_3,15345,rank_gt_10000,0.0,4.28290990184882,intensity_distance_weighted_mps,46.02439024,0.004602439024390244,0.5867948264733255,58.86363636363637,4,535.4777695692825,11.9,-63.69999999999999,SW
storm,STORM,storm|4554|4_4554_0,4554,4_4554_0,15404,rank_gt_10000,0.0,4.248696220708224,intensity_distance_weighted_mps,46.02439024,0.004602439024390244,0.5852143454591702,27.04545454545455,0,347.4561206480634,13.4,-62.89999999999998,SW
storm,STORM,storm|9930|9_9930_7,9930,9_9930_7,15528,rank_gt_10000,0.0,4.18149137757244,intensity_distance_weighted_mps,46.02439024,0.004602439024390244,0.5836423553527886,30.79545454545455,0,378.4255336330934,16.8,-64.89999999999998,NW
storm,STORM,storm|6848|6_6848_5,6848,6_6848_5,15586,rank_gt_10000,0.0,4.149795464078379,intensity_distance_weighted_mps,46.02439024,0.004602439024390244,0.5820787879132103,37.95454545454545,1,428.1212427429663,12.4,-62.19999999999999,SW
storm,STORM,storm|4899|4_4899_4,4899,4_4899_4,15645,rank_gt_10000,0.0,4.1178310572580985,intensity_distance_weighted_mps,46.02439024,0.004602439024390244,0.5805235756287761,33.52272727272727,1,400.83609461550924,12.6,-61.89999999999998,SW
storm,STORM,storm|938|0_938_7,938,0_938_7,15690,rank_gt_10000,0.0,4.091711464346187,intensity_distance_weighted_mps,46.02439024,0.004602439024390244,0.5789766517074216,35.00000000000001,1,412.2647829684558,12.8,-63.0,SW
storm,STORM,storm|247|0_247_3,247,0_247_3,15715,rank_gt_10000,0.0,4.078945219916596,intensity_distance_weighted_mps,46.02439024,0.004602439024390244,0.5774379500671148,37.61363636363637,1,430.0950834887055,13.4,-64.19999999999999,SW
storm,STORM,storm|946|0_946_1,946,0_946_1,15716,rank_gt_10000,0.0,4.078337396390376,intensity_distance_weighted_mps,46.02439024,0.004602439024390244,0.5759074053264465,58.06818181818183,4,545.7650507554724,13.4,-65.60000000000002,SW
storm,STORM,storm|9473|9_9473_1,9473,9_9473_1,15730,rank_gt_10000,0.0,4.072832689194168,intensity_distance_weighted_mps,46.02439024,0.004602439024390244,0.5743849527953687,48.06818181818182,2,492.9993632982008,20.4,-60.0,NE
storm,STORM,storm|6671|6_6671_0,6671,6_6671_0,15734,rank_gt_10000,0.0,4.070859254083934,intensity_distance_weighted_mps,46.02439024,0.004602439024390244,0.5728705284660816,61.25000000000001,4,562.169173940144,12.1,-64.5,SW
storm,STORM,storm|7122|7_7122_4,7122,7_7122_4,15764,rank_gt_10000,0.0,4.058551365026211,intensity_distance_weighted_mps,46.02439024,0.004602439024390244,0.571364069004062,46.59090909090909,2,485.5852258211995,14.3,-65.5,SW
storm,STORM,storm|5842|5_5842_11,5842,5_5842_11,15810,rank_gt_10000,0.0,4.034481182597463,intensity_distance_weighted_mps,46.02439024,0.004602439024390244,0.5698655117392348,33.06818181818182,1,402.39132487509283,12.6,-62.0,SW
storm,STORM,storm|2998|2_2998_2,2998,2_2998_2,15863,rank_gt_10000,0.0,4.002458612040205,intensity_distance_weighted_mps,46.02439024,0.004602439024390244,0.5683747946572822,43.295454545454554,2,469.9865243401213,12.0,-62.10000000000002,SW
storm,STORM,storm|5757|5_5757_8,5757,5_5757_8,15873,rank_gt_10000,0.0,3.996094905299052,intensity_distance_weighted_mps,46.02439024,0.004602439024390244,0.5668918563910887,22.840909090909093,0,325.7386497861187,13.3,-62.0,SW
storm,STORM,storm|6780|6_6780_4,6780,6_6780_4,15908,rank_gt_10000,0.0,3.9812235900684145,intensity_distance_weighted_mps,46.02439024,0.004602439024390244,0.5654166362123206,27.272727272727273,0,362.8120796688527,13.2,-62.80000000000001,SW
storm,STORM,storm|8341|8_8341_1,8341,8_8341_1,15910,rank_gt_10000,0.0,3.981029901433476,intensity_distance_weighted_mps,46.02439024,0.004602439024390244,0.5639490740231354,56.70454545454546,3,545.8781609003007,19.0,-57.19999999999999,NE
storm,STORM,storm|5375|5_5375_3,5375,5_5375_3,15955,rank_gt_10000,0.0,3.9536005346906173,intensity_distance_weighted_mps,46.02439024,0.004602439024390244,0.5624891103480214,53.06818181818183,3,528.6887737244986,19.0,-57.39999999999998,NE
storm,STORM,storm|7008|7_7008_3,7008,7_7008_3,15994,rank_gt_10000,0.0,3.9372567516005357,intensity_distance_weighted_mps,46.02439024,0.004602439024390244,0.5610366863257623,37.61363636363637,1,438.68934780629615,18.4,-58.0,NE
storm,STORM,storm|5529|5_5529_9,5529,5_5529_9,16128,rank_gt_10000,0.0,3.8635668661716966,intensity_distance_weighted_mps,46.02439024,0.004602439024390244,0.5595917437015272,23.522727272727273,0,338.36039690806314,18.8,-59.80000000000001,NE
storm,STORM,storm|5500|5_5500_10,5500,5_5500_10,16161,rank_gt_10000,0.0,3.841052630419796,intensity_distance_weighted_mps,46.02439024,0.004602439024390244,0.5581542248190816,51.70454545454546,3,529.5028768910598,20.4,-59.10000000000002,NE
storm,STORM,storm|1513|1_1513_1,1513,1_1513_1,16208,rank_gt_10000,0.0,3.817577008329966,intensity_distance_weighted_mps,46.02439024,0.004602439024390244,0.5567240726131187,45.909090909090914,2,498.0748684987983,12.6,-64.19999999999999,SW
storm,STORM,storm|869|0_869_2,869,0_869_2,16312,rank_gt_10000,0.0,3.77313200921092,intensity_distance_weighted_mps,46.02439024,0.004602439024390244,0.555301230601708,30.0,0,395.46993655365037,12.7,-62.19999999999999,SW
storm,STORM,storm|7318|7_7318_5,7318,7_7318_5,16318,rank_gt_10000,0.0,3.7721302723456898,intensity_distance_weighted_mps,46.02439024,0.004602439024390244,0.5538856428788597,45.34090909090909,2,497.94520050975683,12.4,-63.89999999999998,SW
storm,STORM,storm|2412|2_2412_1,2412,2_2412_1,16364,rank_gt_10000,0.0,3.7447837446902033,intensity_distance_weighted_mps,46.02439024,0.004602439024390244,0.552477254107202,46.36363636363637,2,506.032912451709,12.2,-63.69999999999999,SW
storm,STORM,storm|6896|6_6896_0,6896,6_6896_0,16412,rank_gt_10000,0.0,3.7150240799487126,intensity_distance_weighted_mps,46.02439024,0.004602439024390244,0.5510760095107707,27.15909090909091,0,376.81390267286577,19.4,-62.5,NW
storm,STORM,storm|6342|6_6342_5,6342,6_6342_5,16525,rank_gt_10000,0.0,3.6615978285924475,intensity_distance_weighted_mps,46.02439024,0.004602439024390244,0.5496818548679073,35.00000000000001,1,438.8280327560089,12.5,-62.89999999999998,SW
storm,STORM,storm|6698|6_6698_1,6698,6_6698_1,16555,rank_gt_10000,0.0,3.6414985425280224,intensity_distance_weighted_mps,46.02439024,0.004602439024390244,0.5482947365042652,53.63636363636365,3,555.7940449601713,20.4,-58.60000000000002,NE
storm,STORM,storm|4044|4_4044_8,4044,4_4044_8,16563,rank_gt_10000,0.0,3.63706981515778,intensity_distance_weighted_mps,46.02439024,0.004602439024390244,0.5469146012859215,21.931818181818183,0,336.417562982075,15.6,-64.5,SW
storm,STORM,storm|6604|6_6604_5,6604,6_6604_5,16569,rank_gt_10000,0.0,3.6355256933030953,intensity_distance_weighted_mps,46.02439024,0.004602439024390244,0.5455413966125924,25.454545454545457,0,367.47285855418636,15.3,-58.10000000000002,SE
storm,STORM,storm|8706|8_8706_0,8706,8_8706_0,16662,rank_gt_10000,0.0,3.583909409926161,intensity_distance_weighted_mps,46.02439024,0.004602439024390244,0.5441750704109503,23.181818181818183,0,350.7660992534146,13.2,-62.5,SW
storm,STORM,storm|4060|4_4060_11,4060,4_4060_11,16706,rank_gt_10000,0.0,3.560765723726674,intensity_distance_weighted_mps,46.02439024,0.004602439024390244,0.5428155711280421,26.47727272727273,0,380.5342658828057,16.9,-64.89999999999998,NW
storm,STORM,storm|8051|8_8051_0,8051,8_8051_0,16752,rank_gt_10000,0.0,3.53734270800482,intensity_distance_weighted_mps,46.02439024,0.004602439024390244,0.5414628477248047,63.18181818181819,4,615.9391397035834,19.9,-57.10000000000002,NE
storm,STORM,storm|6542|6_6542_3,6542,6_6542_3,16777,rank_gt_10000,0.0,3.5222815670752303,intensity_distance_weighted_mps,46.02439024,0.004602439024390244,0.5401168496696777,44.545454545454554,2,511.910276700552,19.7,-58.30000000000001,NE
storm,STORM,storm|7690|7_7690_12,7690,7_7690_12,16798,rank_gt_10000,0.0,3.513535838193585,intensity_distance_weighted_mps,46.02439024,0.004602439024390244,0.5387775269323111,38.295454545454554,1,471.94982898606946,14.6,-65.5,SW
storm,STORM,storm|8626|8_8626_0,8626,8_8626_0,16811,rank_gt_10000,0.0,3.5087169984814386,intensity_distance_weighted_mps,46.02439024,0.004602439024390244,0.537444829977367,37.95454545454545,1,469.9865243401213,12.0,-62.10000000000002,SW
storm,STORM,storm|6740|6_6740_1,6740,6_6740_1,16853,rank_gt_10000,0.0,3.485945619311881,intensity_distance_weighted_mps,46.02439024,0.004602439024390244,0.5361187097584118,23.97727272727273,0,363.6771359345112,13.6,-63.5,SW
storm,STORM,storm|8908|8_8908_16,8908,8_8908_16,16925,rank_gt_10000,0.0,3.4502738939156217,intensity_distance_weighted_mps,46.02439024,0.004602439024390244,0.5347991177118998,55.0,3,579.7992564253474,20.1,-57.80000000000001,NE
storm,STORM,storm|3629|3_3629_1,3629,3_3629_1,16937,rank_gt_10000,0.0,3.444229663379357,intensity_distance_weighted_mps,46.02439024,0.004602439024390244,0.5334860057512446,42.8409090909091,2,507.3118618015942,19.8,-58.5,NE
storm,STORM,storm|697|0_697_3,697,0_697_3,16985,rank_gt_10000,0.0,3.4195743687793416,intensity_distance_weighted_mps,46.02439024,0.004602439024390244,0.5321793262609781,35.00000000000001,1,455.84187887298526,20.2,-60.60000000000002,NE
storm,STORM,storm|4347|4_4347_8,4347,4_4347_8,16997,rank_gt_10000,0.0,3.4160228234788694,intensity_distance_weighted_mps,46.02439024,0.004602439024390244,0.5308790320909953,48.63636363636364,2,545.7550874170093,11.9,-63.89999999999998,SW
storm,STORM,storm|6665|6_6665_7,6665,6_6665_7,17024,rank_gt_10000,0.0,3.4026905504675384,intensity_distance_weighted_mps,46.02439024,0.004602439024390244,0.5295850765508822,22.500000000000004,0,355.35802233147945,13.0,-61.80000000000001,SW
storm,STORM,storm|308|0_308_2,308,0_308_2,17051,rank_gt_10000,0.0,3.39136022022028,intensity_distance_weighted_mps,46.02439024,0.004602439024390244,0.5282974134043279,35.34090909090909,1,460.40142944057885,16.2,-57.10000000000002,NE
storm,STORM,storm|7861|7_7861_0,7861,7_7861_0,17153,rank_gt_10000,0.0,3.3362263836908124,intensity_distance_weighted_mps,46.02439024,0.004602439024390244,0.5270159968636173,38.86363636363637,1,489.49163743043533,11.9,-62.5,SW
storm,STORM,storm|7956|7_7956_1,7956,7_7956_1,17232,rank_gt_10000,0.0,3.302588317869742,intensity_distance_weighted_mps,46.02439024,0.004602439024390244,0.5257407815842032,27.272727272727273,0,404.1097368456262,14.4,-64.69999999999999,SW
storm,STORM,storm|198|0_198_5,198,0_198_5,17289,rank_gt_10000,0.0,3.2733920618356316,intensity_distance_weighted_mps,46.02439024,0.004602439024390244,0.5244717226593582,23.97727272727273,0,377.2403373030937,13.2,-63.10000000000002,SW
storm,STORM,storm|3579|3_3579_0,3579,3_3579_0,17495,rank_gt_10000,0.0,3.1816178610202854,intensity_distance_weighted_mps,46.02439024,0.004602439024390244,0.5232087756149031,34.659090909090914,1,471.81004335271786,12.0,-62.19999999999999,SW
storm,STORM,storm|3128|3_3128_4,3128,3_3128_4,17553,rank_gt_10000,0.0,3.147625544553569,intensity_distance_weighted_mps,46.02439024,0.004602439024390244,0.5219518964040112,27.5,0,417.22505926005636,12.5,-62.19999999999999,SW
storm,STORM,storm|8440|8_8440_6,8440,8_8440_6,17577,rank_gt_10000,0.0,3.140351336137392,intensity_distance_weighted_mps,46.02439024,0.004602439024390244,0.520701041402088,23.63636363636364,0,383.2099934365929,19.6,-61.80000000000001,NW
storm,STORM,storm|84|0_84_9,84,0_84_9,17648,rank_gt_10000,0.0,3.103207648100192,intensity_distance_weighted_mps,46.02439024,0.004602439024390244,0.5194561674017234,41.93181818181819,1,530.5933046247155,11.9,-63.60000000000002,SW
storm,STORM,storm|8961|8_8961_5,8961,8_8961_5,17705,rank_gt_10000,0.0,3.074636223574939,intensity_distance_weighted_mps,46.02439024,0.004602439024390244,0.5182172316077173,52.50000000000001,3,601.4081740738053,19.7,-57.10000000000002,NE
storm,STORM,storm|8814|8_8814_3,8814,8_8814_3,17735,rank_gt_10000,0.0,3.058456961085015,intensity_distance_weighted_mps,46.02439024,0.004602439024390244,0.5169841916321747,21.590909090909093,0,369.23810705096764,13.4,-63.30000000000001,SW
storm,STORM,storm|705|0_705_10,705,0_705_10,17780,rank_gt_10000,0.0,3.0341652616982335,intensity_distance_weighted_mps,46.02439024,0.004602439024390244,0.5157570054896724,24.204545454545457,0,396.21961522583877,19.4,-63.0,NW
storm,STORM,storm|499|0_499_9,499,0_499_9,17911,rank_gt_10000,0.0,2.9792381160877817,intensity_distance_weighted_mps,46.02439024,0.004602439024390244,0.5145356315924929,38.63636363636364,1,518.9336295945279,20.0,-58.60000000000002,NE
storm,STORM,storm|496|0_496_4,496,0_496_4,17914,rank_gt_10000,0.0,2.9775500787778033,intensity_distance_weighted_mps,46.02439024,0.004602439024390244,0.5133200287459267,38.63636363636364,1,519.0929927873461,12.3,-64.10000000000002,SW
storm,STORM,storm|399|0_399_17,399,0_399_17,18088,rank_gt_10000,0.0,2.9051243351719296,intensity_distance_weighted_mps,46.02439024,0.004602439024390244,0.5121101561436407,42.38636363636364,1,552.9734566472092,12.0,-64.19999999999999,SW
storm,STORM,storm|4109|4_4109_8,4109,4_4109_8,18164,rank_gt_10000,0.0,2.870608616747482,intensity_distance_weighted_mps,46.02439024,0.004602439024390244,0.5109059733631122,27.272727272727273,0,437.3388254740049,12.8,-63.5,SW
storm,STORM,storm|8960|8_8960_0,8960,8_8960_0,18176,rank_gt_10000,0.0,2.8642723783592867,intensity_distance_weighted_mps,46.02439024,0.004602439024390244,0.5097074403611266,36.81818181818182,1,516.4508476957814,20.1,-58.80000000000001,NE
storm,STORM,storm|7308|7_7308_2,7308,7_7308_2,18362,rank_gt_10000,0.0,2.774681826244177,intensity_distance_weighted_mps,46.02439024,0.004602439024390244,0.5085145174693392,28.636363636363637,0,457.94470967816994,20.2,-60.5,NE
storm,STORM,storm|6373|6_6373_8,6373,6_6373_8,18408,rank_gt_10000,0.0,2.752121126919331,intensity_distance_weighted_mps,46.02439024,0.004602439024390244,0.5073271653898984,28.522727272727277,0,459.0075232066842,12.1,-62.10000000000002,SW
storm,STORM,storm|3546|3_3546_8,3546,3_3546_8,18490,rank_gt_10000,0.0,2.713416321764768,intensity_distance_weighted_mps,46.02439024,0.004602439024390244,0.5061453451911305,41.36363636363637,1,566.1206907729336,20.1,-58.0,NE
storm,STORM,storm|5330|5_5330_6,5330,5_5330_6,18560,rank_gt_10000,0.0,2.674061668210908,intensity_distance_weighted_mps,46.02439024,0.004602439024390244,0.5049690183032846,40.11363636363637,1,561.2689316807646,12.2,-58.19999999999999,SE
storm,STORM,storm|6650|6_6650_12,6650,6_6650_12,18715,rank_gt_10000,0.0,2.6017483866795548,intensity_distance_weighted_mps,46.02439024,0.004602439024390244,0.5037981465143363,29.204545454545457,0,479.64758578522134,17.5,-65.69999999999999,NW
storm,STORM,storm|2815|2_2815_3,2815,2_2815_3,18781,rank_gt_10000,0.0,2.5695554320820113,intensity_distance_weighted_mps,46.02439024,0.004602439024390244,0.5026326919658506,21.81818181818182,0,410.5462929937755,18.9,-58.80000000000001,NE
storm,STORM,storm|8542|8_8542_8,8542,8_8542_8,18802,rank_gt_10000,0.0,2.5578567952062246,intensity_distance_weighted_mps,46.02439024,0.004602439024390244,0.5014726171489008,26.704545454545457,0,460.8737122584723,12.1,-62.19999999999999,SW
storm,STORM,storm|9147|9_9147_9,9147,9_9147_9,18804,rank_gt_10000,0.0,2.556601867610229,intensity_distance_weighted_mps,46.02439024,0.004602439024390244,0.5003178849000453,33.06818181818182,1,518.1936139360524,12.6,-64.5,SW
storm,STORM,storm|7756|7_7756_9,7756,7_7756_9,18807,rank_gt_10000,0.0,2.554465856478475,intensity_distance_weighted_mps,46.02439024,0.004602439024390244,0.4991684583973577,22.045454545454547,0,414.3412221251438,13.6,-64.19999999999999,SW
storm,STORM,storm|9882|9_9882_12,9882,9_9882_12,18866,rank_gt_10000,0.0,2.519110466802747,intensity_distance_weighted_mps,46.02439024,0.004602439024390244,0.4980243011565145,47.5,2,633.8429624369161,20.5,-57.5,NE
storm,STORM,storm|7824|7_7824_0,7824,7_7824_0,18902,rank_gt_10000,0.0,2.5012618513235827,intensity_distance_weighted_mps,46.02439024,0.004602439024390244,0.49688537702693364,28.40909090909091,0,482.75545601365184,12.5,-63.80000000000001,SW
storm,STORM,storm|7856|7_7856_7,7856,7_7856_7,18914,rank_gt_10000,0.0,2.4958490555847788,intensity_distance_weighted_mps,46.02439024,0.004602439024390244,0.49575165018796724,29.772727272727273,0,495.88324348012475,12.2,-63.5,SW
storm,STORM,storm|7956|7_7956_3,7956,7_7956_3,18968,rank_gt_10000,0.0,2.471312816829987,intensity_distance_weighted_mps,46.02439024,0.004602439024390244,0.49462308514514647,30.681818181818183,0,506.79559499283664,12.0,-63.30000000000001,SW
storm,STORM,storm|6967|6_6967_6,6967,6_6967_6,18971,rank_gt_10000,0.0,2.4710907952392964,intensity_distance_weighted_mps,46.02439024,0.004602439024390244,0.4934996467264771,27.38636363636364,0,476.29906751717795,12.7,-64.0,SW
storm,STORM,storm|1707|1_1707_5,1707,1_1707_5,18993,rank_gt_10000,0.0,2.4594359642355332,intensity_distance_weighted_mps,46.02439024,0.004602439024390244,0.49238130007878567,27.15909090909091,0,475.35595889446887,11.9,-61.30000000000001,SE
storm,STORM,storm|4019|4_4019_7,4019,4_4019_7,19013,rank_gt_10000,0.0,2.4533024786764805,intensity_distance_weighted_mps,46.02439024,0.004602439024390244,0.4912680106641151,27.272727272727273,0,477.10236169628195,12.5,-63.69999999999999,SW
storm,STORM,storm|3411|3_3411_0,3411,3_3411_0,19030,rank_gt_10000,0.0,2.4466515472573063,intensity_distance_weighted_mps,46.02439024,0.004602439024390244,0.4901597442561692,23.97727272727273,0,444.97281406972985,12.2,-61.89999999999998,SW
storm,STORM,storm|5013|5_5013_10,5013,5_5013_10,19065,rank_gt_10000,0.0,2.428152761508431,intensity_distance_weighted_mps,46.02439024,0.004602439024390244,0.48905646693680527,23.295454545454547,0,439.730312622717,12.5,-59.89999999999998,SE
storm,STORM,storm|3773|3_3773_0,3773,3_3773_0,19104,rank_gt_10000,0.0,2.4091305474764675,intensity_distance_weighted_mps,46.02439024,0.004602439024390244,0.4879581450925736,41.13636363636364,1,601.4081740738053,19.7,-57.10000000000002,NE
storm,STORM,storm|878|0_878_8,878,0_878_8,19124,rank_gt_10000,0.0,2.3991076312914985,intensity_distance_weighted_mps,46.02439024,0.004602439024390244,0.48686474541130415,20.577775348295454,0,412.9024108605596,14.6,-64.89999999999998,SW
storm,STORM,storm|6721|6_6721_2,6721,6_6721_2,19246,rank_gt_10000,0.0,2.3373508646143217,intensity_distance_weighted_mps,46.02439024,0.004602439024390244,0.485776234878738,23.14999753784091,0,447.6029701680264,17.1,-65.5,NW
storm,STORM,storm|1359|1_1359_4,1359,1_1359_4,19311,rank_gt_10000,0.0,2.3103569704942575,intensity_distance_weighted_mps,46.02439024,0.004602439024390244,0.484692580775205,26.022727272727273,0,480.5506838301124,12.1,-62.89999999999998,SW
storm,STORM,storm|8137|8_8137_1,8137,8_8137_1,19336,rank_gt_10000,0.0,2.2982013042628466,intensity_distance_weighted_mps,46.02439024,0.004602439024390244,0.48361375067234524,25.56818181818182,0,477.3041775234811,19.3,-64.5,NW
storm,STORM,storm|7077|7_7077_4,7077,7_7077_4,19661,rank_gt_10000,0.0,2.145880381979892,intensity_distance_weighted_mps,46.02439024,0.004602439024390244,0.4825397124298741,21.13636363636364,0,446.22768620056337,18.9,-64.5,NW
storm,STORM,storm|7461|7_7461_9,7461,7_7461_9,19855,rank_gt_10000,0.0,2.053162345776969,intensity_distance_weighted_mps,46.02439024,0.004602439024390244,0.4814704341923903,23.14999753784091,0,480.8263600623449,14.4,-65.5,SW
storm,STORM,storm|8196|8_8196_3,8196,8_8196_3,19866,rank_gt_10000,0.0,2.049887944493159,intensity_distance_weighted_mps,46.02439024,0.004602439024390244,0.48040588438622694,23.97727272727273,0,490.5910457676746,20.5,-60.5,NE
storm,STORM,storm|5416|5_5416_2,5416,5_5416_2,19869,rank_gt_10000,0.0,2.048361102012398,intensity_distance_weighted_mps,46.02439024,0.004602439024390244,0.4793460317163434,37.84090909090909,1,627.0242061013674,20.5,-57.60000000000002,NE
storm,STORM,storm|905|0_905_3,905,0_905_3,19981,rank_gt_10000,0.0,1.9859010742031395,intensity_distance_weighted_mps,46.02439024,0.004602439024390244,0.4782908451632586,33.06818181818182,1,593.4291738912441,19.7,-57.19999999999999,NE
storm,STORM,storm|3723|3_3723_3,3723,3_3723_3,20111,rank_gt_10000,0.0,1.9108556075187324,intensity_distance_weighted_mps,46.02439024,0.004602439024390244,0.477240293980025,20.577775348295454,0,468.82812119691096,16.1,-65.80000000000001,SW
storm,STORM,storm|7712|7_7712_5,7712,7_7712_5,20421,rank_gt_10000,0.0,1.7492335794169105,intensity_distance_weighted_mps,46.02439024,0.004602439024390244,0.47619434768924174,23.63636363636364,0,530.5933046247155,11.9,-63.60000000000002,SW
storm,STORM,storm|3593|3_3593_6,3593,3_3593_6,20487,rank_gt_10000,0.0,1.7138376801245114,intensity_distance_weighted_mps,46.02439024,0.004602439024390244,0.47515297608010765,25.000000000000004,0,552.9111854152328,20.1,-58.19999999999999,NE
storm,STORM,storm|9901|9_9901_3,9901,9_9901_3,20694,rank_gt_10000,0.0,1.6010378617053627,intensity_distance_weighted_mps,46.02439024,0.004602439024390244,0.47411614920551226,28.181818181818183,0,611.1872994685659,12.0,-65.10000000000002,SW
storm,STORM,storm|6225|6_6225_8,6225,6_6225_8,20780,rank_gt_10000,0.0,1.5470654698465538,intensity_distance_weighted_mps,46.02439024,0.004602439024390244,0.4730838373791654,26.250000000000004,0,599.3923369226824,20.5,-64.80000000000001,NW
storm,STORM,storm|8776|8_8776_7,8776,8_8776_7,20827,rank_gt_10000,0.0,1.5143986829707767,intensity_distance_weighted_mps,46.02439024,0.004602439024390244,0.47205601117276347,29.090909090909093,0,640.0896454529914,12.0,-65.5,SW
storm,STORM,storm|198|0_198_8,198,0_198_8,20997,rank_gt_10000,0.0,1.400872727570271,intensity_distance_weighted_mps,46.02439024,0.004602439024390244,0.4710326414131934,20.90909090909091,0,559.7585306519508,12.2,-64.60000000000002,SW
storm,STORM,storm|3374|3_3374_0,3374,3_3374_0,21153,rank_gt_10000,0.0,1.245362584177876,intensity_distance_weighted_mps,46.02439024,0.004602439024390244,0.4700136991797723,19.31818181818182,0,571.4211417976397,12.7,-57.5,SE
storm,STORM,storm|7532|7_7532_6,7532,7_7532_6,21211,rank_gt_10000,0.0,1.184150242605356,intensity_distance_weighted_mps,46.02439024,0.004602439024390244,0.46899915580152307,19.431818181818183,0,588.8321842666038,12.2,-57.80000000000001,SE
storm_cmcc,STORM_CMCC,storm_cmcc|6933|6_6933_4,6933,6_6933_4,3,rank_001_010,0.0,81.76739321414311,intensity_distance_weighted_mps,2.5,0.00025,4000.0,83.63636363636364,5,22.677877083396297,16.0,-61.30000000000001,SE
storm_cmcc,STORM_CMCC,storm_cmcc|4382|4_4382_1,4382,4_4382_1,4,rank_001_010,0.0,81.67479860950878,intensity_distance_weighted_mps,2.5,0.00025,2000.0,83.86363636363637,5,24.555795528057462,16.3,-61.60000000000002,NW
storm_cmcc,STORM_CMCC,storm_cmcc|3396|3_3396_7,3396,3_3396_7,5,rank_001_010,0.0,80.2370852209038,intensity_distance_weighted_mps,2.5,0.00025,1333.3333333333333,80.79545454545455,5,12.513086963196397,16.1,-61.5,SW
storm_cmcc,STORM_CMCC,storm_cmcc|4425|4_4425_11,4425,4_4425_11,8,rank_001_010,0.0,79.4462735139694,intensity_distance_weighted_mps,2.5,0.00025,1000.0,80.90909090909092,5,20.353989753705022,16.2,-61.60000000000002,NW
storm_cmcc,STORM_CMCC,storm_cmcc|3249|3_3249_3,3249,3_3249_3,11,rank_011_020,0.0,78.94008391617068,intensity_distance_weighted_mps,5.0,0.0005,666.6666666666666,81.47727272727273,5,26.89173735432589,16.4,-61.5,NW
storm_cmcc,STORM_CMCC,storm_cmcc|4778|4_4778_7,4778,4_4778_7,12,rank_011_020,0.0,78.57589107827555,intensity_distance_weighted_mps,5.0,0.0005,500.0,80.22727272727273,5,21.745546605949606,16.1,-61.60000000000002,SW
storm_cmcc,STORM_CMCC,storm_cmcc|9911|9_9911_3,9911,9_9911_3,21,rank_021_050,0.0,76.11270432080805,intensity_distance_weighted_mps,3.0,0.0003,434.7826086956522,76.81818181818181,5,14.441232677570758,16.1,-61.30000000000001,SE
storm_cmcc,STORM_CMCC,storm_cmcc|8123|8_8123_5,8123,8_8123_5,23,rank_021_050,0.0,76.08335223467355,intensity_distance_weighted_mps,3.0,0.0003,384.61538461538464,76.59090909090911,5,12.251486582519494,16.2,-61.30000000000001,NE
storm_cmcc,STORM_CMCC,storm_cmcc|5771|5_5771_1,5771,5_5771_1,29,rank_021_050,0.0,75.46888730774111,intensity_distance_weighted_mps,3.0,0.0003,344.82758620689657,76.13636363636364,5,14.106693156686516,16.3,-61.39999999999998,NE
storm_cmcc,STORM_CMCC,storm_cmcc|6995|6_6995_0,6995,6_6995_0,31,rank_021_050,0.0,75.23673166209227,intensity_distance_weighted_mps,3.0,0.0003,312.5,80.11363636363637,5,38.189892251175955,16.5,-61.30000000000001,NE
storm_cmcc,STORM_CMCC,storm_cmcc|1878|1_1878_2,1878,1_1878_2,33,rank_021_050,0.0,74.852791853295,intensity_distance_weighted_mps,3.0,0.0003,285.7142857142857,74.88636363636365,5,3.1766872614766473,16.2,-61.39999999999998,NE
storm_cmcc,STORM_CMCC,storm_cmcc|1958|1_1958_6,1958,1_1958_6,35,rank_021_050,0.0,74.68040639557069,intensity_distance_weighted_mps,3.0,0.0003,263.15789473684214,75.3409090909091,5,14.106693156686516,16.3,-61.39999999999998,NE
storm_cmcc,STORM_CMCC,storm_cmcc|5088|5_5088_10,5088,5_5088_10,36,rank_021_050,0.0,74.56918841706036,intensity_distance_weighted_mps,3.0,0.0003,243.90243902439028,76.13636363636364,5,21.745546605949606,16.1,-61.60000000000002,SW
storm_cmcc,STORM_CMCC,storm_cmcc|9830|9_9830_10,9830,9_9830_10,37,rank_021_050,0.0,74.48168248353939,intensity_distance_weighted_mps,3.0,0.0003,227.2727272727273,75.0,5,12.513086963196397,16.1,-61.5,SW
storm_cmcc,STORM_CMCC,storm_cmcc|2305|2_2305_6,2305,2_2305_6,40,rank_021_050,0.0,74.42381295274278,intensity_distance_weighted_mps,3.0,0.0003,212.76595744680853,75.11363636363636,5,14.441232677570758,16.1,-61.30000000000001,SE
storm_cmcc,STORM_CMCC,storm_cmcc|9808|9_9808_8,9808,9_9808_8,44,rank_021_050,0.0,73.86612362183294,intensity_distance_weighted_mps,3.0,0.0003,200.00000000000003,74.09090909090911,5,8.274708844222385,16.1,-61.39999999999998,SE
storm_cmcc,STORM_CMCC,storm_cmcc|7687|7_7687_5,7687,7_7687_5,51,rank_051_100,0.0,73.24032110881375,intensity_distance_weighted_mps,3.125,0.0003125,188.23529411764707,73.75000000000001,5,12.513086963196397,16.1,-61.5,SW
storm_cmcc,STORM_CMCC,storm_cmcc|8864|8_8864_9,8864,8_8864_9,54,rank_051_100,0.0,72.99080444091977,intensity_distance_weighted_mps,3.125,0.0003125,177.77777777777777,73.63636363636364,5,14.106693156686516,16.3,-61.39999999999998,NE
storm_cmcc,STORM_CMCC,storm_cmcc|3641|3_3641_13,3641,3_3641_13,56,rank_051_100,0.0,72.93327976606633,intensity_distance_weighted_mps,3.125,0.0003125,168.42105263157896,73.86363636363637,5,16.9415486769099,16.3,-61.5,NW
storm_cmcc,STORM_CMCC,storm_cmcc|4315|4_4315_10,4315,4_4315_10,57,rank_051_100,0.0,72.83030534709856,intensity_distance_weighted_mps,3.125,0.0003125,160.0,74.88636363636365,5,25.20303862703192,16.4,-61.39999999999998,NE
storm_cmcc,STORM_CMCC,storm_cmcc|6566|6_6566_4,6566,6_6566_4,58,rank_051_100,0.0,72.61991601471613,intensity_distance_weighted_mps,3.125,0.0003125,152.38095238095238,72.8409090909091,5,8.274708844222385,16.1,-61.39999999999998,SE
storm_cmcc,STORM_CMCC,storm_cmcc|443|0_443_9,443,0_443_9,64,rank_051_100,0.0,72.18528821138347,intensity_distance_weighted_mps,3.125,0.0003125,145.45454545454544,76.93181818181819,5,38.46405131396937,16.0,-61.10000000000002,SE
storm_cmcc,STORM_CMCC,storm_cmcc|6412|6_6412_11,6412,6_6412_11,65,rank_051_100,0.0,72.16720696761054,intensity_distance_weighted_mps,3.125,0.0003125,139.13043478260866,74.20454545454545,5,25.20303862703192,16.4,-61.39999999999998,NE
storm_cmcc,STORM_CMCC,storm_cmcc|9127|9_9127_14,9127,9_9127_14,70,rank_051_100,0.0,71.81983437944237,intensity_distance_weighted_mps,3.125,0.0003125,133.33333333333331,73.29545454545455,5,21.500885690759674,16.0,-61.5,SW
storm_cmcc,STORM_CMCC,storm_cmcc|7302|7_7302_11,7302,7_7302_11,71,rank_051_100,0.0,71.79913758484149,intensity_distance_weighted_mps,3.125,0.0003125,127.99999999999997,78.97727272727273,5,47.428289317141335,16.6,-61.39999999999998,NE
storm_cmcc,STORM_CMCC,storm_cmcc|3719|3_3719_14,3719,3_3719_14,85,rank_051_100,0.0,71.10208105577662,intensity_distance_weighted_mps,3.125,0.0003125,123.07692307692305,72.72727272727273,5,22.677877083396297,16.0,-61.30000000000001,SE
storm_cmcc,STORM_CMCC,storm_cmcc|1828|1_1828_4,1828,1_1828_4,86,rank_051_100,0.0,71.0395876969636,intensity_distance_weighted_mps,3.125,0.0003125,118.51851851851849,76.47727272727273,5,41.49999716276632,16.5,-61.60000000000002,NW
storm_cmcc,STORM_CMCC,storm_cmcc|751|0_751_2,751,0_751_2,94,rank_051_100,0.0,70.8435170061068,intensity_distance_weighted_mps,3.125,0.0003125,114.28571428571425,73.29545454545455,5,27.90589165226733,16.0,-61.60000000000002,SW
storm_cmcc,STORM_CMCC,storm_cmcc|8151|8_8151_5,8151,8_8151_5,95,rank_051_100,0.0,70.84176308457121,intensity_distance_weighted_mps,3.125,0.0003125,110.34482758620686,76.59090909090911,5,42.731510770523286,16.5,-61.19999999999999,NE
storm_cmcc,STORM_CMCC,storm_cmcc|7342|7_7342_7,7342,7_7342_7,96,rank_051_100,0.0,70.46255747050103,intensity_distance_weighted_mps,3.125,0.0003125,106.66666666666663,72.72727272727273,5,26.89173735432589,16.4,-61.5,NW
storm_cmcc,STORM_CMCC,storm_cmcc|8109|8_8109_2,8109,8_8109_2,99,rank_051_100,0.0,70.30937504884612,intensity_distance_weighted_mps,3.125,0.0003125,103.22580645161287,70.3409090909091,5,3.1766872614766473,16.2,-61.39999999999998,NE
storm_cmcc,STORM_CMCC,storm_cmcc|3363|3_3363_11,3363,3_3363_11,100,rank_051_100,0.0,70.25788091151514,intensity_distance_weighted_mps,3.125,0.0003125,99.99999999999996,70.90909090909092,5,14.441232677570758,16.1,-61.30000000000001,SE
storm_cmcc,STORM_CMCC,storm_cmcc|9147|9_9147_2,9147,9_9147_2,104,rank_101_200,0.0,70.0221664863104,intensity_distance_weighted_mps,3.125,0.0003125,96.96969696969693,72.27272727272728,5,26.89173735432589,16.4,-61.5,NW
storm_cmcc,STORM_CMCC,storm_cmcc|1636|1_1636_1,1636,1_1636_1,105,rank_101_200,0.0,69.95945280222418,intensity_distance_weighted_mps,3.125,0.0003125,94.1176470588235,75.3409090909091,5,41.602359791420966,16.2,-61.80000000000001,NW
storm_cmcc,STORM_CMCC,storm_cmcc|3205|3_3205_4,3205,3_3205_4,107,rank_101_200,0.0,69.85893482555322,intensity_distance_weighted_mps,3.125,0.0003125,91.42857142857139,74.77272727272728,5,39.782189661163905,16.4,-61.69999999999999,NW
storm_cmcc,STORM_CMCC,storm_cmcc|9349|9_9349_2,9349,9_9349_2,108,rank_101_200,0.0,69.80750988003106,intensity_distance_weighted_mps,3.125,0.0003125,88.88888888888886,70.45454545454547,5,14.441232677570758,16.1,-61.30000000000001,SE
storm_cmcc,STORM_CMCC,storm_cmcc|7470|7_7470_5,7470,7_7470_5,109,rank_101_200,0.0,69.75276623159341,intensity_distance_weighted_mps,3.125,0.0003125,86.48648648648644,74.65909090909092,5,39.782189661163905,16.4,-61.69999999999999,NW
storm_cmcc,STORM_CMCC,storm_cmcc|4700|4_4700_8,4700,4_4700_8,113,rank_101_200,0.0,69.58281759180097,intensity_distance_weighted_mps,3.125,0.0003125,84.21052631578944,69.88636363636364,4,9.90723678480257,16.2,-61.5,NW
storm_cmcc,STORM_CMCC,storm_cmcc|6382|6_6382_9,6382,6_6382_9,120,rank_101_200,0.0,69.23410164581517,intensity_distance_weighted_mps,3.125,0.0003125,82.05128205128202,75.79545454545456,5,46.17723522024824,15.8,-61.60000000000002,SW
storm_cmcc,STORM_CMCC,storm_cmcc|6783|6_6783_9,6783,6_6783_9,121,rank_101_200,0.0,69.15376186813587,intensity_distance_weighted_mps,3.125,0.0003125,79.99999999999996,73.63636363636364,5,38.189892251175955,16.5,-61.30000000000001,NE
storm_cmcc,STORM_CMCC,storm_cmcc|8779|8_8779_9,8779,8_8779_9,122,rank_101_200,0.0,69.09378376501017,intensity_distance_weighted_mps,3.125,0.0003125,78.04878048780483,74.43181818181819,5,41.69293374799521,16.4,-61.10000000000002,NE
storm_cmcc,STORM_CMCC,storm_cmcc|4477|4_4477_2,4477,4_4477_2,127,rank_101_200,0.0,68.83360556319079,intensity_distance_weighted_mps,3.125,0.0003125,76.19047619047615,73.29545454545455,5,38.189892251175955,16.5,-61.30000000000001,NE
storm_cmcc,STORM_CMCC,storm_cmcc|1910|1_1910_10,1910,1_1910_10,130,rank_101_200,0.0,68.69937919390313,intensity_distance_weighted_mps,3.125,0.0003125,74.41860465116275,78.40909090909092,5,56.39206792215229,15.7,-61.60000000000002,SW
storm_cmcc,STORM_CMCC,storm_cmcc|9040|9_9040_6,9040,9_9040_6,132,rank_101_200,0.0,68.555472689729,intensity_distance_weighted_mps,3.125,0.0003125,72.72727272727269,72.61363636363637,5,36.495134936606505,15.9,-61.60000000000002,SW
storm_cmcc,STORM_CMCC,storm_cmcc|5800|5_5800_3,5800,5_5800_3,134,rank_101_200,0.0,68.51344925824573,intensity_distance_weighted_mps,3.125,0.0003125,71.11111111111107,72.95454545454547,5,38.189892251175955,16.5,-61.30000000000001,NE
storm_cmcc,STORM_CMCC,storm_cmcc|6767|6_6767_2,6767,6_6767_2,135,rank_101_200,0.0,68.44818712996417,intensity_distance_weighted_mps,3.125,0.0003125,69.56521739130432,72.5,5,36.495134936606505,15.9,-61.60000000000002,SW
storm_cmcc,STORM_CMCC,storm_cmcc|7491|7_7491_13,7491,7_7491_13,140,rank_101_200,0.0,68.31483519013076,intensity_distance_weighted_mps,3.125,0.0003125,68.0851063829787,68.52272727272728,4,8.274708844222385,16.1,-61.39999999999998,SE
storm_cmcc,STORM_CMCC,storm_cmcc|309|0_309_0,309,0_309_0,142,rank_101_200,0.0,68.21150220483365,intensity_distance_weighted_mps,3.125,0.0003125,66.66666666666663,75.45454545454547,5,48.87907642712006,16.6,-61.30000000000001,NE
storm_cmcc,STORM_CMCC,storm_cmcc|9283|9_9283_0,9283,9_9283_0,143,rank_101_200,0.0,68.07810029410123,intensity_distance_weighted_mps,3.125,0.0003125,65.30612244897955,70.00000000000001,5,25.20303862703192,16.4,-61.39999999999998,NE
storm_cmcc,STORM_CMCC,storm_cmcc|1403|1_1403_5,1403,1_1403_5,150,rank_101_200,0.0,67.8940845578743,intensity_distance_weighted_mps,3.125,0.0003125,63.99999999999997,73.29545454545455,5,42.30846355441705,16.1,-61.80000000000001,SW
storm_cmcc,STORM_CMCC,storm_cmcc|2194|2_2194_3,2194,2_2194_3,152,rank_101_200,0.0,67.83915754694826,intensity_distance_weighted_mps,3.125,0.0003125,62.745098039215655,74.88636363636365,5,48.345885834829744,16.6,-61.5,NW
storm_cmcc,STORM_CMCC,storm_cmcc|1032|1_1032_15,1032,1_1032_15,154,rank_101_200,0.0,67.7755563527636,intensity_distance_weighted_mps,3.125,0.0003125,61.53846153846151,70.56818181818183,5,30.448160511479074,15.9,-61.39999999999998,SE
storm_cmcc,STORM_CMCC,storm_cmcc|7227|7_7227_0,7227,7_7227_0,159,rank_101_200,0.0,67.50311141931883,intensity_distance_weighted_mps,3.125,0.0003125,60.37735849056601,75.45454545454547,5,51.48160684479339,15.9,-61.80000000000001,SW
storm_cmcc,STORM_CMCC,storm_cmcc|517|0_517_1,517,0_517_1,163,rank_101_200,0.0,67.12754530236026,intensity_distance_weighted_mps,3.125,0.0003125,59.25925925925923,70.22727272727273,5,32.233141059404836,16.4,-61.60000000000002,NW
storm_cmcc,STORM_CMCC,storm_cmcc|5944|5_5944_4,5944,5_5944_4,165,rank_101_200,0.0,67.08149237915116,intensity_distance_weighted_mps,3.125,0.0003125,58.18181818181815,74.20454545454545,5,48.87907642712006,16.6,-61.30000000000001,NE
storm_cmcc,STORM_CMCC,storm_cmcc|7426|7_7426_8,7426,7_7426_8,169,rank_101_200,0.0,66.98053335666044,intensity_distance_weighted_mps,3.125,0.0003125,57.14285714285712,67.27272727272728,4,9.90723678480257,16.2,-61.5,NW
storm_cmcc,STORM_CMCC,storm_cmcc|7083|7_7083_2,7083,7_7083_2,173,rank_101_200,0.0,66.91343672695285,intensity_distance_weighted_mps,3.125,0.0003125,56.14035087719295,75.3409090909091,5,53.23328406682556,15.8,-61.10000000000002,SE
storm_cmcc,STORM_CMCC,storm_cmcc|3738|3_3738_9,3738,3_3738_9,178,rank_101_200,0.0,66.33927680154187,intensity_distance_weighted_mps,3.125,0.0003125,55.17241379310342,70.22727272727273,5,36.31355717378208,16.5,-61.39999999999998,NE
storm_cmcc,STORM_CMCC,storm_cmcc|222|0_222_10,222,0_222_10,180,rank_101_200,0.0,66.26015156286383,intensity_distance_weighted_mps,3.125,0.0003125,54.23728813559319,74.43181818181819,5,52.67691912066638,15.7,-61.39999999999998,SE
storm_cmcc,STORM_CMCC,storm_cmcc|4492|4_4492_14,4492,4_4492_14,185,rank_101_200,0.0,66.10962726352179,intensity_distance_weighted_mps,3.125,0.0003125,53.33333333333331,73.63636363636364,5,50.61302064107246,16.4,-61.0,NE
storm_cmcc,STORM_CMCC,storm_cmcc|9266|9_9266_0,9266,9_9266_0,192,rank_101_200,0.0,65.65620140789206,intensity_distance_weighted_mps,3.125,0.0003125,52.459016393442596,70.68181818181819,5,41.49999716276632,16.5,-61.60000000000002,NW
storm_cmcc,STORM_CMCC,storm_cmcc|7717|7_7717_12,7717,7_7717_12,195,rank_101_200,0.0,65.41639232306137,intensity_distance_weighted_mps,3.125,0.0003125,51.61290322580643,66.02272727272728,4,14.441232677570758,16.1,-61.30000000000001,SE
storm_cmcc,STORM_CMCC,storm_cmcc|453|0_453_8,453,0_453_8,196,rank_101_200,0.0,65.38118224448468,intensity_distance_weighted_mps,3.125,0.0003125,50.79365079365077,75.3409090909091,5,58.544835253388314,16.7,-61.39999999999998,NE
storm_cmcc,STORM_CMCC,storm_cmcc|6325|6_6325_10,6325,6_6325_10,200,rank_101_200,0.0,65.2653505619205,intensity_distance_weighted_mps,3.125,0.0003125,49.99999999999997,67.95454545454545,4,30.448160511479074,15.9,-61.39999999999998,SE
storm_cmcc,STORM_CMCC,storm_cmcc|8654|8_8654_4,8654,8_8654_4,202,rank_201_500,0.0,65.11210375212835,intensity_distance_weighted_mps,3.48837209,0.0003488372093023256,49.14285714285712,76.59090909090911,5,62.980882365192045,16.6,-61.80000000000001,NW
storm_cmcc,STORM_CMCC,storm_cmcc|8019|8_8019_10,8019,8_8019_10,204,rank_201_500,0.0,65.05466207999908,intensity_distance_weighted_mps,3.48837209,0.0003488372093023256,48.314606741573,70.45454545454547,5,43.21596712462521,15.8,-61.30000000000001,SE
storm_cmcc,STORM_CMCC,storm_cmcc|4955|4_4955_12,4955,4_4955_12,205,rank_201_500,0.0,65.00340720566514,intensity_distance_weighted_mps,3.48837209,0.0003488372093023256,47.513812154696105,67.04545454545455,4,26.58618983476137,16.3,-61.19999999999999,NE
storm_cmcc,STORM_CMCC,storm_cmcc|6897|6_6897_7,6897,6_6897_7,208,rank_201_500,0.0,64.95176939075186,intensity_distance_weighted_mps,3.48837209,0.0003488372093023256,46.739130434782574,67.5,4,29.710853636194447,16.0,-61.19999999999999,SE
storm_cmcc,STORM_CMCC,storm_cmcc|2539|2_2539_9,2539,2_2539_9,209,rank_201_500,0.0,64.85727488350749,intensity_distance_weighted_mps,3.48837209,0.0003488372093023256,45.98930481283419,64.88636363636364,4,3.1766872614766473,16.2,-61.39999999999998,NE
storm_cmcc,STORM_CMCC,storm_cmcc|7132|7_7132_14,7132,7_7132_14,213,rank_201_500,0.0,64.7423114231081,intensity_distance_weighted_mps,3.48837209,0.0003488372093023256,45.26315789473681,65.56818181818183,4,16.9415486769099,16.3,-61.5,NW
storm_cmcc,STORM_CMCC,storm_cmcc|2692|2_2692_5,2692,2_2692_5,214,rank_201_500,0.0,64.7192816620475,intensity_distance_weighted_mps,3.48837209,0.0003488372093023256,44.559585492227946,65.79545454545455,4,19.342626122509245,16.0,-61.39999999999998,SE
storm_cmcc,STORM_CMCC,storm_cmcc|9984|9_9984_7,9984,9_9984_7,224,rank_201_500,0.0,64.3895222810517,intensity_distance_weighted_mps,3.48837209,0.0003488372093023256,43.87755102040813,69.31818181818183,4,41.49999716276632,16.5,-61.60000000000002,NW
storm_cmcc,STORM_CMCC,storm_cmcc|6685|6_6685_10,6685,6_6685_10,229,rank_201_500,0.0,64.17941290632432,intensity_distance_weighted_mps,3.48837209,0.0003488372093023256,43.216080402010014,73.29545454545455,5,56.53228492828279,16.6,-61.69999999999999,NW
storm_cmcc,STORM_CMCC,storm_cmcc|9580|9_9580_10,9580,9_9580_10,235,rank_201_500,0.0,63.96335971880653,intensity_distance_weighted_mps,3.48837209,0.0003488372093023256,42.57425742574254,82.1590909090909,5,80.00375690457842,16.7,-60.89999999999998,NE
storm_cmcc,STORM_CMCC,storm_cmcc|2577|2_2577_4,2577,2_2577_4,237,rank_201_500,0.0,63.66618792337667,intensity_distance_weighted_mps,3.48837209,0.0003488372093023256,41.95121951219508,64.0909090909091,4,12.251486582519494,16.2,-61.30000000000001,NE
storm_cmcc,STORM_CMCC,storm_cmcc|4017|4_4017_10,4017,4_4017_10,244,rank_201_500,0.0,63.31028506932001,intensity_distance_weighted_mps,3.48837209,0.0003488372093023256,41.346153846153804,72.95454545454547,5,58.544835253388314,16.7,-61.39999999999998,NE
storm_cmcc,STORM_CMCC,storm_cmcc|200|0_200_0,200,0_200_0,257,rank_201_500,0.0,62.88090293370245,intensity_distance_weighted_mps,3.48837209,0.0003488372093023256,40.75829383886252,64.31818181818183,4,22.677877083396297,16.0,-61.30000000000001,SE
storm_cmcc,STORM_CMCC,storm_cmcc|8843|8_8843_7,8843,8_8843_7,268,rank_201_500,0.0,62.53505591607905,intensity_distance_weighted_mps,3.48837209,0.0003488372093023256,40.186915887850425,76.02272727272728,5,69.6623266658628,16.8,-61.39999999999998,NE
storm_cmcc,STORM_CMCC,storm_cmcc|3901|3_3901_9,3901,3_3901_9,275,rank_201_500,0.0,62.40128248212426,intensity_distance_weighted_mps,3.48837209,0.0003488372093023256,39.631336405529915,73.97727272727273,5,64.60610775046256,16.6,-61.0,NE
storm_cmcc,STORM_CMCC,storm_cmcc|2992|2_2992_14,2992,2_2992_14,277,rank_201_500,0.0,62.33124767187189,intensity_distance_weighted_mps,3.48837209,0.0003488372093023256,39.09090909090905,64.0909090909091,4,25.20303862703192,16.4,-61.39999999999998,NE
storm_cmcc,STORM_CMCC,storm_cmcc|3265|3_3265_2,3265,3_3265_2,278,rank_201_500,0.0,62.31230349640996,intensity_distance_weighted_mps,3.48837209,0.0003488372093023256,38.565022421524624,69.6590909090909,4,51.50543893485941,16.6,-61.60000000000002,NW
storm_cmcc,STORM_CMCC,storm_cmcc|4488|4_4488_0,4488,4_4488_0,279,rank_201_500,0.0,62.26421242872659,intensity_distance_weighted_mps,3.48837209,0.0003488372093023256,38.0530973451327,70.3409090909091,5,54.02426856087736,16.3,-61.89999999999998,NW
storm_cmcc,STORM_CMCC,storm_cmcc|5644|5_5644_5,5644,5_5644_5,280,rank_201_500,0.0,62.22406653796078,intensity_distance_weighted_mps,3.48837209,0.0003488372093023256,37.554585152838385,77.04545454545455,5,73.20765612203915,16.8,-61.19999999999999,NE
storm_cmcc,STORM_CMCC,storm_cmcc|7051|7_7051_3,7051,7_7051_3,284,rank_201_500,0.0,62.15979501011809,intensity_distance_weighted_mps,3.48837209,0.0003488372093023256,37.06896551724134,66.93181818181819,4,41.56116800704096,15.8,-61.39999999999998,SE
storm_cmcc,STORM_CMCC,storm_cmcc|6287|6_6287_3,6287,6_6287_3,289,rank_201_500,0.0,61.97050555389972,intensity_distance_weighted_mps,3.48837209,0.0003488372093023256,36.59574468085102,62.15909090909092,4,8.274708844222385,16.1,-61.39999999999998,SE
storm_cmcc,STORM_CMCC,storm_cmcc|6930|6_6930_5,6930,6_6930_5,290,rank_201_500,0.0,61.955274987657724,intensity_distance_weighted_mps,3.48837209,0.0003488372093023256,36.13445378151256,69.54545454545456,4,52.50227707186987,16.6,-61.19999999999999,NE
storm_cmcc,STORM_CMCC,storm_cmcc|8754|8_8754_6,8754,8_8754_6,293,rank_201_500,0.0,61.90376798430929,intensity_distance_weighted_mps,3.48837209,0.0003488372093023256,35.68464730290452,65.56818181818183,4,36.495134936606505,15.9,-61.60000000000002,SW
storm_cmcc,STORM_CMCC,storm_cmcc|6978|6_6978_1,6978,6_6978_1,294,rank_201_500,0.0,61.79262621260474,intensity_distance_weighted_mps,3.48837209,0.0003488372093023256,35.24590163934422,73.52272727272728,5,65.35424611727733,16.2,-60.80000000000001,NE
storm_cmcc,STORM_CMCC,storm_cmcc|9830|9_9830_0,9830,9_9830_0,297,rank_201_500,0.0,61.77592889438358,intensity_distance_weighted_mps,3.48837209,0.0003488372093023256,34.817813765182144,75.3409090909091,5,70.28962055922305,16.8,-61.5,NW
storm_cmcc,STORM_CMCC,storm_cmcc|4390|4_4390_10,4390,4_4390_10,301,rank_201_500,0.0,61.69190492753352,intensity_distance_weighted_mps,3.48837209,0.0003488372093023256,34.399999999999956,76.36363636363637,5,73.15059333341671,16.7,-61.0,NE
storm_cmcc,STORM_CMCC,storm_cmcc|9276|9_9276_5,9276,9_9276_5,302,rank_201_500,0.0,61.687271318142926,intensity_distance_weighted_mps,3.48837209,0.0003488372093023256,33.992094861660036,77.27272727272728,5,75.39685576718156,15.8,-62.0,SW
storm_cmcc,STORM_CMCC,storm_cmcc|5738|5_5738_5,5738,5_5738_5,305,rank_201_500,0.0,61.60256791489109,intensity_distance_weighted_mps,3.48837209,0.0003488372093023256,33.59374999999996,63.18181818181819,4,24.01692105080739,16.1,-61.19999999999999,SE
storm_cmcc,STORM_CMCC,storm_cmcc|8211|8_8211_9,8211,8_8211_9,308,rank_201_500,0.0,61.495330947957655,intensity_distance_weighted_mps,3.48837209,0.0003488372093023256,33.20463320463316,71.47727272727273,5,60.433493967926765,15.9,-61.89999999999998,SW
storm_cmcc,STORM_CMCC,storm_cmcc|3008|3_3008_19,3008,3_3008_19,311,rank_201_500,0.0,61.4768443104021,intensity_distance_weighted_mps,3.48837209,0.0003488372093023256,32.824427480915986,70.3409090909091,5,56.9576334636541,16.5,-61.0,NE
storm_cmcc,STORM_CMCC,storm_cmcc|2303|2_2303_2,2303,2_2303_2,313,rank_201_500,0.0,61.454548642314684,intensity_distance_weighted_mps,3.48837209,0.0003488372093023256,32.4528301886792,64.6590909090909,4,34.25289194127292,16.1,-61.10000000000002,SE
storm_cmcc,STORM_CMCC,storm_cmcc|9175|9_9175_1,9175,9_9175_1,314,rank_201_500,0.0,61.43610747196615,intensity_distance_weighted_mps,3.48837209,0.0003488372093023256,32.08955223880592,62.727272727272734,4,21.745546605949606,16.1,-61.60000000000002,SW
storm_cmcc,STORM_CMCC,storm_cmcc|242|0_242_10,242,0_242_10,317,rank_201_500,0.0,61.413350877225625,intensity_distance_weighted_mps,3.48837209,0.0003488372093023256,31.73431734317339,74.65909090909092,5,69.6623266658628,16.8,-61.39999999999998,NE
storm_cmcc,STORM_CMCC,storm_cmcc|9552|9_9552_6,9552,9_9552_6,321,rank_201_500,0.0,61.35880734702147,intensity_distance_weighted_mps,3.48837209,0.0003488372093023256,31.386861313868575,66.47727272727273,4,43.32341565106727,15.9,-61.69999999999999,SW
storm_cmcc,STORM_CMCC,storm_cmcc|3321|3_3321_5,3321,3_3321_5,322,rank_201_500,0.0,61.321995358766124,intensity_distance_weighted_mps,3.48837209,0.0003488372093023256,31.046931407942203,75.3409090909091,5,71.72000343812064,16.7,-61.80000000000001,NW
storm_cmcc,STORM_CMCC,storm_cmcc|6318|6_6318_7,6318,6_6318_7,324,rank_201_500,0.0,61.29578957314064,intensity_distance_weighted_mps,3.48837209,0.0003488372093023256,30.714285714285683,68.52272727272728,4,51.50543893485941,16.6,-61.60000000000002,NW
storm_cmcc,STORM_CMCC,storm_cmcc|8646|8_8646_2,8646,8_8646_2,333,rank_201_500,0.0,60.981946555564626,intensity_distance_weighted_mps,3.48837209,0.0003488372093023256,30.38869257950527,62.38636363636364,4,22.763480668387448,16.2,-61.19999999999999,NE
storm_cmcc,STORM_CMCC,storm_cmcc|8938|8_8938_9,8938,8_8938_9,338,rank_201_500,0.0,60.74429427466489,intensity_distance_weighted_mps,3.48837209,0.0003488372093023256,30.069930069930045,76.36363636363637,5,76.0623750306423,16.0,-62.10000000000002,SW
storm_cmcc,STORM_CMCC,storm_cmcc|495|0_495_0,495,0_495_0,341,rank_201_500,0.0,60.713030237123085,intensity_distance_weighted_mps,3.48837209,0.0003488372093023256,29.757785467128002,61.25000000000001,4,14.106693156686516,16.3,-61.39999999999998,NE
storm_cmcc,STORM_CMCC,storm_cmcc|2089|2_2089_5,2089,2_2089_5,346,rank_201_500,0.0,60.539461611806146,intensity_distance_weighted_mps,3.48837209,0.0003488372093023256,29.452054794520528,69.0909090909091,4,56.375680633936604,16.3,-60.89999999999998,NE
storm_cmcc,STORM_CMCC,storm_cmcc|5589|5_5589_12,5589,5_5589_12,349,rank_201_500,0.0,60.52476627598716,intensity_distance_weighted_mps,3.48837209,0.0003488372093023256,29.15254237288134,69.54545454545456,4,57.908796077919455,16.4,-61.89999999999998,NW
storm_cmcc,STORM_CMCC,storm_cmcc|1736|1_1736_11,1736,1_1736_11,352,rank_201_500,0.0,60.445723473744984,intensity_distance_weighted_mps,3.48837209,0.0003488372093023256,28.85906040268455,70.45454545454547,5,61.03795173642381,15.7,-61.69999999999999,SW
storm_cmcc,STORM_CMCC,storm_cmcc|1430|1_1430_7,1430,1_1430_7,353,rank_201_500,0.0,60.427443499169854,intensity_distance_weighted_mps,3.48837209,0.0003488372093023256,28.57142857142856,60.45454545454546,4,3.1766872614766473,16.2,-61.39999999999998,NE
storm_cmcc,STORM_CMCC,storm_cmcc|7503|7_7503_8,7503,7_7503_8,361,rank_201_500,0.0,60.16680525382937,intensity_distance_weighted_mps,3.48837209,0.0003488372093023256,28.289473684210513,60.56818181818182,4,12.251486582519494,16.2,-61.30000000000001,NE
storm_cmcc,STORM_CMCC,storm_cmcc|6720|6_6720_6,6720,6_6720_6,362,rank_201_500,0.0,60.133857451780585,intensity_distance_weighted_mps,3.48837209,0.0003488372093023256,28.013029315960903,69.0909090909091,4,57.8914285069782,16.6,-61.10000000000002,NE
storm_cmcc,STORM_CMCC,storm_cmcc|9123|9_9123_1,9123,9_9123_1,364,rank_201_500,0.0,60.126595441961776,intensity_distance_weighted_mps,3.48837209,0.0003488372093023256,27.74193548387096,69.88636363636364,4,60.433493967926765,15.9,-61.89999999999998,SW
storm_cmcc,STORM_CMCC,storm_cmcc|2598|2_2598_6,2598,2_2598_6,365,rank_201_500,0.0,60.03823617877198,intensity_distance_weighted_mps,3.48837209,0.0003488372093023256,27.476038338658142,72.04545454545455,5,67.08084135222408,15.7,-61.80000000000001,SW
storm_cmcc,STORM_CMCC,storm_cmcc|9803|9_9803_0,9803,9_9803_0,366,rank_201_500,0.0,60.03718945526271,intensity_distance_weighted_mps,3.48837209,0.0003488372093023256,27.215189873417717,60.56818181818182,4,14.106693156686516,16.3,-61.39999999999998,NE
storm_cmcc,STORM_CMCC,storm_cmcc|9760|9_9760_6,9760,9_9760_6,368,rank_201_500,0.0,60.03025267394551,intensity_distance_weighted_mps,3.48837209,0.0003488372093023256,26.95924764890282,68.29545454545455,4,55.65868046882474,16.0,-61.89999999999998,SW
storm_cmcc,STORM_CMCC,storm_cmcc|3301|3_3301_6,3301,3_3301_6,377,rank_201_500,0.0,59.72812457960465,intensity_distance_weighted_mps,3.48837209,0.0003488372093023256,26.70807453416149,67.04545454545455,4,52.50227707186987,16.6,-61.19999999999999,NE
storm_cmcc,STORM_CMCC,storm_cmcc|4603|4_4603_4,4603,4_4603_4,380,rank_201_500,0.0,59.59537042871198,intensity_distance_weighted_mps,3.48837209,0.0003488372093023256,26.461538461538463,64.43181818181819,4,42.731510770523286,16.5,-61.19999999999999,NE
storm_cmcc,STORM_CMCC,storm_cmcc|9337|9_9337_2,9337,9_9337_2,386,rank_201_500,0.0,59.41058697194018,intensity_distance_weighted_mps,3.48837209,0.0003488372093023256,26.219512195121954,64.20454545454545,4,42.609503309266124,15.8,-61.5,SW
storm_cmcc,STORM_CMCC,storm_cmcc|8624|8_8624_6,8624,8_8624_6,390,rank_201_500,0.0,59.353952612344095,intensity_distance_weighted_mps,3.48837209,0.0003488372093023256,25.98187311178248,60.3409090909091,4,19.342626122509245,16.0,-61.39999999999998,SE
storm_cmcc,STORM_CMCC,storm_cmcc|4445|4_4445_0,4445,4_4445_0,403,rank_201_500,0.0,58.83588239161108,intensity_distance_weighted_mps,3.48837209,0.0003488372093023256,25.748502994011982,64.31818181818183,4,45.78798156767018,16.0,-61.80000000000001,SW
storm_cmcc,STORM_CMCC,storm_cmcc|3880|3_3880_10,3880,3_3880_10,409,rank_201_500,0.0,58.67836373090295,intensity_distance_weighted_mps,3.48837209,0.0003488372093023256,25.5192878338279,75.79545454545456,5,81.01533628226211,15.5,-61.69999999999999,SW
storm_cmcc,STORM_CMCC,storm_cmcc|4774|4_4774_0,4774,4_4774_0,410,rank_201_500,0.0,58.643383108998464,intensity_distance_weighted_mps,3.48837209,0.0003488372093023256,25.294117647058833,66.93181818181819,4,56.39206792215229,15.7,-61.60000000000002,SW
storm_cmcc,STORM_CMCC,storm_cmcc|5827|5_5827_0,5827,5_5827_0,411,rank_201_500,0.0,58.611062638134094,intensity_distance_weighted_mps,3.48837209,0.0003488372093023256,25.072886297376105,77.72727272727273,5,85.66479082844691,15.5,-61.80000000000001,SW
storm_cmcc,STORM_CMCC,storm_cmcc|6882|6_6882_11,6882,6_6882_11,413,rank_201_500,0.0,58.46022763092186,intensity_distance_weighted_mps,3.48837209,0.0003488372093023256,24.85549132947978,58.977272727272734,4,14.106693156686516,16.3,-61.39999999999998,NE
storm_cmcc,STORM_CMCC,storm_cmcc|6855|6_6855_9,6855,6_6855_9,414,rank_201_500,0.0,58.45228920338516,intensity_distance_weighted_mps,3.48837209,0.0003488372093023256,24.641833810888265,71.13636363636364,5,69.87468898186016,15.9,-62.0,SW
storm_cmcc,STORM_CMCC,storm_cmcc|6778|6_6778_7,6778,6_6778_7,415,rank_201_500,0.0,58.44141216116746,intensity_distance_weighted_mps,3.48837209,0.0003488372093023256,24.431818181818198,60.45454545454546,4,27.839868137921705,16.4,-61.30000000000001,NE
storm_cmcc,STORM_CMCC,storm_cmcc|395|0_395_8,395,0_395_8,417,rank_201_500,0.0,58.38650806707099,intensity_distance_weighted_mps,3.48837209,0.0003488372093023256,24.22535211267607,75.68181818181819,5,81.63928355226668,16.9,-61.30000000000001,NE
storm_cmcc,STORM_CMCC,storm_cmcc|9932|9_9932_10,9932,9_9932_10,422,rank_201_500,0.0,58.26726766491726,intensity_distance_weighted_mps,3.48837209,0.0003488372093023256,24.0223463687151,65.68181818181819,4,53.50832382813522,15.7,-61.5,SW
storm_cmcc,STORM_CMCC,storm_cmcc|1590|1_1590_7,1590,1_1590_7,424,rank_201_500,0.0,58.14414193966242,intensity_distance_weighted_mps,3.48837209,0.0003488372093023256,23.822714681440463,64.31818181818183,4,48.87907642712006,16.6,-61.30000000000001,NE
storm_cmcc,STORM_CMCC,storm_cmcc|8713|8_8713_4,8713,8_8713_4,428,rank_201_500,0.0,58.02456150038627,intensity_distance_weighted_mps,3.48837209,0.0003488372093023256,23.626373626373645,62.84090909090909,4,43.21596712462521,15.8,-61.30000000000001,SE
storm_cmcc,STORM_CMCC,storm_cmcc|6879|6_6879_3,6879,6_6879_3,429,rank_201_500,0.0,58.00427981363777,intensity_distance_weighted_mps,3.48837209,0.0003488372093023256,23.433242506812007,63.409090909090914,4,45.78798156767018,16.0,-61.80000000000001,SW
storm_cmcc,STORM_CMCC,storm_cmcc|8426|8_8426_8,8426,8_8426_8,430,rank_201_500,0.0,58.002428141714304,intensity_distance_weighted_mps,3.48837209,0.0003488372093023256,23.243243243243263,62.84090909090909,4,43.32341565106727,15.9,-61.69999999999999,SW
storm_cmcc,STORM_CMCC,storm_cmcc|8859|8_8859_3,8859,8_8859_3,431,rank_201_500,0.0,57.99263486111781,intensity_distance_weighted_mps,3.48837209,0.0003488372093023256,23.056300268096535,59.31818181818183,4,22.677877083396297,16.0,-61.30000000000001,SE
storm_cmcc,STORM_CMCC,storm_cmcc|8088|8_8088_1,8088,8_8088_1,433,rank_201_500,0.0,57.91366685400406,intensity_distance_weighted_mps,3.48837209,0.0003488372093023256,22.872340425531938,62.613636363636374,4,42.731510770523286,16.5,-61.19999999999999,NE
storm_cmcc,STORM_CMCC,storm_cmcc|2653|2_2653_3,2653,2_2653_3,437,rank_201_500,0.0,57.843872571601786,intensity_distance_weighted_mps,3.48837209,0.0003488372093023256,22.69129287598947,60.227272727272734,4,30.448160511479074,15.9,-61.39999999999998,SE
storm_cmcc,STORM_CMCC,storm_cmcc|4212|4_4212_3,4212,4_4212_3,442,rank_201_500,0.0,57.66018053855898,intensity_distance_weighted_mps,3.48837209,0.0003488372093023256,22.513089005235628,64.6590909090909,4,52.25988817155962,16.2,-61.89999999999998,NW
storm_cmcc,STORM_CMCC,storm_cmcc|1590|1_1590_3,1590,1_1590_3,443,rank_201_500,0.0,57.65897513057156,intensity_distance_weighted_mps,3.48837209,0.0003488372093023256,22.337662337662362,63.863636363636374,4,49.20586117283322,16.5,-61.10000000000002,NE
storm_cmcc,STORM_CMCC,storm_cmcc|1936|1_1936_3,1936,1_1936_3,444,rank_201_500,0.0,57.62631151325581,intensity_distance_weighted_mps,3.48837209,0.0003488372093023256,22.164948453608275,68.40909090909092,4,64.8852836935117,15.6,-61.30000000000001,SE
storm_cmcc,STORM_CMCC,storm_cmcc|3586|3_3586_0,3586,3_3586_0,446,rank_201_500,0.0,57.54489995257066,intensity_distance_weighted_mps,3.48837209,0.0003488372093023256,21.99488491048596,63.52272727272727,4,48.345885834829744,16.6,-61.5,NW
storm_cmcc,STORM_CMCC,storm_cmcc|4555|4_4555_10,4555,4_4555_10,458,rank_201_500,0.0,57.30971375634808,intensity_distance_weighted_mps,3.48837209,0.0003488372093023256,21.827411167512718,57.84090909090909,4,14.441232677570758,16.1,-61.30000000000001,SE
storm_cmcc,STORM_CMCC,storm_cmcc|2648|2_2648_12,2648,2_2648_12,459,rank_201_500,0.0,57.28273698755537,intensity_distance_weighted_mps,3.48837209,0.0003488372093023256,21.662468513853934,60.0,4,32.66970533638878,15.9,-61.30000000000001,SE
storm_cmcc,STORM_CMCC,storm_cmcc|5984|5_5984_15,5984,5_5984_15,461,rank_201_500,0.0,57.196207695024306,intensity_distance_weighted_mps,3.48837209,0.0003488372093023256,21.50000000000003,65.90909090909092,4,58.544835253388314,16.7,-61.39999999999998,NE
storm_cmcc,STORM_CMCC,storm_cmcc|2202|2_2202_7,2202,2_2202_7,463,rank_201_500,0.0,57.13697703254924,intensity_distance_weighted_mps,3.48837209,0.0003488372093023256,21.339950372208467,58.75000000000001,4,25.20303862703192,16.4,-61.39999999999998,NE
storm_cmcc,STORM_CMCC,storm_cmcc|9397|9_9397_12,9397,9_9397_12,466,rank_201_500,0.0,57.05756660613006,intensity_distance_weighted_mps,3.48837209,0.0003488372093023256,21.182266009852246,64.31818181818183,4,53.50832382813522,15.7,-61.5,SW
storm_cmcc,STORM_CMCC,storm_cmcc|4267|4_4267_12,4267,4_4267_12,467,rank_201_500,0.0,57.0445039779766,intensity_distance_weighted_mps,3.48837209,0.0003488372093023256,21.026894865525705,60.795454545454554,4,38.46405131396937,16.0,-61.10000000000002,SE
storm_cmcc,STORM_CMCC,storm_cmcc|4159|4_4159_6,4159,4_4159_6,469,rank_201_500,0.0,57.00309384853189,intensity_distance_weighted_mps,3.48837209,0.0003488372093023256,20.87378640776702,65.90909090909092,4,59.29025510157489,16.7,-61.5,NW
storm_cmcc,STORM_CMCC,storm_cmcc|5556|5_5556_8,5556,5_5556_8,474,rank_201_500,0.0,56.863481329113256,intensity_distance_weighted_mps,3.48837209,0.0003488372093023256,20.722891566265094,75.56818181818183,5,86.02999860517504,15.4,-61.39999999999998,SE
storm_cmcc,STORM_CMCC,storm_cmcc|4893|4_4893_2,4893,4_4893_2,484,rank_201_500,0.0,56.6503237377369,intensity_distance_weighted_mps,3.48837209,0.0003488372093023256,20.57416267942587,57.84090909090909,4,21.745546605949606,16.1,-61.60000000000002,SW
storm_cmcc,STORM_CMCC,storm_cmcc|3567|3_3567_4,3567,3_3567_4,491,rank_201_500,0.0,56.56094720696298,intensity_distance_weighted_mps,3.48837209,0.0003488372093023256,20.427553444180557,60.227272727272734,4,38.189892251175955,16.5,-61.30000000000001,NE
storm_cmcc,STORM_CMCC,storm_cmcc|1900|1_1900_10,1900,1_1900_10,492,rank_201_500,0.0,56.56068134139564,intensity_distance_weighted_mps,3.48837209,0.0003488372093023256,20.28301886792456,69.77272727272728,4,72.49682386692938,16.8,-61.60000000000002,NW
storm_cmcc,STORM_CMCC,storm_cmcc|8084|8_8084_0,8084,8_8084_0,495,rank_201_500,0.0,56.53836806705036,intensity_distance_weighted_mps,3.48837209,0.0003488372093023256,20.14051522248247,56.93181818181819,3,12.513086963196397,16.1,-61.5,SW
storm_cmcc,STORM_CMCC,storm_cmcc|9413|9_9413_15,9413,9_9413_15,498,rank_201_500,0.0,56.463574821035564,intensity_distance_weighted_mps,3.48837209,0.0003488372093023256,20.000000000000036,61.477272727272734,4,44.69780072485714,16.1,-61.0,SE
storm_cmcc,STORM_CMCC,storm_cmcc|3102|3_3102_13,3102,3_3102_13,505,rank_501_1000,0.0,56.35042736223405,intensity_distance_weighted_mps,4.09836066,0.00040983606557377044,19.837398373983774,74.88636363636365,5,86.02999860517504,15.4,-61.39999999999998,SE
storm_cmcc,STORM_CMCC,storm_cmcc|7179|7_7179_12,7179,7_7179_12,507,rank_501_1000,0.0,56.30026118800797,intensity_distance_weighted_mps,4.09836066,0.00040983606557377044,19.677419354838744,66.70454545454547,4,64.48254338211376,15.6,-61.5,SW
storm_cmcc,STORM_CMCC,storm_cmcc|6325|6_6325_9,6325,6_6325_9,512,rank_501_1000,0.0,56.149252678587146,intensity_distance_weighted_mps,4.09836066,0.00040983606557377044,19.52000000000003,72.95454545454547,5,82.06204025951992,15.7,-62.0,SW
storm_cmcc,STORM_CMCC,storm_cmcc|2445|2_2445_11,2445,2_2445_11,514,rank_501_1000,0.0,55.86126186265455,intensity_distance_weighted_mps,4.09836066,0.00040983606557377044,19.365079365079396,56.25000000000001,3,12.513086963196397,16.1,-61.5,SW
storm_cmcc,STORM_CMCC,storm_cmcc|786|0_786_4,786,0_786_4,518,rank_501_1000,0.0,55.72219314998701,intensity_distance_weighted_mps,4.09836066,0.00040983606557377044,19.21259842519688,60.0,4,41.56116800704096,15.8,-61.39999999999998,SE
storm_cmcc,STORM_CMCC,storm_cmcc|6169|6_6169_1,6169,6_6169_1,522,rank_501_1000,0.0,55.59214157968868,intensity_distance_weighted_mps,4.09836066,0.00040983606557377044,19.06250000000003,71.93181818181819,5,81.32166932743593,16.9,-61.5,NW
storm_cmcc,STORM_CMCC,storm_cmcc|6099|6_6099_6,6099,6_6099_6,523,rank_501_1000,0.0,55.56703496218965,intensity_distance_weighted_mps,4.09836066,0.00040983606557377044,18.91472868217057,64.0909090909091,4,58.74909233475924,15.8,-61.80000000000001,SW
storm_cmcc,STORM_CMCC,storm_cmcc|5999|5_5999_4,5999,5_5999_4,532,rank_501_1000,0.0,55.40226098550554,intensity_distance_weighted_mps,4.09836066,0.00040983606557377044,18.769230769230795,60.909090909090914,4,47.29098354937902,15.8,-61.19999999999999,SE
storm_cmcc,STORM_CMCC,storm_cmcc|9465|9_9465_0,9465,9_9465_0,533,rank_501_1000,0.0,55.3788813027452,intensity_distance_weighted_mps,4.09836066,0.00040983606557377044,18.625954198473305,58.63636363636364,4,36.37979138977118,16.0,-61.69999999999999,SW
storm_cmcc,STORM_CMCC,storm_cmcc|9383|9_9383_14,9383,9_9383_14,534,rank_501_1000,0.0,55.33423268905479,intensity_distance_weighted_mps,4.09836066,0.00040983606557377044,18.48484848484851,68.18181818181819,4,72.2778243346889,16.6,-60.89999999999998,NE
storm_cmcc,STORM_CMCC,storm_cmcc|2994|2_2994_1,2994,2_2994_1,542,rank_501_1000,0.0,55.14357748272703,intensity_distance_weighted_mps,4.09836066,0.00040983606557377044,18.345864661654158,71.13636363636364,5,80.7803731887594,16.9,-61.39999999999998,NE
storm_cmcc,STORM_CMCC,storm_cmcc|8821|8_8821_13,8821,8_8821_13,550,rank_501_1000,0.0,54.97427989268572,intensity_distance_weighted_mps,4.09836066,0.00040983606557377044,18.20895522388062,57.84090909090909,4,34.25289194127292,16.1,-61.10000000000002,SE
storm_cmcc,STORM_CMCC,storm_cmcc|3210|3_3210_2,3210,3_3210_2,551,rank_501_1000,0.0,54.96743662161,intensity_distance_weighted_mps,4.09836066,0.00040983606557377044,18.074074074074094,55.795454545454554,3,18.410194885213727,16.3,-61.30000000000001,NE
storm_cmcc,STORM_CMCC,storm_cmcc|5046|5_5046_8,5046,5_5046_8,553,rank_501_1000,0.0,54.870859798066355,intensity_distance_weighted_mps,4.09836066,0.00040983606557377044,17.941176470588257,76.36363636363637,5,93.87860732571261,16.5,-60.60000000000002,NE
storm_cmcc,STORM_CMCC,storm_cmcc|6174|6_6174_0,6174,6_6174_0,561,rank_501_1000,0.0,54.78940162308339,intensity_distance_weighted_mps,4.09836066,0.00040983606557377044,17.81021897810221,75.56818181818183,5,92.3746923217116,17.0,-61.5,NW
storm_cmcc,STORM_CMCC,storm_cmcc|1579|1_1579_3,1579,1_1579_3,566,rank_501_1000,0.0,54.70148221117413,intensity_distance_weighted_mps,4.09836066,0.00040983606557377044,17.681159420289873,61.5909090909091,4,53.23328406682556,15.8,-61.10000000000002,SE
storm_cmcc,STORM_CMCC,storm_cmcc|463|0_463_3,463,0_463_3,567,rank_501_1000,0.0,54.698400101391485,intensity_distance_weighted_mps,4.09836066,0.00040983606557377044,17.553956834532393,66.5909090909091,4,69.94242590213668,16.4,-60.80000000000001,NE
storm_cmcc,STORM_CMCC,storm_cmcc|7616|7_7616_14,7616,7_7616_14,577,rank_501_1000,0.0,54.58369429896406,intensity_distance_weighted_mps,4.09836066,0.00040983606557377044,17.428571428571445,72.38636363636364,5,85.66479082844691,15.5,-61.80000000000001,SW
storm_cmcc,STORM_CMCC,storm_cmcc|3669|3_3669_8,3669,3_3669_8,578,rank_501_1000,0.0,54.56352211844246,intensity_distance_weighted_mps,4.09836066,0.00040983606557377044,17.30496453900711,55.56818181818182,3,20.353989753705022,16.2,-61.60000000000002,NW
storm_cmcc,STORM_CMCC,storm_cmcc|9385|9_9385_0,9385,9_9385_0,582,rank_501_1000,0.0,54.50421919871897,intensity_distance_weighted_mps,4.09836066,0.00040983606557377044,17.18309859154931,67.15909090909092,4,72.2778243346889,16.6,-60.89999999999998,NE
storm_cmcc,STORM_CMCC,storm_cmcc|3358|3_3358_6,3358,3_3358_6,583,rank_501_1000,0.0,54.48596714706096,intensity_distance_weighted_mps,4.09836066,0.00040983606557377044,17.062937062937078,64.88636363636364,4,65.53508619388666,16.5,-60.89999999999998,NE
storm_cmcc,STORM_CMCC,storm_cmcc|3304|3_3304_9,3304,3_3304_9,592,rank_501_1000,0.0,54.2977812354459,intensity_distance_weighted_mps,4.09836066,0.00040983606557377044,16.944444444444457,61.13636363636364,4,53.23328406682556,15.8,-61.10000000000002,SE
storm_cmcc,STORM_CMCC,storm_cmcc|3683|3_3683_3,3683,3_3683_3,595,rank_501_1000,0.0,54.20623109353772,intensity_distance_weighted_mps,4.09836066,0.00040983606557377044,16.827586206896566,55.90909090909092,3,26.58618983476137,16.3,-61.19999999999999,NE
storm_cmcc,STORM_CMCC,storm_cmcc|2622|2_2622_7,2622,2_2622_7,600,rank_501_1000,0.0,54.03877576279775,intensity_distance_weighted_mps,4.09836066,0.00040983606557377044,16.7123287671233,55.90909090909092,3,27.90589165226733,16.0,-61.60000000000002,SW
storm_cmcc,STORM_CMCC,storm_cmcc|905|0_905_2,905,0_905_2,601,rank_501_1000,0.0,54.00406151012333,intensity_distance_weighted_mps,4.09836066,0.00040983606557377044,16.598639455782326,55.11363636363637,3,21.500885690759674,16.0,-61.5,SW
storm_cmcc,STORM_CMCC,storm_cmcc|5829|5_5829_16,5829,5_5829_16,605,rank_501_1000,0.0,53.90288209082306,intensity_distance_weighted_mps,4.09836066,0.00040983606557377044,16.4864864864865,61.93181818181819,4,57.8914285069782,16.6,-61.10000000000002,NE
storm_cmcc,STORM_CMCC,storm_cmcc|7886|7_7886_19,7886,7_7886_19,609,rank_501_1000,0.0,53.77989915464803,intensity_distance_weighted_mps,4.09836066,0.00040983606557377044,16.375838926174506,56.93181818181819,3,36.31355717378208,16.5,-61.39999999999998,NE
storm_cmcc,STORM_CMCC,storm_cmcc|829|0_829_13,829,0_829_13,616,rank_501_1000,0.0,53.66820941473344,intensity_distance_weighted_mps,4.09836066,0.00040983606557377044,16.266666666666676,74.77272727272728,5,94.06334607715756,17.0,-61.60000000000002,NW
storm_cmcc,STORM_CMCC,storm_cmcc|4914|4_4914_4,4914,4_4914_4,617,rank_501_1000,0.0,53.64277988241706,intensity_distance_weighted_mps,4.09836066,0.00040983606557377044,16.158940397351003,56.81818181818182,3,36.495134936606505,15.9,-61.60000000000002,SW
storm_cmcc,STORM_CMCC,storm_cmcc|7715|7_7715_12,7715,7_7715_12,619,rank_501_1000,0.0,53.58032772959262,intensity_distance_weighted_mps,4.09836066,0.00040983606557377044,16.052631578947377,65.90909090909092,4,71.95290479087805,15.6,-61.10000000000002,SE
storm_cmcc,STORM_CMCC,storm_cmcc|3268|3_3268_2,3268,3_3268_2,620,rank_501_1000,0.0,53.53970535479445,intensity_distance_weighted_mps,4.09836066,0.00040983606557377044,15.94771241830066,54.77272727272728,3,22.763480668387448,16.2,-61.19999999999999,NE
storm_cmcc,STORM_CMCC,storm_cmcc|7468|7_7468_8,7468,7_7468_8,629,rank_501_1000,0.0,53.38177938872849,intensity_distance_weighted_mps,4.09836066,0.00040983606557377044,15.844155844155853,55.795454545454554,3,31.895847497127786,16.1,-61.69999999999999,SW
storm_cmcc,STORM_CMCC,storm_cmcc|5738|5_5738_1,5738,5_5738_1,630,rank_501_1000,0.0,53.31197664306925,intensity_distance_weighted_mps,4.09836066,0.00040983606557377044,15.741935483870979,68.86363636363637,4,81.01533628226211,15.5,-61.69999999999999,SW
storm_cmcc,STORM_CMCC,storm_cmcc|7065|7_7065_9,7065,7_7065_9,635,rank_501_1000,0.0,53.20562428045867,intensity_distance_weighted_mps,4.09836066,0.00040983606557377044,15.641025641025653,68.63636363636364,4,80.7803731887594,16.9,-61.39999999999998,NE
storm_cmcc,STORM_CMCC,storm_cmcc|2579|2_2579_6,2579,2_2579_6,639,rank_501_1000,0.0,53.13825151250633,intensity_distance_weighted_mps,4.09836066,0.00040983606557377044,15.541401273885363,65.79545454545455,4,73.20765612203915,16.8,-61.19999999999999,NE
storm_cmcc,STORM_CMCC,storm_cmcc|1140|1_1140_2,1140,1_1140_2,641,rank_501_1000,0.0,53.098609648620915,intensity_distance_weighted_mps,4.09836066,0.00040983606557377044,15.443037974683557,55.795454545454554,3,33.80474537884485,16.4,-61.19999999999999,NE
storm_cmcc,STORM_CMCC,storm_cmcc|3900|3_3900_11,3900,3_3900_11,642,rank_501_1000,0.0,53.09440205435677,intensity_distance_weighted_mps,4.09836066,0.00040983606557377044,15.345911949685549,53.977272727272734,3,19.342626122509245,16.0,-61.39999999999998,SE
storm_cmcc,STORM_CMCC,storm_cmcc|7901|7_7901_6,7901,7_7901_6,643,rank_501_1000,0.0,53.09440205435677,intensity_distance_weighted_mps,4.09836066,0.00040983606557377044,15.250000000000016,53.977272727272734,3,19.342626122509245,16.0,-61.39999999999998,SE
storm_cmcc,STORM_CMCC,storm_cmcc|8840|8_8840_6,8840,8_8840_6,650,rank_501_1000,0.0,53.00686425170195,intensity_distance_weighted_mps,4.09836066,0.00040983606557377044,15.155279503105607,55.45454545454545,3,32.233141059404836,16.4,-61.60000000000002,NW
storm_cmcc,STORM_CMCC,storm_cmcc|8562|8_8562_6,8562,8_8562_6,651,rank_501_1000,0.0,52.98961744641185,intensity_distance_weighted_mps,4.09836066,0.00040983606557377044,15.061728395061746,61.5909090909091,4,60.433493967926765,15.9,-61.89999999999998,SW
storm_cmcc,STORM_CMCC,storm_cmcc|8508|8_8508_8,8508,8_8508_8,652,rank_501_1000,0.0,52.97829727517705,intensity_distance_weighted_mps,4.09836066,0.00040983606557377044,14.969325153374252,57.045454545454554,3,41.56116800704096,15.8,-61.39999999999998,SE
storm_cmcc,STORM_CMCC,storm_cmcc|1513|1_1513_4,1513,1_1513_4,655,rank_501_1000,0.0,52.935634923173374,intensity_distance_weighted_mps,4.09836066,0.00040983606557377044,14.878048780487823,60.56818181818182,4,56.9576334636541,16.5,-61.0,NE
storm_cmcc,STORM_CMCC,storm_cmcc|8256|8_8256_11,8256,8_8256_11,661,rank_501_1000,0.0,52.83894595774728,intensity_distance_weighted_mps,4.09836066,0.00040983606557377044,14.787878787878808,54.659090909090914,3,27.839868137921705,16.4,-61.30000000000001,NE
storm_cmcc,STORM_CMCC,storm_cmcc|2867|2_2867_7,2867,2_2867_7,669,rank_501_1000,0.0,52.73148359982139,intensity_distance_weighted_mps,4.09836066,0.00040983606557377044,14.698795180722913,64.43181818181819,4,70.65703423409055,16.8,-61.30000000000001,NE
storm_cmcc,STORM_CMCC,storm_cmcc|1732|1_1732_5,1732,1_1732_5,670,rank_501_1000,0.0,52.70633034682506,intensity_distance_weighted_mps,4.09836066,0.00040983606557377044,14.610778443113794,66.02272727272728,4,75.39685576718156,15.8,-62.0,SW
storm_cmcc,STORM_CMCC,storm_cmcc|5793|5_5793_5,5793,5_5793_5,675,rank_501_1000,0.0,52.6211848319882,intensity_distance_weighted_mps,4.09836066,0.00040983606557377044,14.523809523809547,55.227272727272734,3,33.381471519362705,16.2,-61.10000000000002,NE
storm_cmcc,STORM_CMCC,storm_cmcc|2659|2_2659_8,2659,2_2659_8,682,rank_501_1000,0.0,52.46322832165173,intensity_distance_weighted_mps,4.09836066,0.00040983606557377044,14.437869822485231,72.04545454545455,5,91.64204777615878,16.5,-62.19999999999999,NW
storm_cmcc,STORM_CMCC,storm_cmcc|9742|9_9742_0,9742,9_9742_0,685,rank_501_1000,0.0,52.40652711868514,intensity_distance_weighted_mps,4.09836066,0.00040983606557377044,14.352941176470612,54.0909090909091,3,26.89173735432589,16.4,-61.5,NW
storm_cmcc,STORM_CMCC,storm_cmcc|2443|2_2443_2,2443,2_2443_2,688,rank_501_1000,0.0,52.386682948750384,intensity_distance_weighted_mps,4.09836066,0.00040983606557377044,14.269005847953242,62.38636363636364,4,65.53508619388666,16.5,-60.89999999999998,NE
storm_cmcc,STORM_CMCC,storm_cmcc|6741|6_6741_1,6741,6_6741_1,692,rank_501_1000,0.0,52.33330371743526,intensity_distance_weighted_mps,4.09836066,0.00040983606557377044,14.186046511627932,77.38636363636364,5,103.78451774889719,16.9,-60.80000000000001,NE
storm_cmcc,STORM_CMCC,storm_cmcc|6749|6_6749_12,6749,6_6749_12,695,rank_501_1000,0.0,52.31843462501393,intensity_distance_weighted_mps,4.09836066,0.00040983606557377044,14.104046242774594,65.11363636363636,4,74.1801073048323,15.7,-61.89999999999998,SW
storm_cmcc,STORM_CMCC,storm_cmcc|2004|2_2004_8,2004,2_2004_8,698,rank_501_1000,0.0,52.29126093973626,intensity_distance_weighted_mps,4.09836066,0.00040983606557377044,14.022988505747154,62.27272727272727,4,65.53508619388666,16.5,-60.89999999999998,NE
storm_cmcc,STORM_CMCC,storm_cmcc|3039|3_3039_15,3039,3_3039_15,699,rank_501_1000,0.0,52.290849891156775,intensity_distance_weighted_mps,4.09836066,0.00040983606557377044,13.94285714285717,64.43181818181819,4,72.2778243346889,16.6,-60.89999999999998,NE
storm_cmcc,STORM_CMCC,storm_cmcc|8725|8_8725_4,8725,8_8725_4,702,rank_501_1000,0.0,52.277067641344495,intensity_distance_weighted_mps,4.09836066,0.00040983606557377044,13.863636363636392,55.3409090909091,3,36.31355717378208,16.5,-61.39999999999998,NE
storm_cmcc,STORM_CMCC,storm_cmcc|9150|9_9150_9,9150,9_9150_9,703,rank_501_1000,0.0,52.27224644292614,intensity_distance_weighted_mps,4.09836066,0.00040983606557377044,13.785310734463305,73.06818181818183,5,94.61171313043853,17.0,-61.19999999999999,NE
storm_cmcc,STORM_CMCC,storm_cmcc|138|0_138_12,138,0_138_12,712,rank_501_1000,0.0,52.09025763860744,intensity_distance_weighted_mps,4.09836066,0.00040983606557377044,13.707865168539355,60.45454545454546,4,60.1073374435633,16.4,-60.89999999999998,NE
storm_cmcc,STORM_CMCC,storm_cmcc|3227|3_3227_6,3227,3_3227_6,717,rank_501_1000,0.0,52.033496485944546,intensity_distance_weighted_mps,4.09836066,0.00040983606557377044,13.631284916201148,55.11363636363637,3,36.495134936606505,15.9,-61.60000000000002,SW
storm_cmcc,STORM_CMCC,storm_cmcc|8451|8_8451_4,8451,8_8451_4,718,rank_501_1000,0.0,52.03072516110512,intensity_distance_weighted_mps,4.09836066,0.00040983606557377044,13.555555555555586,57.95454545454546,4,50.61302064107246,16.4,-61.0,NE
storm_cmcc,STORM_CMCC,storm_cmcc|757|0_757_14,757,0_757_14,720,rank_501_1000,0.0,51.98981194949126,intensity_distance_weighted_mps,4.09836066,0.00040983606557377044,13.480662983425447,54.20454545454546,3,30.959424117241788,16.2,-61.69999999999999,NW
storm_cmcc,STORM_CMCC,storm_cmcc|6112|6_6112_15,6112,6_6112_15,729,rank_501_1000,0.0,51.884292551639334,intensity_distance_weighted_mps,4.09836066,0.00040983606557377044,13.406593406593439,66.93181818181819,4,80.7803731887594,16.9,-61.39999999999998,NE
storm_cmcc,STORM_CMCC,storm_cmcc|5149|5_5149_10,5149,5_5149_10,731,rank_501_1000,0.0,51.85969199271586,intensity_distance_weighted_mps,4.09836066,0.00040983606557377044,13.333333333333366,54.20454545454546,3,31.895847497127786,16.1,-61.69999999999999,SW
storm_cmcc,STORM_CMCC,storm_cmcc|2226|2_2226_9,2226,2_2226_9,748,rank_501_1000,0.0,51.55383868366743,intensity_distance_weighted_mps,4.09836066,0.00040983606557377044,13.260869565217424,53.75,3,30.959424117241788,16.2,-61.69999999999999,NW
storm_cmcc,STORM_CMCC,storm_cmcc|4413|4_4413_5,4413,4_4413_5,750,rank_501_1000,0.0,51.55074770479986,intensity_distance_weighted_mps,4.09836066,0.00040983606557377044,13.189189189189223,56.70454545454546,3,47.428289317141335,16.6,-61.39999999999998,NE
storm_cmcc,STORM_CMCC,storm_cmcc|7177|7_7177_1,7177,7_7177_1,751,rank_501_1000,0.0,51.55074770479986,intensity_distance_weighted_mps,4.09836066,0.00040983606557377044,13.118279569892508,56.70454545454546,3,47.428289317141335,16.6,-61.39999999999998,NE
storm_cmcc,STORM_CMCC,storm_cmcc|5719|5_5719_11,5719,5_5719_11,756,rank_501_1000,0.0,51.497068687120375,intensity_distance_weighted_mps,4.09836066,0.00040983606557377044,13.048128342246024,54.54545454545455,3,36.495134936606505,15.9,-61.60000000000002,SW
storm_cmcc,STORM_CMCC,storm_cmcc|5564|5_5564_5,5564,5_5564_5,758,rank_501_1000,0.0,51.43923046339872,intensity_distance_weighted_mps,4.09836066,0.00040983606557377044,12.978723404255355,52.38636363636364,3,20.353989753705022,16.2,-61.60000000000002,NW
storm_cmcc,STORM_CMCC,storm_cmcc|2143|2_2143_8,2143,2_2143_8,767,rank_501_1000,0.0,51.32109509308331,intensity_distance_weighted_mps,4.09836066,0.00040983606557377044,12.910052910052945,51.47727272727273,3,8.274708844222385,16.1,-61.39999999999998,SE
storm_cmcc,STORM_CMCC,storm_cmcc|6089|6_6089_3,6089,6_6089_3,770,rank_501_1000,0.0,51.23246407898412,intensity_distance_weighted_mps,4.09836066,0.00040983606557377044,12.842105263157931,58.86363636363637,4,57.8914285069782,16.6,-61.10000000000002,NE
storm_cmcc,STORM_CMCC,storm_cmcc|5353|5_5353_9,5353,5_5353_9,771,rank_501_1000,0.0,51.230786496676885,intensity_distance_weighted_mps,4.09836066,0.00040983606557377044,12.77486910994768,56.59090909090909,3,48.519141611626736,16.4,-61.80000000000001,NW
storm_cmcc,STORM_CMCC,storm_cmcc|6623|6_6623_7,6623,6_6623_7,775,rank_501_1000,0.0,51.210678155325205,intensity_distance_weighted_mps,4.09836066,0.00040983606557377044,12.70833333333337,57.72727272727273,4,53.50832382813522,15.7,-61.5,SW
storm_cmcc,STORM_CMCC,storm_cmcc|2658|2_2658_6,2658,2_2658_6,778,rank_501_1000,0.0,51.18421151087822,intensity_distance_weighted_mps,4.09836066,0.00040983606557377044,12.642487046632162,55.11363636363637,3,41.56116800704096,15.8,-61.39999999999998,SE
storm_cmcc,STORM_CMCC,storm_cmcc|116|0_116_20,116,0_116_20,781,rank_501_1000,0.0,51.1131538694768,intensity_distance_weighted_mps,4.09836066,0.00040983606557377044,12.577319587628903,66.13636363636364,4,81.32166932743593,16.9,-61.5,NW
storm_cmcc,STORM_CMCC,storm_cmcc|9374|9_9374_9,9374,9_9374_9,791,rank_501_1000,0.0,50.9633982803621,intensity_distance_weighted_mps,4.09836066,0.00040983606557377044,12.512820512820552,52.727272727272734,3,27.90589165226733,16.0,-61.60000000000002,SW
storm_cmcc,STORM_CMCC,storm_cmcc|4684|4_4684_5,4684,4_4684_5,792,rank_501_1000,0.0,50.94930715870158,intensity_distance_weighted_mps,4.09836066,0.00040983606557377044,12.448979591836773,58.29545454545455,4,56.9576334636541,16.5,-61.0,NE
storm_cmcc,STORM_CMCC,storm_cmcc|6642|6_6642_7,6642,6_6642_7,793,rank_501_1000,0.0,50.94884209556331,intensity_distance_weighted_mps,4.09836066,0.00040983606557377044,12.385786802030497,63.409090909090914,4,74.1801073048323,15.7,-61.89999999999998,SW
storm_cmcc,STORM_CMCC,storm_cmcc|5784|5_5784_9,5784,5_5784_9,794,rank_501_1000,0.0,50.93723760251028,intensity_distance_weighted_mps,4.09836066,0.00040983606557377044,12.323232323232363,51.70454545454546,3,18.410194885213727,16.3,-61.30000000000001,NE
storm_cmcc,STORM_CMCC,storm_cmcc|4006|4_4006_0,4006,4_4006_0,796,rank_501_1000,0.0,50.89192655770007,intensity_distance_weighted_mps,4.09836066,0.00040983606557377044,12.261306532663356,51.363636363636374,3,14.441232677570758,16.1,-61.30000000000001,SE
storm_cmcc,STORM_CMCC,storm_cmcc|1547|1_1547_9,1547,1_1547_9,797,rank_501_1000,0.0,50.88880014616143,intensity_distance_weighted_mps,4.09836066,0.00040983606557377044,12.20000000000004,53.409090909090914,3,33.381471519362705,16.2,-61.10000000000002,NE
storm_cmcc,STORM_CMCC,storm_cmcc|8996|8_8996_13,8996,8_8996_13,798,rank_501_1000,0.0,50.880778950073825,intensity_distance_weighted_mps,4.09836066,0.00040983606557377044,12.139303482587104,59.659090909090914,4,62.304567925810225,15.7,-61.10000000000002,SE
storm_cmcc,STORM_CMCC,storm_cmcc|6542|6_6542_6,6542,6_6542_6,805,rank_501_1000,0.0,50.795599563325126,intensity_distance_weighted_mps,4.09836066,0.00040983606557377044,12.07920792079212,61.81818181818182,4,69.87468898186016,15.9,-62.0,SW
storm_cmcc,STORM_CMCC,storm_cmcc|9349|9_9349_7,9349,9_9349_7,806,rank_501_1000,0.0,50.79390633842118,intensity_distance_weighted_mps,4.09836066,0.00040983606557377044,12.019704433497578,59.20454545454546,4,61.03795173642381,15.7,-61.69999999999999,SW
storm_cmcc,STORM_CMCC,storm_cmcc|3304|3_3304_8,3304,3_3304_8,808,rank_501_1000,0.0,50.76973939446078,intensity_distance_weighted_mps,4.09836066,0.00040983606557377044,11.960784313725531,51.70454545454546,3,20.353989753705022,16.2,-61.60000000000002,NW
storm_cmcc,STORM_CMCC,storm_cmcc|263|0_263_9,263,0_263_9,814,rank_501_1000,0.0,50.71946138495987,intensity_distance_weighted_mps,4.09836066,0.00040983606557377044,11.902439024390286,58.86363636363637,4,60.1073374435633,16.4,-60.89999999999998,NE
storm_cmcc,STORM_CMCC,storm_cmcc|7387|7_7387_8,7387,7_7387_8,828,rank_501_1000,0.0,50.44383315716508,intensity_distance_weighted_mps,4.09836066,0.00040983606557377044,11.8446601941748,58.18181818181819,4,58.74909233475924,15.8,-61.80000000000001,SW
storm_cmcc,STORM_CMCC,storm_cmcc|1669|1_1669_8,1669,1_1669_8,829,rank_501_1000,0.0,50.43101518009103,intensity_distance_weighted_mps,4.09836066,0.00040983606557377044,11.787439613526612,71.47727272727273,5,96.90135368418952,17.0,-61.69999999999999,NW
storm_cmcc,STORM_CMCC,storm_cmcc|9118|9_9118_4,9118,9_9118_4,837,rank_501_1000,0.0,50.324348310688556,intensity_distance_weighted_mps,4.09836066,0.00040983606557377044,11.730769230769274,79.77272727272728,5,114.74476369438443,17.2,-61.30000000000001,NE
storm_cmcc,STORM_CMCC,storm_cmcc|6064|6_6064_7,6064,6_6064_7,838,rank_501_1000,0.0,50.2357602625291,intensity_distance_weighted_mps,4.09836066,0.00040983606557377044,11.674641148325401,60.227272727272734,4,66.89603642880584,15.6,-61.60000000000002,SW
storm_cmcc,STORM_CMCC,storm_cmcc|1485|1_1485_7,1485,1_1485_7,843,rank_501_1000,0.0,50.14097580920357,intensity_distance_weighted_mps,4.09836066,0.00040983606557377044,11.619047619047663,60.11363636363637,4,66.89603642880584,15.6,-61.60000000000002,SW
storm_cmcc,STORM_CMCC,storm_cmcc|618|0_618_7,618,0_618_7,858,rank_501_1000,0.0,49.946533370092205,intensity_distance_weighted_mps,4.09836066,0.00040983606557377044,11.563981042654072,60.0,4,67.29712391290883,16.7,-61.10000000000002,NE
storm_cmcc,STORM_CMCC,storm_cmcc|3212|3_3212_5,3212,3_3212_5,861,rank_501_1000,0.0,49.90541479976415,intensity_distance_weighted_mps,4.09836066,0.00040983606557377044,11.509433962264195,52.27272727272728,3,32.66970533638878,15.9,-61.30000000000001,SE
storm_cmcc,STORM_CMCC,storm_cmcc|3873|3_3873_10,3873,3_3873_10,863,rank_501_1000,0.0,49.887778974676706,intensity_distance_weighted_mps,4.09836066,0.00040983606557377044,11.455399061032908,68.40909090909092,4,91.39660155241661,15.4,-61.69999999999999,SW
storm_cmcc,STORM_CMCC,storm_cmcc|2091|2_2091_7,2091,2_2091_7,865,rank_501_1000,0.0,49.88100784920835,intensity_distance_weighted_mps,4.09836066,0.00040983606557377044,11.401869158878549,64.43181818181819,4,81.01533628226211,15.5,-61.69999999999999,SW
storm_cmcc,STORM_CMCC,storm_cmcc|5635|5_5635_4,5635,5_5635_4,874,rank_501_1000,0.0,49.748487877453904,intensity_distance_weighted_mps,4.09836066,0.00040983606557377044,11.34883720930237,58.977272727272734,4,64.60610775046256,16.6,-61.0,NE
storm_cmcc,STORM_CMCC,storm_cmcc|2804|2_2804_5,2804,2_2804_5,885,rank_501_1000,0.0,49.578745602373715,intensity_distance_weighted_mps,4.09836066,0.00040983606557377044,11.29629629629634,53.409090909090914,3,41.69293374799521,16.4,-61.10000000000002,NE
storm_cmcc,STORM_CMCC,storm_cmcc|62|0_62_9,62,0_62_9,894,rank_501_1000,0.0,49.440140141387936,intensity_distance_weighted_mps,4.09836066,0.00040983606557377044,11.24423963133645,51.47727272727273,3,30.448160511479074,15.9,-61.39999999999998,SE
storm_cmcc,STORM_CMCC,storm_cmcc|1728|1_1728_3,1728,1_1728_3,897,rank_501_1000,0.0,49.415009514462994,intensity_distance_weighted_mps,4.09836066,0.00040983606557377044,11.192660550458761,50.68181818181819,3,24.01692105080739,16.1,-61.19999999999999,SE
storm_cmcc,STORM_CMCC,storm_cmcc|1187|1_1187_11,1187,1_1187_11,899,rank_501_1000,0.0,49.37640306716477,intensity_distance_weighted_mps,4.09836066,0.00040983606557377044,11.14155251141557,53.977272727272734,3,45.78798156767018,16.0,-61.80000000000001,SW
storm_cmcc,STORM_CMCC,storm_cmcc|2163|2_2163_3,2163,2_2163_3,900,rank_501_1000,0.0,49.33258297594972,intensity_distance_weighted_mps,4.09836066,0.00040983606557377044,11.090909090909136,62.38636363636364,4,77.16004763377687,16.8,-61.10000000000002,NE
storm_cmcc,STORM_CMCC,storm_cmcc|8364|8_8364_9,8364,8_8364_9,906,rank_501_1000,0.0,49.210893279412396,intensity_distance_weighted_mps,4.09836066,0.00040983606557377044,11.040723981900499,53.18181818181818,3,42.609503309266124,15.8,-61.5,SW
storm_cmcc,STORM_CMCC,storm_cmcc|6685|6_6685_7,6685,6_6685_7,907,rank_501_1000,0.0,49.15399410111671,intensity_distance_weighted_mps,4.09836066,0.00040983606557377044,10.990990990991037,70.68181818181819,5,99.26860536240594,16.0,-60.5,SE
storm_cmcc,STORM_CMCC,storm_cmcc|8387|8_8387_5,8387,8_8387_5,908,rank_501_1000,0.0,49.142038018019655,intensity_distance_weighted_mps,4.09836066,0.00040983606557377044,10.941704035874485,51.70454545454546,3,34.25289194127292,16.1,-61.10000000000002,SE
storm_cmcc,STORM_CMCC,storm_cmcc|277|0_277_4,277,0_277_4,911,rank_501_1000,0.0,49.112909286138475,intensity_distance_weighted_mps,4.09836066,0.00040983606557377044,10.892857142857189,66.5909090909091,4,89.48274405764059,16.6,-60.69999999999999,NE
storm_cmcc,STORM_CMCC,storm_cmcc|1923|1_1923_3,1923,1_1923_3,914,rank_501_1000,0.0,49.06890148804771,intensity_distance_weighted_mps,4.09836066,0.00040983606557377044,10.844444444444491,49.0909090909091,3,3.1766872614766473,16.2,-61.39999999999998,NE
storm_cmcc,STORM_CMCC,storm_cmcc|5058|5_5058_2,5058,5_5058_2,916,rank_501_1000,0.0,49.03725268411387,intensity_distance_weighted_mps,4.09836066,0.00040983606557377044,10.796460176991197,51.25000000000001,3,31.86354595969182,15.9,-61.5,SW
storm_cmcc,STORM_CMCC,storm_cmcc|3155|3_3155_7,3155,3_3155_7,920,rank_501_1000,0.0,48.938311632175505,intensity_distance_weighted_mps,4.09836066,0.00040983606557377044,10.748898678414143,54.20454545454546,3,49.20586117283322,16.5,-61.10000000000002,NE
storm_cmcc,STORM_CMCC,storm_cmcc|5729|5_5729_5,5729,5_5729_5,924,rank_501_1000,0.0,48.87768650350898,intensity_distance_weighted_mps,4.09836066,0.00040983606557377044,10.701754385964959,49.0909090909091,3,9.90723678480257,16.2,-61.5,NW
storm_cmcc,STORM_CMCC,storm_cmcc|3417|3_3417_0,3417,3_3417_0,925,rank_501_1000,0.0,48.87486591418214,intensity_distance_weighted_mps,4.09836066,0.00040983606557377044,10.655021834061182,51.70454545454546,3,36.092510952515966,16.3,-61.10000000000002,NE
storm_cmcc,STORM_CMCC,storm_cmcc|6479|6_6479_9,6479,6_6479_9,927,rank_501_1000,0.0,48.862453462962094,intensity_distance_weighted_mps,4.09836066,0.00040983606557377044,10.60869565217396,52.61363636363637,3,41.56116800704096,15.8,-61.39999999999998,SE
storm_cmcc,STORM_CMCC,storm_cmcc|8197|8_8197_1,8197,8_8197_1,930,rank_501_1000,0.0,48.75937870732881,intensity_distance_weighted_mps,4.09836066,0.00040983606557377044,10.562770562770611,54.77272727272728,3,52.67691912066638,15.7,-61.39999999999998,SE
storm_cmcc,STORM_CMCC,storm_cmcc|2817|2_2817_6,2817,2_2817_6,932,rank_501_1000,0.0,48.7461732864105,intensity_distance_weighted_mps,4.09836066,0.00040983606557377044,10.517241379310393,77.15909090909092,5,114.51935970237764,17.2,-61.5,NW
storm_cmcc,STORM_CMCC,storm_cmcc|1044|1_1044_2,1044,1_1044_2,938,rank_501_1000,0.0,48.70764413323469,intensity_distance_weighted_mps,4.09836066,0.00040983606557377044,10.472103004291894,51.59090909090909,3,36.495134936606505,15.9,-61.60000000000002,SW
storm_cmcc,STORM_CMCC,storm_cmcc|7408|7_7408_7,7408,7_7408_7,939,rank_501_1000,0.0,48.69551765768884,intensity_distance_weighted_mps,4.09836066,0.00040983606557377044,10.427350427350476,70.00000000000001,5,99.2161244263913,15.3,-61.60000000000002,SW
storm_cmcc,STORM_CMCC,storm_cmcc|5996|5_5996_11,5996,5_5996_11,940,rank_501_1000,0.0,48.67438216227734,intensity_distance_weighted_mps,4.09836066,0.00040983606557377044,10.382978723404303,77.04545454545455,5,114.51935970237764,17.2,-61.5,NW
storm_cmcc,STORM_CMCC,storm_cmcc|4681|4_4681_8,4681,4_4681_8,944,rank_501_1000,0.0,48.56632827502646,intensity_distance_weighted_mps,4.09836066,0.00040983606557377044,10.338983050847506,52.95454545454546,3,45.08869650168093,15.9,-61.10000000000002,SE
storm_cmcc,STORM_CMCC,storm_cmcc|1410|1_1410_0,1410,1_1410_0,956,rank_501_1000,0.0,48.45407188137299,intensity_distance_weighted_mps,4.09836066,0.00040983606557377044,10.295358649789078,56.477272727272734,3,61.03795173642381,15.7,-61.69999999999999,SW
storm_cmcc,STORM_CMCC,storm_cmcc|5330|5_5330_7,5330,5_5330_7,959,rank_501_1000,0.0,48.38804235148838,intensity_distance_weighted_mps,4.09836066,0.00040983606557377044,10.252100840336183,54.54545454545455,3,53.50832382813522,15.7,-61.5,SW
storm_cmcc,STORM_CMCC,storm_cmcc|6702|6_6702_4,6702,6_6702_4,962,rank_501_1000,0.0,48.34294465742122,intensity_distance_weighted_mps,4.09836066,0.00040983606557377044,10.209205020920551,65.3409090909091,4,88.945333302168,15.4,-61.19999999999999,SE
storm_cmcc,STORM_CMCC,storm_cmcc|4721|4_4721_0,4721,4_4721_0,970,rank_501_1000,0.0,48.27614233203228,intensity_distance_weighted_mps,4.09836066,0.00040983606557377044,10.166666666666716,50.45454545454546,3,31.86354595969182,15.9,-61.5,SW
storm_cmcc,STORM_CMCC,storm_cmcc|7217|7_7217_2,7217,7_7217_2,974,rank_501_1000,0.0,48.17014986900153,intensity_distance_weighted_mps,4.09836066,0.00040983606557377044,10.12448132780088,64.20454545454545,4,86.54232474206935,15.4,-61.5,SW
storm_cmcc,STORM_CMCC,storm_cmcc|3335|3_3335_4,3335,3_3335_4,979,rank_501_1000,0.0,48.03817737595868,intensity_distance_weighted_mps,4.09836066,0.00040983606557377044,10.082644628099223,52.04545454545455,3,43.32341565106727,15.9,-61.69999999999999,SW
storm_cmcc,STORM_CMCC,storm_cmcc|5757|5_5757_0,5757,5_5757_0,986,rank_501_1000,0.0,47.92234707367382,intensity_distance_weighted_mps,4.09836066,0.00040983606557377044,10.041152263374535,48.06818181818182,2,8.274708844222385,16.1,-61.39999999999998,SE
storm_cmcc,STORM_CMCC,storm_cmcc|9838|9_9838_7,9838,9_9838_7,997,rank_501_1000,0.0,47.64769543213356,intensity_distance_weighted_mps,4.09836066,0.00040983606557377044,10.00000000000005,62.045454545454554,4,82.45514516753867,15.6,-61.89999999999998,SW
storm_cmcc,STORM_CMCC,storm_cmcc|2943|2_2943_10,2943,2_2943_10,1003,rank_1001_2000,0.0,47.54427212619404,intensity_distance_weighted_mps,5.05050505,0.000505050505050505,9.949748743718642,50.34090909090909,3,36.37979138977118,16.0,-61.69999999999999,SW
storm_cmcc,STORM_CMCC,storm_cmcc|7509|7_7509_4,7509,7_7509_4,1015,rank_1001_2000,0.0,47.42637130307361,intensity_distance_weighted_mps,5.05050505,0.000505050505050505,9.900000000000048,75.68181818181819,5,115.7796948719302,15.3,-62.0,SW
storm_cmcc,STORM_CMCC,storm_cmcc|4017|4_4017_6,4017,4_4017_6,1019,rank_1001_2000,0.0,47.400712867497816,intensity_distance_weighted_mps,5.05050505,0.000505050505050505,9.850746268656764,77.15909090909092,5,118.85116709980929,17.2,-61.10000000000002,NE
storm_cmcc,STORM_CMCC,storm_cmcc|8012|8_8012_6,8012,8_8012_6,1027,rank_1001_2000,0.0,47.33013783987307,intensity_distance_weighted_mps,5.05050505,0.000505050505050505,9.801980198019848,79.31818181818183,5,123.31508784504425,15.1,-61.69999999999999,SW
storm_cmcc,STORM_CMCC,storm_cmcc|1852|1_1852_7,1852,1_1852_7,1028,rank_1001_2000,0.0,47.31775266782249,intensity_distance_weighted_mps,5.05050505,0.000505050505050505,9.753694581280834,77.72727272727273,5,120.24969599055665,15.9,-62.5,SW
storm_cmcc,STORM_CMCC,storm_cmcc|479|0_479_14,479,0_479_14,1029,rank_1001_2000,0.0,47.297913038660305,intensity_distance_weighted_mps,5.05050505,0.000505050505050505,9.705882352941222,51.13636363636364,3,42.731510770523286,16.5,-61.19999999999999,NE
storm_cmcc,STORM_CMCC,storm_cmcc|1186|1_1186_13,1186,1_1186_13,1034,rank_1001_2000,0.0,47.23389446198805,intensity_distance_weighted_mps,5.05050505,0.000505050505050505,9.658536585365898,56.25000000000001,3,65.53508619388666,16.5,-60.89999999999998,NE
storm_cmcc,STORM_CMCC,storm_cmcc|6540|6_6540_10,6540,6_6540_10,1043,rank_1001_2000,0.0,47.08464408472045,intensity_distance_weighted_mps,5.05050505,0.000505050505050505,9.611650485436936,56.02272727272727,3,65.35424611727733,16.2,-60.80000000000001,NE
storm_cmcc,STORM_CMCC,storm_cmcc|2938|2_2938_10,2938,2_2938_10,1049,rank_1001_2000,0.0,46.941578283098515,intensity_distance_weighted_mps,5.05050505,0.000505050505050505,9.56521739130439,50.56818181818182,3,41.69293374799521,16.4,-61.10000000000002,NE
storm_cmcc,STORM_CMCC,storm_cmcc|2109|2_2109_7,2109,2_2109_7,1050,rank_1001_2000,0.0,46.91155270531195,intensity_distance_weighted_mps,5.05050505,0.000505050505050505,9.519230769230811,58.06818181818183,4,73.15059333341671,16.7,-61.0,NE
storm_cmcc,STORM_CMCC,storm_cmcc|334|0_334_8,334,0_334_8,1054,rank_1001_2000,0.0,46.84022881899475,intensity_distance_weighted_mps,5.05050505,0.000505050505050505,9.473684210526358,80.11363636363637,5,126.42425258697371,15.1,-61.80000000000001,SW
storm_cmcc,STORM_CMCC,storm_cmcc|3465|3_3465_16,3465,3_3465_16,1056,rank_1001_2000,0.0,46.833179137377044,intensity_distance_weighted_mps,5.05050505,0.000505050505050505,9.42857142857147,47.159090909090914,2,12.513086963196397,16.1,-61.5,SW
storm_cmcc,STORM_CMCC,storm_cmcc|7077|7_7077_4,7077,7_7077_4,1057,rank_1001_2000,0.0,46.80571376749263,intensity_distance_weighted_mps,5.05050505,0.000505050505050505,9.38388625592421,57.95454545454546,4,73.20765612203915,16.8,-61.19999999999999,NE
storm_cmcc,STORM_CMCC,storm_cmcc|1534|1_1534_11,1534,1_1534_11,1058,rank_1001_2000,0.0,46.79522930599198,intensity_distance_weighted_mps,5.05050505,0.000505050505050505,9.339622641509473,53.409090909090914,3,56.39206792215229,15.7,-61.60000000000002,SW
storm_cmcc,STORM_CMCC,storm_cmcc|1823|1_1823_13,1823,1_1823_13,1067,rank_1001_2000,0.0,46.62746269660968,intensity_distance_weighted_mps,5.05050505,0.000505050505050505,9.295774647887363,52.50000000000001,3,53.23328406682556,15.8,-61.10000000000002,SE
storm_cmcc,STORM_CMCC,storm_cmcc|1266|1_1266_3,1266,1_1266_3,1068,rank_1001_2000,0.0,46.6074770692451,intensity_distance_weighted_mps,5.05050505,0.000505050505050505,9.252336448598168,46.93181818181818,2,12.513086963196397,16.1,-61.5,SW
storm_cmcc,STORM_CMCC,storm_cmcc|4192|4_4192_8,4192,4_4192_8,1070,rank_1001_2000,0.0,46.57000187688261,intensity_distance_weighted_mps,5.05050505,0.000505050505050505,9.209302325581433,48.18181818181819,2,27.90589165226733,16.0,-61.60000000000002,SW
storm_cmcc,STORM_CMCC,storm_cmcc|2605|2_2605_11,2605,2_2605_11,1084,rank_1001_2000,0.0,46.36073212560183,intensity_distance_weighted_mps,5.05050505,0.000505050505050505,9.166666666666703,57.38636363636364,3,73.15059333341671,16.7,-61.0,NE
storm_cmcc,STORM_CMCC,storm_cmcc|681|0_681_4,681,0_681_4,1093,rank_1001_2000,0.0,46.26233309529519,intensity_distance_weighted_mps,5.05050505,0.000505050505050505,9.124423963133676,68.40909090909092,4,103.78451774889719,16.9,-60.80000000000001,NE
storm_cmcc,STORM_CMCC,storm_cmcc|5944|5_5944_1,5944,5_5944_1,1098,rank_1001_2000,0.0,46.16927457564017,intensity_distance_weighted_mps,5.05050505,0.000505050505050505,9.082568807339484,46.47727272727273,2,12.251486582519494,16.2,-61.30000000000001,NE
storm_cmcc,STORM_CMCC,storm_cmcc|8756|8_8756_4,8756,8_8756_4,1101,rank_1001_2000,0.0,46.104233854058585,intensity_distance_weighted_mps,5.05050505,0.000505050505050505,9.041095890410993,51.59090909090909,3,51.745844798255305,15.8,-61.69999999999999,SW
storm_cmcc,STORM_CMCC,storm_cmcc|8298|8_8298_2,8298,8_8298_2,1102,rank_1001_2000,0.0,46.10154132608488,intensity_distance_weighted_mps,5.05050505,0.000505050505050505,9.000000000000034,48.18181818181819,2,31.86354595969182,15.9,-61.5,SW
storm_cmcc,STORM_CMCC,storm_cmcc|3408|3_3408_5,3408,3_3408_5,1113,rank_1001_2000,0.0,45.92895486886199,intensity_distance_weighted_mps,5.05050505,0.000505050505050505,8.959276018099581,76.25,5,121.87652445562422,17.1,-60.80000000000001,NE
storm_cmcc,STORM_CMCC,storm_cmcc|7447|7_7447_10,7447,7_7447_10,1123,rank_1001_2000,0.0,45.82525245350426,intensity_distance_weighted_mps,5.05050505,0.000505050505050505,8.918918918918951,46.25000000000001,2,14.441232677570758,16.1,-61.30000000000001,SE
storm_cmcc,STORM_CMCC,storm_cmcc|688|0_688_7,688,0_688_7,1130,rank_1001_2000,0.0,45.72273557686616,intensity_distance_weighted_mps,5.05050505,0.000505050505050505,8.878923766816175,47.159090909090914,2,26.58618983476137,16.3,-61.19999999999999,NE
storm_cmcc,STORM_CMCC,storm_cmcc|1703|1_1703_1,1703,1_1703_1,1139,rank_1001_2000,0.0,45.64094618979154,intensity_distance_weighted_mps,5.05050505,0.000505050505050505,8.839285714285745,61.477272727272734,4,88.3570410365011,15.4,-61.60000000000002,SW
storm_cmcc,STORM_CMCC,storm_cmcc|3246|3_3246_15,3246,3_3246_15,1142,rank_1001_2000,0.0,45.62340206847571,intensity_distance_weighted_mps,5.05050505,0.000505050505050505,8.800000000000031,51.25000000000001,3,52.67691912066638,15.7,-61.39999999999998,SE
storm_cmcc,STORM_CMCC,storm_cmcc|2173|2_2173_7,2173,2_2173_7,1144,rank_1001_2000,0.0,45.5964779746086,intensity_distance_weighted_mps,5.05050505,0.000505050505050505,8.761061946902686,51.02272727272727,3,51.745844798255305,15.8,-61.69999999999999,SW
storm_cmcc,STORM_CMCC,storm_cmcc|1003|1_1003_9,1003,1_1003_9,1147,rank_1001_2000,0.0,45.58046686373035,intensity_distance_weighted_mps,5.05050505,0.000505050505050505,8.722466960352453,47.04545454545455,2,26.89173735432589,16.4,-61.5,NW
storm_cmcc,STORM_CMCC,storm_cmcc|9616|9_9616_2,9616,9_9616_2,1151,rank_1001_2000,0.0,45.54156939719678,intensity_distance_weighted_mps,5.05050505,0.000505050505050505,8.68421052631582,46.47727272727273,2,21.500885690759674,16.0,-61.5,SW
storm_cmcc,STORM_CMCC,storm_cmcc|3961|3_3961_6,3961,3_3961_6,1155,rank_1001_2000,0.0,45.48907734028967,intensity_distance_weighted_mps,5.05050505,0.000505050505050505,8.646288209607016,48.18181818181819,2,36.495134936606505,15.9,-61.60000000000002,SW
storm_cmcc,STORM_CMCC,storm_cmcc|5958|5_5958_0,5958,5_5958_0,1156,rank_1001_2000,0.0,45.483402718543076,intensity_distance_weighted_mps,5.05050505,0.000505050505050505,8.608695652173942,45.68181818181819,2,9.90723678480257,16.2,-61.5,NW
storm_cmcc,STORM_CMCC,storm_cmcc|9350|9_9350_11,9350,9_9350_11,1159,rank_1001_2000,0.0,45.403635796495685,intensity_distance_weighted_mps,5.05050505,0.000505050505050505,8.5714285714286,62.727272727272734,4,92.65427880608104,17.0,-61.30000000000001,NE
storm_cmcc,STORM_CMCC,storm_cmcc|8959|8_8959_2,8959,8_8959_2,1165,rank_1001_2000,0.0,45.3170986185443,intensity_distance_weighted_mps,5.05050505,0.000505050505050505,8.534482758620717,51.93181818181819,3,57.30808930072128,15.7,-61.19999999999999,SE
storm_cmcc,STORM_CMCC,storm_cmcc|3557|3_3557_9,3557,3_3557_9,1168,rank_1001_2000,0.0,45.24446969943037,intensity_distance_weighted_mps,5.05050505,0.000505050505050505,8.497854077253246,75.11363636363636,5,121.87652445562422,17.1,-60.80000000000001,NE
storm_cmcc,STORM_CMCC,storm_cmcc|655|0_655_7,655,0_655_7,1170,rank_1001_2000,0.0,45.23486958548521,intensity_distance_weighted_mps,5.05050505,0.000505050505050505,8.461538461538488,50.56818181818182,3,51.50543893485941,16.6,-61.60000000000002,NW
storm_cmcc,STORM_CMCC,storm_cmcc|7531|7_7531_10,7531,7_7531_10,1171,rank_1001_2000,0.0,45.23486958548521,intensity_distance_weighted_mps,5.05050505,0.000505050505050505,8.425531914893643,50.56818181818182,3,51.50543893485941,16.6,-61.60000000000002,NW
storm_cmcc,STORM_CMCC,storm_cmcc|1345|1_1345_8,1345,1_1345_8,1178,rank_1001_2000,0.0,45.1101461556886,intensity_distance_weighted_mps,5.05050505,0.000505050505050505,8.389830508474603,62.045454545454554,4,91.90744578117216,16.9,-61.0,NE
storm_cmcc,STORM_CMCC,storm_cmcc|7477|7_7477_5,7477,7_7477_5,1181,rank_1001_2000,0.0,45.076415968236624,intensity_distance_weighted_mps,5.05050505,0.000505050505050505,8.35443037974686,71.93181818181819,5,115.7796948719302,15.3,-62.0,SW
storm_cmcc,STORM_CMCC,storm_cmcc|113|0_113_5,113,0_113_5,1183,rank_1001_2000,0.0,45.05993510123033,intensity_distance_weighted_mps,5.05050505,0.000505050505050505,8.319327731092462,47.727272727272734,2,36.495134936606505,15.9,-61.60000000000002,SW
storm_cmcc,STORM_CMCC,storm_cmcc|8418|8_8418_18,8418,8_8418_18,1187,rank_1001_2000,0.0,45.01303483148658,intensity_distance_weighted_mps,5.05050505,0.000505050505050505,8.284518828451908,71.25000000000001,5,114.51935970237764,17.2,-61.5,NW
storm_cmcc,STORM_CMCC,storm_cmcc|9806|9_9806_7,9806,9_9806_7,1188,rank_1001_2000,0.0,45.01241280831314,intensity_distance_weighted_mps,5.05050505,0.000505050505050505,8.250000000000025,55.0,3,70.65703423409055,16.8,-61.30000000000001,NE
storm_cmcc,STORM_CMCC,storm_cmcc|7403|7_7403_1,7403,7_7403_1,1196,rank_1001_2000,0.0,44.934300071293556,intensity_distance_weighted_mps,5.05050505,0.000505050505050505,8.215767634854796,50.227272727272734,3,51.48160684479339,15.9,-61.80000000000001,SW
storm_cmcc,STORM_CMCC,storm_cmcc|6197|6_6197_4,6197,6_6197_4,1200,rank_1001_2000,0.0,44.906277267091916,intensity_distance_weighted_mps,5.05050505,0.000505050505050505,8.181818181818205,53.18181818181818,3,64.39259500400017,16.3,-62.0,NW
storm_cmcc,STORM_CMCC,storm_cmcc|1246|1_1246_3,1246,1_1246_3,1208,rank_1001_2000,0.0,44.790853960723204,intensity_distance_weighted_mps,5.05050505,0.000505050505050505,8.148148148148172,76.02272727272728,5,125.25515390657368,17.3,-61.39999999999998,NE
storm_cmcc,STORM_CMCC,storm_cmcc|291|0_291_1,291,0_291_1,1214,rank_1001_2000,0.0,44.71989610364964,intensity_distance_weighted_mps,5.05050505,0.000505050505050505,8.11475409836068,60.68181818181819,4,89.61556748781072,15.6,-62.0,SW
storm_cmcc,STORM_CMCC,storm_cmcc|2962|2_2962_3,2962,2_2962_3,1215,rank_1001_2000,0.0,44.691660083951184,intensity_distance_weighted_mps,5.05050505,0.000505050505050505,8.081632653061247,67.95454545454545,4,108.22056722894281,17.1,-61.10000000000002,NE
storm_cmcc,STORM_CMCC,storm_cmcc|4913|4_4913_14,4913,4_4913_14,1222,rank_1001_2000,0.0,44.579320621921696,intensity_distance_weighted_mps,5.05050505,0.000505050505050505,8.0487804878049,46.59090909090909,2,31.86354595969182,15.9,-61.5,SW
storm_cmcc,STORM_CMCC,storm_cmcc|3449|3_3449_16,3449,3_3449_16,1223,rank_1001_2000,0.0,44.57541659751258,intensity_distance_weighted_mps,5.05050505,0.000505050505050505,8.016194331983828,46.59090909090909,2,31.895847497127786,16.1,-61.69999999999999,SW
storm_cmcc,STORM_CMCC,storm_cmcc|5687|5_5687_1,5687,5_5687_1,1225,rank_1001_2000,0.0,44.55018612401204,intensity_distance_weighted_mps,5.05050505,0.000505050505050505,7.983870967741956,59.20454545454546,4,86.02999860517504,15.4,-61.39999999999998,SE
storm_cmcc,STORM_CMCC,storm_cmcc|945|0_945_1,945,0_945_1,1234,rank_1001_2000,0.0,44.46467712953217,intensity_distance_weighted_mps,5.05050505,0.000505050505050505,7.951807228915683,59.09090909090909,4,86.02999860517504,15.4,-61.39999999999998,SE
storm_cmcc,STORM_CMCC,storm_cmcc|8300|8_8300_6,8300,8_8300_6,1244,rank_1001_2000,0.0,44.35135995565099,intensity_distance_weighted_mps,5.05050505,0.000505050505050505,7.92000000000002,60.795454545454554,4,91.33616478183365,15.5,-61.89999999999998,SW
storm_cmcc,STORM_CMCC,storm_cmcc|852|0_852_3,852,0_852_3,1248,rank_1001_2000,0.0,44.30192675904215,intensity_distance_weighted_mps,5.05050505,0.000505050505050505,7.888446215139462,68.97727272727273,4,111.94677246024645,17.1,-61.0,NE
storm_cmcc,STORM_CMCC,storm_cmcc|326|0_326_6,326,0_326_6,1252,rank_1001_2000,0.0,44.23952407895773,intensity_distance_weighted_mps,5.05050505,0.000505050505050505,7.857142857142877,77.15909090909092,5,129.3936881562286,16.2,-60.19999999999999,NE
storm_cmcc,STORM_CMCC,storm_cmcc|1582|1_1582_3,1582,1_1582_3,1258,rank_1001_2000,0.0,44.205386431997866,intensity_distance_weighted_mps,5.05050505,0.000505050505050505,7.826086956521759,45.113636363636374,2,21.500885690759674,16.0,-61.5,SW
storm_cmcc,STORM_CMCC,storm_cmcc|2232|2_2232_2,2232,2_2232_2,1259,rank_1001_2000,0.0,44.1894716423065,intensity_distance_weighted_mps,5.05050505,0.000505050505050505,7.7952755905512,71.93181818181819,5,118.85116709980929,17.2,-61.10000000000002,NE
storm_cmcc,STORM_CMCC,storm_cmcc|7509|7_7509_1,7509,7_7509_1,1261,rank_1001_2000,0.0,44.15408864573315,intensity_distance_weighted_mps,5.05050505,0.000505050505050505,7.76470588235296,49.77272727272727,3,53.50832382813522,15.7,-61.5,SW
storm_cmcc,STORM_CMCC,storm_cmcc|9814|9_9814_4,9814,9_9814_4,1262,rank_1001_2000,0.0,44.14440042073222,intensity_distance_weighted_mps,5.05050505,0.000505050505050505,7.734375000000019,46.13636363636364,2,31.86354595969182,15.9,-61.5,SW
storm_cmcc,STORM_CMCC,storm_cmcc|4169|4_4169_10,4169,4_4169_10,1263,rank_1001_2000,0.0,44.13352893389311,intensity_distance_weighted_mps,5.05050505,0.000505050505050505,7.704280155642041,50.00000000000001,3,54.6884227201857,16.2,-60.89999999999998,NE
storm_cmcc,STORM_CMCC,storm_cmcc|6889|6_6889_10,6889,6_6889_10,1265,rank_1001_2000,0.0,44.098056070235266,intensity_distance_weighted_mps,5.05050505,0.000505050505050505,7.67441860465118,45.113636363636374,2,22.763480668387448,16.2,-61.19999999999999,NE
storm_cmcc,STORM_CMCC,storm_cmcc|7159|7_7159_2,7159,7_7159_2,1269,rank_1001_2000,0.0,44.05500317154892,intensity_distance_weighted_mps,5.05050505,0.000505050505050505,7.644787644787662,75.22727272727273,5,126.17631864550206,17.0,-60.60000000000002,NE
storm_cmcc,STORM_CMCC,storm_cmcc|3750|3_3750_19,3750,3_3750_19,1278,rank_1001_2000,0.0,43.91666291115454,intensity_distance_weighted_mps,5.05050505,0.000505050505050505,7.615384615384633,59.54545454545455,4,89.48274405764059,16.6,-60.69999999999999,NE
storm_cmcc,STORM_CMCC,storm_cmcc|8838|8_8838_5,8838,8_8838_5,1279,rank_1001_2000,0.0,43.91122229401964,intensity_distance_weighted_mps,5.05050505,0.000505050505050505,7.586206896551741,55.227272727272734,3,76.14667304929156,16.8,-61.69999999999999,NW
storm_cmcc,STORM_CMCC,storm_cmcc|4186|4_4186_0,4186,4_4186_0,1283,rank_1001_2000,0.0,43.883315651612136,intensity_distance_weighted_mps,5.05050505,0.000505050505050505,7.557251908396963,44.88636363636364,2,22.677877083396297,16.0,-61.30000000000001,SE
storm_cmcc,STORM_CMCC,storm_cmcc|3753|3_3753_3,3753,3_3753_3,1287,rank_1001_2000,0.0,43.84522278644419,intensity_distance_weighted_mps,5.05050505,0.000505050505050505,7.528517110266176,65.11363636363636,4,104.47146068282125,16.7,-60.60000000000002,NE
storm_cmcc,STORM_CMCC,storm_cmcc|363|0_363_8,363,0_363_8,1288,rank_1001_2000,0.0,43.83637184310162,intensity_distance_weighted_mps,5.05050505,0.000505050505050505,7.500000000000016,72.95454545454547,5,122.2520142867609,17.2,-61.0,NE
storm_cmcc,STORM_CMCC,storm_cmcc|536|0_536_1,536,0_536_1,1289,rank_1001_2000,0.0,43.8343693948624,intensity_distance_weighted_mps,5.05050505,0.000505050505050505,7.471698113207562,49.20454545454545,3,52.50227707186987,16.6,-61.19999999999999,NE
storm_cmcc,STORM_CMCC,storm_cmcc|9260|9_9260_2,9260,9_9260_2,1294,rank_1001_2000,0.0,43.77710875900781,intensity_distance_weighted_mps,5.05050505,0.000505050505050505,7.443609022556406,54.20454545454546,3,73.20765612203915,16.8,-61.19999999999999,NE
storm_cmcc,STORM_CMCC,storm_cmcc|5579|5_5579_2,5579,5_5579_2,1295,rank_1001_2000,0.0,43.76752490556361,intensity_distance_weighted_mps,5.05050505,0.000505050505050505,7.415730337078666,47.5,2,43.803995384913776,16.299999999999997,-61.80000000000001,NW
storm_cmcc,STORM_CMCC,storm_cmcc|486|0_486_5,486,0_486_5,1296,rank_1001_2000,0.0,43.74181405999551,intensity_distance_weighted_mps,5.05050505,0.000505050505050505,7.388059701492552,46.02272727272727,2,34.25289194127292,16.1,-61.10000000000002,SE
storm_cmcc,STORM_CMCC,storm_cmcc|4693|4_4693_1,4693,4_4693_1,1297,rank_1001_2000,0.0,43.741460711440624,intensity_distance_weighted_mps,5.05050505,0.000505050505050505,7.360594795539048,46.81818181818183,2,39.782189661163905,16.4,-61.69999999999999,NW
storm_cmcc,STORM_CMCC,storm_cmcc|7826|7_7826_3,7826,7_7826_3,1298,rank_1001_2000,0.0,43.718836907580936,intensity_distance_weighted_mps,5.05050505,0.000505050505050505,7.333333333333347,59.09090909090909,4,88.945333302168,15.4,-61.19999999999999,SE
storm_cmcc,STORM_CMCC,storm_cmcc|5317|5_5317_9,5317,5_5317_9,1303,rank_1001_2000,0.0,43.62777339938673,intensity_distance_weighted_mps,5.05050505,0.000505050505050505,7.306273062730641,75.3409090909091,5,127.88786216743051,17.1,-60.69999999999999,NE
storm_cmcc,STORM_CMCC,storm_cmcc|412|0_412_8,412,0_412_8,1305,rank_1001_2000,0.0,43.61178593926754,intensity_distance_weighted_mps,5.05050505,0.000505050505050505,7.279411764705896,69.43181818181819,4,115.41645032718183,17.1,-61.89999999999998,NW
storm_cmcc,STORM_CMCC,storm_cmcc|3331|3_3331_3,3331,3_3331_3,1324,rank_1001_2000,0.0,43.42702122845372,intensity_distance_weighted_mps,5.05050505,0.000505050505050505,7.252747252747266,64.88636363636364,4,105.44341021737615,17.1,-61.19999999999999,NE
storm_cmcc,STORM_CMCC,storm_cmcc|7329|7_7329_5,7329,7_7329_5,1326,rank_1001_2000,0.0,43.42315596866134,intensity_distance_weighted_mps,5.05050505,0.000505050505050505,7.226277372262786,47.04545454545455,2,43.32341565106727,15.9,-61.69999999999999,SW
storm_cmcc,STORM_CMCC,storm_cmcc|9601|9_9601_8,9601,9_9601_8,1328,rank_1001_2000,0.0,43.403394794598874,intensity_distance_weighted_mps,5.05050505,0.000505050505050505,7.200000000000013,78.40909090909092,5,134.70966888502159,16.9,-60.39999999999998,NE
storm_cmcc,STORM_CMCC,storm_cmcc|9920|9_9920_5,9920,9_9920_5,1329,rank_1001_2000,0.0,43.39165000688186,intensity_distance_weighted_mps,5.05050505,0.000505050505050505,7.173913043478273,44.88636363636364,2,27.839868137921705,16.4,-61.30000000000001,NE
storm_cmcc,STORM_CMCC,storm_cmcc|6903|6_6903_4,6903,6_6903_4,1334,rank_1001_2000,0.0,43.31459778853191,intensity_distance_weighted_mps,5.05050505,0.000505050505050505,7.148014440433225,44.20454545454546,2,21.500885690759674,16.0,-61.5,SW
storm_cmcc,STORM_CMCC,storm_cmcc|9546|9_9546_0,9546,9_9546_0,1339,rank_1001_2000,0.0,43.234308465697275,intensity_distance_weighted_mps,5.05050505,0.000505050505050505,7.122302158273393,43.52272727272727,2,12.251486582519494,16.2,-61.30000000000001,NE
storm_cmcc,STORM_CMCC,storm_cmcc|4118|4_4118_6,4118,4_4118_6,1346,rank_1001_2000,0.0,43.04716397527063,intensity_distance_weighted_mps,5.05050505,0.000505050505050505,7.096774193548399,49.77272727272727,3,59.29025510157489,16.7,-61.5,NW
storm_cmcc,STORM_CMCC,storm_cmcc|3553|3_3553_7,3553,3_3553_7,1347,rank_1001_2000,0.0,43.04273505766323,intensity_distance_weighted_mps,5.05050505,0.000505050505050505,7.071428571428583,73.63636363636364,5,126.46106183307053,17.2,-60.89999999999998,NE
storm_cmcc,STORM_CMCC,storm_cmcc|8480|8_8480_5,8480,8_8480_5,1359,rank_1001_2000,0.0,42.91588964813339,intensity_distance_weighted_mps,5.05050505,0.000505050505050505,7.046263345195741,43.295454545454554,2,14.106693156686516,16.3,-61.39999999999998,NE
storm_cmcc,STORM_CMCC,storm_cmcc|2844|2_2844_2,2844,2_2844_2,1374,rank_1001_2000,0.0,42.72668818942306,intensity_distance_weighted_mps,5.05050505,0.000505050505050505,7.021276595744692,49.0909090909091,3,57.8914285069782,16.6,-61.10000000000002,NE
storm_cmcc,STORM_CMCC,storm_cmcc|5051|5_5051_0,5051,5_5051_0,1375,rank_1001_2000,0.0,42.71680409614106,intensity_distance_weighted_mps,5.05050505,0.000505050505050505,6.996466431095417,44.88636363636364,2,33.80474537884485,16.4,-61.19999999999999,NE
storm_cmcc,STORM_CMCC,storm_cmcc|5628|5_5628_9,5628,5_5628_9,1379,rank_1001_2000,0.0,42.64984661285078,intensity_distance_weighted_mps,5.05050505,0.000505050505050505,6.971830985915504,48.06818181818182,2,53.46449349747605,15.9,-61.0,SE
storm_cmcc,STORM_CMCC,storm_cmcc|2233|2_2233_15,2233,2_2233_15,1381,rank_1001_2000,0.0,42.62468339474684,intensity_distance_weighted_mps,5.05050505,0.000505050505050505,6.947368421052642,77.8409090909091,5,136.3427596933396,15.4,-62.39999999999998,SW
storm_cmcc,STORM_CMCC,storm_cmcc|4204|4_4204_2,4204,4_4204_2,1382,rank_1001_2000,0.0,42.61662387948719,intensity_distance_weighted_mps,5.05050505,0.000505050505050505,6.923076923076933,45.909090909090914,2,41.69293374799521,16.4,-61.10000000000002,NE
storm_cmcc,STORM_CMCC,storm_cmcc|4397|4_4397_6,4397,4_4397_6,1393,rank_1001_2000,0.0,42.50179786027504,intensity_distance_weighted_mps,5.05050505,0.000505050505050505,6.8989547038327625,50.45454545454546,3,64.8852836935117,15.6,-61.30000000000001,SE
storm_cmcc,STORM_CMCC,storm_cmcc|6075|6_6075_7,6075,6_6075_7,1395,rank_1001_2000,0.0,42.463461114722946,intensity_distance_weighted_mps,5.05050505,0.000505050505050505,6.87500000000001,48.977272727272734,3,58.74909233475924,15.8,-61.80000000000001,SW
storm_cmcc,STORM_CMCC,storm_cmcc|501|0_501_10,501,0_501_10,1402,rank_1001_2000,0.0,42.424494965441404,intensity_distance_weighted_mps,5.05050505,0.000505050505050505,6.851211072664369,50.909090909090914,3,67.08084135222408,15.7,-61.80000000000001,SW
storm_cmcc,STORM_CMCC,storm_cmcc|1530|1_1530_16,1530,1_1530_16,1403,rank_1001_2000,0.0,42.417477583357766,intensity_distance_weighted_mps,5.05050505,0.000505050505050505,6.8275862068965605,43.75000000000001,2,26.58618983476137,16.3,-61.19999999999999,NE
storm_cmcc,STORM_CMCC,storm_cmcc|5012|5_5012_4,5012,5_5012_4,1406,rank_1001_2000,0.0,42.38493112471488,intensity_distance_weighted_mps,5.05050505,0.000505050505050505,6.804123711340215,44.545454545454554,2,33.86608604338634,16.3,-61.69999999999999,NW
storm_cmcc,STORM_CMCC,storm_cmcc|4632|4_4632_10,4632,4_4632_10,1412,rank_1001_2000,0.0,42.31540451924156,intensity_distance_weighted_mps,5.05050505,0.000505050505050505,6.780821917808228,42.5,2,9.90723678480257,16.2,-61.5,NW
storm_cmcc,STORM_CMCC,storm_cmcc|3822|3_3822_12,3822,3_3822_12,1414,rank_1001_2000,0.0,42.293127221897514,intensity_distance_weighted_mps,5.05050505,0.000505050505050505,6.75767918088738,43.75000000000001,2,27.839868137921705,16.4,-61.30000000000001,NE
storm_cmcc,STORM_CMCC,storm_cmcc|7757|7_7757_2,7757,7_7757_2,1419,rank_1001_2000,0.0,42.22957777777592,intensity_distance_weighted_mps,5.05050505,0.000505050505050505,6.734693877551028,52.27272727272728,3,73.15059333341671,16.7,-61.0,NE
storm_cmcc,STORM_CMCC,storm_cmcc|1423|1_1423_7,1423,1_1423_7,1425,rank_1001_2000,0.0,42.133261964569954,intensity_distance_weighted_mps,5.05050505,0.000505050505050505,6.711864406779669,48.409090909090914,2,57.8914285069782,16.6,-61.10000000000002,NE
storm_cmcc,STORM_CMCC,storm_cmcc|3955|3_3955_6,3955,3_3955_6,1426,rank_1001_2000,0.0,42.111192934740515,intensity_distance_weighted_mps,5.05050505,0.000505050505050505,6.6891891891891975,50.68181818181819,3,67.67039940707922,15.6,-61.19999999999999,SE
storm_cmcc,STORM_CMCC,storm_cmcc|5238|5_5238_5,5238,5_5238_5,1429,rank_1001_2000,0.0,42.08722459270513,intensity_distance_weighted_mps,5.05050505,0.000505050505050505,6.666666666666674,66.5909090909091,4,114.45422033794496,15.6,-62.30000000000001,SW
storm_cmcc,STORM_CMCC,storm_cmcc|3852|3_3852_2,3852,3_3852_2,1431,rank_1001_2000,0.0,42.05477435177959,intensity_distance_weighted_mps,5.05050505,0.000505050505050505,6.64429530201343,43.18181818181819,2,24.555795528057462,16.3,-61.60000000000002,NW
storm_cmcc,STORM_CMCC,storm_cmcc|7492|7_7492_17,7492,7_7492_17,1437,rank_1001_2000,0.0,42.016142057720465,intensity_distance_weighted_mps,5.05050505,0.000505050505050505,6.622073578595325,47.95454545454546,2,56.39206792215229,15.7,-61.60000000000002,SW
storm_cmcc,STORM_CMCC,storm_cmcc|6025|6_6025_2,6025,6_6025_2,1441,rank_1001_2000,0.0,41.9855303157468,intensity_distance_weighted_mps,5.05050505,0.000505050505050505,6.600000000000007,74.20454545454545,5,131.4006664608389,17.2,-60.80000000000001,NE
storm_cmcc,STORM_CMCC,storm_cmcc|8819|8_8819_7,8819,8_8819_7,1454,rank_1001_2000,0.0,41.881306630533686,intensity_distance_weighted_mps,5.05050505,0.000505050505050505,6.578073089701004,49.20454545454545,3,62.72385563020781,16.7,-61.19999999999999,NE
storm_cmcc,STORM_CMCC,storm_cmcc|610|0_610_2,610,0_610_2,1458,rank_1001_2000,0.0,41.86459215631283,intensity_distance_weighted_mps,5.05050505,0.000505050505050505,6.556291390728483,44.31818181818182,2,36.31355717378208,16.5,-61.39999999999998,NE
storm_cmcc,STORM_CMCC,storm_cmcc|5054|5_5054_2,5054,5_5054_2,1483,rank_1001_2000,0.0,41.63685984334659,intensity_distance_weighted_mps,5.05050505,0.000505050505050505,6.534653465346541,49.88636363636364,3,66.76766495404644,16.3,-60.80000000000001,NE
storm_cmcc,STORM_CMCC,storm_cmcc|3006|3_3006_2,3006,3_3006_2,1484,rank_1001_2000,0.0,41.63407923602935,intensity_distance_weighted_mps,5.05050505,0.000505050505050505,6.513157894736849,59.20454545454546,4,97.44474411509874,16.9,-60.89999999999998,NE
storm_cmcc,STORM_CMCC,storm_cmcc|3986|3_3986_12,3986,3_3986_12,1487,rank_1001_2000,0.0,41.579968775835695,intensity_distance_weighted_mps,5.05050505,0.000505050505050505,6.491803278688531,68.86363636363637,4,121.50679188493761,15.1,-61.19999999999999,SE
storm_cmcc,STORM_CMCC,storm_cmcc|5967|5_5967_4,5967,5_5967_4,1492,rank_1001_2000,0.0,41.55104223174135,intensity_distance_weighted_mps,5.05050505,0.000505050505050505,6.470588235294124,45.00000000000001,2,43.21596712462521,15.8,-61.30000000000001,SE
storm_cmcc,STORM_CMCC,storm_cmcc|5737|5_5737_4,5737,5_5737_4,1505,rank_1001_2000,0.0,41.456270259006104,intensity_distance_weighted_mps,5.05050505,0.000505050505050505,6.449511400651471,44.65909090909091,2,41.69293374799521,16.4,-61.10000000000002,NE
storm_cmcc,STORM_CMCC,storm_cmcc|8411|8_8411_1,8411,8_8411_1,1512,rank_1001_2000,0.0,41.403661897966884,intensity_distance_weighted_mps,5.05050505,0.000505050505050505,6.428571428571434,41.93181818181819,1,16.9415486769099,16.3,-61.5,NW
storm_cmcc,STORM_CMCC,storm_cmcc|2600|2_2600_1,2600,2_2600_1,1516,rank_1001_2000,0.0,41.358226687680634,intensity_distance_weighted_mps,5.05050505,0.000505050505050505,6.407766990291267,48.63636363636364,2,62.924593120069,16.2,-62.0,NW
storm_cmcc,STORM_CMCC,storm_cmcc|4554|4_4554_1,4554,4_4554_1,1518,rank_1001_2000,0.0,41.35774475813053,intensity_distance_weighted_mps,5.05050505,0.000505050505050505,6.387096774193553,42.04545454545455,1,19.342626122509245,16.0,-61.39999999999998,SE
storm_cmcc,STORM_CMCC,storm_cmcc|5004|5_5004_10,5004,5_5004_10,1521,rank_1001_2000,0.0,41.344139527685236,intensity_distance_weighted_mps,5.05050505,0.000505050505050505,6.366559485530551,65.00000000000001,4,113.46284140192222,16.7,-60.5,NE
storm_cmcc,STORM_CMCC,storm_cmcc|1798|1_1798_4,1798,1_1798_4,1523,rank_1001_2000,0.0,41.33470225806553,intensity_distance_weighted_mps,5.05050505,0.000505050505050505,6.346153846153851,43.295454545454554,2,32.66970533638878,15.9,-61.30000000000001,SE
storm_cmcc,STORM_CMCC,storm_cmcc|4876|4_4876_3,4876,4_4876_3,1525,rank_1001_2000,0.0,41.32541896534437,intensity_distance_weighted_mps,5.05050505,0.000505050505050505,6.325878594249206,44.77272727272727,2,43.32341565106727,15.9,-61.69999999999999,SW
storm_cmcc,STORM_CMCC,storm_cmcc|4095|4_4095_6,4095,4_4095_6,1534,rank_1001_2000,0.0,41.26404197321486,intensity_distance_weighted_mps,5.05050505,0.000505050505050505,6.3057324840764375,57.95454545454546,4,95.39818116022317,16.8,-60.80000000000001,NE
storm_cmcc,STORM_CMCC,storm_cmcc|8729|8_8729_9,8729,8_8729_9,1536,rank_1001_2000,0.0,41.25413967219908,intensity_distance_weighted_mps,5.05050505,0.000505050505050505,6.28571428571429,73.29545454545455,5,132.1942778317389,16.7,-60.30000000000001,NE
storm_cmcc,STORM_CMCC,storm_cmcc|9012|9_9012_7,9012,9_9012_7,1538,rank_1001_2000,0.0,41.22977741133874,intensity_distance_weighted_mps,5.05050505,0.000505050505050505,6.265822784810131,46.13636363636364,2,51.745844798255305,15.8,-61.69999999999999,SW
storm_cmcc,STORM_CMCC,storm_cmcc|4523|4_4523_16,4523,4_4523_16,1540,rank_1001_2000,0.0,41.223597744635455,intensity_distance_weighted_mps,5.05050505,0.000505050505050505,6.246056782334389,42.8409090909091,2,29.710853636194447,16.0,-61.19999999999999,SE
storm_cmcc,STORM_CMCC,storm_cmcc|2195|2_2195_5,2195,2_2195_5,1541,rank_1001_2000,0.0,41.22008586701698,intensity_distance_weighted_mps,5.05050505,0.000505050505050505,6.226415094339627,65.3409090909091,4,114.74476369438443,17.2,-61.30000000000001,NE
storm_cmcc,STORM_CMCC,storm_cmcc|5522|5_5522_5,5522,5_5522_5,1558,rank_1001_2000,0.0,41.09635662292151,intensity_distance_weighted_mps,5.05050505,0.000505050505050505,6.2068965517241415,41.477272727272734,1,14.441232677570758,16.1,-61.30000000000001,SE
storm_cmcc,STORM_CMCC,storm_cmcc|7087|7_7087_10,7087,7_7087_10,1564,rank_1001_2000,0.0,41.07208406042857,intensity_distance_weighted_mps,5.05050505,0.000505050505050505,6.1875000000000036,51.47727272727273,3,75.49929018639075,15.5,-61.5,SW
storm_cmcc,STORM_CMCC,storm_cmcc|7805|7_7805_16,7805,7_7805_16,1566,rank_1001_2000,0.0,41.061799705819105,intensity_distance_weighted_mps,5.05050505,0.000505050505050505,6.168224299065424,56.477272727272734,3,91.90744578117216,16.9,-61.0,NE
storm_cmcc,STORM_CMCC,storm_cmcc|7849|7_7849_4,7849,7_7849_4,1575,rank_1001_2000,0.0,40.96520178924914,intensity_distance_weighted_mps,5.05050505,0.000505050505050505,6.14906832298137,57.045454545454554,3,93.97885409306996,15.8,-62.19999999999999,SW
storm_cmcc,STORM_CMCC,storm_cmcc|1554|1_1554_3,1554,1_1554_3,1576,rank_1001_2000,0.0,40.9587033586242,intensity_distance_weighted_mps,5.05050505,0.000505050505050505,6.130030959752325,75.11363636363636,5,136.9761256706651,15.0,-61.80000000000001,SW
storm_cmcc,STORM_CMCC,storm_cmcc|5475|5_5475_13,5475,5_5475_13,1577,rank_1001_2000,0.0,40.954841714791094,intensity_distance_weighted_mps,5.05050505,0.000505050505050505,6.111111111111114,41.477272727272734,1,16.9415486769099,16.3,-61.5,NW
storm_cmcc,STORM_CMCC,storm_cmcc|472|0_472_7,472,0_472_7,1585,rank_1001_2000,0.0,40.87142344815245,intensity_distance_weighted_mps,5.05050505,0.000505050505050505,6.0923076923076955,77.27272727272728,5,141.5597696074606,17.1,-60.5,NE
storm_cmcc,STORM_CMCC,storm_cmcc|6048|6_6048_5,6048,6_6048_5,1588,rank_1001_2000,0.0,40.842637708205416,intensity_distance_weighted_mps,5.05050505,0.000505050505050505,6.073619631901844,59.659090909090914,4,101.81300372998135,17.0,-61.0,NE
storm_cmcc,STORM_CMCC,storm_cmcc|1638|1_1638_0,1638,1_1638_0,1592,rank_1001_2000,0.0,40.7999746968988,intensity_distance_weighted_mps,5.05050505,0.000505050505050505,6.055045871559636,76.93181818181819,5,141.15828469499104,17.3,-60.80000000000001,NE
storm_cmcc,STORM_CMCC,storm_cmcc|1131|1_1131_4,1131,1_1131_4,1599,rank_1001_2000,0.0,40.731405419590814,intensity_distance_weighted_mps,5.05050505,0.000505050505050505,6.036585365853661,40.909090909090914,1,9.90723678480257,16.2,-61.5,NW
storm_cmcc,STORM_CMCC,storm_cmcc|558|0_558_1,558,0_558_1,1615,rank_1001_2000,0.0,40.542551456191646,intensity_distance_weighted_mps,5.05050505,0.000505050505050505,6.018237082066872,45.79545454545455,2,53.99274592255906,15.7,-61.30000000000001,SE
storm_cmcc,STORM_CMCC,storm_cmcc|4356|4_4356_7,4356,4_4356_7,1638,rank_1001_2000,0.0,40.346209077482094,intensity_distance_weighted_mps,5.05050505,0.000505050505050505,6.000000000000003,51.13636363636364,3,77.57177417474774,15.5,-61.60000000000002,SW
storm_cmcc,STORM_CMCC,storm_cmcc|3021|3_3021_6,3021,3_3021_6,1641,rank_1001_2000,0.0,40.33157389410979,intensity_distance_weighted_mps,5.05050505,0.000505050505050505,5.9818731117824795,56.81818181818182,3,95.90347170416713,16.3,-62.30000000000001,NW
storm_cmcc,STORM_CMCC,storm_cmcc|8119|8_8119_5,8119,8_8119_5,1645,rank_1001_2000,0.0,40.30176614186157,intensity_distance_weighted_mps,5.05050505,0.000505050505050505,5.963855421686749,49.659090909090914,3,72.2778243346889,16.6,-60.89999999999998,NE
storm_cmcc,STORM_CMCC,storm_cmcc|1740|1_1740_6,1740,1_1740_6,1650,rank_1001_2000,0.0,40.22894521815302,intensity_distance_weighted_mps,5.05050505,0.000505050505050505,5.945945945945948,72.38636363636364,5,134.11042056560274,15.0,-61.69999999999999,SW
storm_cmcc,STORM_CMCC,storm_cmcc|3848|3_3848_8,3848,3_3848_8,1652,rank_1001_2000,0.0,40.21711459717365,intensity_distance_weighted_mps,5.05050505,0.000505050505050505,5.928143712574852,41.13636363636364,1,22.677877083396297,16.0,-61.30000000000001,SE
storm_cmcc,STORM_CMCC,storm_cmcc|7204|7_7204_1,7204,7_7204_1,1653,rank_1001_2000,0.0,40.2101400017178,intensity_distance_weighted_mps,5.05050505,0.000505050505050505,5.910447761194032,43.409090909090914,2,42.30846355441705,16.1,-61.80000000000001,SW
storm_cmcc,STORM_CMCC,storm_cmcc|9943|9_9943_10,9943,9_9943_10,1658,rank_1001_2000,0.0,40.175316870505505,intensity_distance_weighted_mps,5.05050505,0.000505050505050505,5.892857142857144,69.0909090909091,4,127.25581872252282,17.3,-61.19999999999999,NE
storm_cmcc,STORM_CMCC,storm_cmcc|5667|5_5667_14,5667,5_5667_14,1661,rank_1001_2000,0.0,40.15728352373526,intensity_distance_weighted_mps,5.05050505,0.000505050505050505,5.875370919881307,54.0909090909091,3,88.3570410365011,15.4,-61.60000000000002,SW
storm_cmcc,STORM_CMCC,storm_cmcc|5754|5_5754_1,5754,5_5754_1,1664,rank_1001_2000,0.0,40.11451474376095,intensity_distance_weighted_mps,5.05050505,0.000505050505050505,5.857988165680474,59.31818181818183,4,103.78451774889719,16.9,-60.80000000000001,NE
storm_cmcc,STORM_CMCC,storm_cmcc|5947|5_5947_3,5947,5_5947_3,1684,rank_1001_2000,0.0,39.97414037553459,intensity_distance_weighted_mps,5.05050505,0.000505050505050505,5.840707964601771,40.79545454545455,1,21.500885690759674,16.0,-61.5,SW
storm_cmcc,STORM_CMCC,storm_cmcc|2973|2_2973_9,2973,2_2973_9,1689,rank_1001_2000,0.0,39.955729316006966,intensity_distance_weighted_mps,5.05050505,0.000505050505050505,5.823529411764707,40.79545454545455,1,21.745546605949606,16.1,-61.60000000000002,SW
storm_cmcc,STORM_CMCC,storm_cmcc|2370|2_2370_11,2370,2_2370_11,1693,rank_1001_2000,0.0,39.91100557530481,intensity_distance_weighted_mps,5.05050505,0.000505050505050505,5.806451612903227,68.63636363636364,4,127.25581872252282,17.3,-61.19999999999999,NE
storm_cmcc,STORM_CMCC,storm_cmcc|4559|4_4559_2,4559,4_4559_2,1697,rank_1001_2000,0.0,39.876715049066604,intensity_distance_weighted_mps,5.05050505,0.000505050505050505,5.789473684210527,57.50000000000001,3,99.71833151297837,15.9,-62.30000000000001,SW
storm_cmcc,STORM_CMCC,storm_cmcc|9056|9_9056_6,9056,9_9056_6,1701,rank_1001_2000,0.0,39.83279125685161,intensity_distance_weighted_mps,5.05050505,0.000505050505050505,5.772594752186589,40.34090909090909,1,16.9415486769099,16.3,-61.5,NW
storm_cmcc,STORM_CMCC,storm_cmcc|3321|3_3321_2,3321,3_3321_2,1707,rank_1001_2000,0.0,39.794534476529165,intensity_distance_weighted_mps,5.05050505,0.000505050505050505,5.7558139534883725,43.75000000000001,2,47.29098354937902,15.8,-61.19999999999999,SE
storm_cmcc,STORM_CMCC,storm_cmcc|48|0_48_3,48,0_48_3,1718,rank_1001_2000,0.0,39.69274796101503,intensity_distance_weighted_mps,5.05050505,0.000505050505050505,5.739130434782609,41.25,1,29.710853636194447,16.0,-61.19999999999999,SE
storm_cmcc,STORM_CMCC,storm_cmcc|240|0_240_0,240,0_240_0,1721,rank_1001_2000,0.0,39.66074524406159,intensity_distance_weighted_mps,5.05050505,0.000505050505050505,5.722543352601156,52.95454545454546,3,86.8431159355508,15.4,-61.30000000000001,SE
storm_cmcc,STORM_CMCC,storm_cmcc|1097|1_1097_11,1097,1_1097_11,1724,rank_1001_2000,0.0,39.63005476160781,intensity_distance_weighted_mps,5.05050505,0.000505050505050505,5.706051873198848,47.04545454545455,2,64.8852836935117,15.6,-61.30000000000001,SE
storm_cmcc,STORM_CMCC,storm_cmcc|7677|7_7677_0,7677,7_7677_0,1728,rank_1001_2000,0.0,39.60613012293294,intensity_distance_weighted_mps,5.05050505,0.000505050505050505,5.689655172413794,43.75000000000001,2,48.519141611626736,16.4,-61.80000000000001,NW
storm_cmcc,STORM_CMCC,storm_cmcc|9236|9_9236_11,9236,9_9236_11,1729,rank_1001_2000,0.0,39.598861743291124,intensity_distance_weighted_mps,5.05050505,0.000505050505050505,5.673352435530086,41.477272727272734,1,32.66970533638878,15.9,-61.30000000000001,SE
storm_cmcc,STORM_CMCC,storm_cmcc|9068|9_9068_2,9068,9_9068_2,1732,rank_1001_2000,0.0,39.57773830824268,intensity_distance_weighted_mps,5.05050505,0.000505050505050505,5.6571428571428575,41.36363636363637,1,31.86354595969182,15.9,-61.5,SW
storm_cmcc,STORM_CMCC,storm_cmcc|9200|9_9200_11,9200,9_9200_11,1738,rank_1001_2000,0.0,39.547947302957574,intensity_distance_weighted_mps,5.05050505,0.000505050505050505,5.6410256410256405,63.63636363636364,4,117.06670912307433,16.3,-62.5,NW
storm_cmcc,STORM_CMCC,storm_cmcc|2786|2_2786_11,2786,2_2786_11,1742,rank_1001_2000,0.0,39.52956188223961,intensity_distance_weighted_mps,5.05050505,0.000505050505050505,5.625,41.81818181818182,1,36.092510952515966,16.3,-61.10000000000002,NE
storm_cmcc,STORM_CMCC,storm_cmcc|7239|7_7239_1,7239,7_7239_1,1746,rank_1001_2000,0.0,39.465075056089105,intensity_distance_weighted_mps,5.05050505,0.000505050505050505,5.609065155807365,77.04545454545455,5,146.37448267264332,17.3,-60.69999999999999,NE
storm_cmcc,STORM_CMCC,storm_cmcc|1951|1_1951_4,1951,1_1951_4,1750,rank_1001_2000,0.0,39.42746979824006,intensity_distance_weighted_mps,5.05050505,0.000505050505050505,5.59322033898305,45.00000000000001,2,56.39206792215229,15.7,-61.60000000000002,SW
storm_cmcc,STORM_CMCC,storm_cmcc|4901|4_4901_7,4901,4_4901_7,1761,rank_1001_2000,0.0,39.32833858397644,intensity_distance_weighted_mps,5.05050505,0.000505050505050505,5.577464788732394,40.22727272727273,1,22.677877083396297,16.0,-61.30000000000001,SE
storm_cmcc,STORM_CMCC,storm_cmcc|9112|9_9112_3,9112,9_9112_3,1766,rank_1001_2000,0.0,39.291071452281834,intensity_distance_weighted_mps,5.05050505,0.000505050505050505,5.561797752808988,45.68181818181819,2,60.495089874328976,15.8,-61.0,SE
storm_cmcc,STORM_CMCC,storm_cmcc|3887|3_3887_14,3887,3_3887_14,1770,rank_1001_2000,0.0,39.23147011418967,intensity_distance_weighted_mps,5.05050505,0.000505050505050505,5.546218487394957,50.56818181818182,3,80.63387275601202,16.6,-60.80000000000001,NE
storm_cmcc,STORM_CMCC,storm_cmcc|9478|9_9478_6,9478,9_9478_6,1782,rank_1001_2000,0.0,39.14740631994005,intensity_distance_weighted_mps,5.05050505,0.000505050505050505,5.53072625698324,39.31818181818182,1,9.90723678480257,16.2,-61.5,NW
storm_cmcc,STORM_CMCC,storm_cmcc|6852|6_6852_11,6852,6_6852_11,1792,rank_1001_2000,0.0,38.979250100156904,intensity_distance_weighted_mps,5.05050505,0.000505050505050505,5.515320334261838,47.38636363636365,2,69.6623266658628,16.8,-61.39999999999998,NE
storm_cmcc,STORM_CMCC,storm_cmcc|597|0_597_6,597,0_597_6,1794,rank_1001_2000,0.0,38.97203335596501,intensity_distance_weighted_mps,5.05050505,0.000505050505050505,5.499999999999999,43.409090909090914,2,50.61302064107246,16.4,-61.0,NE
storm_cmcc,STORM_CMCC,storm_cmcc|2709|2_2709_16,2709,2_2709_16,1803,rank_1001_2000,0.0,38.92112073427566,intensity_distance_weighted_mps,5.05050505,0.000505050505050505,5.484764542936287,39.09090909090909,1,9.90723678480257,16.2,-61.5,NW
storm_cmcc,STORM_CMCC,storm_cmcc|3477|3_3477_13,3477,3_3477_13,1805,rank_1001_2000,0.0,38.91741087571075,intensity_distance_weighted_mps,5.05050505,0.000505050505050505,5.469613259668507,48.75,2,75.39685576718156,15.8,-62.0,SW
storm_cmcc,STORM_CMCC,storm_cmcc|9687|9_9687_15,9687,9_9687_15,1806,rank_1001_2000,0.0,38.91681286227444,intensity_distance_weighted_mps,5.05050505,0.000505050505050505,5.454545454545453,57.27272727272727,3,103.01741264281397,17.1,-61.39999999999998,NE
storm_cmcc,STORM_CMCC,storm_cmcc|9091|9_9091_0,9091,9_9091_0,1816,rank_1001_2000,0.0,38.82107253477602,intensity_distance_weighted_mps,5.05050505,0.000505050505050505,5.439560439560438,44.88636363636364,2,59.29025510157489,16.7,-61.5,NW
storm_cmcc,STORM_CMCC,storm_cmcc|7754|7_7754_18,7754,7_7754_18,1819,rank_1001_2000,0.0,38.81662795616109,intensity_distance_weighted_mps,5.05050505,0.000505050505050505,5.424657534246574,40.56818181818183,1,31.86354595969182,15.9,-61.5,SW
storm_cmcc,STORM_CMCC,storm_cmcc|3341|3_3341_5,3341,3_3341_5,1825,rank_1001_2000,0.0,38.74992661193287,intensity_distance_weighted_mps,5.05050505,0.000505050505050505,5.409836065573769,50.68181818181819,3,83.23585901718393,16.9,-61.60000000000002,NW
storm_cmcc,STORM_CMCC,storm_cmcc|1614|1_1614_7,1614,1_1614_7,1852,rank_1001_2000,0.0,38.487895662308816,intensity_distance_weighted_mps,5.05050505,0.000505050505050505,5.39509536784741,43.06818181818182,2,51.745844798255305,15.8,-61.69999999999999,SW
storm_cmcc,STORM_CMCC,storm_cmcc|5793|5_5793_10,5793,5_5793_10,1862,rank_1001_2000,0.0,38.39715616864688,intensity_distance_weighted_mps,5.05050505,0.000505050505050505,5.380434782608694,41.36363636363637,1,41.69293374799521,16.4,-61.10000000000002,NE
storm_cmcc,STORM_CMCC,storm_cmcc|7672|7_7672_2,7672,7_7672_2,1875,rank_1001_2000,0.0,38.32324054964039,intensity_distance_weighted_mps,5.05050505,0.000505050505050505,5.365853658536584,60.795454545454554,4,114.86377291625809,15.4,-60.69999999999999,SE
storm_cmcc,STORM_CMCC,storm_cmcc|8875|8_8875_10,8875,8_8875_10,1878,rank_1001_2000,0.0,38.30313850840602,intensity_distance_weighted_mps,5.05050505,0.000505050505050505,5.351351351351349,51.02272727272727,3,86.43917511726276,16.0,-62.19999999999999,SW
storm_cmcc,STORM_CMCC,storm_cmcc|3471|3_3471_10,3471,3_3471_10,1887,rank_1001_2000,0.0,38.219462330205005,intensity_distance_weighted_mps,5.05050505,0.000505050505050505,5.336927223719675,50.909090909090914,3,86.43177417568211,16.9,-61.69999999999999,NW
storm_cmcc,STORM_CMCC,storm_cmcc|8411|8_8411_8,8411,8_8411_8,1894,rank_1001_2000,0.0,38.179976098987524,intensity_distance_weighted_mps,5.05050505,0.000505050505050505,5.322580645161288,60.56818181818182,4,114.86377291625809,15.4,-60.69999999999999,SE
storm_cmcc,STORM_CMCC,storm_cmcc|2632|2_2632_9,2632,2_2632_9,1899,rank_1001_2000,0.0,38.10735811611795,intensity_distance_weighted_mps,5.05050505,0.000505050505050505,5.308310991957103,45.00000000000001,2,63.79397968727137,15.6,-61.39999999999998,SE
storm_cmcc,STORM_CMCC,storm_cmcc|858|0_858_15,858,0_858_15,1913,rank_1001_2000,0.0,37.99958255363403,intensity_distance_weighted_mps,5.05050505,0.000505050505050505,5.294117647058822,41.59090909090909,1,46.11362818724813,16.3,-61.0,NE
storm_cmcc,STORM_CMCC,storm_cmcc|3345|3_3345_0,3345,3_3345_0,1917,rank_1001_2000,0.0,37.95276989031767,intensity_distance_weighted_mps,5.05050505,0.000505050505050505,5.279999999999998,46.81818181818183,2,72.49682386692905,16.799999999999997,-61.60000000000002,NW
storm_cmcc,STORM_CMCC,storm_cmcc|2921|2_2921_6,2921,2_2921_6,1923,rank_1001_2000,0.0,37.94186762003188,intensity_distance_weighted_mps,5.05050505,0.000505050505050505,5.265957446808509,41.477272727272734,1,45.78798156767018,16.0,-61.80000000000001,SW
storm_cmcc,STORM_CMCC,storm_cmcc|2947|2_2947_8,2947,2_2947_8,1926,rank_1001_2000,0.0,37.91794744616551,intensity_distance_weighted_mps,5.05050505,0.000505050505050505,5.251989389920422,38.18181818181819,1,12.513086963196397,16.1,-61.5,SW
storm_cmcc,STORM_CMCC,storm_cmcc|4895|4_4895_3,4895,4_4895_3,1927,rank_1001_2000,0.0,37.90669324334882,intensity_distance_weighted_mps,5.05050505,0.000505050505050505,5.2380952380952355,41.93181818181819,1,48.87907642712006,16.6,-61.30000000000001,NE
storm_cmcc,STORM_CMCC,storm_cmcc|4735|4_4735_5,4735,4_4735_5,1929,rank_1001_2000,0.0,37.897119388647056,intensity_distance_weighted_mps,5.05050505,0.000505050505050505,5.2242744063324515,56.70454545454546,3,105.67027574681693,15.3,-61.80000000000001,SW
storm_cmcc,STORM_CMCC,storm_cmcc|8|0_8_18,8,0_8_18,1930,rank_1001_2000,0.0,37.892312629690416,intensity_distance_weighted_mps,5.05050505,0.000505050505050505,5.210526315789471,61.477272727272734,4,118.34046626342838,16.9,-60.60000000000002,NE
storm_cmcc,STORM_CMCC,storm_cmcc|9354|9_9354_12,9354,9_9354_12,1931,rank_1001_2000,0.0,37.88412842828102,intensity_distance_weighted_mps,5.05050505,0.000505050505050505,5.196850393700784,60.45454545454546,4,115.7796948719302,15.3,-62.0,SW
storm_cmcc,STORM_CMCC,storm_cmcc|5712|5_5712_7,5712,5_5712_7,1933,rank_1001_2000,0.0,37.87330326597566,intensity_distance_weighted_mps,5.05050505,0.000505050505050505,5.1832460732984265,41.13636363636364,1,44.02883768998613,16.2,-61.0,NE
storm_cmcc,STORM_CMCC,storm_cmcc|5825|5_5825_11,5825,5_5825_11,1936,rank_1001_2000,0.0,37.85272578201684,intensity_distance_weighted_mps,5.05050505,0.000505050505050505,5.169712793733678,50.68181818181819,3,87.32541260273997,16.9,-61.10000000000002,NE
storm_cmcc,STORM_CMCC,storm_cmcc|1432|1_1432_10,1432,1_1432_10,1937,rank_1001_2000,0.0,37.8390907904362,intensity_distance_weighted_mps,5.05050505,0.000505050505050505,5.156249999999997,38.40909090909091,1,18.410194885213727,16.3,-61.30000000000001,NE
storm_cmcc,STORM_CMCC,storm_cmcc|7042|7_7042_3,7042,7_7042_3,1942,rank_1001_2000,0.0,37.82093282401005,intensity_distance_weighted_mps,5.05050505,0.000505050505050505,5.14285714285714,60.56818181818182,4,116.32942507107016,17.2,-61.19999999999999,NE
storm_cmcc,STORM_CMCC,storm_cmcc|6068|6_6068_7,6068,6_6068_7,1948,rank_1001_2000,0.0,37.76032282744498,intensity_distance_weighted_mps,5.05050505,0.000505050505050505,5.129533678756474,42.38636363636364,2,52.50227707186987,16.6,-61.19999999999999,NE
storm_cmcc,STORM_CMCC,storm_cmcc|5195|5_5195_5,5195,5_5195_5,1950,rank_1001_2000,0.0,37.71624057787412,intensity_distance_weighted_mps,5.05050505,0.000505050505050505,5.1162790697674385,60.227272727272734,4,115.88434343375023,17.2,-61.60000000000002,NW
storm_cmcc,STORM_CMCC,storm_cmcc|3769|3_3769_2,3769,3_3769_2,1954,rank_1001_2000,0.0,37.67044636466884,intensity_distance_weighted_mps,5.05050505,0.000505050505050505,5.103092783505152,68.18181818181819,4,134.99626196441878,15.1,-62.0,SW
storm_cmcc,STORM_CMCC,storm_cmcc|5851|5_5851_12,5851,5_5851_12,1956,rank_1001_2000,0.0,37.66874788180587,intensity_distance_weighted_mps,5.05050505,0.000505050505050505,5.0899742930591225,40.79545454545455,1,43.21596712462556,15.799999999999995,-61.30000000000001,SE
storm_cmcc,STORM_CMCC,storm_cmcc|5551|5_5551_7,5551,5_5551_7,1960,rank_1001_2000,0.0,37.642063045994924,intensity_distance_weighted_mps,5.05050505,0.000505050505050505,5.076923076923074,52.38636363636364,3,93.87860732571261,16.5,-60.60000000000002,NE
storm_cmcc,STORM_CMCC,storm_cmcc|847|0_847_3,847,0_847_3,1966,rank_1001_2000,0.0,37.582735719444415,intensity_distance_weighted_mps,5.05050505,0.000505050505050505,5.063938618925828,39.31818181818182,1,32.233141059404836,16.4,-61.60000000000002,NW
storm_cmcc,STORM_CMCC,storm_cmcc|8447|8_8447_14,8447,8_8447_14,1975,rank_1001_2000,0.0,37.509303913387335,intensity_distance_weighted_mps,5.05050505,0.000505050505050505,5.051020408163262,69.0909090909091,4,137.63815950649192,16.2,-62.69999999999999,NW
storm_cmcc,STORM_CMCC,storm_cmcc|8620|8_8620_10,8620,8_8620_10,1979,rank_1001_2000,0.0,37.49066764060082,intensity_distance_weighted_mps,5.05050505,0.000505050505050505,5.038167938931294,59.31818181818183,4,114.45422033794496,15.6,-62.30000000000001,SW
storm_cmcc,STORM_CMCC,storm_cmcc|8082|8_8082_4,8082,8_8082_4,1985,rank_1001_2000,0.0,37.44668624569744,intensity_distance_weighted_mps,5.05050505,0.000505050505050505,5.025380710659895,56.36363636363637,3,106.61298974719443,15.4,-62.0,SW
storm_cmcc,STORM_CMCC,storm_cmcc|3617|3_3617_6,3617,3_3617_6,1991,rank_1001_2000,0.0,37.411189207018744,intensity_distance_weighted_mps,5.05050505,0.000505050505050505,5.012658227848098,39.31818181818182,1,33.86608604338634,16.3,-61.69999999999999,NW
storm_cmcc,STORM_CMCC,storm_cmcc|4522|4_4522_0,4522,4_4522_0,1994,rank_1001_2000,0.0,37.378870946185934,intensity_distance_weighted_mps,5.05050505,0.000505050505050505,4.9999999999999964,75.3409090909091,5,151.16558536098006,17.5,-61.10000000000002,NE
storm_cmcc,STORM_CMCC,storm_cmcc|5453|5_5453_14,5453,5_5453_14,2006,rank_2001_5000,0.0,37.239240060194604,intensity_distance_weighted_mps,7.35294118,0.0007352941176470588,4.981684981684978,38.40909090909091,1,26.58618983476137,16.3,-61.19999999999999,NE
storm_cmcc,STORM_CMCC,storm_cmcc|1623|1_1623_11,1623,1_1623_11,2008,rank_2001_5000,0.0,37.227451114034906,intensity_distance_weighted_mps,7.35294118,0.0007352941176470588,4.963503649635033,38.18181818181819,1,24.01692105080739,16.1,-61.19999999999999,SE
storm_cmcc,STORM_CMCC,storm_cmcc|2449|2_2449_7,2449,2_2449_7,2018,rank_2001_5000,0.0,37.16899058524858,intensity_distance_weighted_mps,7.35294118,0.0007352941176470588,4.945454545454542,40.68181818181818,1,46.11362818724813,16.3,-61.0,NE
storm_cmcc,STORM_CMCC,storm_cmcc|3568|3_3568_13,3568,3_3568_13,2028,rank_2001_5000,0.0,37.05676593899731,intensity_distance_weighted_mps,7.35294118,0.0007352941176470588,4.927536231884055,45.113636363636374,2,69.94242590213668,16.4,-60.80000000000001,NE
storm_cmcc,STORM_CMCC,storm_cmcc|5315|5_5315_10,5315,5_5315_10,2030,rank_2001_5000,0.0,37.045172481232925,intensity_distance_weighted_mps,7.35294118,0.0007352941176470588,4.9097472924187695,37.727272727272734,1,20.353989753705022,16.2,-61.60000000000002,NW
storm_cmcc,STORM_CMCC,storm_cmcc|3405|3_3405_9,3405,3_3405_9,2035,rank_2001_5000,0.0,37.02766511200292,intensity_distance_weighted_mps,7.35294118,0.0007352941176470588,4.892086330935249,37.5,1,16.94154867690961,16.299999999999997,-61.5,NW
storm_cmcc,STORM_CMCC,storm_cmcc|297|0_297_15,297,0_297_15,2039,rank_2001_5000,0.0,36.98747874117511,intensity_distance_weighted_mps,7.35294118,0.0007352941176470588,4.874551971326162,42.38636363636364,2,57.30808930072128,15.7,-61.19999999999999,SE
storm_cmcc,STORM_CMCC,storm_cmcc|3393|3_3393_3,3393,3_3393_3,2041,rank_2001_5000,0.0,36.9732832527483,intensity_distance_weighted_mps,7.35294118,0.0007352941176470588,4.857142857142854,50.68181818181819,3,91.33616478183365,15.5,-61.89999999999998,SW
storm_cmcc,STORM_CMCC,storm_cmcc|6483|6_6483_14,6483,6_6483_14,2047,rank_2001_5000,0.0,36.95374755238299,intensity_distance_weighted_mps,7.35294118,0.0007352941176470588,4.8398576512455485,67.72727272727273,4,136.8833544640146,17.4,-61.30000000000001,NE
storm_cmcc,STORM_CMCC,storm_cmcc|156|0_156_5,156,0_156_5,2049,rank_2001_5000,0.0,36.91810860422319,intensity_distance_weighted_mps,7.35294118,0.0007352941176470588,4.82269503546099,44.43181818181819,2,67.67039940707922,15.6,-61.19999999999999,SE
storm_cmcc,STORM_CMCC,storm_cmcc|7612|7_7612_13,7612,7_7612_13,2056,rank_2001_5000,0.0,36.852622497584534,intensity_distance_weighted_mps,7.35294118,0.0007352941176470588,4.805653710247347,39.20454545454546,1,37.89383898774167,15.9,-61.19999999999999,SE
storm_cmcc,STORM_CMCC,storm_cmcc|6684|6_6684_5,6684,6_6684_5,2063,rank_2001_5000,0.0,36.824802917330224,intensity_distance_weighted_mps,7.35294118,0.0007352941176470588,4.788732394366194,53.409090909090914,3,100.66290487083856,15.4,-61.89999999999998,SW
storm_cmcc,STORM_CMCC,storm_cmcc|7660|7_7660_11,7660,7_7660_11,2089,rank_2001_5000,0.0,36.62632216263611,intensity_distance_weighted_mps,7.35294118,0.0007352941176470588,4.771929824561401,47.04545454545455,2,80.00375690457842,16.7,-60.89999999999998,NE
storm_cmcc,STORM_CMCC,storm_cmcc|3620|3_3620_9,3620,3_3620_9,2093,rank_2001_5000,0.0,36.61568393417924,intensity_distance_weighted_mps,7.35294118,0.0007352941176470588,4.755244755244752,70.00000000000001,5,143.2283290905617,17.4,-61.0,NE
storm_cmcc,STORM_CMCC,storm_cmcc|1247|1_1247_5,1247,1_1247_5,2094,rank_2001_5000,0.0,36.58679898365327,intensity_distance_weighted_mps,7.35294118,0.0007352941176470588,4.738675958188151,43.86363636363637,2,66.89603642880584,15.6,-61.60000000000002,SW
storm_cmcc,STORM_CMCC,storm_cmcc|6390|6_6390_2,6390,6_6390_2,2096,rank_2001_5000,0.0,36.57884492882712,intensity_distance_weighted_mps,7.35294118,0.0007352941176470588,4.72222222222222,37.045454545454554,1,16.9415486769099,16.3,-61.5,NW
storm_cmcc,STORM_CMCC,storm_cmcc|6311|6_6311_3,6311,6_6311_3,2111,rank_2001_5000,0.0,36.44235394177475,intensity_distance_weighted_mps,7.35294118,0.0007352941176470588,4.705882352941174,37.61363636363637,1,26.89173735432589,16.4,-61.5,NW
storm_cmcc,STORM_CMCC,storm_cmcc|1094|1_1094_19,1094,1_1094_19,2114,rank_2001_5000,0.0,36.421594610948226,intensity_distance_weighted_mps,7.35294118,0.0007352941176470588,4.689655172413791,40.34090909090909,1,49.20586117283322,16.5,-61.10000000000002,NE
storm_cmcc,STORM_CMCC,storm_cmcc|2034|2_2034_3,2034,2_2034_3,2117,rank_2001_5000,0.0,36.4047481985297,intensity_distance_weighted_mps,7.35294118,0.0007352941176470588,4.673539518900341,51.81818181818183,3,97.60272465644468,15.3,-61.5,SW
storm_cmcc,STORM_CMCC,storm_cmcc|6870|6_6870_10,6870,6_6870_10,2123,rank_2001_5000,0.0,36.36806303251887,intensity_distance_weighted_mps,7.35294118,0.0007352941176470588,4.657534246575341,42.727272727272734,2,62.72385563020781,16.7,-61.19999999999999,NE
storm_cmcc,STORM_CMCC,storm_cmcc|4882|4_4882_19,4882,4_4882_19,2124,rank_2001_5000,0.0,36.359894475258606,intensity_distance_weighted_mps,7.35294118,0.0007352941176470588,4.641638225255971,37.38636363636364,1,25.20303862703192,16.4,-61.39999999999998,NE
storm_cmcc,STORM_CMCC,storm_cmcc|5062|5_5062_12,5062,5_5062_12,2127,rank_2001_5000,0.0,36.33214546247825,intensity_distance_weighted_mps,7.35294118,0.0007352941176470588,4.6258503401360525,47.27272727272728,2,82.31252911212373,16.8,-61.0,NE
storm_cmcc,STORM_CMCC,storm_cmcc|9146|9_9146_11,9146,9_9146_11,2131,rank_2001_5000,0.0,36.318836499135145,intensity_distance_weighted_mps,7.35294118,0.0007352941176470588,4.610169491525422,36.477272727272734,1,9.90723678480257,16.2,-61.5,NW
storm_cmcc,STORM_CMCC,storm_cmcc|5330|5_5330_4,5330,5_5330_4,2132,rank_2001_5000,0.0,36.314225976170306,intensity_distance_weighted_mps,7.35294118,0.0007352941176470588,4.594594594594593,54.659090909090914,3,106.61298974719443,15.4,-62.0,SW
storm_cmcc,STORM_CMCC,storm_cmcc|8883|8_8883_2,8883,8_8883_2,2134,rank_2001_5000,0.0,36.30224845599811,intensity_distance_weighted_mps,7.35294118,0.0007352941176470588,4.579124579124577,68.06818181818183,4,140.3153897424923,15.1,-62.10000000000002,SW
storm_cmcc,STORM_CMCC,storm_cmcc|4186|4_4186_7,4186,4_4186_7,2139,rank_2001_5000,0.0,36.282646535471116,intensity_distance_weighted_mps,7.35294118,0.0007352941176470588,4.563758389261743,38.40909090909091,1,36.31355717378208,16.5,-61.39999999999998,NE
storm_cmcc,STORM_CMCC,storm_cmcc|2450|2_2450_0,2450,2_2450_0,2142,rank_2001_5000,0.0,36.26846292292776,intensity_distance_weighted_mps,7.35294118,0.0007352941176470588,4.548494983277591,44.09090909090909,2,69.6623266658628,16.8,-61.39999999999998,NE
storm_cmcc,STORM_CMCC,storm_cmcc|177|0_177_0,177,0_177_0,2148,rank_2001_5000,0.0,36.23578673220908,intensity_distance_weighted_mps,7.35294118,0.0007352941176470588,4.533333333333331,40.00000000000001,1,48.345885834829744,16.6,-61.5,NW
storm_cmcc,STORM_CMCC,storm_cmcc|1145|1_1145_7,1145,1_1145_7,2170,rank_2001_5000,0.0,36.106525536136566,intensity_distance_weighted_mps,7.35294118,0.0007352941176470588,4.518272425249168,36.93181818181819,1,22.677877083396297,16.0,-61.30000000000001,SE
storm_cmcc,STORM_CMCC,storm_cmcc|5035|5_5035_3,5035,5_5035_3,2173,rank_2001_5000,0.0,36.08662252477862,intensity_distance_weighted_mps,7.35294118,0.0007352941176470588,4.503311258278144,45.45454545454546,2,76.42576511175447,16.1,-60.69999999999999,SE
storm_cmcc,STORM_CMCC,storm_cmcc|4379|4_4379_13,4379,4_4379_13,2175,rank_2001_5000,0.0,36.05914197107129,intensity_distance_weighted_mps,7.35294118,0.0007352941176470588,4.488448844884487,43.06818181818182,2,66.13217850501194,16.7,-61.69999999999999,NW
storm_cmcc,STORM_CMCC,storm_cmcc|6102|6_6102_5,6102,6_6102_5,2178,rank_2001_5000,0.0,36.05066744094889,intensity_distance_weighted_mps,7.35294118,0.0007352941176470588,4.473684210526314,40.34090909090909,1,51.745844798255305,15.8,-61.69999999999999,SW
storm_cmcc,STORM_CMCC,storm_cmcc|6058|6_6058_9,6058,6_6058_9,2184,rank_2001_5000,0.0,35.99928667602508,intensity_distance_weighted_mps,7.35294118,0.0007352941176470588,4.459016393442622,47.84090909090909,2,86.02999860517504,15.4,-61.39999999999998,SE
storm_cmcc,STORM_CMCC,storm_cmcc|8999|8_8999_12,8999,8_8999_12,2205,rank_2001_5000,0.0,35.90822191063522,intensity_distance_weighted_mps,7.35294118,0.0007352941176470588,4.444444444444443,56.13636363636364,3,112.5828666539619,15.2,-61.69999999999999,SW
storm_cmcc,STORM_CMCC,storm_cmcc|6925|6_6925_5,6925,6_6925_5,2211,rank_2001_5000,0.0,35.865623501963995,intensity_distance_weighted_mps,7.35294118,0.0007352941176470588,4.429967426710096,37.27272727272727,1,29.710853636194447,16.0,-61.19999999999999,SE
storm_cmcc,STORM_CMCC,storm_cmcc|46|0_46_12,46,0_46_12,2213,rank_2001_5000,0.0,35.84432871374614,intensity_distance_weighted_mps,7.35294118,0.0007352941176470588,4.415584415584415,54.659090909090914,3,108.67518798900369,15.2,-61.5,SW
storm_cmcc,STORM_CMCC,storm_cmcc|5402|5_5402_1,5402,5_5402_1,2223,rank_2001_5000,0.0,35.75491486753216,intensity_distance_weighted_mps,7.35294118,0.0007352941176470588,4.401294498381876,52.84090909090909,3,103.69158487165012,17.1,-61.30000000000001,NE
storm_cmcc,STORM_CMCC,storm_cmcc|138|0_138_9,138,0_138_9,2234,rank_2001_5000,0.0,35.69864237836733,intensity_distance_weighted_mps,7.35294118,0.0007352941176470588,4.387096774193547,53.52272727272728,3,105.99100984184037,16.6,-62.30000000000001,NW
storm_cmcc,STORM_CMCC,storm_cmcc|3338|3_3338_9,3338,3_3338_9,2237,rank_2001_5000,0.0,35.69058008444034,intensity_distance_weighted_mps,7.35294118,0.0007352941176470588,4.372990353697748,43.977272727272734,2,72.2778243346889,16.6,-60.89999999999998,NE
storm_cmcc,STORM_CMCC,storm_cmcc|975|0_975_3,975,0_975_3,2256,rank_2001_5000,0.0,35.57943860064563,intensity_distance_weighted_mps,7.35294118,0.0007352941176470588,4.358974358974358,37.045454545454554,1,30.448160511479074,15.9,-61.39999999999998,SE
storm_cmcc,STORM_CMCC,storm_cmcc|8306|8_8306_3,8306,8_8306_3,2258,rank_2001_5000,0.0,35.572445981112914,intensity_distance_weighted_mps,7.35294118,0.0007352941176470588,4.345047923322683,66.5909090909091,4,140.069807781637,16.2,-60.10000000000002,NE
storm_cmcc,STORM_CMCC,storm_cmcc|2612|2_2612_7,2612,2_2612_7,2267,rank_2001_5000,0.0,35.450269811798734,intensity_distance_weighted_mps,7.35294118,0.0007352941176470588,4.331210191082802,64.43181818181819,4,135.62578933872342,17.3,-61.89999999999998,NW
storm_cmcc,STORM_CMCC,storm_cmcc|2815|2_2815_6,2815,2_2815_6,2269,rank_2001_5000,0.0,35.43200077438659,intensity_distance_weighted_mps,7.35294118,0.0007352941176470588,4.317460317460316,60.56818181818182,4,126.34063882921832,16.9,-60.5,NE
storm_cmcc,STORM_CMCC,storm_cmcc|8302|8_8302_5,8302,8_8302_5,2271,rank_2001_5000,0.0,35.41613063054607,intensity_distance_weighted_mps,7.35294118,0.0007352941176470588,4.303797468354429,49.31818181818182,3,93.97885409306996,15.8,-62.19999999999999,SW
storm_cmcc,STORM_CMCC,storm_cmcc|4927|4_4927_6,4927,4_4927_6,2279,rank_2001_5000,0.0,35.36526247150784,intensity_distance_weighted_mps,7.35294118,0.0007352941176470588,4.2902208201892735,52.84090909090909,3,105.44341021737615,17.1,-61.19999999999999,NE
storm_cmcc,STORM_CMCC,storm_cmcc|2549|2_2549_5,2549,2_2549_5,2286,rank_2001_5000,0.0,35.325347503395435,intensity_distance_weighted_mps,7.35294118,0.0007352941176470588,4.276729559748427,44.77272727272727,2,77.57177417474774,15.5,-61.60000000000002,SW
storm_cmcc,STORM_CMCC,storm_cmcc|3273|3_3273_2,3273,3_3273_2,2291,rank_2001_5000,0.0,35.29218243103402,intensity_distance_weighted_mps,7.35294118,0.0007352941176470588,4.263322884012538,65.11363636363636,4,137.88480461358907,16.1,-62.69999999999999,SW
storm_cmcc,STORM_CMCC,storm_cmcc|4844|4_4844_11,4844,4_4844_11,2301,rank_2001_5000,0.0,35.226220937680125,intensity_distance_weighted_mps,7.35294118,0.0007352941176470588,4.25,38.40909090909091,1,45.08869650168093,15.9,-61.10000000000002,SE
storm_cmcc,STORM_CMCC,storm_cmcc|1780|1_1780_0,1780,1_1780_0,2306,rank_2001_5000,0.0,35.19580050656562,intensity_distance_weighted_mps,7.35294118,0.0007352941176470588,4.2367601246105915,49.43181818181819,3,95.39818116022317,16.8,-60.80000000000001,NE
storm_cmcc,STORM_CMCC,storm_cmcc|4277|4_4277_6,4277,4_4277_6,2318,rank_2001_5000,0.0,35.09523422631404,intensity_distance_weighted_mps,7.35294118,0.0007352941176470588,4.22360248447205,39.09090909090909,1,50.61302064107246,16.4,-61.0,NE
storm_cmcc,STORM_CMCC,storm_cmcc|9840|9_9840_3,9840,9_9840_3,2323,rank_2001_5000,0.0,35.07858195514851,intensity_distance_weighted_mps,7.35294118,0.0007352941176470588,4.2105263157894735,61.25000000000001,4,129.56385816242735,17.3,-61.10000000000002,NE
storm_cmcc,STORM_CMCC,storm_cmcc|7953|7_7953_0,7953,7_7953_0,2328,rank_2001_5000,0.0,35.04849887873438,intensity_distance_weighted_mps,7.35294118,0.0007352941176470588,4.197530864197531,38.06818181818182,1,44.02883768998613,16.2,-61.0,NE
storm_cmcc,STORM_CMCC,storm_cmcc|7511|7_7511_2,7511,7_7511_2,2329,rank_2001_5000,0.0,35.0455707437896,intensity_distance_weighted_mps,7.35294118,0.0007352941176470588,4.184615384615385,52.04545454545455,3,104.47146068282125,16.7,-60.60000000000002,NE
storm_cmcc,STORM_CMCC,storm_cmcc|6300|6_6300_5,6300,6_6300_5,2334,rank_2001_5000,0.0,35.007828507023696,intensity_distance_weighted_mps,7.35294118,0.0007352941176470588,4.171779141104294,41.477272727272734,1,64.48254338211376,15.6,-61.5,SW
storm_cmcc,STORM_CMCC,storm_cmcc|933|0_933_11,933,0_933_11,2342,rank_2001_5000,0.0,34.98641651160772,intensity_distance_weighted_mps,7.35294118,0.0007352941176470588,4.159021406727828,35.56818181818182,1,19.342626122509245,16.0,-61.39999999999998,SE
storm_cmcc,STORM_CMCC,storm_cmcc|8803|8_8803_14,8803,8_8803_14,2351,rank_2001_5000,0.0,34.9106185101301,intensity_distance_weighted_mps,7.35294118,0.0007352941176470588,4.146341463414634,36.93181818181819,1,36.092510952515966,16.3,-61.10000000000002,NE
storm_cmcc,STORM_CMCC,storm_cmcc|7642|7_7642_4,7642,7_7642_4,2361,rank_2001_5000,0.0,34.841770525048666,intensity_distance_weighted_mps,7.35294118,0.0007352941176470588,4.133738601823708,37.61363636363637,1,42.30846355441705,16.1,-61.80000000000001,SW
storm_cmcc,STORM_CMCC,storm_cmcc|251|0_251_4,251,0_251_4,2366,rank_2001_5000,0.0,34.7930035179668,intensity_distance_weighted_mps,7.35294118,0.0007352941176470588,4.121212121212121,48.06818181818182,2,92.65427880608104,17.0,-61.30000000000001,NE
storm_cmcc,STORM_CMCC,storm_cmcc|4247|4_4247_11,4247,4_4247_11,2368,rank_2001_5000,0.0,34.78964348426979,intensity_distance_weighted_mps,7.35294118,0.0007352941176470588,4.108761329305136,57.045454545454554,3,119.97423318489766,15.1,-61.30000000000001,SE
storm_cmcc,STORM_CMCC,storm_cmcc|3369|3_3369_7,3369,3_3369_7,2390,rank_2001_5000,0.0,34.56357960164121,intensity_distance_weighted_mps,7.35294118,0.0007352941176470588,4.096385542168675,44.88636363636364,2,81.97479187396854,15.5,-61.10000000000002,SE
storm_cmcc,STORM_CMCC,storm_cmcc|8857|8_8857_1,8857,8_8857_1,2406,rank_2001_5000,0.0,34.49361544850861,intensity_distance_weighted_mps,7.35294118,0.0007352941176470588,4.084084084084084,35.68181818181818,1,27.839868137921705,16.4,-61.30000000000001,NE
storm_cmcc,STORM_CMCC,storm_cmcc|2398|2_2398_6,2398,2_2398_6,2421,rank_2001_5000,0.0,34.365192414051215,intensity_distance_weighted_mps,7.35294118,0.0007352941176470588,4.07185628742515,40.79545454545455,1,64.8852836935117,15.6,-61.30000000000001,SE
storm_cmcc,STORM_CMCC,storm_cmcc|9826|9_9826_7,9826,9_9826_7,2427,rank_2001_5000,0.0,34.319806905095255,intensity_distance_weighted_mps,7.35294118,0.0007352941176470588,4.059701492537314,69.0909090909091,4,150.98300674564905,14.9,-61.89999999999998,SW
storm_cmcc,STORM_CMCC,storm_cmcc|7199|7_7199_7,7199,7_7199_7,2429,rank_2001_5000,0.0,34.29933550677508,intensity_distance_weighted_mps,7.35294118,0.0007352941176470588,4.047619047619048,43.06818181818182,2,75.84372154437999,15.5,-61.30000000000001,SE
storm_cmcc,STORM_CMCC,storm_cmcc|9008|9_9008_6,9008,9_9008_6,2430,rank_2001_5000,0.0,34.298698435124585,intensity_distance_weighted_mps,7.35294118,0.0007352941176470588,4.035608308605341,36.93181818181819,1,41.56116800704096,15.8,-61.39999999999998,SE
storm_cmcc,STORM_CMCC,storm_cmcc|4882|4_4882_15,4882,4_4882_15,2441,rank_2001_5000,0.0,34.25562636065815,intensity_distance_weighted_mps,7.35294118,0.0007352941176470588,4.023668639053255,34.88636363636364,1,20.353989753705022,16.2,-61.60000000000002,NW
storm_cmcc,STORM_CMCC,storm_cmcc|5225|5_5225_10,5225,5_5225_10,2442,rank_2001_5000,0.0,34.25012527927924,intensity_distance_weighted_mps,7.35294118,0.0007352941176470588,4.011799410029499,39.09090909090909,1,56.39206792215229,15.7,-61.60000000000002,SW
storm_cmcc,STORM_CMCC,storm_cmcc|1849|1_1849_1,1849,1_1849_1,2462,rank_2001_5000,0.0,34.133874635357095,intensity_distance_weighted_mps,7.35294118,0.0007352941176470588,4.000000000000001,39.54545454545455,1,59.7255973981814,16.7,-61.30000000000001,NE
storm_cmcc,STORM_CMCC,storm_cmcc|9291|9_9291_3,9291,9_9291_3,2464,rank_2001_5000,0.0,34.12119509903896,intensity_distance_weighted_mps,7.35294118,0.0007352941176470588,3.9882697947214076,38.18181818181819,1,51.745844798255305,15.8,-61.69999999999999,SW
storm_cmcc,STORM_CMCC,storm_cmcc|3554|3_3554_2,3554,3_3554_2,2471,rank_2001_5000,0.0,34.07707667281134,intensity_distance_weighted_mps,7.35294118,0.0007352941176470588,3.976608187134503,60.227272727272734,4,131.4006664608389,17.2,-60.80000000000001,NE
storm_cmcc,STORM_CMCC,storm_cmcc|3411|3_3411_10,3411,3_3411_10,2472,rank_2001_5000,0.0,34.075023929037464,intensity_distance_weighted_mps,7.35294118,0.0007352941176470588,3.9650145772594754,37.95454545454545,1,50.61302064107246,16.4,-61.0,NE
storm_cmcc,STORM_CMCC,storm_cmcc|2025|2_2025_8,2025,2_2025_8,2475,rank_2001_5000,0.0,34.06907996267012,intensity_distance_weighted_mps,7.35294118,0.0007352941176470588,3.9534883720930236,36.81818181818182,1,42.609503309266124,15.8,-61.5,SW
storm_cmcc,STORM_CMCC,storm_cmcc|6797|6_6797_1,6797,6_6797_1,2484,rank_2001_5000,0.0,34.04686283700149,intensity_distance_weighted_mps,7.35294118,0.0007352941176470588,3.9420289855072466,70.79545454545455,5,155.8378897948262,14.8,-61.69999999999999,SW
storm_cmcc,STORM_CMCC,storm_cmcc|9343|9_9343_9,9343,9_9343_9,2485,rank_2001_5000,0.0,34.03828890431401,intensity_distance_weighted_mps,7.35294118,0.0007352941176470588,3.9306358381502893,57.84090909090909,4,125.43530275156685,17.2,-61.89999999999998,NW
storm_cmcc,STORM_CMCC,storm_cmcc|1219|1_1219_3,1219,1_1219_3,2486,rank_2001_5000,0.0,34.03599323918562,intensity_distance_weighted_mps,7.35294118,0.0007352941176470588,3.9193083573487035,58.18181818181819,4,126.34063882921832,16.9,-60.5,NE
storm_cmcc,STORM_CMCC,storm_cmcc|6851|6_6851_15,6851,6_6851_15,2488,rank_2001_5000,0.0,34.028399265515816,intensity_distance_weighted_mps,7.35294118,0.0007352941176470588,3.9080459770114944,36.02272727272727,1,36.31355717378208,16.5,-61.39999999999998,NE
storm_cmcc,STORM_CMCC,storm_cmcc|8045|8_8045_4,8045,8_8045_4,2496,rank_2001_5000,0.0,33.991755374658695,intensity_distance_weighted_mps,7.35294118,0.0007352941176470588,3.896848137535817,37.159090909090914,1,45.78798156767018,16.0,-61.80000000000001,SW
storm_cmcc,STORM_CMCC,storm_cmcc|589|0_589_10,589,0_589_10,2503,rank_2001_5000,0.0,33.94235567943262,intensity_distance_weighted_mps,7.35294118,0.0007352941176470588,3.885714285714286,37.159090909090914,1,46.17723522024824,15.8,-61.60000000000002,SW
storm_cmcc,STORM_CMCC,storm_cmcc|9394|9_9394_2,9394,9_9394_2,2519,rank_2001_5000,0.0,33.86136105895332,intensity_distance_weighted_mps,7.35294118,0.0007352941176470588,3.874643874643875,73.97727272727273,5,163.26661436021243,16.4,-59.89999999999998,NE
storm_cmcc,STORM_CMCC,storm_cmcc|1789|1_1789_7,1789,1_1789_7,2520,rank_2001_5000,0.0,33.85082410475837,intensity_distance_weighted_mps,7.35294118,0.0007352941176470588,3.863636363636364,51.02272727272727,3,106.83556507077509,17.0,-60.89999999999998,NE
storm_cmcc,STORM_CMCC,storm_cmcc|9209|9_9209_12,9209,9_9209_12,2524,rank_2001_5000,0.0,33.83303001100085,intensity_distance_weighted_mps,7.35294118,0.0007352941176470588,3.852691218130312,45.909090909090914,2,89.61556748781072,15.6,-62.0,SW
storm_cmcc,STORM_CMCC,storm_cmcc|2600|2_2600_6,2600,2_2600_6,2538,rank_2001_5000,0.0,33.76184428363587,intensity_distance_weighted_mps,7.35294118,0.0007352941176470588,3.8418079096045203,59.31818181818183,4,130.50510052731786,15.0,-61.39999999999998,SE
storm_cmcc,STORM_CMCC,storm_cmcc|2207|2_2207_14,2207,2_2207_14,2549,rank_2001_5000,0.0,33.66506248209676,intensity_distance_weighted_mps,7.35294118,0.0007352941176470588,3.8309859154929584,39.88636363636364,1,64.48254338211376,15.6,-61.5,SW
storm_cmcc,STORM_CMCC,storm_cmcc|9284|9_9284_10,9284,9_9284_10,2552,rank_2001_5000,0.0,33.652190282400085,intensity_distance_weighted_mps,7.35294118,0.0007352941176470588,3.820224719101124,42.04545454545455,1,74.91176673256169,15.5,-61.39999999999998,SE
storm_cmcc,STORM_CMCC,storm_cmcc|3895|3_3895_8,3895,3_3895_8,2556,rank_2001_5000,0.0,33.62487658823219,intensity_distance_weighted_mps,7.35294118,0.0007352941176470588,3.80952380952381,44.20454545454546,2,84.13892268049389,16.5,-60.69999999999999,NE
storm_cmcc,STORM_CMCC,storm_cmcc|3216|3_3216_4,3216,3_3216_4,2558,rank_2001_5000,0.0,33.61788810322343,intensity_distance_weighted_mps,7.35294118,0.0007352941176470588,3.7988826815642467,67.15909090909092,4,149.8288208679766,17.2,-60.5,NE
storm_cmcc,STORM_CMCC,storm_cmcc|2224|2_2224_9,2224,2_2224_9,2562,rank_2001_5000,0.0,33.599018833143376,intensity_distance_weighted_mps,7.35294118,0.0007352941176470588,3.7883008356545966,35.56818181818182,1,36.31355717378208,16.5,-61.39999999999998,NE
storm_cmcc,STORM_CMCC,storm_cmcc|258|0_258_10,258,0_258_10,2565,rank_2001_5000,0.0,33.58139739477709,intensity_distance_weighted_mps,7.35294118,0.0007352941176470588,3.7777777777777786,61.5909090909091,4,136.99182324658145,17.2,-60.69999999999999,NE
storm_cmcc,STORM_CMCC,storm_cmcc|6520|6_6520_6,6520,6_6520_6,2568,rank_2001_5000,0.0,33.55995723806036,intensity_distance_weighted_mps,7.35294118,0.0007352941176470588,3.7673130193905826,36.13636363636364,1,41.56116800704096,15.8,-61.39999999999998,SE
storm_cmcc,STORM_CMCC,storm_cmcc|2367|2_2367_6,2367,2_2367_6,2577,rank_2001_5000,0.0,33.53218265550734,intensity_distance_weighted_mps,7.35294118,0.0007352941176470588,3.756906077348067,42.5,2,77.57177417474774,15.5,-61.60000000000002,SW
storm_cmcc,STORM_CMCC,storm_cmcc|2828|2_2828_13,2828,2_2828_13,2578,rank_2001_5000,0.0,33.53108565566631,intensity_distance_weighted_mps,7.35294118,0.0007352941176470588,3.746556473829202,39.43181818181819,1,62.924593120069,16.2,-62.0,NW
storm_cmcc,STORM_CMCC,storm_cmcc|9975|9_9975_11,9975,9_9975_11,2583,rank_2001_5000,0.0,33.49026667833022,intensity_distance_weighted_mps,7.35294118,0.0007352941176470588,3.736263736263737,33.63636363636364,1,9.90723678480257,16.2,-61.5,NW
storm_cmcc,STORM_CMCC,storm_cmcc|8170|8_8170_5,8170,8_8170_5,2585,rank_2001_5000,0.0,33.48030704750564,intensity_distance_weighted_mps,7.35294118,0.0007352941176470588,3.726027397260275,40.909090909090914,1,70.65703423409055,16.8,-61.30000000000001,NE
storm_cmcc,STORM_CMCC,storm_cmcc|8832|8_8832_2,8832,8_8832_2,2586,rank_2001_5000,0.0,33.48027293887039,intensity_distance_weighted_mps,7.35294118,0.0007352941176470588,3.71584699453552,51.59090909090909,3,110.32237862032298,15.3,-61.89999999999998,SW
storm_cmcc,STORM_CMCC,storm_cmcc|4032|4_4032_14,4032,4_4032_14,2588,rank_2001_5000,0.0,33.46344501112556,intensity_distance_weighted_mps,7.35294118,0.0007352941176470588,3.7057220708446876,47.5,2,97.14852257949124,15.3,-61.39999999999998,SE
storm_cmcc,STORM_CMCC,storm_cmcc|6396|6_6396_0,6396,6_6396_0,2609,rank_2001_5000,0.0,33.363547789239206,intensity_distance_weighted_mps,7.35294118,0.0007352941176470588,3.6956521739130443,50.68181818181819,3,108.07056052896323,15.4,-60.80000000000001,SE
storm_cmcc,STORM_CMCC,storm_cmcc|2930|2_2930_3,2930,2_2930_3,2612,rank_2001_5000,0.0,33.338486253185316,intensity_distance_weighted_mps,7.35294118,0.0007352941176470588,3.6856368563685646,38.75000000000001,1,60.433493967926765,15.9,-61.89999999999998,SW
storm_cmcc,STORM_CMCC,storm_cmcc|6495|6_6495_2,6495,6_6495_2,2617,rank_2001_5000,0.0,33.30057701665978,intensity_distance_weighted_mps,7.35294118,0.0007352941176470588,3.6756756756756768,33.52272727272727,1,12.251486582519494,16.2,-61.30000000000001,NE
storm_cmcc,STORM_CMCC,storm_cmcc|9800|9_9800_13,9800,9_9800_13,2618,rank_2001_5000,0.0,33.29430534168616,intensity_distance_weighted_mps,7.35294118,0.0007352941176470588,3.665768194070082,40.68181818181818,1,70.65703423409055,16.8,-61.30000000000001,NE
storm_cmcc,STORM_CMCC,storm_cmcc|867|0_867_9,867,0_867_9,2619,rank_2001_5000,0.0,33.293539053263544,intensity_distance_weighted_mps,7.35294118,0.0007352941176470588,3.655913978494625,61.5909090909091,4,138.28794241921776,16.3,-62.69999999999999,NW
storm_cmcc,STORM_CMCC,storm_cmcc|3897|3_3897_6,3897,3_3897_6,2631,rank_2001_5000,0.0,33.23363013196921,intensity_distance_weighted_mps,7.35294118,0.0007352941176470588,3.646112600536194,54.88636363636364,3,121.0761864163959,15.1,-61.60000000000002,SW
storm_cmcc,STORM_CMCC,storm_cmcc|2068|2_2068_3,2068,2_2068_3,2634,rank_2001_5000,0.0,33.20950111248936,intensity_distance_weighted_mps,7.35294118,0.0007352941176470588,3.6363636363636376,44.88636363636364,2,88.945333302168,15.4,-61.19999999999999,SE
storm_cmcc,STORM_CMCC,storm_cmcc|2412|2_2412_9,2412,2_2412_9,2638,rank_2001_5000,0.0,33.187693704738905,intensity_distance_weighted_mps,7.35294118,0.0007352941176470588,3.626666666666668,33.409090909090914,1,12.251486582519494,16.2,-61.30000000000001,NE
storm_cmcc,STORM_CMCC,storm_cmcc|5792|5_5792_7,5792,5_5792_7,2639,rank_2001_5000,0.0,33.18529256055435,intensity_distance_weighted_mps,7.35294118,0.0007352941176470588,3.617021276595746,51.13636363636364,3,110.32237862032298,15.3,-61.89999999999998,SW
storm_cmcc,STORM_CMCC,storm_cmcc|7875|7_7875_16,7875,7_7875_16,2640,rank_2001_5000,0.0,33.183594872107165,intensity_distance_weighted_mps,7.35294118,0.0007352941176470588,3.607427055702919,63.409090909090914,4,143.1582105685541,17.2,-60.60000000000002,NE
storm_cmcc,STORM_CMCC,storm_cmcc|7966|7_7966_7,7966,7_7966_7,2641,rank_2001_5000,0.0,33.18065604980051,intensity_distance_weighted_mps,7.35294118,0.0007352941176470588,3.597883597883599,37.27272727272727,1,52.67691912066638,15.7,-61.39999999999998,SE
storm_cmcc,STORM_CMCC,storm_cmcc|9321|9_9321_2,9321,9_9321_2,2647,rank_2001_5000,0.0,33.15122702306769,intensity_distance_weighted_mps,7.35294118,0.0007352941176470588,3.5883905013192625,64.31818181818183,4,145.4415990825848,15.3,-60.39999999999998,SE
storm_cmcc,STORM_CMCC,storm_cmcc|7906|7_7906_5,7906,7_7906_5,2649,rank_2001_5000,0.0,33.13396820261078,intensity_distance_weighted_mps,7.35294118,0.0007352941176470588,3.578947368421054,34.54545454545455,1,30.959424117241788,16.2,-61.69999999999999,NW
storm_cmcc,STORM_CMCC,storm_cmcc|7462|7_7462_8,7462,7_7462_8,2664,rank_2001_5000,0.0,33.05620247443873,intensity_distance_weighted_mps,7.35294118,0.0007352941176470588,3.5695538057742797,36.13636363636364,1,45.78798156767018,16.0,-61.80000000000001,SW
storm_cmcc,STORM_CMCC,storm_cmcc|2433|2_2433_4,2433,2_2433_4,2667,rank_2001_5000,0.0,33.05016170580572,intensity_distance_weighted_mps,7.35294118,0.0007352941176470588,3.560209424083771,38.52272727272727,1,61.03795173642381,15.7,-61.69999999999999,SW
storm_cmcc,STORM_CMCC,storm_cmcc|5434|5_5434_0,5434,5_5434_0,2673,rank_2001_5000,0.0,32.994233201140915,intensity_distance_weighted_mps,7.35294118,0.0007352941176470588,3.5509138381201057,41.81818181818182,1,77.57177417474774,15.5,-61.60000000000002,SW
storm_cmcc,STORM_CMCC,storm_cmcc|4791|4_4791_0,4791,4_4791_0,2678,rank_2001_5000,0.0,32.95578914953904,intensity_distance_weighted_mps,7.35294118,0.0007352941176470588,3.5416666666666683,37.61363636363637,1,56.39206792215229,15.7,-61.60000000000002,SW
storm_cmcc,STORM_CMCC,storm_cmcc|8716|8_8716_0,8716,8_8716_0,2687,rank_2001_5000,0.0,32.91530903070867,intensity_distance_weighted_mps,7.35294118,0.0007352941176470588,3.532467532467534,34.54545454545455,1,33.381471519362705,16.2,-61.10000000000002,NE
storm_cmcc,STORM_CMCC,storm_cmcc|4148|4_4148_16,4148,4_4148_16,2694,rank_2001_5000,0.0,32.87607841762682,intensity_distance_weighted_mps,7.35294118,0.0007352941176470588,3.523316062176167,33.29545454545455,1,16.9415486769099,16.3,-61.5,NW
storm_cmcc,STORM_CMCC,storm_cmcc|5050|5_5050_1,5050,5_5050_1,2697,rank_2001_5000,0.0,32.86969004338403,intensity_distance_weighted_mps,7.35294118,0.0007352941176470588,3.514211886304911,34.77272727272728,1,36.092510952515966,16.3,-61.10000000000002,NE
storm_cmcc,STORM_CMCC,storm_cmcc|7381|7_7381_0,7381,7_7381_0,2712,rank_2001_5000,0.0,32.80872860900908,intensity_distance_weighted_mps,7.35294118,0.0007352941176470588,3.5051546391752595,49.0909090909091,3,105.67027574681693,15.3,-61.80000000000001,SW
storm_cmcc,STORM_CMCC,storm_cmcc|6289|6_6289_14,6289,6_6289_14,2718,rank_2001_5000,0.0,32.77488018351029,intensity_distance_weighted_mps,7.35294118,0.0007352941176470588,3.4961439588688963,72.38636363636364,5,164.90402505630166,14.9,-62.19999999999999,SW
storm_cmcc,STORM_CMCC,storm_cmcc|403|0_403_7,403,0_403_7,2734,rank_2001_5000,0.0,32.685735355421464,intensity_distance_weighted_mps,7.35294118,0.0007352941176470588,3.4871794871794886,61.81818181818182,4,141.61217970661554,15.1,-60.69999999999999,SE
storm_cmcc,STORM_CMCC,storm_cmcc|9026|9_9026_2,9026,9_9026_2,2745,rank_2001_5000,0.0,32.627021624812556,intensity_distance_weighted_mps,7.35294118,0.0007352941176470588,3.478260869565219,38.18181818181819,1,61.892300075508196,16.700000000000003,-61.60000000000002,NW
storm_cmcc,STORM_CMCC,storm_cmcc|4594|4_4594_3,4594,4_4594_3,2749,rank_2001_5000,0.0,32.590486902116155,intensity_distance_weighted_mps,7.35294118,0.0007352941176470588,3.4693877551020424,34.20454545454546,1,33.381471519362705,16.2,-61.10000000000002,NE
storm_cmcc,STORM_CMCC,storm_cmcc|3268|3_3268_1,3268,3_3268_1,2751,rank_2001_5000,0.0,32.586708004367225,intensity_distance_weighted_mps,7.35294118,0.0007352941176470588,3.4605597964376607,65.68181818181819,4,151.16558536098006,17.5,-61.10000000000002,NE
storm_cmcc,STORM_CMCC,storm_cmcc|1781|1_1781_0,1781,1_1781_0,2755,rank_2001_5000,0.0,32.568140260704276,intensity_distance_weighted_mps,7.35294118,0.0007352941176470588,3.4517766497461944,57.159090909090914,3,130.34141705957057,15.1,-61.89999999999998,SW
storm_cmcc,STORM_CMCC,storm_cmcc|1145|1_1145_1,1145,1_1145_1,2760,rank_2001_5000,0.0,32.557598559773695,intensity_distance_weighted_mps,7.35294118,0.0007352941176470588,3.443037974683546,53.18181818181818,3,119.38612038757906,15.1,-61.39999999999998,SE
storm_cmcc,STORM_CMCC,storm_cmcc|4153|4_4153_7,4153,4_4153_7,2785,rank_2001_5000,0.0,32.39491502622626,intensity_distance_weighted_mps,7.35294118,0.0007352941176470588,3.434343434343436,36.36363636363637,1,52.50227707186987,16.6,-61.19999999999999,NE
storm_cmcc,STORM_CMCC,storm_cmcc|6246|6_6246_1,6246,6_6246_1,2797,rank_2001_5000,0.0,32.3033003178115,intensity_distance_weighted_mps,7.35294118,0.0007352941176470588,3.4256926952141074,71.47727272727273,5,165.1834825697088,17.3,-60.39999999999998,NE
storm_cmcc,STORM_CMCC,storm_cmcc|950|0_950_14,950,0_950_14,2809,rank_2001_5000,0.0,32.19716135770106,intensity_distance_weighted_mps,7.35294118,0.0007352941176470588,3.4170854271356803,38.63636363636364,1,67.08084135222408,15.7,-61.80000000000001,SW
storm_cmcc,STORM_CMCC,storm_cmcc|7433|7_7433_5,7433,7_7433_5,2813,rank_2001_5000,0.0,32.1860786808002,intensity_distance_weighted_mps,7.35294118,0.0007352941176470588,3.408521303258147,39.659090909090914,1,72.2778243346889,16.6,-60.89999999999998,NE
storm_cmcc,STORM_CMCC,storm_cmcc|8375|8_8375_10,8375,8_8375_10,2819,rank_2001_5000,0.0,32.17144189175986,intensity_distance_weighted_mps,7.35294118,0.0007352941176470588,3.4000000000000017,42.38636363636364,2,84.52273041422534,15.8,-62.10000000000002,SW
storm_cmcc,STORM_CMCC,storm_cmcc|3398|3_3398_9,3398,3_3398_9,2834,rank_2001_5000,0.0,32.09443305793706,intensity_distance_weighted_mps,7.35294118,0.0007352941176470588,3.3915211970074832,32.95454545454546,1,24.555795528057462,16.3,-61.60000000000002,NW
storm_cmcc,STORM_CMCC,storm_cmcc|3259|3_3259_10,3259,3_3259_10,2862,rank_2001_5000,0.0,31.880244477281625,intensity_distance_weighted_mps,7.35294118,0.0007352941176470588,3.38308457711443,37.159090909090914,1,61.03795173642381,15.7,-61.69999999999999,SW
storm_cmcc,STORM_CMCC,storm_cmcc|3561|3_3561_11,3561,3_3561_11,2865,rank_2001_5000,0.0,31.872711231324416,intensity_distance_weighted_mps,7.35294118,0.0007352941176470588,3.3746898263027316,38.18181818181819,1,66.7368493607135,15.8,-61.89999999999998,SW
storm_cmcc,STORM_CMCC,storm_cmcc|5494|5_5494_4,5494,5_5494_4,2868,rank_2001_5000,0.0,31.83822126237903,intensity_distance_weighted_mps,7.35294118,0.0007352941176470588,3.3663366336633684,72.72727272727273,5,169.9888276628149,17.7,-61.5,NW
storm_cmcc,STORM_CMCC,storm_cmcc|2344|2_2344_9,2344,2_2344_9,2872,rank_2001_5000,0.0,31.82867605001365,intensity_distance_weighted_mps,7.35294118,0.0007352941176470588,3.3580246913580267,40.34090909090909,1,77.57177417474774,15.5,-61.60000000000002,SW
storm_cmcc,STORM_CMCC,storm_cmcc|652|0_652_10,652,0_652_10,2877,rank_2001_5000,0.0,31.810074896168302,intensity_distance_weighted_mps,7.35294118,0.0007352941176470588,3.349753694581283,43.75000000000001,2,91.89877334811455,17.0,-61.39999999999998,NE
storm_cmcc,STORM_CMCC,storm_cmcc|5207|5_5207_3,5207,5_5207_3,2878,rank_2001_5000,0.0,31.809327959910572,intensity_distance_weighted_mps,7.35294118,0.0007352941176470588,3.3415233415233434,62.613636363636374,4,147.61134707168293,14.9,-61.80000000000001,SW
storm_cmcc,STORM_CMCC,storm_cmcc|4225|4_4225_9,4225,4_4225_9,2881,rank_2001_5000,0.0,31.79427950446955,intensity_distance_weighted_mps,7.35294118,0.0007352941176470588,3.3333333333333353,33.409090909090914,1,33.80474537884485,16.4,-61.19999999999999,NE
storm_cmcc,STORM_CMCC,storm_cmcc|2705|2_2705_0,2705,2_2705_0,2885,rank_2001_5000,0.0,31.769559319564042,intensity_distance_weighted_mps,7.35294118,0.0007352941176470588,3.3251833740831316,44.65909090909091,2,95.54417864202313,15.4,-61.80000000000001,SW
storm_cmcc,STORM_CMCC,storm_cmcc|6952|6_6952_0,6952,6_6952_0,2886,rank_2001_5000,0.0,31.761017337471152,intensity_distance_weighted_mps,7.35294118,0.0007352941176470588,3.3170731707317094,36.25,1,56.39206792215229,15.7,-61.60000000000002,SW
storm_cmcc,STORM_CMCC,storm_cmcc|2100|2_2100_4,2100,2_2100_4,2898,rank_2001_5000,0.0,31.720210649767456,intensity_distance_weighted_mps,7.35294118,0.0007352941176470588,3.3090024330900265,31.931818181818187,0,12.251486582519494,16.2,-61.30000000000001,NE
storm_cmcc,STORM_CMCC,storm_cmcc|3684|3_3684_10,3684,3_3684_10,2901,rank_2001_5000,0.0,31.694377388046984,intensity_distance_weighted_mps,7.35294118,0.0007352941176470588,3.30097087378641,55.3409090909091,3,129.56385816242735,17.3,-61.10000000000002,NE
storm_cmcc,STORM_CMCC,storm_cmcc|672|0_672_2,672,0_672_2,2909,rank_2001_5000,0.0,31.657294659992566,intensity_distance_weighted_mps,7.35294118,0.0007352941176470588,3.2929782082324475,32.38636363636364,0,22.763480668387448,16.2,-61.19999999999999,NE
storm_cmcc,STORM_CMCC,storm_cmcc|2581|2_2581_2,2581,2_2581_2,2911,rank_2001_5000,0.0,31.63566454017788,intensity_distance_weighted_mps,7.35294118,0.0007352941176470588,3.285024154589374,70.00000000000001,5,165.1834825697088,17.3,-60.39999999999998,NE
storm_cmcc,STORM_CMCC,storm_cmcc|242|0_242_5,242,0_242_5,2912,rank_2001_5000,0.0,31.632111721249277,intensity_distance_weighted_mps,7.35294118,0.0007352941176470588,3.277108433734942,64.43181818181819,4,152.74329134733412,14.8,-61.39999999999998,SE
storm_cmcc,STORM_CMCC,storm_cmcc|5519|5_5519_1,5519,5_5519_1,2921,rank_2001_5000,0.0,31.598905700521737,intensity_distance_weighted_mps,7.35294118,0.0007352941176470588,3.2692307692307714,58.06818181818183,4,137.28600579101433,15.2,-62.19999999999999,SW
storm_cmcc,STORM_CMCC,storm_cmcc|6783|6_6783_6,6783,6_6783_6,2926,rank_2001_5000,0.0,31.565474771666732,intensity_distance_weighted_mps,7.35294118,0.0007352941176470588,3.26139088729017,69.54545454545456,4,164.536577995205,17.6,-61.0,NE
storm_cmcc,STORM_CMCC,storm_cmcc|431|0_431_15,431,0_431_15,2928,rank_2001_5000,0.0,31.55445807153744,intensity_distance_weighted_mps,7.35294118,0.0007352941176470588,3.253588516746414,44.43181818181819,2,95.82400458222082,16.7,-60.69999999999999,NE
storm_cmcc,STORM_CMCC,storm_cmcc|5180|5_5180_8,5180,5_5180_8,2929,rank_2001_5000,0.0,31.55034145982659,intensity_distance_weighted_mps,7.35294118,0.0007352941176470588,3.245823389021482,33.97727272727273,1,41.602359791420966,16.2,-61.80000000000001,NW
storm_cmcc,STORM_CMCC,storm_cmcc|4109|4_4109_1,4109,4_4109_1,2932,rank_2001_5000,0.0,31.54052113853136,intensity_distance_weighted_mps,7.35294118,0.0007352941176470588,3.2380952380952404,33.97727272727273,1,41.69293374799521,16.4,-61.10000000000002,NE
storm_cmcc,STORM_CMCC,storm_cmcc|1669|1_1669_1,1669,1_1669_1,2937,rank_2001_5000,0.0,31.499068455771432,intensity_distance_weighted_mps,7.35294118,0.0007352941176470588,3.2304038004750617,32.84090909090909,0,30.959424117241788,16.2,-61.69999999999999,NW
storm_cmcc,STORM_CMCC,storm_cmcc|2973|2_2973_4,2973,2_2973_4,2940,rank_2001_5000,0.0,31.491548554315454,intensity_distance_weighted_mps,7.35294118,0.0007352941176470588,3.222748815165879,70.22727272727273,5,166.36045149781256,15.5,-62.80000000000001,SW
storm_cmcc,STORM_CMCC,storm_cmcc|4503|4_4503_0,4503,4_4503_0,2942,rank_2001_5000,0.0,31.480864525899037,intensity_distance_weighted_mps,7.35294118,0.0007352941176470588,3.2151300236406644,35.227272727272734,1,51.745844798255305,15.8,-61.69999999999999,SW
storm_cmcc,STORM_CMCC,storm_cmcc|6237|6_6237_0,6237,6_6237_0,2947,rank_2001_5000,0.0,31.442718632614064,intensity_distance_weighted_mps,7.35294118,0.0007352941176470588,3.207547169811323,60.795454545454554,4,144.92907086541166,15.0,-62.0,SW
storm_cmcc,STORM_CMCC,storm_cmcc|7245|7_7245_7,7245,7_7245_7,2949,rank_2001_5000,0.0,31.440451466851226,intensity_distance_weighted_mps,7.35294118,0.0007352941176470588,3.2000000000000024,32.159090909090914,0,22.677877083396297,16.0,-61.30000000000001,SE
storm_cmcc,STORM_CMCC,storm_cmcc|1747|1_1747_6,1747,1_1747_6,2959,rank_2001_5000,0.0,31.39703210552932,intensity_distance_weighted_mps,7.35294118,0.0007352941176470588,3.1924882629108002,73.52272727272728,5,173.7482747414045,17.4,-60.39999999999998,NE
storm_cmcc,STORM_CMCC,storm_cmcc|9368|9_9368_12,9368,9_9368_12,2962,rank_2001_5000,0.0,31.3824205642185,intensity_distance_weighted_mps,7.35294118,0.0007352941176470588,3.1850117096018757,32.61363636363637,0,29.710853636194447,16.0,-61.19999999999999,SE
storm_cmcc,STORM_CMCC,storm_cmcc|8027|8_8027_1,8027,8_8027_1,2968,rank_2001_5000,0.0,31.354498395260393,intensity_distance_weighted_mps,7.35294118,0.0007352941176470588,3.177570093457946,31.931818181818187,0,20.353989753705022,16.2,-61.60000000000002,NW
storm_cmcc,STORM_CMCC,storm_cmcc|1764|1_1764_6,1764,1_1764_6,2969,rank_2001_5000,0.0,31.353873592824648,intensity_distance_weighted_mps,7.35294118,0.0007352941176470588,3.1701631701631725,46.36363636363637,2,103.78451774889719,16.9,-60.80000000000001,NE
storm_cmcc,STORM_CMCC,storm_cmcc|8292|8_8292_7,8292,8_8292_7,2973,rank_2001_5000,0.0,31.343733646867694,intensity_distance_weighted_mps,7.35294118,0.0007352941176470588,3.162790697674421,33.75,1,41.56116800704096,15.8,-61.39999999999998,SE
storm_cmcc,STORM_CMCC,storm_cmcc|8795|8_8795_2,8795,8_8795_2,2976,rank_2001_5000,0.0,31.324884472471414,intensity_distance_weighted_mps,7.35294118,0.0007352941176470588,3.155452436194898,42.95454545454545,2,91.39660155241661,15.4,-61.69999999999999,SW
storm_cmcc,STORM_CMCC,storm_cmcc|2098|2_2098_3,2098,2_2098_3,2983,rank_2001_5000,0.0,31.273791159425866,intensity_distance_weighted_mps,7.35294118,0.0007352941176470588,3.1481481481481506,45.68181818181819,2,101.81300372998135,17.0,-61.0,NE
storm_cmcc,STORM_CMCC,storm_cmcc|5755|5_5755_10,5755,5_5755_10,2984,rank_2001_5000,0.0,31.269120443970902,intensity_distance_weighted_mps,7.35294118,0.0007352941176470588,3.1408775981524273,67.5,4,161.46294332935287,14.8,-61.89999999999998,SW
storm_cmcc,STORM_CMCC,storm_cmcc|4854|4_4854_1,4854,4_4854_1,2989,rank_2001_5000,0.0,31.24644201391722,intensity_distance_weighted_mps,7.35294118,0.0007352941176470588,3.133640552995394,86.59090909090911,5,199.63104400379032,14.4,-61.69999999999999,SW
storm_cmcc,STORM_CMCC,storm_cmcc|1676|1_1676_1,1676,1_1676_1,2993,rank_2001_5000,0.0,31.215453017952747,intensity_distance_weighted_mps,7.35294118,0.0007352941176470588,3.126436781609198,34.31818181818182,1,47.29098354937902,15.8,-61.19999999999999,SE
storm_cmcc,STORM_CMCC,storm_cmcc|4247|4_4247_8,4247,4_4247_8,3008,rank_2001_5000,0.0,31.125093239683146,intensity_distance_weighted_mps,7.35294118,0.0007352941176470588,3.119266055045874,53.75,3,127.88786216743051,17.1,-60.69999999999999,NE
storm_cmcc,STORM_CMCC,storm_cmcc|3574|3_3574_4,3574,3_3574_4,3010,rank_2001_5000,0.0,31.118200158632703,intensity_distance_weighted_mps,7.35294118,0.0007352941176470588,3.1121281464530917,45.45454545454546,2,101.81300372998135,17.0,-61.0,NE
storm_cmcc,STORM_CMCC,storm_cmcc|7451|7_7451_1,7451,7_7451_1,3020,rank_2001_5000,0.0,31.062284871852455,intensity_distance_weighted_mps,7.35294118,0.0007352941176470588,3.105022831050231,37.95454545454545,1,70.65703423409055,16.8,-61.30000000000001,NE
storm_cmcc,STORM_CMCC,storm_cmcc|6850|6_6850_8,6850,6_6850_8,3030,rank_2001_5000,0.0,31.035976599848173,intensity_distance_weighted_mps,7.35294118,0.0007352941176470588,3.0979498861047863,33.97727272727273,1,46.17723522024824,15.8,-61.60000000000002,SW
storm_cmcc,STORM_CMCC,storm_cmcc|8503|8_8503_10,8503,8_8503_10,3034,rank_2001_5000,0.0,31.009367201592166,intensity_distance_weighted_mps,7.35294118,0.0007352941176470588,3.0909090909090935,42.8409090909091,2,92.65427880608104,17.0,-61.30000000000001,NE
storm_cmcc,STORM_CMCC,storm_cmcc|3965|3_3965_1,3965,3_3965_1,3046,rank_2001_5000,0.0,30.95512424158219,intensity_distance_weighted_mps,7.35294118,0.0007352941176470588,3.0839002267573723,34.77272727272728,1,52.67691912066638,15.7,-61.39999999999998,SE
storm_cmcc,STORM_CMCC,storm_cmcc|6942|6_6942_10,6942,6_6942_10,3048,rank_2001_5000,0.0,30.94944541673289,intensity_distance_weighted_mps,7.35294118,0.0007352941176470588,3.0769230769230793,54.31818181818182,3,130.34141705957057,15.1,-61.89999999999998,SW
storm_cmcc,STORM_CMCC,storm_cmcc|3001|3_3001_7,3001,3_3001_7,3059,rank_2001_5000,0.0,30.910176538850948,intensity_distance_weighted_mps,7.35294118,0.0007352941176470588,3.0699774266365716,58.06818181818183,4,140.6013370138236,15.0,-61.89999999999998,SW
storm_cmcc,STORM_CMCC,storm_cmcc|1019|1_1019_5,1019,1_1019_5,3074,rank_2001_5000,0.0,30.790955652507392,intensity_distance_weighted_mps,7.35294118,0.0007352941176470588,3.0630630630630655,32.61363636363637,0,36.495134936606505,15.9,-61.60000000000002,SW
storm_cmcc,STORM_CMCC,storm_cmcc|8291|8_8291_9,8291,8_8291_9,3095,rank_2001_5000,0.0,30.65481000485609,intensity_distance_weighted_mps,7.35294118,0.0007352941176470588,3.0561797752809015,48.52272727272728,2,114.51935970237764,17.2,-61.5,NW
storm_cmcc,STORM_CMCC,storm_cmcc|2072|2_2072_12,2072,2_2072_12,3099,rank_2001_5000,0.0,30.61537842414509,intensity_distance_weighted_mps,7.35294118,0.0007352941176470588,3.0493273542600923,36.70454545454545,1,66.89603642880584,15.6,-61.60000000000002,SW
storm_cmcc,STORM_CMCC,storm_cmcc|3661|3_3661_3,3661,3_3661_3,3107,rank_2001_5000,0.0,30.57969198652867,intensity_distance_weighted_mps,7.35294118,0.0007352941176470588,3.0425055928411657,31.363636363636367,0,24.01692105080739,16.1,-61.19999999999999,SE
storm_cmcc,STORM_CMCC,storm_cmcc|1141|1_1141_6,1141,1_1141_6,3116,rank_2001_5000,0.0,30.50710367042909,intensity_distance_weighted_mps,7.35294118,0.0007352941176470588,3.0357142857142883,41.81818181818182,1,91.33616478183365,15.5,-61.89999999999998,SW
storm_cmcc,STORM_CMCC,storm_cmcc|2578|2_2578_6,2578,2_2578_6,3129,rank_2001_5000,0.0,30.438851350663295,intensity_distance_weighted_mps,7.35294118,0.0007352941176470588,3.0289532293986663,39.31818181818182,1,81.01533628226211,15.5,-61.69999999999999,SW
storm_cmcc,STORM_CMCC,storm_cmcc|9301|9_9301_2,9301,9_9301_2,3134,rank_2001_5000,0.0,30.421524208183676,intensity_distance_weighted_mps,7.35294118,0.0007352941176470588,3.022222222222225,55.795454545454554,3,136.99182324658145,17.2,-60.69999999999999,NE
storm_cmcc,STORM_CMCC,storm_cmcc|9918|9_9918_7,9918,9_9918_7,3141,rank_2001_5000,0.0,30.38819370789408,intensity_distance_weighted_mps,7.35294118,0.0007352941176470588,3.015521064301555,32.38636363636364,0,38.46405131396937,16.0,-61.10000000000002,SE
storm_cmcc,STORM_CMCC,storm_cmcc|4632|4_4632_12,4632,4_4632_12,3160,rank_2001_5000,0.0,30.274838474870535,intensity_distance_weighted_mps,7.35294118,0.0007352941176470588,3.0088495575221264,40.45454545454546,1,86.97971498784709,16.8,-61.89999999999998,NW
storm_cmcc,STORM_CMCC,storm_cmcc|5768|5_5768_4,5768,5_5768_4,3164,rank_2001_5000,0.0,30.257850036916015,intensity_distance_weighted_mps,7.35294118,0.0007352941176470588,3.0022075055187663,65.3409090909091,4,161.51800927382385,15.0,-62.30000000000001,SW
storm_cmcc,STORM_CMCC,storm_cmcc|2901|2_2901_9,2901,2_2901_9,3181,rank_2001_5000,0.0,30.157166862427296,intensity_distance_weighted_mps,7.35294118,0.0007352941176470588,2.9955947136563905,47.84090909090909,2,114.86377291625809,15.4,-60.69999999999999,SE
storm_cmcc,STORM_CMCC,storm_cmcc|8710|8_8710_6,8710,8_8710_6,3190,rank_2001_5000,0.0,30.120209824103323,intensity_distance_weighted_mps,7.35294118,0.0007352941176470588,2.9890109890109917,35.56818181818182,1,63.79397968727137,15.6,-61.39999999999998,SE
storm_cmcc,STORM_CMCC,storm_cmcc|3598|3_3598_4,3598,3_3598_4,3195,rank_2001_5000,0.0,30.082155341844,intensity_distance_weighted_mps,7.35294118,0.0007352941176470588,2.98245614035088,31.363636363636367,0,30.959424117241788,16.2,-61.69999999999999,NW
storm_cmcc,STORM_CMCC,storm_cmcc|9017|9_9017_8,9017,9_9017_8,3204,rank_2001_5000,0.0,30.05786211145984,intensity_distance_weighted_mps,7.35294118,0.0007352941176470588,2.9759299781181645,44.77272727272727,2,104.95191288149351,17.1,-61.60000000000002,NW
storm_cmcc,STORM_CMCC,storm_cmcc|4641|4_4641_3,4641,4_4641_3,3205,rank_2001_5000,0.0,30.04643115386379,intensity_distance_weighted_mps,7.35294118,0.0007352941176470588,2.9694323144104833,52.95454545454546,3,130.9753242517024,15.2,-62.10000000000002,SW
storm_cmcc,STORM_CMCC,storm_cmcc|9905|9_9905_13,9905,9_9905_13,3207,rank_2001_5000,0.0,30.044540194694978,intensity_distance_weighted_mps,7.35294118,0.0007352941176470588,2.962962962962966,40.22727272727273,1,87.32541260273997,16.9,-61.10000000000002,NE
storm_cmcc,STORM_CMCC,storm_cmcc|3988|3_3988_12,3988,3_3988_12,3215,rank_2001_5000,0.0,29.947206384176816,intensity_distance_weighted_mps,7.35294118,0.0007352941176470588,2.9565217391304377,54.54545454545455,3,135.94561087468912,15.3,-62.30000000000001,SW
storm_cmcc,STORM_CMCC,storm_cmcc|9264|9_9264_7,9264,9_9264_7,3218,rank_2001_5000,0.0,29.93293149870529,intensity_distance_weighted_mps,7.35294118,0.0007352941176470588,2.950108459869851,75.9090909090909,5,185.9015360012657,17.6,-60.5,NE
storm_cmcc,STORM_CMCC,storm_cmcc|7273|7_7273_1,7273,7_7273_1,3220,rank_2001_5000,0.0,29.92442055598099,intensity_distance_weighted_mps,7.35294118,0.0007352941176470588,2.9437229437229466,35.909090909090914,1,67.08084135222408,15.7,-61.80000000000001,SW
storm_cmcc,STORM_CMCC,storm_cmcc|5033|5_5033_3,5033,5_5033_3,3223,rank_2001_5000,0.0,29.91595169849057,intensity_distance_weighted_mps,7.35294118,0.0007352941176470588,2.9373650107991387,61.477272727272734,4,154.06976982286767,14.8,-61.60000000000002,SW
storm_cmcc,STORM_CMCC,storm_cmcc|2850|2_2850_6,2850,2_2850_6,3229,rank_2001_5000,0.0,29.862502631843803,intensity_distance_weighted_mps,7.35294118,0.0007352941176470588,2.9310344827586237,53.86363636363637,3,134.47576914183438,17.1,-60.60000000000002,NE
storm_cmcc,STORM_CMCC,storm_cmcc|1705|1_1705_2,1705,1_1705_2,3235,rank_2001_5000,0.0,29.84331194331995,intensity_distance_weighted_mps,7.35294118,0.0007352941176470588,2.9247311827957017,75.68181818181819,5,185.9015360012657,17.6,-60.5,NE
storm_cmcc,STORM_CMCC,storm_cmcc|4458|4_4458_10,4458,4_4458_10,3237,rank_2001_5000,0.0,29.83929278341784,intensity_distance_weighted_mps,7.35294118,0.0007352941176470588,2.9184549356223206,33.63636363636364,1,53.50832382813522,15.7,-61.5,SW
storm_cmcc,STORM_CMCC,storm_cmcc|5515|5_5515_1,5515,5_5515_1,3249,rank_2001_5000,0.0,29.734337135396274,intensity_distance_weighted_mps,7.35294118,0.0007352941176470588,2.912205567451823,30.113636363636367,0,16.9415486769099,16.3,-61.5,NW
storm_cmcc,STORM_CMCC,storm_cmcc|5344|5_5344_15,5344,5_5344_15,3250,rank_2001_5000,0.0,29.73432668187907,intensity_distance_weighted_mps,7.35294118,0.0007352941176470588,2.905982905982909,31.250000000000004,0,33.86608604338619,16.299999999999997,-61.69999999999999,NW
storm_cmcc,STORM_CMCC,storm_cmcc|3959|3_3959_6,3959,3_3959_6,3269,rank_2001_5000,0.0,29.668120306480287,intensity_distance_weighted_mps,7.35294118,0.0007352941176470588,2.8997867803837982,62.84090909090909,4,158.61243597731706,17.6,-61.39999999999998,NE
storm_cmcc,STORM_CMCC,storm_cmcc|2852|2_2852_1,2852,2_2852_1,3276,rank_2001_5000,0.0,29.627442793258925,intensity_distance_weighted_mps,7.35294118,0.0007352941176470588,2.8936170212765986,32.727272727272734,0,48.519141611626736,16.4,-61.80000000000001,NW
storm_cmcc,STORM_CMCC,storm_cmcc|3611|3_3611_14,3611,3_3611_14,3292,rank_2001_5000,0.0,29.550185572559858,intensity_distance_weighted_mps,7.35294118,0.0007352941176470588,2.8874734607218713,66.47727272727273,4,167.68093172710243,17.6,-60.89999999999998,NE
storm_cmcc,STORM_CMCC,storm_cmcc|6837|6_6837_7,6837,6_6837_7,3300,rank_2001_5000,0.0,29.524285587696717,intensity_distance_weighted_mps,7.35294118,0.0007352941176470588,2.881355932203393,50.11363636363637,3,125.26302247088375,15.2,-62.0,SW
storm_cmcc,STORM_CMCC,storm_cmcc|5491|5_5491_5,5491,5_5491_5,3302,rank_2001_5000,0.0,29.51730023320147,intensity_distance_weighted_mps,7.35294118,0.0007352941176470588,2.8752642706131106,52.04545454545455,3,131.043579910887,15.0,-61.30000000000001,SE
storm_cmcc,STORM_CMCC,storm_cmcc|1997|1_1997_1,1997,1_1997_1,3303,rank_2001_5000,0.0,29.513860627781764,intensity_distance_weighted_mps,7.35294118,0.0007352941176470588,2.8691983122362896,35.45454545454546,1,67.29712391290883,16.7,-61.10000000000002,NE
storm_cmcc,STORM_CMCC,storm_cmcc|6750|6_6750_4,6750,6_6750_4,3304,rank_2001_5000,0.0,29.502174229797063,intensity_distance_weighted_mps,7.35294118,0.0007352941176470588,2.863157894736845,48.06818181818182,2,118.99357407455979,16.1,-60.30000000000001,SE
storm_cmcc,STORM_CMCC,storm_cmcc|7589|7_7589_8,7589,7_7589_8,3326,rank_2001_5000,0.0,29.412415986169606,intensity_distance_weighted_mps,7.35294118,0.0007352941176470588,2.85714285714286,71.70454545454547,5,179.8687372473188,14.6,-61.80000000000001,SW
storm_cmcc,STORM_CMCC,storm_cmcc|9720|9_9720_9,9720,9_9720_9,3336,rank_2001_5000,0.0,29.37180941710529,intensity_distance_weighted_mps,7.35294118,0.0007352941176470588,2.851153039832288,33.18181818181819,1,54.02426856087726,16.299999999999997,-61.89999999999998,NW
storm_cmcc,STORM_CMCC,storm_cmcc|2811|2_2811_8,2811,2_2811_8,3351,rank_2001_5000,0.0,29.274322232638937,intensity_distance_weighted_mps,7.35294118,0.0007352941176470588,2.8451882845188314,39.43181818181819,1,88.3570410365011,15.4,-61.60000000000002,SW
storm_cmcc,STORM_CMCC,storm_cmcc|980|0_980_12,980,0_980_12,3361,rank_2001_5000,0.0,29.21959961055014,intensity_distance_weighted_mps,7.35294118,0.0007352941176470588,2.839248434237999,31.590909090909093,0,42.731510770523286,16.5,-61.19999999999999,NE
storm_cmcc,STORM_CMCC,storm_cmcc|2064|2_2064_8,2064,2_2064_8,3366,rank_2001_5000,0.0,29.18272497293288,intensity_distance_weighted_mps,7.35294118,0.0007352941176470588,2.833333333333336,41.02272727272728,1,95.54417864202313,15.4,-61.80000000000001,SW
storm_cmcc,STORM_CMCC,storm_cmcc|2138|2_2138_7,2138,2_2138_7,3380,rank_2001_5000,0.0,29.105594150606436,intensity_distance_weighted_mps,7.35294118,0.0007352941176470588,2.8274428274428303,39.20454545454546,1,88.3570410365011,15.4,-61.60000000000002,SW
storm_cmcc,STORM_CMCC,storm_cmcc|7092|7_7092_13,7092,7_7092_13,3387,rank_2001_5000,0.0,29.085798839567016,intensity_distance_weighted_mps,7.35294118,0.0007352941176470588,2.82157676348548,58.75000000000001,4,151.48411350354056,15.9,-62.80000000000001,SW
storm_cmcc,STORM_CMCC,storm_cmcc|9719|9_9719_1,9719,9_9719_1,3397,rank_2001_5000,0.0,29.03308972805859,intensity_distance_weighted_mps,7.35294118,0.0007352941176470588,2.815734989648036,56.13636363636364,3,144.92907086541166,15.0,-62.0,SW
storm_cmcc,STORM_CMCC,storm_cmcc|6174|6_6174_15,6174,6_6174_15,3398,rank_2001_5000,0.0,29.03307404357545,intensity_distance_weighted_mps,7.35294118,0.0007352941176470588,2.809917355371904,32.61363636363637,0,52.67691912066638,15.7,-61.39999999999998,SE
storm_cmcc,STORM_CMCC,storm_cmcc|2180|2_2180_3,2180,2_2180_3,3403,rank_2001_5000,0.0,29.008073802400748,intensity_distance_weighted_mps,7.35294118,0.0007352941176470588,2.804123711340209,53.63636363636365,3,138.2130150975803,17.4,-61.19999999999999,NE
storm_cmcc,STORM_CMCC,storm_cmcc|676|0_676_2,676,0_676_2,3408,rank_2001_5000,0.0,28.975812831203697,intensity_distance_weighted_mps,7.35294118,0.0007352941176470588,2.7983539094650234,39.31818181818182,1,89.61556748781072,15.6,-62.0,SW
storm_cmcc,STORM_CMCC,storm_cmcc|711|0_711_6,711,0_711_6,3412,rank_2001_5000,0.0,28.94442847280674,intensity_distance_weighted_mps,7.35294118,0.0007352941176470588,2.7926078028747465,54.659090909090914,3,141.3836481233176,16.9,-62.5,NW
storm_cmcc,STORM_CMCC,storm_cmcc|453|0_453_15,453,0_453_15,3414,rank_2001_5000,0.0,28.93802477392507,intensity_distance_weighted_mps,7.35294118,0.0007352941176470588,2.7868852459016424,75.56818181818183,5,190.41022054215472,17.7,-60.60000000000002,NE
storm_cmcc,STORM_CMCC,storm_cmcc|3998|3_3998_2,3998,3_3998_2,3420,rank_2001_5000,0.0,28.917022443979587,intensity_distance_weighted_mps,7.35294118,0.0007352941176470588,2.7811860940695325,58.409090909090914,4,151.48411350354056,15.9,-62.80000000000001,SW
storm_cmcc,STORM_CMCC,storm_cmcc|5400|5_5400_3,5400,5_5400_3,3430,rank_2001_5000,0.0,28.87557604405277,intensity_distance_weighted_mps,7.35294118,0.0007352941176470588,2.7755102040816357,52.95454545454546,3,136.9761256706651,15.0,-61.80000000000001,SW
storm_cmcc,STORM_CMCC,storm_cmcc|7910|7_7910_12,7910,7_7910_12,3437,rank_2001_5000,0.0,28.859482872844136,intensity_distance_weighted_mps,7.35294118,0.0007352941176470588,2.769857433808557,40.34090909090909,1,94.61171313043853,17.0,-61.19999999999999,NE
storm_cmcc,STORM_CMCC,storm_cmcc|4767|4_4767_11,4767,4_4767_11,3449,rank_2001_5000,0.0,28.828004652817654,intensity_distance_weighted_mps,7.35294118,0.0007352941176470588,2.764227642276426,49.31818181818182,3,126.46106183307053,17.2,-60.89999999999998,NE
storm_cmcc,STORM_CMCC,storm_cmcc|69|0_69_6,69,0_69_6,3455,rank_2001_5000,0.0,28.803919495028413,intensity_distance_weighted_mps,7.35294118,0.0007352941176470588,2.7586206896551753,40.45454545454546,1,95.39818116022317,16.8,-60.80000000000001,NE
storm_cmcc,STORM_CMCC,storm_cmcc|9897|9_9897_10,9897,9_9897_10,3456,rank_2001_5000,0.0,28.80047626821796,intensity_distance_weighted_mps,7.35294118,0.0007352941176470588,2.7530364372469665,59.88636363636365,4,155.8378897948262,14.8,-61.69999999999999,SW
storm_cmcc,STORM_CMCC,storm_cmcc|2369|2_2369_14,2369,2_2369_14,3467,rank_2001_5000,0.0,28.734960870109305,intensity_distance_weighted_mps,7.35294118,0.0007352941176470588,2.7474747474747505,51.70454545454546,3,134.11042056560274,15.0,-61.69999999999999,SW
storm_cmcc,STORM_CMCC,storm_cmcc|3287|3_3287_3,3287,3_3287_3,3483,rank_2001_5000,0.0,28.67808627840456,intensity_distance_weighted_mps,7.35294118,0.0007352941176470588,2.7419354838709706,32.159090909090914,0,52.259888171559645,16.200000000000003,-61.89999999999998,NW
storm_cmcc,STORM_CMCC,storm_cmcc|775|0_775_0,775,0_775_0,3493,rank_2001_5000,0.0,28.599837772057732,intensity_distance_weighted_mps,7.35294118,0.0007352941176470588,2.7364185110664017,30.79545454545455,0,41.56116800704096,15.8,-61.39999999999998,SE
storm_cmcc,STORM_CMCC,storm_cmcc|3249|3_3249_2,3249,3_3249_2,3506,rank_2001_5000,0.0,28.551311618690104,intensity_distance_weighted_mps,7.35294118,0.0007352941176470588,2.7309236947791193,28.750000000000004,0,12.513086963196397,16.1,-61.5,SW
storm_cmcc,STORM_CMCC,storm_cmcc|8975|8_8975_7,8975,8_8975_7,3513,rank_2001_5000,0.0,28.537518321128747,intensity_distance_weighted_mps,7.35294118,0.0007352941176470588,2.7254509018036104,40.68181818181818,1,97.85193055477494,15.5,-62.0,SW
storm_cmcc,STORM_CMCC,storm_cmcc|4759|4_4759_0,4759,4_4759_0,3520,rank_2001_5000,0.0,28.516851710218965,intensity_distance_weighted_mps,7.35294118,0.0007352941176470588,2.7200000000000033,38.18181818181819,1,87.32541260273997,16.9,-61.10000000000002,NE
storm_cmcc,STORM_CMCC,storm_cmcc|3394|3_3394_8,3394,3_3394_8,3521,rank_2001_5000,0.0,28.49397366188058,intensity_distance_weighted_mps,7.35294118,0.0007352941176470588,2.714570858283436,44.545454545454554,2,112.5828666539619,15.2,-61.69999999999999,SW
storm_cmcc,STORM_CMCC,storm_cmcc|7007|7_7007_1,7007,7_7007_1,3541,rank_2001_5000,0.0,28.411734211605705,intensity_distance_weighted_mps,7.35294118,0.0007352941176470588,2.7091633466135487,38.52272727272727,1,89.48274405764059,16.6,-60.69999999999999,NE
storm_cmcc,STORM_CMCC,storm_cmcc|8695|8_8695_2,8695,8_8695_2,3542,rank_2001_5000,0.0,28.40487645908142,intensity_distance_weighted_mps,7.35294118,0.0007352941176470588,2.7037773359840984,47.27272727272728,2,122.2520142867609,17.2,-61.0,NE
storm_cmcc,STORM_CMCC,storm_cmcc|8774|8_8774_13,8774,8_8774_13,3548,rank_2001_5000,0.0,28.373255023912616,intensity_distance_weighted_mps,7.35294118,0.0007352941176470588,2.6984126984127017,41.93181818181819,1,103.69158487165012,17.1,-61.30000000000001,NE
storm_cmcc,STORM_CMCC,storm_cmcc|5506|5_5506_2,5506,5_5506_2,3576,rank_2001_5000,0.0,28.261466005812807,intensity_distance_weighted_mps,7.35294118,0.0007352941176470588,2.6930693069306963,44.43181818181819,2,113.46284140192222,16.7,-60.5,NE
storm_cmcc,STORM_CMCC,storm_cmcc|9464|9_9464_2,9464,9_9464_2,3580,rank_2001_5000,0.0,28.246694383511013,intensity_distance_weighted_mps,7.35294118,0.0007352941176470588,2.6877470355731257,51.70454545454546,3,136.6946621257094,17.4,-61.5,NW
storm_cmcc,STORM_CMCC,storm_cmcc|5782|5_5782_10,5782,5_5782_10,3583,rank_2001_5000,0.0,28.23062217590518,intensity_distance_weighted_mps,7.35294118,0.0007352941176470588,2.6824457593688393,46.47727272727273,2,120.59314226437024,16.7,-62.39999999999998,NW
storm_cmcc,STORM_CMCC,storm_cmcc|2727|2_2727_6,2727,2_2727_6,3589,rank_2001_5000,0.0,28.19739104369379,intensity_distance_weighted_mps,7.35294118,0.0007352941176470588,2.677165354330712,35.34090909090909,1,75.49929018639075,15.5,-61.5,SW
storm_cmcc,STORM_CMCC,storm_cmcc|2929|2_2929_13,2929,2_2929_13,3598,rank_2001_5000,0.0,28.15814305704351,intensity_distance_weighted_mps,7.35294118,0.0007352941176470588,2.671905697445976,31.704545454545457,0,53.23328406682556,15.8,-61.10000000000002,SE
storm_cmcc,STORM_CMCC,storm_cmcc|4611|4_4611_3,4611,4_4611_3,3614,rank_2001_5000,0.0,28.075234060736722,intensity_distance_weighted_mps,7.35294118,0.0007352941176470588,2.6666666666666696,30.56818181818182,0,44.69780072485714,16.1,-61.0,SE
storm_cmcc,STORM_CMCC,storm_cmcc|969|0_969_6,969,0_969_6,3623,rank_2001_5000,0.0,28.03479144063371,intensity_distance_weighted_mps,7.35294118,0.0007352941176470588,2.6614481409001987,63.06818181818183,4,167.68093172710243,17.6,-60.89999999999998,NE
storm_cmcc,STORM_CMCC,storm_cmcc|98|0_98_10,98,0_98_10,3628,rank_2001_5000,0.0,27.987166444155584,intensity_distance_weighted_mps,7.35294118,0.0007352941176470588,2.656250000000003,36.36363636363637,1,82.06204025951992,15.7,-62.0,SW
storm_cmcc,STORM_CMCC,storm_cmcc|2955|2_2955_5,2955,2_2955_5,3634,rank_2001_5000,0.0,27.95007820727052,intensity_distance_weighted_mps,7.35294118,0.0007352941176470588,2.6510721247563382,57.84090909090909,4,155.12033681009777,17.1,-62.5,NW
storm_cmcc,STORM_CMCC,storm_cmcc|1421|1_1421_10,1421,1_1421_10,3635,rank_2001_5000,0.0,27.935772354476,intensity_distance_weighted_mps,7.35294118,0.0007352941176470588,2.6459143968871626,33.52272727272727,1,67.08084135222353,15.700000000000005,-61.80000000000001,SW
storm_cmcc,STORM_CMCC,storm_cmcc|9061|9_9061_1,9061,9_9061_1,3660,rank_2001_5000,0.0,27.841074821070922,intensity_distance_weighted_mps,7.35294118,0.0007352941176470588,2.6407766990291295,33.409090909090914,1,67.08084135222408,15.7,-61.80000000000001,SW
storm_cmcc,STORM_CMCC,storm_cmcc|1142|1_1142_1,1142,1_1142_1,3663,rank_2001_5000,0.0,27.827594839529716,intensity_distance_weighted_mps,7.35294118,0.0007352941176470588,2.6356589147286855,67.8409090909091,4,179.8687372473188,14.6,-61.80000000000001,SW
storm_cmcc,STORM_CMCC,storm_cmcc|9149|9_9149_15,9149,9_9149_15,3668,rank_2001_5000,0.0,27.81543050716744,intensity_distance_weighted_mps,7.35294118,0.0007352941176470588,2.630560928433272,65.79545454545455,4,175.2774247171693,17.7,-61.0,NE
storm_cmcc,STORM_CMCC,storm_cmcc|4965|4_4965_12,4965,4_4965_12,3674,rank_2001_5000,0.0,27.794266557015373,intensity_distance_weighted_mps,7.35294118,0.0007352941176470588,2.6254826254826287,66.25,4,176.43884223416094,14.6,-61.19999999999999,SE
storm_cmcc,STORM_CMCC,storm_cmcc|8733|8_8733_8,8733,8_8733_8,3675,rank_2001_5000,0.0,27.789724951320373,intensity_distance_weighted_mps,7.35294118,0.0007352941176470588,2.620423892100196,48.977272727272734,3,130.9753242517024,15.2,-62.10000000000002,SW
storm_cmcc,STORM_CMCC,storm_cmcc|3969|3_3969_7,3969,3_3969_7,3682,rank_2001_5000,0.0,27.767804623108123,intensity_distance_weighted_mps,7.35294118,0.0007352941176470588,2.6153846153846185,33.06818181818182,1,65.53508619388666,16.5,-60.89999999999998,NE
storm_cmcc,STORM_CMCC,storm_cmcc|5301|5_5301_11,5301,5_5301_11,3691,rank_2001_5000,0.0,27.74549989176841,intensity_distance_weighted_mps,7.35294118,0.0007352941176470588,2.6103646833013467,37.045454545454554,1,86.8431159355508,15.4,-61.30000000000001,SE
storm_cmcc,STORM_CMCC,storm_cmcc|481|0_481_5,481,0_481_5,3693,rank_2001_5000,0.0,27.7144422662676,intensity_distance_weighted_mps,7.35294118,0.0007352941176470588,2.605363984674333,32.727272727272734,0,63.79397968727137,15.6,-61.39999999999998,SE
storm_cmcc,STORM_CMCC,storm_cmcc|2138|2_2138_12,2138,2_2138_12,3695,rank_2001_5000,0.0,27.691868528795382,intensity_distance_weighted_mps,7.35294118,0.0007352941176470588,2.6003824091778234,51.93181818181819,3,140.33984264682383,17.4,-61.10000000000002,NE
storm_cmcc,STORM_CMCC,storm_cmcc|5167|5_5167_5,5167,5_5167_5,3697,rank_2001_5000,0.0,27.680765009046905,intensity_distance_weighted_mps,7.35294118,0.0007352941176470588,2.5954198473282477,38.97727272727273,1,95.82400458222082,16.7,-60.69999999999999,NE
storm_cmcc,STORM_CMCC,storm_cmcc|1309|1_1309_3,1309,1_1309_3,3704,rank_2001_5000,0.0,27.660344228501327,intensity_distance_weighted_mps,7.35294118,0.0007352941176470588,2.5904761904761937,70.11363636363637,5,185.83099655896893,17.7,-60.69999999999999,NE
storm_cmcc,STORM_CMCC,storm_cmcc|2549|2_2549_8,2549,2_2549_8,3711,rank_2001_5000,0.0,27.621709162027095,intensity_distance_weighted_mps,7.35294118,0.0007352941176470588,2.5855513307984825,43.18181818181819,2,112.5828666539619,15.2,-61.69999999999999,SW
storm_cmcc,STORM_CMCC,storm_cmcc|2267|2_2267_0,2267,2_2267_0,3712,rank_2001_5000,0.0,27.617798608670853,intensity_distance_weighted_mps,7.35294118,0.0007352941176470588,2.5806451612903256,56.25000000000001,3,152.7299114354672,16.4,-60.0,NE
storm_cmcc,STORM_CMCC,storm_cmcc|1475|1_1475_2,1475,1_1475_2,3713,rank_2001_5000,0.0,27.617226149770016,intensity_distance_weighted_mps,7.35294118,0.0007352941176470588,2.575757575757579,76.47727272727273,5,199.51620212811414,17.9,-60.89999999999998,NE
storm_cmcc,STORM_CMCC,storm_cmcc|4258|4_4258_5,4258,4_4258_5,3720,rank_2001_5000,0.0,27.55736555551535,intensity_distance_weighted_mps,7.35294118,0.0007352941176470588,2.570888468809077,45.34090909090909,2,120.49847805599131,15.4,-62.19999999999999,SW
storm_cmcc,STORM_CMCC,storm_cmcc|5226|5_5226_2,5226,5_5226_2,3724,rank_2001_5000,0.0,27.53139431152141,intensity_distance_weighted_mps,7.35294118,0.0007352941176470588,2.56603773584906,63.863636363636374,4,172.31506778672258,17.3,-60.30000000000001,NE
storm_cmcc,STORM_CMCC,storm_cmcc|3926|3_3926_4,3926,3_3926_4,3727,rank_2001_5000,0.0,27.522531583581916,intensity_distance_weighted_mps,7.35294118,0.0007352941176470588,2.561205273069683,41.02272727272728,1,105.05509057978999,15.5,-62.10000000000002,SW
storm_cmcc,STORM_CMCC,storm_cmcc|2351|2_2351_5,2351,2_2351_5,3732,rank_2001_5000,0.0,27.506293656513865,intensity_distance_weighted_mps,7.35294118,0.0007352941176470588,2.556390977443612,28.750000000000004,0,31.895847497127786,16.1,-61.69999999999999,SW
storm_cmcc,STORM_CMCC,storm_cmcc|3805|3_3805_2,3805,3_3805_2,3757,rank_2001_5000,0.0,27.385533691194542,intensity_distance_weighted_mps,7.35294118,0.0007352941176470588,2.551594746716701,27.840909090909093,0,19.342626122509245,16.0,-61.39999999999998,SE
storm_cmcc,STORM_CMCC,storm_cmcc|921|0_921_11,921,0_921_11,3781,rank_2001_5000,0.0,27.275716786543377,intensity_distance_weighted_mps,7.35294118,0.0007352941176470588,2.546816479400752,71.36363636363636,5,190.70539345909438,14.5,-61.80000000000001,SW
storm_cmcc,STORM_CMCC,storm_cmcc|7269|7_7269_15,7269,7_7269_15,3784,rank_2001_5000,0.0,27.26887910799114,intensity_distance_weighted_mps,7.35294118,0.0007352941176470588,2.5420560747663585,47.61363636363637,2,129.56385816242735,17.3,-61.10000000000002,NE
storm_cmcc,STORM_CMCC,storm_cmcc|3071|3_3071_4,3071,3_3071_4,3789,rank_2001_5000,0.0,27.250604600628996,intensity_distance_weighted_mps,7.35294118,0.0007352941176470588,2.5373134328358242,65.68181818181819,4,178.13335080158242,14.6,-61.10000000000002,SE
storm_cmcc,STORM_CMCC,storm_cmcc|3538|3_3538_0,3538,3_3538_0,3790,rank_2001_5000,0.0,27.241100225159048,intensity_distance_weighted_mps,7.35294118,0.0007352941176470588,2.532588454376167,43.18181818181819,2,114.74476369438443,17.2,-61.30000000000001,NE
storm_cmcc,STORM_CMCC,storm_cmcc|3147|3_3147_4,3147,3_3147_4,3798,rank_2001_5000,0.0,27.216305435699955,intensity_distance_weighted_mps,7.35294118,0.0007352941176470588,2.5278810408921966,53.63636363636365,3,147.78949289572193,17.5,-61.5,NW
storm_cmcc,STORM_CMCC,storm_cmcc|1003|1_1003_6,1003,1_1003_6,3803,rank_2001_5000,0.0,27.205714276259755,intensity_distance_weighted_mps,7.35294118,0.0007352941176470588,2.523191094619669,55.0,3,151.61387634919788,16.7,-60.10000000000002,NE
storm_cmcc,STORM_CMCC,storm_cmcc|6413|6_6413_4,6413,6_6413_4,3820,rank_2001_5000,0.0,27.07204900815589,intensity_distance_weighted_mps,7.35294118,0.0007352941176470588,2.5185185185185217,36.5909090909091,1,88.945333302168,15.4,-61.19999999999999,SE
storm_cmcc,STORM_CMCC,storm_cmcc|8484|8_8484_2,8484,8_8484_2,3828,rank_2001_5000,0.0,27.03097029179576,intensity_distance_weighted_mps,7.35294118,0.0007352941176470588,2.513863216266177,32.04545454545455,0,64.60610775046256,16.6,-61.0,NE
storm_cmcc,STORM_CMCC,storm_cmcc|5130|5_5130_10,5130,5_5130_10,3839,rank_2001_5000,0.0,26.973553017356497,intensity_distance_weighted_mps,7.35294118,0.0007352941176470588,2.509225092250926,39.88636363636364,1,103.78451774889719,16.9,-60.80000000000001,NE
storm_cmcc,STORM_CMCC,storm_cmcc|2906|2_2906_17,2906,2_2906_17,3844,rank_2001_5000,0.0,26.93380549259908,intensity_distance_weighted_mps,7.35294118,0.0007352941176470588,2.504604051565381,35.227272727272734,1,83.23585901718393,16.9,-61.60000000000002,NW
storm_cmcc,STORM_CMCC,storm_cmcc|4151|4_4151_3,4151,4_4151_3,3845,rank_2001_5000,0.0,26.930217946471107,intensity_distance_weighted_mps,7.35294118,0.0007352941176470588,2.5000000000000036,40.909090909090914,1,108.07056052896323,15.4,-60.80000000000001,SE
storm_cmcc,STORM_CMCC,storm_cmcc|3732|3_3732_5,3732,3_3732_5,3846,rank_2001_5000,0.0,26.928675500973366,intensity_distance_weighted_mps,7.35294118,0.0007352941176470588,2.4954128440367005,28.522727272727277,0,36.495134936606505,15.9,-61.60000000000002,SW
storm_cmcc,STORM_CMCC,storm_cmcc|9855|9_9855_7,9855,9_9855_7,3867,rank_2001_5000,0.0,26.806034494456803,intensity_distance_weighted_mps,7.35294118,0.0007352941176470588,2.490842490842494,61.81818181818182,4,171.42902164729884,17.6,-60.80000000000001,NE
storm_cmcc,STORM_CMCC,storm_cmcc|974|0_974_7,974,0_974_7,3871,rank_2001_5000,0.0,26.783816077930897,intensity_distance_weighted_mps,7.35294118,0.0007352941176470588,2.4862888482632575,38.18181818181819,1,97.85193055477494,15.5,-62.0,SW
storm_cmcc,STORM_CMCC,storm_cmcc|3388|3_3388_17,3388,3_3388_17,3879,rank_2001_5000,0.0,26.72592926997207,intensity_distance_weighted_mps,7.35294118,0.0007352941176470588,2.4817518248175214,57.72727272727273,4,161.55303043680667,17.6,-61.69999999999999,NW
storm_cmcc,STORM_CMCC,storm_cmcc|6744|6_6744_4,6744,6_6744_4,3884,rank_2001_5000,0.0,26.69090092215063,intensity_distance_weighted_mps,7.35294118,0.0007352941176470588,2.4772313296903494,34.43181818181819,1,80.7803731887594,16.9,-61.39999999999998,NE
storm_cmcc,STORM_CMCC,storm_cmcc|8553|8_8553_5,8553,8_8553_5,3887,rank_2001_5000,0.0,26.689029361114407,intensity_distance_weighted_mps,7.35294118,0.0007352941176470588,2.472727272727276,51.02272727272727,3,143.2283290905617,17.4,-61.0,NE
storm_cmcc,STORM_CMCC,storm_cmcc|3810|3_3810_2,3810,3_3810_2,3891,rank_2001_5000,0.0,26.663746890244685,intensity_distance_weighted_mps,7.35294118,0.0007352941176470588,2.4682395644283157,58.977272727272734,4,165.1288072691865,17.1,-60.19999999999999,NE
storm_cmcc,STORM_CMCC,storm_cmcc|7225|7_7225_4,7225,7_7225_4,3908,rank_2001_5000,0.0,26.592572230942018,intensity_distance_weighted_mps,7.35294118,0.0007352941176470588,2.4637681159420324,74.31818181818183,5,200.94945256168774,17.7,-60.39999999999998,NE
storm_cmcc,STORM_CMCC,storm_cmcc|7758|7_7758_3,7758,7_7758_3,3916,rank_2001_5000,0.0,26.572374659818564,intensity_distance_weighted_mps,7.35294118,0.0007352941176470588,2.459312839059678,29.431818181818183,0,49.20586117283322,16.5,-61.10000000000002,NE
storm_cmcc,STORM_CMCC,storm_cmcc|2781|2_2781_6,2781,2_2781_6,3917,rank_2001_5000,0.0,26.568053653053664,intensity_distance_weighted_mps,7.35294118,0.0007352941176470588,2.4548736462093896,47.159090909090914,2,132.05367788356398,15.0,-61.60000000000002,SW
storm_cmcc,STORM_CMCC,storm_cmcc|1175|1_1175_9,1175,1_1175_9,3925,rank_2001_5000,0.0,26.523935179519952,intensity_distance_weighted_mps,7.35294118,0.0007352941176470588,2.450450450450454,27.272727272727273,0,25.20303862703192,16.4,-61.39999999999998,NE
storm_cmcc,STORM_CMCC,storm_cmcc|5308|5_5308_7,5308,5_5308_7,3928,rank_2001_5000,0.0,26.4949625714562,intensity_distance_weighted_mps,7.35294118,0.0007352941176470588,2.4460431654676293,50.11363636363637,3,141.62416354722689,14.9,-61.39999999999998,SE
storm_cmcc,STORM_CMCC,storm_cmcc|1653|1_1653_8,1653,1_1653_8,3931,rank_2001_5000,0.0,26.483526203630756,intensity_distance_weighted_mps,7.35294118,0.0007352941176470588,2.441651705565533,35.79545454545455,1,88.945333302168,15.4,-61.19999999999999,SE
storm_cmcc,STORM_CMCC,storm_cmcc|9946|9_9946_0,9946,9_9946_0,3933,rank_2001_5000,0.0,26.474488953864473,intensity_distance_weighted_mps,7.35294118,0.0007352941176470588,2.437275985663086,40.79545454545455,1,110.32237862032298,15.3,-61.89999999999998,SW
storm_cmcc,STORM_CMCC,storm_cmcc|9942|9_9942_11,9942,9_9942_11,3937,rank_2001_5000,0.0,26.45004952677944,intensity_distance_weighted_mps,7.35294118,0.0007352941176470588,2.432915921288018,38.06818181818182,1,99.41368515929982,15.7,-62.19999999999999,SW
storm_cmcc,STORM_CMCC,storm_cmcc|7894|7_7894_3,7894,7_7894_3,3942,rank_2001_5000,0.0,26.38837507671722,intensity_distance_weighted_mps,7.35294118,0.0007352941176470588,2.428571428571432,51.02272727272727,3,144.92907086541166,15.0,-62.0,SW
storm_cmcc,STORM_CMCC,storm_cmcc|6584|6_6584_7,6584,6_6584_7,3947,rank_2001_5000,0.0,26.37109415505771,intensity_distance_weighted_mps,7.35294118,0.0007352941176470588,2.4242424242424274,37.95454545454545,1,99.41368515929982,15.7,-62.19999999999999,SW
storm_cmcc,STORM_CMCC,storm_cmcc|9344|9_9344_6,9344,9_9344_6,3951,rank_2001_5000,0.0,26.354586118139807,intensity_distance_weighted_mps,7.35294118,0.0007352941176470588,2.419928825622779,34.31818181818182,1,82.45514516753867,15.6,-61.89999999999998,SW
storm_cmcc,STORM_CMCC,storm_cmcc|8953|8_8953_15,8953,8_8953_15,3959,rank_2001_5000,0.0,26.326941141385813,intensity_distance_weighted_mps,7.35294118,0.0007352941176470588,2.415630550621673,69.54545454545456,4,192.18786840391638,14.8,-62.5,SW
storm_cmcc,STORM_CMCC,storm_cmcc|7335|7_7335_7,7335,7_7335_7,3962,rank_2001_5000,0.0,26.319922396796727,intensity_distance_weighted_mps,7.35294118,0.0007352941176470588,2.4113475177305,34.54545454545455,1,83.85538531905648,16.9,-61.19999999999999,NE
storm_cmcc,STORM_CMCC,storm_cmcc|5021|5_5021_6,5021,5_5021_6,3971,rank_2001_5000,0.0,26.248871539108116,intensity_distance_weighted_mps,7.35294118,0.0007352941176470588,2.4070796460177024,40.56818181818183,1,110.78908872849449,16.9,-60.69999999999999,NE
storm_cmcc,STORM_CMCC,storm_cmcc|1401|1_1401_1,1401,1_1401_1,3973,rank_2001_5000,0.0,26.23588461242121,intensity_distance_weighted_mps,7.35294118,0.0007352941176470588,2.402826855123678,32.27272727272727,0,71.95290479087805,15.6,-61.10000000000002,SE
storm_cmcc,STORM_CMCC,storm_cmcc|8688|8_8688_8,8688,8_8688_8,3975,rank_2001_5000,0.0,26.213306926447785,intensity_distance_weighted_mps,7.35294118,0.0007352941176470588,2.3985890652557353,64.31818181818183,4,180.8508785236693,17.8,-61.39999999999998,NE
storm_cmcc,STORM_CMCC,storm_cmcc|48|0_48_9,48,0_48_9,3985,rank_2001_5000,0.0,26.186912864088814,intensity_distance_weighted_mps,7.35294118,0.0007352941176470588,2.394366197183102,27.727272727272727,0,36.37979138977118,16.0,-61.69999999999999,SW
storm_cmcc,STORM_CMCC,storm_cmcc|4484|4_4484_12,4484,4_4484_12,3988,rank_2001_5000,0.0,26.18020677916616,intensity_distance_weighted_mps,7.35294118,0.0007352941176470588,2.3901581722319896,33.18181818181819,1,77.57177417474774,15.5,-61.60000000000002,SW
storm_cmcc,STORM_CMCC,storm_cmcc|9659|9_9659_3,9659,9_9659_3,4007,rank_2001_5000,0.0,26.095212071368795,intensity_distance_weighted_mps,7.35294118,0.0007352941176470588,2.385964912280705,27.272727272727273,0,31.86354595969182,15.9,-61.5,SW
storm_cmcc,STORM_CMCC,storm_cmcc|3643|3_3643_10,3643,3_3643_10,4008,rank_2001_5000,0.0,26.09083520978445,intensity_distance_weighted_mps,7.35294118,0.0007352941176470588,2.3817863397548193,30.22727272727273,0,59.7255973981814,16.7,-61.30000000000001,NE
storm_cmcc,STORM_CMCC,storm_cmcc|1889|1_1889_12,1889,1_1889_12,4019,rank_2001_5000,0.0,26.03028884492639,intensity_distance_weighted_mps,7.35294118,0.0007352941176470588,2.377622377622381,74.20454545454545,5,204.06065495994446,14.4,-61.89999999999998,SW
storm_cmcc,STORM_CMCC,storm_cmcc|9596|9_9596_3,9596,9_9596_3,4021,rank_2001_5000,0.0,26.02726464624796,intensity_distance_weighted_mps,7.35294118,0.0007352941176470588,2.3734729493891833,54.31818181818182,3,156.3869496130646,17.5,-61.89999999999998,NW
storm_cmcc,STORM_CMCC,storm_cmcc|8055|8_8055_0,8055,8_8055_0,4022,rank_2001_5000,0.0,26.02284235140524,intensity_distance_weighted_mps,7.35294118,0.0007352941176470588,2.3693379790940803,26.13636363636364,0,9.90723678480257,16.2,-61.5,NW
storm_cmcc,STORM_CMCC,storm_cmcc|7506|7_7506_4,7506,7_7506_4,4031,rank_2001_5000,0.0,25.99769584884976,intensity_distance_weighted_mps,7.35294118,0.0007352941176470588,2.365217391304351,72.04545454545455,5,199.63104400379032,14.4,-61.69999999999999,SW
storm_cmcc,STORM_CMCC,storm_cmcc|9447|9_9447_0,9447,9_9447_0,4039,rank_2001_5000,0.0,25.9479813995773,intensity_distance_weighted_mps,7.35294118,0.0007352941176470588,2.3611111111111147,33.52272727272727,1,81.04449186897043,16.799999999999997,-61.80000000000001,NW
storm_cmcc,STORM_CMCC,storm_cmcc|6844|6_6844_5,6844,6_6844_5,4045,rank_2001_5000,0.0,25.934063331141076,intensity_distance_weighted_mps,7.35294118,0.0007352941176470588,2.357019064124787,37.61363636363637,1,100.66290487083856,15.4,-61.89999999999998,SW
storm_cmcc,STORM_CMCC,storm_cmcc|8094|8_8094_7,8094,8_8094_7,4053,rank_2001_5000,0.0,25.907051990964618,intensity_distance_weighted_mps,7.35294118,0.0007352941176470588,2.352941176470592,28.06818181818182,0,43.32341565106727,15.9,-61.69999999999999,SW
storm_cmcc,STORM_CMCC,storm_cmcc|7857|7_7857_0,7857,7_7857_0,4060,rank_2001_5000,0.0,25.885057211856452,intensity_distance_weighted_mps,7.35294118,0.0007352941176470588,2.348877374784114,54.31818181818182,3,157.20957318158864,17.5,-60.89999999999998,NE
storm_cmcc,STORM_CMCC,storm_cmcc|5888|5_5888_8,5888,5_5888_8,4062,rank_2001_5000,0.0,25.88385744737832,intensity_distance_weighted_mps,7.35294118,0.0007352941176470588,2.3448275862069,60.227272727272734,4,172.78200131366756,14.7,-60.89999999999998,SE
storm_cmcc,STORM_CMCC,storm_cmcc|326|0_326_10,326,0_326_10,4069,rank_2001_5000,0.0,25.854202371715356,intensity_distance_weighted_mps,7.35294118,0.0007352941176470588,2.3407917383821033,28.636363636363637,0,49.20586117283322,16.5,-61.10000000000002,NE
storm_cmcc,STORM_CMCC,storm_cmcc|7919|7_7919_9,7919,7_7919_9,4093,rank_2001_5000,0.0,25.768926598808914,intensity_distance_weighted_mps,7.35294118,0.0007352941176470588,2.336769759450175,53.977272727272734,3,156.93937069434486,17.2,-60.39999999999998,NE
storm_cmcc,STORM_CMCC,storm_cmcc|3489|3_3489_1,3489,3_3489_1,4107,rank_2001_5000,0.0,25.70136896035502,intensity_distance_weighted_mps,7.35294118,0.0007352941176470588,2.3327615780446003,26.59090909090909,0,27.90589165226733,16.0,-61.60000000000002,SW
storm_cmcc,STORM_CMCC,storm_cmcc|6084|6_6084_6,6084,6_6084_6,4112,rank_2001_5000,0.0,25.694774234157098,intensity_distance_weighted_mps,7.35294118,0.0007352941176470588,2.3287671232876748,61.93181818181819,4,178.13335080158242,14.6,-61.10000000000002,SE
storm_cmcc,STORM_CMCC,storm_cmcc|4316|4_4316_5,4316,4_4316_5,4125,rank_2001_5000,0.0,25.621158902023776,intensity_distance_weighted_mps,7.35294118,0.0007352941176470588,2.324786324786328,40.11363636363637,1,112.81405008125577,15.5,-62.19999999999999,SW
storm_cmcc,STORM_CMCC,storm_cmcc|2006|2_2006_4,2006,2_2006_4,4130,rank_2001_5000,0.0,25.61137717260514,intensity_distance_weighted_mps,7.35294118,0.0007352941176470588,2.32081911262799,32.159090909090914,0,75.84372154437999,15.5,-61.30000000000001,SE
storm_cmcc,STORM_CMCC,storm_cmcc|7808|7_7808_15,7808,7_7808_15,4147,rank_2001_5000,0.0,25.4578361567893,intensity_distance_weighted_mps,7.35294118,0.0007352941176470588,2.316865417376494,36.13636363636364,1,97.14852257949124,15.3,-61.39999999999998,SE
storm_cmcc,STORM_CMCC,storm_cmcc|9930|9_9930_6,9930,9_9930_6,4148,rank_2001_5000,0.0,25.457159774091817,intensity_distance_weighted_mps,7.35294118,0.0007352941176470588,2.3129251700680307,51.13636363636364,3,150.65274958534243,17.5,-61.69999999999999,NW
storm_cmcc,STORM_CMCC,storm_cmcc|2124|2_2124_19,2124,2_2124_19,4172,rank_2001_5000,0.0,25.361568323576474,intensity_distance_weighted_mps,7.35294118,0.0007352941176470588,2.3089983022071343,44.65909090909091,2,130.84405198191362,15.0,-61.5,SW
storm_cmcc,STORM_CMCC,storm_cmcc|1225|1_1225_6,1225,1_1225_6,4184,rank_2001_5000,0.0,25.300693842125987,intensity_distance_weighted_mps,7.35294118,0.0007352941176470588,2.3050847457627155,25.681818181818187,0,18.410194885213727,16.3,-61.30000000000001,NE
storm_cmcc,STORM_CMCC,storm_cmcc|8649|8_8649_12,8649,8_8649_12,4190,rank_2001_5000,0.0,25.28353762888907,intensity_distance_weighted_mps,7.35294118,0.0007352941176470588,2.3011844331641322,36.93181818181819,1,101.81300372998135,17.0,-61.0,NE
storm_cmcc,STORM_CMCC,storm_cmcc|8192|8_8192_2,8192,8_8192_2,4197,rank_2001_5000,0.0,25.262764915368514,intensity_distance_weighted_mps,7.35294118,0.0007352941176470588,2.297297297297301,40.34090909090909,1,115.88434343375023,17.2,-61.60000000000002,NW
storm_cmcc,STORM_CMCC,storm_cmcc|7896|7_7896_3,7896,7_7896_3,4204,rank_2001_5000,0.0,25.220091981223945,intensity_distance_weighted_mps,7.35294118,0.0007352941176470588,2.2934232715008465,73.63636363636364,5,207.83256498004314,14.4,-60.80000000000001,SE
storm_cmcc,STORM_CMCC,storm_cmcc|8026|8_8026_12,8026,8_8026_12,4221,rank_2001_5000,0.0,25.13519654132638,intensity_distance_weighted_mps,7.35294118,0.0007352941176470588,2.289562289562293,45.22727272727273,2,134.11042056560274,15.0,-61.69999999999999,SW
storm_cmcc,STORM_CMCC,storm_cmcc|5766|5_5766_9,5766,5_5766_9,4232,rank_2001_5000,0.0,25.067862392186434,intensity_distance_weighted_mps,7.35294118,0.0007352941176470588,2.285714285714289,30.113636363636367,0,67.29712391290883,16.7,-61.10000000000002,NE
storm_cmcc,STORM_CMCC,storm_cmcc|5309|5_5309_7,5309,5_5309_7,4234,rank_2001_5000,0.0,25.065249988273937,intensity_distance_weighted_mps,7.35294118,0.0007352941176470588,2.281879194630876,30.79545454545455,0,71.72000343812064,16.7,-61.80000000000001,NW
storm_cmcc,STORM_CMCC,storm_cmcc|6245|6_6245_10,6245,6_6245_10,4256,rank_2001_5000,0.0,24.982911828624335,intensity_distance_weighted_mps,7.35294118,0.0007352941176470588,2.278056951423789,56.93181818181819,3,169.62807345227435,14.8,-62.10000000000002,SW
storm_cmcc,STORM_CMCC,storm_cmcc|1793|1_1793_7,1793,1_1793_7,4265,rank_2001_5000,0.0,24.946499772709057,intensity_distance_weighted_mps,7.35294118,0.0007352941176470588,2.2742474916387994,37.159090909090914,1,104.95191288149351,17.1,-61.60000000000002,NW
storm_cmcc,STORM_CMCC,storm_cmcc|9829|9_9829_9,9829,9_9829_9,4267,rank_2001_5000,0.0,24.944177992711058,intensity_distance_weighted_mps,7.35294118,0.0007352941176470588,2.27045075125209,29.88636363636364,0,66.76766495404644,16.3,-60.80000000000001,NE
storm_cmcc,STORM_CMCC,storm_cmcc|4315|4_4315_3,4315,4_4315_3,4276,rank_2001_5000,0.0,24.8975499865588,intensity_distance_weighted_mps,7.35294118,0.0007352941176470588,2.26666666666667,32.27272727272727,0,81.63928355226668,16.9,-61.30000000000001,NE
storm_cmcc,STORM_CMCC,storm_cmcc|5742|5_5742_1,5742,5_5742_1,4285,rank_2001_5000,0.0,24.864461694584495,intensity_distance_weighted_mps,7.35294118,0.0007352941176470588,2.262895174708822,30.22727272727273,0,69.6623266658628,16.8,-61.39999999999998,NE
storm_cmcc,STORM_CMCC,storm_cmcc|3621|3_3621_7,3621,3_3621_7,4292,rank_2001_5000,0.0,24.837371281783145,intensity_distance_weighted_mps,7.35294118,0.0007352941176470588,2.2591362126245884,40.79545454545455,1,120.234418612869,15.2,-61.89999999999998,SW
storm_cmcc,STORM_CMCC,storm_cmcc|877|0_877_6,877,0_877_6,4303,rank_2001_5000,0.0,24.80373862606587,intensity_distance_weighted_mps,7.35294118,0.0007352941176470588,2.2553897180762887,39.31818181818182,1,114.74476369438443,17.2,-61.30000000000001,NE
storm_cmcc,STORM_CMCC,storm_cmcc|2868|2_2868_11,2868,2_2868_11,4304,rank_2001_5000,0.0,24.803456895416772,intensity_distance_weighted_mps,7.35294118,0.0007352941176470588,2.2516556291390764,27.95454545454546,0,53.46449349747605,15.9,-61.0,SE
storm_cmcc,STORM_CMCC,storm_cmcc|1570|1_1570_5,1570,1_1570_5,4310,rank_2001_5000,0.0,24.7859859486696,intensity_distance_weighted_mps,7.35294118,0.0007352941176470588,2.2479338842975243,41.25,1,122.2520142867609,17.2,-61.0,NE
storm_cmcc,STORM_CMCC,storm_cmcc|9798|9_9798_6,9798,9_9798_6,4328,rank_2001_5000,0.0,24.71702328860905,intensity_distance_weighted_mps,7.35294118,0.0007352941176470588,2.244224422442248,34.09090909090909,1,92.3746923217116,17.0,-61.5,NW
storm_cmcc,STORM_CMCC,storm_cmcc|9289|9_9289_4,9289,9_9289_4,4329,rank_2001_5000,0.0,24.705518853264625,intensity_distance_weighted_mps,7.35294118,0.0007352941176470588,2.2405271828665603,26.250000000000004,0,37.504689570708805,16.5,-61.5,NW
storm_cmcc,STORM_CMCC,storm_cmcc|2317|2_2317_9,2317,2_2317_9,4339,rank_2001_5000,0.0,24.631192102332015,intensity_distance_weighted_mps,7.35294118,0.0007352941176470588,2.2368421052631615,61.81818181818182,4,184.30794430709142,15.1,-60.10000000000002,SE
storm_cmcc,STORM_CMCC,storm_cmcc|8886|8_8886_0,8886,8_8886_0,4342,rank_2001_5000,0.0,24.621358685300812,intensity_distance_weighted_mps,7.35294118,0.0007352941176470588,2.2331691297208573,29.545454545454547,0,67.08084135222408,15.7,-61.80000000000001,SW
storm_cmcc,STORM_CMCC,storm_cmcc|2520|2_2520_9,2520,2_2520_9,4352,rank_2001_5000,0.0,24.575683219203277,intensity_distance_weighted_mps,7.35294118,0.0007352941176470588,2.229508196721315,70.00000000000001,5,203.93072388300936,17.3,-59.89999999999998,NE
storm_cmcc,STORM_CMCC,storm_cmcc|3098|3_3098_0,3098,3_3098_0,4353,rank_2001_5000,0.0,24.566812699939604,intensity_distance_weighted_mps,7.35294118,0.0007352941176470588,2.2258592471358463,44.20454545454546,2,134.11042056560274,15.0,-61.69999999999999,SW
storm_cmcc,STORM_CMCC,storm_cmcc|256|0_256_11,256,0_256_11,4355,rank_2001_5000,0.0,24.54917573905022,intensity_distance_weighted_mps,7.35294118,0.0007352941176470588,2.222222222222226,35.00000000000001,1,97.86965874603096,15.3,-61.30000000000001,SE
storm_cmcc,STORM_CMCC,storm_cmcc|44|0_44_7,44,0_44_7,4356,rank_2001_5000,0.0,24.54848117596404,intensity_distance_weighted_mps,7.35294118,0.0007352941176470588,2.218597063621537,54.88636363636364,3,166.75220200331535,14.7,-61.69999999999999,SW
storm_cmcc,STORM_CMCC,storm_cmcc|9555|9_9555_9,9555,9_9555_9,4357,rank_2001_5000,0.0,24.547706688624974,intensity_distance_weighted_mps,7.35294118,0.0007352941176470588,2.2149837133550525,74.09090909090911,5,213.09724450082987,17.7,-60.19999999999999,NE
storm_cmcc,STORM_CMCC,storm_cmcc|4378|4_4378_12,4378,4_4378_12,4358,rank_2001_5000,0.0,24.54238289078142,intensity_distance_weighted_mps,7.35294118,0.0007352941176470588,2.211382113821142,37.727272727272734,1,109.9439024445533,15.9,-62.39999999999998,SW
storm_cmcc,STORM_CMCC,storm_cmcc|1743|1_1743_4,1743,1_1743_4,4359,rank_2001_5000,0.0,24.541487598918707,intensity_distance_weighted_mps,7.35294118,0.0007352941176470588,2.2077922077922114,41.81818181818182,1,125.85519309032297,15.8,-60.30000000000001,SE
storm_cmcc,STORM_CMCC,storm_cmcc|6969|6_6969_3,6969,6_6969_3,4370,rank_2001_5000,0.0,24.507044614731157,intensity_distance_weighted_mps,7.35294118,0.0007352941176470588,2.204213938411673,60.56818181818182,4,181.95562982593947,17.8,-61.60000000000002,NW
storm_cmcc,STORM_CMCC,storm_cmcc|4887|4_4887_10,4887,4_4887_10,4375,rank_2001_5000,0.0,24.480666979900075,intensity_distance_weighted_mps,7.35294118,0.0007352941176470588,2.200647249190942,30.113636363636367,0,71.95290479087805,15.6,-61.10000000000002,SE
storm_cmcc,STORM_CMCC,storm_cmcc|1155|1_1155_6,1155,1_1155_6,4384,rank_2001_5000,0.0,24.449724380433395,intensity_distance_weighted_mps,7.35294118,0.0007352941176470588,2.1970920840064654,54.88636363636364,3,167.36036858929714,17.4,-60.5,NE
storm_cmcc,STORM_CMCC,storm_cmcc|6716|6_6716_0,6716,6_6716_0,4426,rank_2001_5000,0.0,24.28475591179457,intensity_distance_weighted_mps,7.35294118,0.0007352941176470588,2.1935483870967776,39.09090909090909,1,117.12389504959658,15.3,-60.80000000000001,SE
storm_cmcc,STORM_CMCC,storm_cmcc|449|0_449_8,449,0_449_8,4428,rank_2001_5000,0.0,24.281831314060433,intensity_distance_weighted_mps,7.35294118,0.0007352941176470588,2.190016103059585,63.409090909090914,4,190.41022054215472,17.7,-60.60000000000002,NE
storm_cmcc,STORM_CMCC,storm_cmcc|8516|8_8516_1,8516,8_8516_1,4430,rank_2001_5000,0.0,24.2808085749718,intensity_distance_weighted_mps,7.35294118,0.0007352941176470588,2.186495176848878,53.409090909090914,3,164.29226773705182,14.7,-61.30000000000001,SE
storm_cmcc,STORM_CMCC,storm_cmcc|727|0_727_2,727,0_727_2,4433,rank_2001_5000,0.0,24.26794593393629,intensity_distance_weighted_mps,7.35294118,0.0007352941176470588,2.182985553772074,65.00000000000001,4,194.33136691288075,14.6,-62.19999999999999,SW
storm_cmcc,STORM_CMCC,storm_cmcc|7660|7_7660_3,7660,7_7660_3,4440,rank_2001_5000,0.0,24.256432152360922,intensity_distance_weighted_mps,7.35294118,0.0007352941176470588,2.179487179487183,36.02272727272727,1,104.47146068282125,16.7,-60.60000000000002,NE
storm_cmcc,STORM_CMCC,storm_cmcc|7955|7_7955_4,7955,7_7955_4,4443,rank_2001_5000,0.0,24.252636583209068,intensity_distance_weighted_mps,7.35294118,0.0007352941176470588,2.1760000000000037,48.86363636363637,3,151.10415542993394,17.4,-60.80000000000001,NE
storm_cmcc,STORM_CMCC,storm_cmcc|7812|7_7812_12,7812,7_7812_12,4446,rank_2001_5000,0.0,24.241219147136434,intensity_distance_weighted_mps,7.35294118,0.0007352941176470588,2.172523961661345,31.47727272727273,0,81.95301152096921,16.5,-62.10000000000002,NW
storm_cmcc,STORM_CMCC,storm_cmcc|1792|1_1792_5,1792,1_1792_5,4454,rank_2001_5000,0.0,24.220751726933013,intensity_distance_weighted_mps,7.35294118,0.0007352941176470588,2.169059011164278,46.25000000000001,2,143.05310503898684,14.9,-61.60000000000002,SW
storm_cmcc,STORM_CMCC,storm_cmcc|1863|1_1863_1,1863,1_1863_1,4472,rank_2001_5000,0.0,24.149132247677564,intensity_distance_weighted_mps,7.35294118,0.0007352941176470588,2.165605095541405,58.52272727272728,4,178.9587642229943,17.4,-62.5,NW
storm_cmcc,STORM_CMCC,storm_cmcc|2864|2_2864_1,2864,2_2864_1,4496,rank_2001_5000,0.0,24.05496477924842,intensity_distance_weighted_mps,7.35294118,0.0007352941176470588,2.162162162162166,38.52272727272727,1,116.32942507107016,17.2,-61.19999999999999,NE
storm_cmcc,STORM_CMCC,storm_cmcc|9022|9_9022_10,9022,9_9022_10,4515,rank_2001_5000,0.0,23.97355810136047,intensity_distance_weighted_mps,7.35294118,0.0007352941176470588,2.158730158730162,34.09090909090909,1,97.44474411509874,16.9,-60.89999999999998,NE
storm_cmcc,STORM_CMCC,storm_cmcc|9885|9_9885_6,9885,9_9885_6,4527,rank_2001_5000,0.0,23.943243788023853,intensity_distance_weighted_mps,7.35294118,0.0007352941176470588,2.1553090332805107,27.04545454545455,0,53.99274592255906,15.7,-61.30000000000001,SE
storm_cmcc,STORM_CMCC,storm_cmcc|6185|6_6185_5,6185,6_6185_5,4564,rank_2001_5000,0.0,23.775209072367705,intensity_distance_weighted_mps,7.35294118,0.0007352941176470588,2.1518987341772187,71.81818181818183,5,213.22789663156044,18.0,-60.80000000000001,NE
storm_cmcc,STORM_CMCC,storm_cmcc|9735|9_9735_4,9735,9_9735_4,4576,rank_2001_5000,0.0,23.720346860284337,intensity_distance_weighted_mps,7.35294118,0.0007352941176470588,2.148499210110588,63.52272727272727,4,194.30557631009597,17.5,-62.60000000000002,NW
storm_cmcc,STORM_CMCC,storm_cmcc|5229|5_5229_14,5229,5_5229_14,4577,rank_2001_5000,0.0,23.71724763228097,intensity_distance_weighted_mps,7.35294118,0.0007352941176470588,2.1451104100946408,24.204545454545457,0,21.500885690759674,16.0,-61.5,SW
storm_cmcc,STORM_CMCC,storm_cmcc|7611|7_7611_3,7611,7_7611_3,4583,rank_2001_5000,0.0,23.704188900305265,intensity_distance_weighted_mps,7.35294118,0.0007352941176470588,2.1417322834645707,74.54545454545455,5,219.67816188642476,14.5,-62.5,SW
storm_cmcc,STORM_CMCC,storm_cmcc|1113|1_1113_2,1113,1_1113_2,4591,rank_2001_5000,0.0,23.688476454977565,intensity_distance_weighted_mps,7.35294118,0.0007352941176470588,2.1383647798742174,52.38636363636364,3,165.10022161849935,14.7,-61.60000000000002,SW
storm_cmcc,STORM_CMCC,storm_cmcc|6047|6_6047_5,6047,6_6047_5,4593,rank_2001_5000,0.0,23.67161763307167,intensity_distance_weighted_mps,7.35294118,0.0007352941176470588,2.135007849293567,72.04545454545455,5,214.42852518532115,15.0,-63.0,SW
storm_cmcc,STORM_CMCC,storm_cmcc|1013|1_1013_4,1013,1_1013_4,4596,rank_2001_5000,0.0,23.66317646666955,intensity_distance_weighted_mps,7.35294118,0.0007352941176470588,2.131661442006273,41.70454545454546,1,130.9753242517024,15.2,-62.10000000000002,SW
storm_cmcc,STORM_CMCC,storm_cmcc|888|0_888_8,888,0_888_8,4599,rank_2001_5000,0.0,23.64401817902688,intensity_distance_weighted_mps,7.35294118,0.0007352941176470588,2.1283255086072024,28.06818181818182,0,64.8852836935117,15.6,-61.30000000000001,SE
storm_cmcc,STORM_CMCC,storm_cmcc|8505|8_8505_1,8505,8_8505_1,4601,rank_2001_5000,0.0,23.63224223866758,intensity_distance_weighted_mps,7.35294118,0.0007352941176470588,2.1250000000000036,30.90909090909091,0,83.23585901718393,16.9,-61.60000000000002,NW
storm_cmcc,STORM_CMCC,storm_cmcc|5424|5_5424_2,5424,5_5424_2,4606,rank_2001_5000,0.0,23.619764191675564,intensity_distance_weighted_mps,7.35294118,0.0007352941176470588,2.1216848673946993,57.95454545454546,4,180.8508785236693,17.8,-61.39999999999998,NE
storm_cmcc,STORM_CMCC,storm_cmcc|2976|2_2976_0,2976,2_2976_0,4615,rank_2001_5000,0.0,23.574270498106323,intensity_distance_weighted_mps,7.35294118,0.0007352941176470588,2.1183800623052993,46.02272727272727,2,146.37448267264332,17.3,-60.69999999999999,NE
storm_cmcc,STORM_CMCC,storm_cmcc|9062|9_9062_6,9062,9_9062_6,4620,rank_2001_5000,0.0,23.55810805914214,intensity_distance_weighted_mps,7.35294118,0.0007352941176470588,2.1150855365474373,69.43181818181819,4,209.31627010578993,14.3,-61.60000000000002,SW
storm_cmcc,STORM_CMCC,storm_cmcc|3284|3_3284_9,3284,3_3284_9,4630,rank_2001_5000,0.0,23.506366834560882,intensity_distance_weighted_mps,7.35294118,0.0007352941176470588,2.1118012422360284,40.68181818181818,1,128.2190585204112,15.4,-62.30000000000001,SW
storm_cmcc,STORM_CMCC,storm_cmcc|2337|2_2337_7,2337,2_2337_7,4632,rank_2001_5000,0.0,23.50230389829432,intensity_distance_weighted_mps,7.35294118,0.0007352941176470588,2.1085271317829495,65.68181818181819,4,200.94945256168774,17.7,-60.39999999999998,NE
storm_cmcc,STORM_CMCC,storm_cmcc|4007|4_4007_5,4007,4_4007_5,4633,rank_2001_5000,0.0,23.49880516284364,intensity_distance_weighted_mps,7.35294118,0.0007352941176470588,2.1052631578947403,32.38636363636364,0,92.24856188143886,15.4,-61.10000000000002,SE
storm_cmcc,STORM_CMCC,storm_cmcc|4826|4_4826_0,4826,4_4826_0,4642,rank_2001_5000,0.0,23.459735370800885,intensity_distance_weighted_mps,7.35294118,0.0007352941176470588,2.102009273570328,28.181818181818183,0,67.29712391290883,16.7,-61.10000000000002,NE
storm_cmcc,STORM_CMCC,storm_cmcc|2346|2_2346_5,2346,2_2346_5,4674,rank_2001_5000,0.0,23.335548274977857,intensity_distance_weighted_mps,7.35294118,0.0007352941176470588,2.098765432098769,47.95454545454546,2,154.06976982286767,14.8,-61.60000000000002,SW
storm_cmcc,STORM_CMCC,storm_cmcc|955|0_955_5,955,0_955_5,4676,rank_2001_5000,0.0,23.33231693690144,intensity_distance_weighted_mps,7.35294118,0.0007352941176470588,2.0955315870570144,64.6590909090909,4,199.63104400379032,14.4,-61.69999999999999,SW
storm_cmcc,STORM_CMCC,storm_cmcc|1810|1_1810_8,1810,1_1810_8,4679,rank_2001_5000,0.0,23.32757390243278,intensity_distance_weighted_mps,7.35294118,0.0007352941176470588,2.092307692307696,64.88636363636364,4,200.21099219685948,14.5,-62.10000000000002,SW
storm_cmcc,STORM_CMCC,storm_cmcc|8719|8_8719_3,8719,8_8719_3,4697,rank_2001_5000,0.0,23.244479719549528,intensity_distance_weighted_mps,7.35294118,0.0007352941176470588,2.0890937019969313,54.43181818181819,3,173.7482747414045,17.4,-60.39999999999998,NE
storm_cmcc,STORM_CMCC,storm_cmcc|1137|1_1137_7,1137,1_1137_7,4700,rank_2001_5000,0.0,23.230599552469766,intensity_distance_weighted_mps,7.35294118,0.0007352941176470588,2.0858895705521507,68.86363636363637,4,210.23292632321915,18.0,-60.89999999999998,NE
storm_cmcc,STORM_CMCC,storm_cmcc|995|0_995_2,995,0_995_2,4719,rank_2001_5000,0.0,23.135017080739168,intensity_distance_weighted_mps,7.35294118,0.0007352941176470588,2.0826952526799425,52.04545454545455,3,167.68093172710243,17.6,-60.89999999999998,NE
storm_cmcc,STORM_CMCC,storm_cmcc|8141|8_8141_1,8141,8_8141_1,4728,rank_2001_5000,0.0,23.1118808604407,intensity_distance_weighted_mps,7.35294118,0.0007352941176470588,2.0795107033639177,26.022727272727273,0,53.23328406682584,15.799999999999995,-61.10000000000002,SE
storm_cmcc,STORM_CMCC,storm_cmcc|1749|1_1749_10,1749,1_1749_10,4767,rank_2001_5000,0.0,22.95229364622414,intensity_distance_weighted_mps,7.35294118,0.0007352941176470588,2.076335877862599,35.00000000000001,1,108.67518798900369,15.2,-61.5,SW
storm_cmcc,STORM_CMCC,storm_cmcc|9146|9_9146_15,9146,9_9146_15,4769,rank_2001_5000,0.0,22.94324635285628,intensity_distance_weighted_mps,7.35294118,0.0007352941176470588,2.0731707317073207,34.31818181818182,1,105.61808662881498,17.0,-61.89999999999998,NW
storm_cmcc,STORM_CMCC,storm_cmcc|4102|4_4102_4,4102,4_4102_4,4773,rank_2001_5000,0.0,22.933832845141925,intensity_distance_weighted_mps,7.35294118,0.0007352941176470588,2.0700152207001556,39.88636363636364,1,128.96450887514428,17.3,-61.69999999999999,NW
storm_cmcc,STORM_CMCC,storm_cmcc|9114|9_9114_2,9114,9_9114_2,4811,rank_2001_5000,0.0,22.831603739447388,intensity_distance_weighted_mps,7.35294118,0.0007352941176470588,2.0668693009118577,60.227272727272734,4,191.9701496128567,17.9,-61.39999999999998,NE
storm_cmcc,STORM_CMCC,storm_cmcc|1017|1_1017_11,1017,1_1017_11,4815,rank_2001_5000,0.0,22.82627986440522,intensity_distance_weighted_mps,7.35294118,0.0007352941176470588,2.0637329286798214,51.47727272727273,3,168.05193926455308,15.0,-62.39999999999998,SW
storm_cmcc,STORM_CMCC,storm_cmcc|6690|6_6690_0,6690,6_6690_0,4819,rank_2001_5000,0.0,22.79941398735382,intensity_distance_weighted_mps,7.35294118,0.0007352941176470588,2.060606060606064,44.09090909090909,2,144.95476503422174,14.9,-61.69999999999999,SW
storm_cmcc,STORM_CMCC,storm_cmcc|9168|9_9168_8,9168,9_9168_8,4824,rank_2001_5000,0.0,22.766735528270107,intensity_distance_weighted_mps,7.35294118,0.0007352941176470588,2.057488653555223,32.727272727272734,0,99.2161244263913,15.3,-61.60000000000002,SW
storm_cmcc,STORM_CMCC,storm_cmcc|77|0_77_1,77,0_77_1,4837,rank_2001_5000,0.0,22.701193144721888,intensity_distance_weighted_mps,7.35294118,0.0007352941176470588,2.0543806646525717,78.18181818181819,5,234.49716130615178,18.2,-60.80000000000001,NE
storm_cmcc,STORM_CMCC,storm_cmcc|3141|3_3141_2,3141,3_3141_2,4841,rank_2001_5000,0.0,22.687412582279425,intensity_distance_weighted_mps,7.35294118,0.0007352941176470588,2.0512820512820547,55.56818181818182,3,180.58004593104252,17.6,-60.60000000000002,NE
storm_cmcc,STORM_CMCC,storm_cmcc|2403|2_2403_3,2403,2_2403_3,4847,rank_2001_5000,0.0,22.664189712923307,intensity_distance_weighted_mps,7.35294118,0.0007352941176470588,2.048192771084341,33.86363636363637,1,105.44341021737615,17.1,-61.19999999999999,NE
storm_cmcc,STORM_CMCC,storm_cmcc|8577|8_8577_3,8577,8_8577_3,4848,rank_2001_5000,0.0,22.663788336528796,intensity_distance_weighted_mps,7.35294118,0.0007352941176470588,2.0451127819548907,23.181818181818183,0,22.677877083396297,16.0,-61.30000000000001,SE
storm_cmcc,STORM_CMCC,storm_cmcc|9594|9_9594_11,9594,9_9594_11,4854,rank_2001_5000,0.0,22.64230417292036,intensity_distance_weighted_mps,7.35294118,0.0007352941176470588,2.0420420420420458,38.86363636363637,1,126.96213238021964,16.200000000000003,-62.60000000000002,NW
storm_cmcc,STORM_CMCC,storm_cmcc|8574|8_8574_15,8574,8_8574_15,4867,rank_2001_5000,0.0,22.58453152061887,intensity_distance_weighted_mps,7.35294118,0.0007352941176470588,2.038980509745131,45.68181818181819,2,151.69322975051963,15.3,-62.5,SW
storm_cmcc,STORM_CMCC,storm_cmcc|1641|1_1641_5,1641,1_1641_5,4875,rank_2001_5000,0.0,22.571401018070606,intensity_distance_weighted_mps,7.35294118,0.0007352941176470588,2.0359281437125785,68.18181818181819,4,213.22789663156044,18.0,-60.80000000000001,NE
storm_cmcc,STORM_CMCC,storm_cmcc|8623|8_8623_3,8623,8_8623_3,4877,rank_2001_5000,0.0,22.569731607909482,intensity_distance_weighted_mps,7.35294118,0.0007352941176470588,2.0328849028400633,48.75,2,161.55303043680667,17.6,-61.69999999999999,NW
storm_cmcc,STORM_CMCC,storm_cmcc|4193|4_4193_6,4193,4_4193_6,4878,rank_2001_5000,0.0,22.566104900808583,intensity_distance_weighted_mps,7.35294118,0.0007352941176470588,2.0298507462686604,68.75,4,214.58938580966597,14.4,-62.19999999999999,SW
storm_cmcc,STORM_CMCC,storm_cmcc|432|0_432_4,432,0_432_4,4893,rank_2001_5000,0.0,22.510014806202005,intensity_distance_weighted_mps,7.35294118,0.0007352941176470588,2.026825633383014,53.409090909090914,3,175.742223059283,17.6,-60.69999999999999,NE
storm_cmcc,STORM_CMCC,storm_cmcc|4712|4_4712_2,4712,4_4712_2,4898,rank_2001_5000,0.0,22.48290874625439,intensity_distance_weighted_mps,7.35294118,0.0007352941176470588,2.0238095238095273,42.61363636363637,2,141.9367139592609,14.9,-61.5,SW
storm_cmcc,STORM_CMCC,storm_cmcc|8242|8_8242_8,8242,8_8242_8,4916,rank_2001_5000,0.0,22.37514566465604,intensity_distance_weighted_mps,7.35294118,0.0007352941176470588,2.020802377414565,62.613636363636374,4,201.15422768603082,14.7,-62.5,SW
storm_cmcc,STORM_CMCC,storm_cmcc|2551|2_2551_1,2551,2_2551_1,4925,rank_2001_5000,0.0,22.35644730959574,intensity_distance_weighted_mps,7.35294118,0.0007352941176470588,2.017804154302674,29.88636363636364,0,87.05323988036247,16.1,-60.60000000000002,SE
storm_cmcc,STORM_CMCC,storm_cmcc|1904|1_1904_6,1904,1_1904_6,4927,rank_2001_5000,0.0,22.351958423195434,intensity_distance_weighted_mps,7.35294118,0.0007352941176470588,2.014814814814818,35.79545454545455,1,116.32942507107016,17.2,-61.19999999999999,NE
storm_cmcc,STORM_CMCC,storm_cmcc|2326|2_2326_3,2326,2_2326_3,4943,rank_2001_5000,0.0,22.279058897536352,intensity_distance_weighted_mps,7.35294118,0.0007352941176470588,2.011834319526631,29.545454545454547,0,85.66479082844691,15.5,-61.80000000000001,SW
storm_cmcc,STORM_CMCC,storm_cmcc|436|0_436_2,436,0_436_2,4953,rank_2001_5000,0.0,22.257310380687326,intensity_distance_weighted_mps,7.35294118,0.0007352941176470588,2.0088626292466802,28.750000000000004,0,81.01533628226211,15.5,-61.69999999999999,SW
storm_cmcc,STORM_CMCC,storm_cmcc|8992|8_8992_9,8992,8_8992_9,4960,rank_2001_5000,0.0,22.23635460737312,intensity_distance_weighted_mps,7.35294118,0.0007352941176470588,2.0058997050147527,29.772727272727273,0,87.32541260273997,16.9,-61.10000000000002,NE
storm_cmcc,STORM_CMCC,storm_cmcc|1848|1_1848_1,1848,1_1848_1,4974,rank_2001_5000,0.0,22.16696981408432,intensity_distance_weighted_mps,7.35294118,0.0007352941176470588,2.002945508100151,39.88636363636364,1,134.11042056560274,15.0,-61.69999999999999,SW
storm_cmcc,STORM_CMCC,storm_cmcc|2846|2_2846_6,2846,2_2846_6,4981,rank_2001_5000,0.0,22.1530172990617,intensity_distance_weighted_mps,7.35294118,0.0007352941176470588,2.0000000000000036,72.95454545454547,5,227.15024206525834,18.1,-60.69999999999999,NE
storm_cmcc,STORM_CMCC,storm_cmcc|972|0_972_0,972,0_972_0,5001,rank_5001_10000,0.0,22.085577717669345,intensity_distance_weighted_mps,14.12429379,0.0014124293785310734,1.9943661971831024,47.727272727272734,2,161.62563424704123,15.6,-62.80000000000001,SW
storm_cmcc,STORM_CMCC,storm_cmcc|2208|2_2208_0,2208,2_2208_0,5006,rank_5001_10000,0.0,22.058048439228394,intensity_distance_weighted_mps,14.12429379,0.0014124293785310734,1.988764044943824,33.63636363636364,1,108.67518798900369,15.2,-61.5,SW
storm_cmcc,STORM_CMCC,storm_cmcc|2726|2_2726_6,2726,2_2726_6,5018,rank_5001_10000,0.0,22.03198066190959,intensity_distance_weighted_mps,14.12429379,0.0014124293785310734,1.9831932773109284,48.75,2,165.1834825697088,17.3,-60.39999999999998,NE
storm_cmcc,STORM_CMCC,storm_cmcc|7714|7_7714_7,7714,7_7714_7,5031,rank_5001_10000,0.0,21.96854462463734,intensity_distance_weighted_mps,14.12429379,0.0014124293785310734,1.9776536312849202,35.227272727272734,1,116.53102004244103,17.1,-60.89999999999998,NE
storm_cmcc,STORM_CMCC,storm_cmcc|9228|9_9228_0,9228,9_9228_0,5055,rank_5001_10000,0.0,21.863561225790484,intensity_distance_weighted_mps,14.12429379,0.0014124293785310734,1.9721448467966616,32.95454545454546,1,106.83556507077509,17.0,-60.89999999999998,NE
storm_cmcc,STORM_CMCC,storm_cmcc|1113|1_1113_0,1113,1_1113_0,5056,rank_5001_10000,0.0,21.86238999783546,intensity_distance_weighted_mps,14.12429379,0.0014124293785310734,1.966666666666671,51.81818181818183,3,175.58315250209898,14.7,-62.0,SW
storm_cmcc,STORM_CMCC,storm_cmcc|6482|6_6482_5,6482,6_6482_5,5067,rank_5001_10000,0.0,21.8384549324498,intensity_distance_weighted_mps,14.12429379,0.0014124293785310734,1.9612188365651015,25.454545454545457,0,61.03795173642381,15.7,-61.69999999999999,SW
storm_cmcc,STORM_CMCC,storm_cmcc|9639|9_9639_12,9639,9_9639_12,5115,rank_5001_10000,0.0,21.690003117742233,intensity_distance_weighted_mps,14.12429379,0.0014124293785310734,1.9558011049723802,34.31818181818182,1,114.45422033794496,15.6,-62.30000000000001,SW
storm_cmcc,STORM_CMCC,storm_cmcc|9933|9_9933_11,9933,9_9933_11,5131,rank_5001_10000,0.0,21.633775603407,intensity_distance_weighted_mps,14.12429379,0.0014124293785310734,1.9504132231405007,28.750000000000004,0,86.02999860517504,15.4,-61.39999999999998,SE
storm_cmcc,STORM_CMCC,storm_cmcc|1949|1_1949_9,1949,1_1949_9,5137,rank_5001_10000,0.0,21.61765942487477,intensity_distance_weighted_mps,14.12429379,0.0014124293785310734,1.94505494505495,28.863636363636363,0,86.8431159355508,15.4,-61.30000000000001,SE
storm_cmcc,STORM_CMCC,storm_cmcc|1090|1_1090_9,1090,1_1090_9,5142,rank_5001_10000,0.0,21.601153007544422,intensity_distance_weighted_mps,14.12429379,0.0014124293785310734,1.9397260273972654,62.38636363636364,4,206.1124127735077,17.2,-59.80000000000001,NE
storm_cmcc,STORM_CMCC,storm_cmcc|8881|8_8881_12,8881,8_8881_12,5160,rank_5001_10000,0.0,21.53418191922737,intensity_distance_weighted_mps,14.12429379,0.0014124293785310734,1.934426229508202,33.409090909090914,1,111.38897694327291,16.700000000000003,-62.30000000000001,NW
storm_cmcc,STORM_CMCC,storm_cmcc|7443|7_7443_8,7443,7_7443_8,5163,rank_5001_10000,0.0,21.526573244474182,intensity_distance_weighted_mps,14.12429379,0.0014124293785310734,1.9291553133515038,36.81818181818182,1,126.42425258697371,15.1,-61.80000000000001,SW
storm_cmcc,STORM_CMCC,storm_cmcc|108|0_108_1,108,0_108_1,5167,rank_5001_10000,0.0,21.51508778455397,intensity_distance_weighted_mps,14.12429379,0.0014124293785310734,1.9239130434782663,31.81818181818182,0,103.8014761519685,16.5,-60.5,NE
storm_cmcc,STORM_CMCC,storm_cmcc|1576|1_1576_7,1576,1_1576_7,5183,rank_5001_10000,0.0,21.466653316142846,intensity_distance_weighted_mps,14.12429379,0.0014124293785310734,1.9186991869918755,53.29545454545455,3,182.6498116979866,14.6,-61.89999999999998,SW
storm_cmcc,STORM_CMCC,storm_cmcc|5831|5_5831_7,5831,5_5831_7,5203,rank_5001_10000,0.0,21.399504930149583,intensity_distance_weighted_mps,14.12429379,0.0014124293785310734,1.913513513513519,29.431818181818183,0,91.89877334811455,17.0,-61.39999999999998,NE
storm_cmcc,STORM_CMCC,storm_cmcc|3737|3_3737_4,3737,3_3737_4,5214,rank_5001_10000,0.0,21.37368842260546,intensity_distance_weighted_mps,14.12429379,0.0014124293785310734,1.9083557951482537,26.704545454545457,0,74.91176673256169,15.5,-61.39999999999998,SE
storm_cmcc,STORM_CMCC,storm_cmcc|8188|8_8188_7,8188,8_8188_7,5229,rank_5001_10000,0.0,21.312220476278718,intensity_distance_weighted_mps,14.12429379,0.0014124293785310734,1.9032258064516188,69.20454545454545,4,224.8587899814431,14.3,-62.19999999999999,SW
storm_cmcc,STORM_CMCC,storm_cmcc|6058|6_6058_8,6058,6_6058_8,5240,rank_5001_10000,0.0,21.273090395951982,intensity_distance_weighted_mps,14.12429379,0.0014124293785310734,1.8981233243967888,26.13636363636364,0,71.72000343812122,16.700000000000003,-61.80000000000001,NW
storm_cmcc,STORM_CMCC,storm_cmcc|9499|9_9499_8,9499,9_9499_8,5250,rank_5001_10000,0.0,21.247214287104867,intensity_distance_weighted_mps,14.12429379,0.0014124293785310734,1.893048128342252,23.75,0,51.48160684479339,15.9,-61.80000000000001,SW
storm_cmcc,STORM_CMCC,storm_cmcc|8057|8_8057_3,8057,8_8057_3,5257,rank_5001_10000,0.0,21.22947645998575,intensity_distance_weighted_mps,14.12429379,0.0014124293785310734,1.8880000000000061,31.136363636363637,0,102.46846384265297,16.700000000000003,-62.19999999999999,NW
storm_cmcc,STORM_CMCC,storm_cmcc|9185|9_9185_8,9185,9_9185_8,5262,rank_5001_10000,0.0,21.21486453094126,intensity_distance_weighted_mps,14.12429379,0.0014124293785310734,1.8829787234042616,44.88636363636364,2,158.4469956500668,17.3,-60.5,NE
storm_cmcc,STORM_CMCC,storm_cmcc|5851|5_5851_5,5851,5_5851_5,5270,rank_5001_10000,0.0,21.175661426828285,intensity_distance_weighted_mps,14.12429379,0.0014124293785310734,1.877984084880643,27.5,0,81.97479187396854,15.5,-61.10000000000002,SE
storm_cmcc,STORM_CMCC,storm_cmcc|4002|4_4002_0,4002,4_4002_0,5277,rank_5001_10000,0.0,21.140523509652915,intensity_distance_weighted_mps,14.12429379,0.0014124293785310734,1.8730158730158795,49.0909090909091,3,172.47545207087046,15.9,-63.0,SW
storm_cmcc,STORM_CMCC,storm_cmcc|6873|6_6873_9,6873,6_6873_9,5278,rank_5001_10000,0.0,21.139027241244722,intensity_distance_weighted_mps,14.12429379,0.0014124293785310734,1.868073878627975,37.27272727272727,1,131.043579910887,15.0,-61.30000000000001,SE
storm_cmcc,STORM_CMCC,storm_cmcc|7569|7_7569_17,7569,7_7569_17,5290,rank_5001_10000,0.0,21.088356544699888,intensity_distance_weighted_mps,14.12429379,0.0014124293785310734,1.8631578947368488,35.34090909090909,1,123.31508784504425,15.1,-61.69999999999999,SW
storm_cmcc,STORM_CMCC,storm_cmcc|8545|8_8545_1,8545,8_8545_1,5322,rank_5001_10000,0.0,20.992060221922266,intensity_distance_weighted_mps,14.12429379,0.0014124293785310734,1.85826771653544,44.545454545454554,2,158.8877732947029,17.6,-61.5,NW
storm_cmcc,STORM_CMCC,storm_cmcc|1379|1_1379_2,1379,1_1379_2,5329,rank_5001_10000,0.0,20.964912706762266,intensity_distance_weighted_mps,14.12429379,0.0014124293785310734,1.8534031413612635,43.63636363636364,2,155.98555674559174,17.4,-60.69999999999999,NE
storm_cmcc,STORM_CMCC,storm_cmcc|9789|9_9789_9,9789,9_9789_9,5330,rank_5001_10000,0.0,20.962874818937117,intensity_distance_weighted_mps,14.12429379,0.0014124293785310734,1.8485639686684143,38.52272727272727,1,137.28600579101433,15.2,-62.19999999999999,SW
storm_cmcc,STORM_CMCC,storm_cmcc|1981|1_1981_12,1981,1_1981_12,5347,rank_5001_10000,0.0,20.90799383695555,intensity_distance_weighted_mps,14.12429379,0.0014124293785310734,1.843750000000007,55.227272727272734,3,192.1782146040069,17.8,-60.80000000000001,NE
storm_cmcc,STORM_CMCC,storm_cmcc|626|0_626_1,626,0_626_1,5358,rank_5001_10000,0.0,20.844026236257427,intensity_distance_weighted_mps,14.12429379,0.0014124293785310734,1.8389610389610462,47.5,2,169.62807345227435,14.8,-62.10000000000002,SW
storm_cmcc,STORM_CMCC,storm_cmcc|4686|4_4686_4,4686,4_4686_4,5368,rank_5001_10000,0.0,20.82205617606116,intensity_distance_weighted_mps,14.12429379,0.0014124293785310734,1.8341968911917172,35.34090909090909,1,125.25515390657368,17.3,-61.39999999999998,NE
storm_cmcc,STORM_CMCC,storm_cmcc|755|0_755_18,755,0_755_18,5372,rank_5001_10000,0.0,20.80658044452388,intensity_distance_weighted_mps,14.12429379,0.0014124293785310734,1.8294573643410927,56.13636363636364,3,195.4615733484687,17.7,-60.5,NE
storm_cmcc,STORM_CMCC,storm_cmcc|3344|3_3344_7,3344,3_3344_7,5385,rank_5001_10000,0.0,20.783111001116257,intensity_distance_weighted_mps,14.12429379,0.0014124293785310734,1.8247422680412446,56.13636363636364,3,195.63685330189426,17.3,-60.0,NE
storm_cmcc,STORM_CMCC,storm_cmcc|2862|2_2862_7,2862,2_2862_7,5399,rank_5001_10000,0.0,20.75233771853903,intensity_distance_weighted_mps,14.12429379,0.0014124293785310734,1.8200514138817558,36.5909090909091,1,131.043579910887,15.0,-61.30000000000001,SE
storm_cmcc,STORM_CMCC,storm_cmcc|6250|6_6250_5,6250,6_6250_5,5425,rank_5001_10000,0.0,20.648127069941022,intensity_distance_weighted_mps,14.12429379,0.0014124293785310734,1.8153846153846231,22.72727272727273,0,47.598512925083384,16.5,-61.69999999999999,NW
storm_cmcc,STORM_CMCC,storm_cmcc|9917|9_9917_1,9917,9_9917_1,5428,rank_5001_10000,0.0,20.640616454722576,intensity_distance_weighted_mps,14.12429379,0.0014124293785310734,1.8107416879795475,58.409090909090914,4,202.90588752027912,17.4,-60.0,NE
storm_cmcc,STORM_CMCC,storm_cmcc|337|0_337_8,337,0_337_8,5433,rank_5001_10000,0.0,20.607667669648563,intensity_distance_weighted_mps,14.12429379,0.0014124293785310734,1.8061224489795997,27.38636363636364,0,86.02999860517504,15.4,-61.39999999999998,SE
storm_cmcc,STORM_CMCC,storm_cmcc|3261|3_3261_8,3261,3_3261_8,5440,rank_5001_10000,0.0,20.59534937910143,intensity_distance_weighted_mps,14.12429379,0.0014124293785310734,1.80152671755726,47.04545454545455,2,169.9888276628149,17.7,-61.5,NW
storm_cmcc,STORM_CMCC,storm_cmcc|2989|2_2989_1,2989,2_2989_1,5447,rank_5001_10000,0.0,20.569102685996,intensity_distance_weighted_mps,14.12429379,0.0014124293785310734,1.7969543147208202,28.97727272727273,0,95.90347170416707,16.299999999999997,-62.30000000000001,NW
storm_cmcc,STORM_CMCC,storm_cmcc|1744|1_1744_9,1744,1_1744_9,5451,rank_5001_10000,0.0,20.568012603549093,intensity_distance_weighted_mps,14.12429379,0.0014124293785310734,1.7924050632911475,58.75000000000001,4,204.37339488924448,17.6,-60.19999999999999,NE
storm_cmcc,STORM_CMCC,storm_cmcc|6077|6_6077_9,6077,6_6077_9,5454,rank_5001_10000,0.0,20.56567778402338,intensity_distance_weighted_mps,14.12429379,0.0014124293785310734,1.7878787878787963,47.61363636363637,2,172.02318796534283,14.7,-61.89999999999998,SW
storm_cmcc,STORM_CMCC,storm_cmcc|2821|2_2821_1,2821,2_2821_1,5464,rank_5001_10000,0.0,20.53373918671881,intensity_distance_weighted_mps,14.12429379,0.0014124293785310734,1.7833753148614693,45.45454545454546,2,165.24878798728105,14.8,-62.0,SW
storm_cmcc,STORM_CMCC,storm_cmcc|5750|5_5750_5,5750,5_5750_5,5469,rank_5001_10000,0.0,20.525248936515858,intensity_distance_weighted_mps,14.12429379,0.0014124293785310734,1.7788944723618176,41.02272727272728,1,149.89849087774124,15.0,-62.10000000000002,SW
storm_cmcc,STORM_CMCC,storm_cmcc|8576|8_8576_7,8576,8_8576_7,5473,rank_5001_10000,0.0,20.509483724012814,intensity_distance_weighted_mps,14.12429379,0.0014124293785310734,1.7744360902255725,40.00000000000001,1,146.22632539868508,15.1,-62.19999999999999,SW
storm_cmcc,STORM_CMCC,storm_cmcc|3052|3_3052_2,3052,3_3052_2,5484,rank_5001_10000,0.0,20.457041115963722,intensity_distance_weighted_mps,14.12429379,0.0014124293785310734,1.7700000000000087,36.02272727272727,1,130.84405198191362,15.0,-61.5,SW
storm_cmcc,STORM_CMCC,storm_cmcc|7058|7_7058_5,7058,7_7058_5,5495,rank_5001_10000,0.0,20.426980039229488,intensity_distance_weighted_mps,14.12429379,0.0014124293785310734,1.765586034912727,71.70454545454547,5,237.65823938096997,18.2,-60.69999999999999,NE
storm_cmcc,STORM_CMCC,storm_cmcc|4662|4_4662_18,4662,4_4662_18,5527,rank_5001_10000,0.0,20.344376652870736,intensity_distance_weighted_mps,14.12429379,0.0014124293785310734,1.7611940298507551,30.454545454545457,0,105.74218216985915,15.6,-62.19999999999999,SW
storm_cmcc,STORM_CMCC,storm_cmcc|2669|2_2669_5,2669,2_2669_5,5550,rank_5001_10000,0.0,20.282719095820873,intensity_distance_weighted_mps,14.12429379,0.0014124293785310734,1.7568238213399592,44.09090909090909,2,162.51421743310217,15.4,-62.69999999999999,SW
storm_cmcc,STORM_CMCC,storm_cmcc|4633|4_4633_7,4633,4_4633_7,5572,rank_5001_10000,0.0,20.21590099565514,intensity_distance_weighted_mps,14.12429379,0.0014124293785310734,1.7524752475247614,23.295454545454547,0,58.544835253388314,16.7,-61.39999999999998,NE
storm_cmcc,STORM_CMCC,storm_cmcc|5605|5_5605_2,5605,5_5605_2,5574,rank_5001_10000,0.0,20.206627200562124,intensity_distance_weighted_mps,14.12429379,0.0014124293785310734,1.748148148148157,41.13636363636364,1,152.66033961866606,15.1,-62.30000000000001,SW
storm_cmcc,STORM_CMCC,storm_cmcc|5044|5_5044_10,5044,5_5044_10,5580,rank_5001_10000,0.0,20.176557471109806,intensity_distance_weighted_mps,14.12429379,0.0014124293785310734,1.743842364532029,22.954545454545457,0,55.65868046882474,16.0,-61.89999999999998,SW
storm_cmcc,STORM_CMCC,storm_cmcc|3767|3_3767_1,3767,3_3767_1,5587,rank_5001_10000,0.0,20.15881830478287,intensity_distance_weighted_mps,14.12429379,0.0014124293785310734,1.7395577395577488,52.04545454545455,3,188.65272272140103,14.5,-61.69999999999999,SW
storm_cmcc,STORM_CMCC,storm_cmcc|474|0_474_4,474,0_474_4,5624,rank_5001_10000,0.0,20.04001664611321,intensity_distance_weighted_mps,14.12429379,0.0014124293785310734,1.7352941176470682,51.25000000000001,3,187.19273455041815,14.5,-61.60000000000002,SW
storm_cmcc,STORM_CMCC,storm_cmcc|9756|9_9756_4,9756,9_9756_4,5625,rank_5001_10000,0.0,20.03523741437001,intensity_distance_weighted_mps,14.12429379,0.0014124293785310734,1.7310513447432856,37.045454545454554,1,138.2130150975803,17.4,-61.19999999999999,NE
storm_cmcc,STORM_CMCC,storm_cmcc|1549|1_1549_10,1549,1_1549_10,5626,rank_5001_10000,0.0,20.034337208705338,intensity_distance_weighted_mps,14.12429379,0.0014124293785310734,1.7268292682926925,36.13636363636364,1,134.47576914183438,17.1,-60.60000000000002,NE
storm_cmcc,STORM_CMCC,storm_cmcc|2564|2_2564_2,2564,2_2564_2,5627,rank_5001_10000,0.0,20.029310556402518,intensity_distance_weighted_mps,14.12429379,0.0014124293785310734,1.7226277372262868,70.90909090909092,5,239.07318796658993,14.1,-62.0,SW
storm_cmcc,STORM_CMCC,storm_cmcc|2642|2_2642_5,2642,2_2642_5,5635,rank_5001_10000,0.0,20.015084585715847,intensity_distance_weighted_mps,14.12429379,0.0014124293785310734,1.7184466019417572,27.15909090909091,0,89.61556748781072,15.6,-62.0,SW
storm_cmcc,STORM_CMCC,storm_cmcc|390|0_390_6,390,0_390_6,5666,rank_5001_10000,0.0,19.920893587236343,intensity_distance_weighted_mps,14.12429379,0.0014124293785310734,1.714285714285724,28.636363636363637,0,99.2161244263913,15.3,-61.60000000000002,SW
storm_cmcc,STORM_CMCC,storm_cmcc|3740|3_3740_11,3740,3_3740_11,5695,rank_5001_10000,0.0,19.850279409399107,intensity_distance_weighted_mps,14.12429379,0.0014124293785310734,1.7101449275362417,42.04545454545455,1,158.61243597731706,17.6,-61.39999999999998,NE
storm_cmcc,STORM_CMCC,storm_cmcc|7387|7_7387_3,7387,7_7387_3,5696,rank_5001_10000,0.0,19.849355035499016,intensity_distance_weighted_mps,14.12429379,0.0014124293785310734,1.706024096385552,26.931818181818183,0,89.60045618899107,15.9,-62.19999999999999,SW
storm_cmcc,STORM_CMCC,storm_cmcc|805|0_805_2,805,0_805_2,5698,rank_5001_10000,0.0,19.84519241788454,intensity_distance_weighted_mps,14.12429379,0.0014124293785310734,1.7019230769230869,40.00000000000001,1,151.16558536098006,17.5,-61.10000000000002,NE
storm_cmcc,STORM_CMCC,storm_cmcc|3868|3_3868_5,3868,3_3868_5,5704,rank_5001_10000,0.0,19.822021503751944,intensity_distance_weighted_mps,14.12429379,0.0014124293785310734,1.697841726618715,22.15909090909091,0,51.50543893485941,16.6,-61.60000000000002,NW
storm_cmcc,STORM_CMCC,storm_cmcc|9270|9_9270_16,9270,9_9270_16,5708,rank_5001_10000,0.0,19.800013157626967,intensity_distance_weighted_mps,14.12429379,0.0014124293785310734,1.69377990430623,39.77272727272727,1,150.65274958534243,17.5,-61.69999999999999,NW
storm_cmcc,STORM_CMCC,storm_cmcc|6880|6_6880_6,6880,6_6880_6,5711,rank_5001_10000,0.0,19.787964430855098,intensity_distance_weighted_mps,14.12429379,0.0014124293785310734,1.6897374701670747,36.36363636363637,1,137.28600579101433,15.2,-62.19999999999999,SW
storm_cmcc,STORM_CMCC,storm_cmcc|6602|6_6602_5,6602,6_6602_5,5734,rank_5001_10000,0.0,19.728905383844243,intensity_distance_weighted_mps,14.12429379,0.0014124293785310734,1.685714285714296,24.772727272727277,0,75.84372154437999,15.5,-61.30000000000001,SE
storm_cmcc,STORM_CMCC,storm_cmcc|3275|3_3275_10,3275,3_3275_10,5739,rank_5001_10000,0.0,19.704560071280838,intensity_distance_weighted_mps,14.12429379,0.0014124293785310734,1.6817102137767324,37.27272727272727,1,141.63517240442442,17.0,-60.39999999999998,NE
storm_cmcc,STORM_CMCC,storm_cmcc|6029|6_6029_11,6029,6_6029_11,5768,rank_5001_10000,0.0,19.631508966223716,intensity_distance_weighted_mps,14.12429379,0.0014124293785310734,1.6777251184834225,30.340909090909093,0,110.78908872849449,16.9,-60.69999999999999,NE
storm_cmcc,STORM_CMCC,storm_cmcc|4885|4_4885_10,4885,4_4885_10,5769,rank_5001_10000,0.0,19.63082625545898,intensity_distance_weighted_mps,14.12429379,0.0014124293785310734,1.6737588652482374,24.431818181818183,0,74.1801073048323,15.7,-61.89999999999998,SW
storm_cmcc,STORM_CMCC,storm_cmcc|9456|9_9456_12,9456,9_9456_12,5770,rank_5001_10000,0.0,19.625863660784965,intensity_distance_weighted_mps,14.12429379,0.0014124293785310734,1.6698113207547274,55.45454545454545,3,202.6713149580202,17.9,-60.80000000000001,NE
storm_cmcc,STORM_CMCC,storm_cmcc|479|0_479_11,479,0_479_11,5776,rank_5001_10000,0.0,19.5993769467694,intensity_distance_weighted_mps,14.12429379,0.0014124293785310734,1.665882352941187,21.931818181818183,0,51.745844798255305,15.8,-61.69999999999999,SW
storm_cmcc,STORM_CMCC,storm_cmcc|6859|6_6859_6,6859,6_6859_6,5797,rank_5001_10000,0.0,19.526101253443052,intensity_distance_weighted_mps,14.12429379,0.0014124293785310734,1.6619718309859262,49.659090909090914,3,186.3393609685454,14.5,-61.5,SW
storm_cmcc,STORM_CMCC,storm_cmcc|8784|8_8784_5,8784,8_8784_5,5799,rank_5001_10000,0.0,19.504338154637647,intensity_distance_weighted_mps,14.12429379,0.0014124293785310734,1.6580796252927508,32.04545454545455,0,120.28009136949262,15.7,-60.39999999999998,SE
storm_cmcc,STORM_CMCC,storm_cmcc|1656|1_1656_6,1656,1_1656_6,5809,rank_5001_10000,0.0,19.468704968858553,intensity_distance_weighted_mps,14.12429379,0.0014124293785310734,1.6542056074766462,30.0,0,110.32237862032298,15.3,-61.89999999999998,SW
storm_cmcc,STORM_CMCC,storm_cmcc|3612|3_3612_2,3612,3_3612_2,5814,rank_5001_10000,0.0,19.457337626084648,intensity_distance_weighted_mps,14.12429379,0.0014124293785310734,1.650349650349661,52.27272727272728,3,194.7997226936559,17.9,-61.10000000000002,NE
storm_cmcc,STORM_CMCC,storm_cmcc|3846|3_3846_8,3846,3_3846_8,5823,rank_5001_10000,0.0,19.425606763454045,intensity_distance_weighted_mps,14.12429379,0.0014124293785310734,1.6465116279069876,25.22727272727273,0,81.97479187396854,15.5,-61.10000000000002,SE
storm_cmcc,STORM_CMCC,storm_cmcc|3108|3_3108_6,3108,3_3108_6,5829,rank_5001_10000,0.0,19.411242275390247,intensity_distance_weighted_mps,14.12429379,0.0014124293785310734,1.642691415313236,60.56818181818182,4,218.41684546649776,14.3,-60.80000000000001,SE
storm_cmcc,STORM_CMCC,storm_cmcc|7859|7_7859_9,7859,7_7859_9,5830,rank_5001_10000,0.0,19.40788512174009,intensity_distance_weighted_mps,14.12429379,0.0014124293785310734,1.6388888888888997,30.340909090909093,0,112.5828666539619,15.2,-61.69999999999999,SW
storm_cmcc,STORM_CMCC,storm_cmcc|4740|4_4740_17,4740,4_4740_17,5839,rank_5001_10000,0.0,19.383308933618487,intensity_distance_weighted_mps,14.12429379,0.0014124293785310734,1.6351039260970086,39.43181818181819,1,152.55215353667882,16.5,-62.80000000000001,NW
storm_cmcc,STORM_CMCC,storm_cmcc|8567|8_8567_2,8567,8_8567_2,5851,rank_5001_10000,0.0,19.331922350096523,intensity_distance_weighted_mps,14.12429379,0.0014124293785310734,1.631336405529965,60.795454545454554,4,219.67816188642476,14.5,-62.5,SW
storm_cmcc,STORM_CMCC,storm_cmcc|7831|7_7831_4,7831,7_7831_4,5854,rank_5001_10000,0.0,19.32248279149748,intensity_distance_weighted_mps,14.12429379,0.0014124293785310734,1.6275862068965627,35.34090909090909,1,136.5745311077274,17.299999999999997,-60.89999999999998,NE
storm_cmcc,STORM_CMCC,storm_cmcc|5701|5_5701_1,5701,5_5701_1,5871,rank_5001_10000,0.0,19.253695085629076,intensity_distance_weighted_mps,14.12429379,0.0014124293785310734,1.6238532110091854,52.61363636363637,3,197.44532396066558,14.4,-61.5,SW
storm_cmcc,STORM_CMCC,storm_cmcc|911|0_911_1,911,0_911_1,5885,rank_5001_10000,0.0,19.208582765050625,intensity_distance_weighted_mps,14.12429379,0.0014124293785310734,1.6201372997711783,36.02272727272727,1,140.33984264682383,17.4,-61.10000000000002,NE
storm_cmcc,STORM_CMCC,storm_cmcc|4598|4_4598_4,4598,4_4598_4,5906,rank_5001_10000,0.0,19.127888045877466,intensity_distance_weighted_mps,14.12429379,0.0014124293785310734,1.616438356164395,22.500000000000004,0,62.980882365192045,16.6,-61.80000000000001,NW
storm_cmcc,STORM_CMCC,storm_cmcc|9517|9_9517_6,9517,9_9517_6,5918,rank_5001_10000,0.0,19.092721292191065,intensity_distance_weighted_mps,14.12429379,0.0014124293785310734,1.6127562642369133,54.43181818181819,3,204.07277303695437,18.0,-61.60000000000002,NW
storm_cmcc,STORM_CMCC,storm_cmcc|3593|3_3593_2,3593,3_3593_2,5927,rank_5001_10000,0.0,19.072351017949774,intensity_distance_weighted_mps,14.12429379,0.0014124293785310734,1.6090909090909205,57.95454545454546,4,214.17290496801994,14.5,-62.39999999999998,SW
storm_cmcc,STORM_CMCC,storm_cmcc|9588|9_9588_4,9588,9_9588_4,5934,rank_5001_10000,0.0,19.051330771920473,intensity_distance_weighted_mps,14.12429379,0.0014124293785310734,1.6054421768707596,27.38636363636364,0,99.2161244263913,15.3,-61.60000000000002,SW
storm_cmcc,STORM_CMCC,storm_cmcc|6514|6_6514_1,6514,6_6514_1,5936,rank_5001_10000,0.0,19.049098655864913,intensity_distance_weighted_mps,14.12429379,0.0014124293785310734,1.6018099547511426,29.659090909090914,0,111.94677246024645,17.1,-61.0,NE
storm_cmcc,STORM_CMCC,storm_cmcc|9788|9_9788_2,9788,9_9788_2,5937,rank_5001_10000,0.0,19.04606896387352,intensity_distance_weighted_mps,14.12429379,0.0014124293785310734,1.5981941309255194,59.659090909090914,4,219.03889288539204,14.4,-62.30000000000001,SW
storm_cmcc,STORM_CMCC,storm_cmcc|8765|8_8765_7,8765,8_8765_7,5943,rank_5001_10000,0.0,19.024116608222787,intensity_distance_weighted_mps,14.12429379,0.0014124293785310734,1.5945945945946063,60.45454545454546,4,221.35978471809446,14.7,-62.80000000000001,SW
storm_cmcc,STORM_CMCC,storm_cmcc|7937|7_7937_2,7937,7_7937_2,5945,rank_5001_10000,0.0,19.013274981862843,intensity_distance_weighted_mps,14.12429379,0.0014124293785310734,1.5910112359550679,30.340909090909093,0,115.7796948719302,15.3,-62.0,SW
storm_cmcc,STORM_CMCC,storm_cmcc|1647|1_1647_0,1647,1_1647_0,5949,rank_5001_10000,0.0,19.003438315982436,intensity_distance_weighted_mps,14.12429379,0.0014124293785310734,1.5874439461883525,43.409090909090914,2,169.98882766281525,17.700000000000003,-61.5,NW
storm_cmcc,STORM_CMCC,storm_cmcc|2449|2_2449_8,2449,2_2449_8,5951,rank_5001_10000,0.0,18.996431650754857,intensity_distance_weighted_mps,14.12429379,0.0014124293785310734,1.5838926174496761,59.659090909090914,4,219.45886712577595,14.2,-61.39999999999998,SE
storm_cmcc,STORM_CMCC,storm_cmcc|4780|4_4780_3,4780,4_4780_3,5968,rank_5001_10000,0.0,18.937655018394107,intensity_distance_weighted_mps,14.12429379,0.0014124293785310734,1.5803571428571546,43.977272727272734,2,172.48129555590938,17.7,-61.69999999999999,NW
storm_cmcc,STORM_CMCC,storm_cmcc|5128|5_5128_4,5128,5_5128_4,5981,rank_5001_10000,0.0,18.884374862454333,intensity_distance_weighted_mps,14.12429379,0.0014124293785310734,1.5768374164810808,22.840909090909093,0,68.65899091394716,15.8,-60.89999999999998,SE
storm_cmcc,STORM_CMCC,storm_cmcc|9341|9_9341_1,9341,9_9341_1,6001,rank_5001_10000,0.0,18.812832284774785,intensity_distance_weighted_mps,14.12429379,0.0014124293785310734,1.5733333333333452,31.136363636363637,0,121.40365287926362,17.200000000000003,-61.80000000000001,NW
storm_cmcc,STORM_CMCC,storm_cmcc|5763|5_5763_15,5763,5_5763_15,6037,rank_5001_10000,0.0,18.67716228612859,intensity_distance_weighted_mps,14.12429379,0.0014124293785310734,1.5698447893569965,81.81818181818183,5,275.798314626656,13.7,-61.60000000000002,SW
storm_cmcc,STORM_CMCC,storm_cmcc|564|0_564_8,564,0_564_8,6038,rank_5001_10000,0.0,18.675516423863975,intensity_distance_weighted_mps,14.12429379,0.0014124293785310734,1.5663716814159412,68.75,4,245.6196954883085,14.1,-62.19999999999999,SW
storm_cmcc,STORM_CMCC,storm_cmcc|835|0_835_9,835,0_835_9,6046,rank_5001_10000,0.0,18.640164579455632,intensity_distance_weighted_mps,14.12429379,0.0014124293785310734,1.5629139072847802,40.22727272727273,1,161.42233361015226,17.4,-60.60000000000002,NE
storm_cmcc,STORM_CMCC,storm_cmcc|2769|2_2769_7,2769,2_2769_7,6047,rank_5001_10000,0.0,18.637933370388602,intensity_distance_weighted_mps,14.12429379,0.0014124293785310734,1.5594713656387786,67.04545454545455,4,241.7401591538432,15.4,-59.30000000000001,SE
storm_cmcc,STORM_CMCC,storm_cmcc|786|0_786_6,786,0_786_6,6066,rank_5001_10000,0.0,18.580952431108358,intensity_distance_weighted_mps,14.12429379,0.0014124293785310734,1.556043956043968,38.63636363636364,1,155.8378897948262,14.8,-61.69999999999999,SW
storm_cmcc,STORM_CMCC,storm_cmcc|676|0_676_6,676,0_676_6,6067,rank_5001_10000,0.0,18.571338119069406,intensity_distance_weighted_mps,14.12429379,0.0014124293785310734,1.5526315789473806,55.11363636363637,3,210.41058772455193,17.8,-60.39999999999998,NE
storm_cmcc,STORM_CMCC,storm_cmcc|2575|2_2575_5,2575,2_2575_5,6089,rank_5001_10000,0.0,18.500319936965326,intensity_distance_weighted_mps,14.12429379,0.0014124293785310734,1.5492341356674082,42.159090909090914,2,169.62807345227435,14.8,-62.10000000000002,SW
storm_cmcc,STORM_CMCC,storm_cmcc|2002|2_2002_9,2002,2_2002_9,6120,rank_5001_10000,0.0,18.402948716932436,intensity_distance_weighted_mps,14.12429379,0.0014124293785310734,1.5458515283842917,53.977272727272734,3,208.552730016006,14.3,-61.5,SW
storm_cmcc,STORM_CMCC,storm_cmcc|6298|6_6298_7,6298,6_6298_7,6122,rank_5001_10000,0.0,18.39920921731626,intensity_distance_weighted_mps,14.12429379,0.0014124293785310734,1.5424836601307312,55.90909090909092,3,214.17290496801994,14.5,-62.39999999999998,SW
storm_cmcc,STORM_CMCC,storm_cmcc|4839|4_4839_5,4839,4_4839_5,6126,rank_5001_10000,0.0,18.377879019504007,intensity_distance_weighted_mps,14.12429379,0.0014124293785310734,1.5391304347826211,30.340909090909093,0,121.02195439992552,15.5,-62.30000000000001,SW
storm_cmcc,STORM_CMCC,storm_cmcc|12|0_12_12,12,0_12_12,6135,rank_5001_10000,0.0,18.36833944350577,intensity_distance_weighted_mps,14.12429379,0.0014124293785310734,1.535791757049904,40.56818181818183,1,164.90402505630166,14.9,-62.19999999999999,SW
storm_cmcc,STORM_CMCC,storm_cmcc|4822|4_4822_4,4822,4_4822_4,6154,rank_5001_10000,0.0,18.29417590164381,intensity_distance_weighted_mps,14.12429379,0.0014124293785310734,1.532467532467545,51.81818181818183,3,203.05457925543953,17.5,-60.10000000000002,NE
storm_cmcc,STORM_CMCC,storm_cmcc|4915|4_4915_13,4915,4_4915_13,6174,rank_5001_10000,0.0,18.217252464005195,intensity_distance_weighted_mps,14.12429379,0.0014124293785310734,1.5291576673866216,52.38636363636364,3,205.43132223250953,14.5,-60.60000000000002,SE
storm_cmcc,STORM_CMCC,storm_cmcc|8273|8_8273_6,8273,8_8273_6,6193,rank_5001_10000,0.0,18.169039360665142,intensity_distance_weighted_mps,14.12429379,0.0014124293785310734,1.5258620689655298,32.38636363636364,0,132.68878297407352,17.3,-61.0,NE
storm_cmcc,STORM_CMCC,storm_cmcc|4585|4_4585_9,4585,4_4585_9,6200,rank_5001_10000,0.0,18.13788730652562,intensity_distance_weighted_mps,14.12429379,0.0014124293785310734,1.5225806451613029,57.045454545454554,3,219.6923567468338,17.7,-60.10000000000002,NE
storm_cmcc,STORM_CMCC,storm_cmcc|6207|6_6207_11,6207,6_6207_11,6204,rank_5001_10000,0.0,18.120705816362907,intensity_distance_weighted_mps,14.12429379,0.0014124293785310734,1.5193133047210425,20.681818181818183,0,56.39206792215163,15.700000000000005,-61.60000000000002,SW
storm_cmcc,STORM_CMCC,storm_cmcc|3630|3_3630_21,3630,3_3630_21,6205,rank_5001_10000,0.0,18.120559799970728,intensity_distance_weighted_mps,14.12429379,0.0014124293785310734,1.51605995717346,71.93181818181819,5,258.48897714852444,14.1,-62.5,SW
storm_cmcc,STORM_CMCC,storm_cmcc|1786|1_1786_8,1786,1_1786_8,6216,rank_5001_10000,0.0,18.101391205170923,intensity_distance_weighted_mps,14.12429379,0.0014124293785310734,1.5128205128205254,41.25,1,169.62807345227435,14.8,-62.10000000000002,SW
storm_cmcc,STORM_CMCC,storm_cmcc|7677|7_7677_3,7677,7_7677_3,6226,rank_5001_10000,0.0,18.06852025748456,intensity_distance_weighted_mps,14.12429379,0.0014124293785310734,1.5095948827292238,26.59090909090909,0,103.01741264281397,17.1,-61.39999999999998,NE
storm_cmcc,STORM_CMCC,storm_cmcc|4577|4_4577_3,4577,4_4577_3,6235,rank_5001_10000,0.0,18.03192982863253,intensity_distance_weighted_mps,14.12429379,0.0014124293785310734,1.506382978723417,36.02272727272727,1,149.8288208679766,17.2,-60.5,NE
storm_cmcc,STORM_CMCC,storm_cmcc|8328|8_8328_10,8328,8_8328_10,6240,rank_5001_10000,0.0,18.026882980671346,intensity_distance_weighted_mps,14.12429379,0.0014124293785310734,1.503184713375809,42.727272727272734,2,175.58315250209898,14.7,-62.0,SW
storm_cmcc,STORM_CMCC,storm_cmcc|1032|1_1032_8,1032,1_1032_8,6254,rank_5001_10000,0.0,17.974088679411068,intensity_distance_weighted_mps,14.12429379,0.0014124293785310734,1.5000000000000129,32.61363636363637,0,135.37287373134583,16.6,-62.60000000000002,NW
storm_cmcc,STORM_CMCC,storm_cmcc|7890|7_7890_10,7890,7_7890_10,6267,rank_5001_10000,0.0,17.932842765462432,intensity_distance_weighted_mps,14.12429379,0.0014124293785310734,1.496828752642719,32.95454545454546,1,137.28600579101433,15.2,-62.19999999999999,SW
storm_cmcc,STORM_CMCC,storm_cmcc|3821|3_3821_11,3821,3_3821_11,6269,rank_5001_10000,0.0,17.928900635402606,intensity_distance_weighted_mps,14.12429379,0.0014124293785310734,1.4936708860759622,38.295454545454554,1,159.87229318531132,17.6,-61.60000000000002,NW
storm_cmcc,STORM_CMCC,storm_cmcc|1157|1_1157_5,1157,1_1157_5,6287,rank_5001_10000,0.0,17.87617041481778,intensity_distance_weighted_mps,14.12429379,0.0014124293785310734,1.4905263157894866,30.340909090909093,0,125.25515390657368,17.3,-61.39999999999998,NE
storm_cmcc,STORM_CMCC,storm_cmcc|9979|9_9979_5,9979,9_9979_5,6296,rank_5001_10000,0.0,17.834822878977423,intensity_distance_weighted_mps,14.12429379,0.0014124293785310734,1.4873949579832062,38.52272727272727,1,161.55303043680667,17.6,-61.69999999999999,NW
storm_cmcc,STORM_CMCC,storm_cmcc|5265|5_5265_1,5265,5_5265_1,6297,rank_5001_10000,0.0,17.832733752216605,intensity_distance_weighted_mps,14.12429379,0.0014124293785310734,1.4842767295597614,66.81818181818183,4,248.60842302143152,14.2,-62.5,SW
storm_cmcc,STORM_CMCC,storm_cmcc|9106|9_9106_8,9106,9_9106_8,6298,rank_5001_10000,0.0,17.827220245223238,intensity_distance_weighted_mps,14.12429379,0.0014124293785310734,1.481171548117168,65.11363636363636,4,244.2967244206418,18.2,-62.30000000000001,NW
storm_cmcc,STORM_CMCC,storm_cmcc|787|0_787_6,787,0_787_6,6299,rank_5001_10000,0.0,17.822757209102154,intensity_distance_weighted_mps,14.12429379,0.0014124293785310734,1.478079331941558,32.95454545454546,1,138.2130150975803,17.4,-61.19999999999999,NE
storm_cmcc,STORM_CMCC,storm_cmcc|3256|3_3256_9,3256,3_3256_9,6312,rank_5001_10000,0.0,17.778423243109522,intensity_distance_weighted_mps,14.12429379,0.0014124293785310734,1.4750000000000132,33.52272727272727,1,141.15828469499104,17.3,-60.80000000000001,NE
storm_cmcc,STORM_CMCC,storm_cmcc|1190|1_1190_8,1190,1_1190_8,6363,rank_5001_10000,0.0,17.622366085242646,intensity_distance_weighted_mps,14.12429379,0.0014124293785310734,1.4719334719334851,56.70454545454546,3,223.3821858843699,14.2,-61.80000000000001,SW
storm_cmcc,STORM_CMCC,storm_cmcc|1334|1_1334_10,1334,1_1334_10,6364,rank_5001_10000,0.0,17.62204761752585,intensity_distance_weighted_mps,14.12429379,0.0014124293785310734,1.4688796680498057,57.27272727272727,3,225.0030430870997,18.0,-60.5,NE
storm_cmcc,STORM_CMCC,storm_cmcc|1753|1_1753_6,1753,1_1753_6,6369,rank_5001_10000,0.0,17.59973623883079,intensity_distance_weighted_mps,14.12429379,0.0014124293785310734,1.4658385093167834,62.27272727272727,4,238.97952579466835,17.3,-59.5,NE
storm_cmcc,STORM_CMCC,storm_cmcc|7827|7_7827_15,7827,7_7827_15,6379,rank_5001_10000,0.0,17.532523403456775,intensity_distance_weighted_mps,14.12429379,0.0014124293785310734,1.4628099173553852,75.45454545454547,5,272.64083471485844,18.5,-60.60000000000002,NE
storm_cmcc,STORM_CMCC,storm_cmcc|2699|2_2699_2,2699,2_2699_2,6403,rank_5001_10000,0.0,17.44792674430181,intensity_distance_weighted_mps,14.12429379,0.0014124293785310734,1.459793814433003,69.6590909090909,4,259.47829341051744,18.2,-60.19999999999999,NE
storm_cmcc,STORM_CMCC,storm_cmcc|8897|8_8897_5,8897,8_8897_5,6412,rank_5001_10000,0.0,17.414916737599576,intensity_distance_weighted_mps,14.12429379,0.0014124293785310734,1.4567901234568035,48.86363636363637,3,201.5728527560795,14.4,-61.80000000000001,SW
storm_cmcc,STORM_CMCC,storm_cmcc|5006|5_5006_1,5006,5_5006_1,6426,rank_5001_10000,0.0,17.378992449347614,intensity_distance_weighted_mps,14.12429379,0.0014124293785310734,1.4537987679671591,23.409090909090914,0,88.3570410365011,15.4,-61.60000000000002,SW
storm_cmcc,STORM_CMCC,storm_cmcc|7895|7_7895_4,7895,7_7895_4,6431,rank_5001_10000,0.0,17.363318361993677,intensity_distance_weighted_mps,14.12429379,0.0014124293785310734,1.4508196721311608,83.18181818181819,5,292.044401084616,18.8,-61.39999999999998,NE
storm_cmcc,STORM_CMCC,storm_cmcc|1184|1_1184_15,1184,1_1184_15,6434,rank_5001_10000,0.0,17.35242987234255,intensity_distance_weighted_mps,14.12429379,0.0014124293785310734,1.4478527607362097,46.47727272727273,2,194.33136691288075,14.6,-62.19999999999999,SW
storm_cmcc,STORM_CMCC,storm_cmcc|298|0_298_6,298,0_298_6,6443,rank_5001_10000,0.0,17.320500512086973,intensity_distance_weighted_mps,14.12429379,0.0014124293785310734,1.4448979591836868,31.704545454545457,0,136.6946621257094,17.4,-61.5,NW
storm_cmcc,STORM_CMCC,storm_cmcc|2074|2_2074_16,2074,2_2074_16,6480,rank_5001_10000,0.0,17.19800889888026,intensity_distance_weighted_mps,14.12429379,0.0014124293785310734,1.441955193482702,54.54545454545455,3,221.04598265310514,14.3,-62.10000000000002,SW
storm_cmcc,STORM_CMCC,storm_cmcc|2977|2_2977_2,2977,2_2977_2,6481,rank_5001_10000,0.0,17.196414069858108,intensity_distance_weighted_mps,14.12429379,0.0014124293785310734,1.439024390243916,40.909090909090914,1,176.14187031164676,14.6,-61.60000000000002,SW
storm_cmcc,STORM_CMCC,storm_cmcc|7477|7_7477_8,7477,7_7477_8,6505,rank_5001_10000,0.0,17.14969561622092,intensity_distance_weighted_mps,14.12429379,0.0014124293785310734,1.4361054766734416,35.00000000000001,1,153.03327198856098,14.8,-61.5,SW
storm_cmcc,STORM_CMCC,storm_cmcc|9607|9_9607_10,9607,9_9607_10,6510,rank_5001_10000,0.0,17.138519209686145,intensity_distance_weighted_mps,14.12429379,0.0014124293785310734,1.4331983805668151,28.522727272727277,0,122.2520142867609,17.2,-61.0,NE
storm_cmcc,STORM_CMCC,storm_cmcc|1550|1_1550_2,1550,1_1550_2,6530,rank_5001_10000,0.0,17.075240814223548,intensity_distance_weighted_mps,14.12429379,0.0014124293785310734,1.430303030303044,52.727272727272734,3,216.74544716923535,18.1,-61.10000000000002,NE
storm_cmcc,STORM_CMCC,storm_cmcc|9338|9_9338_2,9338,9_9338_2,6545,rank_5001_10000,0.0,17.030298175250934,intensity_distance_weighted_mps,14.12429379,0.0014124293785310734,1.4274193548387233,45.22727272727273,2,193.01070155204647,17.9,-61.60000000000002,NW
storm_cmcc,STORM_CMCC,storm_cmcc|7612|7_7612_12,7612,7_7612_12,6588,rank_5001_10000,0.0,16.89965488588867,intensity_distance_weighted_mps,14.12429379,0.0014124293785310734,1.4245472837022268,50.795454545454554,3,212.43461462705494,17.3,-59.80000000000001,NE
storm_cmcc,STORM_CMCC,storm_cmcc|678|0_678_6,678,0_678_6,6599,rank_5001_10000,0.0,16.88137116557295,intensity_distance_weighted_mps,14.12429379,0.0014124293785310734,1.4216867469879655,45.34090909090909,2,194.7606978363846,17.0,-59.80000000000001,NE
storm_cmcc,STORM_CMCC,storm_cmcc|5153|5_5153_12,5153,5_5153_12,6600,rank_5001_10000,0.0,16.87783547085776,intensity_distance_weighted_mps,14.12429379,0.0014124293785310734,1.418837675350715,55.3409090909091,3,226.44090277221042,18.2,-61.19999999999999,NE
storm_cmcc,STORM_CMCC,storm_cmcc|3343|3_3343_4,3343,3_3343_4,6611,rank_5001_10000,0.0,16.85565792983362,intensity_distance_weighted_mps,14.12429379,0.0014124293785310734,1.4160000000000137,22.15909090909091,0,84.13892268049389,16.5,-60.69999999999999,NE
storm_cmcc,STORM_CMCC,storm_cmcc|2665|2_2665_3,2665,2_2665_3,6627,rank_5001_10000,0.0,16.799775849193775,intensity_distance_weighted_mps,14.12429379,0.0014124293785310734,1.4131736526946246,41.13636363636364,1,180.53830407457224,17.4,-60.30000000000001,NE
storm_cmcc,STORM_CMCC,storm_cmcc|1108|1_1108_10,1108,1_1108_10,6700,rank_5001_10000,0.0,16.58127568427036,intensity_distance_weighted_mps,14.12429379,0.0014124293785310734,1.4103585657370656,70.22727272727273,5,269.805593903455,18.6,-61.39999999999998,NE
storm_cmcc,STORM_CMCC,storm_cmcc|5990|5_5990_8,5990,5_5990_8,6708,rank_5001_10000,0.0,16.545862893151668,intensity_distance_weighted_mps,14.12429379,0.0014124293785310734,1.4075546719682046,26.59090909090909,0,116.87524052793533,15.2,-61.0,SE
storm_cmcc,STORM_CMCC,storm_cmcc|472|0_472_2,472,0_472_2,6715,rank_5001_10000,0.0,16.52146809501122,intensity_distance_weighted_mps,14.12429379,0.0014124293785310734,1.4047619047619186,22.15909090909091,0,87.62236057304143,16.7,-60.80000000000001,NE
storm_cmcc,STORM_CMCC,storm_cmcc|5367|5_5367_2,5367,5_5367_2,6737,rank_5001_10000,0.0,16.486033508659478,intensity_distance_weighted_mps,14.12429379,0.0014124293785310734,1.4019801980198159,21.25,0,80.63387275601202,16.6,-60.80000000000001,NE
storm_cmcc,STORM_CMCC,storm_cmcc|6215|6_6215_4,6215,6_6215_4,6786,rank_5001_10000,0.0,16.359467089457983,intensity_distance_weighted_mps,14.12429379,0.0014124293785310734,1.3992094861660218,22.500000000000004,0,91.89877334811455,17.0,-61.39999999999998,NE
storm_cmcc,STORM_CMCC,storm_cmcc|1258|1_1258_7,1258,1_1258_7,6792,rank_5001_10000,0.0,16.352361199715936,intensity_distance_weighted_mps,14.12429379,0.0014124293785310734,1.3964497041420256,79.0909090909091,5,293.811137514211,18.7,-60.60000000000002,NE
storm_cmcc,STORM_CMCC,storm_cmcc|2604|2_2604_2,2604,2_2604_2,6798,rank_5001_10000,0.0,16.332326905807527,intensity_distance_weighted_mps,14.12429379,0.0014124293785310734,1.3937007874015888,45.22727272727273,2,199.51620212811414,17.9,-60.89999999999998,NE
storm_cmcc,STORM_CMCC,storm_cmcc|6540|6_6540_8,6540,6_6540_8,6800,rank_5001_10000,0.0,16.33197637173885,intensity_distance_weighted_mps,14.12429379,0.0014124293785310734,1.3909626719057113,59.54545454545455,4,243.99532161909747,14.0,-61.10000000000002,SE
storm_cmcc,STORM_CMCC,storm_cmcc|9181|9_9181_7,9181,9_9181_7,6802,rank_5001_10000,0.0,16.32522180270663,intensity_distance_weighted_mps,14.12429379,0.0014124293785310734,1.388235294117661,38.63636363636364,1,175.35680027038188,15.2,-62.69999999999999,SW
storm_cmcc,STORM_CMCC,storm_cmcc|1297|1_1297_6,1297,1_1297_6,6838,rank_5001_10000,0.0,16.233111513869098,intensity_distance_weighted_mps,14.12429379,0.0014124293785310734,1.385518590998057,50.11363636363637,3,216.7032565185602,18.0,-60.69999999999999,NE
storm_cmcc,STORM_CMCC,storm_cmcc|6118|6_6118_3,6118,6_6118_3,6839,rank_5001_10000,0.0,16.228979445963915,intensity_distance_weighted_mps,14.12429379,0.0014124293785310734,1.382812500000014,64.20454545454545,4,257.9025923464382,17.6,-59.5,NE
storm_cmcc,STORM_CMCC,storm_cmcc|8205|8_8205_2,8205,8_8205_2,6864,rank_5001_10000,0.0,16.154502423598338,intensity_distance_weighted_mps,14.12429379,0.0014124293785310734,1.3801169590643416,57.159090909090914,3,238.97952579466835,17.3,-59.5,NE
storm_cmcc,STORM_CMCC,storm_cmcc|9711|9_9711_0,9711,9_9711_0,6871,rank_5001_10000,0.0,16.13292106474269,intensity_distance_weighted_mps,14.12429379,0.0014124293785310734,1.3774319066148,26.931818181818183,0,122.72257421345657,16.7,-60.39999999999998,NE
storm_cmcc,STORM_CMCC,storm_cmcc|7068|7_7068_6,7068,7_7068_6,6903,rank_5001_10000,0.0,16.034211407781847,intensity_distance_weighted_mps,14.12429379,0.0014124293785310734,1.3747572815534121,37.95454545454545,1,175.38443193589518,14.6,-61.30000000000001,SE
storm_cmcc,STORM_CMCC,storm_cmcc|7476|7_7476_6,7476,7_7476_6,6919,rank_5001_10000,0.0,15.999082116545855,intensity_distance_weighted_mps,14.12429379,0.0014124293785310734,1.3720930232558282,39.31818181818182,1,181.09214586297304,17.8,-61.5,NW
storm_cmcc,STORM_CMCC,storm_cmcc|2288|2_2288_12,2288,2_2288_12,6920,rank_5001_10000,0.0,15.99813144626707,intensity_distance_weighted_mps,14.12429379,0.0014124293785310734,1.3694390715667453,45.56818181818183,2,203.93072388300936,17.3,-59.89999999999998,NE
storm_cmcc,STORM_CMCC,storm_cmcc|8158|8_8158_11,8158,8_8158_11,6922,rank_5001_10000,0.0,15.989047678458638,intensity_distance_weighted_mps,14.12429379,0.0014124293785310734,1.366795366795381,35.227272727272734,1,164.536577995205,17.6,-61.0,NE
storm_cmcc,STORM_CMCC,storm_cmcc|1090|1_1090_8,1090,1_1090_8,6927,rank_5001_10000,0.0,15.972066382919671,intensity_distance_weighted_mps,14.12429379,0.0014124293785310734,1.3641618497109969,50.68181818181819,3,221.124294277791,17.3,-59.69999999999999,NE
storm_cmcc,STORM_CMCC,storm_cmcc|5685|5_5685_4,5685,5_5685_4,6930,rank_5001_10000,0.0,15.960840246657932,intensity_distance_weighted_mps,14.12429379,0.0014124293785310734,1.3615384615384758,52.95454545454546,3,228.36382015048125,14.2,-62.0,SW
storm_cmcc,STORM_CMCC,storm_cmcc|7839|7_7839_7,7839,7_7839_7,6948,rank_5001_10000,0.0,15.915694772916257,intensity_distance_weighted_mps,14.12429379,0.0014124293785310734,1.358925143953949,52.159090909090914,3,226.35646403405448,18.1,-62.10000000000002,NW
storm_cmcc,STORM_CMCC,storm_cmcc|9453|9_9453_4,9453,9_9453_4,6992,rank_5001_10000,0.0,15.77075208964886,intensity_distance_weighted_mps,14.12429379,0.0014124293785310734,1.356321839080474,72.5,5,284.4910247292915,13.8,-62.39999999999998,SW
storm_cmcc,STORM_CMCC,storm_cmcc|1918|1_1918_7,1918,1_1918_7,7010,rank_5001_10000,0.0,15.727489901557785,intensity_distance_weighted_mps,14.12429379,0.0014124293785310734,1.3537284894837618,22.386363636363637,0,97.60272465644468,15.3,-61.5,SW
storm_cmcc,STORM_CMCC,storm_cmcc|4972|4_4972_8,4972,4_4972_8,7039,rank_5001_10000,0.0,15.646515713697498,intensity_distance_weighted_mps,14.12429379,0.0014124293785310734,1.3511450381679533,42.5,2,196.50914262971997,14.5,-62.0,SW
storm_cmcc,STORM_CMCC,storm_cmcc|8913|8_8913_0,8913,8_8913_0,7049,rank_5001_10000,0.0,15.610595081189679,intensity_distance_weighted_mps,14.12429379,0.0014124293785310734,1.348571428571443,76.93181818181819,5,297.2945405205599,13.5,-61.39999999999998,SE
storm_cmcc,STORM_CMCC,storm_cmcc|7772|7_7772_3,7772,7_7772_3,7059,rank_5001_10000,0.0,15.562666152660016,intensity_distance_weighted_mps,14.12429379,0.0014124293785310734,1.346007604562752,69.20454545454545,4,278.48464282917666,14.0,-62.69999999999999,SW
storm_cmcc,STORM_CMCC,storm_cmcc|1534|1_1534_7,1534,1_1534_7,7069,rank_5001_10000,0.0,15.531088491781256,intensity_distance_weighted_mps,14.12429379,0.0014124293785310734,1.343453510436447,38.86363636363637,1,183.85328529597547,17.8,-61.10000000000002,NE
storm_cmcc,STORM_CMCC,storm_cmcc|4851|4_4851_9,4851,4_4851_9,7075,rank_5001_10000,0.0,15.52026753170258,intensity_distance_weighted_mps,14.12429379,0.0014124293785310734,1.3409090909091053,39.43181818181819,1,186.18535957859757,16.5,-59.69999999999999,NE
storm_cmcc,STORM_CMCC,storm_cmcc|4251|4_4251_1,4251,4_4251_1,7096,rank_5001_10000,0.0,15.48275903880683,intensity_distance_weighted_mps,14.12429379,0.0014124293785310734,1.3383742911153262,38.63636363636364,1,183.43254339822678,17.8,-61.69999999999999,NW
storm_cmcc,STORM_CMCC,storm_cmcc|1508|1_1508_12,1508,1_1508_12,7111,rank_5001_10000,0.0,15.452207095766205,intensity_distance_weighted_mps,14.12429379,0.0014124293785310734,1.335849056603788,25.795454545454547,0,122.72257421345657,16.7,-60.39999999999998,NE
storm_cmcc,STORM_CMCC,storm_cmcc|9346|9_9346_1,9346,9_9346_1,7112,rank_5001_10000,0.0,15.450703895869067,intensity_distance_weighted_mps,14.12429379,0.0014124293785310734,1.3333333333333477,32.159090909090914,0,155.98555674559174,17.4,-60.69999999999999,NE
storm_cmcc,STORM_CMCC,storm_cmcc|9945|9_9945_0,9945,9_9945_0,7115,rank_5001_10000,0.0,15.43461495539382,intensity_distance_weighted_mps,14.12429379,0.0014124293785310734,1.3308270676691873,34.54545454545455,1,166.91034038399744,17.6,-61.89999999999998,NW
storm_cmcc,STORM_CMCC,storm_cmcc|5085|5_5085_0,5085,5_5085_0,7130,rank_5001_10000,0.0,15.397530497277202,intensity_distance_weighted_mps,14.12429379,0.0014124293785310734,1.3283302063790012,56.02272727272727,3,243.64834254163733,17.9,-60.0,NE
storm_cmcc,STORM_CMCC,storm_cmcc|1782|1_1782_2,1782,1_1782_2,7153,rank_5001_10000,0.0,15.37266682968311,intensity_distance_weighted_mps,14.12429379,0.0014124293785310734,1.325842696629228,73.1818181818182,5,290.8807280720039,18.7,-60.69999999999999,NE
storm_cmcc,STORM_CMCC,storm_cmcc|1702|1_1702_14,1702,1_1702_14,7157,rank_5001_10000,0.0,15.359881648210905,intensity_distance_weighted_mps,14.12429379,0.0014124293785310734,1.323364485981323,37.045454545454554,1,178.23080734993303,17.7,-60.89999999999998,NE
storm_cmcc,STORM_CMCC,storm_cmcc|1596|1_1596_0,1596,1_1596_0,7179,rank_5001_10000,0.0,15.312199036741857,intensity_distance_weighted_mps,14.12429379,0.0014124293785310734,1.3208955223880743,45.45454545454546,2,210.45585113671652,17.9,-60.60000000000002,NE
storm_cmcc,STORM_CMCC,storm_cmcc|3395|3_3395_4,3395,3_3395_4,7194,rank_5001_10000,0.0,15.272222195512116,intensity_distance_weighted_mps,14.12429379,0.0014124293785310734,1.3184357541899587,63.52272727272727,4,266.6189869721841,13.9,-62.19999999999999,SW
storm_cmcc,STORM_CMCC,storm_cmcc|7029|7_7029_4,7029,7_7029_4,7197,rank_5001_10000,0.0,15.269530837573841,intensity_distance_weighted_mps,14.12429379,0.0014124293785310734,1.3159851301115386,38.75000000000001,1,186.00807467582882,14.6,-62.0,SW
storm_cmcc,STORM_CMCC,storm_cmcc|9173|9_9173_6,9173,9_9173_6,7239,rank_5001_10000,0.0,15.164690987828124,intensity_distance_weighted_mps,14.12429379,0.0014124293785310734,1.3135435992578994,54.659090909090914,3,242.07070570546776,18.3,-61.89999999999998,NW
storm_cmcc,STORM_CMCC,storm_cmcc|3655|3_3655_0,3655,3_3655_0,7250,rank_5001_10000,0.0,15.139896197506793,intensity_distance_weighted_mps,14.12429379,0.0014124293785310734,1.3111111111111258,39.54545454545455,1,190.44702119813536,14.9,-62.60000000000002,SW
storm_cmcc,STORM_CMCC,storm_cmcc|6053|6_6053_22,6053,6_6053_22,7264,rank_5001_10000,0.0,15.10045644223578,intensity_distance_weighted_mps,14.12429379,0.0014124293785310734,1.3086876155268168,33.06818181818182,1,163.62240510981894,16.799999999999997,-62.80000000000001,NW
storm_cmcc,STORM_CMCC,storm_cmcc|7920|7_7920_9,7920,7_7920_9,7274,rank_5001_10000,0.0,15.071046422919403,intensity_distance_weighted_mps,14.12429379,0.0014124293785310734,1.3062730627306418,44.20454545454546,2,208.552730016006,14.3,-61.5,SW
storm_cmcc,STORM_CMCC,storm_cmcc|6725|6_6725_0,6725,6_6725_0,7279,rank_5001_10000,0.0,15.058388831546738,intensity_distance_weighted_mps,14.12429379,0.0014124293785310734,1.3038674033149318,51.81818181818183,3,234.3627222800526,17.5,-59.69999999999999,NE
storm_cmcc,STORM_CMCC,storm_cmcc|593|0_593_4,593,0_593_4,7280,rank_5001_10000,0.0,15.057699139032945,intensity_distance_weighted_mps,14.12429379,0.0014124293785310734,1.3014705882353088,26.704545454545457,0,131.92166493567817,16.5,-62.60000000000002,NW
storm_cmcc,STORM_CMCC,storm_cmcc|7394|7_7394_7,7394,7_7394_7,7288,rank_5001_10000,0.0,15.036247886496996,intensity_distance_weighted_mps,14.12429379,0.0014124293785310734,1.2990825688073542,26.47727272727273,0,130.84405198191362,15.0,-61.5,SW
storm_cmcc,STORM_CMCC,storm_cmcc|2207|2_2207_9,2207,2_2207_9,7302,rank_5001_10000,0.0,15.006481846383672,intensity_distance_weighted_mps,14.12429379,0.0014124293785310734,1.2967032967033114,68.97727272727273,4,284.4665505717902,15.1,-59.0,SE
storm_cmcc,STORM_CMCC,storm_cmcc|3716|3_3716_1,3716,3_3716_1,7308,rank_5001_10000,0.0,14.99280339254956,intensity_distance_weighted_mps,14.12429379,0.0014124293785310734,1.2943327239488265,35.45454545454546,1,175.2351154130867,14.6,-61.5,SW
storm_cmcc,STORM_CMCC,storm_cmcc|4350|4_4350_4,4350,4_4350_4,7314,rank_5001_10000,0.0,14.981658688077756,intensity_distance_weighted_mps,14.12429379,0.0014124293785310734,1.2919708029197228,43.977272727272734,2,208.67838394708514,14.3,-61.30000000000001,SE
storm_cmcc,STORM_CMCC,storm_cmcc|7483|7_7483_1,7483,7_7483_1,7316,rank_5001_10000,0.0,14.976547053635505,intensity_distance_weighted_mps,14.12429379,0.0014124293785310734,1.2896174863388126,40.11363636363637,1,194.33136691288075,14.6,-62.19999999999999,SW
storm_cmcc,STORM_CMCC,storm_cmcc|7350|7_7350_6,7350,7_7350_6,7322,rank_5001_10000,0.0,14.958644688258929,intensity_distance_weighted_mps,14.12429379,0.0014124293785310734,1.287272727272742,28.295454545454547,0,141.63517240442442,17.0,-60.39999999999998,NE
storm_cmcc,STORM_CMCC,storm_cmcc|4460|4_4460_4,4460,4_4460_4,7331,rank_5001_10000,0.0,14.944365864734143,intensity_distance_weighted_mps,14.12429379,0.0014124293785310734,1.2849364791288713,63.06818181818183,4,269.17364900861867,18.3,-60.19999999999999,NE
storm_cmcc,STORM_CMCC,storm_cmcc|6144|6_6144_15,6144,6_6144_15,7337,rank_5001_10000,0.0,14.927919430062833,intensity_distance_weighted_mps,14.12429379,0.0014124293785310734,1.2826086956521887,36.70454545454545,1,181.1702628078363,17.5,-62.39999999999998,NW
storm_cmcc,STORM_CMCC,storm_cmcc|9341|9_9341_4,9341,9_9341_4,7365,rank_5001_10000,0.0,14.864970436546491,intensity_distance_weighted_mps,14.12429379,0.0014124293785310734,1.2802893309222572,44.09090909090909,2,210.32624499181313,14.6,-62.5,SW
storm_cmcc,STORM_CMCC,storm_cmcc|3039|3_3039_7,3039,3_3039_7,7368,rank_5001_10000,0.0,14.85950575594817,intensity_distance_weighted_mps,14.12429379,0.0014124293785310734,1.2779783393501953,50.34090909090909,3,231.78721161992866,14.5,-62.69999999999999,SW
storm_cmcc,STORM_CMCC,storm_cmcc|9165|9_9165_13,9165,9_9165_13,7377,rank_5001_10000,0.0,14.84803904600834,intensity_distance_weighted_mps,14.12429379,0.0014124293785310734,1.2756756756756904,35.227272727272734,1,175.73191156646425,16.5,-59.80000000000001,NE
storm_cmcc,STORM_CMCC,storm_cmcc|4182|4_4182_10,4182,4_4182_10,7398,rank_5001_10000,0.0,14.80145880530139,intensity_distance_weighted_mps,14.12429379,0.0014124293785310734,1.2733812949640435,72.04545454545455,5,294.987741634062,14.7,-63.69999999999999,SW
storm_cmcc,STORM_CMCC,storm_cmcc|9375|9_9375_7,9375,9_9375_7,7426,rank_5001_10000,0.0,14.704358708270469,intensity_distance_weighted_mps,14.12429379,0.0014124293785310734,1.2710951526032463,36.13636363636364,1,181.09214586297304,17.8,-61.5,NW
storm_cmcc,STORM_CMCC,storm_cmcc|6299|6_6299_3,6299,6_6299_3,7436,rank_5001_10000,0.0,14.676197866499043,intensity_distance_weighted_mps,14.12429379,0.0014124293785310734,1.2688172043010901,56.02272727272727,3,251.77001770106367,14.6,-63.10000000000002,SW
storm_cmcc,STORM_CMCC,storm_cmcc|8419|8_8419_8,8419,8_8419_8,7437,rank_5001_10000,0.0,14.669496132390952,intensity_distance_weighted_mps,14.12429379,0.0014124293785310734,1.2665474060823045,74.09090909090911,5,301.8944630434465,13.5,-61.89999999999998,SW
storm_cmcc,STORM_CMCC,storm_cmcc|4602|4_4602_3,4602,4_4602_3,7442,rank_5001_10000,0.0,14.656636513695794,intensity_distance_weighted_mps,14.12429379,0.0014124293785310734,1.2642857142857291,57.38636363636364,3,256.1174446021232,14.3,-62.80000000000001,SW
storm_cmcc,STORM_CMCC,storm_cmcc|1350|1_1350_6,1350,1_1350_6,7446,rank_5001_10000,0.0,14.64471971728548,intensity_distance_weighted_mps,14.12429379,0.0014124293785310734,1.2620320855615121,32.38636363636364,0,165.10022161849935,14.7,-61.60000000000002,SW
storm_cmcc,STORM_CMCC,storm_cmcc|4021|4_4021_2,4021,4_4021_2,7456,rank_5001_10000,0.0,14.623276224515068,intensity_distance_weighted_mps,14.12429379,0.0014124293785310734,1.2597864768683422,54.31818181818182,3,247.1361654723572,14.4,-62.80000000000001,SW
storm_cmcc,STORM_CMCC,storm_cmcc|6115|6_6115_9,6115,6_6115_9,7469,rank_5001_10000,0.0,14.579198925538163,intensity_distance_weighted_mps,14.12429379,0.0014124293785310734,1.2575488454707076,31.590909090909093,0,162.03111316053216,17.6,-61.10000000000002,NE
storm_cmcc,STORM_CMCC,storm_cmcc|6589|6_6589_0,6589,6_6589_0,7474,rank_5001_10000,0.0,14.56848514498308,intensity_distance_weighted_mps,14.12429379,0.0014124293785310734,1.255319148936185,32.04545454545455,0,164.29226773705182,14.7,-61.30000000000001,SE
storm_cmcc,STORM_CMCC,storm_cmcc|5330|5_5330_10,5330,5_5330_10,7490,rank_5001_10000,0.0,14.529819946081576,intensity_distance_weighted_mps,14.12429379,0.0014124293785310734,1.2530973451327583,63.06818181818183,4,274.159753140559,16.7,-58.89999999999998,NE
storm_cmcc,STORM_CMCC,storm_cmcc|7778|7_7778_10,7778,7_7778_10,7493,rank_5001_10000,0.0,14.525661699950478,intensity_distance_weighted_mps,14.12429379,0.0014124293785310734,1.2508833922261633,57.72727272727273,4,258.68620377108135,18.5,-61.39999999999998,NE
storm_cmcc,STORM_CMCC,storm_cmcc|2022|2_2022_6,2022,2_2022_6,7542,rank_5001_10000,0.0,14.411688274642975,intensity_distance_weighted_mps,14.12429379,0.0014124293785310734,1.2486772486772637,48.52272727272728,2,230.77103780540168,14.1,-61.5,SW
storm_cmcc,STORM_CMCC,storm_cmcc|8811|8_8811_3,8811,8_8811_3,7545,rank_5001_10000,0.0,14.40465526852263,intensity_distance_weighted_mps,14.12429379,0.0014124293785310734,1.2464788732394516,30.22727272727273,0,157.20957318158864,17.5,-60.89999999999998,NE
storm_cmcc,STORM_CMCC,storm_cmcc|1986|1_1986_2,1986,1_1986_2,7558,rank_5001_10000,0.0,14.374929227773062,intensity_distance_weighted_mps,14.12429379,0.0014124293785310734,1.2442882249560783,25.56818181818182,0,132.36298529246028,15.2,-60.69999999999999,SE
storm_cmcc,STORM_CMCC,storm_cmcc|6979|6_6979_5,6979,6_6979_5,7564,rank_5001_10000,0.0,14.349595527880494,intensity_distance_weighted_mps,14.12429379,0.0014124293785310734,1.2421052631579097,49.20454545454545,3,233.77801177433508,17.7,-59.89999999999998,NE
storm_cmcc,STORM_CMCC,storm_cmcc|237|0_237_5,237,0_237_5,7567,rank_5001_10000,0.0,14.344831869181553,intensity_distance_weighted_mps,14.12429379,0.0014124293785310734,1.2399299474606105,27.840909090909093,0,145.4947441382326,14.9,-61.10000000000002,SE
storm_cmcc,STORM_CMCC,storm_cmcc|2226|2_2226_12,2226,2_2226_12,7576,rank_5001_10000,0.0,14.318972724535021,intensity_distance_weighted_mps,14.12429379,0.0014124293785310734,1.2377622377622528,31.931818181818187,0,166.36045149781256,15.5,-62.80000000000001,SW
storm_cmcc,STORM_CMCC,storm_cmcc|9949|9_9949_2,9949,9_9949_2,7605,rank_5001_10000,0.0,14.243038649494022,intensity_distance_weighted_mps,14.12429379,0.0014124293785310734,1.2356020942408528,39.659090909090914,1,200.37520517813897,17.8,-60.60000000000002,NE
storm_cmcc,STORM_CMCC,storm_cmcc|233|0_233_6,233,0_233_6,7614,rank_5001_10000,0.0,14.213605066866805,intensity_distance_weighted_mps,14.12429379,0.0014124293785310734,1.2334494773519313,47.159090909090914,2,228.368971082763,17.8,-60.10000000000002,NE
storm_cmcc,STORM_CMCC,storm_cmcc|1299|1_1299_0,1299,1_1299_0,7648,rank_5001_10000,0.0,14.107195382713474,intensity_distance_weighted_mps,14.12429379,0.0014124293785310734,1.2313043478261019,38.75000000000001,1,198.25127327000922,14.4,-61.60000000000002,SW
storm_cmcc,STORM_CMCC,storm_cmcc|6232|6_6232_1,6232,6_6232_1,7651,rank_5001_10000,0.0,14.102416997926396,intensity_distance_weighted_mps,14.12429379,0.0014124293785310734,1.2291666666666816,52.84090909090909,3,248.60842302143152,14.2,-62.5,SW
storm_cmcc,STORM_CMCC,storm_cmcc|9931|9_9931_12,9931,9_9931_12,7654,rank_5001_10000,0.0,14.087223113802509,intensity_distance_weighted_mps,14.12429379,0.0014124293785310734,1.2270363951473287,41.81818181818182,1,210.45585113671652,17.9,-60.60000000000002,NE
storm_cmcc,STORM_CMCC,storm_cmcc|4912|4_4912_11,4912,4_4912_11,7669,rank_5001_10000,0.0,14.055056100076625,intensity_distance_weighted_mps,14.12429379,0.0014124293785310734,1.2249134948097036,44.20454545454546,2,219.6923567468338,17.7,-60.10000000000002,NE
storm_cmcc,STORM_CMCC,storm_cmcc|5573|5_5573_6,5573,5_5573_6,7677,rank_5001_10000,0.0,14.038983654515595,intensity_distance_weighted_mps,14.12429379,0.0014124293785310734,1.222797927461155,39.09090909090909,1,200.37520517813897,17.8,-60.60000000000002,NE
storm_cmcc,STORM_CMCC,storm_cmcc|7794|7_7794_16,7794,7_7794_16,7728,rank_5001_10000,0.0,13.900061386265351,intensity_distance_weighted_mps,14.12429379,0.0014124293785310734,1.220689655172429,28.522727272727277,0,153.84953161403735,17.5,-61.0,NE
storm_cmcc,STORM_CMCC,storm_cmcc|8759|8_8759_5,8759,8_8759_5,7777,rank_5001_10000,0.0,13.78660845318417,intensity_distance_weighted_mps,14.12429379,0.0014124293785310734,1.2185886402754023,46.36363636363637,2,230.57821256961884,14.1,-61.39999999999998,SE
storm_cmcc,STORM_CMCC,storm_cmcc|1786|1_1786_13,1786,1_1786_13,7786,rank_5001_10000,0.0,13.759587309692156,intensity_distance_weighted_mps,14.12429379,0.0014124293785310734,1.2164948453608397,58.06818181818183,4,269.17364900861867,18.3,-60.19999999999999,NE
storm_cmcc,STORM_CMCC,storm_cmcc|7976|7_7976_18,7976,7_7976_18,7795,rank_5001_10000,0.0,13.742792351320498,intensity_distance_weighted_mps,14.12429379,0.0014124293785310734,1.214408233276173,37.5,1,197.22023121338069,14.4,-61.39999999999998,SE
storm_cmcc,STORM_CMCC,storm_cmcc|5205|5_5205_12,5205,5_5205_12,7802,rank_5001_10000,0.0,13.723984979589636,intensity_distance_weighted_mps,14.12429379,0.0014124293785310734,1.2123287671233027,27.95454545454546,0,152.74329134733412,14.8,-61.39999999999998,SE
storm_cmcc,STORM_CMCC,storm_cmcc|4201|4_4201_11,4201,4_4201_11,7821,rank_5001_10000,0.0,13.682746792810203,intensity_distance_weighted_mps,14.12429379,0.0014124293785310734,1.2102564102564253,36.02272727272727,1,191.6664101032616,17.6,-60.39999999999998,NE
storm_cmcc,STORM_CMCC,storm_cmcc|7294|7_7294_6,7294,7_7294_6,7830,rank_5001_10000,0.0,13.669174374345493,intensity_distance_weighted_mps,14.12429379,0.0014124293785310734,1.2081911262798786,34.20454545454546,1,183.85328529597547,17.8,-61.10000000000002,NE
storm_cmcc,STORM_CMCC,storm_cmcc|919|0_919_3,919,0_919_3,7864,rank_5001_10000,0.0,13.589631796287133,intensity_distance_weighted_mps,14.12429379,0.0014124293785310734,1.2061328790460117,56.36363636363637,3,266.119911184537,18.5,-62.0,NW
storm_cmcc,STORM_CMCC,storm_cmcc|7666|7_7666_7,7666,7_7666_7,7874,rank_5001_10000,0.0,13.565371927263085,intensity_distance_weighted_mps,14.12429379,0.0014124293785310734,1.2040816326530763,33.63636363636364,1,182.45670266442525,15.1,-62.69999999999999,SW
storm_cmcc,STORM_CMCC,storm_cmcc|2808|2_2808_7,2808,2_2808_7,7889,rank_5001_10000,0.0,13.536224245836475,intensity_distance_weighted_mps,14.12429379,0.0014124293785310734,1.202037351443139,36.02272727272727,1,193.33186911376922,14.5,-61.89999999999998,SW
storm_cmcc,STORM_CMCC,storm_cmcc|7828|7_7828_6,7828,7_7828_6,7896,rank_5001_10000,0.0,13.526935410195806,intensity_distance_weighted_mps,14.12429379,0.0014124293785310734,1.200000000000015,42.727272727272734,2,220.38675232846276,14.2,-61.60000000000002,SW
storm_cmcc,STORM_CMCC,storm_cmcc|5630|5_5630_16,5630,5_5630_16,7921,rank_5001_10000,0.0,13.466076001065835,intensity_distance_weighted_mps,14.12429379,0.0014124293785310734,1.1979695431472233,31.363636363636367,0,172.92892683874453,17.7,-61.10000000000002,NE
storm_cmcc,STORM_CMCC,storm_cmcc|7515|7_7515_3,7515,7_7515_3,7927,rank_5001_10000,0.0,13.441853874787178,intensity_distance_weighted_mps,14.12429379,0.0014124293785310734,1.1959459459459612,31.81818181818182,0,175.38443193589518,14.6,-61.30000000000001,SE
storm_cmcc,STORM_CMCC,storm_cmcc|361|0_361_8,361,0_361_8,7930,rank_5001_10000,0.0,13.439563796378502,intensity_distance_weighted_mps,14.12429379,0.0014124293785310734,1.1939291736931013,52.61363636363637,3,256.0931925305388,14.0,-62.19999999999999,SW
storm_cmcc,STORM_CMCC,storm_cmcc|4304|4_4304_14,4304,4_4304_14,7979,rank_5001_10000,0.0,13.350514313722742,intensity_distance_weighted_mps,14.12429379,0.0014124293785310734,1.1919191919192071,40.34090909090909,1,213.27840249320442,14.9,-62.89999999999998,SW
storm_cmcc,STORM_CMCC,storm_cmcc|7103|7_7103_2,7103,7_7103_2,7993,rank_5001_10000,0.0,13.328678300267477,intensity_distance_weighted_mps,14.12429379,0.0014124293785310734,1.1899159663865697,34.88636363636364,1,190.76503664782553,14.7,-60.5,SE
storm_cmcc,STORM_CMCC,storm_cmcc|1817|1_1817_3,1817,1_1817_3,8003,rank_5001_10000,0.0,13.308273252731817,intensity_distance_weighted_mps,14.12429379,0.0014124293785310734,1.1879194630872636,35.68181818181818,1,194.4902365499237,16.0,-59.60000000000002,SE
storm_cmcc,STORM_CMCC,storm_cmcc|2740|2_2740_2,2740,2_2740_2,8026,rank_5001_10000,0.0,13.26369419703109,intensity_distance_weighted_mps,14.12429379,0.0014124293785310734,1.1859296482412212,33.63636363636364,1,185.9015360012657,17.6,-60.5,NE
storm_cmcc,STORM_CMCC,storm_cmcc|9706|9_9706_6,9706,9_9706_6,8033,rank_5001_10000,0.0,13.251759395559827,intensity_distance_weighted_mps,14.12429379,0.0014124293785310734,1.1839464882943296,50.795454545454554,3,252.47768266588278,18.0,-60.0,NE
storm_cmcc,STORM_CMCC,storm_cmcc|5958|5_5958_6,5958,5_5958_6,8041,rank_5001_10000,0.0,13.231272348490831,intensity_distance_weighted_mps,14.12429379,0.0014124293785310734,1.1819699499165428,32.61363636363637,0,181.548985931026,16.7,-59.80000000000001,NE
storm_cmcc,STORM_CMCC,storm_cmcc|9472|9_9472_6,9472,9_9472_6,8059,rank_5001_10000,0.0,13.205643709280388,intensity_distance_weighted_mps,14.12429379,0.0014124293785310734,1.1800000000000153,61.93181818181819,4,288.13275325253875,18.4,-62.80000000000001,NW
storm_cmcc,STORM_CMCC,storm_cmcc|9435|9_9435_1,9435,9_9435_1,8073,rank_5001_10000,0.0,13.177449909537945,intensity_distance_weighted_mps,14.12429379,0.0014124293785310734,1.178036605657253,39.77272727272727,1,213.09724450082987,17.7,-60.19999999999999,NE
storm_cmcc,STORM_CMCC,storm_cmcc|9197|9_9197_9,9197,9_9197_9,8104,rank_5001_10000,0.0,13.11480096474852,intensity_distance_weighted_mps,14.12429379,0.0014124293785310734,1.1760797342192844,37.38636363636364,1,204.06065495994446,14.4,-61.89999999999998,SW
storm_cmcc,STORM_CMCC,storm_cmcc|2951|2_2951_9,2951,2_2951_9,8114,rank_5001_10000,0.0,13.095150876469772,intensity_distance_weighted_mps,14.12429379,0.0014124293785310734,1.1741293532338462,38.40909090909091,1,208.55273001600654,14.299999999999995,-61.5,SW
storm_cmcc,STORM_CMCC,storm_cmcc|5478|5_5478_6,5478,5_5478_6,8122,rank_5001_10000,0.0,13.067466393301727,intensity_distance_weighted_mps,14.12429379,0.0014124293785310734,1.1721854304635915,33.18181818181819,1,186.10094731425042,14.5,-61.39999999999998,SE
storm_cmcc,STORM_CMCC,storm_cmcc|4668|4_4668_8,4668,4_4668_8,8141,rank_5001_10000,0.0,13.014001696304213,intensity_distance_weighted_mps,14.12429379,0.0014124293785310734,1.1702479338843128,26.704545454545457,0,153.84953161403735,17.5,-61.0,NE
storm_cmcc,STORM_CMCC,storm_cmcc|4516|4_4516_6,4516,4_4516_6,8171,rank_5001_10000,0.0,12.960738182933971,intensity_distance_weighted_mps,14.12429379,0.0014124293785310734,1.1683168316831836,41.70454545454546,1,223.3821858843699,14.2,-61.80000000000001,SW
storm_cmcc,STORM_CMCC,storm_cmcc|7678|7_7678_11,7678,7_7678_11,8194,rank_5001_10000,0.0,12.919290268116592,intensity_distance_weighted_mps,14.12429379,0.0014124293785310734,1.1663920922570168,45.113636363636374,2,236.78911552184434,14.8,-63.10000000000002,SW
storm_cmcc,STORM_CMCC,storm_cmcc|9960|9_9960_3,9960,9_9960_3,8220,rank_5001_10000,0.0,12.865451600369418,intensity_distance_weighted_mps,14.12429379,0.0014124293785310734,1.1644736842105416,29.31818181818182,0,169.62807345227435,14.8,-62.10000000000002,SW
storm_cmcc,STORM_CMCC,storm_cmcc|7123|7_7123_0,7123,7_7123_0,8240,rank_5001_10000,0.0,12.837246416445534,intensity_distance_weighted_mps,14.12429379,0.0014124293785310734,1.162561576354695,73.1818181818182,5,325.2178879122809,18.6,-59.69999999999999,NE
storm_cmcc,STORM_CMCC,storm_cmcc|9534|9_9534_8,9534,9_9534_8,8246,rank_5001_10000,0.0,12.824700971740828,intensity_distance_weighted_mps,14.12429379,0.0014124293785310734,1.1606557377049334,38.86363636363637,1,213.7367725711482,16.4,-63.39999999999998,NW
storm_cmcc,STORM_CMCC,storm_cmcc|4364|4_4364_0,4364,4_4364_0,8251,rank_5001_10000,0.0,12.82108108593096,intensity_distance_weighted_mps,14.12429379,0.0014124293785310734,1.158756137479557,45.22727272727273,2,238.4750418165386,14.6,-59.89999999999998,SE
storm_cmcc,STORM_CMCC,storm_cmcc|3223|3_3223_7,3223,3_3223_7,8261,rank_5001_10000,0.0,12.79926200373145,intensity_distance_weighted_mps,14.12429379,0.0014124293785310734,1.1568627450980544,62.50000000000001,4,295.5835176189835,13.6,-62.10000000000002,SW
storm_cmcc,STORM_CMCC,storm_cmcc|6433|6_6433_5,6433,6_6433_5,8271,rank_5001_10000,0.0,12.781663523515881,intensity_distance_weighted_mps,14.12429379,0.0014124293785310734,1.1549755301794606,49.0909090909091,3,252.81694634303176,13.9,-61.39999999999998,SE
storm_cmcc,STORM_CMCC,storm_cmcc|4027|4_4027_10,4027,4_4027_10,8302,rank_5001_10000,0.0,12.712203594795733,intensity_distance_weighted_mps,14.12429379,0.0014124293785310734,1.1530944625407318,38.52272727272727,1,213.7367725711482,16.4,-63.39999999999998,NW
storm_cmcc,STORM_CMCC,storm_cmcc|5211|5_5211_4,5211,5_5211_4,8311,rank_5001_10000,0.0,12.696644805580902,intensity_distance_weighted_mps,14.12429379,0.0014124293785310734,1.1512195121951372,42.95454545454545,2,231.56140193807812,14.2,-62.10000000000002,SW
storm_cmcc,STORM_CMCC,storm_cmcc|3637|3_3637_6,3637,3_3637_6,8336,rank_5001_10000,0.0,12.631401776431815,intensity_distance_weighted_mps,14.12429379,0.0014124293785310734,1.1493506493506647,47.61363636363637,2,249.62567849147783,18.2,-60.39999999999998,NE
storm_cmcc,STORM_CMCC,storm_cmcc|1296|1_1296_6,1296,1_1296_6,8341,rank_5001_10000,0.0,12.620723545662589,intensity_distance_weighted_mps,14.12429379,0.0014124293785310734,1.147487844408443,48.52272727272728,2,252.9929831518153,13.9,-61.5,SW
storm_cmcc,STORM_CMCC,storm_cmcc|4797|4_4797_5,4797,4_4797_5,8344,rank_5001_10000,0.0,12.612233297841726,intensity_distance_weighted_mps,14.12429379,0.0014124293785310734,1.1456310679611803,39.659090909090914,1,219.66136022466182,14.2,-61.5,SW
storm_cmcc,STORM_CMCC,storm_cmcc|7166|7_7166_11,7166,7_7166_11,8348,rank_5001_10000,0.0,12.601896146129967,intensity_distance_weighted_mps,14.12429379,0.0014124293785310734,1.1437802907916146,33.97727272727273,1,195.35754917955487,17.200000000000003,-62.89999999999998,NW
storm_cmcc,STORM_CMCC,storm_cmcc|8117|8_8117_0,8117,8_8117_0,8363,rank_5001_10000,0.0,12.56759827066319,intensity_distance_weighted_mps,14.12429379,0.0014124293785310734,1.141935483870983,22.613636363636363,0,134.11042056560274,15.0,-61.69999999999999,SW
storm_cmcc,STORM_CMCC,storm_cmcc|1884|1_1884_2,1884,1_1884_2,8376,rank_5001_10000,0.0,12.537402342503245,intensity_distance_weighted_mps,14.12429379,0.0014124293785310734,1.1400966183575032,37.84090909090909,1,213.09724450082987,17.7,-60.19999999999999,NE
storm_cmcc,STORM_CMCC,storm_cmcc|6743|6_6743_13,6743,6_6743_13,8403,rank_5001_10000,0.0,12.48132547021169,intensity_distance_weighted_mps,14.12429379,0.0014124293785310734,1.1382636655948706,38.52272727272727,1,216.66715670785675,15.1,-63.10000000000002,SW
storm_cmcc,STORM_CMCC,storm_cmcc|2992|2_2992_7,2992,2_2992_7,8422,rank_5001_10000,0.0,12.443934443553214,intensity_distance_weighted_mps,14.12429379,0.0014124293785310734,1.1364365971107697,52.95454545454546,3,270.6429998459786,18.2,-60.0,NE
storm_cmcc,STORM_CMCC,storm_cmcc|3355|3_3355_9,3355,3_3355_9,8427,rank_5001_10000,0.0,12.43371483417814,intensity_distance_weighted_mps,14.12429379,0.0014124293785310734,1.1346153846154,29.431818181818183,0,175.38443193589518,14.6,-61.30000000000001,SE
storm_cmcc,STORM_CMCC,storm_cmcc|5900|5_5900_3,5900,5_5900_3,8428,rank_5001_10000,0.0,12.433567880834833,intensity_distance_weighted_mps,14.12429379,0.0014124293785310734,1.1328000000000154,42.95454545454545,2,235.01338294801073,17.8,-60.0,NE
storm_cmcc,STORM_CMCC,storm_cmcc|1200|1_1200_2,1200,1_1200_2,8449,rank_5001_10000,0.0,12.393735406298417,intensity_distance_weighted_mps,14.12429379,0.0014124293785310734,1.1309904153354786,21.931818181818183,0,131.5893351053755,15.5,-60.39999999999998,SE
storm_cmcc,STORM_CMCC,storm_cmcc|7162|7_7162_10,7162,7_7162_10,8485,rank_5001_10000,0.0,12.33831213728003,intensity_distance_weighted_mps,14.12429379,0.0014124293785310734,1.1291866028708286,30.454545454545457,0,181.7595903576623,17.7,-60.80000000000001,NE
storm_cmcc,STORM_CMCC,storm_cmcc|3182|3_3182_3,3182,3_3182_3,8514,rank_5001_10000,0.0,12.295522732882738,intensity_distance_weighted_mps,14.12429379,0.0014124293785310734,1.1273885350318624,24.772727272727277,0,151.10415542993394,17.4,-60.80000000000001,NE
storm_cmcc,STORM_CMCC,storm_cmcc|5880|5_5880_10,5880,5_5880_10,8517,rank_5001_10000,0.0,12.291298205589374,intensity_distance_weighted_mps,14.12429379,0.0014124293785310734,1.125596184419729,31.363636363636367,0,186.85053706460778,14.6,-60.80000000000001,SE
storm_cmcc,STORM_CMCC,storm_cmcc|298|0_298_5,298,0_298_5,8531,rank_5001_10000,0.0,12.268808889867692,intensity_distance_weighted_mps,14.12429379,0.0014124293785310734,1.1238095238095391,26.47727272727273,0,161.42233361015226,17.4,-60.60000000000002,NE
storm_cmcc,STORM_CMCC,storm_cmcc|2908|2_2908_4,2908,2_2908_4,8544,rank_5001_10000,0.0,12.256459987155141,intensity_distance_weighted_mps,14.12429379,0.0014124293785310734,1.1220285261489853,25.909090909090914,0,158.3131200620585,14.8,-61.80000000000001,SW
storm_cmcc,STORM_CMCC,storm_cmcc|9180|9_9180_3,9180,9_9180_3,8555,rank_5001_10000,0.0,12.231576891699648,intensity_distance_weighted_mps,14.12429379,0.0014124293785310734,1.1202531645569773,41.36363636363637,1,231.4918086573533,15.2,-59.5,SE
storm_cmcc,STORM_CMCC,storm_cmcc|2367|2_2367_9,2367,2_2367_9,8576,rank_5001_10000,0.0,12.189484136879054,intensity_distance_weighted_mps,14.12429379,0.0014124293785310734,1.1184834123222902,38.18181818181819,1,219.03889288539204,14.4,-62.30000000000001,SW
storm_cmcc,STORM_CMCC,storm_cmcc|904|0_904_0,904,0_904_0,8581,rank_5001_10000,0.0,12.183333069145132,intensity_distance_weighted_mps,14.12429379,0.0014124293785310734,1.1167192429022235,43.86363636363637,2,241.88161844013814,14.0,-61.5,SW
storm_cmcc,STORM_CMCC,storm_cmcc|554|0_554_11,554,0_554_11,8585,rank_5001_10000,0.0,12.179538163657538,intensity_distance_weighted_mps,14.12429379,0.0014124293785310734,1.114960629921275,67.72727272727273,4,320.33841657421186,13.3,-61.19999999999999,SE
storm_cmcc,STORM_CMCC,storm_cmcc|8092|8_8092_4,8092,8_8092_4,8603,rank_5001_10000,0.0,12.137684941096676,intensity_distance_weighted_mps,14.12429379,0.0014124293785310734,1.1132075471698266,65.11363636363636,4,313.37381989497385,17.0,-58.60000000000002,NE
storm_cmcc,STORM_CMCC,storm_cmcc|9764|9_9764_7,9764,9_9764_7,8609,rank_5001_10000,0.0,12.128302886373255,intensity_distance_weighted_mps,14.12429379,0.0014124293785310734,1.111459968602841,63.06818181818183,4,307.4115609352441,18.6,-62.80000000000001,NW
storm_cmcc,STORM_CMCC,storm_cmcc|7983|7_7983_13,7983,7_7983_13,8620,rank_5001_10000,0.0,12.10225612303417,intensity_distance_weighted_mps,14.12429379,0.0014124293785310734,1.1097178683385733,38.52272727272727,1,221.6299090190137,14.2,-61.69999999999999,SW
storm_cmcc,STORM_CMCC,storm_cmcc|7809|7_7809_11,7809,7_7809_11,8627,rank_5001_10000,0.0,12.09576900377924,intensity_distance_weighted_mps,14.12429379,0.0014124293785310734,1.1079812206572923,61.02272727272728,4,301.6814629049213,13.6,-62.30000000000001,SW
storm_cmcc,STORM_CMCC,storm_cmcc|1840|1_1840_9,1840,1_1840_9,8631,rank_5001_10000,0.0,12.086905278795696,intensity_distance_weighted_mps,14.12429379,0.0014124293785310734,1.1062500000000153,43.977272727272734,2,243.64834254163733,17.9,-60.0,NE
storm_cmcc,STORM_CMCC,storm_cmcc|989|0_989_10,989,0_989_10,8640,rank_5001_10000,0.0,12.068029670637852,intensity_distance_weighted_mps,14.12429379,0.0014124293785310734,1.1045241809672541,39.88636363636364,1,227.7396415384378,18.2,-61.10000000000002,NE
storm_cmcc,STORM_CMCC,storm_cmcc|6989|6_6989_8,6989,6_6989_8,8662,rank_5001_10000,0.0,12.013464256850607,intensity_distance_weighted_mps,14.12429379,0.0014124293785310734,1.1028037383177725,28.40909090909091,0,175.2351154130867,14.6,-61.5,SW
storm_cmcc,STORM_CMCC,storm_cmcc|1148|1_1148_8,1148,1_1148_8,8681,rank_5001_10000,0.0,11.98595942863786,intensity_distance_weighted_mps,14.12429379,0.0014124293785310734,1.101088646967356,28.40909090909091,0,175.58315250209898,14.7,-62.0,SW
storm_cmcc,STORM_CMCC,storm_cmcc|8413|8_8413_7,8413,8_8413_7,8683,rank_5001_10000,0.0,11.97824359302099,intensity_distance_weighted_mps,14.12429379,0.0014124293785310734,1.099378881987593,53.18181818181818,3,278.2032095189768,13.7,-61.80000000000001,SW
storm_cmcc,STORM_CMCC,storm_cmcc|6010|6_6010_8,6010,6_6010_8,8699,rank_5001_10000,0.0,11.94776477923228,intensity_distance_weighted_mps,14.12429379,0.0014124293785310734,1.0976744186046665,25.681818181818187,0,160.82267923314615,14.9,-60.69999999999999,SE
storm_cmcc,STORM_CMCC,storm_cmcc|574|0_574_6,574,0_574_6,8704,rank_5001_10000,0.0,11.929965749864838,intensity_distance_weighted_mps,14.12429379,0.0014124293785310734,1.0959752321981577,42.727272727272734,2,241.00609814700644,15.200000000000005,-59.39999999999998,SE
storm_cmcc,STORM_CMCC,storm_cmcc|9616|9_9616_3,9616,9_9616_3,8730,rank_5001_10000,0.0,11.873198056882178,intensity_distance_weighted_mps,14.12429379,0.0014124293785310734,1.0942812982998609,51.70454545454546,3,274.73873975747273,18.6,-61.89999999999998,NW
storm_cmcc,STORM_CMCC,storm_cmcc|4886|4_4886_12,4886,4_4886_12,8735,rank_5001_10000,0.0,11.870446150166714,intensity_distance_weighted_mps,14.12429379,0.0014124293785310734,1.0925925925926079,77.8409090909091,5,353.61648575335624,19.3,-60.80000000000001,NE
storm_cmcc,STORM_CMCC,storm_cmcc|694|0_694_1,694,0_694_1,8751,rank_5001_10000,0.0,11.841000357126186,intensity_distance_weighted_mps,14.12429379,0.0014124293785310734,1.0909090909091064,27.95454545454546,0,174.98169189095634,14.6,-61.39999999999998,SE
storm_cmcc,STORM_CMCC,storm_cmcc|9949|9_9949_10,9949,9_9949_10,8764,rank_5001_10000,0.0,11.820827987478456,intensity_distance_weighted_mps,14.12429379,0.0014124293785310734,1.0892307692307845,28.40909090909091,0,177.69195490457466,14.6,-61.69999999999999,SW
storm_cmcc,STORM_CMCC,storm_cmcc|7374|7_7374_9,7374,7_7374_9,8769,rank_5001_10000,0.0,11.815780366345507,intensity_distance_weighted_mps,14.12429379,0.0014124293785310734,1.0875576036866512,53.86363636363637,3,282.96451880736885,18.2,-59.80000000000001,NE
storm_cmcc,STORM_CMCC,storm_cmcc|1738|1_1738_9,1738,1_1738_9,8778,rank_5001_10000,0.0,11.792027304686577,intensity_distance_weighted_mps,14.12429379,0.0014124293785310734,1.0858895705521625,35.227272727272734,1,211.46172662168817,14.4,-60.69999999999999,SE
storm_cmcc,STORM_CMCC,storm_cmcc|323|0_323_13,323,0_323_13,8799,rank_5001_10000,0.0,11.766633799034329,intensity_distance_weighted_mps,14.12429379,0.0014124293785310734,1.0842266462481012,38.75000000000001,1,227.15024206525834,18.1,-60.69999999999999,NE
storm_cmcc,STORM_CMCC,storm_cmcc|7328|7_7328_2,7328,7_7328_2,8800,rank_5001_10000,0.0,11.765056743111769,intensity_distance_weighted_mps,14.12429379,0.0014124293785310734,1.0825688073394648,56.93181818181819,3,293.90279883104074,18.8,-61.10000000000002,NE
storm_cmcc,STORM_CMCC,storm_cmcc|2962|2_2962_6,2962,2_2962_6,8829,rank_5001_10000,0.0,11.710807702436036,intensity_distance_weighted_mps,14.12429379,0.0014124293785310734,1.0809160305343666,31.022727272727277,0,192.62407057040926,17.0,-63.0,NW
storm_cmcc,STORM_CMCC,storm_cmcc|9176|9_9176_8,9176,9_9176_8,8830,rank_5001_10000,0.0,11.707028648274921,intensity_distance_weighted_mps,14.12429379,0.0014124293785310734,1.0792682926829422,60.0,4,304.65610274955606,18.7,-60.30000000000001,NE
storm_cmcc,STORM_CMCC,storm_cmcc|5132|5_5132_1,5132,5_5132_1,8837,rank_5001_10000,0.0,11.686019121972734,intensity_distance_weighted_mps,14.12429379,0.0014124293785310734,1.0776255707762712,26.818181818181824,0,170.69015146231604,15.3,-60.10000000000002,SE
storm_cmcc,STORM_CMCC,storm_cmcc|9866|9_9866_3,9866,9_9866_3,8893,rank_5001_10000,0.0,11.575920152252756,intensity_distance_weighted_mps,14.12429379,0.0014124293785310734,1.0759878419453042,44.65909090909091,2,253.58120490360292,15.299999999999995,-63.60000000000002,SW
storm_cmcc,STORM_CMCC,storm_cmcc|7247|7_7247_21,7247,7_7247_21,8899,rank_5001_10000,0.0,11.56453260269275,intensity_distance_weighted_mps,14.12429379,0.0014124293785310734,1.074355083459803,65.3409090909091,4,323.46178918491717,18.8,-60.10000000000002,NE
storm_cmcc,STORM_CMCC,storm_cmcc|92|0_92_2,92,0_92_2,8934,rank_5001_10000,0.0,11.508911332332659,intensity_distance_weighted_mps,14.12429379,0.0014124293785310734,1.072727272727288,42.27272727272728,2,245.2416554825196,18.2,-60.5,NE
storm_cmcc,STORM_CMCC,storm_cmcc|5218|5_5218_6,5218,5_5218_6,8945,rank_5001_10000,0.0,11.48930823490572,intensity_distance_weighted_mps,14.12429379,0.0014124293785310734,1.0711043872919972,60.11363636363637,4,308.5823807645272,13.8,-62.89999999999998,SW
storm_cmcc,STORM_CMCC,storm_cmcc|4323|4_4323_9,4323,4_4323_9,8980,rank_5001_10000,0.0,11.416508229711354,intensity_distance_weighted_mps,14.12429379,0.0014124293785310734,1.0694864048338522,27.15909090909091,0,176.14187031164676,14.6,-61.60000000000002,SW
storm_cmcc,STORM_CMCC,storm_cmcc|2560|2_2560_2,2560,2_2560_2,9016,rank_5001_10000,0.0,11.370480908008474,intensity_distance_weighted_mps,14.12429379,0.0014124293785310734,1.0678733031674361,48.06818181818182,2,269.4767312974345,18.5,-60.69999999999999,NE
storm_cmcc,STORM_CMCC,storm_cmcc|4690|4_4690_11,4690,4_4690_11,9027,rank_5001_10000,0.0,11.34702838825423,intensity_distance_weighted_mps,14.12429379,0.0014124293785310734,1.0662650602409793,39.659090909090914,1,236.93866802488543,15.1,-59.5,SE
storm_cmcc,STORM_CMCC,storm_cmcc|753|0_753_13,753,0_753_13,9030,rank_5001_10000,0.0,11.344639539735946,intensity_distance_weighted_mps,14.12429379,0.0014124293785310734,1.0646616541353537,58.29545454545455,4,305.15288209625635,17.8,-59.10000000000002,NE
storm_cmcc,STORM_CMCC,storm_cmcc|2776|2_2776_4,2776,2_2776_4,9033,rank_5001_10000,0.0,11.33832770347592,intensity_distance_weighted_mps,14.12429379,0.0014124293785310734,1.0630630630630784,23.75,0,156.93937069434486,17.2,-60.39999999999998,NE
storm_cmcc,STORM_CMCC,storm_cmcc|7610|7_7610_8,7610,7_7610_8,9094,rank_5001_10000,0.0,11.231609106725312,intensity_distance_weighted_mps,14.12429379,0.0014124293785310734,1.0614692653673317,25.681818181818187,0,170.14035486895338,17.7,-61.30000000000001,NE
storm_cmcc,STORM_CMCC,storm_cmcc|611|0_611_5,611,0_611_5,9130,rank_5001_10000,0.0,11.149649998556212,intensity_distance_weighted_mps,14.12429379,0.0014124293785310734,1.0598802395209734,72.95454545454547,5,353.160464900284,19.2,-60.39999999999998,NE
storm_cmcc,STORM_CMCC,storm_cmcc|2080|2_2080_1,2080,2_2080_1,9144,rank_5001_10000,0.0,11.118237610633038,intensity_distance_weighted_mps,14.12429379,0.0014124293785310734,1.058295964125576,45.79545454545455,2,264.9081996372931,13.8,-61.19999999999999,SE
storm_cmcc,STORM_CMCC,storm_cmcc|3923|3_3923_13,3923,3_3923_13,9258,rank_5001_10000,0.0,10.927901487830166,intensity_distance_weighted_mps,14.12429379,0.0014124293785310734,1.0567164179104631,34.659090909090914,1,221.04598265310514,14.3,-62.10000000000002,SW
storm_cmcc,STORM_CMCC,storm_cmcc|1918|1_1918_0,1918,1_1918_0,9285,rank_5001_10000,0.0,10.888763375117426,intensity_distance_weighted_mps,14.12429379,0.0014124293785310734,1.0551415797317591,45.22727272727273,2,266.3745310326324,16.8,-59.0,NE
storm_cmcc,STORM_CMCC,storm_cmcc|5098|5_5098_6,5098,5_5098_6,9286,rank_5001_10000,0.0,10.886797030437888,intensity_distance_weighted_mps,14.12429379,0.0014124293785310734,1.053571428571444,31.931818181818187,0,208.55273001600654,14.299999999999995,-61.5,SW
storm_cmcc,STORM_CMCC,storm_cmcc|7809|7_7809_15,7809,7_7809_15,9287,rank_5001_10000,0.0,10.886483543897418,intensity_distance_weighted_mps,14.12429379,0.0014124293785310734,1.0520059435364195,27.840909090909093,0,187.19273455041815,14.5,-61.60000000000002,SW
storm_cmcc,STORM_CMCC,storm_cmcc|1691|1_1691_13,1691,1_1691_13,9290,rank_5001_10000,0.0,10.880014094293234,intensity_distance_weighted_mps,14.12429379,0.0014124293785310734,1.0504451038575822,70.79545454545455,5,352.0026298920136,17.0,-64.60000000000002,NW
storm_cmcc,STORM_CMCC,storm_cmcc|2397|2_2397_8,2397,2_2397_8,9293,rank_5001_10000,0.0,10.866656021384873,intensity_distance_weighted_mps,14.12429379,0.0014124293785310734,1.0488888888889043,48.75,2,280.07055550522523,18.5,-60.39999999999998,NE
storm_cmcc,STORM_CMCC,storm_cmcc|1589|1_1589_9,1589,1_1589_9,9295,rank_5001_10000,0.0,10.85975008708138,intensity_distance_weighted_mps,14.12429379,0.0014124293785310734,1.0473372781065242,45.909090909090914,2,269.4767312974345,18.5,-60.69999999999999,NE
storm_cmcc,STORM_CMCC,storm_cmcc|5992|5_5992_11,5992,5_5992_11,9301,rank_5001_10000,0.0,10.84371110350219,intensity_distance_weighted_mps,14.12429379,0.0014124293785310734,1.045790251107844,67.27272727272728,4,342.1791388281936,18.1,-58.89999999999998,NE
storm_cmcc,STORM_CMCC,storm_cmcc|9443|9_9443_1,9443,9_9443_1,9310,rank_5001_10000,0.0,10.827662233573335,intensity_distance_weighted_mps,14.12429379,0.0014124293785310734,1.0442477876106349,27.95454545454546,0,188.65272272140103,14.5,-61.69999999999999,SW
storm_cmcc,STORM_CMCC,storm_cmcc|7615|7_7615_14,7615,7_7615_14,9345,rank_5001_10000,0.0,10.775186743147206,intensity_distance_weighted_mps,14.12429379,0.0014124293785310734,1.0427098674521509,71.25000000000001,5,355.35802233147945,13.0,-61.80000000000001,SW
storm_cmcc,STORM_CMCC,storm_cmcc|4164|4_4164_9,4164,4_4164_9,9367,rank_5001_10000,0.0,10.74359882794346,intensity_distance_weighted_mps,14.12429379,0.0014124293785310734,1.0411764705882507,34.88636363636364,1,224.8587899814431,14.3,-62.19999999999999,SW
storm_cmcc,STORM_CMCC,storm_cmcc|7185|7_7185_9,7185,7_7185_9,9435,rank_5001_10000,0.0,10.612226844655961,intensity_distance_weighted_mps,14.12429379,0.0014124293785310734,1.0396475770925264,30.22727272727273,0,203.93072388300936,17.3,-59.89999999999998,NE
storm_cmcc,STORM_CMCC,storm_cmcc|2020|2_2020_12,2020,2_2020_12,9467,rank_5001_10000,0.0,10.571313711453401,intensity_distance_weighted_mps,14.12429379,0.0014124293785310734,1.0381231671554405,32.50000000000001,0,216.03946137606098,17.8,-60.30000000000001,NE
storm_cmcc,STORM_CMCC,storm_cmcc|6886|6_6886_2,6886,6_6886_2,9549,rank_5001_10000,0.0,10.44164809677117,intensity_distance_weighted_mps,14.12429379,0.0014124293785310734,1.0366032210834708,35.68181818181818,1,233.2130621228075,17.0,-59.39999999999998,NE
storm_cmcc,STORM_CMCC,storm_cmcc|2407|2_2407_2,2407,2_2407_2,9565,rank_5001_10000,0.0,10.418439688743184,intensity_distance_weighted_mps,14.12429379,0.0014124293785310734,1.035087719298261,26.931818181818183,0,188.84604144895115,17.8,-60.89999999999998,NE
storm_cmcc,STORM_CMCC,storm_cmcc|54|0_54_0,54,0_54_0,9603,rank_5001_10000,0.0,10.364195141173589,intensity_distance_weighted_mps,14.12429379,0.0014124293785310734,1.0335766423357817,44.77272727272727,2,273.3106413827317,14.0,-62.60000000000002,SW
storm_cmcc,STORM_CMCC,storm_cmcc|3483|3_3483_13,3483,3_3483_13,9604,rank_5001_10000,0.0,10.362819421410983,intensity_distance_weighted_mps,14.12429379,0.0014124293785310734,1.0320699708454963,37.727272727272734,1,243.75059356152482,14.2,-62.39999999999998,SW
storm_cmcc,STORM_CMCC,storm_cmcc|9014|9_9014_11,9014,9_9014_11,9635,rank_5001_10000,0.0,10.314561700311778,intensity_distance_weighted_mps,14.12429379,0.0014124293785310734,1.030567685589535,69.31818181818183,4,358.76097789371,19.4,-61.39999999999998,NE
storm_cmcc,STORM_CMCC,storm_cmcc|8051|8_8051_2,8051,8_8051_2,9640,rank_5001_10000,0.0,10.307762005081214,intensity_distance_weighted_mps,14.12429379,0.0014124293785310734,1.0290697674418758,24.772727272727277,0,177.69195490457466,14.6,-61.69999999999999,SW
storm_cmcc,STORM_CMCC,storm_cmcc|5249|5_5249_11,5249,5_5249_11,9652,rank_5001_10000,0.0,10.29057724259584,intensity_distance_weighted_mps,14.12429379,0.0014124293785310734,1.0275761973875335,42.38636363636364,2,264.9081996372931,13.8,-61.19999999999999,SE
storm_cmcc,STORM_CMCC,storm_cmcc|1515|1_1515_0,1515,1_1515_0,9657,rank_5001_10000,0.0,10.27255017086325,intensity_distance_weighted_mps,14.12429379,0.0014124293785310734,1.0260869565217545,42.727272727272734,2,266.6189869721841,13.9,-62.19999999999999,SW
storm_cmcc,STORM_CMCC,storm_cmcc|3527|3_3527_3,3527,3_3527_3,9661,rank_5001_10000,0.0,10.269707830948429,intensity_distance_weighted_mps,14.12429379,0.0014124293785310734,1.0246020260492195,61.13636363636364,4,333.8326485129015,13.4,-62.60000000000002,SW
storm_cmcc,STORM_CMCC,storm_cmcc|261|0_261_1,261,0_261_1,9672,rank_5001_10000,0.0,10.250849497502074,intensity_distance_weighted_mps,14.12429379,0.0014124293785310734,1.0231213872832523,34.659090909090914,1,231.46193286543382,14.1,-61.60000000000002,SW
storm_cmcc,STORM_CMCC,storm_cmcc|3661|3_3661_13,3661,3_3661_13,9695,rank_5001_10000,0.0,10.213788218118205,intensity_distance_weighted_mps,14.12429379,0.0014124293785310734,1.021645021645037,65.56818181818183,4,349.1997173624496,19.3,-61.10000000000002,NE
storm_cmcc,STORM_CMCC,storm_cmcc|1415|1_1415_0,1415,1_1415_0,9740,rank_5001_10000,0.0,10.145367286228256,intensity_distance_weighted_mps,14.12429379,0.0014124293785310734,1.0201729106628397,42.27272727272728,2,266.9284666980856,17.1,-59.10000000000002,NE
storm_cmcc,STORM_CMCC,storm_cmcc|7490|7_7490_0,7490,7_7490_0,9744,rank_5001_10000,0.0,10.140363467653925,intensity_distance_weighted_mps,14.12429379,0.0014124293785310734,1.0187050359712384,38.40909090909091,1,250.44803427180906,14.0,-60.80000000000001,SE
storm_cmcc,STORM_CMCC,storm_cmcc|1007|1_1007_8,1007,1_1007_8,9809,rank_5001_10000,0.0,10.051364351792506,intensity_distance_weighted_mps,14.12429379,0.0014124293785310734,1.01724137931036,62.27272727272727,4,341.9029533006307,13.1,-61.5,SW
storm_cmcc,STORM_CMCC,storm_cmcc|8292|8_8292_15,8292,8_8292_15,9813,rank_5001_10000,0.0,10.047373928427758,intensity_distance_weighted_mps,14.12429379,0.0014124293785310734,1.015781922525123,60.795454545454554,4,337.11244610651596,19.2,-61.60000000000002,NW
storm_cmcc,STORM_CMCC,storm_cmcc|6085|6_6085_1,6085,6_6085_1,9823,rank_5001_10000,0.0,10.034280442315776,intensity_distance_weighted_mps,14.12429379,0.0014124293785310734,1.0143266475644852,49.43181818181819,3,297.22318370181637,14.0,-59.80000000000001,SE
storm_cmcc,STORM_CMCC,storm_cmcc|148|0_148_8,148,0_148_8,9830,rank_5001_10000,0.0,10.015943558983965,intensity_distance_weighted_mps,14.12429379,0.0014124293785310734,1.012875536480702,45.79545454545455,2,283.5061765905753,15.3,-63.89999999999998,SW
storm_cmcc,STORM_CMCC,storm_cmcc|6127|6_6127_9,6127,6_6127_9,9847,rank_5001_10000,0.0,9.990500891589418,intensity_distance_weighted_mps,14.12429379,0.0014124293785310734,1.0114285714285867,30.56818181818182,0,215.27611239337998,16.5,-63.39999999999998,NW
storm_cmcc,STORM_CMCC,storm_cmcc|3612|3_3612_15,3612,3_3612_15,9899,rank_5001_10000,0.0,9.888019479994973,intensity_distance_weighted_mps,14.12429379,0.0014124293785310734,1.00998573466478,53.29545454545455,3,314.2813894515519,13.8,-63.0,SW
storm_cmcc,STORM_CMCC,storm_cmcc|839|0_839_13,839,0_839_13,9900,rank_5001_10000,0.0,9.887444005916722,intensity_distance_weighted_mps,14.12429379,0.0014124293785310734,1.0085470085470238,32.95454545454546,1,229.11090106886283,14.3,-62.30000000000001,SW
storm_cmcc,STORM_CMCC,storm_cmcc|5753|5_5753_5,5753,5_5753_5,9903,rank_5001_10000,0.0,9.882205400131417,intensity_distance_weighted_mps,14.12429379,0.0014124293785310734,1.0071123755334435,33.29545454545455,1,230.88470510266842,14.1,-61.30000000000001,SE
storm_cmcc,STORM_CMCC,storm_cmcc|5966|5_5966_2,5966,5_5966_2,9934,rank_5001_10000,0.0,9.842215384259251,intensity_distance_weighted_mps,14.12429379,0.0014124293785310734,1.0056818181818334,48.977272727272734,3,299.10785193231993,13.9,-62.89999999999998,SW
storm_cmcc,STORM_CMCC,storm_cmcc|6506|6_6506_4,6506,6_6506_4,9944,rank_5001_10000,0.0,9.830261398557578,intensity_distance_weighted_mps,14.12429379,0.0014124293785310734,1.0042553191489516,40.909090909090914,1,266.711076860655,17.3,-59.19999999999999,NE
storm_cmcc,STORM_CMCC,storm_cmcc|8870|8_8870_7,8870,8_8870_7,9948,rank_5001_10000,0.0,9.825262680433616,intensity_distance_weighted_mps,14.12429379,0.0014124293785310734,1.002832861189817,31.704545454545457,0,223.83897818147827,18.1,-60.80000000000001,NE
storm_cmcc,STORM_CMCC,storm_cmcc|6438|6_6438_14,6438,6_6438_14,9949,rank_5001_10000,0.0,9.824318073021836,intensity_distance_weighted_mps,14.12429379,0.0014124293785310734,1.0014144271570167,69.43181818181819,4,369.47963488536993,12.9,-62.0,SW
storm_cmcc,STORM_CMCC,storm_cmcc|9524|9_9524_12,9524,9_9524_12,9959,rank_5001_10000,0.0,9.811921644750335,intensity_distance_weighted_mps,14.12429379,0.0014124293785310734,1.0000000000000153,24.772727272727277,0,185.22163505834934,15.799999999999995,-63.10000000000002,SW
storm_cmcc,STORM_CMCC,storm_cmcc|361|0_361_5,361,0_361_5,10118,rank_gt_10000,0.0,9.563185618666546,intensity_distance_weighted_mps,45.75373134,0.004575373134328358,0.9954454655602022,28.181818181818183,0,209.297411396844,16.9,-59.60000000000002,NE
storm_cmcc,STORM_CMCC,storm_cmcc|7478|7_7478_15,7478,7_7478_15,10125,rank_gt_10000,0.0,9.553236480735466,intensity_distance_weighted_mps,45.75373134,0.004575373134328358,0.9909322305884661,24.31818181818182,0,186.47985232372852,14.5,-61.30000000000001,SE
storm_cmcc,STORM_CMCC,storm_cmcc|9193|9_9193_9,9193,9_9193_9,10197,rank_gt_10000,0.0,9.44568874560391,intensity_distance_weighted_mps,45.75373134,0.004575373134328358,0.9864597358791015,38.75000000000001,1,264.20449553237364,13.8,-61.30000000000001,SE
storm_cmcc,STORM_CMCC,storm_cmcc|3840|3_3840_6,3840,3_3840_6,10208,rank_gt_10000,0.0,9.43194033242747,intensity_distance_weighted_mps,45.75373134,0.004575373134328358,0.9820274322767649,28.40909090909091,0,212.76796434529274,16.299999999999997,-63.39999999999998,NW
storm_cmcc,STORM_CMCC,storm_cmcc|3146|3_3146_10,3146,3_3146_10,10213,rank_gt_10000,0.0,9.427492890614849,intensity_distance_weighted_mps,45.75373134,0.004575373134328358,0.9776347804516967,39.20454545454546,1,266.583954541534,16.0,-63.89999999999998,SW
storm_cmcc,STORM_CMCC,storm_cmcc|1092|1_1092_1,1092,1_1092_1,10230,rank_gt_10000,0.0,9.405549626500846,intensity_distance_weighted_mps,45.75373134,0.004575373134328358,0.9732812506809484,38.40909090909091,1,263.4054056073444,13.9,-62.10000000000002,SW
storm_cmcc,STORM_CMCC,storm_cmcc|46|0_46_3,46,0_46_3,10241,rank_gt_10000,0.0,9.390276892230967,intensity_distance_weighted_mps,45.75373134,0.004575373134328358,0.9689663226354295,25.56818181818182,0,196.88525805383068,17.9,-61.0,NE
storm_cmcc,STORM_CMCC,storm_cmcc|4503|4_4503_1,4503,4_4503_1,10243,rank_gt_10000,0.0,9.388176618274061,intensity_distance_weighted_mps,45.75373134,0.004575373134328358,0.9646894851725931,62.38636363636364,4,356.3946204950983,15.8,-58.10000000000002,SE
storm_cmcc,STORM_CMCC,storm_cmcc|9144|9_9144_2,9144,9_9144_2,10305,rank_gt_10000,0.0,9.28655892521416,intensity_distance_weighted_mps,45.75373134,0.004575373134328358,0.9604502361345894,31.363636363636367,0,231.2781688656269,17.200000000000003,-63.30000000000001,NW
storm_cmcc,STORM_CMCC,storm_cmcc|5898|5_5898_1,5898,5_5898_1,10339,rank_gt_10000,0.0,9.244506411165021,intensity_distance_weighted_mps,45.75373134,0.004575373134328358,0.9562480821517153,57.95454545454546,4,344.31713335720366,13.1,-61.80000000000001,SW
storm_cmcc,STORM_CMCC,storm_cmcc|6421|6_6421_10,6421,6_6421_10,10348,rank_gt_10000,0.0,9.22448275046013,intensity_distance_weighted_mps,45.75373134,0.004575373134328358,0.9520825384510044,35.45454545454546,1,252.94139645643665,17.0,-59.19999999999999,NE
storm_cmcc,STORM_CMCC,storm_cmcc|6731|6_6731_13,6731,6_6731_13,10370,rank_gt_10000,0.0,9.189643247211862,intensity_distance_weighted_mps,45.75373134,0.004575373134328358,0.9479531286697954,76.93181818181819,5,407.259760118844,19.1,-59.10000000000002,NE
storm_cmcc,STORM_CMCC,storm_cmcc|7480|7_7480_10,7480,7_7480_10,10371,rank_gt_10000,0.0,9.18762090587453,intensity_distance_weighted_mps,45.75373134,0.004575373134328358,0.9438593846741326,45.45454545454546,2,298.01978001183807,13.8,-62.69999999999999,SW
storm_cmcc,STORM_CMCC,storm_cmcc|3212|3_3212_2,3212,3_3212_2,10383,rank_gt_10000,0.0,9.171719114412271,intensity_distance_weighted_mps,45.75373134,0.004575373134328358,0.9398008463818509,40.79545454545455,1,278.530314850749,13.9,-62.5,SW
storm_cmcc,STORM_CMCC,storm_cmcc|4299|4_4299_0,4299,4_4299_0,10419,rank_gt_10000,0.0,9.129472370008765,intensity_distance_weighted_mps,45.75373134,0.004575373134328358,0.9357770615902065,59.659090909090914,4,352.8916883800809,13.0,-61.39999999999998,SE
storm_cmcc,STORM_CMCC,storm_cmcc|2721|2_2721_7,2721,2_2721_7,10423,rank_gt_10000,0.0,9.12594218873226,intensity_distance_weighted_mps,45.75373134,0.004575373134328358,0.9317875858079154,36.25,1,258.60072201322953,16.4,-59.0,NE
storm_cmcc,STORM_CMCC,storm_cmcc|1024|1_1024_1,1024,1_1024_1,10440,rank_gt_10000,0.0,9.100997326716227,intensity_distance_weighted_mps,45.75373134,0.004575373134328358,0.9278319820914717,49.43181818181819,3,315.76594956854666,19.0,-61.69999999999999,NW
storm_cmcc,STORM_CMCC,storm_cmcc|9636|9_9636_9,9636,9_9636_9,10473,rank_gt_10000,0.0,9.056331106393763,intensity_distance_weighted_mps,45.75373134,0.004575373134328358,0.9239098208856157,39.31818181818182,1,274.19709868712437,13.9,-62.39999999999998,SW
storm_cmcc,STORM_CMCC,storm_cmcc|4280|4_4280_11,4280,4_4280_11,10485,rank_gt_10000,0.0,9.043834262435618,intensity_distance_weighted_mps,45.75373134,0.004575373134328358,0.9200206798678326,55.0,3,338.1324530098308,19.2,-61.10000000000002,NE
storm_cmcc,STORM_CMCC,storm_cmcc|8959|8_8959_12,8959,8_8959_12,10489,rank_gt_10000,0.0,9.038230338436282,intensity_distance_weighted_mps,45.75373134,0.004575373134328358,0.9161641437967618,33.409090909090914,1,246.3116701479636,18.0,-60.10000000000002,NE
storm_cmcc,STORM_CMCC,storm_cmcc|4283|4_4283_8,4283,4_4283_8,10509,rank_gt_10000,0.0,9.019260949269981,intensity_distance_weighted_mps,45.75373134,0.004575373134328358,0.912339804364402,43.409090909090914,2,292.900961364447,18.8,-61.19999999999999,NE
storm_cmcc,STORM_CMCC,storm_cmcc|1244|1_1244_10,1244,1_1244_10,10529,rank_gt_10000,0.0,8.986804009714344,intensity_distance_weighted_mps,45.75373134,0.004575373134328358,0.9085472600520039,55.3409090909091,3,340.66908521580893,18.5,-63.5,NW
storm_cmcc,STORM_CMCC,storm_cmcc|505|0_505_2,505,0_505_2,10558,rank_gt_10000,0.0,8.951633636955686,intensity_distance_weighted_mps,45.75373134,0.004575373134328358,0.9047861159895421,38.86363636363637,1,274.19709868712437,13.9,-62.39999999999998,SW
storm_cmcc,STORM_CMCC,storm_cmcc|8237|8_8237_0,8237,8_8237_0,10582,rank_gt_10000,0.0,8.920632031703429,intensity_distance_weighted_mps,45.75373134,0.004575373134328358,0.9010559838186616,26.818181818181824,0,212.46638854253234,14.3,-61.80000000000001,SW
storm_cmcc,STORM_CMCC,storm_cmcc|8190|8_8190_10,8190,8_8190_10,10617,rank_gt_10000,0.0,8.883956107818127,intensity_distance_weighted_mps,45.75373134,0.004575373134328358,0.8973564815590026,41.70454545454546,1,288.31102133023114,18.7,-60.80000000000001,NE
storm_cmcc,STORM_CMCC,storm_cmcc|9014|9_9014_6,9014,9_9014_6,10651,rank_gt_10000,0.0,8.84017241121757,intensity_distance_weighted_mps,45.75373134,0.004575373134328358,0.8936872334778035,57.159090909090914,3,350.6868604298735,18.6,-59.30000000000001,NE
storm_cmcc,STORM_CMCC,storm_cmcc|6234|6_6234_13,6234,6_6234_13,10730,rank_gt_10000,0.0,8.743918871150147,intensity_distance_weighted_mps,45.75373134,0.004575373134328358,0.8900478699626907,30.113636363636367,0,234.49716130615178,18.2,-60.80000000000001,NE
storm_cmcc,STORM_CMCC,storm_cmcc|3062|3_3062_2,3062,3_3062_2,10798,rank_gt_10000,0.0,8.651197431831172,intensity_distance_weighted_mps,45.75373134,0.004575373134328358,0.8864380273975632,24.204545454545457,0,201.1245532169766,14.5,-60.69999999999999,SE
storm_cmcc,STORM_CMCC,storm_cmcc|7096|7_7096_9,7096,7_7096_9,10799,rank_gt_10000,0.0,8.649328344273021,intensity_distance_weighted_mps,45.75373134,0.004575373134328358,0.882857348041486,43.295454545454554,2,300.2115581275401,13.5,-61.80000000000001,SW
storm_cmcc,STORM_CMCC,storm_cmcc|4363|4_4363_8,4363,4_4363_8,10811,rank_gt_10000,0.0,8.633238504339035,intensity_distance_weighted_mps,45.75373134,0.004575373134328358,0.8793054799105073,33.18181818181819,1,252.9400351149365,18.4,-61.89999999999998,NW
storm_cmcc,STORM_CMCC,storm_cmcc|6782|6_6782_9,6782,6_6782_9,10838,rank_gt_10000,0.0,8.606084540959722,intensity_distance_weighted_mps,45.75373134,0.004575373134328358,0.8757820766623157,70.79545454545455,5,403.2241487159174,19.7,-62.30000000000001,NW
storm_cmcc,STORM_CMCC,storm_cmcc|503|0_503_8,503,0_503_8,10839,rank_gt_10000,0.0,8.602282314930969,intensity_distance_weighted_mps,45.75373134,0.004575373134328358,0.8722867974836604,34.09090909090909,1,258.20082904887823,13.9,-61.89999999999998,SW
storm_cmcc,STORM_CMCC,storm_cmcc|655|0_655_4,655,0_655_4,10879,rank_gt_10000,0.0,8.547411304630337,intensity_distance_weighted_mps,45.75373134,0.004575373134328358,0.868819306980457,25.681818181818187,0,212.37749568894347,16.200000000000003,-63.39999999999998,NW
storm_cmcc,STORM_CMCC,storm_cmcc|978|0_978_11,978,0_978_11,10884,rank_gt_10000,0.0,8.543827261326609,intensity_distance_weighted_mps,45.75373134,0.004575373134328358,0.8653792750705022,30.113636363636367,0,238.33519542495256,14.5,-62.80000000000001,SW
storm_cmcc,STORM_CMCC,storm_cmcc|2779|2_2779_5,2779,2_2779_5,10888,rank_gt_10000,0.0,8.540240956484693,intensity_distance_weighted_mps,45.75373134,0.004575373134328358,0.8619663768787292,38.40909090909091,1,280.52104467811085,14.1,-62.89999999999998,SW
storm_cmcc,STORM_CMCC,storm_cmcc|2592|2_2592_6,2592,2_2592_6,10927,rank_gt_10000,0.0,8.502063602829866,intensity_distance_weighted_mps,45.75373134,0.004575373134328358,0.8585802926349312,33.75,1,258.48897714852444,14.1,-62.5,SW
storm_cmcc,STORM_CMCC,storm_cmcc|2741|2_2741_10,2741,2_2741_10,10963,rank_gt_10000,0.0,8.448374053905184,intensity_distance_weighted_mps,45.75373134,0.004575373134328358,0.8552207075738851,71.13636363636364,5,408.5985894762006,12.5,-61.5,SW
storm_cmcc,STORM_CMCC,storm_cmcc|7763|7_7763_7,7763,7_7763_7,11033,rank_gt_10000,0.0,8.373913764891652,intensity_distance_weighted_mps,45.75373134,0.004575373134328358,0.8518873118378129,27.840909090909093,0,228.70543177634684,14.799999999999995,-63.0,SW
storm_cmcc,STORM_CMCC,storm_cmcc|716|0_716_10,716,0_716_10,11044,rank_gt_10000,0.0,8.356755036094198,intensity_distance_weighted_mps,45.75373134,0.004575373134328358,0.8485798003811131,22.954545454545457,0,198.25127327000922,14.4,-61.60000000000002,SW
storm_cmcc,STORM_CMCC,storm_cmcc|3576|3_3576_10,3576,3_3576_10,11045,rank_gt_10000,0.0,8.356755036094198,intensity_distance_weighted_mps,45.75373134,0.004575373134328358,0.8452978728773051,22.954545454545457,0,198.25127327000922,14.4,-61.60000000000002,SW
storm_cmcc,STORM_CMCC,storm_cmcc|9631|9_9631_13,9631,9_9631_13,11078,rank_gt_10000,0.0,8.32005577004852,intensity_distance_weighted_mps,45.75373134,0.004575373134328358,0.8420412336281226,52.159090909090914,3,344.31713335720366,13.1,-61.80000000000001,SW
storm_cmcc,STORM_CMCC,storm_cmcc|8651|8_8651_7,8651,8_8651_7,11179,rank_gt_10000,0.0,8.19217695868019,intensity_distance_weighted_mps,45.75373134,0.004575373134328358,0.8388095914747018,22.386363636363637,0,197.44532396066558,14.4,-61.5,SW
storm_cmcc,STORM_CMCC,storm_cmcc|7088|7_7088_9,7088,7_7088_9,11185,rank_gt_10000,0.0,8.182531086430703,intensity_distance_weighted_mps,45.75373134,0.004575373134328358,0.835602659710806,53.52272727272728,3,353.0930136103411,13.0,-61.30000000000001,SE
storm_cmcc,STORM_CMCC,storm_cmcc|7555|7_7555_0,7555,7_7555_0,11233,rank_gt_10000,0.0,8.123490665779451,intensity_distance_weighted_mps,45.75373134,0.004575373134328358,0.8324201559980339,32.50000000000001,0,259.83980042592833,14.0,-62.30000000000001,SW
storm_cmcc,STORM_CMCC,storm_cmcc|7128|7_7128_10,7128,7_7128_10,11235,rank_gt_10000,0.0,8.120428524265364,intensity_distance_weighted_mps,45.75373134,0.004575373134328358,0.8292618022829571,33.18181818181819,1,263.51440418234426,14.1,-62.60000000000002,SW
storm_cmcc,STORM_CMCC,storm_cmcc|5332|5_5332_4,5332,5_5332_4,11236,rank_gt_10000,0.0,8.115066037396058,intensity_distance_weighted_mps,45.75373134,0.004575373134328358,0.8261273247161383,62.84090909090909,4,389.5304927150553,12.9,-62.69999999999999,SW
storm_cmcc,STORM_CMCC,storm_cmcc|8120|8_8120_7,8120,8_8120_7,11267,rank_gt_10000,0.0,8.084496067852413,intensity_distance_weighted_mps,45.75373134,0.004575373134328358,0.8230164535729778,36.70454545454545,1,282.2279176300764,13.7,-62.0,SW
storm_cmcc,STORM_CMCC,storm_cmcc|5733|5_5733_8,5733,5_5733_8,11334,rank_gt_10000,0.0,8.016199240375528,intensity_distance_weighted_mps,45.75373134,0.004575373134328358,0.8199289231763428,39.659090909090914,1,298.01978001183807,13.8,-62.69999999999999,SW
storm_cmcc,STORM_CMCC,storm_cmcc|5545|5_5545_0,5545,5_5545_0,11387,rank_gt_10000,0.0,7.94873715035388,intensity_distance_weighted_mps,45.75373134,0.004575373134328358,0.8168644718209304,31.363636363636367,0,257.4472976172288,16.5,-63.80000000000001,NW
storm_cmcc,STORM_CMCC,storm_cmcc|5657|5_5657_13,5657,5_5657_13,11430,rank_gt_10000,0.0,7.902863867632811,intensity_distance_weighted_mps,45.75373134,0.004575373134328358,0.8138228416993221,32.04545454545455,0,262.1747992886716,14.8,-63.39999999999998,SW
storm_cmcc,STORM_CMCC,storm_cmcc|4773|4_4773_1,4773,4_4773_1,11437,rank_gt_10000,0.0,7.895656913243295,intensity_distance_weighted_mps,45.75373134,0.004575373134328358,0.8108037788296827,32.84090909090909,0,266.6189869721841,13.9,-62.19999999999999,SW
storm_cmcc,STORM_CMCC,storm_cmcc|7461|7_7461_11,7461,7_7461_11,11454,rank_gt_10000,0.0,7.881810458056784,intensity_distance_weighted_mps,45.75373134,0.004575373134328358,0.8078070329850633,45.56818181818183,2,327.99741981381266,13.3,-62.10000000000002,SW
storm_cmcc,STORM_CMCC,storm_cmcc|284|0_284_13,284,0_284_13,11462,rank_gt_10000,0.0,7.877298220179232,intensity_distance_weighted_mps,45.75373134,0.004575373134328358,0.8048323576242662,37.5,1,290.8807280720039,18.7,-60.69999999999999,NE
storm_cmcc,STORM_CMCC,storm_cmcc|4362|4_4362_4,4362,4_4362_4,11504,rank_gt_10000,0.0,7.82545769994203,intensity_distance_weighted_mps,45.75373134,0.004575373134328358,0.8018795098242321,43.06818181818182,2,318.32527288621816,18.7,-60.0,NE
storm_cmcc,STORM_CMCC,storm_cmcc|1243|1_1243_3,1243,1_1243_3,11518,rank_gt_10000,0.0,7.8101739128559755,intensity_distance_weighted_mps,45.75373134,0.004575373134328358,0.7989482502139087,68.97727272727273,4,419.7781679728316,12.4,-61.30000000000001,SE
storm_cmcc,STORM_CMCC,storm_cmcc|7670|7_7670_9,7670,7_7670_9,11538,rank_gt_10000,0.0,7.7961967153272935,intensity_distance_weighted_mps,45.75373134,0.004575373134328358,0.7960383429095669,42.159090909090914,2,314.9160040733897,19.0,-61.60000000000002,NW
storm_cmcc,STORM_CMCC,storm_cmcc|349|0_349_3,349,0_349_3,11565,rank_gt_10000,0.0,7.765414204285566,intensity_distance_weighted_mps,45.75373134,0.004575373134328358,0.7931495554515232,33.29545454545455,1,271.9785766755259,15.4,-59.0,SE
storm_cmcc,STORM_CMCC,storm_cmcc|4420|4_4420_3,4420,4_4420_3,11606,rank_gt_10000,0.0,7.716099991270368,intensity_distance_weighted_mps,45.75373134,0.004575373134328358,0.7902816587422364,28.636363636363637,0,246.98803347094918,14.8,-59.60000000000002,SE
storm_cmcc,STORM_CMCC,storm_cmcc|1758|1_1758_14,1758,1_1758_14,11637,rank_gt_10000,0.0,7.684011003143895,intensity_distance_weighted_mps,45.75373134,0.004575373134328358,0.7874344269857413,70.11363636363637,5,427.55563476786403,19.7,-59.80000000000001,NE
storm_cmcc,STORM_CMCC,storm_cmcc|9776|9_9776_2,9776,9_9776_2,11686,rank_gt_10000,0.0,7.6227302142245215,intensity_distance_weighted_mps,45.75373134,0.004575373134328358,0.7846076376283879,54.659090909090914,3,372.6085708148923,19.0,-63.30000000000001,NW
storm_cmcc,STORM_CMCC,storm_cmcc|1998|1_1998_5,1998,1_1998_5,11701,rank_gt_10000,0.0,7.601574539798361,intensity_distance_weighted_mps,45.75373134,0.004575373134328358,0.781801071300852,28.636363636363637,0,249.52183799004695,14.1,-62.30000000000001,SW
storm_cmcc,STORM_CMCC,storm_cmcc|6936|6_6936_8,6936,6_6936_8,11706,rank_gt_10000,0.0,7.595063966021525,intensity_distance_weighted_mps,45.75373134,0.004575373134328358,0.7790145117613858,70.00000000000001,5,429.966888703049,19.8,-60.0,NE
storm_cmcc,STORM_CMCC,storm_cmcc|2109|2_2109_0,2109,2_2109_0,11742,rank_gt_10000,0.0,7.564012615783247,intensity_distance_weighted_mps,45.75373134,0.004575373134328358,0.7762477458402786,76.13636363636364,5,451.6371483632397,12.5,-63.19999999999999,SW
storm_cmcc,STORM_CMCC,storm_cmcc|3005|3_3005_3,3005,3_3005_3,11745,rank_gt_10000,0.0,7.562250863087265,intensity_distance_weighted_mps,45.75373134,0.004575373134328358,0.7735005633854956,52.61363636363637,3,366.1169155214916,15.700000000000005,-64.80000000000001,SW
storm_cmcc,STORM_CMCC,storm_cmcc|116|0_116_3,116,0_116_3,11746,rank_gt_10000,0.0,7.560045029369501,intensity_distance_weighted_mps,45.75373134,0.004575373134328358,0.770772757209468,68.29545454545455,4,425.1577010007328,19.3,-59.10000000000002,NE
storm_cmcc,STORM_CMCC,storm_cmcc|1502|1_1502_11,1502,1_1502_11,11770,rank_gt_10000,0.0,7.533369521884173,intensity_distance_weighted_mps,45.75373134,0.004575373134328358,0.7680641230370049,29.090909090909093,0,253.7442558559124,14.4,-62.89999999999998,SW
storm_cmcc,STORM_CMCC,storm_cmcc|4400|4_4400_1,4400,4_4400_1,11795,rank_gt_10000,0.0,7.510312447469548,intensity_distance_weighted_mps,45.75373134,0.004575373134328358,0.7653744594542985,70.11363636363637,5,433.07284484233634,19.0,-58.60000000000002,NE
storm_cmcc,STORM_CMCC,storm_cmcc|2254|2_2254_0,2254,2_2254_0,11864,rank_gt_10000,0.0,7.443257592101174,intensity_distance_weighted_mps,45.75373134,0.004575373134328358,0.7627035678589991,31.47727272727273,0,269.53979869700424,14.0,-60.30000000000001,SE
storm_cmcc,STORM_CMCC,storm_cmcc|5355|5_5355_6,5355,5_5355_6,11885,rank_gt_10000,0.0,7.415327736800318,intensity_distance_weighted_mps,45.75373134,0.004575373134328358,0.7600512524113296,69.0909090909091,4,432.59620954051246,18.3,-58.0,NE
storm_cmcc,STORM_CMCC,storm_cmcc|4661|4_4661_2,4661,4_4661_2,11916,rank_gt_10000,0.0,7.388827802086096,intensity_distance_weighted_mps,45.75373134,0.004575373134328358,0.7574173199862185,39.659090909090914,1,313.47631980553655,18.7,-60.10000000000002,NE
storm_cmcc,STORM_CMCC,storm_cmcc|3925|3_3925_11,3925,3_3925_11,11922,rank_gt_10000,0.0,7.384844974664823,intensity_distance_weighted_mps,45.75373134,0.004575373134328358,0.7548015801264226,31.931818181818187,0,273.4762032963658,15.299999999999995,-63.80000000000001,SW
storm_cmcc,STORM_CMCC,storm_cmcc|4583|4_4583_7,4583,4_4583_7,11925,rank_gt_10000,0.0,7.382491472213186,intensity_distance_weighted_mps,45.75373134,0.004575373134328358,0.7522038449966197,53.977272727272734,3,376.8412369712504,18.9,-59.30000000000001,NE
storm_cmcc,STORM_CMCC,storm_cmcc|3952|3_3952_8,3952,3_3952_8,11976,rank_gt_10000,0.0,7.341696498367624,intensity_distance_weighted_mps,45.75373134,0.004575373134328358,0.7496239293384447,61.81818181818182,4,408.5992693173563,17.1,-57.69999999999999,NE
storm_cmcc,STORM_CMCC,storm_cmcc|9372|9_9372_11,9372,9_9372_11,12013,rank_gt_10000,0.0,7.296612882342943,intensity_distance_weighted_mps,45.75373134,0.004575373134328358,0.7470616504264486,45.34090909090909,2,342.5116780048669,18.6,-63.39999999999998,NW
storm_cmcc,STORM_CMCC,storm_cmcc|8021|8_8021_6,8021,8_8021_6,12014,rank_gt_10000,0.0,7.2945192094337115,intensity_distance_weighted_mps,45.75373134,0.004575373134328358,0.744516828024957,52.38636363636364,3,372.94253874389557,13.3,-63.19999999999999,SW
storm_cmcc,STORM_CMCC,storm_cmcc|3771|3_3771_10,3771,3_3771_10,12046,rank_gt_10000,0.0,7.261546134353665,intensity_distance_weighted_mps,45.75373134,0.004575373134328358,0.741989284345808,28.295454545454547,0,255.29170149765773,15.6,-59.10000000000002,SE
storm_cmcc,STORM_CMCC,storm_cmcc|8034|8_8034_9,8034,8_8034_9,12066,rank_gt_10000,0.0,7.240761205618432,intensity_distance_weighted_mps,45.75373134,0.004575373134328358,0.7394788440069479,70.11363636363637,5,442.008689233899,12.2,-61.30000000000001,SE
storm_cmcc,STORM_CMCC,storm_cmcc|7455|7_7455_8,7455,7_7455_8,12074,rank_gt_10000,0.0,7.235252816973203,intensity_distance_weighted_mps,45.75373134,0.004575373134328358,0.7369853339918635,31.136363636363637,0,272.6298761773347,18.0,-59.69999999999999,NE
storm_cmcc,STORM_CMCC,storm_cmcc|1496|1_1496_6,1496,1_1496_6,12093,rank_gt_10000,0.0,7.216493849488724,intensity_distance_weighted_mps,45.75373134,0.004575373134328358,0.7345085836098345,46.02272727272727,2,347.8394870667997,19.3,-61.30000000000001,NE
storm_cmcc,STORM_CMCC,storm_cmcc|7718|7_7718_12,7718,7_7718_12,12123,rank_gt_10000,0.0,7.184896522904547,intensity_distance_weighted_mps,45.75373134,0.004575373134328358,0.7320484244569829,48.86363636363637,3,361.2753163071658,13.1,-62.5,SW
storm_cmcc,STORM_CMCC,storm_cmcc|3124|3_3124_4,3124,3_3124_4,12141,rank_gt_10000,0.0,7.169348825443971,intensity_distance_weighted_mps,45.75373134,0.004575373134328358,0.7296046903781029,30.340909090909093,0,269.66776911010646,15.4,-63.80000000000001,SW
storm_cmcc,STORM_CMCC,storm_cmcc|5243|5_5243_8,5243,5_5243_8,12143,rank_gt_10000,0.0,7.166139562738598,intensity_distance_weighted_mps,45.75373134,0.004575373134328358,0.7271772174292538,48.977272727272734,3,362.32190998179243,13.3,-63.0,SW
storm_cmcc,STORM_CMCC,storm_cmcc|7286|7_7286_11,7286,7_7286_11,12185,rank_gt_10000,0.0,7.133415768830684,intensity_distance_weighted_mps,45.75373134,0.004575373134328358,0.7247658438410957,27.38636363636364,0,252.7473511159515,14.0,-62.10000000000002,SW
storm_cmcc,STORM_CMCC,storm_cmcc|6294|6_6294_2,6294,6_6294_2,12189,rank_gt_10000,0.0,7.127799210748448,intensity_distance_weighted_mps,45.75373134,0.004575373134328358,0.7223704099829531,35.11363636363637,1,297.22318370181637,14.0,-59.80000000000001,SE
storm_cmcc,STORM_CMCC,storm_cmcc|3120|3_3120_12,3120,3_3120_12,12202,rank_gt_10000,0.0,7.112980422016063,intensity_distance_weighted_mps,45.75373134,0.004575373134328358,0.7199907583275893,68.29545454545455,4,439.925331520238,20.1,-60.89999999999998,NE
storm_cmcc,STORM_CMCC,storm_cmcc|7181|7_7181_5,7181,7_7181_5,12207,rank_gt_10000,0.0,7.10472237836151,intensity_distance_weighted_mps,45.75373134,0.004575373134328358,0.7176267334166733,26.363636363636367,0,246.96397100846215,14.9,-63.30000000000001,SW
storm_cmcc,STORM_CMCC,storm_cmcc|5657|5_5657_6,5657,5_5657_6,12258,rank_gt_10000,0.0,7.050780794441954,intensity_distance_weighted_mps,45.75373134,0.004575373134328358,0.7152781818269262,36.70454545454545,1,307.6185855417476,18.8,-60.5,NE
storm_cmcc,STORM_CMCC,storm_cmcc|7522|7_7522_3,7522,7_7522_3,12295,rank_gt_10000,0.0,7.01795659615968,intensity_distance_weighted_mps,45.75373134,0.004575373134328358,0.712944952136929,33.409090909090914,1,290.8807280720039,18.7,-60.69999999999999,NE
storm_cmcc,STORM_CMCC,storm_cmcc|8187|8_8187_2,8187,8_8187_2,12296,rank_gt_10000,0.0,7.016588082126302,intensity_distance_weighted_mps,45.75373134,0.004575373134328358,0.7106268948945794,36.02272727272727,1,304.9813143031305,13.9,-63.0,SW
storm_cmcc,STORM_CMCC,storm_cmcc|5463|5_5463_9,5463,5_5463_9,12314,rank_gt_10000,0.0,6.998152973794832,intensity_distance_weighted_mps,45.75373134,0.004575373134328358,0.7083238625851801,33.63636363636364,1,292.65238502849166,16.700000000000003,-64.10000000000002,NW
storm_cmcc,STORM_CMCC,storm_cmcc|8833|8_8833_2,8833,8_8833_2,12321,rank_gt_10000,0.0,6.991142824896646,intensity_distance_weighted_mps,45.75373134,0.004575373134328358,0.7060357096001455,60.909090909090914,4,416.566028583271,19.8,-62.39999999999998,NW
storm_cmcc,STORM_CMCC,storm_cmcc|6952|6_6952_4,6952,6_6952_4,12334,rank_gt_10000,0.0,6.973128683441822,intensity_distance_weighted_mps,45.75373134,0.004575373134328358,0.7037622922063146,38.295454545454554,1,317.9101696826359,13.6,-62.69999999999999,SW
storm_cmcc,STORM_CMCC,storm_cmcc|7749|7_7749_9,7749,7_7749_9,12358,rank_gt_10000,0.0,6.960135236811518,intensity_distance_weighted_mps,45.75373134,0.004575373134328358,0.7015034685158531,35.11363636363637,1,301.6814629049213,13.6,-62.30000000000001,SW
storm_cmcc,STORM_CMCC,storm_cmcc|3787|3_3787_4,3787,3_3787_4,12362,rank_gt_10000,0.0,6.957417722222009,intensity_distance_weighted_mps,45.75373134,0.004575373134328358,0.699259098456734,63.18181818181819,4,426.41221407504787,19.8,-60.10000000000002,NE
storm_cmcc,STORM_CMCC,storm_cmcc|4972|4_4972_0,4972,4_4972_0,12427,rank_gt_10000,0.0,6.897886926391484,intensity_distance_weighted_mps,45.75373134,0.004575373134328358,0.6970290437437834,31.022727272727277,0,280.52104467811085,14.1,-62.89999999999998,SW
storm_cmcc,STORM_CMCC,storm_cmcc|7079|7_7079_3,7079,7_7079_3,12443,rank_gt_10000,0.0,6.8805724709307725,intensity_distance_weighted_mps,45.75373134,0.004575373134328358,0.694813167850278,25.340909090909093,0,245.69639274269943,14.0,-61.0,SE
storm_cmcc,STORM_CMCC,storm_cmcc|7427|7_7427_0,7427,7_7427_0,12445,rank_gt_10000,0.0,6.878389653415235,intensity_distance_weighted_mps,45.75373134,0.004575373134328358,0.6926113359800826,27.272727272727273,0,258.2870750022867,18.200000000000003,-62.60000000000002,NW
storm_cmcc,STORM_CMCC,storm_cmcc|426|0_426_5,426,0_426_5,12510,rank_gt_10000,0.0,6.823182250467438,intensity_distance_weighted_mps,45.75373134,0.004575373134328358,0.6904234150403165,42.159090909090914,2,341.3547142718878,13.2,-62.19999999999999,SW
storm_cmcc,STORM_CMCC,storm_cmcc|4294|4_4294_7,4294,4_4294_7,12569,rank_gt_10000,0.0,6.761178218361868,intensity_distance_weighted_mps,45.75373134,0.004575373134328358,0.688249273614535,42.38636363636364,2,344.31713335720366,13.1,-61.80000000000001,SW
storm_cmcc,STORM_CMCC,storm_cmcc|8868|8_8868_14,8868,8_8868_14,12579,rank_gt_10000,0.0,6.757391398059003,intensity_distance_weighted_mps,45.75373134,0.004575373134328358,0.6860887819364178,40.22727272727273,1,333.8326485129015,13.4,-62.60000000000002,SW
storm_cmcc,STORM_CMCC,storm_cmcc|5159|5_5159_10,5159,5_5159_10,12591,rank_gt_10000,0.0,6.747982523852399,intensity_distance_weighted_mps,45.75373134,0.004575373134328358,0.6839418118639494,61.13636363636364,4,425.850685347259,19.0,-58.69999999999999,NE
storm_cmcc,STORM_CMCC,storm_cmcc|7789|7_7789_7,7789,7_7789_7,12624,rank_gt_10000,0.0,6.722177724353127,intensity_distance_weighted_mps,45.75373134,0.004575373134328358,0.6818082368540846,45.79545454545455,2,361.63976716906996,18.8,-59.39999999999998,NE
storm_cmcc,STORM_CMCC,storm_cmcc|9920|9_9920_8,9920,9_9920_8,12646,rank_gt_10000,0.0,6.702893053238795,intensity_distance_weighted_mps,45.75373134,0.004575373134328358,0.6796879319378855,27.727272727272727,0,265.6572724576056,18.0,-59.80000000000001,NE
storm_cmcc,STORM_CMCC,storm_cmcc|1096|1_1096_4,1096,1_1096_4,12680,rank_gt_10000,0.0,6.680329812959471,intensity_distance_weighted_mps,45.75373134,0.004575373134328358,0.677580773696121,37.727272727272734,1,323.37149048178566,16.5,-58.39999999999998,NE
storm_cmcc,STORM_CMCC,storm_cmcc|120|0_120_1,120,0_120_1,12711,rank_gt_10000,0.0,6.647823970241312,intensity_distance_weighted_mps,45.75373134,0.004575373134328358,0.6754866402353201,50.45454545454546,3,385.05421281233686,19.5,-60.39999999999998,NE
storm_cmcc,STORM_CMCC,storm_cmcc|5242|5_5242_10,5242,5_5242_10,12720,rank_gt_10000,0.0,6.640579051990073,intensity_distance_weighted_mps,45.75373134,0.004575373134328358,0.6734054111642664,27.840909090909093,0,268.0153046158485,16.5,-63.89999999999998,NW
storm_cmcc,STORM_CMCC,storm_cmcc|1378|1_1378_9,1378,1_1378_9,12745,rank_gt_10000,0.0,6.61679618553922,intensity_distance_weighted_mps,45.75373134,0.004575373134328358,0.6713369675709262,54.20454545454546,3,402.2675150196021,19.3,-59.5,NE
storm_cmcc,STORM_CMCC,storm_cmcc|3434|3_3434_12,3434,3_3434_12,12785,rank_gt_10000,0.0,6.582245898219837,intensity_distance_weighted_mps,45.75373134,0.004575373134328358,0.669281191999801,74.43181818181819,5,481.5903376582674,20.5,-61.19999999999999,NE
storm_cmcc,STORM_CMCC,storm_cmcc|7272|7_7272_11,7272,7_7272_11,12789,rank_gt_10000,0.0,6.5794608962420655,intensity_distance_weighted_mps,45.75373134,0.004575373134328358,0.667237968429694,42.95454545454545,2,352.6940310449286,13.3,-62.80000000000001,SW
storm_cmcc,STORM_CMCC,storm_cmcc|2582|2_2582_6,2582,2_2582_6,12985,rank_gt_10000,0.0,6.415495587457665,intensity_distance_weighted_mps,45.75373134,0.004575373134328358,0.6652071822518839,31.136363636363637,0,294.4475953945837,18.6,-60.30000000000001,NE
storm_cmcc,STORM_CMCC,storm_cmcc|8827|8_8827_8,8827,8_8827_8,12990,rank_gt_10000,0.0,6.410119067294908,intensity_distance_weighted_mps,45.75373134,0.004575373134328358,0.6631887202486945,42.38636363636364,2,355.35802233147945,13.0,-61.80000000000001,SW
storm_cmcc,STORM_CMCC,storm_cmcc|7375|7_7375_7,7375,7_7375_7,13000,rank_gt_10000,0.0,6.400220849351503,intensity_distance_weighted_mps,45.75373134,0.004575373134328358,0.6611824705724544,65.90909090909092,4,457.38785747390176,12.1,-62.0,SW
storm_cmcc,STORM_CMCC,storm_cmcc|1121|1_1121_5,1121,1_1121_5,13019,rank_gt_10000,0.0,6.389750101700764,intensity_distance_weighted_mps,45.75373134,0.004575373134328358,0.6591883227248373,57.95454545454546,4,426.1141651436155,12.4,-62.10000000000002,SW
storm_cmcc,STORM_CMCC,storm_cmcc|6752|6_6752_4,6752,6_6752_4,13027,rank_gt_10000,0.0,6.380801826635693,intensity_distance_weighted_mps,45.75373134,0.004575373134328358,0.6572061675365741,37.5,1,331.2591093870604,18.6,-59.60000000000002,NE
storm_cmcc,STORM_CMCC,storm_cmcc|2441|2_2441_1,2441,2_2441_1,13037,rank_gt_10000,0.0,6.370232344314112,intensity_distance_weighted_mps,45.75373134,0.004575373134328358,0.6552358971475319,43.18181818181819,2,360.58353017432603,13.0,-62.10000000000002,SW
storm_cmcc,STORM_CMCC,storm_cmcc|722|0_722_4,722,0_722_4,13057,rank_gt_10000,0.0,6.357911171429774,intensity_distance_weighted_mps,45.75373134,0.004575373134328358,0.6532774049871476,57.27272727272727,3,424.4789133140851,17.8,-57.80000000000001,NE
storm_cmcc,STORM_CMCC,storm_cmcc|4560|4_4560_11,4560,4_4560_11,13058,rank_gt_10000,0.0,6.355646994962366,intensity_distance_weighted_mps,45.75373134,0.004575373134328358,0.6513305857552141,38.75000000000001,1,338.6460625808999,14.299999999999995,-63.89999999999998,SW
storm_cmcc,STORM_CMCC,storm_cmcc|8839|8_8839_2,8839,8_8839_2,13071,rank_gt_10000,0.0,6.345676584722497,intensity_distance_weighted_mps,45.75373134,0.004575373134328358,0.6493953354030066,41.93181818181819,1,355.21618307196826,17.9,-58.60000000000002,NE
storm_cmcc,STORM_CMCC,storm_cmcc|6724|6_6724_0,6724,6_6724_0,13141,rank_gt_10000,0.0,6.277099158229911,intensity_distance_weighted_mps,45.75373134,0.004575373134328358,0.6474715511147465,43.06818181818182,2,363.147491475947,19.2,-62.69999999999999,NW
storm_cmcc,STORM_CMCC,storm_cmcc|822|0_822_0,822,0_822_0,13185,rank_gt_10000,0.0,6.241245284303046,intensity_distance_weighted_mps,45.75373134,0.004575373134328358,0.6455591312893922,47.84090909090909,2,387.2581300114648,19.3,-59.80000000000001,NE
storm_cmcc,STORM_CMCC,storm_cmcc|7172|7_7172_4,7172,7_7172_4,13233,rank_gt_10000,0.0,6.217690801114416,intensity_distance_weighted_mps,45.75373134,0.004575373134328358,0.6436579755227522,28.636363636363637,0,284.8273229515501,13.7,-62.10000000000002,SW
storm_cmcc,STORM_CMCC,storm_cmcc|362|0_362_5,362,0_362_5,13274,rank_gt_10000,0.0,6.172960793294848,intensity_distance_weighted_mps,45.75373134,0.004575373134328358,0.6417679845899137,38.97727272727273,1,345.7880386002144,13.1,-61.89999999999998,SW
storm_cmcc,STORM_CMCC,storm_cmcc|1105|1_1105_6,1105,1_1105_6,13283,rank_gt_10000,0.0,6.160854017660727,intensity_distance_weighted_mps,45.75373134,0.004575373134328358,0.6398890604279793,36.13636363636364,1,330.8674829624831,13.2,-61.30000000000001,SE
storm_cmcc,STORM_CMCC,storm_cmcc|9891|9_9891_5,9891,9_9891_5,13328,rank_gt_10000,0.0,6.115242453932884,intensity_distance_weighted_mps,45.75373134,0.004575373134328358,0.6380211061191067,55.3409090909091,3,425.5790315918247,20.0,-61.5,NW
storm_cmcc,STORM_CMCC,storm_cmcc|9796|9_9796_9,9796,9_9796_9,13343,rank_gt_10000,0.0,6.107515944968381,intensity_distance_weighted_mps,45.75373134,0.004575373134328358,0.6361640258738435,27.15909090909091,0,278.48464282917666,14.0,-62.69999999999999,SW
storm_cmcc,STORM_CMCC,storm_cmcc|1131|1_1131_2,1131,1_1131_2,13387,rank_gt_10000,0.0,6.068891250028969,intensity_distance_weighted_mps,45.75373134,0.004575373134328358,0.6343177250147536,38.52272727272727,1,346.87228413950095,18.4,-63.69999999999999,NW
storm_cmcc,STORM_CMCC,storm_cmcc|9392|9_9392_12,9392,9_9392_12,13418,rank_gt_10000,0.0,6.047123754549805,intensity_distance_weighted_mps,45.75373134,0.004575373134328358,0.6324821099603269,55.56818181818182,3,429.2514673181071,17.1,-57.5,NE
storm_cmcc,STORM_CMCC,storm_cmcc|9693|9_9693_0,9693,9_9693_0,13440,rank_gt_10000,0.0,6.029112528715232,intensity_distance_weighted_mps,45.75373134,0.004575373134328358,0.6306570882091678,33.18181818181819,1,318.32527288621816,18.7,-60.0,NE
storm_cmcc,STORM_CMCC,storm_cmcc|9159|9_9159_8,9159,9_9159_8,13521,rank_gt_10000,0.0,5.969432951100984,intensity_distance_weighted_mps,45.75373134,0.004575373134328358,0.628842568324457,55.11363636363637,3,430.38870938625246,12.4,-62.30000000000001,SW
storm_cmcc,STORM_CMCC,storm_cmcc|9887|9_9887_0,9887,9_9887_0,13573,rank_gt_10000,0.0,5.92310245660622,intensity_distance_weighted_mps,45.75373134,0.004575373134328358,0.6270384599186801,42.38636363636364,2,372.17259502991357,18.200000000000003,-64.19999999999999,NW
storm_cmcc,STORM_CMCC,storm_cmcc|9072|9_9072_0,9072,9_9072_0,13576,rank_gt_10000,0.0,5.921101338047448,intensity_distance_weighted_mps,45.75373134,0.004575373134328358,0.6252446736386194,28.295454545454547,0,291.58505242905375,16.5,-58.69999999999999,NE
storm_cmcc,STORM_CMCC,storm_cmcc|2891|2_2891_9,2891,2_2891_9,13606,rank_gt_10000,0.0,5.900313481334956,intensity_distance_weighted_mps,45.75373134,0.004575373134328358,0.6234611211506008,41.59090909090909,1,368.91865257872405,13.7,-63.69999999999999,SW
storm_cmcc,STORM_CMCC,storm_cmcc|4562|4_4562_4,4562,4_4562_4,13628,rank_gt_10000,0.0,5.882524132596651,intensity_distance_weighted_mps,45.75373134,0.004575373134328358,0.6216877151259947,32.61363636363637,0,319.7554201842337,13.3,-61.30000000000001,SE
storm_cmcc,STORM_CMCC,storm_cmcc|9039|9_9039_8,9039,9_9039_8,13690,rank_gt_10000,0.0,5.82790806520337,intensity_distance_weighted_mps,45.75373134,0.004575373134328358,0.6199243692269621,39.20454545454546,1,358.96838669470395,13.0,-60.80000000000001,SE
storm_cmcc,STORM_CMCC,storm_cmcc|6688|6_6688_15,6688,6_6688_15,13733,rank_gt_10000,0.0,5.789056260371862,intensity_distance_weighted_mps,45.75373134,0.004575373134328358,0.6181709980924428,42.5,2,377.73319191382734,12.8,-61.0,SE
storm_cmcc,STORM_CMCC,storm_cmcc|3564|3_3564_13,3564,3_3564_13,13853,rank_gt_10000,0.0,5.70451026283156,intensity_distance_weighted_mps,45.75373134,0.004575373134328358,0.6164275173243812,51.363636363636374,3,424.3711715358587,12.4,-62.0,SW
storm_cmcc,STORM_CMCC,storm_cmcc|1486|1_1486_8,1486,1_1486_8,13878,rank_gt_10000,0.0,5.684485528419104,intensity_distance_weighted_mps,45.75373134,0.004575373134328358,0.614693843474184,23.75,0,267.4058126944382,13.9,-60.60000000000002,SE
storm_cmcc,STORM_CMCC,storm_cmcc|8788|8_8788_4,8788,8_8788_4,13886,rank_gt_10000,0.0,5.682231231289507,intensity_distance_weighted_mps,45.75373134,0.004575373134328358,0.6129698940294065,29.772727272727273,0,308.85503020233324,18.2,-63.39999999999998,NW
storm_cmcc,STORM_CMCC,storm_cmcc|836|0_836_0,836,0_836_0,13914,rank_gt_10000,0.0,5.655753634767085,intensity_distance_weighted_mps,45.75373134,0.004575373134328358,0.6112555874006615,43.52272727272727,2,388.12919907010325,19.5,-60.30000000000001,NE
storm_cmcc,STORM_CMCC,storm_cmcc|4323|4_4323_1,4323,4_4323_1,13974,rank_gt_10000,0.0,5.611443702735668,intensity_distance_weighted_mps,45.75373134,0.004575373134328358,0.609550842908748,62.15909090909092,4,476.16911593002,12.0,-62.39999999999998,SW
storm_cmcc,STORM_CMCC,storm_cmcc|3836|3_3836_0,3836,3_3836_0,13977,rank_gt_10000,0.0,5.603284229821135,intensity_distance_weighted_mps,45.75373134,0.004575373134328358,0.6078555807719933,36.5909090909091,1,352.7476080166599,19.0,-59.89999999999998,NE
storm_cmcc,STORM_CMCC,storm_cmcc|8098|8_8098_12,8098,8_8098_12,13998,rank_gt_10000,0.0,5.589326928530016,intensity_distance_weighted_mps,45.75373134,0.004575373134328358,0.6061697220938084,25.454545454545457,0,282.78617655575977,13.7,-60.80000000000001,SE
storm_cmcc,STORM_CMCC,storm_cmcc|1948|1_1948_0,1948,1_1948_0,14018,rank_gt_10000,0.0,5.57104910908975,intensity_distance_weighted_mps,45.75373134,0.004575373134328358,0.6044931888504466,29.88636363636364,0,313.37381989497385,17.0,-58.60000000000002,NE
storm_cmcc,STORM_CMCC,storm_cmcc|5444|5_5444_9,5444,5_5444_9,14043,rank_gt_10000,0.0,5.552748415246057,intensity_distance_weighted_mps,45.75373134,0.004575373134328358,0.6028259038789673,28.295454545454547,0,303.5696364092498,18.6,-60.10000000000002,NE
storm_cmcc,STORM_CMCC,storm_cmcc|8334|8_8334_7,8334,8_8334_7,14112,rank_gt_10000,0.0,5.495118262084729,intensity_distance_weighted_mps,45.75373134,0.004575373134328358,0.6011677908653975,30.113636363636367,0,317.49266111147415,13.9,-63.19999999999999,SW
storm_cmcc,STORM_CMCC,storm_cmcc|799|0_799_1,799,0_799_1,14117,rank_gt_10000,0.0,5.493273922089485,intensity_distance_weighted_mps,45.75373134,0.004575373134328358,0.5995187743330876,43.295454545454554,2,393.49032420716196,12.9,-62.80000000000001,SW
storm_cmcc,STORM_CMCC,storm_cmcc|4738|4_4738_2,4738,4_4738_2,14165,rank_gt_10000,0.0,5.454124957659087,intensity_distance_weighted_mps,45.75373134,0.004575373134328358,0.597878779631259,67.8409090909091,4,507.3118618015942,19.8,-58.5,NE
storm_cmcc,STORM_CMCC,storm_cmcc|4141|4_4141_8,4141,4_4141_8,14177,rank_gt_10000,0.0,5.445199877619643,intensity_distance_weighted_mps,45.75373134,0.004575373134328358,0.5962477329237393,27.5,0,301.8810897893881,14.9,-63.89999999999998,SW
storm_cmcc,STORM_CMCC,storm_cmcc|300|0_300_10,300,0_300_10,14232,rank_gt_10000,0.0,5.41251213989597,intensity_distance_weighted_mps,45.75373134,0.004575373134328358,0.5946255611778808,34.43181818181819,1,347.3244275971823,13.2,-62.39999999999998,SW
storm_cmcc,STORM_CMCC,storm_cmcc|141|0_141_4,141,0_141_4,14238,rank_gt_10000,0.0,5.405873970618623,intensity_distance_weighted_mps,45.75373134,0.004575373134328358,0.5930121921536595,27.5,0,303.24714044213465,13.7,-62.60000000000002,SW
storm_cmcc,STORM_CMCC,storm_cmcc|6327|6_6327_12,6327,6_6327_12,14332,rank_gt_10000,0.0,5.337385775840782,intensity_distance_weighted_mps,45.75373134,0.004575373134328358,0.5914075543929518,61.477272727272734,4,486.477466855472,12.2,-63.30000000000001,SW
storm_cmcc,STORM_CMCC,storm_cmcc|7437|7_7437_3,7437,7_7437_3,14372,rank_gt_10000,0.0,5.3108488901404955,intensity_distance_weighted_mps,45.75373134,0.004575373134328358,0.5898115772089838,66.5909090909091,4,509.52896638093813,19.5,-58.10000000000002,NE
storm_cmcc,STORM_CMCC,storm_cmcc|1897|1_1897_5,1897,1_1897_5,14377,rank_gt_10000,0.0,5.306162564289715,intensity_distance_weighted_mps,45.75373134,0.004575373134328358,0.5882241906759516,51.59090909090909,3,443.0165271267189,20.1,-60.69999999999999,NE
storm_cmcc,STORM_CMCC,storm_cmcc|7194|7_7194_4,7194,7_7194_4,14414,rank_gt_10000,0.0,5.277241041101015,intensity_distance_weighted_mps,45.75373134,0.004575373134328358,0.5866453256188087,43.52272727272727,2,403.8107597316565,12.8,-62.80000000000001,SW
storm_cmcc,STORM_CMCC,storm_cmcc|380|0_380_2,380,0_380_2,14487,rank_gt_10000,0.0,5.231839277108996,intensity_distance_weighted_mps,45.75373134,0.004575373134328358,0.5850749136032173,42.04545454545455,1,397.89483046065646,17.4,-57.89999999999998,NE
storm_cmcc,STORM_CMCC,storm_cmcc|2191|2_2191_8,2191,2_2191_8,14559,rank_gt_10000,0.0,5.193732988186827,intensity_distance_weighted_mps,45.75373134,0.004575373134328358,0.5835128869256607,68.75,4,524.7236516093392,20.4,-59.19999999999999,NE
storm_cmcc,STORM_CMCC,storm_cmcc|2270|2_2270_1,2270,2_2270_1,14690,rank_gt_10000,0.0,5.1055521332185005,intensity_distance_weighted_mps,45.75373134,0.004575373134328358,0.5819591786037135,53.977272727272734,3,464.08626580970315,12.0,-61.39999999999998,SE
storm_cmcc,STORM_CMCC,storm_cmcc|4371|4_4371_6,4371,4_4371_6,14726,rank_gt_10000,0.0,5.090931462554941,intensity_distance_weighted_mps,45.75373134,0.004575373134328358,0.5804137223664666,33.97727272727273,1,357.3048429799764,17.1,-58.19999999999999,NE
storm_cmcc,STORM_CMCC,storm_cmcc|7328|7_7328_6,7328,7_7328_6,14746,rank_gt_10000,0.0,5.0792696551646666,intensity_distance_weighted_mps,45.75373134,0.004575373134328358,0.5788764526451053,24.431818181818183,0,292.79233738356214,15.8,-58.69999999999999,SE
storm_cmcc,STORM_CMCC,storm_cmcc|7466|7_7466_8,7466,7_7466_8,14771,rank_gt_10000,0.0,5.061043781594212,intensity_distance_weighted_mps,45.75373134,0.004575373134328358,0.577347304563636,62.15909090909092,4,503.8274660453001,12.4,-64.0,SW
storm_cmcc,STORM_CMCC,storm_cmcc|2961|2_2961_9,2961,2_2961_9,14781,rank_gt_10000,0.0,5.052886316250783,intensity_distance_weighted_mps,45.75373134,0.004575373134328358,0.5758262139297589,64.77272727272728,4,515.680627527191,20.4,-59.39999999999998,NE
storm_cmcc,STORM_CMCC,storm_cmcc|8677|8_8677_1,8677,8_8677_1,14784,rank_gt_10000,0.0,5.051105036754302,intensity_distance_weighted_mps,45.75373134,0.004575373134328358,0.5743131172258862,22.386363636363637,0,277.8837951488939,14.2,-63.0,SW
storm_cmcc,STORM_CMCC,storm_cmcc|4643|4_4643_4,4643,4_4643_4,14790,rank_gt_10000,0.0,5.044476857106499,intensity_distance_weighted_mps,45.75373134,0.004575373134328358,0.5728079516003,30.454545454545457,0,336.6558076083434,13.2,-62.0,SW
storm_cmcc,STORM_CMCC,storm_cmcc|7913|7_7913_15,7913,7_7913_15,14800,rank_gt_10000,0.0,5.038551166966791,intensity_distance_weighted_mps,45.75373134,0.004575373134328358,0.5713106548584499,42.38636363636364,2,408.3861520374682,19.8,-60.80000000000001,NE
storm_cmcc,STORM_CMCC,storm_cmcc|7410|7_7410_10,7410,7_7410_10,14899,rank_gt_10000,0.0,4.974377080129393,intensity_distance_weighted_mps,45.75373134,0.004575373134328358,0.5698211654543862,46.02272727272727,2,430.893319184358,12.3,-61.30000000000001,SE
storm_cmcc,STORM_CMCC,storm_cmcc|8461|8_8461_7,8461,8_8461_7,14972,rank_gt_10000,0.0,4.93534773226714,intensity_distance_weighted_mps,45.75373134,0.004575373134328358,0.5683394224823269,51.81818181818183,3,462.31640982116335,20.0,-59.69999999999999,NE
storm_cmcc,STORM_CMCC,storm_cmcc|6724|6_6724_13,6724,6_6724_13,14996,rank_gt_10000,0.0,4.919091346957476,intensity_distance_weighted_mps,45.75373134,0.004575373134328358,0.5668653656683561,31.81818181818182,0,350.7660992534146,13.2,-62.5,SW
storm_cmcc,STORM_CMCC,storm_cmcc|1498|1_1498_2,1498,1_1498_2,14999,rank_gt_10000,0.0,4.915896376586756,intensity_distance_weighted_mps,45.75373134,0.004575373134328358,0.5653989353622505,31.590909090909093,0,349.41554059951113,16.8,-58.19999999999999,NE
storm_cmcc,STORM_CMCC,storm_cmcc|5409|5_5409_0,5409,5_5409_0,15008,rank_gt_10000,0.0,4.911063240943621,intensity_distance_weighted_mps,45.75373134,0.004575373134328358,0.5639400725294339,60.56818181818182,4,504.9679970767783,20.2,-59.19999999999999,NE
storm_cmcc,STORM_CMCC,storm_cmcc|5475|5_5475_19,5475,5_5475_19,15043,rank_gt_10000,0.0,4.886990946879281,intensity_distance_weighted_mps,45.75373134,0.004575373134328358,0.5624887187430545,23.863636363636367,0,295.5835176189835,13.6,-62.10000000000002,SW
storm_cmcc,STORM_CMCC,storm_cmcc|726|0_726_8,726,0_726_8,15135,rank_gt_10000,0.0,4.831452059722124,intensity_distance_weighted_mps,45.75373134,0.004575373134328358,0.561044816176185,24.431818181818183,0,302.12350447586834,14.0,-63.10000000000002,SW
storm_cmcc,STORM_CMCC,storm_cmcc|9580|9_9580_6,9580,9_9580_6,15137,rank_gt_10000,0.0,4.831113348549904,intensity_distance_weighted_mps,45.75373134,0.004575373134328358,0.5596083075941422,31.022727272727277,0,349.25994052487175,13.3,-60.10000000000002,SE
storm_cmcc,STORM_CMCC,storm_cmcc|8009|8_8009_0,8009,8_8009_0,15138,rank_gt_10000,0.0,4.830917225143712,intensity_distance_weighted_mps,45.75373134,0.004575373134328358,0.5581791363469243,34.31818181818182,1,370.5900070151776,13.4,-59.5,SE
storm_cmcc,STORM_CMCC,storm_cmcc|2558|2_2558_4,2558,2_2558_4,15236,rank_gt_10000,0.0,4.770198339321709,intensity_distance_weighted_mps,45.75373134,0.004575373134328358,0.5567572463617644,45.00000000000001,2,435.60914274824626,19.2,-58.80000000000001,NE
storm_cmcc,STORM_CMCC,storm_cmcc|5521|5_5521_2,5521,5_5521_2,15362,rank_gt_10000,0.0,4.696477374424874,intensity_distance_weighted_mps,45.75373134,0.004575373134328358,0.5553425821357963,47.727272727272734,2,454.0407459608728,19.1,-64.39999999999998,NW
storm_cmcc,STORM_CMCC,storm_cmcc|6326|6_6326_9,6326,6_6326_9,15414,rank_gt_10000,0.0,4.6610507233967615,intensity_distance_weighted_mps,45.75373134,0.004575373134328358,0.5539350887288332,47.27272727272728,2,453.53797367912085,12.1,-61.19999999999999,SE
storm_cmcc,STORM_CMCC,storm_cmcc|1287|1_1287_7,1287,1_1287_7,15420,rank_gt_10000,0.0,4.658429035927374,intensity_distance_weighted_mps,45.75373134,0.004575373134328358,0.5525347117562548,27.38636363636364,0,331.3229370396223,19.1,-62.0,NW
storm_cmcc,STORM_CMCC,storm_cmcc|45|0_45_4,45,0_45_4,15435,rank_gt_10000,0.0,4.650958881800029,intensity_distance_weighted_mps,45.75373134,0.004575373134328358,0.5511413973820029,44.43181818181819,2,438.68934780629615,18.4,-58.0,NE
storm_cmcc,STORM_CMCC,storm_cmcc|1223|1_1223_12,1223,1_1223_12,15438,rank_gt_10000,0.0,4.650210053012098,intensity_distance_weighted_mps,45.75373134,0.004575373134328358,0.5497550923116817,47.04545454545455,2,452.9117061554515,19.4,-58.80000000000001,NE
storm_cmcc,STORM_CMCC,storm_cmcc|9612|9_9612_1,9612,9_9612_1,15466,rank_gt_10000,0.0,4.6304220546418176,intensity_distance_weighted_mps,45.75373134,0.004575373134328358,0.5483757437857636,50.45454545454546,3,471.87617779595934,20.2,-60.0,NE
storm_cmcc,STORM_CMCC,storm_cmcc|1249|1_1249_9,1249,1_1249_9,15549,rank_gt_10000,0.0,4.58072964187673,intensity_distance_weighted_mps,45.75373134,0.004575373134328358,0.5470032995728951,28.97727272727273,0,346.16892167973873,13.1,-60.89999999999998,SE
storm_cmcc,STORM_CMCC,storm_cmcc|3751|3_3751_8,3751,3_3751_8,15607,rank_gt_10000,0.0,4.555752089739681,intensity_distance_weighted_mps,45.75373134,0.004575373134328358,0.5456377079633039,20.795454545454547,0,283.2045662600073,13.9,-62.60000000000002,SW
storm_cmcc,STORM_CMCC,storm_cmcc|1374|1_1374_2,1374,1_1374_2,15622,rank_gt_10000,0.0,4.550319897483717,intensity_distance_weighted_mps,45.75373134,0.004575373134328358,0.5442789177623054,32.61363636363637,0,372.5115913678981,19.1,-59.69999999999999,NE
storm_cmcc,STORM_CMCC,storm_cmcc|7750|7_7750_7,7750,7_7750_7,15671,rank_gt_10000,0.0,4.519718666097604,intensity_distance_weighted_mps,45.75373134,0.004575373134328358,0.5429268782839038,43.18181818181819,2,438.71074859846436,12.4,-62.60000000000002,SW
storm_cmcc,STORM_CMCC,storm_cmcc|2154|2_2154_2,2154,2_2154_2,15716,rank_gt_10000,0.0,4.493132208959377,intensity_distance_weighted_mps,45.75373134,0.004575373134328358,0.5415815393444908,27.5,0,339.42623635620646,19.1,-60.5,NE
storm_cmcc,STORM_CMCC,storm_cmcc|1122|1_1122_2,1122,1_1122_2,15723,rank_gt_10000,0.0,4.488715308818005,intensity_distance_weighted_mps,45.75373134,0.004575373134328358,0.5402428512566356,56.477272727272734,3,510.48632379869565,19.6,-58.19999999999999,NE
storm_cmcc,STORM_CMCC,storm_cmcc|3936|3_3936_6,3936,3_3936_6,15887,rank_gt_10000,0.0,4.39586934216268,intensity_distance_weighted_mps,45.75373134,0.004575373134328358,0.5389107648229683,40.45454545454546,1,429.60938499822646,17.2,-65.30000000000001,NW
storm_cmcc,STORM_CMCC,storm_cmcc|2018|2_2018_3,2018,2_2018_3,15888,rank_gt_10000,0.0,4.395859019850055,intensity_distance_weighted_mps,45.75373134,0.004575373134328358,0.5375852313301528,40.68181818181818,1,430.9617091944705,18.8,-64.39999999999998,NW
storm_cmcc,STORM_CMCC,storm_cmcc|1017|1_1017_2,1017,1_1017_2,15892,rank_gt_10000,0.0,4.394520488552961,intensity_distance_weighted_mps,45.75373134,0.004575373134328358,0.5362662025429488,22.500000000000004,0,304.46721023054045,13.5,-60.80000000000001,SE
storm_cmcc,STORM_CMCC,storm_cmcc|8863|8_8863_6,8863,8_8863_6,15998,rank_gt_10000,0.0,4.33820931278208,intensity_distance_weighted_mps,45.75373134,0.004575373134328358,0.5349536306983604,34.659090909090914,1,396.55818679045063,18.9,-59.0,NE
storm_cmcc,STORM_CMCC,storm_cmcc|9938|9_9938_7,9938,9_9938_7,16035,rank_gt_10000,0.0,4.317772123954511,intensity_distance_weighted_mps,45.75373134,0.004575373134328358,0.5336474684998717,29.772727272727273,0,364.20639573483584,12.9,-61.30000000000001,SE
storm_cmcc,STORM_CMCC,storm_cmcc|2845|2_2845_1,2845,2_2845_1,16075,rank_gt_10000,0.0,4.293554229827237,intensity_distance_weighted_mps,45.75373134,0.004575373134328358,0.5323476691117645,32.84090909090909,0,386.78152334639714,12.7,-61.60000000000002,SW
storm_cmcc,STORM_CMCC,storm_cmcc|6302|6_6302_11,6302,6_6302_11,16105,rank_gt_10000,0.0,4.274453268744552,intensity_distance_weighted_mps,45.75373134,0.004575373134328358,0.5310541861535215,40.34090909090909,1,435.71519526959963,20.0,-62.30000000000001,NW
storm_cmcc,STORM_CMCC,storm_cmcc|6764|6_6764_2,6764,6_6764_2,16123,rank_gt_10000,0.0,4.262955934716038,intensity_distance_weighted_mps,45.75373134,0.004575373134328358,0.5297669736943087,49.659090909090914,3,489.49163743043533,11.9,-62.5,SW
storm_cmcc,STORM_CMCC,storm_cmcc|1301|1_1301_10,1301,1_1301_10,16179,rank_gt_10000,0.0,4.238881017310875,intensity_distance_weighted_mps,45.75373134,0.004575373134328358,0.528485986247539,63.63636363636364,4,561.4998769623882,20.4,-58.5,NE
storm_cmcc,STORM_CMCC,storm_cmcc|6815|6_6815_7,6815,6_6815_7,16184,rank_gt_10000,0.0,4.237035040181421,intensity_distance_weighted_mps,45.75373134,0.004575373134328358,0.5272111787655138,44.545454545454554,2,462.65591201198976,18.0,-57.5,NE
storm_cmcc,STORM_CMCC,storm_cmcc|1426|1_1426_0,1426,1_1426_0,16245,rank_gt_10000,0.0,4.200579997537406,intensity_distance_weighted_mps,45.75373134,0.004575373134328358,0.5259425066341431,35.79545454545455,1,411.3816793125824,12.6,-62.39999999999998,SW
storm_cmcc,STORM_CMCC,storm_cmcc|903|0_903_3,903,0_903_3,16268,rank_gt_10000,0.0,4.188909013268107,intensity_distance_weighted_mps,45.75373134,0.004575373134328358,0.5246799256677398,24.772727272727277,0,332.5092756146297,13.9,-59.39999999999998,SE
storm_cmcc,STORM_CMCC,storm_cmcc|3771|3_3771_9,3771,3_3771_9,16278,rank_gt_10000,0.0,4.185180120684293,intensity_distance_weighted_mps,45.75373134,0.004575373134328358,0.523423392103891,34.09090909090909,1,400.96953666032914,17.9,-58.10000000000002,NE
storm_cmcc,STORM_CMCC,storm_cmcc|7814|7_7814_5,7814,7_7814_5,16371,rank_gt_10000,0.0,4.1279000873741305,intensity_distance_weighted_mps,45.75373134,0.004575373134328358,0.5221728625984008,24.090909090909093,0,329.86760849133503,13.4,-62.5,SW
storm_cmcc,STORM_CMCC,storm_cmcc|2570|2_2570_8,2570,2_2570_8,16432,rank_gt_10000,0.0,4.0956004248619715,intensity_distance_weighted_mps,45.75373134,0.004575373134328358,0.5209282942203068,26.13636363636364,0,347.97318943285893,13.8,-59.30000000000001,SE
storm_cmcc,STORM_CMCC,storm_cmcc|1860|1_1860_4,1860,1_1860_4,16548,rank_gt_10000,0.0,4.034956850690724,intensity_distance_weighted_mps,45.75373134,0.004575373134328358,0.5196896444469672,40.34090909090909,1,449.94634433154226,12.2,-62.19999999999999,SW
storm_cmcc,STORM_CMCC,storm_cmcc|8900|8_8900_1,8900,8_8900_1,16573,rank_gt_10000,0.0,4.022024057349865,intensity_distance_weighted_mps,45.75373134,0.004575373134328358,0.5184568711592177,20.90909090909091,0,307.3590735094881,15.6,-58.60000000000002,SE
storm_cmcc,STORM_CMCC,storm_cmcc|531|0_531_2,531,0_531_2,16589,rank_gt_10000,0.0,4.007105811017846,intensity_distance_weighted_mps,45.75373134,0.004575373134328358,0.5172299326365973,29.431818181818183,0,377.8364725380273,13.7,-59.0,SE
storm_cmcc,STORM_CMCC,storm_cmcc|8361|8_8361_1,8361,8_8361_1,16618,rank_gt_10000,0.0,3.9944666360656105,intensity_distance_weighted_mps,45.75373134,0.004575373134328358,0.5160087875526419,28.97727272727273,0,375.13058005179874,12.8,-61.39999999999998,SE
storm_cmcc,STORM_CMCC,storm_cmcc|5706|5_5706_0,5706,5_5706_0,16882,rank_gt_10000,0.0,3.855666945242752,intensity_distance_weighted_mps,45.75373134,0.004575373134328358,0.5147933949702441,26.13636363636364,0,360.58353017432603,13.0,-62.10000000000002,SW
storm_cmcc,STORM_CMCC,storm_cmcc|732|0_732_5,732,0_732_5,16915,rank_gt_10000,0.0,3.838817501027332,intensity_distance_weighted_mps,45.75373134,0.004575373134328358,0.5135837143370788,27.727272727272727,0,374.18515972517474,17.299999999999997,-58.10000000000002,NE
storm_cmcc,STORM_CMCC,storm_cmcc|8942|8_8942_0,8942,8_8942_0,16923,rank_gt_10000,0.0,3.833236421795479,intensity_distance_weighted_mps,45.75373134,0.004575373134328358,0.5123797054810925,27.38636363636364,0,371.8199986524643,13.0,-62.5,SW
storm_cmcc,STORM_CMCC,storm_cmcc|5436|5_5436_3,5436,5_5436_3,16993,rank_gt_10000,0.0,3.801352494227124,intensity_distance_weighted_mps,45.75373134,0.004575373134328358,0.5111813286060566,55.90909090909092,3,555.3583419167986,20.2,-58.30000000000001,NE
storm_cmcc,STORM_CMCC,storm_cmcc|1315|1_1315_1,1315,1_1315_1,17070,rank_gt_10000,0.0,3.768033610752773,intensity_distance_weighted_mps,45.75373134,0.004575373134328358,0.5099885442871829,58.409090909090914,4,571.2068700790569,12.0,-64.5,SW
storm_cmcc,STORM_CMCC,storm_cmcc|7124|7_7124_8,7124,7_7124_8,17072,rank_gt_10000,0.0,3.7678043795371936,intensity_distance_weighted_mps,45.75373134,0.004575373134328358,0.5088013134667998,24.090909090909093,0,348.37109463945984,17.4,-58.39999999999998,NE
storm_cmcc,STORM_CMCC,storm_cmcc|7315|7_7315_4,7315,7_7315_4,17194,rank_gt_10000,0.0,3.702096151005231,intensity_distance_weighted_mps,45.75373134,0.004575373134328358,0.5076195974500889,35.34090909090909,1,438.5079813270404,18.9,-64.39999999999998,NW
storm_cmcc,STORM_CMCC,storm_cmcc|8731|8_8731_8,8731,8_8731_8,17199,rank_gt_10000,0.0,3.699250993520385,intensity_distance_weighted_mps,45.75373134,0.004575373134328358,0.5064433579008815,25.681818181818187,0,365.65672409032095,17.799999999999997,-64.39999999999998,NW
storm_cmcc,STORM_CMCC,storm_cmcc|8366|8_8366_12,8366,8_8366_12,17217,rank_gt_10000,0.0,3.6914176667222383,intensity_distance_weighted_mps,45.75373134,0.004575373134328358,0.5052725568375126,22.045454545454547,0,334.4725381688245,18.7,-59.69999999999999,NE
storm_cmcc,STORM_CMCC,storm_cmcc|2803|2_2803_5,2803,2_2803_5,17336,rank_gt_10000,0.0,3.626536775063746,intensity_distance_weighted_mps,45.75373134,0.004575373134328358,0.504107156628733,28.40909090909091,0,392.11932639215837,19.7,-61.39999999999998,NE
storm_cmcc,STORM_CMCC,storm_cmcc|9300|9_9300_3,9300,9_9300_3,17354,rank_gt_10000,0.0,3.6165343134435517,intensity_distance_weighted_mps,45.75373134,0.004575373134328358,0.5029471199896768,26.250000000000004,0,375.24982090628976,12.8,-61.5,SW
storm_cmcc,STORM_CMCC,storm_cmcc|7893|7_7893_1,7893,7_7893_1,17361,rank_gt_10000,0.0,3.6147762266456724,intensity_distance_weighted_mps,45.75373134,0.004575373134328358,0.5017924099778859,38.52272727272727,1,466.1360905911766,19.4,-58.60000000000002,NE
storm_cmcc,STORM_CMCC,storm_cmcc|1911|1_1911_5,1911,1_1911_5,17365,rank_gt_10000,0.0,3.613653004291347,intensity_distance_weighted_mps,45.75373134,0.004575373134328358,0.5006429899893878,37.727272727272734,1,460.8737122584723,12.1,-62.19999999999999,SW
storm_cmcc,STORM_CMCC,storm_cmcc|9070|9_9070_5,9070,9_9070_5,17383,rank_gt_10000,0.0,3.6076872964021467,intensity_distance_weighted_mps,45.75373134,0.004575373134328358,0.49949882375482796,36.93181818181819,1,455.8859745863111,19.8,-59.39999999999998,NE
storm_cmcc,STORM_CMCC,storm_cmcc|4059|4_4059_6,4059,4_4059_6,17417,rank_gt_10000,0.0,3.59106961343491,intensity_distance_weighted_mps,45.75373134,0.004575373134328358,0.49835987533565496,30.90909090909091,0,413.71757141182474,19.1,-59.0,NE
storm_cmcc,STORM_CMCC,storm_cmcc|2299|2_2299_2,2299,2_2299_2,17430,rank_gt_10000,0.0,3.5856618339898088,intensity_distance_weighted_mps,45.75373134,0.004575373134328358,0.4972261091203572,28.295454545454547,0,393.76865829006016,12.7,-60.69999999999999,SE
storm_cmcc,STORM_CMCC,storm_cmcc|349|0_349_2,349,0_349_2,17459,rank_gt_10000,0.0,3.5726610531729732,intensity_distance_weighted_mps,45.75373134,0.004575373134328358,0.4960974898207517,30.681818181818183,0,413.19338363996263,19.6,-59.89999999999998,NE
storm_cmcc,STORM_CMCC,storm_cmcc|6277|6_6277_10,6277,6_6277_10,17470,rank_gt_10000,0.0,3.5642811464740505,intensity_distance_weighted_mps,45.75373134,0.004575373134328358,0.49497398246832286,28.06818181818182,0,393.2990469750819,12.7,-62.10000000000002,SW
storm_cmcc,STORM_CMCC,storm_cmcc|4513|4_4513_2,4513,4_4513_2,17542,rank_gt_10000,0.0,3.526247871294316,intensity_distance_weighted_mps,45.75373134,0.004575373134328358,0.4938555524106105,38.52272727272727,1,472.5491856907572,20.1,-59.69999999999999,NE
storm_cmcc,STORM_CMCC,storm_cmcc|8718|8_8718_10,8718,8_8718_10,17683,rank_gt_10000,0.0,3.4565909340143195,intensity_distance_weighted_mps,45.75373134,0.004575373134328358,0.49274216530764786,37.045454545454554,1,467.5896840898297,12.6,-63.69999999999999,SW
storm_cmcc,STORM_CMCC,storm_cmcc|1270|1_1270_5,1270,1_1270_5,17886,rank_gt_10000,0.0,3.3535022902283766,intensity_distance_weighted_mps,45.75373134,0.004575373134328358,0.4916337871284462,23.63636363636364,0,368.8982256472873,19.4,-60.60000000000002,NE
storm_cmcc,STORM_CMCC,storm_cmcc|6053|6_6053_6,6053,6_6053_6,18052,rank_gt_10000,0.0,3.2727865334855717,intensity_distance_weighted_mps,45.75373134,0.004575373134328358,0.490530384147528,25.113636363636367,0,387.49596603257413,12.7,-61.69999999999999,SW
storm_cmcc,STORM_CMCC,storm_cmcc|6016|6_6016_4,6016,6_6016_4,18054,rank_gt_10000,0.0,3.2688727055220235,intensity_distance_weighted_mps,45.75373134,0.004575373134328358,0.48943192294150617,53.409090909090914,3,587.4695546770762,12.7,-57.30000000000001,SE
storm_cmcc,STORM_CMCC,storm_cmcc|5910|5_5910_15,5910,5_5910_15,18211,rank_gt_10000,0.0,3.1908739912313444,intensity_distance_weighted_mps,45.75373134,0.004575373134328358,0.4883383703857092,22.840909090909093,0,372.2357639259427,17.5,-58.19999999999999,NE
storm_cmcc,STORM_CMCC,storm_cmcc|7827|7_7827_3,7827,7_7827_3,18234,rank_gt_10000,0.0,3.1821946564843593,intensity_distance_weighted_mps,45.75373134,0.004575373134328358,0.48724969365085125,25.454545454545457,0,396.8358663351553,13.3,-63.60000000000002,SW
storm_cmcc,STORM_CMCC,storm_cmcc|6895|6_6895_7,6895,6_6895_7,18456,rank_gt_10000,0.0,3.0741435760620113,intensity_distance_weighted_mps,45.75373134,0.004575373134328358,0.4861658601997473,40.909090909090914,1,526.2301806695563,13.3,-65.30000000000001,SW
storm_cmcc,STORM_CMCC,storm_cmcc|9042|9_9042_4,9042,9_9042_4,18569,rank_gt_10000,0.0,3.026602854359986,intensity_distance_weighted_mps,45.75373134,0.004575373134328358,0.485086837784071,33.29545454545455,1,474.3637712737986,20.4,-60.80000000000001,NE
storm_cmcc,STORM_CMCC,storm_cmcc|2755|2_2755_7,2755,2_2755_7,18657,rank_gt_10000,0.0,2.979334657368514,intensity_distance_weighted_mps,45.75373134,0.004575373134328358,0.4840125944411571,36.5909090909091,1,503.8207416072371,19.9,-58.69999999999999,NE
storm_cmcc,STORM_CMCC,storm_cmcc|1488|1_1488_5,1488,1_1488_5,18822,rank_gt_10000,0.0,2.9104070634483445,intensity_distance_weighted_mps,45.75373134,0.004575373134328358,0.4829430984908445,34.20454545454546,1,491.86496640834804,12.0,-59.89999999999998,SE
storm_cmcc,STORM_CMCC,storm_cmcc|28|0_28_3,28,0_28_3,18967,rank_gt_10000,0.0,2.847509885640287,intensity_distance_weighted_mps,45.75373134,0.004575373134328358,0.48187831853236246,26.931818181818183,0,436.24024414701245,20.0,-60.5,NE
storm_cmcc,STORM_CMCC,storm_cmcc|4888|4_4888_1,4888,4_4888_1,18985,rank_gt_10000,0.0,2.8388102722038706,intensity_distance_weighted_mps,45.75373134,0.004575373134328358,0.48081822344125746,41.59090909090909,1,554.2053188398792,13.3,-57.19999999999999,SE
storm_cmcc,STORM_CMCC,storm_cmcc|1464|1_1464_7,1464,1_1464_7,19046,rank_gt_10000,0.0,2.8150560545927568,intensity_distance_weighted_mps,45.75373134,0.004575373134328358,0.4797627823663603,32.04545454545455,0,483.35376244183425,19.6,-58.60000000000002,NE
storm_cmcc,STORM_CMCC,storm_cmcc|3268|3_3268_10,3268,3_3268_10,19097,rank_gt_10000,0.0,2.790721259362172,intensity_distance_weighted_mps,45.75373134,0.004575373134328358,0.47871196472679317,26.250000000000004,0,434.9009500825969,12.9,-59.19999999999999,SE
storm_cmcc,STORM_CMCC,storm_cmcc|3568|3_3568_10,3568,3_3568_10,19101,rank_gt_10000,0.0,2.789618151132796,intensity_distance_weighted_mps,45.75373134,0.004575373134328358,0.47766574020901637,36.36363636363637,1,520.3799317336789,20.2,-58.89999999999998,NE
storm_cmcc,STORM_CMCC,storm_cmcc|1643|1_1643_5,1643,1_1643_5,19176,rank_gt_10000,0.0,2.7522463195839095,intensity_distance_weighted_mps,45.75373134,0.004575373134328358,0.476624078763913,35.909090909090914,1,520.6360137377543,12.0,-63.60000000000002,SW
storm_cmcc,STORM_CMCC,storm_cmcc|7554|7_7554_3,7554,7_7554_3,19212,rank_gt_10000,0.0,2.738002477030693,intensity_distance_weighted_mps,45.75373134,0.004575373134328358,0.4755869506039122,22.15909090909091,0,399.49479344739694,17.5,-64.89999999999998,NW
storm_cmcc,STORM_CMCC,storm_cmcc|6786|6_6786_2,6786,6_6786_2,19247,rank_gt_10000,0.0,2.7209556975160916,intensity_distance_weighted_mps,45.75373134,0.004575373134328358,0.4745543262001498,28.06818181818182,0,457.8210354733483,14.700000000000005,-65.39999999999998,SW
storm_cmcc,STORM_CMCC,storm_cmcc|6215|6_6215_7,6215,6_6215_7,19360,rank_gt_10000,0.0,2.6625133449930622,intensity_distance_weighted_mps,45.75373134,0.004575373134328358,0.4735261762796658,29.204545454545457,0,473.6008220765778,20.3,-60.30000000000001,NE
storm_cmcc,STORM_CMCC,storm_cmcc|4489|4_4489_4,4489,4_4489_4,19516,rank_gt_10000,0.0,2.590991891940426,intensity_distance_weighted_mps,45.75373134,0.004575373134328358,0.4725024718226379,22.500000000000004,0,415.7986201990708,16.4,-65.30000000000001,NW
storm_cmcc,STORM_CMCC,storm_cmcc|2354|2_2354_2,2354,2_2354_2,19613,rank_gt_10000,0.0,2.555945358120551,intensity_distance_weighted_mps,45.75373134,0.004575373134328358,0.47148318405965156,28.40909090909091,0,477.0590863876745,12.1,-62.80000000000001,SW
storm_cmcc,STORM_CMCC,storm_cmcc|4126|4_4126_3,4126,4_4126_3,19646,rank_gt_10000,0.0,2.538527478786537,intensity_distance_weighted_mps,45.75373134,0.004575373134328358,0.47046828446900474,31.47727272727273,0,506.45419520439714,20.4,-63.19999999999999,NW
storm_cmcc,STORM_CMCC,storm_cmcc|4589|4_4589_12,4589,4_4589_12,19664,rank_gt_10000,0.0,2.531373234031457,intensity_distance_weighted_mps,45.75373134,0.004575373134328358,0.46945774477404734,25.909090909090914,0,455.8418788729856,20.200000000000003,-60.60000000000002,NE
storm_cmcc,STORM_CMCC,storm_cmcc|1191|1_1191_3,1191,1_1191_3,19737,rank_gt_10000,0.0,2.494157745578721,intensity_distance_weighted_mps,45.75373134,0.004575373134328358,0.4684515369405554,27.38636363636364,0,473.87193955139963,12.0,-62.30000000000001,SW
storm_cmcc,STORM_CMCC,storm_cmcc|3594|3_3594_10,3594,3_3594_10,19761,rank_gt_10000,0.0,2.481660117719671,intensity_distance_weighted_mps,45.75373134,0.004575373134328358,0.4674496331741384,21.704545454545457,0,417.47396445457895,12.6,-62.60000000000002,SW
storm_cmcc,STORM_CMCC,storm_cmcc|7709|7_7709_10,7709,7_7709_10,19774,rank_gt_10000,0.0,2.47478849696609,intensity_distance_weighted_mps,45.75373134,0.004575373134328358,0.46645200591768005,37.5,1,564.3033103289007,20.3,-58.30000000000001,NE
storm_cmcc,STORM_CMCC,storm_cmcc|9320|9_9320_5,9320,9_9320_5,19827,rank_gt_10000,0.0,2.454669439674103,intensity_distance_weighted_mps,45.75373134,0.004575373134328358,0.46545862784881187,23.295454545454547,0,437.0707959777629,12.299999999999995,-62.10000000000002,SW
storm_cmcc,STORM_CMCC,storm_cmcc|265|0_265_7,265,0_265_7,20242,rank_gt_10000,0.0,2.262288982806207,intensity_distance_weighted_mps,45.75373134,0.004575373134328358,0.46446947187741866,29.88636363636364,0,524.1566357794653,19.700000000000003,-64.69999999999999,NW
storm_cmcc,STORM_CMCC,storm_cmcc|8144|8_8144_1,8144,8_8144_1,20256,rank_gt_10000,0.0,2.256511429551194,intensity_distance_weighted_mps,45.75373134,0.004575373134328358,0.463484511143176,22.954545454545457,0,454.29403924714245,20.1,-62.60000000000002,NW
storm_cmcc,STORM_CMCC,storm_cmcc|7437|7_7437_2,7437,7_7437_2,20500,rank_gt_10000,0.0,2.1335368150881386,intensity_distance_weighted_mps,45.75373134,0.004575373134328358,0.46250371901311904,34.659090909090914,1,585.6707576001515,20.4,-58.10000000000002,NE
storm_cmcc,STORM_CMCC,storm_cmcc|35|0_35_12,35,0_35_12,20590,rank_gt_10000,0.0,2.088091685289572,intensity_distance_weighted_mps,45.75373134,0.004575373134328358,0.46152706907924157,19.545454545454547,0,433.71635230351774,15.6,-57.39999999999998,SE
storm_cmcc,STORM_CMCC,storm_cmcc|9653|9_9653_1,9653,9_9653_1,20645,rank_gt_10000,0.0,2.056421862818236,intensity_distance_weighted_mps,45.75373134,0.004575373134328358,0.4605545351561264,27.04545454545455,0,522.8894451042521,19.3,-65.10000000000002,NW
storm_cmcc,STORM_CMCC,storm_cmcc|984|0_984_5,984,0_984_5,20695,rank_gt_10000,0.0,2.0366625919032173,intensity_distance_weighted_mps,45.75373134,0.004575373134328358,0.4595860912786046,38.06818181818182,1,630.9181232068917,20.1,-57.10000000000002,NE
storm_cmcc,STORM_CMCC,storm_cmcc|6512|6_6512_2,6512,6_6512_2,20885,rank_gt_10000,0.0,1.9526773322262634,intensity_distance_weighted_mps,45.75373134,0.004575373134328358,0.4586217116994451,20.454545454545457,0,461.7254435952987,20.3,-61.89999999999998,NW
storm_cmcc,STORM_CMCC,storm_cmcc|7055|7_7055_10,7055,7_7055_10,20969,rank_gt_10000,0.0,1.9179215908439426,intensity_distance_weighted_mps,45.75373134,0.004575373134328358,0.45766137088707254,25.22727272727273,0,522.9268325829668,12.9,-64.89999999999998,SW
storm_cmcc,STORM_CMCC,storm_cmcc|6885|6_6885_6,6885,6_6885_6,21007,rank_gt_10000,0.0,1.9038312530631851,intensity_distance_weighted_mps,45.75373134,0.004575373134328358,0.4567050435233142,23.181818181818183,0,501.46693451857186,13.0,-58.10000000000002,SE
storm_cmcc,STORM_CMCC,storm_cmcc|9533|9_9533_11,9533,9_9533_11,21078,rank_gt_10000,0.0,1.871800858862294,intensity_distance_weighted_mps,45.75373134,0.004575373134328358,0.4557527045011754,23.75,0,512.8226794400563,13.4,-57.60000000000002,SE
storm_cmcc,STORM_CMCC,storm_cmcc|9464|9_9464_4,9464,9_9464_4,21108,rank_gt_10000,0.0,1.859346463429343,intensity_distance_weighted_mps,45.75373134,0.004575373134328358,0.4548043289226416,20.454545454545457,0,474.3637712737986,20.4,-60.80000000000001,NE
storm_cmcc,STORM_CMCC,storm_cmcc|6414|6_6414_5,6414,6_6414_5,21349,rank_gt_10000,0.0,1.7539872274851616,intensity_distance_weighted_mps,45.75373134,0.004575373134328358,0.45385989209650934,20.454545454545457,0,489.784831691611,17.5,-65.80000000000001,NW
storm_cmcc,STORM_CMCC,storm_cmcc|6992|6_6992_4,6992,6_6992_4,21370,rank_gt_10000,0.0,1.7461716014661266,intensity_distance_weighted_mps,45.75373134,0.004575373134328358,0.4529193695362428,22.840909090909093,0,521.3565825540121,11.9,-63.39999999999998,SW
storm_cmcc,STORM_CMCC,storm_cmcc|8683|8_8683_7,8683,8_8683_7,21610,rank_gt_10000,0.0,1.6243594595729387,intensity_distance_weighted_mps,45.75373134,0.004575373134328358,0.4519827369578578,26.250000000000004,0,584.0418339150907,12.0,-64.69999999999999,SW
storm_cmcc,STORM_CMCC,storm_cmcc|5363|5_5363_0,5363,5_5363_0,21681,rank_gt_10000,0.0,1.5774413690951314,intensity_distance_weighted_mps,45.75373134,0.004575373134328358,0.4510499702778317,23.75,0,562.3705270770625,19.700000000000003,-57.60000000000002,NE
storm_cmcc,STORM_CMCC,storm_cmcc|2482|2_2482_3,2482,2_2482_3,22026,rank_gt_10000,0.0,1.2807006065977522,intensity_distance_weighted_mps,45.75373134,0.004575373134328358,0.4501210456110394,23.63636363636364,0,626.702213824265,11.9,-65.19999999999999,SW
storm_cmcc,STORM_CMCC,storm_cmcc|2764|2_2764_15,2764,2_2764_15,22176,rank_gt_10000,0.0,1.113209447845274,intensity_distance_weighted_mps,45.75373134,0.004575373134328358,0.44919593926871415,20.90909090909091,0,632.5432702695573,20.4,-57.39999999999998,NE
