category,scope,hazard,scenario,service,class_key,component,metric,unit,label,full_value,sample_v1_value,sample_v2_value,delta_abs,delta_pct,v2_delta_abs,v2_delta_pct,v2_vs_v1_delta_abs,v2_vs_v1_delta_pct,missing_in
comparability,complete_analysis,all,all,,,,asset_results_count,count,,110315.0,110315.0,110315.0,0.0,0.0,0.0,0.0,0.0,0.0,
comparability,complete_analysis,all,all,,,,territory_results_count,count,,18.0,18.0,18.0,0.0,0.0,0.0,0.0,0.0,0.0,
comparability,exposure_summary,all,all,,,,asset_count_original,count,,110315.0,110315.0,110315.0,0.0,0.0,0.0,0.0,0.0,0.0,
comparability,exposure_summary,all,all,,,,asset_count_points,count,,290545.0,290545.0,290545.0,0.0,0.0,0.0,0.0,0.0,0.0,
comparability,exposure_summary,all,all,,,,total_exposure_eur,eur,,10958916351.48,10958916351.48,10958916351.48,0.0,0.0,0.0,0.0,0.0,0.0,
comparability,exposure_summary.asset_type_counts,all,all,,,,eau_aep_cana,count,,31941.0,31941.0,31941.0,0.0,0.0,0.0,0.0,0.0,0.0,
comparability,exposure_summary.asset_type_counts,all,all,,,,eau_aep_ouvrage_CAP,count,,68.0,68.0,68.0,0.0,0.0,0.0,0.0,0.0,0.0,
comparability,exposure_summary.asset_type_counts,all,all,,,,eau_aep_ouvrage_CUV,count,,202.0,202.0,202.0,0.0,0.0,0.0,0.0,0.0,0.0,
comparability,exposure_summary.asset_type_counts,all,all,,,,eau_aep_ouvrage_OUVEB,count,,11.0,11.0,11.0,0.0,0.0,0.0,0.0,0.0,0.0,
comparability,exposure_summary.asset_type_counts,all,all,,,,eau_aep_ouvrage_STPMP,count,,118.0,118.0,118.0,0.0,0.0,0.0,0.0,0.0,0.0,
comparability,exposure_summary.asset_type_counts,all,all,,,,eau_aep_ouvrage_TRAIT,count,,40.0,40.0,40.0,0.0,0.0,0.0,0.0,0.0,0.0,
comparability,exposure_summary.asset_type_counts,all,all,,,,eau_eu_cana,count,,13795.0,13795.0,13795.0,0.0,0.0,0.0,0.0,0.0,0.0,
comparability,exposure_summary.asset_type_counts,all,all,,,,eau_eu_pr,count,,348.0,348.0,348.0,0.0,0.0,0.0,0.0,0.0,0.0,
comparability,exposure_summary.asset_type_counts,all,all,,,,eau_eu_step,count,,142.0,142.0,142.0,0.0,0.0,0.0,0.0,0.0,0.0,
comparability,exposure_summary.asset_type_counts,all,all,,,,elec_bt_aerien,count,,29952.0,29952.0,29952.0,0.0,0.0,0.0,0.0,0.0,0.0,
comparability,exposure_summary.asset_type_counts,all,all,,,,elec_bt_souterrain,count,,24982.0,24982.0,24982.0,0.0,0.0,0.0,0.0,0.0,0.0,
comparability,exposure_summary.asset_type_counts,all,all,,,,elec_hta_aerien,count,,1809.0,1809.0,1809.0,0.0,0.0,0.0,0.0,0.0,0.0,
comparability,exposure_summary.asset_type_counts,all,all,,,,elec_hta_souterrain,count,,6907.0,6907.0,6907.0,0.0,0.0,0.0,0.0,0.0,0.0,
comparability,exposure_summary.exposure_category_counts,all,all,,,,ouvrage_eau,count,,46665.0,46665.0,46665.0,0.0,0.0,0.0,0.0,0.0,0.0,
comparability,exposure_summary.exposure_category_counts,all,all,,,,ouvrage_electrique,count,,63650.0,63650.0,63650.0,0.0,0.0,0.0,0.0,0.0,0.0,
comparability,exposure_summary.geometry_type_counts,all,all,,,,LineString,count,,108923.0,108923.0,108923.0,0.0,0.0,0.0,0.0,0.0,0.0,
comparability,exposure_summary.geometry_type_counts,all,all,,,,MultiLineString,count,,463.0,463.0,463.0,0.0,0.0,0.0,0.0,0.0,0.0,
comparability,exposure_summary.geometry_type_counts,all,all,,,,Point,count,,929.0,929.0,929.0,0.0,0.0,0.0,0.0,0.0,0.0,
comparability,network_states.canonical_service_unit_counts,storm,all,eau_aep,,,total_units,count,,199.0,199.0,199.0,0.0,0.0,0.0,0.0,0.0,0.0,
comparability,network_states.canonical_service_unit_counts,storm,all,eau_eu,,,total_units,count,,270.0,270.0,270.0,0.0,0.0,0.0,0.0,0.0,0.0,
comparability,network_states.canonical_service_unit_counts,storm,all,elec,,,total_units,count,,40.0,40.0,40.0,0.0,0.0,0.0,0.0,0.0,0.0,
comparability,network_states.canonical_service_unit_counts,storm_cmcc,all,eau_aep,,,total_units,count,,199.0,199.0,199.0,0.0,0.0,0.0,0.0,0.0,0.0,
comparability,network_states.canonical_service_unit_counts,storm_cmcc,all,eau_eu,,,total_units,count,,270.0,270.0,270.0,0.0,0.0,0.0,0.0,0.0,0.0,
comparability,network_states.canonical_service_unit_counts,storm_cmcc,all,elec,,,total_units,count,,40.0,40.0,40.0,0.0,0.0,0.0,0.0,0.0,0.0,
network_damage,scientific_graph_inputs.state_damage_tables,storm,rp10,,eau_aep,,blocking_ouvrage_eur,eur,Eau AEP,69324884.74,61820662.11,62300047.96,-7504222.629999995,-10.824717066814117,-7024836.779999994,-10.133210904491717,479385.8500000015,0.7754459975647153,
network_damage,scientific_graph_inputs.state_damage_tables,storm,rp10,,eau_aep,,damage_eur,eur,Eau AEP,79770343.6,73743020.36,72911451.88,-6027323.239999995,-7.555844651018898,-6858891.719999999,-8.5982978265622,-831568.4800000042,-1.1276572019161113,
network_damage,scientific_graph_inputs.state_damage_tables,storm,rp10,,eau_aep,,direct_damage_eur,eur,Eau AEP,10445458.86,11922358.25,10611403.91,1476899.3900000006,14.139152810755512,165945.05000000075,1.5886812846056315,-1310954.3399999999,-10.995763694653277,
network_damage,scientific_graph_inputs.state_damage_tables,storm,rp10,,eau_aep,,dysfunction_eur,eur,Eau AEP,0.0,0.0,0.0,0.0,,0.0,,0.0,,
network_damage,scientific_graph_inputs.state_damage_tables,storm,rp10,,eau_aep,,exposure_eur,eur,Eau AEP,2466350827.1,2466350827.1,2466350827.1,0.0,0.0,0.0,0.0,0.0,0.0,
network_damage,scientific_graph_inputs.state_damage_tables,storm,rp10,,eau_aep,,indirect_damage_eur,eur,Eau AEP,69324884.74,61820662.11,62300047.96,-7504222.629999995,-10.824717066814117,-7024836.779999994,-10.133210904491717,479385.8500000015,0.7754459975647153,
network_damage,scientific_graph_inputs.state_damage_tables,storm,rp10,,eau_aep,,total_damage_eur,eur,Eau AEP,79770343.6,73743020.36,72911451.88,-6027323.239999995,-7.555844651018898,-6858891.719999999,-8.5982978265622,-831568.4800000042,-1.1276572019161113,
network_damage,scientific_graph_inputs.state_damage_tables,storm,rp10,,eau_eu,,blocking_ouvrage_eur,eur,Eau EU,24616646.28,49012414.88,48963300.56,24395768.6,99.10273041466475,24346654.28,98.9032137159181,-49114.3200000003,-0.10020791695379588,
network_damage,scientific_graph_inputs.state_damage_tables,storm,rp10,,eau_eu,,damage_eur,eur,Eau EU,27939168.21,53187321.39,52706116.53,25248153.18,90.36830656598849,24766948.32,88.645975906811,-481204.8599999994,-0.9047360299864113,
network_damage,scientific_graph_inputs.state_damage_tables,storm,rp10,,eau_eu,,direct_damage_eur,eur,Eau EU,3322521.93,4174906.51,3742815.98,852384.5799999996,25.654746543689466,420294.0499999998,12.649850290077689,-432090.5299999998,-10.349705531489848,
network_damage,scientific_graph_inputs.state_damage_tables,storm,rp10,,eau_eu,,dysfunction_eur,eur,Eau EU,0.0,0.0,0.0,0.0,,0.0,,0.0,,
network_damage,scientific_graph_inputs.state_damage_tables,storm,rp10,,eau_eu,,exposure_eur,eur,Eau EU,784628997.21,784628997.21,784628997.21,0.0,0.0,0.0,0.0,0.0,0.0,
network_damage,scientific_graph_inputs.state_damage_tables,storm,rp10,,eau_eu,,indirect_damage_eur,eur,Eau EU,24616646.28,49012414.88,48963300.56,24395768.6,99.10273041466475,24346654.28,98.9032137159181,-49114.3200000003,-0.10020791695379588,
network_damage,scientific_graph_inputs.state_damage_tables,storm,rp10,,eau_eu,,total_damage_eur,eur,Eau EU,27939168.21,53187321.39,52706116.53,25248153.18,90.36830656598849,24766948.32,88.645975906811,-481204.8599999994,-0.9047360299864113,
network_damage,scientific_graph_inputs.state_damage_tables,storm,rp10,,elec_bt_aerien,,blocking_ouvrage_eur,eur,Elec BT aerien,0.0,0.0,0.0,0.0,,0.0,,0.0,,
network_damage,scientific_graph_inputs.state_damage_tables,storm,rp10,,elec_bt_aerien,,damage_eur,eur,Elec BT aerien,12542701.36,11077147.95,11508867.11,-1465553.4100000001,-11.684511716700877,-1033834.25,-8.242516666282167,431719.16000000015,3.8973855179031007,
network_damage,scientific_graph_inputs.state_damage_tables,storm,rp10,,elec_bt_aerien,,direct_damage_eur,eur,Elec BT aerien,12542701.36,11077147.95,11508867.11,-1465553.4100000001,-11.684511716700877,-1033834.25,-8.242516666282167,431719.16000000015,3.8973855179031007,
network_damage,scientific_graph_inputs.state_damage_tables,storm,rp10,,elec_bt_aerien,,dysfunction_eur,eur,Elec BT aerien,0.0,0.0,0.0,0.0,,0.0,,0.0,,
network_damage,scientific_graph_inputs.state_damage_tables,storm,rp10,,elec_bt_aerien,,exposure_eur,eur,Elec BT aerien,520332523.27,520332523.27,520332523.27,0.0,0.0,0.0,0.0,0.0,0.0,
network_damage,scientific_graph_inputs.state_damage_tables,storm,rp10,,elec_bt_aerien,,indirect_damage_eur,eur,Elec BT aerien,0.0,0.0,0.0,0.0,,0.0,,0.0,,
network_damage,scientific_graph_inputs.state_damage_tables,storm,rp10,,elec_bt_aerien,,total_damage_eur,eur,Elec BT aerien,12542701.36,11077147.95,11508867.11,-1465553.4100000001,-11.684511716700877,-1033834.25,-8.242516666282167,431719.16000000015,3.8973855179031007,
network_damage,scientific_graph_inputs.state_damage_tables,storm,rp10,,elec_bt_souterrain,,blocking_ouvrage_eur,eur,Elec BT souterrain,0.0,0.0,0.0,0.0,,0.0,,0.0,,
network_damage,scientific_graph_inputs.state_damage_tables,storm,rp10,,elec_bt_souterrain,,damage_eur,eur,Elec BT souterrain,0.0,0.0,0.0,0.0,,0.0,,0.0,,
network_damage,scientific_graph_inputs.state_damage_tables,storm,rp10,,elec_bt_souterrain,,direct_damage_eur,eur,Elec BT souterrain,0.0,0.0,0.0,0.0,,0.0,,0.0,,
network_damage,scientific_graph_inputs.state_damage_tables,storm,rp10,,elec_bt_souterrain,,dysfunction_eur,eur,Elec BT souterrain,0.0,0.0,0.0,0.0,,0.0,,0.0,,
network_damage,scientific_graph_inputs.state_damage_tables,storm,rp10,,elec_bt_souterrain,,exposure_eur,eur,Elec BT souterrain,1693329219.48,1693329219.48,1693329219.48,0.0,0.0,0.0,0.0,0.0,0.0,
network_damage,scientific_graph_inputs.state_damage_tables,storm,rp10,,elec_bt_souterrain,,indirect_damage_eur,eur,Elec BT souterrain,0.0,0.0,0.0,0.0,,0.0,,0.0,,
network_damage,scientific_graph_inputs.state_damage_tables,storm,rp10,,elec_bt_souterrain,,total_damage_eur,eur,Elec BT souterrain,0.0,0.0,0.0,0.0,,0.0,,0.0,,
network_damage,scientific_graph_inputs.state_damage_tables,storm,rp10,,elec_hta_aerien,,blocking_ouvrage_eur,eur,Elec HTA aerien,0.0,0.0,0.0,0.0,,0.0,,0.0,,
network_damage,scientific_graph_inputs.state_damage_tables,storm,rp10,,elec_hta_aerien,,damage_eur,eur,Elec HTA aerien,358918.73,311010.75,331805.17,-47907.97999999998,-13.347862899213977,-27113.559999999998,-7.554233795489024,20794.419999999984,6.686077571273656,
network_damage,scientific_graph_inputs.state_damage_tables,storm,rp10,,elec_hta_aerien,,direct_damage_eur,eur,Elec HTA aerien,358918.73,311010.75,331805.17,-47907.97999999998,-13.347862899213977,-27113.559999999998,-7.554233795489024,20794.419999999984,6.686077571273656,
network_damage,scientific_graph_inputs.state_damage_tables,storm,rp10,,elec_hta_aerien,,dysfunction_eur,eur,Elec HTA aerien,0.0,0.0,0.0,0.0,,0.0,,0.0,,
network_damage,scientific_graph_inputs.state_damage_tables,storm,rp10,,elec_hta_aerien,,exposure_eur,eur,Elec HTA aerien,131071042.1,131071042.1,131071042.1,0.0,0.0,0.0,0.0,0.0,0.0,
network_damage,scientific_graph_inputs.state_damage_tables,storm,rp10,,elec_hta_aerien,,indirect_damage_eur,eur,Elec HTA aerien,0.0,0.0,0.0,0.0,,0.0,,0.0,,
network_damage,scientific_graph_inputs.state_damage_tables,storm,rp10,,elec_hta_aerien,,total_damage_eur,eur,Elec HTA aerien,358918.73,311010.75,331805.17,-47907.97999999998,-13.347862899213977,-27113.559999999998,-7.554233795489024,20794.419999999984,6.686077571273656,
network_damage,scientific_graph_inputs.state_damage_tables,storm,rp10,,elec_hta_souterrain,,blocking_ouvrage_eur,eur,Elec HTA souterrain,0.0,0.0,0.0,0.0,,0.0,,0.0,,
network_damage,scientific_graph_inputs.state_damage_tables,storm,rp10,,elec_hta_souterrain,,damage_eur,eur,Elec HTA souterrain,0.0,0.0,0.0,0.0,,0.0,,0.0,,
network_damage,scientific_graph_inputs.state_damage_tables,storm,rp10,,elec_hta_souterrain,,direct_damage_eur,eur,Elec HTA souterrain,0.0,0.0,0.0,0.0,,0.0,,0.0,,
network_damage,scientific_graph_inputs.state_damage_tables,storm,rp10,,elec_hta_souterrain,,dysfunction_eur,eur,Elec HTA souterrain,0.0,0.0,0.0,0.0,,0.0,,0.0,,
network_damage,scientific_graph_inputs.state_damage_tables,storm,rp10,,elec_hta_souterrain,,exposure_eur,eur,Elec HTA souterrain,3517855026.32,3517855026.32,3517855026.32,0.0,0.0,0.0,0.0,0.0,0.0,
network_damage,scientific_graph_inputs.state_damage_tables,storm,rp10,,elec_hta_souterrain,,indirect_damage_eur,eur,Elec HTA souterrain,0.0,0.0,0.0,0.0,,0.0,,0.0,,
network_damage,scientific_graph_inputs.state_damage_tables,storm,rp10,,elec_hta_souterrain,,total_damage_eur,eur,Elec HTA souterrain,0.0,0.0,0.0,0.0,,0.0,,0.0,,
network_damage,scientific_graph_inputs.state_damage_tables,storm,rp100,,eau_aep,,blocking_ouvrage_eur,eur,Eau AEP,218906378.62,221075506.24,224958212.07,2169127.620000005,0.9908928344958817,6051833.449999988,2.764576111555606,3882705.8299999833,1.7562804202220894,
network_damage,scientific_graph_inputs.state_damage_tables,storm,rp100,,eau_aep,,damage_eur,eur,Eau AEP,264600076.09,270054340.44,270579098.3,5454264.349999994,2.0613238025467546,5979022.210000008,2.2596449322132197,524757.8600000143,0.19431565482155383,
network_damage,scientific_graph_inputs.state_damage_tables,storm,rp100,,eau_aep,,direct_damage_eur,eur,Eau AEP,45693697.47,48978834.2,45620886.23,3285136.730000004,7.189474505005525,-72811.24000000209,-0.15934635197295205,-3357947.9700000063,-6.855916488922895,
network_damage,scientific_graph_inputs.state_damage_tables,storm,rp100,,eau_aep,,dysfunction_eur,eur,Eau AEP,0.0,0.0,0.0,0.0,,0.0,,0.0,,
network_damage,scientific_graph_inputs.state_damage_tables,storm,rp100,,eau_aep,,exposure_eur,eur,Eau AEP,2466350827.1,2466350827.1,2466350827.1,0.0,0.0,0.0,0.0,0.0,0.0,
network_damage,scientific_graph_inputs.state_damage_tables,storm,rp100,,eau_aep,,indirect_damage_eur,eur,Eau AEP,218906378.62,221075506.24,224958212.07,2169127.620000005,0.9908928344958817,6051833.449999988,2.764576111555606,3882705.8299999833,1.7562804202220894,
network_damage,scientific_graph_inputs.state_damage_tables,storm,rp100,,eau_aep,,total_damage_eur,eur,Eau AEP,264600076.09,270054340.44,270579098.3,5454264.349999994,2.0613238025467546,5979022.210000008,2.2596449322132197,524757.8600000143,0.19431565482155383,
network_damage,scientific_graph_inputs.state_damage_tables,storm,rp100,,eau_eu,,blocking_ouvrage_eur,eur,Eau EU,77732541.34,111996150.39,116241676.53,34263609.05,44.07884839392027,38509135.19,49.540558595096094,4245526.140000001,3.7907786341012293,
network_damage,scientific_graph_inputs.state_damage_tables,storm,rp100,,eau_eu,,damage_eur,eur,Eau EU,92266925.51,129147291.93,132332910.37,36880366.42,39.97138326236183,40065984.86,43.42399471808302,3185618.4399999976,2.466655237127741,
network_damage,scientific_graph_inputs.state_damage_tables,storm,rp100,,eau_eu,,direct_damage_eur,eur,Eau EU,14534384.17,17151141.54,16091233.84,2616757.369999999,18.00390948383745,1556849.67,10.711493874046953,-1059907.6999999993,-6.179808484047991,
network_damage,scientific_graph_inputs.state_damage_tables,storm,rp100,,eau_eu,,dysfunction_eur,eur,Eau EU,0.0,0.0,0.0,0.0,,0.0,,0.0,,
network_damage,scientific_graph_inputs.state_damage_tables,storm,rp100,,eau_eu,,exposure_eur,eur,Eau EU,784628997.21,784628997.21,784628997.21,0.0,0.0,0.0,0.0,0.0,0.0,
network_damage,scientific_graph_inputs.state_damage_tables,storm,rp100,,eau_eu,,indirect_damage_eur,eur,Eau EU,77732541.34,111996150.39,116241676.53,34263609.05,44.07884839392027,38509135.19,49.540558595096094,4245526.140000001,3.7907786341012293,
network_damage,scientific_graph_inputs.state_damage_tables,storm,rp100,,eau_eu,,total_damage_eur,eur,Eau EU,92266925.51,129147291.93,132332910.37,36880366.42,39.97138326236183,40065984.86,43.42399471808302,3185618.4399999976,2.466655237127741,
network_damage,scientific_graph_inputs.state_damage_tables,storm,rp100,,elec_bt_aerien,,blocking_ouvrage_eur,eur,Elec BT aerien,0.0,0.0,0.0,0.0,,0.0,,0.0,,
network_damage,scientific_graph_inputs.state_damage_tables,storm,rp100,,elec_bt_aerien,,damage_eur,eur,Elec BT aerien,54868092.36,45506583.63,49479288.62,-9361508.729999997,-17.06184473952066,-5388803.740000002,-9.821379800564296,3972704.9899999946,8.729956575736015,
network_damage,scientific_graph_inputs.state_damage_tables,storm,rp100,,elec_bt_aerien,,direct_damage_eur,eur,Elec BT aerien,54868092.36,45506583.63,49479288.62,-9361508.729999997,-17.06184473952066,-5388803.740000002,-9.821379800564296,3972704.9899999946,8.729956575736015,
network_damage,scientific_graph_inputs.state_damage_tables,storm,rp100,,elec_bt_aerien,,dysfunction_eur,eur,Elec BT aerien,0.0,0.0,0.0,0.0,,0.0,,0.0,,
network_damage,scientific_graph_inputs.state_damage_tables,storm,rp100,,elec_bt_aerien,,exposure_eur,eur,Elec BT aerien,520332523.27,520332523.27,520332523.27,0.0,0.0,0.0,0.0,0.0,0.0,
network_damage,scientific_graph_inputs.state_damage_tables,storm,rp100,,elec_bt_aerien,,indirect_damage_eur,eur,Elec BT aerien,0.0,0.0,0.0,0.0,,0.0,,0.0,,
network_damage,scientific_graph_inputs.state_damage_tables,storm,rp100,,elec_bt_aerien,,total_damage_eur,eur,Elec BT aerien,54868092.36,45506583.63,49479288.62,-9361508.729999997,-17.06184473952066,-5388803.740000002,-9.821379800564296,3972704.9899999946,8.729956575736015,
network_damage,scientific_graph_inputs.state_damage_tables,storm,rp100,,elec_bt_souterrain,,blocking_ouvrage_eur,eur,Elec BT souterrain,0.0,0.0,0.0,0.0,,0.0,,0.0,,
network_damage,scientific_graph_inputs.state_damage_tables,storm,rp100,,elec_bt_souterrain,,damage_eur,eur,Elec BT souterrain,0.0,0.0,0.0,0.0,,0.0,,0.0,,
network_damage,scientific_graph_inputs.state_damage_tables,storm,rp100,,elec_bt_souterrain,,direct_damage_eur,eur,Elec BT souterrain,0.0,0.0,0.0,0.0,,0.0,,0.0,,
network_damage,scientific_graph_inputs.state_damage_tables,storm,rp100,,elec_bt_souterrain,,dysfunction_eur,eur,Elec BT souterrain,0.0,0.0,0.0,0.0,,0.0,,0.0,,
network_damage,scientific_graph_inputs.state_damage_tables,storm,rp100,,elec_bt_souterrain,,exposure_eur,eur,Elec BT souterrain,1693329219.48,1693329219.48,1693329219.48,0.0,0.0,0.0,0.0,0.0,0.0,
network_damage,scientific_graph_inputs.state_damage_tables,storm,rp100,,elec_bt_souterrain,,indirect_damage_eur,eur,Elec BT souterrain,0.0,0.0,0.0,0.0,,0.0,,0.0,,
network_damage,scientific_graph_inputs.state_damage_tables,storm,rp100,,elec_bt_souterrain,,total_damage_eur,eur,Elec BT souterrain,0.0,0.0,0.0,0.0,,0.0,,0.0,,
network_damage,scientific_graph_inputs.state_damage_tables,storm,rp100,,elec_hta_aerien,,blocking_ouvrage_eur,eur,Elec HTA aerien,0.0,0.0,0.0,0.0,,0.0,,0.0,,
network_damage,scientific_graph_inputs.state_damage_tables,storm,rp100,,elec_hta_aerien,,damage_eur,eur,Elec HTA aerien,1570091.26,1277678.77,1426507.39,-292412.49,-18.623916803409248,-143583.8700000001,-9.14493785539575,148828.61999999988,11.64835978295232,
network_damage,scientific_graph_inputs.state_damage_tables,storm,rp100,,elec_hta_aerien,,direct_damage_eur,eur,Elec HTA aerien,1570091.26,1277678.77,1426507.39,-292412.49,-18.623916803409248,-143583.8700000001,-9.14493785539575,148828.61999999988,11.64835978295232,
network_damage,scientific_graph_inputs.state_damage_tables,storm,rp100,,elec_hta_aerien,,dysfunction_eur,eur,Elec HTA aerien,0.0,0.0,0.0,0.0,,0.0,,0.0,,
network_damage,scientific_graph_inputs.state_damage_tables,storm,rp100,,elec_hta_aerien,,exposure_eur,eur,Elec HTA aerien,131071042.1,131071042.1,131071042.1,0.0,0.0,0.0,0.0,0.0,0.0,
network_damage,scientific_graph_inputs.state_damage_tables,storm,rp100,,elec_hta_aerien,,indirect_damage_eur,eur,Elec HTA aerien,0.0,0.0,0.0,0.0,,0.0,,0.0,,
network_damage,scientific_graph_inputs.state_damage_tables,storm,rp100,,elec_hta_aerien,,total_damage_eur,eur,Elec HTA aerien,1570091.26,1277678.77,1426507.39,-292412.49,-18.623916803409248,-143583.8700000001,-9.14493785539575,148828.61999999988,11.64835978295232,
network_damage,scientific_graph_inputs.state_damage_tables,storm,rp100,,elec_hta_souterrain,,blocking_ouvrage_eur,eur,Elec HTA souterrain,0.0,0.0,0.0,0.0,,0.0,,0.0,,
network_damage,scientific_graph_inputs.state_damage_tables,storm,rp100,,elec_hta_souterrain,,damage_eur,eur,Elec HTA souterrain,0.0,0.0,0.0,0.0,,0.0,,0.0,,
network_damage,scientific_graph_inputs.state_damage_tables,storm,rp100,,elec_hta_souterrain,,direct_damage_eur,eur,Elec HTA souterrain,0.0,0.0,0.0,0.0,,0.0,,0.0,,
network_damage,scientific_graph_inputs.state_damage_tables,storm,rp100,,elec_hta_souterrain,,dysfunction_eur,eur,Elec HTA souterrain,0.0,0.0,0.0,0.0,,0.0,,0.0,,
network_damage,scientific_graph_inputs.state_damage_tables,storm,rp100,,elec_hta_souterrain,,exposure_eur,eur,Elec HTA souterrain,3517855026.32,3517855026.32,3517855026.32,0.0,0.0,0.0,0.0,0.0,0.0,
network_damage,scientific_graph_inputs.state_damage_tables,storm,rp100,,elec_hta_souterrain,,indirect_damage_eur,eur,Elec HTA souterrain,0.0,0.0,0.0,0.0,,0.0,,0.0,,
network_damage,scientific_graph_inputs.state_damage_tables,storm,rp100,,elec_hta_souterrain,,total_damage_eur,eur,Elec HTA souterrain,0.0,0.0,0.0,0.0,,0.0,,0.0,,
network_damage,scientific_graph_inputs.state_damage_tables,storm,rp1000,,eau_aep,,blocking_ouvrage_eur,eur,Eau AEP,416452899.91,412043510.8,413493990.64,-4409389.110000014,-1.0587965916320743,-2958909.2700000405,-0.7105027412798645,1450479.8399999738,0.35202103709479743,
network_damage,scientific_graph_inputs.state_damage_tables,storm,rp1000,,eau_aep,,damage_eur,eur,Eau AEP,468597975.72,474398869.2,468862680.21,5800893.4799999595,1.2379254244722027,264704.48999994993,0.05648861149970439,-5536188.99000001,-1.1669903428176236,
network_damage,scientific_graph_inputs.state_damage_tables,storm,rp1000,,eau_aep,,direct_damage_eur,eur,Eau AEP,52145075.81,62355358.41,55368689.57,10210282.599999994,19.58053074311945,3223613.759999998,6.182009921216371,-6986668.839999996,-11.204600563853926,
network_damage,scientific_graph_inputs.state_damage_tables,storm,rp1000,,eau_aep,,dysfunction_eur,eur,Eau AEP,0.0,0.0,0.0,0.0,,0.0,,0.0,,
network_damage,scientific_graph_inputs.state_damage_tables,storm,rp1000,,eau_aep,,exposure_eur,eur,Eau AEP,2466350827.1,2466350827.1,2466350827.1,0.0,0.0,0.0,0.0,0.0,0.0,
network_damage,scientific_graph_inputs.state_damage_tables,storm,rp1000,,eau_aep,,indirect_damage_eur,eur,Eau AEP,416452899.91,412043510.8,413493990.64,-4409389.110000014,-1.0587965916320743,-2958909.2700000405,-0.7105027412798645,1450479.8399999738,0.35202103709479743,
network_damage,scientific_graph_inputs.state_damage_tables,storm,rp1000,,eau_aep,,total_damage_eur,eur,Eau AEP,468597975.72,474398869.2,468862680.21,5800893.4799999595,1.2379254244722027,264704.48999994993,0.05648861149970439,-5536188.99000001,-1.1669903428176236,
network_damage,scientific_graph_inputs.state_damage_tables,storm,rp1000,,eau_eu,,blocking_ouvrage_eur,eur,Eau EU,141662306.87,142054979.86,142582620.94,392672.99000000954,0.27718946463321104,920314.0699999928,0.64965345428445,527641.0799999833,0.3714344125915131,
network_damage,scientific_graph_inputs.state_damage_tables,storm,rp1000,,eau_eu,,damage_eur,eur,Eau EU,158248764.22,163890239.83,162112064.7,5641475.610000014,3.5649413363867684,3863300.4799999893,2.4412831904514376,-1778175.130000025,-1.0849792713980342,
network_damage,scientific_graph_inputs.state_damage_tables,storm,rp1000,,eau_eu,,direct_damage_eur,eur,Eau EU,16586457.35,21835259.97,19529443.75,5248802.619999999,31.645109677383875,2942986.4000000004,17.743309122004888,-2305816.219999999,-10.560058470419023,
network_damage,scientific_graph_inputs.state_damage_tables,storm,rp1000,,eau_eu,,dysfunction_eur,eur,Eau EU,0.0,0.0,0.0,0.0,,0.0,,0.0,,
network_damage,scientific_graph_inputs.state_damage_tables,storm,rp1000,,eau_eu,,exposure_eur,eur,Eau EU,784628997.21,784628997.21,784628997.21,0.0,0.0,0.0,0.0,0.0,0.0,
network_damage,scientific_graph_inputs.state_damage_tables,storm,rp1000,,eau_eu,,indirect_damage_eur,eur,Eau EU,141662306.87,142054979.86,142582620.94,392672.99000000954,0.27718946463321104,920314.0699999928,0.64965345428445,527641.0799999833,0.3714344125915131,
network_damage,scientific_graph_inputs.state_damage_tables,storm,rp1000,,eau_eu,,total_damage_eur,eur,Eau EU,158248764.22,163890239.83,162112064.7,5641475.610000014,3.5649413363867684,3863300.4799999893,2.4412831904514376,-1778175.130000025,-1.0849792713980342,
network_damage,scientific_graph_inputs.state_damage_tables,storm,rp1000,,elec_bt_aerien,,blocking_ouvrage_eur,eur,Elec BT aerien,0.0,0.0,0.0,0.0,,0.0,,0.0,,
network_damage,scientific_graph_inputs.state_damage_tables,storm,rp1000,,elec_bt_aerien,,damage_eur,eur,Elec BT aerien,62614780.46,57934807.53,60051515.84,-4679972.93,-7.474230358421032,-2563264.6199999973,-4.093705353862063,2116708.3100000024,3.6536037664471763,
network_damage,scientific_graph_inputs.state_damage_tables,storm,rp1000,,elec_bt_aerien,,direct_damage_eur,eur,Elec BT aerien,62614780.46,57934807.53,60051515.84,-4679972.93,-7.474230358421032,-2563264.6199999973,-4.093705353862063,2116708.3100000024,3.6536037664471763,
network_damage,scientific_graph_inputs.state_damage_tables,storm,rp1000,,elec_bt_aerien,,dysfunction_eur,eur,Elec BT aerien,0.0,0.0,0.0,0.0,,0.0,,0.0,,
network_damage,scientific_graph_inputs.state_damage_tables,storm,rp1000,,elec_bt_aerien,,exposure_eur,eur,Elec BT aerien,520332523.27,520332523.27,520332523.27,0.0,0.0,0.0,0.0,0.0,0.0,
network_damage,scientific_graph_inputs.state_damage_tables,storm,rp1000,,elec_bt_aerien,,indirect_damage_eur,eur,Elec BT aerien,0.0,0.0,0.0,0.0,,0.0,,0.0,,
network_damage,scientific_graph_inputs.state_damage_tables,storm,rp1000,,elec_bt_aerien,,total_damage_eur,eur,Elec BT aerien,62614780.46,57934807.53,60051515.84,-4679972.93,-7.474230358421032,-2563264.6199999973,-4.093705353862063,2116708.3100000024,3.6536037664471763,
network_damage,scientific_graph_inputs.state_damage_tables,storm,rp1000,,elec_bt_souterrain,,blocking_ouvrage_eur,eur,Elec BT souterrain,0.0,0.0,0.0,0.0,,0.0,,0.0,,
network_damage,scientific_graph_inputs.state_damage_tables,storm,rp1000,,elec_bt_souterrain,,damage_eur,eur,Elec BT souterrain,0.0,0.0,0.0,0.0,,0.0,,0.0,,
network_damage,scientific_graph_inputs.state_damage_tables,storm,rp1000,,elec_bt_souterrain,,direct_damage_eur,eur,Elec BT souterrain,0.0,0.0,0.0,0.0,,0.0,,0.0,,
network_damage,scientific_graph_inputs.state_damage_tables,storm,rp1000,,elec_bt_souterrain,,dysfunction_eur,eur,Elec BT souterrain,0.0,0.0,0.0,0.0,,0.0,,0.0,,
network_damage,scientific_graph_inputs.state_damage_tables,storm,rp1000,,elec_bt_souterrain,,exposure_eur,eur,Elec BT souterrain,1693329219.48,1693329219.48,1693329219.48,0.0,0.0,0.0,0.0,0.0,0.0,
network_damage,scientific_graph_inputs.state_damage_tables,storm,rp1000,,elec_bt_souterrain,,indirect_damage_eur,eur,Elec BT souterrain,0.0,0.0,0.0,0.0,,0.0,,0.0,,
network_damage,scientific_graph_inputs.state_damage_tables,storm,rp1000,,elec_bt_souterrain,,total_damage_eur,eur,Elec BT souterrain,0.0,0.0,0.0,0.0,,0.0,,0.0,,
network_damage,scientific_graph_inputs.state_damage_tables,storm,rp1000,,elec_hta_aerien,,blocking_ouvrage_eur,eur,Elec HTA aerien,0.0,0.0,0.0,0.0,,0.0,,0.0,,
network_damage,scientific_graph_inputs.state_damage_tables,storm,rp1000,,elec_hta_aerien,,damage_eur,eur,Elec HTA aerien,1791768.5,1626623.39,1731308.87,-165145.1100000001,-9.216877626769312,-60459.62999999989,-3.3742991909948126,104685.48000000021,6.43575400695549,
network_damage,scientific_graph_inputs.state_damage_tables,storm,rp1000,,elec_hta_aerien,,direct_damage_eur,eur,Elec HTA aerien,1791768.5,1626623.39,1731308.87,-165145.1100000001,-9.216877626769312,-60459.62999999989,-3.3742991909948126,104685.48000000021,6.43575400695549,
network_damage,scientific_graph_inputs.state_damage_tables,storm,rp1000,,elec_hta_aerien,,dysfunction_eur,eur,Elec HTA aerien,0.0,0.0,0.0,0.0,,0.0,,0.0,,
network_damage,scientific_graph_inputs.state_damage_tables,storm,rp1000,,elec_hta_aerien,,exposure_eur,eur,Elec HTA aerien,131071042.1,131071042.1,131071042.1,0.0,0.0,0.0,0.0,0.0,0.0,
network_damage,scientific_graph_inputs.state_damage_tables,storm,rp1000,,elec_hta_aerien,,indirect_damage_eur,eur,Elec HTA aerien,0.0,0.0,0.0,0.0,,0.0,,0.0,,
network_damage,scientific_graph_inputs.state_damage_tables,storm,rp1000,,elec_hta_aerien,,total_damage_eur,eur,Elec HTA aerien,1791768.5,1626623.39,1731308.87,-165145.1100000001,-9.216877626769312,-60459.62999999989,-3.3742991909948126,104685.48000000021,6.43575400695549,
network_damage,scientific_graph_inputs.state_damage_tables,storm,rp1000,,elec_hta_souterrain,,blocking_ouvrage_eur,eur,Elec HTA souterrain,0.0,0.0,0.0,0.0,,0.0,,0.0,,
network_damage,scientific_graph_inputs.state_damage_tables,storm,rp1000,,elec_hta_souterrain,,damage_eur,eur,Elec HTA souterrain,0.0,0.0,0.0,0.0,,0.0,,0.0,,
network_damage,scientific_graph_inputs.state_damage_tables,storm,rp1000,,elec_hta_souterrain,,direct_damage_eur,eur,Elec HTA souterrain,0.0,0.0,0.0,0.0,,0.0,,0.0,,
network_damage,scientific_graph_inputs.state_damage_tables,storm,rp1000,,elec_hta_souterrain,,dysfunction_eur,eur,Elec HTA souterrain,0.0,0.0,0.0,0.0,,0.0,,0.0,,
network_damage,scientific_graph_inputs.state_damage_tables,storm,rp1000,,elec_hta_souterrain,,exposure_eur,eur,Elec HTA souterrain,3517855026.32,3517855026.32,3517855026.32,0.0,0.0,0.0,0.0,0.0,0.0,
network_damage,scientific_graph_inputs.state_damage_tables,storm,rp1000,,elec_hta_souterrain,,indirect_damage_eur,eur,Elec HTA souterrain,0.0,0.0,0.0,0.0,,0.0,,0.0,,
network_damage,scientific_graph_inputs.state_damage_tables,storm,rp1000,,elec_hta_souterrain,,total_damage_eur,eur,Elec HTA souterrain,0.0,0.0,0.0,0.0,,0.0,,0.0,,
network_damage,scientific_graph_inputs.state_damage_tables,storm,rp50,,eau_aep,,blocking_ouvrage_eur,eur,Eau AEP,200082287.55,186151635.87,188860049.95,-13930651.680000007,-6.962461220620929,-11222237.600000024,-5.608811123371236,2708414.0799999833,1.4549504587171176,
network_damage,scientific_graph_inputs.state_damage_tables,storm,rp50,,eau_aep,,damage_eur,eur,Eau AEP,231086201.87,220330667.54,220271423.99,-10755534.330000013,-4.654338616050582,-10814777.879999995,-4.679975607580397,-59243.54999998212,-0.02688847206856791,
network_damage,scientific_graph_inputs.state_damage_tables,storm,rp50,,eau_aep,,direct_damage_eur,eur,Eau AEP,31003914.31,34179031.67,31411374.03,3175117.360000003,10.241020950622035,407459.72000000253,1.314220249501143,-2767657.6400000006,-8.097530868404501,
network_damage,scientific_graph_inputs.state_damage_tables,storm,rp50,,eau_aep,,dysfunction_eur,eur,Eau AEP,0.0,0.0,0.0,0.0,,0.0,,0.0,,
network_damage,scientific_graph_inputs.state_damage_tables,storm,rp50,,eau_aep,,exposure_eur,eur,Eau AEP,2466350827.1,2466350827.1,2466350827.1,0.0,0.0,0.0,0.0,0.0,0.0,
network_damage,scientific_graph_inputs.state_damage_tables,storm,rp50,,eau_aep,,indirect_damage_eur,eur,Eau AEP,200082287.55,186151635.87,188860049.95,-13930651.680000007,-6.962461220620929,-11222237.600000024,-5.608811123371236,2708414.0799999833,1.4549504587171176,
network_damage,scientific_graph_inputs.state_damage_tables,storm,rp50,,eau_aep,,total_damage_eur,eur,Eau AEP,231086201.87,220330667.54,220271423.99,-10755534.330000013,-4.654338616050582,-10814777.879999995,-4.679975607580397,-59243.54999998212,-0.02688847206856791,
network_damage,scientific_graph_inputs.state_damage_tables,storm,rp50,,eau_eu,,blocking_ouvrage_eur,eur,Eau EU,71047487.01,101558346.61,103551337.13,30510859.599999994,42.94431919274718,32503850.11999999,45.749471920695854,1992990.5199999958,1.9624093799531734,
network_damage,scientific_graph_inputs.state_damage_tables,storm,rp50,,eau_eu,,damage_eur,eur,Eau EU,80909302.24,113526973.86,114630643.27,32617671.620000005,40.31387086153174,33721341.03,41.67795308625072,1103669.4099999964,0.9721649159441413,
network_damage,scientific_graph_inputs.state_damage_tables,storm,rp50,,eau_eu,,direct_damage_eur,eur,Eau EU,9861815.23,11968627.25,11079306.14,2106812.0199999996,21.363328868614378,1217490.9100000001,12.34550517937457,-889321.1099999994,-7.4304353492168405,
network_damage,scientific_graph_inputs.state_damage_tables,storm,rp50,,eau_eu,,dysfunction_eur,eur,Eau EU,0.0,0.0,0.0,0.0,,0.0,,0.0,,
network_damage,scientific_graph_inputs.state_damage_tables,storm,rp50,,eau_eu,,exposure_eur,eur,Eau EU,784628997.21,784628997.21,784628997.21,0.0,0.0,0.0,0.0,0.0,0.0,
network_damage,scientific_graph_inputs.state_damage_tables,storm,rp50,,eau_eu,,indirect_damage_eur,eur,Eau EU,71047487.01,101558346.61,103551337.13,30510859.599999994,42.94431919274718,32503850.11999999,45.749471920695854,1992990.5199999958,1.9624093799531734,
network_damage,scientific_graph_inputs.state_damage_tables,storm,rp50,,eau_eu,,total_damage_eur,eur,Eau EU,80909302.24,113526973.86,114630643.27,32617671.620000005,40.31387086153174,33721341.03,41.67795308625072,1103669.4099999964,0.9721649159441413,
network_damage,scientific_graph_inputs.state_damage_tables,storm,rp50,,elec_bt_aerien,,blocking_ouvrage_eur,eur,Elec BT aerien,0.0,0.0,0.0,0.0,,0.0,,0.0,,
network_damage,scientific_graph_inputs.state_damage_tables,storm,rp50,,elec_bt_aerien,,damage_eur,eur,Elec BT aerien,37228889.94,31755981.72,34068001.97,-5472908.219999999,-14.700702139710373,-3160887.969999999,-8.490416918404629,2312020.25,7.2805818770952495,
network_damage,scientific_graph_inputs.state_damage_tables,storm,rp50,,elec_bt_aerien,,direct_damage_eur,eur,Elec BT aerien,37228889.94,31755981.72,34068001.97,-5472908.219999999,-14.700702139710373,-3160887.969999999,-8.490416918404629,2312020.25,7.2805818770952495,
network_damage,scientific_graph_inputs.state_damage_tables,storm,rp50,,elec_bt_aerien,,dysfunction_eur,eur,Elec BT aerien,0.0,0.0,0.0,0.0,,0.0,,0.0,,
network_damage,scientific_graph_inputs.state_damage_tables,storm,rp50,,elec_bt_aerien,,exposure_eur,eur,Elec BT aerien,520332523.27,520332523.27,520332523.27,0.0,0.0,0.0,0.0,0.0,0.0,
network_damage,scientific_graph_inputs.state_damage_tables,storm,rp50,,elec_bt_aerien,,indirect_damage_eur,eur,Elec BT aerien,0.0,0.0,0.0,0.0,,0.0,,0.0,,
network_damage,scientific_graph_inputs.state_damage_tables,storm,rp50,,elec_bt_aerien,,total_damage_eur,eur,Elec BT aerien,37228889.94,31755981.72,34068001.97,-5472908.219999999,-14.700702139710373,-3160887.969999999,-8.490416918404629,2312020.25,7.2805818770952495,
network_damage,scientific_graph_inputs.state_damage_tables,storm,rp50,,elec_bt_souterrain,,blocking_ouvrage_eur,eur,Elec BT souterrain,0.0,0.0,0.0,0.0,,0.0,,0.0,,
network_damage,scientific_graph_inputs.state_damage_tables,storm,rp50,,elec_bt_souterrain,,damage_eur,eur,Elec BT souterrain,0.0,0.0,0.0,0.0,,0.0,,0.0,,
network_damage,scientific_graph_inputs.state_damage_tables,storm,rp50,,elec_bt_souterrain,,direct_damage_eur,eur,Elec BT souterrain,0.0,0.0,0.0,0.0,,0.0,,0.0,,
network_damage,scientific_graph_inputs.state_damage_tables,storm,rp50,,elec_bt_souterrain,,dysfunction_eur,eur,Elec BT souterrain,0.0,0.0,0.0,0.0,,0.0,,0.0,,
network_damage,scientific_graph_inputs.state_damage_tables,storm,rp50,,elec_bt_souterrain,,exposure_eur,eur,Elec BT souterrain,1693329219.48,1693329219.48,1693329219.48,0.0,0.0,0.0,0.0,0.0,0.0,
network_damage,scientific_graph_inputs.state_damage_tables,storm,rp50,,elec_bt_souterrain,,indirect_damage_eur,eur,Elec BT souterrain,0.0,0.0,0.0,0.0,,0.0,,0.0,,
network_damage,scientific_graph_inputs.state_damage_tables,storm,rp50,,elec_bt_souterrain,,total_damage_eur,eur,Elec BT souterrain,0.0,0.0,0.0,0.0,,0.0,,0.0,,
network_damage,scientific_graph_inputs.state_damage_tables,storm,rp50,,elec_hta_aerien,,blocking_ouvrage_eur,eur,Elec HTA aerien,0.0,0.0,0.0,0.0,,0.0,,0.0,,
network_damage,scientific_graph_inputs.state_damage_tables,storm,rp50,,elec_hta_aerien,,damage_eur,eur,Elec HTA aerien,1065332.37,891606.01,982193.92,-173726.3600000001,-16.307245033772897,-83138.45000000007,-7.803991725136453,90587.91000000003,10.160082927211317,
network_damage,scientific_graph_inputs.state_damage_tables,storm,rp50,,elec_hta_aerien,,direct_damage_eur,eur,Elec HTA aerien,1065332.37,891606.01,982193.92,-173726.3600000001,-16.307245033772897,-83138.45000000007,-7.803991725136453,90587.91000000003,10.160082927211317,
network_damage,scientific_graph_inputs.state_damage_tables,storm,rp50,,elec_hta_aerien,,dysfunction_eur,eur,Elec HTA aerien,0.0,0.0,0.0,0.0,,0.0,,0.0,,
network_damage,scientific_graph_inputs.state_damage_tables,storm,rp50,,elec_hta_aerien,,exposure_eur,eur,Elec HTA aerien,131071042.1,131071042.1,131071042.1,0.0,0.0,0.0,0.0,0.0,0.0,
network_damage,scientific_graph_inputs.state_damage_tables,storm,rp50,,elec_hta_aerien,,indirect_damage_eur,eur,Elec HTA aerien,0.0,0.0,0.0,0.0,,0.0,,0.0,,
network_damage,scientific_graph_inputs.state_damage_tables,storm,rp50,,elec_hta_aerien,,total_damage_eur,eur,Elec HTA aerien,1065332.37,891606.01,982193.92,-173726.3600000001,-16.307245033772897,-83138.45000000007,-7.803991725136453,90587.91000000003,10.160082927211317,
network_damage,scientific_graph_inputs.state_damage_tables,storm,rp50,,elec_hta_souterrain,,blocking_ouvrage_eur,eur,Elec HTA souterrain,0.0,0.0,0.0,0.0,,0.0,,0.0,,
network_damage,scientific_graph_inputs.state_damage_tables,storm,rp50,,elec_hta_souterrain,,damage_eur,eur,Elec HTA souterrain,0.0,0.0,0.0,0.0,,0.0,,0.0,,
network_damage,scientific_graph_inputs.state_damage_tables,storm,rp50,,elec_hta_souterrain,,direct_damage_eur,eur,Elec HTA souterrain,0.0,0.0,0.0,0.0,,0.0,,0.0,,
network_damage,scientific_graph_inputs.state_damage_tables,storm,rp50,,elec_hta_souterrain,,dysfunction_eur,eur,Elec HTA souterrain,0.0,0.0,0.0,0.0,,0.0,,0.0,,
network_damage,scientific_graph_inputs.state_damage_tables,storm,rp50,,elec_hta_souterrain,,exposure_eur,eur,Elec HTA souterrain,3517855026.32,3517855026.32,3517855026.32,0.0,0.0,0.0,0.0,0.0,0.0,
network_damage,scientific_graph_inputs.state_damage_tables,storm,rp50,,elec_hta_souterrain,,indirect_damage_eur,eur,Elec HTA souterrain,0.0,0.0,0.0,0.0,,0.0,,0.0,,
network_damage,scientific_graph_inputs.state_damage_tables,storm,rp50,,elec_hta_souterrain,,total_damage_eur,eur,Elec HTA souterrain,0.0,0.0,0.0,0.0,,0.0,,0.0,,
network_damage,scientific_graph_inputs.state_damage_tables,storm_cmcc,rp10,,eau_aep,,blocking_ouvrage_eur,eur,Eau AEP,66971280.57,58870820.78,58815626.68,-8100459.789999999,-12.09542317401741,-8155653.890000001,-12.177837754611119,-55194.10000000149,-0.09375459568715985,
network_damage,scientific_graph_inputs.state_damage_tables,storm_cmcc,rp10,,eau_aep,,damage_eur,eur,Eau AEP,76683987.79,69033774.4,67922660.49,-7650213.390000001,-9.976285285202172,-8761327.300000012,-11.425236939937198,-1111113.9100000113,-1.6095221790451766,
network_damage,scientific_graph_inputs.state_damage_tables,storm_cmcc,rp10,,eau_aep,,direct_damage_eur,eur,Eau AEP,9712707.23,10162953.61,9107033.82,450246.37999999896,4.635642456197035,-605673.4100000001,-6.235886613870479,-1055919.789999999,-10.389890877402118,
network_damage,scientific_graph_inputs.state_damage_tables,storm_cmcc,rp10,,eau_aep,,dysfunction_eur,eur,Eau AEP,0.0,0.0,0.0,0.0,,0.0,,0.0,,
network_damage,scientific_graph_inputs.state_damage_tables,storm_cmcc,rp10,,eau_aep,,exposure_eur,eur,Eau AEP,2466350827.1,2466350827.1,2466350827.1,0.0,0.0,0.0,0.0,0.0,0.0,
network_damage,scientific_graph_inputs.state_damage_tables,storm_cmcc,rp10,,eau_aep,,indirect_damage_eur,eur,Eau AEP,66971280.57,58870820.78,58815626.68,-8100459.789999999,-12.09542317401741,-8155653.890000001,-12.177837754611119,-55194.10000000149,-0.09375459568715985,
network_damage,scientific_graph_inputs.state_damage_tables,storm_cmcc,rp10,,eau_aep,,total_damage_eur,eur,Eau AEP,76683987.79,69033774.4,67922660.49,-7650213.390000001,-9.976285285202172,-8761327.300000012,-11.425236939937198,-1111113.9100000113,-1.6095221790451766,
network_damage,scientific_graph_inputs.state_damage_tables,storm_cmcc,rp10,,eau_eu,,blocking_ouvrage_eur,eur,Eau EU,23779870.05,45615419.3,45253120.59,21835549.249999996,91.82366936441689,21473250.540000003,90.30011726241541,-362298.70999999344,-0.7942461464998382,
network_damage,scientific_graph_inputs.state_damage_tables,storm_cmcc,rp10,,eau_eu,,damage_eur,eur,Eau EU,26869975.25,49172506.49,48464163.46,22302531.240000002,83.00168136552341,21594188.21,80.36549348887101,-708343.0300000012,-1.4405265880519103,
network_damage,scientific_graph_inputs.state_damage_tables,storm_cmcc,rp10,,eau_eu,,direct_damage_eur,eur,Eau EU,3090105.19,3557087.19,3211042.87,466982.0,15.112171634519667,120937.68000000017,3.9137075459881085,-346044.31999999983,-9.728305816422786,
network_damage,scientific_graph_inputs.state_damage_tables,storm_cmcc,rp10,,eau_eu,,dysfunction_eur,eur,Eau EU,0.0,0.0,0.0,0.0,,0.0,,0.0,,
network_damage,scientific_graph_inputs.state_damage_tables,storm_cmcc,rp10,,eau_eu,,exposure_eur,eur,Eau EU,784628997.21,784628997.21,784628997.21,0.0,0.0,0.0,0.0,0.0,0.0,
network_damage,scientific_graph_inputs.state_damage_tables,storm_cmcc,rp10,,eau_eu,,indirect_damage_eur,eur,Eau EU,23779870.05,45615419.3,45253120.59,21835549.249999996,91.82366936441689,21473250.540000003,90.30011726241541,-362298.70999999344,-0.7942461464998382,
network_damage,scientific_graph_inputs.state_damage_tables,storm_cmcc,rp10,,eau_eu,,total_damage_eur,eur,Eau EU,26869975.25,49172506.49,48464163.46,22302531.240000002,83.00168136552341,21594188.21,80.36549348887101,-708343.0300000012,-1.4405265880519103,
network_damage,scientific_graph_inputs.state_damage_tables,storm_cmcc,rp10,,elec_bt_aerien,,blocking_ouvrage_eur,eur,Elec BT aerien,0.0,0.0,0.0,0.0,,0.0,,0.0,,
network_damage,scientific_graph_inputs.state_damage_tables,storm_cmcc,rp10,,elec_bt_aerien,,damage_eur,eur,Elec BT aerien,11172049.65,9427131.4,9424953.78,-1744918.25,-15.618604505575215,-1747095.870000001,-15.63809618407846,-2177.620000001043,-0.02309949769026284,
network_damage,scientific_graph_inputs.state_damage_tables,storm_cmcc,rp10,,elec_bt_aerien,,direct_damage_eur,eur,Elec BT aerien,11172049.65,9427131.4,9424953.78,-1744918.25,-15.618604505575215,-1747095.870000001,-15.63809618407846,-2177.620000001043,-0.02309949769026284,
network_damage,scientific_graph_inputs.state_damage_tables,storm_cmcc,rp10,,elec_bt_aerien,,dysfunction_eur,eur,Elec BT aerien,0.0,0.0,0.0,0.0,,0.0,,0.0,,
network_damage,scientific_graph_inputs.state_damage_tables,storm_cmcc,rp10,,elec_bt_aerien,,exposure_eur,eur,Elec BT aerien,520332523.27,520332523.27,520332523.27,0.0,0.0,0.0,0.0,0.0,0.0,
network_damage,scientific_graph_inputs.state_damage_tables,storm_cmcc,rp10,,elec_bt_aerien,,indirect_damage_eur,eur,Elec BT aerien,0.0,0.0,0.0,0.0,,0.0,,0.0,,
network_damage,scientific_graph_inputs.state_damage_tables,storm_cmcc,rp10,,elec_bt_aerien,,total_damage_eur,eur,Elec BT aerien,11172049.65,9427131.4,9424953.78,-1744918.25,-15.618604505575215,-1747095.870000001,-15.63809618407846,-2177.620000001043,-0.02309949769026284,
network_damage,scientific_graph_inputs.state_damage_tables,storm_cmcc,rp10,,elec_bt_souterrain,,blocking_ouvrage_eur,eur,Elec BT souterrain,0.0,0.0,0.0,0.0,,0.0,,0.0,,
network_damage,scientific_graph_inputs.state_damage_tables,storm_cmcc,rp10,,elec_bt_souterrain,,damage_eur,eur,Elec BT souterrain,0.0,0.0,0.0,0.0,,0.0,,0.0,,
network_damage,scientific_graph_inputs.state_damage_tables,storm_cmcc,rp10,,elec_bt_souterrain,,direct_damage_eur,eur,Elec BT souterrain,0.0,0.0,0.0,0.0,,0.0,,0.0,,
network_damage,scientific_graph_inputs.state_damage_tables,storm_cmcc,rp10,,elec_bt_souterrain,,dysfunction_eur,eur,Elec BT souterrain,0.0,0.0,0.0,0.0,,0.0,,0.0,,
network_damage,scientific_graph_inputs.state_damage_tables,storm_cmcc,rp10,,elec_bt_souterrain,,exposure_eur,eur,Elec BT souterrain,1693329219.48,1693329219.48,1693329219.48,0.0,0.0,0.0,0.0,0.0,0.0,
network_damage,scientific_graph_inputs.state_damage_tables,storm_cmcc,rp10,,elec_bt_souterrain,,indirect_damage_eur,eur,Elec BT souterrain,0.0,0.0,0.0,0.0,,0.0,,0.0,,
network_damage,scientific_graph_inputs.state_damage_tables,storm_cmcc,rp10,,elec_bt_souterrain,,total_damage_eur,eur,Elec BT souterrain,0.0,0.0,0.0,0.0,,0.0,,0.0,,
network_damage,scientific_graph_inputs.state_damage_tables,storm_cmcc,rp10,,elec_hta_aerien,,blocking_ouvrage_eur,eur,Elec HTA aerien,0.0,0.0,0.0,0.0,,0.0,,0.0,,
network_damage,scientific_graph_inputs.state_damage_tables,storm_cmcc,rp10,,elec_hta_aerien,,damage_eur,eur,Elec HTA aerien,346718.96,292089.31,295435.97,-54629.65000000002,-15.756176126047453,-51282.99000000005,-14.790939036042344,3346.6599999999744,1.145765998762493,
network_damage,scientific_graph_inputs.state_damage_tables,storm_cmcc,rp10,,elec_hta_aerien,,direct_damage_eur,eur,Elec HTA aerien,346718.96,292089.31,295435.97,-54629.65000000002,-15.756176126047453,-51282.99000000005,-14.790939036042344,3346.6599999999744,1.145765998762493,
network_damage,scientific_graph_inputs.state_damage_tables,storm_cmcc,rp10,,elec_hta_aerien,,dysfunction_eur,eur,Elec HTA aerien,0.0,0.0,0.0,0.0,,0.0,,0.0,,
network_damage,scientific_graph_inputs.state_damage_tables,storm_cmcc,rp10,,elec_hta_aerien,,exposure_eur,eur,Elec HTA aerien,131071042.1,131071042.1,131071042.1,0.0,0.0,0.0,0.0,0.0,0.0,
network_damage,scientific_graph_inputs.state_damage_tables,storm_cmcc,rp10,,elec_hta_aerien,,indirect_damage_eur,eur,Elec HTA aerien,0.0,0.0,0.0,0.0,,0.0,,0.0,,
network_damage,scientific_graph_inputs.state_damage_tables,storm_cmcc,rp10,,elec_hta_aerien,,total_damage_eur,eur,Elec HTA aerien,346718.96,292089.31,295435.97,-54629.65000000002,-15.756176126047453,-51282.99000000005,-14.790939036042344,3346.6599999999744,1.145765998762493,
network_damage,scientific_graph_inputs.state_damage_tables,storm_cmcc,rp10,,elec_hta_souterrain,,blocking_ouvrage_eur,eur,Elec HTA souterrain,0.0,0.0,0.0,0.0,,0.0,,0.0,,
network_damage,scientific_graph_inputs.state_damage_tables,storm_cmcc,rp10,,elec_hta_souterrain,,damage_eur,eur,Elec HTA souterrain,0.0,0.0,0.0,0.0,,0.0,,0.0,,
network_damage,scientific_graph_inputs.state_damage_tables,storm_cmcc,rp10,,elec_hta_souterrain,,direct_damage_eur,eur,Elec HTA souterrain,0.0,0.0,0.0,0.0,,0.0,,0.0,,
network_damage,scientific_graph_inputs.state_damage_tables,storm_cmcc,rp10,,elec_hta_souterrain,,dysfunction_eur,eur,Elec HTA souterrain,0.0,0.0,0.0,0.0,,0.0,,0.0,,
network_damage,scientific_graph_inputs.state_damage_tables,storm_cmcc,rp10,,elec_hta_souterrain,,exposure_eur,eur,Elec HTA souterrain,3517855026.32,3517855026.32,3517855026.32,0.0,0.0,0.0,0.0,0.0,0.0,
network_damage,scientific_graph_inputs.state_damage_tables,storm_cmcc,rp10,,elec_hta_souterrain,,indirect_damage_eur,eur,Elec HTA souterrain,0.0,0.0,0.0,0.0,,0.0,,0.0,,
network_damage,scientific_graph_inputs.state_damage_tables,storm_cmcc,rp10,,elec_hta_souterrain,,total_damage_eur,eur,Elec HTA souterrain,0.0,0.0,0.0,0.0,,0.0,,0.0,,
network_damage,scientific_graph_inputs.state_damage_tables,storm_cmcc,rp100,,eau_aep,,blocking_ouvrage_eur,eur,Eau AEP,218910187.58,221803546.72,222731443.47,2893359.1399999857,1.321710593730416,3821255.8899999857,1.745581570343098,927896.75,0.4183417099147458,
network_damage,scientific_graph_inputs.state_damage_tables,storm_cmcc,rp100,,eau_aep,,damage_eur,eur,Eau AEP,267828018.75,273397665.96,269034803.98,5569647.209999979,2.0795610690750324,1206785.230000019,0.4505821443298934,-4362861.9799999595,-1.5957934259169124,
network_damage,scientific_graph_inputs.state_damage_tables,storm_cmcc,rp100,,eau_aep,,direct_damage_eur,eur,Eau AEP,48917831.17,51594119.24,46303360.51,2676288.0700000003,5.470986766971174,-2614470.660000004,-5.3446168758262305,-5290758.730000004,-10.254577087340165,
network_damage,scientific_graph_inputs.state_damage_tables,storm_cmcc,rp100,,eau_aep,,dysfunction_eur,eur,Eau AEP,0.0,0.0,0.0,0.0,,0.0,,0.0,,
network_damage,scientific_graph_inputs.state_damage_tables,storm_cmcc,rp100,,eau_aep,,exposure_eur,eur,Eau AEP,2466350827.1,2466350827.1,2466350827.1,0.0,0.0,0.0,0.0,0.0,0.0,
network_damage,scientific_graph_inputs.state_damage_tables,storm_cmcc,rp100,,eau_aep,,indirect_damage_eur,eur,Eau AEP,218910187.58,221803546.72,222731443.47,2893359.1399999857,1.321710593730416,3821255.8899999857,1.745581570343098,927896.75,0.4183417099147458,
network_damage,scientific_graph_inputs.state_damage_tables,storm_cmcc,rp100,,eau_aep,,total_damage_eur,eur,Eau AEP,267828018.75,273397665.96,269034803.98,5569647.209999979,2.0795610690750324,1206785.230000019,0.4505821443298934,-4362861.9799999595,-1.5957934259169124,
network_damage,scientific_graph_inputs.state_damage_tables,storm_cmcc,rp100,,eau_eu,,blocking_ouvrage_eur,eur,Eau EU,77729034.89,115347140.7,115182493.86,37618105.81,48.3964658293212,37453458.97,48.18464428768877,-164646.84000000358,-0.14274028727614882,
network_damage,scientific_graph_inputs.state_damage_tables,storm_cmcc,rp100,,eau_eu,,damage_eur,eur,Eau EU,93292280.1,133405353.65,131508564.3,40113073.55000001,42.9972056712547,38216284.2,40.96403706612805,-1896789.350000009,-1.421824010883696,
network_damage,scientific_graph_inputs.state_damage_tables,storm_cmcc,rp100,,eau_eu,,direct_damage_eur,eur,Eau EU,15563245.2,18058212.94,16326070.44,2494967.740000002,16.031153579717436,762825.2400000002,4.901453586299599,-1732142.5000000019,-9.591992882990125,
network_damage,scientific_graph_inputs.state_damage_tables,storm_cmcc,rp100,,eau_eu,,dysfunction_eur,eur,Eau EU,0.0,0.0,0.0,0.0,,0.0,,0.0,,
network_damage,scientific_graph_inputs.state_damage_tables,storm_cmcc,rp100,,eau_eu,,exposure_eur,eur,Eau EU,784628997.21,784628997.21,784628997.21,0.0,0.0,0.0,0.0,0.0,0.0,
network_damage,scientific_graph_inputs.state_damage_tables,storm_cmcc,rp100,,eau_eu,,indirect_damage_eur,eur,Eau EU,77729034.89,115347140.7,115182493.86,37618105.81,48.3964658293212,37453458.97,48.18464428768877,-164646.84000000358,-0.14274028727614882,
network_damage,scientific_graph_inputs.state_damage_tables,storm_cmcc,rp100,,eau_eu,,total_damage_eur,eur,Eau EU,93292280.1,133405353.65,131508564.3,40113073.55000001,42.9972056712547,38216284.2,40.96403706612805,-1896789.350000009,-1.421824010883696,
network_damage,scientific_graph_inputs.state_damage_tables,storm_cmcc,rp100,,elec_bt_aerien,,blocking_ouvrage_eur,eur,Elec BT aerien,0.0,0.0,0.0,0.0,,0.0,,0.0,,
network_damage,scientific_graph_inputs.state_damage_tables,storm_cmcc,rp100,,elec_bt_aerien,,damage_eur,eur,Elec BT aerien,56267776.42,47858581.25,47919777.33,-8409195.170000002,-14.944957318432456,-8347999.090000004,-14.83619865780366,61196.07999999821,0.1278685627564403,
network_damage,scientific_graph_inputs.state_damage_tables,storm_cmcc,rp100,,elec_bt_aerien,,direct_damage_eur,eur,Elec BT aerien,56267776.42,47858581.25,47919777.33,-8409195.170000002,-14.944957318432456,-8347999.090000004,-14.83619865780366,61196.07999999821,0.1278685627564403,
network_damage,scientific_graph_inputs.state_damage_tables,storm_cmcc,rp100,,elec_bt_aerien,,dysfunction_eur,eur,Elec BT aerien,0.0,0.0,0.0,0.0,,0.0,,0.0,,
network_damage,scientific_graph_inputs.state_damage_tables,storm_cmcc,rp100,,elec_bt_aerien,,exposure_eur,eur,Elec BT aerien,520332523.27,520332523.27,520332523.27,0.0,0.0,0.0,0.0,0.0,0.0,
network_damage,scientific_graph_inputs.state_damage_tables,storm_cmcc,rp100,,elec_bt_aerien,,indirect_damage_eur,eur,Elec BT aerien,0.0,0.0,0.0,0.0,,0.0,,0.0,,
network_damage,scientific_graph_inputs.state_damage_tables,storm_cmcc,rp100,,elec_bt_aerien,,total_damage_eur,eur,Elec BT aerien,56267776.42,47858581.25,47919777.33,-8409195.170000002,-14.944957318432456,-8347999.090000004,-14.83619865780366,61196.07999999821,0.1278685627564403,
network_damage,scientific_graph_inputs.state_damage_tables,storm_cmcc,rp100,,elec_bt_souterrain,,blocking_ouvrage_eur,eur,Elec BT souterrain,0.0,0.0,0.0,0.0,,0.0,,0.0,,
network_damage,scientific_graph_inputs.state_damage_tables,storm_cmcc,rp100,,elec_bt_souterrain,,damage_eur,eur,Elec BT souterrain,0.0,0.0,0.0,0.0,,0.0,,0.0,,
network_damage,scientific_graph_inputs.state_damage_tables,storm_cmcc,rp100,,elec_bt_souterrain,,direct_damage_eur,eur,Elec BT souterrain,0.0,0.0,0.0,0.0,,0.0,,0.0,,
network_damage,scientific_graph_inputs.state_damage_tables,storm_cmcc,rp100,,elec_bt_souterrain,,dysfunction_eur,eur,Elec BT souterrain,0.0,0.0,0.0,0.0,,0.0,,0.0,,
network_damage,scientific_graph_inputs.state_damage_tables,storm_cmcc,rp100,,elec_bt_souterrain,,exposure_eur,eur,Elec BT souterrain,1693329219.48,1693329219.48,1693329219.48,0.0,0.0,0.0,0.0,0.0,0.0,
network_damage,scientific_graph_inputs.state_damage_tables,storm_cmcc,rp100,,elec_bt_souterrain,,indirect_damage_eur,eur,Elec BT souterrain,0.0,0.0,0.0,0.0,,0.0,,0.0,,
network_damage,scientific_graph_inputs.state_damage_tables,storm_cmcc,rp100,,elec_bt_souterrain,,total_damage_eur,eur,Elec BT souterrain,0.0,0.0,0.0,0.0,,0.0,,0.0,,
network_damage,scientific_graph_inputs.state_damage_tables,storm_cmcc,rp100,,elec_hta_aerien,,blocking_ouvrage_eur,eur,Elec HTA aerien,0.0,0.0,0.0,0.0,,0.0,,0.0,,
network_damage,scientific_graph_inputs.state_damage_tables,storm_cmcc,rp100,,elec_hta_aerien,,damage_eur,eur,Elec HTA aerien,1746242.21,1482845.54,1502100.28,-263396.6699999999,-15.083627488308164,-244141.92999999993,-13.980988925929122,19254.73999999999,1.298499370339003,
network_damage,scientific_graph_inputs.state_damage_tables,storm_cmcc,rp100,,elec_hta_aerien,,direct_damage_eur,eur,Elec HTA aerien,1746242.21,1482845.54,1502100.28,-263396.6699999999,-15.083627488308164,-244141.92999999993,-13.980988925929122,19254.73999999999,1.298499370339003,
network_damage,scientific_graph_inputs.state_damage_tables,storm_cmcc,rp100,,elec_hta_aerien,,dysfunction_eur,eur,Elec HTA aerien,0.0,0.0,0.0,0.0,,0.0,,0.0,,
network_damage,scientific_graph_inputs.state_damage_tables,storm_cmcc,rp100,,elec_hta_aerien,,exposure_eur,eur,Elec HTA aerien,131071042.1,131071042.1,131071042.1,0.0,0.0,0.0,0.0,0.0,0.0,
network_damage,scientific_graph_inputs.state_damage_tables,storm_cmcc,rp100,,elec_hta_aerien,,indirect_damage_eur,eur,Elec HTA aerien,0.0,0.0,0.0,0.0,,0.0,,0.0,,
network_damage,scientific_graph_inputs.state_damage_tables,storm_cmcc,rp100,,elec_hta_aerien,,total_damage_eur,eur,Elec HTA aerien,1746242.21,1482845.54,1502100.28,-263396.6699999999,-15.083627488308164,-244141.92999999993,-13.980988925929122,19254.73999999999,1.298499370339003,
network_damage,scientific_graph_inputs.state_damage_tables,storm_cmcc,rp100,,elec_hta_souterrain,,blocking_ouvrage_eur,eur,Elec HTA souterrain,0.0,0.0,0.0,0.0,,0.0,,0.0,,
network_damage,scientific_graph_inputs.state_damage_tables,storm_cmcc,rp100,,elec_hta_souterrain,,damage_eur,eur,Elec HTA souterrain,0.0,0.0,0.0,0.0,,0.0,,0.0,,
network_damage,scientific_graph_inputs.state_damage_tables,storm_cmcc,rp100,,elec_hta_souterrain,,direct_damage_eur,eur,Elec HTA souterrain,0.0,0.0,0.0,0.0,,0.0,,0.0,,
network_damage,scientific_graph_inputs.state_damage_tables,storm_cmcc,rp100,,elec_hta_souterrain,,dysfunction_eur,eur,Elec HTA souterrain,0.0,0.0,0.0,0.0,,0.0,,0.0,,
network_damage,scientific_graph_inputs.state_damage_tables,storm_cmcc,rp100,,elec_hta_souterrain,,exposure_eur,eur,Elec HTA souterrain,3517855026.32,3517855026.32,3517855026.32,0.0,0.0,0.0,0.0,0.0,0.0,
network_damage,scientific_graph_inputs.state_damage_tables,storm_cmcc,rp100,,elec_hta_souterrain,,indirect_damage_eur,eur,Elec HTA souterrain,0.0,0.0,0.0,0.0,,0.0,,0.0,,
network_damage,scientific_graph_inputs.state_damage_tables,storm_cmcc,rp100,,elec_hta_souterrain,,total_damage_eur,eur,Elec HTA souterrain,0.0,0.0,0.0,0.0,,0.0,,0.0,,
network_damage,scientific_graph_inputs.state_damage_tables,storm_cmcc,rp1000,,eau_aep,,blocking_ouvrage_eur,eur,Eau AEP,414411063.39,410566723.47,413589973.81,-3844339.919999957,-0.9276634384594288,-821089.5799999833,-0.19813408775413419,3023250.339999974,0.7363602959461184,
network_damage,scientific_graph_inputs.state_damage_tables,storm_cmcc,rp1000,,eau_aep,,damage_eur,eur,Eau AEP,468363218.07,473385375.68,471745153.38,5022157.610000014,1.0722783976707195,3381935.3100000024,0.7220753422815858,-1640222.300000012,-0.3464877421791696,
network_damage,scientific_graph_inputs.state_damage_tables,storm_cmcc,rp1000,,eau_aep,,direct_damage_eur,eur,Eau AEP,53952154.68,62818652.21,58155179.56,8866497.530000001,16.43400079679635,4203024.880000003,7.790281787500248,-4663472.6499999985,-7.423706949983922,
network_damage,scientific_graph_inputs.state_damage_tables,storm_cmcc,rp1000,,eau_aep,,dysfunction_eur,eur,Eau AEP,0.0,0.0,0.0,0.0,,0.0,,0.0,,
network_damage,scientific_graph_inputs.state_damage_tables,storm_cmcc,rp1000,,eau_aep,,exposure_eur,eur,Eau AEP,2466350827.1,2466350827.1,2466350827.1,0.0,0.0,0.0,0.0,0.0,0.0,
network_damage,scientific_graph_inputs.state_damage_tables,storm_cmcc,rp1000,,eau_aep,,indirect_damage_eur,eur,Eau AEP,414411063.39,410566723.47,413589973.81,-3844339.919999957,-0.9276634384594288,-821089.5799999833,-0.19813408775413419,3023250.339999974,0.7363602959461184,
network_damage,scientific_graph_inputs.state_damage_tables,storm_cmcc,rp1000,,eau_aep,,total_damage_eur,eur,Eau AEP,468363218.07,473385375.68,471745153.38,5022157.610000014,1.0722783976707195,3381935.3100000024,0.7220753422815858,-1640222.300000012,-0.3464877421791696,
network_damage,scientific_graph_inputs.state_damage_tables,storm_cmcc,rp1000,,eau_eu,,blocking_ouvrage_eur,eur,Eau EU,140937989.98,141561329.49,142604613.81,623339.5100000203,0.44227926770381515,1666623.830000013,1.1825227749001654,1043284.3199999928,0.7369839798471879,
network_damage,scientific_graph_inputs.state_damage_tables,storm_cmcc,rp1000,,eau_eu,,damage_eur,eur,Eau EU,158102909.04,163548187.97,163109509.08,5445278.930000007,3.444135824611774,5006600.040000021,3.166671676315173,-438678.8899999857,-0.26822607785813773,
network_damage,scientific_graph_inputs.state_damage_tables,storm_cmcc,rp1000,,eau_eu,,direct_damage_eur,eur,Eau EU,17164919.06,21986858.48,20504895.27,4821939.420000002,28.091827308622346,3339976.210000001,19.458152982400378,-1481963.210000001,-6.740222625929236,
network_damage,scientific_graph_inputs.state_damage_tables,storm_cmcc,rp1000,,eau_eu,,dysfunction_eur,eur,Eau EU,0.0,0.0,0.0,0.0,,0.0,,0.0,,
network_damage,scientific_graph_inputs.state_damage_tables,storm_cmcc,rp1000,,eau_eu,,exposure_eur,eur,Eau EU,784628997.21,784628997.21,784628997.21,0.0,0.0,0.0,0.0,0.0,0.0,
network_damage,scientific_graph_inputs.state_damage_tables,storm_cmcc,rp1000,,eau_eu,,indirect_damage_eur,eur,Eau EU,140937989.98,141561329.49,142604613.81,623339.5100000203,0.44227926770381515,1666623.830000013,1.1825227749001654,1043284.3199999928,0.7369839798471879,
network_damage,scientific_graph_inputs.state_damage_tables,storm_cmcc,rp1000,,eau_eu,,total_damage_eur,eur,Eau EU,158102909.04,163548187.97,163109509.08,5445278.930000007,3.444135824611774,5006600.040000021,3.166671676315173,-438678.8899999857,-0.26822607785813773,
network_damage,scientific_graph_inputs.state_damage_tables,storm_cmcc,rp1000,,elec_bt_aerien,,blocking_ouvrage_eur,eur,Elec BT aerien,0.0,0.0,0.0,0.0,,0.0,,0.0,,
network_damage,scientific_graph_inputs.state_damage_tables,storm_cmcc,rp1000,,elec_bt_aerien,,damage_eur,eur,Elec BT aerien,62058511.27,58270431.11,60185334.81,-3788080.160000004,-6.104046137231812,-1873176.460000001,-3.018403796137343,1914903.700000003,3.28623568338656,
network_damage,scientific_graph_inputs.state_damage_tables,storm_cmcc,rp1000,,elec_bt_aerien,,direct_damage_eur,eur,Elec BT aerien,62058511.27,58270431.11,60185334.81,-3788080.160000004,-6.104046137231812,-1873176.460000001,-3.018403796137343,1914903.700000003,3.28623568338656,
network_damage,scientific_graph_inputs.state_damage_tables,storm_cmcc,rp1000,,elec_bt_aerien,,dysfunction_eur,eur,Elec BT aerien,0.0,0.0,0.0,0.0,,0.0,,0.0,,
network_damage,scientific_graph_inputs.state_damage_tables,storm_cmcc,rp1000,,elec_bt_aerien,,exposure_eur,eur,Elec BT aerien,520332523.27,520332523.27,520332523.27,0.0,0.0,0.0,0.0,0.0,0.0,
network_damage,scientific_graph_inputs.state_damage_tables,storm_cmcc,rp1000,,elec_bt_aerien,,indirect_damage_eur,eur,Elec BT aerien,0.0,0.0,0.0,0.0,,0.0,,0.0,,
network_damage,scientific_graph_inputs.state_damage_tables,storm_cmcc,rp1000,,elec_bt_aerien,,total_damage_eur,eur,Elec BT aerien,62058511.27,58270431.11,60185334.81,-3788080.160000004,-6.104046137231812,-1873176.460000001,-3.018403796137343,1914903.700000003,3.28623568338656,
network_damage,scientific_graph_inputs.state_damage_tables,storm_cmcc,rp1000,,elec_bt_souterrain,,blocking_ouvrage_eur,eur,Elec BT souterrain,0.0,0.0,0.0,0.0,,0.0,,0.0,,
network_damage,scientific_graph_inputs.state_damage_tables,storm_cmcc,rp1000,,elec_bt_souterrain,,damage_eur,eur,Elec BT souterrain,0.0,0.0,0.0,0.0,,0.0,,0.0,,
network_damage,scientific_graph_inputs.state_damage_tables,storm_cmcc,rp1000,,elec_bt_souterrain,,direct_damage_eur,eur,Elec BT souterrain,0.0,0.0,0.0,0.0,,0.0,,0.0,,
network_damage,scientific_graph_inputs.state_damage_tables,storm_cmcc,rp1000,,elec_bt_souterrain,,dysfunction_eur,eur,Elec BT souterrain,0.0,0.0,0.0,0.0,,0.0,,0.0,,
network_damage,scientific_graph_inputs.state_damage_tables,storm_cmcc,rp1000,,elec_bt_souterrain,,exposure_eur,eur,Elec BT souterrain,1693329219.48,1693329219.48,1693329219.48,0.0,0.0,0.0,0.0,0.0,0.0,
network_damage,scientific_graph_inputs.state_damage_tables,storm_cmcc,rp1000,,elec_bt_souterrain,,indirect_damage_eur,eur,Elec BT souterrain,0.0,0.0,0.0,0.0,,0.0,,0.0,,
network_damage,scientific_graph_inputs.state_damage_tables,storm_cmcc,rp1000,,elec_bt_souterrain,,total_damage_eur,eur,Elec BT souterrain,0.0,0.0,0.0,0.0,,0.0,,0.0,,
network_damage,scientific_graph_inputs.state_damage_tables,storm_cmcc,rp1000,,elec_hta_aerien,,blocking_ouvrage_eur,eur,Elec HTA aerien,0.0,0.0,0.0,0.0,,0.0,,0.0,,
network_damage,scientific_graph_inputs.state_damage_tables,storm_cmcc,rp1000,,elec_hta_aerien,,damage_eur,eur,Elec HTA aerien,1925954.76,1805445.26,1886578.22,-120509.5,-6.257130359593701,-39376.54000000004,-2.0445205057672298,81132.95999999996,4.493792295868331,
network_damage,scientific_graph_inputs.state_damage_tables,storm_cmcc,rp1000,,elec_hta_aerien,,direct_damage_eur,eur,Elec HTA aerien,1925954.76,1805445.26,1886578.22,-120509.5,-6.257130359593701,-39376.54000000004,-2.0445205057672298,81132.95999999996,4.493792295868331,
network_damage,scientific_graph_inputs.state_damage_tables,storm_cmcc,rp1000,,elec_hta_aerien,,dysfunction_eur,eur,Elec HTA aerien,0.0,0.0,0.0,0.0,,0.0,,0.0,,
network_damage,scientific_graph_inputs.state_damage_tables,storm_cmcc,rp1000,,elec_hta_aerien,,exposure_eur,eur,Elec HTA aerien,131071042.1,131071042.1,131071042.1,0.0,0.0,0.0,0.0,0.0,0.0,
network_damage,scientific_graph_inputs.state_damage_tables,storm_cmcc,rp1000,,elec_hta_aerien,,indirect_damage_eur,eur,Elec HTA aerien,0.0,0.0,0.0,0.0,,0.0,,0.0,,
network_damage,scientific_graph_inputs.state_damage_tables,storm_cmcc,rp1000,,elec_hta_aerien,,total_damage_eur,eur,Elec HTA aerien,1925954.76,1805445.26,1886578.22,-120509.5,-6.257130359593701,-39376.54000000004,-2.0445205057672298,81132.95999999996,4.493792295868331,
network_damage,scientific_graph_inputs.state_damage_tables,storm_cmcc,rp1000,,elec_hta_souterrain,,blocking_ouvrage_eur,eur,Elec HTA souterrain,0.0,0.0,0.0,0.0,,0.0,,0.0,,
network_damage,scientific_graph_inputs.state_damage_tables,storm_cmcc,rp1000,,elec_hta_souterrain,,damage_eur,eur,Elec HTA souterrain,0.0,0.0,0.0,0.0,,0.0,,0.0,,
network_damage,scientific_graph_inputs.state_damage_tables,storm_cmcc,rp1000,,elec_hta_souterrain,,direct_damage_eur,eur,Elec HTA souterrain,0.0,0.0,0.0,0.0,,0.0,,0.0,,
network_damage,scientific_graph_inputs.state_damage_tables,storm_cmcc,rp1000,,elec_hta_souterrain,,dysfunction_eur,eur,Elec HTA souterrain,0.0,0.0,0.0,0.0,,0.0,,0.0,,
network_damage,scientific_graph_inputs.state_damage_tables,storm_cmcc,rp1000,,elec_hta_souterrain,,exposure_eur,eur,Elec HTA souterrain,3517855026.32,3517855026.32,3517855026.32,0.0,0.0,0.0,0.0,0.0,0.0,
network_damage,scientific_graph_inputs.state_damage_tables,storm_cmcc,rp1000,,elec_hta_souterrain,,indirect_damage_eur,eur,Elec HTA souterrain,0.0,0.0,0.0,0.0,,0.0,,0.0,,
network_damage,scientific_graph_inputs.state_damage_tables,storm_cmcc,rp1000,,elec_hta_souterrain,,total_damage_eur,eur,Elec HTA souterrain,0.0,0.0,0.0,0.0,,0.0,,0.0,,
network_damage,scientific_graph_inputs.state_damage_tables,storm_cmcc,rp50,,eau_aep,,blocking_ouvrage_eur,eur,Eau AEP,201748470.55,188853853.22,190487019.63,-12894617.330000013,-6.391432507442129,-11261450.920000017,-5.581926291336644,1633166.4099999964,0.8647779127373615,
network_damage,scientific_graph_inputs.state_damage_tables,storm_cmcc,rp50,,eau_aep,,damage_eur,eur,Eau AEP,235596063.23,225732499.48,224655479.13,-9863563.75,-4.186642006989193,-10940584.099999994,-4.643789013282144,-1077020.349999994,-0.47712241368922537,
network_damage,scientific_graph_inputs.state_damage_tables,storm_cmcc,rp50,,eau_aep,,direct_damage_eur,eur,Eau AEP,33847592.68,36878646.26,34168459.5,3031053.579999998,8.955004891059797,320866.8200000003,0.9479753051672575,-2710186.759999998,-7.348932335782539,
network_damage,scientific_graph_inputs.state_damage_tables,storm_cmcc,rp50,,eau_aep,,dysfunction_eur,eur,Eau AEP,0.0,0.0,0.0,0.0,,0.0,,0.0,,
network_damage,scientific_graph_inputs.state_damage_tables,storm_cmcc,rp50,,eau_aep,,exposure_eur,eur,Eau AEP,2466350827.1,2466350827.1,2466350827.1,0.0,0.0,0.0,0.0,0.0,0.0,
network_damage,scientific_graph_inputs.state_damage_tables,storm_cmcc,rp50,,eau_aep,,indirect_damage_eur,eur,Eau AEP,201748470.55,188853853.22,190487019.63,-12894617.330000013,-6.391432507442129,-11261450.920000017,-5.581926291336644,1633166.4099999964,0.8647779127373615,
network_damage,scientific_graph_inputs.state_damage_tables,storm_cmcc,rp50,,eau_aep,,total_damage_eur,eur,Eau AEP,235596063.23,225732499.48,224655479.13,-9863563.75,-4.186642006989193,-10940584.099999994,-4.643789013282144,-1077020.349999994,-0.47712241368922537,
network_damage,scientific_graph_inputs.state_damage_tables,storm_cmcc,rp50,,eau_eu,,blocking_ouvrage_eur,eur,Eau EU,71635795.7,103259887.52,104690810.05,31624091.819999993,44.14565582887773,33055014.349999994,46.143152354207736,1430922.5300000012,1.3857486816677498,
network_damage,scientific_graph_inputs.state_damage_tables,storm_cmcc,rp50,,eau_eu,,damage_eur,eur,Eau EU,82404433.06,116167607.57,116738243.98,33763174.50999999,40.97252205523515,34333810.92,41.66500471522084,570636.4100000113,0.49121818201873413,
network_damage,scientific_graph_inputs.state_damage_tables,storm_cmcc,rp50,,eau_eu,,direct_damage_eur,eur,Eau EU,10768637.36,12907720.05,12047433.93,2139082.6900000013,19.864005244949592,1278796.5700000003,11.875193928900215,-860286.120000001,-6.6648960208894605,
network_damage,scientific_graph_inputs.state_damage_tables,storm_cmcc,rp50,,eau_eu,,dysfunction_eur,eur,Eau EU,0.0,0.0,0.0,0.0,,0.0,,0.0,,
network_damage,scientific_graph_inputs.state_damage_tables,storm_cmcc,rp50,,eau_eu,,exposure_eur,eur,Eau EU,784628997.21,784628997.21,784628997.21,0.0,0.0,0.0,0.0,0.0,0.0,
network_damage,scientific_graph_inputs.state_damage_tables,storm_cmcc,rp50,,eau_eu,,indirect_damage_eur,eur,Eau EU,71635795.7,103259887.52,104690810.05,31624091.819999993,44.14565582887773,33055014.349999994,46.143152354207736,1430922.5300000012,1.3857486816677498,
network_damage,scientific_graph_inputs.state_damage_tables,storm_cmcc,rp50,,eau_eu,,total_damage_eur,eur,Eau EU,82404433.06,116167607.57,116738243.98,33763174.50999999,40.97252205523515,34333810.92,41.66500471522084,570636.4100000113,0.49121818201873413,
network_damage,scientific_graph_inputs.state_damage_tables,storm_cmcc,rp50,,elec_bt_aerien,,blocking_ouvrage_eur,eur,Elec BT aerien,0.0,0.0,0.0,0.0,,0.0,,0.0,,
network_damage,scientific_graph_inputs.state_damage_tables,storm_cmcc,rp50,,elec_bt_aerien,,damage_eur,eur,Elec BT aerien,38933221.93,34208543.81,35361255.7,-4724678.119999997,-12.135338114309507,-3571966.2299999967,-9.174597048305468,1152711.8900000006,3.3696607970288244,
network_damage,scientific_graph_inputs.state_damage_tables,storm_cmcc,rp50,,elec_bt_aerien,,direct_damage_eur,eur,Elec BT aerien,38933221.93,34208543.81,35361255.7,-4724678.119999997,-12.135338114309507,-3571966.2299999967,-9.174597048305468,1152711.8900000006,3.3696607970288244,
network_damage,scientific_graph_inputs.state_damage_tables,storm_cmcc,rp50,,elec_bt_aerien,,dysfunction_eur,eur,Elec BT aerien,0.0,0.0,0.0,0.0,,0.0,,0.0,,
network_damage,scientific_graph_inputs.state_damage_tables,storm_cmcc,rp50,,elec_bt_aerien,,exposure_eur,eur,Elec BT aerien,520332523.27,520332523.27,520332523.27,0.0,0.0,0.0,0.0,0.0,0.0,
network_damage,scientific_graph_inputs.state_damage_tables,storm_cmcc,rp50,,elec_bt_aerien,,indirect_damage_eur,eur,Elec BT aerien,0.0,0.0,0.0,0.0,,0.0,,0.0,,
network_damage,scientific_graph_inputs.state_damage_tables,storm_cmcc,rp50,,elec_bt_aerien,,total_damage_eur,eur,Elec BT aerien,38933221.93,34208543.81,35361255.7,-4724678.119999997,-12.135338114309507,-3571966.2299999967,-9.174597048305468,1152711.8900000006,3.3696607970288244,
network_damage,scientific_graph_inputs.state_damage_tables,storm_cmcc,rp50,,elec_bt_souterrain,,blocking_ouvrage_eur,eur,Elec BT souterrain,0.0,0.0,0.0,0.0,,0.0,,0.0,,
network_damage,scientific_graph_inputs.state_damage_tables,storm_cmcc,rp50,,elec_bt_souterrain,,damage_eur,eur,Elec BT souterrain,0.0,0.0,0.0,0.0,,0.0,,0.0,,
network_damage,scientific_graph_inputs.state_damage_tables,storm_cmcc,rp50,,elec_bt_souterrain,,direct_damage_eur,eur,Elec BT souterrain,0.0,0.0,0.0,0.0,,0.0,,0.0,,
network_damage,scientific_graph_inputs.state_damage_tables,storm_cmcc,rp50,,elec_bt_souterrain,,dysfunction_eur,eur,Elec BT souterrain,0.0,0.0,0.0,0.0,,0.0,,0.0,,
network_damage,scientific_graph_inputs.state_damage_tables,storm_cmcc,rp50,,elec_bt_souterrain,,exposure_eur,eur,Elec BT souterrain,1693329219.48,1693329219.48,1693329219.48,0.0,0.0,0.0,0.0,0.0,0.0,
network_damage,scientific_graph_inputs.state_damage_tables,storm_cmcc,rp50,,elec_bt_souterrain,,indirect_damage_eur,eur,Elec BT souterrain,0.0,0.0,0.0,0.0,,0.0,,0.0,,
network_damage,scientific_graph_inputs.state_damage_tables,storm_cmcc,rp50,,elec_bt_souterrain,,total_damage_eur,eur,Elec BT souterrain,0.0,0.0,0.0,0.0,,0.0,,0.0,,
network_damage,scientific_graph_inputs.state_damage_tables,storm_cmcc,rp50,,elec_hta_aerien,,blocking_ouvrage_eur,eur,Elec HTA aerien,0.0,0.0,0.0,0.0,,0.0,,0.0,,
network_damage,scientific_graph_inputs.state_damage_tables,storm_cmcc,rp50,,elec_hta_aerien,,damage_eur,eur,Elec HTA aerien,1208273.01,1059914.13,1108439.04,-148358.88000000012,-12.278589256909754,-99833.96999999997,-8.262534143670061,48524.91000000015,4.578192574902285,
network_damage,scientific_graph_inputs.state_damage_tables,storm_cmcc,rp50,,elec_hta_aerien,,direct_damage_eur,eur,Elec HTA aerien,1208273.01,1059914.13,1108439.04,-148358.88000000012,-12.278589256909754,-99833.96999999997,-8.262534143670061,48524.91000000015,4.578192574902285,
network_damage,scientific_graph_inputs.state_damage_tables,storm_cmcc,rp50,,elec_hta_aerien,,dysfunction_eur,eur,Elec HTA aerien,0.0,0.0,0.0,0.0,,0.0,,0.0,,
network_damage,scientific_graph_inputs.state_damage_tables,storm_cmcc,rp50,,elec_hta_aerien,,exposure_eur,eur,Elec HTA aerien,131071042.1,131071042.1,131071042.1,0.0,0.0,0.0,0.0,0.0,0.0,
network_damage,scientific_graph_inputs.state_damage_tables,storm_cmcc,rp50,,elec_hta_aerien,,indirect_damage_eur,eur,Elec HTA aerien,0.0,0.0,0.0,0.0,,0.0,,0.0,,
network_damage,scientific_graph_inputs.state_damage_tables,storm_cmcc,rp50,,elec_hta_aerien,,total_damage_eur,eur,Elec HTA aerien,1208273.01,1059914.13,1108439.04,-148358.88000000012,-12.278589256909754,-99833.96999999997,-8.262534143670061,48524.91000000015,4.578192574902285,
network_damage,scientific_graph_inputs.state_damage_tables,storm_cmcc,rp50,,elec_hta_souterrain,,blocking_ouvrage_eur,eur,Elec HTA souterrain,0.0,0.0,0.0,0.0,,0.0,,0.0,,
network_damage,scientific_graph_inputs.state_damage_tables,storm_cmcc,rp50,,elec_hta_souterrain,,damage_eur,eur,Elec HTA souterrain,0.0,0.0,0.0,0.0,,0.0,,0.0,,
network_damage,scientific_graph_inputs.state_damage_tables,storm_cmcc,rp50,,elec_hta_souterrain,,direct_damage_eur,eur,Elec HTA souterrain,0.0,0.0,0.0,0.0,,0.0,,0.0,,
network_damage,scientific_graph_inputs.state_damage_tables,storm_cmcc,rp50,,elec_hta_souterrain,,dysfunction_eur,eur,Elec HTA souterrain,0.0,0.0,0.0,0.0,,0.0,,0.0,,
network_damage,scientific_graph_inputs.state_damage_tables,storm_cmcc,rp50,,elec_hta_souterrain,,exposure_eur,eur,Elec HTA souterrain,3517855026.32,3517855026.32,3517855026.32,0.0,0.0,0.0,0.0,0.0,0.0,
network_damage,scientific_graph_inputs.state_damage_tables,storm_cmcc,rp50,,elec_hta_souterrain,,indirect_damage_eur,eur,Elec HTA souterrain,0.0,0.0,0.0,0.0,,0.0,,0.0,,
network_damage,scientific_graph_inputs.state_damage_tables,storm_cmcc,rp50,,elec_hta_souterrain,,total_damage_eur,eur,Elec HTA souterrain,0.0,0.0,0.0,0.0,,0.0,,0.0,,
network_state_pct,scientific_graph_inputs.state_damage_tables,storm,rp10,,eau_aep,,state_pct_S0,pct,Eau AEP,12.155,12.012,12.015,-0.1429999999999989,-1.1764705882352853,-0.1399999999999988,-1.151789387083495,0.0030000000000001137,0.02497502497502592,
network_state_pct,scientific_graph_inputs.state_damage_tables,storm,rp10,,eau_aep,,state_pct_S1,pct,Eau AEP,87.845,87.119,87.116,-0.7259999999999991,-0.8264556889976652,-0.7289999999999992,-0.8298707951505484,-0.0030000000000001137,-0.003443565697494362,
network_state_pct,scientific_graph_inputs.state_damage_tables,storm,rp10,,eau_aep,,state_pct_S2,pct,Eau AEP,0.0,0.869,0.869,0.869,,0.869,,0.0,0.0,
network_state_pct,scientific_graph_inputs.state_damage_tables,storm,rp10,,eau_aep,,state_pct_S3,pct,Eau AEP,0.0,0.0,0.0,0.0,,0.0,,0.0,,
network_state_pct,scientific_graph_inputs.state_damage_tables,storm,rp10,,eau_eu,,state_pct_S0,pct,Eau EU,1.953,1.945,1.945,-0.008000000000000007,-0.40962621607782934,-0.008000000000000007,-0.40962621607782934,0.0,0.0,
network_state_pct,scientific_graph_inputs.state_damage_tables,storm,rp10,,eau_eu,,state_pct_S1,pct,Eau EU,98.047,66.114,66.114,-31.932999999999993,-32.56907401552316,-31.932999999999993,-32.56907401552316,0.0,0.0,
network_state_pct,scientific_graph_inputs.state_damage_tables,storm,rp10,,eau_eu,,state_pct_S2,pct,Eau EU,0.0,18.031,18.031,18.031,,18.031,,0.0,0.0,
network_state_pct,scientific_graph_inputs.state_damage_tables,storm,rp10,,eau_eu,,state_pct_S3,pct,Eau EU,0.0,13.909,13.909,13.909,,13.909,,0.0,0.0,
network_state_pct,scientific_graph_inputs.state_damage_tables,storm,rp10,,elec_bt_aerien,,state_pct_S0,pct,Elec BT aerien,100.0,99.81,99.021,-0.18999999999999773,-0.18999999999999773,-0.9789999999999992,-0.9789999999999991,-0.7890000000000015,-0.7905019537120543,
network_state_pct,scientific_graph_inputs.state_damage_tables,storm,rp10,,elec_bt_aerien,,state_pct_S1,pct,Elec BT aerien,0.0,0.19,0.979,0.19,,0.979,,0.7889999999999999,415.26315789473676,
network_state_pct,scientific_graph_inputs.state_damage_tables,storm,rp10,,elec_bt_aerien,,state_pct_S2,pct,Elec BT aerien,0.0,0.0,0.0,0.0,,0.0,,0.0,,
network_state_pct,scientific_graph_inputs.state_damage_tables,storm,rp10,,elec_bt_aerien,,state_pct_S3,pct,Elec BT aerien,0.0,0.0,0.0,0.0,,0.0,,0.0,,
network_state_pct,scientific_graph_inputs.state_damage_tables,storm,rp10,,elec_bt_souterrain,,state_pct_S0,pct,Elec BT souterrain,100.0,100.0,100.0,0.0,0.0,0.0,0.0,0.0,0.0,
network_state_pct,scientific_graph_inputs.state_damage_tables,storm,rp10,,elec_bt_souterrain,,state_pct_S1,pct,Elec BT souterrain,0.0,0.0,0.0,0.0,,0.0,,0.0,,
network_state_pct,scientific_graph_inputs.state_damage_tables,storm,rp10,,elec_bt_souterrain,,state_pct_S2,pct,Elec BT souterrain,0.0,0.0,0.0,0.0,,0.0,,0.0,,
network_state_pct,scientific_graph_inputs.state_damage_tables,storm,rp10,,elec_bt_souterrain,,state_pct_S3,pct,Elec BT souterrain,0.0,0.0,0.0,0.0,,0.0,,0.0,,
network_state_pct,scientific_graph_inputs.state_damage_tables,storm,rp10,,elec_hta_aerien,,state_pct_S0,pct,Elec HTA aerien,100.0,100.0,100.0,0.0,0.0,0.0,0.0,0.0,0.0,
network_state_pct,scientific_graph_inputs.state_damage_tables,storm,rp10,,elec_hta_aerien,,state_pct_S1,pct,Elec HTA aerien,0.0,0.0,0.0,0.0,,0.0,,0.0,,
network_state_pct,scientific_graph_inputs.state_damage_tables,storm,rp10,,elec_hta_aerien,,state_pct_S2,pct,Elec HTA aerien,0.0,0.0,0.0,0.0,,0.0,,0.0,,
network_state_pct,scientific_graph_inputs.state_damage_tables,storm,rp10,,elec_hta_aerien,,state_pct_S3,pct,Elec HTA aerien,0.0,0.0,0.0,0.0,,0.0,,0.0,,
network_state_pct,scientific_graph_inputs.state_damage_tables,storm,rp10,,elec_hta_souterrain,,state_pct_S0,pct,Elec HTA souterrain,100.0,100.0,100.0,0.0,0.0,0.0,0.0,0.0,0.0,
network_state_pct,scientific_graph_inputs.state_damage_tables,storm,rp10,,elec_hta_souterrain,,state_pct_S1,pct,Elec HTA souterrain,0.0,0.0,0.0,0.0,,0.0,,0.0,,
network_state_pct,scientific_graph_inputs.state_damage_tables,storm,rp10,,elec_hta_souterrain,,state_pct_S2,pct,Elec HTA souterrain,0.0,0.0,0.0,0.0,,0.0,,0.0,,
network_state_pct,scientific_graph_inputs.state_damage_tables,storm,rp10,,elec_hta_souterrain,,state_pct_S3,pct,Elec HTA souterrain,0.0,0.0,0.0,0.0,,0.0,,0.0,,
network_state_pct,scientific_graph_inputs.state_damage_tables,storm,rp100,,eau_aep,,state_pct_S0,pct,Eau AEP,12.155,11.632,11.657,-0.5229999999999997,-4.302756067461948,-0.49799999999999933,-4.097079391197033,0.025000000000000355,0.21492434662998933,
network_state_pct,scientific_graph_inputs.state_damage_tables,storm,rp100,,eau_aep,,state_pct_S1,pct,Eau AEP,0.0,0.342,0.317,0.342,,0.317,,-0.025000000000000022,-7.309941520467842,
network_state_pct,scientific_graph_inputs.state_damage_tables,storm,rp100,,eau_aep,,state_pct_S2,pct,Eau AEP,87.845,79.631,79.672,-8.213999999999999,-9.35056064659343,-8.173000000000002,-9.3038875291707,0.04099999999999682,0.051487486029306195,
network_state_pct,scientific_graph_inputs.state_damage_tables,storm,rp100,,eau_aep,,state_pct_S3,pct,Eau AEP,0.0,8.394,8.353,8.394,,8.353,,-0.04100000000000037,-0.48844412675721194,
network_state_pct,scientific_graph_inputs.state_damage_tables,storm,rp100,,eau_eu,,state_pct_S0,pct,Eau EU,1.953,1.89,1.893,-0.06300000000000017,-3.2258064516129115,-0.06000000000000005,-3.0721966205837203,0.0030000000000001137,0.15873015873016477,
network_state_pct,scientific_graph_inputs.state_damage_tables,storm,rp100,,eau_eu,,state_pct_S1,pct,Eau EU,0.0,0.056,0.052,0.056,,0.052,,-0.0040000000000000036,-7.1428571428571495,
network_state_pct,scientific_graph_inputs.state_damage_tables,storm,rp100,,eau_eu,,state_pct_S2,pct,Eau EU,98.047,55.711,53.151,-42.336,-43.1792915642498,-44.895999999999994,-45.79028425143043,-2.559999999999995,-4.59514279047225,
network_state_pct,scientific_graph_inputs.state_damage_tables,storm,rp100,,eau_eu,,state_pct_S3,pct,Eau EU,0.0,42.344,44.904,42.344,,44.904,,2.5600000000000023,6.045720763272251,
network_state_pct,scientific_graph_inputs.state_damage_tables,storm,rp100,,elec_bt_aerien,,state_pct_S0,pct,Elec BT aerien,0.0,0.0,0.0,0.0,,0.0,,0.0,,
network_state_pct,scientific_graph_inputs.state_damage_tables,storm,rp100,,elec_bt_aerien,,state_pct_S1,pct,Elec BT aerien,0.0,0.0,0.0,0.0,,0.0,,0.0,,
network_state_pct,scientific_graph_inputs.state_damage_tables,storm,rp100,,elec_bt_aerien,,state_pct_S2,pct,Elec BT aerien,100.0,100.0,100.0,0.0,0.0,0.0,0.0,0.0,0.0,
network_state_pct,scientific_graph_inputs.state_damage_tables,storm,rp100,,elec_bt_aerien,,state_pct_S3,pct,Elec BT aerien,0.0,0.0,0.0,0.0,,0.0,,0.0,,
network_state_pct,scientific_graph_inputs.state_damage_tables,storm,rp100,,elec_bt_souterrain,,state_pct_S0,pct,Elec BT souterrain,100.0,100.0,100.0,0.0,0.0,0.0,0.0,0.0,0.0,
network_state_pct,scientific_graph_inputs.state_damage_tables,storm,rp100,,elec_bt_souterrain,,state_pct_S1,pct,Elec BT souterrain,0.0,0.0,0.0,0.0,,0.0,,0.0,,
network_state_pct,scientific_graph_inputs.state_damage_tables,storm,rp100,,elec_bt_souterrain,,state_pct_S2,pct,Elec BT souterrain,0.0,0.0,0.0,0.0,,0.0,,0.0,,
network_state_pct,scientific_graph_inputs.state_damage_tables,storm,rp100,,elec_bt_souterrain,,state_pct_S3,pct,Elec BT souterrain,0.0,0.0,0.0,0.0,,0.0,,0.0,,
network_state_pct,scientific_graph_inputs.state_damage_tables,storm,rp100,,elec_hta_aerien,,state_pct_S0,pct,Elec HTA aerien,100.0,99.902,99.885,-0.09799999999999898,-0.09799999999999898,-0.11499999999999488,-0.11499999999999488,-0.016999999999995907,-0.017016676342811864,
network_state_pct,scientific_graph_inputs.state_damage_tables,storm,rp100,,elec_hta_aerien,,state_pct_S1,pct,Elec HTA aerien,0.0,0.098,0.115,0.098,,0.115,,0.017,17.346938775510203,
network_state_pct,scientific_graph_inputs.state_damage_tables,storm,rp100,,elec_hta_aerien,,state_pct_S2,pct,Elec HTA aerien,0.0,0.0,0.0,0.0,,0.0,,0.0,,
network_state_pct,scientific_graph_inputs.state_damage_tables,storm,rp100,,elec_hta_aerien,,state_pct_S3,pct,Elec HTA aerien,0.0,0.0,0.0,0.0,,0.0,,0.0,,
network_state_pct,scientific_graph_inputs.state_damage_tables,storm,rp100,,elec_hta_souterrain,,state_pct_S0,pct,Elec HTA souterrain,100.0,100.0,100.0,0.0,0.0,0.0,0.0,0.0,0.0,
network_state_pct,scientific_graph_inputs.state_damage_tables,storm,rp100,,elec_hta_souterrain,,state_pct_S1,pct,Elec HTA souterrain,0.0,0.0,0.0,0.0,,0.0,,0.0,,
network_state_pct,scientific_graph_inputs.state_damage_tables,storm,rp100,,elec_hta_souterrain,,state_pct_S2,pct,Elec HTA souterrain,0.0,0.0,0.0,0.0,,0.0,,0.0,,
network_state_pct,scientific_graph_inputs.state_damage_tables,storm,rp100,,elec_hta_souterrain,,state_pct_S3,pct,Elec HTA souterrain,0.0,0.0,0.0,0.0,,0.0,,0.0,,
network_state_pct,scientific_graph_inputs.state_damage_tables,storm,rp1000,,eau_aep,,state_pct_S0,pct,Eau AEP,12.155,11.335,11.477,-0.8199999999999985,-6.746194981489087,-0.677999999999999,-5.577951460304393,0.14199999999999946,1.2527569475077147,
network_state_pct,scientific_graph_inputs.state_damage_tables,storm,rp1000,,eau_aep,,state_pct_S1,pct,Eau AEP,0.0,0.533,0.407,0.533,,0.407,,-0.12600000000000006,-23.639774859287062,
network_state_pct,scientific_graph_inputs.state_damage_tables,storm,rp1000,,eau_aep,,state_pct_S2,pct,Eau AEP,0.0,0.155,0.151,0.155,,0.151,,-0.0040000000000000036,-2.580645161290325,
network_state_pct,scientific_graph_inputs.state_damage_tables,storm,rp1000,,eau_aep,,state_pct_S3,pct,Eau AEP,87.845,87.977,87.966,0.132000000000005,0.15026467072685412,0.12099999999999511,0.13774261483293881,-0.01100000000000989,-0.0125032678995759,
network_state_pct,scientific_graph_inputs.state_damage_tables,storm,rp1000,,eau_eu,,state_pct_S0,pct,Eau EU,1.953,1.748,1.818,-0.20500000000000007,-10.496671786994371,-0.135,-6.912442396313365,0.07000000000000006,4.004576659038905,
network_state_pct,scientific_graph_inputs.state_damage_tables,storm,rp1000,,eau_eu,,state_pct_S1,pct,Eau EU,0.0,0.197,0.127,0.197,,0.127,,-0.07,-35.53299492385787,
network_state_pct,scientific_graph_inputs.state_damage_tables,storm,rp1000,,eau_eu,,state_pct_S2,pct,Eau EU,6.683,2.358,2.358,-4.324999999999999,-64.71644471045937,-4.324999999999999,-64.71644471045937,0.0,0.0,
network_state_pct,scientific_graph_inputs.state_damage_tables,storm,rp1000,,eau_eu,,state_pct_S3,pct,Eau EU,91.364,95.696,95.696,4.331999999999994,4.741473665776447,4.331999999999994,4.741473665776447,0.0,0.0,
network_state_pct,scientific_graph_inputs.state_damage_tables,storm,rp1000,,elec_bt_aerien,,state_pct_S0,pct,Elec BT aerien,0.0,0.0,0.0,0.0,,0.0,,0.0,,
network_state_pct,scientific_graph_inputs.state_damage_tables,storm,rp1000,,elec_bt_aerien,,state_pct_S1,pct,Elec BT aerien,0.0,0.0,0.0,0.0,,0.0,,0.0,,
network_state_pct,scientific_graph_inputs.state_damage_tables,storm,rp1000,,elec_bt_aerien,,state_pct_S2,pct,Elec BT aerien,100.0,99.987,99.987,-0.01300000000000523,-0.01300000000000523,-0.01300000000000523,-0.01300000000000523,0.0,0.0,
network_state_pct,scientific_graph_inputs.state_damage_tables,storm,rp1000,,elec_bt_aerien,,state_pct_S3,pct,Elec BT aerien,0.0,0.013,0.013,0.013,,0.013,,0.0,0.0,
network_state_pct,scientific_graph_inputs.state_damage_tables,storm,rp1000,,elec_bt_souterrain,,state_pct_S0,pct,Elec BT souterrain,100.0,100.0,100.0,0.0,0.0,0.0,0.0,0.0,0.0,
network_state_pct,scientific_graph_inputs.state_damage_tables,storm,rp1000,,elec_bt_souterrain,,state_pct_S1,pct,Elec BT souterrain,0.0,0.0,0.0,0.0,,0.0,,0.0,,
network_state_pct,scientific_graph_inputs.state_damage_tables,storm,rp1000,,elec_bt_souterrain,,state_pct_S2,pct,Elec BT souterrain,0.0,0.0,0.0,0.0,,0.0,,0.0,,
network_state_pct,scientific_graph_inputs.state_damage_tables,storm,rp1000,,elec_bt_souterrain,,state_pct_S3,pct,Elec BT souterrain,0.0,0.0,0.0,0.0,,0.0,,0.0,,
network_state_pct,scientific_graph_inputs.state_damage_tables,storm,rp1000,,elec_hta_aerien,,state_pct_S0,pct,Elec HTA aerien,100.0,99.835,99.821,-0.16500000000000625,-0.16500000000000625,-0.17900000000000205,-0.17900000000000205,-0.013999999999995794,-0.014023138177989477,
network_state_pct,scientific_graph_inputs.state_damage_tables,storm,rp1000,,elec_hta_aerien,,state_pct_S1,pct,Elec HTA aerien,0.0,0.1,0.147,0.1,,0.147,,0.046999999999999986,46.999999999999986,
network_state_pct,scientific_graph_inputs.state_damage_tables,storm,rp1000,,elec_hta_aerien,,state_pct_S2,pct,Elec HTA aerien,0.0,0.065,0.032,0.065,,0.032,,-0.033,-50.76923076923077,
network_state_pct,scientific_graph_inputs.state_damage_tables,storm,rp1000,,elec_hta_aerien,,state_pct_S3,pct,Elec HTA aerien,0.0,0.0,0.0,0.0,,0.0,,0.0,,
network_state_pct,scientific_graph_inputs.state_damage_tables,storm,rp1000,,elec_hta_souterrain,,state_pct_S0,pct,Elec HTA souterrain,100.0,100.0,100.0,0.0,0.0,0.0,0.0,0.0,0.0,
network_state_pct,scientific_graph_inputs.state_damage_tables,storm,rp1000,,elec_hta_souterrain,,state_pct_S1,pct,Elec HTA souterrain,0.0,0.0,0.0,0.0,,0.0,,0.0,,
network_state_pct,scientific_graph_inputs.state_damage_tables,storm,rp1000,,elec_hta_souterrain,,state_pct_S2,pct,Elec HTA souterrain,0.0,0.0,0.0,0.0,,0.0,,0.0,,
network_state_pct,scientific_graph_inputs.state_damage_tables,storm,rp1000,,elec_hta_souterrain,,state_pct_S3,pct,Elec HTA souterrain,0.0,0.0,0.0,0.0,,0.0,,0.0,,
network_state_pct,scientific_graph_inputs.state_damage_tables,storm,rp50,,eau_aep,,state_pct_S0,pct,Eau AEP,12.155,11.734,11.75,-0.4209999999999994,-3.4635952283011058,-0.40499999999999936,-3.331962155491562,0.016000000000000014,0.1363558888699507,
network_state_pct,scientific_graph_inputs.state_damage_tables,storm,rp50,,eau_aep,,state_pct_S1,pct,Eau AEP,0.0,0.284,0.267,0.284,,0.267,,-0.01699999999999996,-5.985915492957733,
network_state_pct,scientific_graph_inputs.state_damage_tables,storm,rp50,,eau_aep,,state_pct_S2,pct,Eau AEP,87.845,87.114,87.114,-0.7309999999999945,-0.8321475325857983,-0.7309999999999945,-0.8321475325857983,0.0,0.0,
network_state_pct,scientific_graph_inputs.state_damage_tables,storm,rp50,,eau_aep,,state_pct_S3,pct,Eau AEP,0.0,0.869,0.869,0.869,,0.869,,0.0,0.0,
network_state_pct,scientific_graph_inputs.state_damage_tables,storm,rp50,,eau_eu,,state_pct_S0,pct,Eau EU,1.953,1.918,1.918,-0.03500000000000014,-1.792114695340509,-0.03500000000000014,-1.792114695340509,0.0,0.0,
network_state_pct,scientific_graph_inputs.state_damage_tables,storm,rp50,,eau_eu,,state_pct_S1,pct,Eau EU,0.0,0.027,0.027,0.027,,0.027,,0.0,0.0,
network_state_pct,scientific_graph_inputs.state_damage_tables,storm,rp50,,eau_eu,,state_pct_S2,pct,Eau EU,98.047,59.05,58.066,-38.997,-39.77378196171224,-39.980999999999995,-40.777382275847295,-0.9839999999999947,-1.6663844199830562,
network_state_pct,scientific_graph_inputs.state_damage_tables,storm,rp50,,eau_eu,,state_pct_S3,pct,Eau EU,0.0,39.005,39.989,39.005,,39.989,,0.9839999999999947,2.522753493141891,
network_state_pct,scientific_graph_inputs.state_damage_tables,storm,rp50,,elec_bt_aerien,,state_pct_S0,pct,Elec BT aerien,0.0,0.0,0.0,0.0,,0.0,,0.0,,
network_state_pct,scientific_graph_inputs.state_damage_tables,storm,rp50,,elec_bt_aerien,,state_pct_S1,pct,Elec BT aerien,100.0,99.968,99.907,-0.031999999999996476,-0.031999999999996476,-0.09300000000000352,-0.09300000000000352,-0.06100000000000705,-0.06101952624840654,
network_state_pct,scientific_graph_inputs.state_damage_tables,storm,rp50,,elec_bt_aerien,,state_pct_S2,pct,Elec BT aerien,0.0,0.032,0.093,0.032,,0.093,,0.061,190.625,
network_state_pct,scientific_graph_inputs.state_damage_tables,storm,rp50,,elec_bt_aerien,,state_pct_S3,pct,Elec BT aerien,0.0,0.0,0.0,0.0,,0.0,,0.0,,
network_state_pct,scientific_graph_inputs.state_damage_tables,storm,rp50,,elec_bt_souterrain,,state_pct_S0,pct,Elec BT souterrain,100.0,100.0,100.0,0.0,0.0,0.0,0.0,0.0,0.0,
network_state_pct,scientific_graph_inputs.state_damage_tables,storm,rp50,,elec_bt_souterrain,,state_pct_S1,pct,Elec BT souterrain,0.0,0.0,0.0,0.0,,0.0,,0.0,,
network_state_pct,scientific_graph_inputs.state_damage_tables,storm,rp50,,elec_bt_souterrain,,state_pct_S2,pct,Elec BT souterrain,0.0,0.0,0.0,0.0,,0.0,,0.0,,
network_state_pct,scientific_graph_inputs.state_damage_tables,storm,rp50,,elec_bt_souterrain,,state_pct_S3,pct,Elec BT souterrain,0.0,0.0,0.0,0.0,,0.0,,0.0,,
network_state_pct,scientific_graph_inputs.state_damage_tables,storm,rp50,,elec_hta_aerien,,state_pct_S0,pct,Elec HTA aerien,100.0,99.918,99.918,-0.08199999999999363,-0.08199999999999363,-0.08199999999999363,-0.08199999999999363,0.0,0.0,
network_state_pct,scientific_graph_inputs.state_damage_tables,storm,rp50,,elec_hta_aerien,,state_pct_S1,pct,Elec HTA aerien,0.0,0.082,0.082,0.082,,0.082,,0.0,0.0,
network_state_pct,scientific_graph_inputs.state_damage_tables,storm,rp50,,elec_hta_aerien,,state_pct_S2,pct,Elec HTA aerien,0.0,0.0,0.0,0.0,,0.0,,0.0,,
network_state_pct,scientific_graph_inputs.state_damage_tables,storm,rp50,,elec_hta_aerien,,state_pct_S3,pct,Elec HTA aerien,0.0,0.0,0.0,0.0,,0.0,,0.0,,
network_state_pct,scientific_graph_inputs.state_damage_tables,storm,rp50,,elec_hta_souterrain,,state_pct_S0,pct,Elec HTA souterrain,100.0,100.0,100.0,0.0,0.0,0.0,0.0,0.0,0.0,
network_state_pct,scientific_graph_inputs.state_damage_tables,storm,rp50,,elec_hta_souterrain,,state_pct_S1,pct,Elec HTA souterrain,0.0,0.0,0.0,0.0,,0.0,,0.0,,
network_state_pct,scientific_graph_inputs.state_damage_tables,storm,rp50,,elec_hta_souterrain,,state_pct_S2,pct,Elec HTA souterrain,0.0,0.0,0.0,0.0,,0.0,,0.0,,
network_state_pct,scientific_graph_inputs.state_damage_tables,storm,rp50,,elec_hta_souterrain,,state_pct_S3,pct,Elec HTA souterrain,0.0,0.0,0.0,0.0,,0.0,,0.0,,
network_state_pct,scientific_graph_inputs.state_damage_tables,storm_cmcc,rp10,,eau_aep,,state_pct_S0,pct,Eau AEP,12.155,12.018,12.018,-0.13699999999999868,-1.1271081859317045,-0.13699999999999868,-1.1271081859317045,0.0,0.0,
network_state_pct,scientific_graph_inputs.state_damage_tables,storm_cmcc,rp10,,eau_aep,,state_pct_S1,pct,Eau AEP,87.845,87.114,87.114,-0.7309999999999945,-0.8321475325857983,-0.7309999999999945,-0.8321475325857983,0.0,0.0,
network_state_pct,scientific_graph_inputs.state_damage_tables,storm_cmcc,rp10,,eau_aep,,state_pct_S2,pct,Eau AEP,0.0,0.869,0.869,0.869,,0.869,,0.0,0.0,
network_state_pct,scientific_graph_inputs.state_damage_tables,storm_cmcc,rp10,,eau_aep,,state_pct_S3,pct,Eau AEP,0.0,0.0,0.0,0.0,,0.0,,0.0,,
network_state_pct,scientific_graph_inputs.state_damage_tables,storm_cmcc,rp10,,eau_eu,,state_pct_S0,pct,Eau EU,1.953,1.945,1.945,-0.008000000000000007,-0.40962621607782934,-0.008000000000000007,-0.40962621607782934,0.0,0.0,
network_state_pct,scientific_graph_inputs.state_damage_tables,storm_cmcc,rp10,,eau_eu,,state_pct_S1,pct,Eau EU,98.047,67.711,67.711,-30.336,-30.940263343090557,-30.336,-30.940263343090557,0.0,0.0,
network_state_pct,scientific_graph_inputs.state_damage_tables,storm_cmcc,rp10,,eau_eu,,state_pct_S2,pct,Eau EU,0.0,16.434,16.434,16.434,,16.434,,0.0,0.0,
network_state_pct,scientific_graph_inputs.state_damage_tables,storm_cmcc,rp10,,eau_eu,,state_pct_S3,pct,Eau EU,0.0,13.909,13.909,13.909,,13.909,,0.0,0.0,
network_state_pct,scientific_graph_inputs.state_damage_tables,storm_cmcc,rp10,,elec_bt_aerien,,state_pct_S0,pct,Elec BT aerien,100.0,99.966,99.961,-0.034000000000006025,-0.034000000000006025,-0.03900000000000148,-0.03900000000000148,-0.0049999999999954525,-0.005001700578192038,
network_state_pct,scientific_graph_inputs.state_damage_tables,storm_cmcc,rp10,,elec_bt_aerien,,state_pct_S1,pct,Elec BT aerien,0.0,0.034,0.039,0.034,,0.039,,0.0049999999999999975,14.705882352941169,
network_state_pct,scientific_graph_inputs.state_damage_tables,storm_cmcc,rp10,,elec_bt_aerien,,state_pct_S2,pct,Elec BT aerien,0.0,0.0,0.0,0.0,,0.0,,0.0,,
network_state_pct,scientific_graph_inputs.state_damage_tables,storm_cmcc,rp10,,elec_bt_aerien,,state_pct_S3,pct,Elec BT aerien,0.0,0.0,0.0,0.0,,0.0,,0.0,,
network_state_pct,scientific_graph_inputs.state_damage_tables,storm_cmcc,rp10,,elec_bt_souterrain,,state_pct_S0,pct,Elec BT souterrain,100.0,100.0,100.0,0.0,0.0,0.0,0.0,0.0,0.0,
network_state_pct,scientific_graph_inputs.state_damage_tables,storm_cmcc,rp10,,elec_bt_souterrain,,state_pct_S1,pct,Elec BT souterrain,0.0,0.0,0.0,0.0,,0.0,,0.0,,
network_state_pct,scientific_graph_inputs.state_damage_tables,storm_cmcc,rp10,,elec_bt_souterrain,,state_pct_S2,pct,Elec BT souterrain,0.0,0.0,0.0,0.0,,0.0,,0.0,,
network_state_pct,scientific_graph_inputs.state_damage_tables,storm_cmcc,rp10,,elec_bt_souterrain,,state_pct_S3,pct,Elec BT souterrain,0.0,0.0,0.0,0.0,,0.0,,0.0,,
network_state_pct,scientific_graph_inputs.state_damage_tables,storm_cmcc,rp10,,elec_hta_aerien,,state_pct_S0,pct,Elec HTA aerien,100.0,100.0,100.0,0.0,0.0,0.0,0.0,0.0,0.0,
network_state_pct,scientific_graph_inputs.state_damage_tables,storm_cmcc,rp10,,elec_hta_aerien,,state_pct_S1,pct,Elec HTA aerien,0.0,0.0,0.0,0.0,,0.0,,0.0,,
network_state_pct,scientific_graph_inputs.state_damage_tables,storm_cmcc,rp10,,elec_hta_aerien,,state_pct_S2,pct,Elec HTA aerien,0.0,0.0,0.0,0.0,,0.0,,0.0,,
network_state_pct,scientific_graph_inputs.state_damage_tables,storm_cmcc,rp10,,elec_hta_aerien,,state_pct_S3,pct,Elec HTA aerien,0.0,0.0,0.0,0.0,,0.0,,0.0,,
network_state_pct,scientific_graph_inputs.state_damage_tables,storm_cmcc,rp10,,elec_hta_souterrain,,state_pct_S0,pct,Elec HTA souterrain,100.0,100.0,100.0,0.0,0.0,0.0,0.0,0.0,0.0,
network_state_pct,scientific_graph_inputs.state_damage_tables,storm_cmcc,rp10,,elec_hta_souterrain,,state_pct_S1,pct,Elec HTA souterrain,0.0,0.0,0.0,0.0,,0.0,,0.0,,
network_state_pct,scientific_graph_inputs.state_damage_tables,storm_cmcc,rp10,,elec_hta_souterrain,,state_pct_S2,pct,Elec HTA souterrain,0.0,0.0,0.0,0.0,,0.0,,0.0,,
network_state_pct,scientific_graph_inputs.state_damage_tables,storm_cmcc,rp10,,elec_hta_souterrain,,state_pct_S3,pct,Elec HTA souterrain,0.0,0.0,0.0,0.0,,0.0,,0.0,,
network_state_pct,scientific_graph_inputs.state_damage_tables,storm_cmcc,rp100,,eau_aep,,state_pct_S0,pct,Eau AEP,12.155,11.616,11.645,-0.5389999999999997,-4.434389140271492,-0.5099999999999998,-4.195804195804195,0.028999999999999915,0.24965564738291937,
network_state_pct,scientific_graph_inputs.state_damage_tables,storm_cmcc,rp100,,eau_aep,,state_pct_S1,pct,Eau AEP,0.0,0.348,0.322,0.348,,0.322,,-0.025999999999999968,-7.471264367816083,
network_state_pct,scientific_graph_inputs.state_damage_tables,storm_cmcc,rp100,,eau_aep,,state_pct_S2,pct,Eau AEP,87.845,79.626,79.639,-8.218999999999994,-9.356252490181562,-8.206000000000003,-9.341453696852414,0.012999999999991019,0.01632632557203805,
network_state_pct,scientific_graph_inputs.state_damage_tables,storm_cmcc,rp100,,eau_aep,,state_pct_S3,pct,Eau AEP,0.0,8.41,8.395,8.41,,8.395,,-0.015000000000000568,-0.17835909631391875,
network_state_pct,scientific_graph_inputs.state_damage_tables,storm_cmcc,rp100,,eau_eu,,state_pct_S0,pct,Eau EU,1.953,1.888,1.893,-0.06500000000000017,-3.328213005632369,-0.06000000000000005,-3.0721966205837203,0.0050000000000001155,0.2648305084745824,
network_state_pct,scientific_graph_inputs.state_damage_tables,storm_cmcc,rp100,,eau_eu,,state_pct_S1,pct,Eau EU,0.0,0.057,0.052,0.057,,0.052,,-0.0050000000000000044,-8.771929824561411,
network_state_pct,scientific_graph_inputs.state_damage_tables,storm_cmcc,rp100,,eau_eu,,state_pct_S2,pct,Eau EU,98.047,53.164,53.164,-44.882999999999996,-45.77702530419084,-44.882999999999996,-45.77702530419084,0.0,0.0,
network_state_pct,scientific_graph_inputs.state_damage_tables,storm_cmcc,rp100,,eau_eu,,state_pct_S3,pct,Eau EU,0.0,44.89,44.89,44.89,,44.89,,0.0,0.0,
network_state_pct,scientific_graph_inputs.state_damage_tables,storm_cmcc,rp100,,elec_bt_aerien,,state_pct_S0,pct,Elec BT aerien,0.0,0.0,0.0,0.0,,0.0,,0.0,,
network_state_pct,scientific_graph_inputs.state_damage_tables,storm_cmcc,rp100,,elec_bt_aerien,,state_pct_S1,pct,Elec BT aerien,0.0,0.0,0.0,0.0,,0.0,,0.0,,
network_state_pct,scientific_graph_inputs.state_damage_tables,storm_cmcc,rp100,,elec_bt_aerien,,state_pct_S2,pct,Elec BT aerien,100.0,100.0,100.0,0.0,0.0,0.0,0.0,0.0,0.0,
network_state_pct,scientific_graph_inputs.state_damage_tables,storm_cmcc,rp100,,elec_bt_aerien,,state_pct_S3,pct,Elec BT aerien,0.0,0.0,0.0,0.0,,0.0,,0.0,,
network_state_pct,scientific_graph_inputs.state_damage_tables,storm_cmcc,rp100,,elec_bt_souterrain,,state_pct_S0,pct,Elec BT souterrain,100.0,100.0,100.0,0.0,0.0,0.0,0.0,0.0,0.0,
network_state_pct,scientific_graph_inputs.state_damage_tables,storm_cmcc,rp100,,elec_bt_souterrain,,state_pct_S1,pct,Elec BT souterrain,0.0,0.0,0.0,0.0,,0.0,,0.0,,
network_state_pct,scientific_graph_inputs.state_damage_tables,storm_cmcc,rp100,,elec_bt_souterrain,,state_pct_S2,pct,Elec BT souterrain,0.0,0.0,0.0,0.0,,0.0,,0.0,,
network_state_pct,scientific_graph_inputs.state_damage_tables,storm_cmcc,rp100,,elec_bt_souterrain,,state_pct_S3,pct,Elec BT souterrain,0.0,0.0,0.0,0.0,,0.0,,0.0,,
network_state_pct,scientific_graph_inputs.state_damage_tables,storm_cmcc,rp100,,elec_hta_aerien,,state_pct_S0,pct,Elec HTA aerien,100.0,99.902,99.902,-0.09799999999999898,-0.09799999999999898,-0.09799999999999898,-0.09799999999999898,0.0,0.0,
network_state_pct,scientific_graph_inputs.state_damage_tables,storm_cmcc,rp100,,elec_hta_aerien,,state_pct_S1,pct,Elec HTA aerien,0.0,0.098,0.098,0.098,,0.098,,0.0,0.0,
network_state_pct,scientific_graph_inputs.state_damage_tables,storm_cmcc,rp100,,elec_hta_aerien,,state_pct_S2,pct,Elec HTA aerien,0.0,0.0,0.0,0.0,,0.0,,0.0,,
network_state_pct,scientific_graph_inputs.state_damage_tables,storm_cmcc,rp100,,elec_hta_aerien,,state_pct_S3,pct,Elec HTA aerien,0.0,0.0,0.0,0.0,,0.0,,0.0,,
network_state_pct,scientific_graph_inputs.state_damage_tables,storm_cmcc,rp100,,elec_hta_souterrain,,state_pct_S0,pct,Elec HTA souterrain,100.0,100.0,100.0,0.0,0.0,0.0,0.0,0.0,0.0,
network_state_pct,scientific_graph_inputs.state_damage_tables,storm_cmcc,rp100,,elec_hta_souterrain,,state_pct_S1,pct,Elec HTA souterrain,0.0,0.0,0.0,0.0,,0.0,,0.0,,
network_state_pct,scientific_graph_inputs.state_damage_tables,storm_cmcc,rp100,,elec_hta_souterrain,,state_pct_S2,pct,Elec HTA souterrain,0.0,0.0,0.0,0.0,,0.0,,0.0,,
network_state_pct,scientific_graph_inputs.state_damage_tables,storm_cmcc,rp100,,elec_hta_souterrain,,state_pct_S3,pct,Elec HTA souterrain,0.0,0.0,0.0,0.0,,0.0,,0.0,,
network_state_pct,scientific_graph_inputs.state_damage_tables,storm_cmcc,rp1000,,eau_aep,,state_pct_S0,pct,Eau AEP,12.155,11.31,11.425,-0.8449999999999989,-6.951871657754002,-0.7299999999999986,-6.005758946935407,0.11500000000000021,1.0167992926613636,
network_state_pct,scientific_graph_inputs.state_damage_tables,storm_cmcc,rp1000,,eau_aep,,state_pct_S1,pct,Eau AEP,0.0,0.573,0.459,0.573,,0.459,,-0.11399999999999993,-19.895287958115173,
network_state_pct,scientific_graph_inputs.state_damage_tables,storm_cmcc,rp1000,,eau_aep,,state_pct_S2,pct,Eau AEP,0.0,0.139,0.139,0.139,,0.139,,0.0,0.0,
network_state_pct,scientific_graph_inputs.state_damage_tables,storm_cmcc,rp1000,,eau_aep,,state_pct_S3,pct,Eau AEP,87.845,87.977,87.977,0.132000000000005,0.15026467072685412,0.132000000000005,0.15026467072685412,0.0,0.0,
network_state_pct,scientific_graph_inputs.state_damage_tables,storm_cmcc,rp1000,,eau_eu,,state_pct_S0,pct,Eau EU,1.953,1.741,1.774,-0.21199999999999997,-10.855094726062466,-0.17900000000000005,-9.165386584741425,0.03299999999999992,1.8954623779437056,
network_state_pct,scientific_graph_inputs.state_damage_tables,storm_cmcc,rp1000,,eau_eu,,state_pct_S1,pct,Eau EU,0.0,0.204,0.172,0.204,,0.172,,-0.032,-15.686274509803924,
network_state_pct,scientific_graph_inputs.state_damage_tables,storm_cmcc,rp1000,,eau_eu,,state_pct_S2,pct,Eau EU,6.683,2.358,2.358,-4.324999999999999,-64.71644471045937,-4.324999999999999,-64.71644471045937,0.0,0.0,
network_state_pct,scientific_graph_inputs.state_damage_tables,storm_cmcc,rp1000,,eau_eu,,state_pct_S3,pct,Eau EU,91.364,95.696,95.696,4.331999999999994,4.741473665776447,4.331999999999994,4.741473665776447,0.0,0.0,
network_state_pct,scientific_graph_inputs.state_damage_tables,storm_cmcc,rp1000,,elec_bt_aerien,,state_pct_S0,pct,Elec BT aerien,0.0,0.0,0.0,0.0,,0.0,,0.0,,
network_state_pct,scientific_graph_inputs.state_damage_tables,storm_cmcc,rp1000,,elec_bt_aerien,,state_pct_S1,pct,Elec BT aerien,0.0,0.0,0.0,0.0,,0.0,,0.0,,
network_state_pct,scientific_graph_inputs.state_damage_tables,storm_cmcc,rp1000,,elec_bt_aerien,,state_pct_S2,pct,Elec BT aerien,100.0,99.98,99.98,-0.01999999999999602,-0.01999999999999602,-0.01999999999999602,-0.01999999999999602,0.0,0.0,
network_state_pct,scientific_graph_inputs.state_damage_tables,storm_cmcc,rp1000,,elec_bt_aerien,,state_pct_S3,pct,Elec BT aerien,0.0,0.02,0.02,0.02,,0.02,,0.0,0.0,
network_state_pct,scientific_graph_inputs.state_damage_tables,storm_cmcc,rp1000,,elec_bt_souterrain,,state_pct_S0,pct,Elec BT souterrain,100.0,100.0,100.0,0.0,0.0,0.0,0.0,0.0,0.0,
network_state_pct,scientific_graph_inputs.state_damage_tables,storm_cmcc,rp1000,,elec_bt_souterrain,,state_pct_S1,pct,Elec BT souterrain,0.0,0.0,0.0,0.0,,0.0,,0.0,,
network_state_pct,scientific_graph_inputs.state_damage_tables,storm_cmcc,rp1000,,elec_bt_souterrain,,state_pct_S2,pct,Elec BT souterrain,0.0,0.0,0.0,0.0,,0.0,,0.0,,
network_state_pct,scientific_graph_inputs.state_damage_tables,storm_cmcc,rp1000,,elec_bt_souterrain,,state_pct_S3,pct,Elec BT souterrain,0.0,0.0,0.0,0.0,,0.0,,0.0,,
network_state_pct,scientific_graph_inputs.state_damage_tables,storm_cmcc,rp1000,,elec_hta_aerien,,state_pct_S0,pct,Elec HTA aerien,100.0,99.835,99.835,-0.16500000000000625,-0.16500000000000625,-0.16500000000000625,-0.16500000000000625,0.0,0.0,
network_state_pct,scientific_graph_inputs.state_damage_tables,storm_cmcc,rp1000,,elec_hta_aerien,,state_pct_S1,pct,Elec HTA aerien,0.0,0.1,0.1,0.1,,0.1,,0.0,0.0,
network_state_pct,scientific_graph_inputs.state_damage_tables,storm_cmcc,rp1000,,elec_hta_aerien,,state_pct_S2,pct,Elec HTA aerien,0.0,0.065,0.065,0.065,,0.065,,0.0,0.0,
network_state_pct,scientific_graph_inputs.state_damage_tables,storm_cmcc,rp1000,,elec_hta_aerien,,state_pct_S3,pct,Elec HTA aerien,0.0,0.0,0.0,0.0,,0.0,,0.0,,
network_state_pct,scientific_graph_inputs.state_damage_tables,storm_cmcc,rp1000,,elec_hta_souterrain,,state_pct_S0,pct,Elec HTA souterrain,100.0,100.0,100.0,0.0,0.0,0.0,0.0,0.0,0.0,
network_state_pct,scientific_graph_inputs.state_damage_tables,storm_cmcc,rp1000,,elec_hta_souterrain,,state_pct_S1,pct,Elec HTA souterrain,0.0,0.0,0.0,0.0,,0.0,,0.0,,
network_state_pct,scientific_graph_inputs.state_damage_tables,storm_cmcc,rp1000,,elec_hta_souterrain,,state_pct_S2,pct,Elec HTA souterrain,0.0,0.0,0.0,0.0,,0.0,,0.0,,
network_state_pct,scientific_graph_inputs.state_damage_tables,storm_cmcc,rp1000,,elec_hta_souterrain,,state_pct_S3,pct,Elec HTA souterrain,0.0,0.0,0.0,0.0,,0.0,,0.0,,
network_state_pct,scientific_graph_inputs.state_damage_tables,storm_cmcc,rp50,,eau_aep,,state_pct_S0,pct,Eau AEP,12.155,11.732,11.75,-0.42300000000000004,-3.4800493624023043,-0.40499999999999936,-3.331962155491562,0.018000000000000682,0.15342652574156734,
network_state_pct,scientific_graph_inputs.state_damage_tables,storm_cmcc,rp50,,eau_aep,,state_pct_S1,pct,Eau AEP,0.0,0.283,0.265,0.283,,0.265,,-0.01799999999999996,-6.360424028268538,
network_state_pct,scientific_graph_inputs.state_damage_tables,storm_cmcc,rp50,,eau_aep,,state_pct_S2,pct,Eau AEP,87.845,87.116,87.116,-0.7289999999999992,-0.8298707951505484,-0.7289999999999992,-0.8298707951505484,0.0,0.0,
network_state_pct,scientific_graph_inputs.state_damage_tables,storm_cmcc,rp50,,eau_aep,,state_pct_S3,pct,Eau AEP,0.0,0.869,0.869,0.869,,0.869,,0.0,0.0,
network_state_pct,scientific_graph_inputs.state_damage_tables,storm_cmcc,rp50,,eau_eu,,state_pct_S0,pct,Eau EU,1.953,1.918,1.918,-0.03500000000000014,-1.792114695340509,-0.03500000000000014,-1.792114695340509,0.0,0.0,
network_state_pct,scientific_graph_inputs.state_damage_tables,storm_cmcc,rp50,,eau_eu,,state_pct_S1,pct,Eau EU,0.0,0.027,0.027,0.027,,0.027,,0.0,0.0,
network_state_pct,scientific_graph_inputs.state_damage_tables,storm_cmcc,rp50,,eau_eu,,state_pct_S2,pct,Eau EU,98.047,59.05,58.066,-38.997,-39.77378196171224,-39.980999999999995,-40.777382275847295,-0.9839999999999947,-1.6663844199830562,
network_state_pct,scientific_graph_inputs.state_damage_tables,storm_cmcc,rp50,,eau_eu,,state_pct_S3,pct,Eau EU,0.0,39.005,39.989,39.005,,39.989,,0.9839999999999947,2.522753493141891,
network_state_pct,scientific_graph_inputs.state_damage_tables,storm_cmcc,rp50,,elec_bt_aerien,,state_pct_S0,pct,Elec BT aerien,0.0,0.0,0.0,0.0,,0.0,,0.0,,
network_state_pct,scientific_graph_inputs.state_damage_tables,storm_cmcc,rp50,,elec_bt_aerien,,state_pct_S1,pct,Elec BT aerien,99.453,99.904,99.797,0.4509999999999934,0.45348053854583914,0.3439999999999941,0.34589202940081654,-0.10699999999999932,-0.10710281870595705,
network_state_pct,scientific_graph_inputs.state_damage_tables,storm_cmcc,rp50,,elec_bt_aerien,,state_pct_S2,pct,Elec BT aerien,0.547,0.096,0.203,-0.45100000000000007,-82.44972577696527,-0.34400000000000003,-62.888482632541134,0.10700000000000001,111.45833333333334,
network_state_pct,scientific_graph_inputs.state_damage_tables,storm_cmcc,rp50,,elec_bt_aerien,,state_pct_S3,pct,Elec BT aerien,0.0,0.0,0.0,0.0,,0.0,,0.0,,
network_state_pct,scientific_graph_inputs.state_damage_tables,storm_cmcc,rp50,,elec_bt_souterrain,,state_pct_S0,pct,Elec BT souterrain,100.0,100.0,100.0,0.0,0.0,0.0,0.0,0.0,0.0,
network_state_pct,scientific_graph_inputs.state_damage_tables,storm_cmcc,rp50,,elec_bt_souterrain,,state_pct_S1,pct,Elec BT souterrain,0.0,0.0,0.0,0.0,,0.0,,0.0,,
network_state_pct,scientific_graph_inputs.state_damage_tables,storm_cmcc,rp50,,elec_bt_souterrain,,state_pct_S2,pct,Elec BT souterrain,0.0,0.0,0.0,0.0,,0.0,,0.0,,
network_state_pct,scientific_graph_inputs.state_damage_tables,storm_cmcc,rp50,,elec_bt_souterrain,,state_pct_S3,pct,Elec BT souterrain,0.0,0.0,0.0,0.0,,0.0,,0.0,,
network_state_pct,scientific_graph_inputs.state_damage_tables,storm_cmcc,rp50,,elec_hta_aerien,,state_pct_S0,pct,Elec HTA aerien,100.0,99.918,99.918,-0.08199999999999363,-0.08199999999999363,-0.08199999999999363,-0.08199999999999363,0.0,0.0,
network_state_pct,scientific_graph_inputs.state_damage_tables,storm_cmcc,rp50,,elec_hta_aerien,,state_pct_S1,pct,Elec HTA aerien,0.0,0.082,0.082,0.082,,0.082,,0.0,0.0,
network_state_pct,scientific_graph_inputs.state_damage_tables,storm_cmcc,rp50,,elec_hta_aerien,,state_pct_S2,pct,Elec HTA aerien,0.0,0.0,0.0,0.0,,0.0,,0.0,,
network_state_pct,scientific_graph_inputs.state_damage_tables,storm_cmcc,rp50,,elec_hta_aerien,,state_pct_S3,pct,Elec HTA aerien,0.0,0.0,0.0,0.0,,0.0,,0.0,,
network_state_pct,scientific_graph_inputs.state_damage_tables,storm_cmcc,rp50,,elec_hta_souterrain,,state_pct_S0,pct,Elec HTA souterrain,100.0,100.0,100.0,0.0,0.0,0.0,0.0,0.0,0.0,
network_state_pct,scientific_graph_inputs.state_damage_tables,storm_cmcc,rp50,,elec_hta_souterrain,,state_pct_S1,pct,Elec HTA souterrain,0.0,0.0,0.0,0.0,,0.0,,0.0,,
network_state_pct,scientific_graph_inputs.state_damage_tables,storm_cmcc,rp50,,elec_hta_souterrain,,state_pct_S2,pct,Elec HTA souterrain,0.0,0.0,0.0,0.0,,0.0,,0.0,,
network_state_pct,scientific_graph_inputs.state_damage_tables,storm_cmcc,rp50,,elec_hta_souterrain,,state_pct_S3,pct,Elec HTA souterrain,0.0,0.0,0.0,0.0,,0.0,,0.0,,
network_state_units,scientific_graph_inputs.network_state_service_distribution_by_scenario,storm,rp10,eau_aep,,,S0,count,,135.0,133.0,133.0,-2.0,-1.4814814814814816,-2.0,-1.4814814814814816,0.0,0.0,
network_state_units,scientific_graph_inputs.network_state_service_distribution_by_scenario,storm,rp10,eau_aep,,,S1,count,,64.0,66.0,66.0,2.0,3.125,2.0,3.125,0.0,0.0,
network_state_units,scientific_graph_inputs.network_state_service_distribution_by_scenario,storm,rp10,eau_aep,,,S2,count,,0.0,0.0,0.0,0.0,,0.0,,0.0,,
network_state_units,scientific_graph_inputs.network_state_service_distribution_by_scenario,storm,rp10,eau_aep,,,S3,count,,0.0,0.0,0.0,0.0,,0.0,,0.0,,
network_state_units,scientific_graph_inputs.network_state_service_distribution_by_scenario,storm,rp10,eau_aep,,,total_units,count,,199.0,199.0,199.0,0.0,0.0,0.0,0.0,0.0,0.0,
network_state_units,scientific_graph_inputs.network_state_service_distribution_by_scenario,storm,rp10,eau_eu,,,S0,count,,158.0,158.0,158.0,0.0,0.0,0.0,0.0,0.0,0.0,
network_state_units,scientific_graph_inputs.network_state_service_distribution_by_scenario,storm,rp10,eau_eu,,,S1,count,,112.0,112.0,112.0,0.0,0.0,0.0,0.0,0.0,0.0,
network_state_units,scientific_graph_inputs.network_state_service_distribution_by_scenario,storm,rp10,eau_eu,,,S2,count,,0.0,0.0,0.0,0.0,,0.0,,0.0,,
network_state_units,scientific_graph_inputs.network_state_service_distribution_by_scenario,storm,rp10,eau_eu,,,S3,count,,0.0,0.0,0.0,0.0,,0.0,,0.0,,
network_state_units,scientific_graph_inputs.network_state_service_distribution_by_scenario,storm,rp10,eau_eu,,,total_units,count,,270.0,270.0,270.0,0.0,0.0,0.0,0.0,0.0,0.0,
network_state_units,scientific_graph_inputs.network_state_service_distribution_by_scenario,storm,rp10,elec,,,S0,count,,40.0,40.0,40.0,0.0,0.0,0.0,0.0,0.0,0.0,
network_state_units,scientific_graph_inputs.network_state_service_distribution_by_scenario,storm,rp10,elec,,,S1,count,,0.0,0.0,0.0,0.0,,0.0,,0.0,,
network_state_units,scientific_graph_inputs.network_state_service_distribution_by_scenario,storm,rp10,elec,,,S2,count,,0.0,0.0,0.0,0.0,,0.0,,0.0,,
network_state_units,scientific_graph_inputs.network_state_service_distribution_by_scenario,storm,rp10,elec,,,S3,count,,0.0,0.0,0.0,0.0,,0.0,,0.0,,
network_state_units,scientific_graph_inputs.network_state_service_distribution_by_scenario,storm,rp10,elec,,,total_units,count,,40.0,40.0,40.0,0.0,0.0,0.0,0.0,0.0,0.0,
network_state_units,scientific_graph_inputs.network_state_service_distribution_by_scenario,storm,rp100,eau_aep,,,S0,count,,109.0,109.0,109.0,0.0,0.0,0.0,0.0,0.0,0.0,
network_state_units,scientific_graph_inputs.network_state_service_distribution_by_scenario,storm,rp100,eau_aep,,,S1,count,,19.0,19.0,19.0,0.0,0.0,0.0,0.0,0.0,0.0,
network_state_units,scientific_graph_inputs.network_state_service_distribution_by_scenario,storm,rp100,eau_aep,,,S2,count,,11.0,11.0,11.0,0.0,0.0,0.0,0.0,0.0,0.0,
network_state_units,scientific_graph_inputs.network_state_service_distribution_by_scenario,storm,rp100,eau_aep,,,S3,count,,60.0,60.0,60.0,0.0,0.0,0.0,0.0,0.0,0.0,
network_state_units,scientific_graph_inputs.network_state_service_distribution_by_scenario,storm,rp100,eau_aep,,,total_units,count,,199.0,199.0,199.0,0.0,0.0,0.0,0.0,0.0,0.0,
network_state_units,scientific_graph_inputs.network_state_service_distribution_by_scenario,storm,rp100,eau_eu,,,S0,count,,196.0,196.0,195.0,0.0,0.0,-1.0,-0.5102040816326531,-1.0,-0.5102040816326531,
network_state_units,scientific_graph_inputs.network_state_service_distribution_by_scenario,storm,rp100,eau_eu,,,S1,count,,74.0,74.0,75.0,0.0,0.0,1.0,1.3513513513513513,1.0,1.3513513513513513,
network_state_units,scientific_graph_inputs.network_state_service_distribution_by_scenario,storm,rp100,eau_eu,,,S2,count,,0.0,0.0,0.0,0.0,,0.0,,0.0,,
network_state_units,scientific_graph_inputs.network_state_service_distribution_by_scenario,storm,rp100,eau_eu,,,S3,count,,0.0,0.0,0.0,0.0,,0.0,,0.0,,
network_state_units,scientific_graph_inputs.network_state_service_distribution_by_scenario,storm,rp100,eau_eu,,,total_units,count,,270.0,270.0,270.0,0.0,0.0,0.0,0.0,0.0,0.0,
network_state_units,scientific_graph_inputs.network_state_service_distribution_by_scenario,storm,rp100,elec,,,S0,count,,40.0,40.0,40.0,0.0,0.0,0.0,0.0,0.0,0.0,
network_state_units,scientific_graph_inputs.network_state_service_distribution_by_scenario,storm,rp100,elec,,,S1,count,,0.0,0.0,0.0,0.0,,0.0,,0.0,,
network_state_units,scientific_graph_inputs.network_state_service_distribution_by_scenario,storm,rp100,elec,,,S2,count,,0.0,0.0,0.0,0.0,,0.0,,0.0,,
network_state_units,scientific_graph_inputs.network_state_service_distribution_by_scenario,storm,rp100,elec,,,S3,count,,0.0,0.0,0.0,0.0,,0.0,,0.0,,
network_state_units,scientific_graph_inputs.network_state_service_distribution_by_scenario,storm,rp100,elec,,,total_units,count,,40.0,40.0,40.0,0.0,0.0,0.0,0.0,0.0,0.0,
network_state_units,scientific_graph_inputs.network_state_service_distribution_by_scenario,storm,rp1000,eau_aep,,,S0,count,,0.0,0.0,0.0,0.0,,0.0,,0.0,,
network_state_units,scientific_graph_inputs.network_state_service_distribution_by_scenario,storm,rp1000,eau_aep,,,S1,count,,16.0,16.0,16.0,0.0,0.0,0.0,0.0,0.0,0.0,
network_state_units,scientific_graph_inputs.network_state_service_distribution_by_scenario,storm,rp1000,eau_aep,,,S2,count,,177.0,177.0,177.0,0.0,0.0,0.0,0.0,0.0,0.0,
network_state_units,scientific_graph_inputs.network_state_service_distribution_by_scenario,storm,rp1000,eau_aep,,,S3,count,,6.0,6.0,6.0,0.0,0.0,0.0,0.0,0.0,0.0,
network_state_units,scientific_graph_inputs.network_state_service_distribution_by_scenario,storm,rp1000,eau_aep,,,total_units,count,,199.0,199.0,199.0,0.0,0.0,0.0,0.0,0.0,0.0,
network_state_units,scientific_graph_inputs.network_state_service_distribution_by_scenario,storm,rp1000,eau_eu,,,S0,count,,0.0,0.0,0.0,0.0,,0.0,,0.0,,
network_state_units,scientific_graph_inputs.network_state_service_distribution_by_scenario,storm,rp1000,eau_eu,,,S1,count,,67.0,67.0,67.0,0.0,0.0,0.0,0.0,0.0,0.0,
network_state_units,scientific_graph_inputs.network_state_service_distribution_by_scenario,storm,rp1000,eau_eu,,,S2,count,,203.0,203.0,203.0,0.0,0.0,0.0,0.0,0.0,0.0,
network_state_units,scientific_graph_inputs.network_state_service_distribution_by_scenario,storm,rp1000,eau_eu,,,S3,count,,0.0,0.0,0.0,0.0,,0.0,,0.0,,
network_state_units,scientific_graph_inputs.network_state_service_distribution_by_scenario,storm,rp1000,eau_eu,,,total_units,count,,270.0,270.0,270.0,0.0,0.0,0.0,0.0,0.0,0.0,
network_state_units,scientific_graph_inputs.network_state_service_distribution_by_scenario,storm,rp1000,elec,,,S0,count,,30.0,30.0,30.0,0.0,0.0,0.0,0.0,0.0,0.0,
network_state_units,scientific_graph_inputs.network_state_service_distribution_by_scenario,storm,rp1000,elec,,,S1,count,,10.0,10.0,10.0,0.0,0.0,0.0,0.0,0.0,0.0,
network_state_units,scientific_graph_inputs.network_state_service_distribution_by_scenario,storm,rp1000,elec,,,S2,count,,0.0,0.0,0.0,0.0,,0.0,,0.0,,
network_state_units,scientific_graph_inputs.network_state_service_distribution_by_scenario,storm,rp1000,elec,,,S3,count,,0.0,0.0,0.0,0.0,,0.0,,0.0,,
network_state_units,scientific_graph_inputs.network_state_service_distribution_by_scenario,storm,rp1000,elec,,,total_units,count,,40.0,40.0,40.0,0.0,0.0,0.0,0.0,0.0,0.0,
network_state_units,scientific_graph_inputs.network_state_service_distribution_by_scenario,storm,rp50,eau_aep,,,S0,count,,116.0,117.0,116.0,1.0,0.8620689655172413,0.0,0.0,-1.0,-0.8547008547008548,
network_state_units,scientific_graph_inputs.network_state_service_distribution_by_scenario,storm,rp50,eau_aep,,,S1,count,,18.0,17.0,18.0,-1.0,-5.555555555555555,0.0,0.0,1.0,5.88235294117647,
network_state_units,scientific_graph_inputs.network_state_service_distribution_by_scenario,storm,rp50,eau_aep,,,S2,count,,8.0,8.0,8.0,0.0,0.0,0.0,0.0,0.0,0.0,
network_state_units,scientific_graph_inputs.network_state_service_distribution_by_scenario,storm,rp50,eau_aep,,,S3,count,,57.0,57.0,57.0,0.0,0.0,0.0,0.0,0.0,0.0,
network_state_units,scientific_graph_inputs.network_state_service_distribution_by_scenario,storm,rp50,eau_aep,,,total_units,count,,199.0,199.0,199.0,0.0,0.0,0.0,0.0,0.0,0.0,
network_state_units,scientific_graph_inputs.network_state_service_distribution_by_scenario,storm,rp50,eau_eu,,,S0,count,,155.0,155.0,155.0,0.0,0.0,0.0,0.0,0.0,0.0,
network_state_units,scientific_graph_inputs.network_state_service_distribution_by_scenario,storm,rp50,eau_eu,,,S1,count,,115.0,115.0,115.0,0.0,0.0,0.0,0.0,0.0,0.0,
network_state_units,scientific_graph_inputs.network_state_service_distribution_by_scenario,storm,rp50,eau_eu,,,S2,count,,0.0,0.0,0.0,0.0,,0.0,,0.0,,
network_state_units,scientific_graph_inputs.network_state_service_distribution_by_scenario,storm,rp50,eau_eu,,,S3,count,,0.0,0.0,0.0,0.0,,0.0,,0.0,,
network_state_units,scientific_graph_inputs.network_state_service_distribution_by_scenario,storm,rp50,eau_eu,,,total_units,count,,270.0,270.0,270.0,0.0,0.0,0.0,0.0,0.0,0.0,
network_state_units,scientific_graph_inputs.network_state_service_distribution_by_scenario,storm,rp50,elec,,,S0,count,,40.0,40.0,40.0,0.0,0.0,0.0,0.0,0.0,0.0,
network_state_units,scientific_graph_inputs.network_state_service_distribution_by_scenario,storm,rp50,elec,,,S1,count,,0.0,0.0,0.0,0.0,,0.0,,0.0,,
network_state_units,scientific_graph_inputs.network_state_service_distribution_by_scenario,storm,rp50,elec,,,S2,count,,0.0,0.0,0.0,0.0,,0.0,,0.0,,
network_state_units,scientific_graph_inputs.network_state_service_distribution_by_scenario,storm,rp50,elec,,,S3,count,,0.0,0.0,0.0,0.0,,0.0,,0.0,,
network_state_units,scientific_graph_inputs.network_state_service_distribution_by_scenario,storm,rp50,elec,,,total_units,count,,40.0,40.0,40.0,0.0,0.0,0.0,0.0,0.0,0.0,
network_state_units,scientific_graph_inputs.network_state_service_distribution_by_scenario,storm_cmcc,rp10,eau_aep,,,S0,count,,138.0,137.0,138.0,-1.0,-0.7246376811594203,0.0,0.0,1.0,0.7299270072992701,
network_state_units,scientific_graph_inputs.network_state_service_distribution_by_scenario,storm_cmcc,rp10,eau_aep,,,S1,count,,61.0,62.0,61.0,1.0,1.639344262295082,0.0,0.0,-1.0,-1.6129032258064515,
network_state_units,scientific_graph_inputs.network_state_service_distribution_by_scenario,storm_cmcc,rp10,eau_aep,,,S2,count,,0.0,0.0,0.0,0.0,,0.0,,0.0,,
network_state_units,scientific_graph_inputs.network_state_service_distribution_by_scenario,storm_cmcc,rp10,eau_aep,,,S3,count,,0.0,0.0,0.0,0.0,,0.0,,0.0,,
network_state_units,scientific_graph_inputs.network_state_service_distribution_by_scenario,storm_cmcc,rp10,eau_aep,,,total_units,count,,199.0,199.0,199.0,0.0,0.0,0.0,0.0,0.0,0.0,
network_state_units,scientific_graph_inputs.network_state_service_distribution_by_scenario,storm_cmcc,rp10,eau_eu,,,S0,count,,158.0,158.0,158.0,0.0,0.0,0.0,0.0,0.0,0.0,
network_state_units,scientific_graph_inputs.network_state_service_distribution_by_scenario,storm_cmcc,rp10,eau_eu,,,S1,count,,112.0,112.0,112.0,0.0,0.0,0.0,0.0,0.0,0.0,
network_state_units,scientific_graph_inputs.network_state_service_distribution_by_scenario,storm_cmcc,rp10,eau_eu,,,S2,count,,0.0,0.0,0.0,0.0,,0.0,,0.0,,
network_state_units,scientific_graph_inputs.network_state_service_distribution_by_scenario,storm_cmcc,rp10,eau_eu,,,S3,count,,0.0,0.0,0.0,0.0,,0.0,,0.0,,
network_state_units,scientific_graph_inputs.network_state_service_distribution_by_scenario,storm_cmcc,rp10,eau_eu,,,total_units,count,,270.0,270.0,270.0,0.0,0.0,0.0,0.0,0.0,0.0,
network_state_units,scientific_graph_inputs.network_state_service_distribution_by_scenario,storm_cmcc,rp10,elec,,,S0,count,,40.0,40.0,40.0,0.0,0.0,0.0,0.0,0.0,0.0,
network_state_units,scientific_graph_inputs.network_state_service_distribution_by_scenario,storm_cmcc,rp10,elec,,,S1,count,,0.0,0.0,0.0,0.0,,0.0,,0.0,,
network_state_units,scientific_graph_inputs.network_state_service_distribution_by_scenario,storm_cmcc,rp10,elec,,,S2,count,,0.0,0.0,0.0,0.0,,0.0,,0.0,,
network_state_units,scientific_graph_inputs.network_state_service_distribution_by_scenario,storm_cmcc,rp10,elec,,,S3,count,,0.0,0.0,0.0,0.0,,0.0,,0.0,,
network_state_units,scientific_graph_inputs.network_state_service_distribution_by_scenario,storm_cmcc,rp10,elec,,,total_units,count,,40.0,40.0,40.0,0.0,0.0,0.0,0.0,0.0,0.0,
network_state_units,scientific_graph_inputs.network_state_service_distribution_by_scenario,storm_cmcc,rp100,eau_aep,,,S0,count,,110.0,110.0,110.0,0.0,0.0,0.0,0.0,0.0,0.0,
network_state_units,scientific_graph_inputs.network_state_service_distribution_by_scenario,storm_cmcc,rp100,eau_aep,,,S1,count,,18.0,18.0,18.0,0.0,0.0,0.0,0.0,0.0,0.0,
network_state_units,scientific_graph_inputs.network_state_service_distribution_by_scenario,storm_cmcc,rp100,eau_aep,,,S2,count,,10.0,10.0,10.0,0.0,0.0,0.0,0.0,0.0,0.0,
network_state_units,scientific_graph_inputs.network_state_service_distribution_by_scenario,storm_cmcc,rp100,eau_aep,,,S3,count,,61.0,61.0,61.0,0.0,0.0,0.0,0.0,0.0,0.0,
network_state_units,scientific_graph_inputs.network_state_service_distribution_by_scenario,storm_cmcc,rp100,eau_aep,,,total_units,count,,199.0,199.0,199.0,0.0,0.0,0.0,0.0,0.0,0.0,
network_state_units,scientific_graph_inputs.network_state_service_distribution_by_scenario,storm_cmcc,rp100,eau_eu,,,S0,count,,267.0,267.0,268.0,0.0,0.0,1.0,0.37453183520599254,1.0,0.37453183520599254,
network_state_units,scientific_graph_inputs.network_state_service_distribution_by_scenario,storm_cmcc,rp100,eau_eu,,,S1,count,,3.0,3.0,2.0,0.0,0.0,-1.0,-33.33333333333333,-1.0,-33.33333333333333,
network_state_units,scientific_graph_inputs.network_state_service_distribution_by_scenario,storm_cmcc,rp100,eau_eu,,,S2,count,,0.0,0.0,0.0,0.0,,0.0,,0.0,,
network_state_units,scientific_graph_inputs.network_state_service_distribution_by_scenario,storm_cmcc,rp100,eau_eu,,,S3,count,,0.0,0.0,0.0,0.0,,0.0,,0.0,,
network_state_units,scientific_graph_inputs.network_state_service_distribution_by_scenario,storm_cmcc,rp100,eau_eu,,,total_units,count,,270.0,270.0,270.0,0.0,0.0,0.0,0.0,0.0,0.0,
network_state_units,scientific_graph_inputs.network_state_service_distribution_by_scenario,storm_cmcc,rp100,elec,,,S0,count,,40.0,40.0,40.0,0.0,0.0,0.0,0.0,0.0,0.0,
network_state_units,scientific_graph_inputs.network_state_service_distribution_by_scenario,storm_cmcc,rp100,elec,,,S1,count,,0.0,0.0,0.0,0.0,,0.0,,0.0,,
network_state_units,scientific_graph_inputs.network_state_service_distribution_by_scenario,storm_cmcc,rp100,elec,,,S2,count,,0.0,0.0,0.0,0.0,,0.0,,0.0,,
network_state_units,scientific_graph_inputs.network_state_service_distribution_by_scenario,storm_cmcc,rp100,elec,,,S3,count,,0.0,0.0,0.0,0.0,,0.0,,0.0,,
network_state_units,scientific_graph_inputs.network_state_service_distribution_by_scenario,storm_cmcc,rp100,elec,,,total_units,count,,40.0,40.0,40.0,0.0,0.0,0.0,0.0,0.0,0.0,
network_state_units,scientific_graph_inputs.network_state_service_distribution_by_scenario,storm_cmcc,rp1000,eau_aep,,,S0,count,,4.0,4.0,4.0,0.0,0.0,0.0,0.0,0.0,0.0,
network_state_units,scientific_graph_inputs.network_state_service_distribution_by_scenario,storm_cmcc,rp1000,eau_aep,,,S1,count,,59.0,59.0,59.0,0.0,0.0,0.0,0.0,0.0,0.0,
network_state_units,scientific_graph_inputs.network_state_service_distribution_by_scenario,storm_cmcc,rp1000,eau_aep,,,S2,count,,136.0,136.0,136.0,0.0,0.0,0.0,0.0,0.0,0.0,
network_state_units,scientific_graph_inputs.network_state_service_distribution_by_scenario,storm_cmcc,rp1000,eau_aep,,,S3,count,,0.0,0.0,0.0,0.0,,0.0,,0.0,,
network_state_units,scientific_graph_inputs.network_state_service_distribution_by_scenario,storm_cmcc,rp1000,eau_aep,,,total_units,count,,199.0,199.0,199.0,0.0,0.0,0.0,0.0,0.0,0.0,
network_state_units,scientific_graph_inputs.network_state_service_distribution_by_scenario,storm_cmcc,rp1000,eau_eu,,,S0,count,,5.0,5.0,5.0,0.0,0.0,0.0,0.0,0.0,0.0,
network_state_units,scientific_graph_inputs.network_state_service_distribution_by_scenario,storm_cmcc,rp1000,eau_eu,,,S1,count,,130.0,130.0,130.0,0.0,0.0,0.0,0.0,0.0,0.0,
network_state_units,scientific_graph_inputs.network_state_service_distribution_by_scenario,storm_cmcc,rp1000,eau_eu,,,S2,count,,135.0,135.0,135.0,0.0,0.0,0.0,0.0,0.0,0.0,
network_state_units,scientific_graph_inputs.network_state_service_distribution_by_scenario,storm_cmcc,rp1000,eau_eu,,,S3,count,,0.0,0.0,0.0,0.0,,0.0,,0.0,,
network_state_units,scientific_graph_inputs.network_state_service_distribution_by_scenario,storm_cmcc,rp1000,eau_eu,,,total_units,count,,270.0,270.0,270.0,0.0,0.0,0.0,0.0,0.0,0.0,
network_state_units,scientific_graph_inputs.network_state_service_distribution_by_scenario,storm_cmcc,rp1000,elec,,,S0,count,,32.0,32.0,32.0,0.0,0.0,0.0,0.0,0.0,0.0,
network_state_units,scientific_graph_inputs.network_state_service_distribution_by_scenario,storm_cmcc,rp1000,elec,,,S1,count,,8.0,8.0,8.0,0.0,0.0,0.0,0.0,0.0,0.0,
network_state_units,scientific_graph_inputs.network_state_service_distribution_by_scenario,storm_cmcc,rp1000,elec,,,S2,count,,0.0,0.0,0.0,0.0,,0.0,,0.0,,
network_state_units,scientific_graph_inputs.network_state_service_distribution_by_scenario,storm_cmcc,rp1000,elec,,,S3,count,,0.0,0.0,0.0,0.0,,0.0,,0.0,,
network_state_units,scientific_graph_inputs.network_state_service_distribution_by_scenario,storm_cmcc,rp1000,elec,,,total_units,count,,40.0,40.0,40.0,0.0,0.0,0.0,0.0,0.0,0.0,
network_state_units,scientific_graph_inputs.network_state_service_distribution_by_scenario,storm_cmcc,rp50,eau_aep,,,S0,count,,120.0,120.0,120.0,0.0,0.0,0.0,0.0,0.0,0.0,
network_state_units,scientific_graph_inputs.network_state_service_distribution_by_scenario,storm_cmcc,rp50,eau_aep,,,S1,count,,14.0,14.0,14.0,0.0,0.0,0.0,0.0,0.0,0.0,
network_state_units,scientific_graph_inputs.network_state_service_distribution_by_scenario,storm_cmcc,rp50,eau_aep,,,S2,count,,8.0,8.0,8.0,0.0,0.0,0.0,0.0,0.0,0.0,
network_state_units,scientific_graph_inputs.network_state_service_distribution_by_scenario,storm_cmcc,rp50,eau_aep,,,S3,count,,57.0,57.0,57.0,0.0,0.0,0.0,0.0,0.0,0.0,
network_state_units,scientific_graph_inputs.network_state_service_distribution_by_scenario,storm_cmcc,rp50,eau_aep,,,total_units,count,,199.0,199.0,199.0,0.0,0.0,0.0,0.0,0.0,0.0,
network_state_units,scientific_graph_inputs.network_state_service_distribution_by_scenario,storm_cmcc,rp50,eau_eu,,,S0,count,,269.0,269.0,269.0,0.0,0.0,0.0,0.0,0.0,0.0,
network_state_units,scientific_graph_inputs.network_state_service_distribution_by_scenario,storm_cmcc,rp50,eau_eu,,,S1,count,,1.0,1.0,1.0,0.0,0.0,0.0,0.0,0.0,0.0,
network_state_units,scientific_graph_inputs.network_state_service_distribution_by_scenario,storm_cmcc,rp50,eau_eu,,,S2,count,,0.0,0.0,0.0,0.0,,0.0,,0.0,,
network_state_units,scientific_graph_inputs.network_state_service_distribution_by_scenario,storm_cmcc,rp50,eau_eu,,,S3,count,,0.0,0.0,0.0,0.0,,0.0,,0.0,,
network_state_units,scientific_graph_inputs.network_state_service_distribution_by_scenario,storm_cmcc,rp50,eau_eu,,,total_units,count,,270.0,270.0,270.0,0.0,0.0,0.0,0.0,0.0,0.0,
network_state_units,scientific_graph_inputs.network_state_service_distribution_by_scenario,storm_cmcc,rp50,elec,,,S0,count,,40.0,40.0,40.0,0.0,0.0,0.0,0.0,0.0,0.0,
network_state_units,scientific_graph_inputs.network_state_service_distribution_by_scenario,storm_cmcc,rp50,elec,,,S1,count,,0.0,0.0,0.0,0.0,,0.0,,0.0,,
network_state_units,scientific_graph_inputs.network_state_service_distribution_by_scenario,storm_cmcc,rp50,elec,,,S2,count,,0.0,0.0,0.0,0.0,,0.0,,0.0,,
network_state_units,scientific_graph_inputs.network_state_service_distribution_by_scenario,storm_cmcc,rp50,elec,,,S3,count,,0.0,0.0,0.0,0.0,,0.0,,0.0,,
network_state_units,scientific_graph_inputs.network_state_service_distribution_by_scenario,storm_cmcc,rp50,elec,,,total_units,count,,40.0,40.0,40.0,0.0,0.0,0.0,0.0,0.0,0.0,
population,portfolio_results.social_impact_worst_case_summary,storm,worst_case,,,,total_population_affected_any_network,people,,402424.0,402424.0,402424.0,0.0,0.0,0.0,0.0,0.0,0.0,
population,portfolio_results.social_impact_worst_case_summary,storm,worst_case,,,,total_with_degraded_elec,people,,367597.0,367597.0,367597.0,0.0,0.0,0.0,0.0,0.0,0.0,
population,portfolio_results.social_impact_worst_case_summary,storm,worst_case,,,,total_without_elec,people,,0.0,0.0,0.0,0.0,,0.0,,0.0,,
population,portfolio_results.social_impact_worst_case_summary,storm_cmcc,worst_case,,,,total_population_affected_any_network,people,,402424.0,402424.0,402424.0,0.0,0.0,0.0,0.0,0.0,0.0,
population,portfolio_results.social_impact_worst_case_summary,storm_cmcc,worst_case,,,,total_with_degraded_elec,people,,367597.0,367597.0,367597.0,0.0,0.0,0.0,0.0,0.0,0.0,
population,portfolio_results.social_impact_worst_case_summary,storm_cmcc,worst_case,,,,total_without_elec,people,,0.0,0.0,0.0,0.0,,0.0,,0.0,,
population,scientific_graph_inputs.social_impact_by_scenario,storm,rp10,,,,total_population_affected_any_network,people,,394927.0,394927.0,394927.0,0.0,0.0,0.0,0.0,0.0,0.0,
population,scientific_graph_inputs.social_impact_by_scenario,storm,rp10,,,,total_with_degraded_eau_aep,people,,386107.0,386107.0,386107.0,0.0,0.0,0.0,0.0,0.0,0.0,
population,scientific_graph_inputs.social_impact_by_scenario,storm,rp10,,,,total_with_degraded_eau_eu,people,,394927.0,394927.0,394927.0,0.0,0.0,0.0,0.0,0.0,0.0,
population,scientific_graph_inputs.social_impact_by_scenario,storm,rp10,,,,total_with_degraded_elec,people,,0.0,0.0,0.0,0.0,,0.0,,0.0,,
population,scientific_graph_inputs.social_impact_by_scenario,storm,rp10,,,,total_without_eau,people,,0.0,0.0,0.0,0.0,,0.0,,0.0,,
population,scientific_graph_inputs.social_impact_by_scenario,storm,rp10,,,,total_without_eau_aep,people,,0.0,0.0,0.0,0.0,,0.0,,0.0,,
population,scientific_graph_inputs.social_impact_by_scenario,storm,rp10,,,,total_without_eau_eu,people,,0.0,0.0,0.0,0.0,,0.0,,0.0,,
population,scientific_graph_inputs.social_impact_by_scenario,storm,rp10,,,,total_without_elec,people,,0.0,0.0,0.0,0.0,,0.0,,0.0,,
population,scientific_graph_inputs.social_impact_by_scenario,storm,rp100,,,,total_population_affected_any_network,people,,394927.0,394927.0,394927.0,0.0,0.0,0.0,0.0,0.0,0.0,
population,scientific_graph_inputs.social_impact_by_scenario,storm,rp100,,,,total_with_degraded_eau_aep,people,,0.0,0.0,0.0,0.0,,0.0,,0.0,,
population,scientific_graph_inputs.social_impact_by_scenario,storm,rp100,,,,total_with_degraded_eau_eu,people,,394927.0,394927.0,394927.0,0.0,0.0,0.0,0.0,0.0,0.0,
population,scientific_graph_inputs.social_impact_by_scenario,storm,rp100,,,,total_with_degraded_elec,people,,0.0,0.0,0.0,0.0,,0.0,,0.0,,
population,scientific_graph_inputs.social_impact_by_scenario,storm,rp100,,,,total_without_eau,people,,386107.0,386107.0,386107.0,0.0,0.0,0.0,0.0,0.0,0.0,
population,scientific_graph_inputs.social_impact_by_scenario,storm,rp100,,,,total_without_eau_aep,people,,386107.0,386107.0,386107.0,0.0,0.0,0.0,0.0,0.0,0.0,
population,scientific_graph_inputs.social_impact_by_scenario,storm,rp100,,,,total_without_eau_eu,people,,0.0,0.0,0.0,0.0,,0.0,,0.0,,
population,scientific_graph_inputs.social_impact_by_scenario,storm,rp100,,,,total_without_elec,people,,0.0,0.0,0.0,0.0,,0.0,,0.0,,
population,scientific_graph_inputs.social_impact_by_scenario,storm,rp1000,,,,total_population_affected_any_network,people,,401747.0,401747.0,401747.0,0.0,0.0,0.0,0.0,0.0,0.0,
population,scientific_graph_inputs.social_impact_by_scenario,storm,rp1000,,,,total_with_degraded_eau_aep,people,,343209.0,343209.0,343209.0,0.0,0.0,0.0,0.0,0.0,0.0,
population,scientific_graph_inputs.social_impact_by_scenario,storm,rp1000,,,,total_with_degraded_eau_eu,people,,394927.0,394927.0,394927.0,0.0,0.0,0.0,0.0,0.0,0.0,
population,scientific_graph_inputs.social_impact_by_scenario,storm,rp1000,,,,total_with_degraded_elec,people,,352071.0,352071.0,352071.0,0.0,0.0,0.0,0.0,0.0,0.0,
population,scientific_graph_inputs.social_impact_by_scenario,storm,rp1000,,,,total_without_eau,people,,51718.0,51718.0,51718.0,0.0,0.0,0.0,0.0,0.0,0.0,
population,scientific_graph_inputs.social_impact_by_scenario,storm,rp1000,,,,total_without_eau_aep,people,,51718.0,51718.0,51718.0,0.0,0.0,0.0,0.0,0.0,0.0,
population,scientific_graph_inputs.social_impact_by_scenario,storm,rp1000,,,,total_without_eau_eu,people,,0.0,0.0,0.0,0.0,,0.0,,0.0,,
population,scientific_graph_inputs.social_impact_by_scenario,storm,rp1000,,,,total_without_elec,people,,0.0,0.0,0.0,0.0,,0.0,,0.0,,
population,scientific_graph_inputs.social_impact_by_scenario,storm,rp50,,,,total_population_affected_any_network,people,,394927.0,394927.0,394927.0,0.0,0.0,0.0,0.0,0.0,0.0,
population,scientific_graph_inputs.social_impact_by_scenario,storm,rp50,,,,total_with_degraded_eau_aep,people,,0.0,0.0,0.0,0.0,,0.0,,0.0,,
population,scientific_graph_inputs.social_impact_by_scenario,storm,rp50,,,,total_with_degraded_eau_eu,people,,394927.0,394927.0,394927.0,0.0,0.0,0.0,0.0,0.0,0.0,
population,scientific_graph_inputs.social_impact_by_scenario,storm,rp50,,,,total_with_degraded_elec,people,,0.0,0.0,0.0,0.0,,0.0,,0.0,,
population,scientific_graph_inputs.social_impact_by_scenario,storm,rp50,,,,total_without_eau,people,,386107.0,386107.0,386107.0,0.0,0.0,0.0,0.0,0.0,0.0,
population,scientific_graph_inputs.social_impact_by_scenario,storm,rp50,,,,total_without_eau_aep,people,,386107.0,386107.0,386107.0,0.0,0.0,0.0,0.0,0.0,0.0,
population,scientific_graph_inputs.social_impact_by_scenario,storm,rp50,,,,total_without_eau_eu,people,,0.0,0.0,0.0,0.0,,0.0,,0.0,,
population,scientific_graph_inputs.social_impact_by_scenario,storm,rp50,,,,total_without_elec,people,,0.0,0.0,0.0,0.0,,0.0,,0.0,,
population,scientific_graph_inputs.social_impact_by_scenario,storm_cmcc,rp10,,,,total_population_affected_any_network,people,,394927.0,394927.0,394927.0,0.0,0.0,0.0,0.0,0.0,0.0,
population,scientific_graph_inputs.social_impact_by_scenario,storm_cmcc,rp10,,,,total_with_degraded_eau_aep,people,,386107.0,386107.0,386107.0,0.0,0.0,0.0,0.0,0.0,0.0,
population,scientific_graph_inputs.social_impact_by_scenario,storm_cmcc,rp10,,,,total_with_degraded_eau_eu,people,,394927.0,394927.0,394927.0,0.0,0.0,0.0,0.0,0.0,0.0,
population,scientific_graph_inputs.social_impact_by_scenario,storm_cmcc,rp10,,,,total_with_degraded_elec,people,,0.0,0.0,0.0,0.0,,0.0,,0.0,,
population,scientific_graph_inputs.social_impact_by_scenario,storm_cmcc,rp10,,,,total_without_eau,people,,0.0,0.0,0.0,0.0,,0.0,,0.0,,
population,scientific_graph_inputs.social_impact_by_scenario,storm_cmcc,rp10,,,,total_without_eau_aep,people,,0.0,0.0,0.0,0.0,,0.0,,0.0,,
population,scientific_graph_inputs.social_impact_by_scenario,storm_cmcc,rp10,,,,total_without_eau_eu,people,,0.0,0.0,0.0,0.0,,0.0,,0.0,,
population,scientific_graph_inputs.social_impact_by_scenario,storm_cmcc,rp10,,,,total_without_elec,people,,0.0,0.0,0.0,0.0,,0.0,,0.0,,
population,scientific_graph_inputs.social_impact_by_scenario,storm_cmcc,rp100,,,,total_population_affected_any_network,people,,386107.0,386107.0,386107.0,0.0,0.0,0.0,0.0,0.0,0.0,
population,scientific_graph_inputs.social_impact_by_scenario,storm_cmcc,rp100,,,,total_with_degraded_eau_aep,people,,0.0,0.0,0.0,0.0,,0.0,,0.0,,
population,scientific_graph_inputs.social_impact_by_scenario,storm_cmcc,rp100,,,,total_with_degraded_eau_eu,people,,191329.0,191329.0,154227.0,0.0,0.0,-37102.0,-19.39172838409232,-37102.0,-19.39172838409232,
population,scientific_graph_inputs.social_impact_by_scenario,storm_cmcc,rp100,,,,total_with_degraded_elec,people,,0.0,0.0,0.0,0.0,,0.0,,0.0,,
population,scientific_graph_inputs.social_impact_by_scenario,storm_cmcc,rp100,,,,total_without_eau,people,,386107.0,386107.0,386107.0,0.0,0.0,0.0,0.0,0.0,0.0,
population,scientific_graph_inputs.social_impact_by_scenario,storm_cmcc,rp100,,,,total_without_eau_aep,people,,386107.0,386107.0,386107.0,0.0,0.0,0.0,0.0,0.0,0.0,
population,scientific_graph_inputs.social_impact_by_scenario,storm_cmcc,rp100,,,,total_without_eau_eu,people,,0.0,0.0,0.0,0.0,,0.0,,0.0,,
population,scientific_graph_inputs.social_impact_by_scenario,storm_cmcc,rp100,,,,total_without_elec,people,,0.0,0.0,0.0,0.0,,0.0,,0.0,,
population,scientific_graph_inputs.social_impact_by_scenario,storm_cmcc,rp1000,,,,total_population_affected_any_network,people,,401747.0,401747.0,401747.0,0.0,0.0,0.0,0.0,0.0,0.0,
population,scientific_graph_inputs.social_impact_by_scenario,storm_cmcc,rp1000,,,,total_with_degraded_eau_aep,people,,394927.0,394927.0,394927.0,0.0,0.0,0.0,0.0,0.0,0.0,
population,scientific_graph_inputs.social_impact_by_scenario,storm_cmcc,rp1000,,,,total_with_degraded_eau_eu,people,,394927.0,394927.0,394927.0,0.0,0.0,0.0,0.0,0.0,0.0,
population,scientific_graph_inputs.social_impact_by_scenario,storm_cmcc,rp1000,,,,total_with_degraded_elec,people,,200513.0,200513.0,200513.0,0.0,0.0,0.0,0.0,0.0,0.0,
population,scientific_graph_inputs.social_impact_by_scenario,storm_cmcc,rp1000,,,,total_without_eau,people,,0.0,0.0,0.0,0.0,,0.0,,0.0,,
population,scientific_graph_inputs.social_impact_by_scenario,storm_cmcc,rp1000,,,,total_without_eau_aep,people,,0.0,0.0,0.0,0.0,,0.0,,0.0,,
population,scientific_graph_inputs.social_impact_by_scenario,storm_cmcc,rp1000,,,,total_without_eau_eu,people,,0.0,0.0,0.0,0.0,,0.0,,0.0,,
population,scientific_graph_inputs.social_impact_by_scenario,storm_cmcc,rp1000,,,,total_without_elec,people,,0.0,0.0,0.0,0.0,,0.0,,0.0,,
population,scientific_graph_inputs.social_impact_by_scenario,storm_cmcc,rp50,,,,total_population_affected_any_network,people,,386107.0,386107.0,386107.0,0.0,0.0,0.0,0.0,0.0,0.0,
population,scientific_graph_inputs.social_impact_by_scenario,storm_cmcc,rp50,,,,total_with_degraded_eau_aep,people,,0.0,0.0,0.0,0.0,,0.0,,0.0,,
population,scientific_graph_inputs.social_impact_by_scenario,storm_cmcc,rp50,,,,total_with_degraded_eau_eu,people,,2669.0,2669.0,2669.0,0.0,0.0,0.0,0.0,0.0,0.0,
population,scientific_graph_inputs.social_impact_by_scenario,storm_cmcc,rp50,,,,total_with_degraded_elec,people,,0.0,0.0,0.0,0.0,,0.0,,0.0,,
population,scientific_graph_inputs.social_impact_by_scenario,storm_cmcc,rp50,,,,total_without_eau,people,,386107.0,386107.0,386107.0,0.0,0.0,0.0,0.0,0.0,0.0,
population,scientific_graph_inputs.social_impact_by_scenario,storm_cmcc,rp50,,,,total_without_eau_aep,people,,386107.0,386107.0,386107.0,0.0,0.0,0.0,0.0,0.0,0.0,
population,scientific_graph_inputs.social_impact_by_scenario,storm_cmcc,rp50,,,,total_without_eau_eu,people,,0.0,0.0,0.0,0.0,,0.0,,0.0,,
population,scientific_graph_inputs.social_impact_by_scenario,storm_cmcc,rp50,,,,total_without_elec,people,,0.0,0.0,0.0,0.0,,0.0,,0.0,,
population_state_count,scientific_graph_inputs.social_impact_by_scenario.state_breakdown,storm,rp10,eau_aep,,,population_S0,people,,22495.0,22495.0,22495.0,0.0,0.0,0.0,0.0,0.0,0.0,
population_state_count,scientific_graph_inputs.social_impact_by_scenario.state_breakdown,storm,rp10,eau_aep,,,population_S1,people,,386107.0,386107.0,386107.0,0.0,0.0,0.0,0.0,0.0,0.0,
population_state_count,scientific_graph_inputs.social_impact_by_scenario.state_breakdown,storm,rp10,eau_aep,,,population_S2,people,,0.0,0.0,0.0,0.0,,0.0,,0.0,,
population_state_count,scientific_graph_inputs.social_impact_by_scenario.state_breakdown,storm,rp10,eau_aep,,,population_S3,people,,0.0,0.0,0.0,0.0,,0.0,,0.0,,
population_state_count,scientific_graph_inputs.social_impact_by_scenario.state_breakdown,storm,rp10,eau_eu,,,population_S0,people,,13675.0,13675.0,13675.0,0.0,0.0,0.0,0.0,0.0,0.0,
population_state_count,scientific_graph_inputs.social_impact_by_scenario.state_breakdown,storm,rp10,eau_eu,,,population_S1,people,,394927.0,394927.0,394927.0,0.0,0.0,0.0,0.0,0.0,0.0,
population_state_count,scientific_graph_inputs.social_impact_by_scenario.state_breakdown,storm,rp10,eau_eu,,,population_S2,people,,0.0,0.0,0.0,0.0,,0.0,,0.0,,
population_state_count,scientific_graph_inputs.social_impact_by_scenario.state_breakdown,storm,rp10,eau_eu,,,population_S3,people,,0.0,0.0,0.0,0.0,,0.0,,0.0,,
population_state_count,scientific_graph_inputs.social_impact_by_scenario.state_breakdown,storm,rp10,elec,,,population_S0,people,,408602.0,408602.0,408602.0,0.0,0.0,0.0,0.0,0.0,0.0,
population_state_count,scientific_graph_inputs.social_impact_by_scenario.state_breakdown,storm,rp10,elec,,,population_S1,people,,0.0,0.0,0.0,0.0,,0.0,,0.0,,
population_state_count,scientific_graph_inputs.social_impact_by_scenario.state_breakdown,storm,rp10,elec,,,population_S2,people,,0.0,0.0,0.0,0.0,,0.0,,0.0,,
population_state_count,scientific_graph_inputs.social_impact_by_scenario.state_breakdown,storm,rp10,elec,,,population_S3,people,,0.0,0.0,0.0,0.0,,0.0,,0.0,,
population_state_count,scientific_graph_inputs.social_impact_by_scenario.state_breakdown,storm,rp100,eau_aep,,,population_S0,people,,22495.0,22495.0,22495.0,0.0,0.0,0.0,0.0,0.0,0.0,
population_state_count,scientific_graph_inputs.social_impact_by_scenario.state_breakdown,storm,rp100,eau_aep,,,population_S1,people,,0.0,0.0,0.0,0.0,,0.0,,0.0,,
population_state_count,scientific_graph_inputs.social_impact_by_scenario.state_breakdown,storm,rp100,eau_aep,,,population_S2,people,,0.0,0.0,0.0,0.0,,0.0,,0.0,,
population_state_count,scientific_graph_inputs.social_impact_by_scenario.state_breakdown,storm,rp100,eau_aep,,,population_S3,people,,386107.0,386107.0,386107.0,0.0,0.0,0.0,0.0,0.0,0.0,
population_state_count,scientific_graph_inputs.social_impact_by_scenario.state_breakdown,storm,rp100,eau_eu,,,population_S0,people,,13675.0,13675.0,13675.0,0.0,0.0,0.0,0.0,0.0,0.0,
population_state_count,scientific_graph_inputs.social_impact_by_scenario.state_breakdown,storm,rp100,eau_eu,,,population_S1,people,,394927.0,394927.0,394927.0,0.0,0.0,0.0,0.0,0.0,0.0,
population_state_count,scientific_graph_inputs.social_impact_by_scenario.state_breakdown,storm,rp100,eau_eu,,,population_S2,people,,0.0,0.0,0.0,0.0,,0.0,,0.0,,
population_state_count,scientific_graph_inputs.social_impact_by_scenario.state_breakdown,storm,rp100,eau_eu,,,population_S3,people,,0.0,0.0,0.0,0.0,,0.0,,0.0,,
population_state_count,scientific_graph_inputs.social_impact_by_scenario.state_breakdown,storm,rp100,elec,,,population_S0,people,,408602.0,408602.0,408602.0,0.0,0.0,0.0,0.0,0.0,0.0,
population_state_count,scientific_graph_inputs.social_impact_by_scenario.state_breakdown,storm,rp100,elec,,,population_S1,people,,0.0,0.0,0.0,0.0,,0.0,,0.0,,
population_state_count,scientific_graph_inputs.social_impact_by_scenario.state_breakdown,storm,rp100,elec,,,population_S2,people,,0.0,0.0,0.0,0.0,,0.0,,0.0,,
population_state_count,scientific_graph_inputs.social_impact_by_scenario.state_breakdown,storm,rp100,elec,,,population_S3,people,,0.0,0.0,0.0,0.0,,0.0,,0.0,,
population_state_count,scientific_graph_inputs.social_impact_by_scenario.state_breakdown,storm,rp1000,eau_aep,,,population_S0,people,,13675.0,13675.0,13675.0,0.0,0.0,0.0,0.0,0.0,0.0,
population_state_count,scientific_graph_inputs.social_impact_by_scenario.state_breakdown,storm,rp1000,eau_aep,,,population_S1,people,,0.0,0.0,0.0,0.0,,0.0,,0.0,,
population_state_count,scientific_graph_inputs.social_impact_by_scenario.state_breakdown,storm,rp1000,eau_aep,,,population_S2,people,,343209.0,343209.0,343209.0,0.0,0.0,0.0,0.0,0.0,0.0,
population_state_count,scientific_graph_inputs.social_impact_by_scenario.state_breakdown,storm,rp1000,eau_aep,,,population_S3,people,,51718.0,51718.0,51718.0,0.0,0.0,0.0,0.0,0.0,0.0,
population_state_count,scientific_graph_inputs.social_impact_by_scenario.state_breakdown,storm,rp1000,eau_eu,,,population_S0,people,,13675.0,13675.0,13675.0,0.0,0.0,0.0,0.0,0.0,0.0,
population_state_count,scientific_graph_inputs.social_impact_by_scenario.state_breakdown,storm,rp1000,eau_eu,,,population_S1,people,,0.0,0.0,0.0,0.0,,0.0,,0.0,,
population_state_count,scientific_graph_inputs.social_impact_by_scenario.state_breakdown,storm,rp1000,eau_eu,,,population_S2,people,,394927.0,394927.0,394927.0,0.0,0.0,0.0,0.0,0.0,0.0,
population_state_count,scientific_graph_inputs.social_impact_by_scenario.state_breakdown,storm,rp1000,eau_eu,,,population_S3,people,,0.0,0.0,0.0,0.0,,0.0,,0.0,,
population_state_count,scientific_graph_inputs.social_impact_by_scenario.state_breakdown,storm,rp1000,elec,,,population_S0,people,,56531.0,56531.0,56531.0,0.0,0.0,0.0,0.0,0.0,0.0,
population_state_count,scientific_graph_inputs.social_impact_by_scenario.state_breakdown,storm,rp1000,elec,,,population_S1,people,,352071.0,352071.0,352071.0,0.0,0.0,0.0,0.0,0.0,0.0,
population_state_count,scientific_graph_inputs.social_impact_by_scenario.state_breakdown,storm,rp1000,elec,,,population_S2,people,,0.0,0.0,0.0,0.0,,0.0,,0.0,,
population_state_count,scientific_graph_inputs.social_impact_by_scenario.state_breakdown,storm,rp1000,elec,,,population_S3,people,,0.0,0.0,0.0,0.0,,0.0,,0.0,,
population_state_count,scientific_graph_inputs.social_impact_by_scenario.state_breakdown,storm,rp50,eau_aep,,,population_S0,people,,22495.0,22495.0,22495.0,0.0,0.0,0.0,0.0,0.0,0.0,
population_state_count,scientific_graph_inputs.social_impact_by_scenario.state_breakdown,storm,rp50,eau_aep,,,population_S1,people,,0.0,0.0,0.0,0.0,,0.0,,0.0,,
population_state_count,scientific_graph_inputs.social_impact_by_scenario.state_breakdown,storm,rp50,eau_aep,,,population_S2,people,,0.0,0.0,0.0,0.0,,0.0,,0.0,,
population_state_count,scientific_graph_inputs.social_impact_by_scenario.state_breakdown,storm,rp50,eau_aep,,,population_S3,people,,386107.0,386107.0,386107.0,0.0,0.0,0.0,0.0,0.0,0.0,
population_state_count,scientific_graph_inputs.social_impact_by_scenario.state_breakdown,storm,rp50,eau_eu,,,population_S0,people,,13675.0,13675.0,13675.0,0.0,0.0,0.0,0.0,0.0,0.0,
population_state_count,scientific_graph_inputs.social_impact_by_scenario.state_breakdown,storm,rp50,eau_eu,,,population_S1,people,,394927.0,394927.0,394927.0,0.0,0.0,0.0,0.0,0.0,0.0,
population_state_count,scientific_graph_inputs.social_impact_by_scenario.state_breakdown,storm,rp50,eau_eu,,,population_S2,people,,0.0,0.0,0.0,0.0,,0.0,,0.0,,
population_state_count,scientific_graph_inputs.social_impact_by_scenario.state_breakdown,storm,rp50,eau_eu,,,population_S3,people,,0.0,0.0,0.0,0.0,,0.0,,0.0,,
population_state_count,scientific_graph_inputs.social_impact_by_scenario.state_breakdown,storm,rp50,elec,,,population_S0,people,,408602.0,408602.0,408602.0,0.0,0.0,0.0,0.0,0.0,0.0,
population_state_count,scientific_graph_inputs.social_impact_by_scenario.state_breakdown,storm,rp50,elec,,,population_S1,people,,0.0,0.0,0.0,0.0,,0.0,,0.0,,
population_state_count,scientific_graph_inputs.social_impact_by_scenario.state_breakdown,storm,rp50,elec,,,population_S2,people,,0.0,0.0,0.0,0.0,,0.0,,0.0,,
population_state_count,scientific_graph_inputs.social_impact_by_scenario.state_breakdown,storm,rp50,elec,,,population_S3,people,,0.0,0.0,0.0,0.0,,0.0,,0.0,,
population_state_count,scientific_graph_inputs.social_impact_by_scenario.state_breakdown,storm_cmcc,rp10,eau_aep,,,population_S0,people,,22495.0,22495.0,22495.0,0.0,0.0,0.0,0.0,0.0,0.0,
population_state_count,scientific_graph_inputs.social_impact_by_scenario.state_breakdown,storm_cmcc,rp10,eau_aep,,,population_S1,people,,386107.0,386107.0,386107.0,0.0,0.0,0.0,0.0,0.0,0.0,
population_state_count,scientific_graph_inputs.social_impact_by_scenario.state_breakdown,storm_cmcc,rp10,eau_aep,,,population_S2,people,,0.0,0.0,0.0,0.0,,0.0,,0.0,,
population_state_count,scientific_graph_inputs.social_impact_by_scenario.state_breakdown,storm_cmcc,rp10,eau_aep,,,population_S3,people,,0.0,0.0,0.0,0.0,,0.0,,0.0,,
population_state_count,scientific_graph_inputs.social_impact_by_scenario.state_breakdown,storm_cmcc,rp10,eau_eu,,,population_S0,people,,13675.0,13675.0,13675.0,0.0,0.0,0.0,0.0,0.0,0.0,
population_state_count,scientific_graph_inputs.social_impact_by_scenario.state_breakdown,storm_cmcc,rp10,eau_eu,,,population_S1,people,,394927.0,394927.0,394927.0,0.0,0.0,0.0,0.0,0.0,0.0,
population_state_count,scientific_graph_inputs.social_impact_by_scenario.state_breakdown,storm_cmcc,rp10,eau_eu,,,population_S2,people,,0.0,0.0,0.0,0.0,,0.0,,0.0,,
population_state_count,scientific_graph_inputs.social_impact_by_scenario.state_breakdown,storm_cmcc,rp10,eau_eu,,,population_S3,people,,0.0,0.0,0.0,0.0,,0.0,,0.0,,
population_state_count,scientific_graph_inputs.social_impact_by_scenario.state_breakdown,storm_cmcc,rp10,elec,,,population_S0,people,,408602.0,408602.0,408602.0,0.0,0.0,0.0,0.0,0.0,0.0,
population_state_count,scientific_graph_inputs.social_impact_by_scenario.state_breakdown,storm_cmcc,rp10,elec,,,population_S1,people,,0.0,0.0,0.0,0.0,,0.0,,0.0,,
population_state_count,scientific_graph_inputs.social_impact_by_scenario.state_breakdown,storm_cmcc,rp10,elec,,,population_S2,people,,0.0,0.0,0.0,0.0,,0.0,,0.0,,
population_state_count,scientific_graph_inputs.social_impact_by_scenario.state_breakdown,storm_cmcc,rp10,elec,,,population_S3,people,,0.0,0.0,0.0,0.0,,0.0,,0.0,,
population_state_count,scientific_graph_inputs.social_impact_by_scenario.state_breakdown,storm_cmcc,rp100,eau_aep,,,population_S0,people,,22495.0,22495.0,22495.0,0.0,0.0,0.0,0.0,0.0,0.0,
population_state_count,scientific_graph_inputs.social_impact_by_scenario.state_breakdown,storm_cmcc,rp100,eau_aep,,,population_S1,people,,0.0,0.0,0.0,0.0,,0.0,,0.0,,
population_state_count,scientific_graph_inputs.social_impact_by_scenario.state_breakdown,storm_cmcc,rp100,eau_aep,,,population_S2,people,,0.0,0.0,0.0,0.0,,0.0,,0.0,,
population_state_count,scientific_graph_inputs.social_impact_by_scenario.state_breakdown,storm_cmcc,rp100,eau_aep,,,population_S3,people,,386107.0,386107.0,386107.0,0.0,0.0,0.0,0.0,0.0,0.0,
population_state_count,scientific_graph_inputs.social_impact_by_scenario.state_breakdown,storm_cmcc,rp100,eau_eu,,,population_S0,people,,217273.0,217273.0,254375.0,0.0,0.0,37102.0,17.0762128750466,37102.0,17.0762128750466,
population_state_count,scientific_graph_inputs.social_impact_by_scenario.state_breakdown,storm_cmcc,rp100,eau_eu,,,population_S1,people,,191329.0,191329.0,154227.0,0.0,0.0,-37102.0,-19.39172838409232,-37102.0,-19.39172838409232,
population_state_count,scientific_graph_inputs.social_impact_by_scenario.state_breakdown,storm_cmcc,rp100,eau_eu,,,population_S2,people,,0.0,0.0,0.0,0.0,,0.0,,0.0,,
population_state_count,scientific_graph_inputs.social_impact_by_scenario.state_breakdown,storm_cmcc,rp100,eau_eu,,,population_S3,people,,0.0,0.0,0.0,0.0,,0.0,,0.0,,
population_state_count,scientific_graph_inputs.social_impact_by_scenario.state_breakdown,storm_cmcc,rp100,elec,,,population_S0,people,,408602.0,408602.0,408602.0,0.0,0.0,0.0,0.0,0.0,0.0,
population_state_count,scientific_graph_inputs.social_impact_by_scenario.state_breakdown,storm_cmcc,rp100,elec,,,population_S1,people,,0.0,0.0,0.0,0.0,,0.0,,0.0,,
population_state_count,scientific_graph_inputs.social_impact_by_scenario.state_breakdown,storm_cmcc,rp100,elec,,,population_S2,people,,0.0,0.0,0.0,0.0,,0.0,,0.0,,
population_state_count,scientific_graph_inputs.social_impact_by_scenario.state_breakdown,storm_cmcc,rp100,elec,,,population_S3,people,,0.0,0.0,0.0,0.0,,0.0,,0.0,,
population_state_count,scientific_graph_inputs.social_impact_by_scenario.state_breakdown,storm_cmcc,rp1000,eau_aep,,,population_S0,people,,13675.0,13675.0,13675.0,0.0,0.0,0.0,0.0,0.0,0.0,
population_state_count,scientific_graph_inputs.social_impact_by_scenario.state_breakdown,storm_cmcc,rp1000,eau_aep,,,population_S1,people,,0.0,0.0,0.0,0.0,,0.0,,0.0,,
population_state_count,scientific_graph_inputs.social_impact_by_scenario.state_breakdown,storm_cmcc,rp1000,eau_aep,,,population_S2,people,,394927.0,394927.0,394927.0,0.0,0.0,0.0,0.0,0.0,0.0,
population_state_count,scientific_graph_inputs.social_impact_by_scenario.state_breakdown,storm_cmcc,rp1000,eau_aep,,,population_S3,people,,0.0,0.0,0.0,0.0,,0.0,,0.0,,
population_state_count,scientific_graph_inputs.social_impact_by_scenario.state_breakdown,storm_cmcc,rp1000,eau_eu,,,population_S0,people,,13675.0,13675.0,13675.0,0.0,0.0,0.0,0.0,0.0,0.0,
population_state_count,scientific_graph_inputs.social_impact_by_scenario.state_breakdown,storm_cmcc,rp1000,eau_eu,,,population_S1,people,,0.0,0.0,0.0,0.0,,0.0,,0.0,,
population_state_count,scientific_graph_inputs.social_impact_by_scenario.state_breakdown,storm_cmcc,rp1000,eau_eu,,,population_S2,people,,394927.0,394927.0,394927.0,0.0,0.0,0.0,0.0,0.0,0.0,
population_state_count,scientific_graph_inputs.social_impact_by_scenario.state_breakdown,storm_cmcc,rp1000,eau_eu,,,population_S3,people,,0.0,0.0,0.0,0.0,,0.0,,0.0,,
population_state_count,scientific_graph_inputs.social_impact_by_scenario.state_breakdown,storm_cmcc,rp1000,elec,,,population_S0,people,,208089.0,208089.0,208089.0,0.0,0.0,0.0,0.0,0.0,0.0,
population_state_count,scientific_graph_inputs.social_impact_by_scenario.state_breakdown,storm_cmcc,rp1000,elec,,,population_S1,people,,200513.0,200513.0,200513.0,0.0,0.0,0.0,0.0,0.0,0.0,
population_state_count,scientific_graph_inputs.social_impact_by_scenario.state_breakdown,storm_cmcc,rp1000,elec,,,population_S2,people,,0.0,0.0,0.0,0.0,,0.0,,0.0,,
population_state_count,scientific_graph_inputs.social_impact_by_scenario.state_breakdown,storm_cmcc,rp1000,elec,,,population_S3,people,,0.0,0.0,0.0,0.0,,0.0,,0.0,,
population_state_count,scientific_graph_inputs.social_impact_by_scenario.state_breakdown,storm_cmcc,rp50,eau_aep,,,population_S0,people,,22495.0,22495.0,22495.0,0.0,0.0,0.0,0.0,0.0,0.0,
population_state_count,scientific_graph_inputs.social_impact_by_scenario.state_breakdown,storm_cmcc,rp50,eau_aep,,,population_S1,people,,0.0,0.0,0.0,0.0,,0.0,,0.0,,
population_state_count,scientific_graph_inputs.social_impact_by_scenario.state_breakdown,storm_cmcc,rp50,eau_aep,,,population_S2,people,,0.0,0.0,0.0,0.0,,0.0,,0.0,,
population_state_count,scientific_graph_inputs.social_impact_by_scenario.state_breakdown,storm_cmcc,rp50,eau_aep,,,population_S3,people,,386107.0,386107.0,386107.0,0.0,0.0,0.0,0.0,0.0,0.0,
population_state_count,scientific_graph_inputs.social_impact_by_scenario.state_breakdown,storm_cmcc,rp50,eau_eu,,,population_S0,people,,405933.0,405933.0,405933.0,0.0,0.0,0.0,0.0,0.0,0.0,
population_state_count,scientific_graph_inputs.social_impact_by_scenario.state_breakdown,storm_cmcc,rp50,eau_eu,,,population_S1,people,,2669.0,2669.0,2669.0,0.0,0.0,0.0,0.0,0.0,0.0,
population_state_count,scientific_graph_inputs.social_impact_by_scenario.state_breakdown,storm_cmcc,rp50,eau_eu,,,population_S2,people,,0.0,0.0,0.0,0.0,,0.0,,0.0,,
population_state_count,scientific_graph_inputs.social_impact_by_scenario.state_breakdown,storm_cmcc,rp50,eau_eu,,,population_S3,people,,0.0,0.0,0.0,0.0,,0.0,,0.0,,
population_state_count,scientific_graph_inputs.social_impact_by_scenario.state_breakdown,storm_cmcc,rp50,elec,,,population_S0,people,,408602.0,408602.0,408602.0,0.0,0.0,0.0,0.0,0.0,0.0,
population_state_count,scientific_graph_inputs.social_impact_by_scenario.state_breakdown,storm_cmcc,rp50,elec,,,population_S1,people,,0.0,0.0,0.0,0.0,,0.0,,0.0,,
population_state_count,scientific_graph_inputs.social_impact_by_scenario.state_breakdown,storm_cmcc,rp50,elec,,,population_S2,people,,0.0,0.0,0.0,0.0,,0.0,,0.0,,
population_state_count,scientific_graph_inputs.social_impact_by_scenario.state_breakdown,storm_cmcc,rp50,elec,,,population_S3,people,,0.0,0.0,0.0,0.0,,0.0,,0.0,,
portfolio,portfolio_results,storm,all,,,,aai_agg_eur,eur,,59452757.07,65588526.01,63556424.29,6135768.939999998,10.320411100154212,4103667.219999999,6.902400195113439,-2032101.7199999988,-3.098257947876696,
portfolio,portfolio_results,storm,all,,,,eai_direct_eur,eur,,59452757.07,65588526.01,63556424.29,6135768.939999998,10.320411100154212,4103667.219999999,6.902400195113439,-2032101.7199999988,-3.098257947876696,
portfolio,portfolio_results,storm,all,,,,eai_eur,eur,,59452757.07,65588526.01,63556424.29,6135768.939999998,10.320411100154212,4103667.219999999,6.902400195113439,-2032101.7199999988,-3.098257947876696,
portfolio,portfolio_results,storm,all,,,,eai_indirect_eur,eur,,0.0,0.0,0.0,0.0,,0.0,,0.0,,
portfolio,portfolio_results,storm,all,,,,percentile_99_loss_eur,eur,,558178669.74,555113332.95,564393425.09,-3065336.789999962,-0.5491676690955958,6214755.350000024,1.1133989324412668,9280092.139999986,1.6717472972020757,
portfolio,portfolio_results,storm,all,,,,pml_1000_eur,eur,,1061334652.14,1061334652.09,1055918735.23,-0.04999995231628418,-4.7110449296522844e-09,-5415916.909999967,-0.5102930446188387,-5415916.860000014,-0.510293039931834,
portfolio,portfolio_results,storm,all,,,,pml_100_eur,eur,,737600156.27,731495087.84,753043492.46,-6105068.429999948,-0.8276934838073944,15443336.190000057,2.093727347902973,21548404.620000005,2.945803051614379,
portfolio,portfolio_results,storm,all,,,,pml_10_eur,eur,,194744107.92,207816742.69,207058042.38,13072634.77000001,6.7127241535698685,12313934.460000008,6.323135827584841,-758700.3100000024,-0.36508141749279305,
portfolio,portfolio_results,storm,all,,,,pml_200_eur,eur,,838761470.72,835188499.75,841700737.69,-3572970.9700000286,-0.42598177130537,2939266.9700000286,0.3504294215466212,6512237.940000057,0.7797327120703157,
portfolio,portfolio_results,storm,all,,,,pml_20_eur,eur,,369458086.37,376590308.36,376253492.52,7132221.99000001,1.9304549698926678,6795406.149999976,1.8392901389075573,-336815.8400000334,-0.08943826554295062,
portfolio,portfolio_results,storm,all,,,,pml_50_eur,eur,,570329120.3,565742877.63,575978291.51,-4586242.669999957,-0.8041396637063769,5649171.210000038,0.9905107435209526,10235413.879999995,1.8091988931222622,
portfolio,portfolio_results,storm,all,,,,tvar_95_eur,eur,,409421130.62,413742671.36,417013673.46,4321540.74000001,1.0555245972419052,7592542.839999974,1.854457982787145,3271002.0999999642,0.7905885291570145,
portfolio,portfolio_results,storm_cmcc,all,,,,aai_agg_eur,eur,,59170187.15,64102542.58,62401362.41,4932355.43,8.33587938043221,3231175.259999998,5.460816359780599,-1701180.1700000018,-2.6538419562327475,
portfolio,portfolio_results,storm_cmcc,all,,,,eai_direct_eur,eur,,59170187.15,64102542.58,62401362.41,4932355.43,8.33587938043221,3231175.259999998,5.460816359780599,-1701180.1700000018,-2.6538419562327475,
portfolio,portfolio_results,storm_cmcc,all,,,,eai_eur,eur,,59170187.15,64102542.58,62401362.41,4932355.43,8.33587938043221,3231175.259999998,5.460816359780599,-1701180.1700000018,-2.6538419562327475,
portfolio,portfolio_results,storm_cmcc,all,,,,eai_indirect_eur,eur,,0.0,0.0,0.0,0.0,,0.0,,0.0,,
portfolio,portfolio_results,storm_cmcc,all,,,,percentile_99_loss_eur,eur,,567323972.64,567849271.96,569627993.01,525299.3200000525,0.09259247719704335,2304020.370000005,0.406120749539001,1778721.0499999523,0.3132382372985146,
portfolio,portfolio_results,storm_cmcc,all,,,,pml_1000_eur,eur,,1055129180.25,1055129180.27,1060894239.61,0.019999980926513672,1.8955006932681855e-09,5765059.360000014,0.5463842217532126,5765059.340000033,0.5463842198473552,
portfolio,portfolio_results,storm_cmcc,all,,,,pml_100_eur,eur,,749784421.46,750274803.12,739757592.69,490381.6599999666,0.06540302065026671,-10026828.76999998,-1.3372948921071839,-10517210.429999948,-1.4017811055715024,
portfolio,portfolio_results,storm_cmcc,all,,,,pml_10_eur,eur,,180723795.45,185862980.04,183104128.67,5139184.590000004,2.843667917223351,2380333.219999999,1.3171111275485328,-2758851.370000005,-1.484346893290028,
portfolio,portfolio_results,storm_cmcc,all,,,,pml_200_eur,eur,,871008334.94,871008334.92,871528412.47,-0.020000100135803223,-2.2962007748388473e-09,520077.5299999714,0.059709822413559016,520077.5500000715,0.05970982471113085,
portfolio,portfolio_results,storm_cmcc,all,,,,pml_20_eur,eur,,349077925.87,348646335.29,347711399.71,-431590.5799999833,-0.12363731648867186,-1366526.1600000262,-0.3914673655156682,-934935.5800000429,-0.26816159682916907,
portfolio,portfolio_results,storm_cmcc,all,,,,pml_50_eur,eur,,586927891.42,587408211.24,591708762.05,480319.82000005245,0.08183625740429162,4780870.629999995,0.8145584321156158,4300550.809999943,0.7321230326218316,
portfolio,portfolio_results,storm_cmcc,all,,,,tvar_95_eur,eur,,391033607.43,394346869.73,392411112.39,3313262.300000012,0.8473088340861157,1377504.9599999785,0.3522727800951404,-1935757.3400000334,-0.4908768114034735,
portfolio_component,portfolio_results.components_direct_eai_eur,storm,all,,,combined_capped,direct_eai_component_eur,eur,,59452757.07,65588526.01,63556424.29,6135768.939999998,10.320411100154212,4103667.219999999,6.902400195113439,-2032101.7199999988,-3.098257947876696,
portfolio_component,portfolio_results.components_direct_eai_eur,storm,all,,,rain,direct_eai_component_eur,eur,,11174818.03,13404424.85,11638686.55,2229606.8200000003,19.95206377423222,463868.5200000014,4.151016318607574,-1765738.2999999989,-13.172801666309459,
portfolio_component,portfolio_results.components_direct_eai_eur,storm,all,,,surge,direct_eai_component_eur,eur,,193.41,2085683.81,1987944.06,2085490.4000000001,1078274.339486066,1987750.6500000001,1027739.3361253296,-97739.75,-4.686220870650571,
portfolio_component,portfolio_results.components_direct_eai_eur,storm,all,,,wind,direct_eai_component_eur,eur,,48277745.62,50098417.33,49929793.69,1820671.710000001,3.7712442588573403,1652048.0700000003,3.4219660607259326,-168623.6400000006,-0.3365847645231403,
portfolio_component,portfolio_results.components_direct_eai_eur,storm_cmcc,all,,,combined_capped,direct_eai_component_eur,eur,,59170187.15,64102542.58,62401362.41,4932355.43,8.33587938043221,3231175.259999998,5.460816359780599,-1701180.1700000018,-2.6538419562327475,
portfolio_component,portfolio_results.components_direct_eai_eur,storm_cmcc,all,,,rain,direct_eai_component_eur,eur,,11588008.73,13306710.71,11879840.01,1718701.9800000004,14.831728384450402,291831.27999999933,2.5183902325209875,-1426870.7000000011,-10.72294071086784,
portfolio_component,portfolio_results.components_direct_eai_eur,storm_cmcc,all,,,surge,direct_eai_component_eur,eur,,194.85,2048569.56,1998971.66,2048374.71,1051257.2286374134,1998776.8099999998,1025802.8278162689,-49597.90000000014,-2.42109914002628,
portfolio_component,portfolio_results.components_direct_eai_eur,storm_cmcc,all,,,wind,direct_eai_component_eur,eur,,47581983.57,48747262.3,48522550.74,1165278.7299999967,2.44899149335736,940567.1700000018,1.976729634686816,-224711.55999999493,-0.46097267702353606,
portfolio_component,portfolio_results.components_direct_percentile_99_loss_eur,storm,all,,,rain,p99_component_loss_eur,eur,,44512571.89,46175268.27,44991977.17,1662696.3800000027,3.7353410719759754,479405.2800000012,1.0770109648678878,-1183291.1000000015,-2.562607959483765,
portfolio_component,portfolio_results.components_direct_percentile_99_loss_eur,storm,all,,,surge,p99_component_loss_eur,eur,,16630888.68,16595622.67,16775592.23,-35266.00999999978,-0.212051266042145,144703.55000000075,0.8700891021777962,179969.56000000052,1.0844399368354674,
portfolio_component,portfolio_results.components_direct_percentile_99_loss_eur,storm,all,,,wind,p99_component_loss_eur,eur,,506571246.82,504129586.87,511295796.31,-2441659.949999988,-0.48199734298531616,4724549.49000001,0.9326525182110829,7166209.439999998,1.4215014604663443,
portfolio_component,portfolio_results.components_direct_percentile_99_loss_eur,storm_cmcc,all,,,rain,p99_component_loss_eur,eur,,44455437.49,45320882.36,43187433.81,865444.8699999973,1.946769436685162,-1268003.6799999997,-2.8523027813756863,-2133448.549999997,-4.707429420842364,
portfolio_component,portfolio_results.components_direct_percentile_99_loss_eur,storm_cmcc,all,,,surge,p99_component_loss_eur,eur,,16987007.06,17065079.92,17065079.92,78072.86000000313,0.4596033881909927,78072.86000000313,0.4596033881909927,0.0,0.0,
portfolio_component,portfolio_results.components_direct_percentile_99_loss_eur,storm_cmcc,all,,,wind,p99_component_loss_eur,eur,,519902864.4,519902864.39,528264550.28,-0.009999990463256836,-1.9234343851514343e-09,8361685.879999995,1.608316947753288,8361685.889999986,1.6083169497076573,
scenario_component_damage,scientific_graph_inputs.state_damage_tables.damage_components_eur,storm,rp10,,eau_aep,landslide,damage_component_eur,eur,Eau AEP,0.0,0.01,0.01,0.01,,0.01,,0.0,0.0,
scenario_component_damage,scientific_graph_inputs.state_damage_tables.damage_components_eur,storm,rp10,,eau_aep,rain,damage_component_eur,eur,Eau AEP,10086443.38,8859338.11,8570075.43,-1227105.2700000014,-12.165886663610076,-1516367.9500000011,-15.033722917701056,-289262.6799999997,-3.265059719004219,
scenario_component_damage,scientific_graph_inputs.state_damage_tables.damage_components_eur,storm,rp10,,eau_aep,surge,damage_component_eur,eur,Eau AEP,28.99,2026367.65,1956019.93,2026338.66,6989784.960331149,1955990.94,6747122.938944464,-70347.71999999997,-3.4716168114902533,
scenario_component_damage,scientific_graph_inputs.state_damage_tables.damage_components_eur,storm,rp10,,eau_aep,wind,damage_component_eur,eur,Eau AEP,69683871.23,62857314.59,62385356.51,-6826556.640000001,-9.796465838512514,-7298514.720000006,-10.473750368877154,-471958.08000000566,-0.7508403486188537,
scenario_component_damage,scientific_graph_inputs.state_damage_tables.damage_components_eur,storm,rp10,,eau_eu,landslide,damage_component_eur,eur,Eau EU,0.0,0.01,0.0,0.01,,0.0,,-0.01,-100.0,
scenario_component_damage,scientific_graph_inputs.state_damage_tables.damage_components_eur,storm,rp10,,eau_eu,rain,damage_component_eur,eur,Eau EU,3532726.9,6389817.79,6195122.75,2857090.89,80.87494365896215,2662395.85,75.3637607820746,-194695.04000000004,-3.0469576191154593,
scenario_component_damage,scientific_graph_inputs.state_damage_tables.damage_components_eur,storm,rp10,,eau_eu,surge,damage_component_eur,eur,Eau EU,10.15,1461522.28,1413964.64,1461512.1300000001,14399134.285714285,1413954.49,13930586.108374383,-47557.64000000013,-3.2539798161681213,
scenario_component_damage,scientific_graph_inputs.state_damage_tables.damage_components_eur,storm,rp10,,eau_eu,wind,damage_component_eur,eur,Eau EU,24406431.16,45335981.31,45097029.14,20929550.150000002,85.75424244861206,20690597.98,84.77518832786203,-238952.1700000018,-0.5270695882065197,
scenario_component_damage,scientific_graph_inputs.state_damage_tables.damage_components_eur,storm,rp10,,elec_bt_aerien,landslide,damage_component_eur,eur,Elec BT aerien,0.0,0.0,0.01,0.0,,0.01,,0.01,,
scenario_component_damage,scientific_graph_inputs.state_damage_tables.damage_components_eur,storm,rp10,,elec_bt_aerien,rain,damage_component_eur,eur,Elec BT aerien,1585943.36,1330786.27,1352762.24,-255157.09000000008,-16.088663469040917,-233181.1200000001,-14.702991662955736,21975.969999999972,1.651352324216568,
scenario_component_damage,scientific_graph_inputs.state_damage_tables.damage_components_eur,storm,rp10,,elec_bt_aerien,surge,damage_component_eur,eur,Elec BT aerien,4.56,304386.42,308752.23,304381.86,6675040.789473684,308747.67,6770782.236842105,4365.809999999998,1.4342985472216527,
scenario_component_damage,scientific_graph_inputs.state_damage_tables.damage_components_eur,storm,rp10,,elec_bt_aerien,wind,damage_component_eur,eur,Elec BT aerien,10956753.44,9441975.26,9847352.63,-1514778.1799999997,-13.825064041963145,-1109400.8099999987,-10.125269461206372,405377.37000000104,4.29335344392759,
scenario_component_damage,scientific_graph_inputs.state_damage_tables.damage_components_eur,storm,rp10,,elec_bt_souterrain,landslide,damage_component_eur,eur,Elec BT souterrain,0.0,0.0,0.0,0.0,,0.0,,0.0,,
scenario_component_damage,scientific_graph_inputs.state_damage_tables.damage_components_eur,storm,rp10,,elec_bt_souterrain,rain,damage_component_eur,eur,Elec BT souterrain,0.0,0.0,0.0,0.0,,0.0,,0.0,,
scenario_component_damage,scientific_graph_inputs.state_damage_tables.damage_components_eur,storm,rp10,,elec_bt_souterrain,surge,damage_component_eur,eur,Elec BT souterrain,0.0,0.0,0.0,0.0,,0.0,,0.0,,
scenario_component_damage,scientific_graph_inputs.state_damage_tables.damage_components_eur,storm,rp10,,elec_bt_souterrain,wind,damage_component_eur,eur,Elec BT souterrain,0.0,0.0,0.0,0.0,,0.0,,0.0,,
scenario_component_damage,scientific_graph_inputs.state_damage_tables.damage_components_eur,storm,rp10,,elec_hta_aerien,landslide,damage_component_eur,eur,Elec HTA aerien,0.0,0.0,0.0,0.0,,0.0,,0.0,,
scenario_component_damage,scientific_graph_inputs.state_damage_tables.damage_components_eur,storm,rp10,,elec_hta_aerien,rain,damage_component_eur,eur,Elec HTA aerien,45382.95,37364.21,39000.67,-8018.739999999998,-17.669058534097054,-6382.279999999999,-14.063166894175014,1636.4599999999991,4.379752709879318,
scenario_component_damage,scientific_graph_inputs.state_damage_tables.damage_components_eur,storm,rp10,,elec_hta_aerien,surge,damage_component_eur,eur,Elec HTA aerien,0.13,8546.19,8901.45,8546.060000000001,6573892.307692308,8901.320000000002,6847169.230769231,355.2600000000002,4.156940110154352,
scenario_component_damage,scientific_graph_inputs.state_damage_tables.damage_components_eur,storm,rp10,,elec_hta_aerien,wind,damage_component_eur,eur,Elec HTA aerien,313535.65,265100.35,283903.05,-48435.30000000005,-15.44809976154228,-29632.600000000035,-9.451110264494654,18802.70000000001,7.092672642642688,
scenario_component_damage,scientific_graph_inputs.state_damage_tables.damage_components_eur,storm,rp10,,elec_hta_souterrain,landslide,damage_component_eur,eur,Elec HTA souterrain,0.0,0.0,0.0,0.0,,0.0,,0.0,,
scenario_component_damage,scientific_graph_inputs.state_damage_tables.damage_components_eur,storm,rp10,,elec_hta_souterrain,rain,damage_component_eur,eur,Elec HTA souterrain,0.0,0.0,0.0,0.0,,0.0,,0.0,,
scenario_component_damage,scientific_graph_inputs.state_damage_tables.damage_components_eur,storm,rp10,,elec_hta_souterrain,surge,damage_component_eur,eur,Elec HTA souterrain,0.0,0.0,0.0,0.0,,0.0,,0.0,,
scenario_component_damage,scientific_graph_inputs.state_damage_tables.damage_components_eur,storm,rp10,,elec_hta_souterrain,wind,damage_component_eur,eur,Elec HTA souterrain,0.0,0.0,0.0,0.0,,0.0,,0.0,,
scenario_component_damage,scientific_graph_inputs.state_damage_tables.damage_components_eur,storm,rp100,,eau_aep,landslide,damage_component_eur,eur,Eau AEP,0.0,0.0,0.0,0.0,,0.0,,0.0,,
scenario_component_damage,scientific_graph_inputs.state_damage_tables.damage_components_eur,storm,rp100,,eau_aep,rain,damage_component_eur,eur,Eau AEP,21440462.88,22697061.16,21533590.33,1256598.2800000012,5.86087290667673,93127.44999999925,0.4343537288407612,-1163470.830000002,-5.126085803788714,
scenario_component_damage,scientific_graph_inputs.state_damage_tables.damage_components_eur,storm,rp100,,eau_aep,surge,damage_component_eur,eur,Eau AEP,24.42,7881792.86,7883210.32,7881768.44,32275874.037674036,7883185.9,32281678.54217854,1417.4599999999627,0.017983979345531326,
scenario_component_damage,scientific_graph_inputs.state_damage_tables.damage_components_eur,storm,rp100,,eau_aep,wind,damage_component_eur,eur,Eau AEP,243159588.79,239475486.42,241162297.66,-3684102.370000005,-1.5150964797780224,-1997291.1299999952,-0.8213910625276294,1686811.2400000095,0.7043774146643238,
scenario_component_damage,scientific_graph_inputs.state_damage_tables.damage_components_eur,storm,rp100,,eau_eu,landslide,damage_component_eur,eur,Eau EU,0.0,0.0,0.0,0.0,,0.0,,0.0,,
scenario_component_damage,scientific_graph_inputs.state_damage_tables.damage_components_eur,storm,rp100,,eau_eu,rain,damage_component_eur,eur,Eau EU,7476360.63,10854348.72,10531495.95,3377988.090000001,45.18225186256165,3055135.3199999994,40.8639372977919,-322852.7700000014,-2.97440941256217,
scenario_component_damage,scientific_graph_inputs.state_damage_tables.damage_components_eur,storm,rp100,,eau_eu,surge,damage_component_eur,eur,Eau EU,8.51,3769286.59,3855464.71,3769278.08,44292339.36545241,3855456.2,45305008.225616924,86178.12000000011,2.286324426182731,
scenario_component_damage,scientific_graph_inputs.state_damage_tables.damage_components_eur,storm,rp100,,eau_eu,wind,damage_component_eur,eur,Eau EU,84790556.37,114523656.63,117945949.71,29733100.25999999,35.06652336405702,33155393.33999999,39.10269581829374,3422293.079999998,2.9882848493535725,
scenario_component_damage,scientific_graph_inputs.state_damage_tables.damage_components_eur,storm,rp100,,elec_bt_aerien,landslide,damage_component_eur,eur,Elec BT aerien,0.0,0.0,0.0,0.0,,0.0,,0.0,,
scenario_component_damage,scientific_graph_inputs.state_damage_tables.damage_components_eur,storm,rp100,,elec_bt_aerien,rain,damage_component_eur,eur,Elec BT aerien,4445944.67,3824658.81,3937727.41,-621285.8599999999,-13.974214843298979,-508217.2599999998,-11.431029797318638,113068.6000000001,2.9563055325188623,
scenario_component_damage,scientific_graph_inputs.state_damage_tables.damage_components_eur,storm,rp100,,elec_bt_aerien,surge,damage_component_eur,eur,Elec BT aerien,5.06,1328152.94,1441558.65,1328147.88,26247981.818181816,1441553.5899999999,28489201.383399207,113405.70999999996,8.538603242485008,
scenario_component_damage,scientific_graph_inputs.state_damage_tables.damage_components_eur,storm,rp100,,elec_bt_aerien,wind,damage_component_eur,eur,Elec BT aerien,50422142.63,40353771.88,44100002.57,-10068370.75,-19.968153324784645,-6322140.060000002,-12.538420087365498,3746230.6899999976,9.283470950720945,
scenario_component_damage,scientific_graph_inputs.state_damage_tables.damage_components_eur,storm,rp100,,elec_bt_souterrain,landslide,damage_component_eur,eur,Elec BT souterrain,0.0,0.0,0.0,0.0,,0.0,,0.0,,
scenario_component_damage,scientific_graph_inputs.state_damage_tables.damage_components_eur,storm,rp100,,elec_bt_souterrain,rain,damage_component_eur,eur,Elec BT souterrain,0.0,0.0,0.0,0.0,,0.0,,0.0,,
scenario_component_damage,scientific_graph_inputs.state_damage_tables.damage_components_eur,storm,rp100,,elec_bt_souterrain,surge,damage_component_eur,eur,Elec BT souterrain,0.0,0.0,0.0,0.0,,0.0,,0.0,,
scenario_component_damage,scientific_graph_inputs.state_damage_tables.damage_components_eur,storm,rp100,,elec_bt_souterrain,wind,damage_component_eur,eur,Elec BT souterrain,0.0,0.0,0.0,0.0,,0.0,,0.0,,
scenario_component_damage,scientific_graph_inputs.state_damage_tables.damage_components_eur,storm,rp100,,elec_hta_aerien,landslide,damage_component_eur,eur,Elec HTA aerien,0.01,0.0,0.01,-0.01,-100.0,0.0,0.0,0.01,,
scenario_component_damage,scientific_graph_inputs.state_damage_tables.damage_components_eur,storm,rp100,,elec_hta_aerien,rain,damage_component_eur,eur,Elec HTA aerien,127224.01,107384.14,113526.23,-19839.869999999995,-15.594438502606542,-13697.779999999999,-10.766662676329727,6142.0899999999965,5.719736638948728,
scenario_component_damage,scientific_graph_inputs.state_damage_tables.damage_components_eur,storm,rp100,,elec_hta_aerien,surge,damage_component_eur,eur,Elec HTA aerien,0.14,37290.27,41560.7,37290.13,26635807.142857134,41560.56,29686114.285714284,4270.43,11.451861303230041,
scenario_component_damage,scientific_graph_inputs.state_damage_tables.damage_components_eur,storm,rp100,,elec_hta_aerien,wind,damage_component_eur,eur,Elec HTA aerien,1442867.1,1133004.36,1271420.45,-309862.74,-21.475487243419714,-171446.65000000014,-11.882359089066494,138416.08999999985,12.216730569333365,
scenario_component_damage,scientific_graph_inputs.state_damage_tables.damage_components_eur,storm,rp100,,elec_hta_souterrain,landslide,damage_component_eur,eur,Elec HTA souterrain,0.0,0.0,0.0,0.0,,0.0,,0.0,,
scenario_component_damage,scientific_graph_inputs.state_damage_tables.damage_components_eur,storm,rp100,,elec_hta_souterrain,rain,damage_component_eur,eur,Elec HTA souterrain,0.0,0.0,0.0,0.0,,0.0,,0.0,,
scenario_component_damage,scientific_graph_inputs.state_damage_tables.damage_components_eur,storm,rp100,,elec_hta_souterrain,surge,damage_component_eur,eur,Elec HTA souterrain,0.0,0.0,0.0,0.0,,0.0,,0.0,,
scenario_component_damage,scientific_graph_inputs.state_damage_tables.damage_components_eur,storm,rp100,,elec_hta_souterrain,wind,damage_component_eur,eur,Elec HTA souterrain,0.0,0.0,0.0,0.0,,0.0,,0.0,,
scenario_component_damage,scientific_graph_inputs.state_damage_tables.damage_components_eur,storm,rp1000,,eau_aep,landslide,damage_component_eur,eur,Eau AEP,0.0,0.01,0.0,0.01,,0.0,,-0.01,-100.0,
scenario_component_damage,scientific_graph_inputs.state_damage_tables.damage_components_eur,storm,rp1000,,eau_aep,rain,damage_component_eur,eur,Eau AEP,57177030.02,56359139.47,55423782.36,-817890.5500000045,-1.4304530153348536,-1753247.6600000039,-3.0663496501772367,-935357.1099999994,-1.659636961806151,
scenario_component_damage,scientific_graph_inputs.state_damage_tables.damage_components_eur,storm,rp1000,,eau_aep,surge,damage_component_eur,eur,Eau AEP,29.03,13307515.63,13158911.87,13307486.600000001,45840463.65828454,13158882.84,45328566.44850155,-148603.76000000164,-1.1166904787622003,
scenario_component_damage,scientific_graph_inputs.state_damage_tables.damage_components_eur,storm,rp1000,,eau_aep,wind,damage_component_eur,eur,Eau AEP,411420916.67,404732214.09,400279985.99,-6688702.580000043,-1.625756569242453,-11140930.680000007,-2.707915477456419,-4452228.099999964,-1.1000429283867001,
scenario_component_damage,scientific_graph_inputs.state_damage_tables.damage_components_eur,storm,rp1000,,eau_eu,landslide,damage_component_eur,eur,Eau EU,0.0,0.0,0.0,0.0,,0.0,,0.0,,
scenario_component_damage,scientific_graph_inputs.state_damage_tables.damage_components_eur,storm,rp1000,,eau_eu,rain,damage_component_eur,eur,Eau EU,19309076.89,19470351.82,19163102.91,161274.9299999997,0.8352285866318268,-145973.98000000045,-0.7559863210011819,-307248.91000000015,-1.5780347106229133,
scenario_component_damage,scientific_graph_inputs.state_damage_tables.damage_components_eur,storm,rp1000,,eau_eu,surge,damage_component_eur,eur,Eau EU,9.8,4597337.96,4549772.17,4597328.16,46911511.8367347,4549762.37,46426146.632653065,-47565.79000000004,-1.0346376623571099,
scenario_component_damage,scientific_graph_inputs.state_damage_tables.damage_components_eur,storm,rp1000,,eau_eu,wind,damage_component_eur,eur,Eau EU,138939677.53,139822550.05,138399189.62,882872.5200000107,0.6354358493522341,-540487.9099999964,-0.38900904306712075,-1423360.4300000072,-1.0179763060329103,
scenario_component_damage,scientific_graph_inputs.state_damage_tables.damage_components_eur,storm,rp1000,,elec_bt_aerien,landslide,damage_component_eur,eur,Elec BT aerien,0.0,0.0,0.0,0.0,,0.0,,0.0,,
scenario_component_damage,scientific_graph_inputs.state_damage_tables.damage_components_eur,storm,rp1000,,elec_bt_aerien,rain,damage_component_eur,eur,Elec BT aerien,7640082.48,6882722.77,7098628.84,-757359.7100000009,-9.912978190779961,-541453.6400000006,-7.087013018739041,215906.0700000003,3.1369281782070138,
scenario_component_damage,scientific_graph_inputs.state_damage_tables.damage_components_eur,storm,rp1000,,elec_bt_aerien,surge,damage_component_eur,eur,Elec BT aerien,3.88,1625147.97,1685381.75,1625144.09,41885156.95876289,1685377.87,43437573.96907217,60233.78000000003,3.7063566587109005,
scenario_component_damage,scientific_graph_inputs.state_damage_tables.damage_components_eur,storm,rp1000,,elec_bt_aerien,wind,damage_component_eur,eur,Elec BT aerien,54974694.11,49426936.8,51267505.25,-5547757.310000002,-10.09147463176308,-3707188.8599999994,-6.743446089180977,1840568.450000003,3.7238165445041362,
scenario_component_damage,scientific_graph_inputs.state_damage_tables.damage_components_eur,storm,rp1000,,elec_bt_souterrain,landslide,damage_component_eur,eur,Elec BT souterrain,0.0,0.0,0.0,0.0,,0.0,,0.0,,
scenario_component_damage,scientific_graph_inputs.state_damage_tables.damage_components_eur,storm,rp1000,,elec_bt_souterrain,rain,damage_component_eur,eur,Elec BT souterrain,0.0,0.0,0.0,0.0,,0.0,,0.0,,
scenario_component_damage,scientific_graph_inputs.state_damage_tables.damage_components_eur,storm,rp1000,,elec_bt_souterrain,surge,damage_component_eur,eur,Elec BT souterrain,0.0,0.0,0.0,0.0,,0.0,,0.0,,
scenario_component_damage,scientific_graph_inputs.state_damage_tables.damage_components_eur,storm,rp1000,,elec_bt_souterrain,wind,damage_component_eur,eur,Elec BT souterrain,0.0,0.0,0.0,0.0,,0.0,,0.0,,
scenario_component_damage,scientific_graph_inputs.state_damage_tables.damage_components_eur,storm,rp1000,,elec_hta_aerien,landslide,damage_component_eur,eur,Elec HTA aerien,0.0,0.0,0.0,0.0,,0.0,,0.0,,
scenario_component_damage,scientific_graph_inputs.state_damage_tables.damage_components_eur,storm,rp1000,,elec_hta_aerien,rain,damage_component_eur,eur,Elec HTA aerien,218626.64,193244.76,204656.27,-25381.880000000005,-11.609692213172194,-13970.370000000024,-6.390058411911752,11411.50999999998,5.905210573368189,
scenario_component_damage,scientific_graph_inputs.state_damage_tables.damage_components_eur,storm,rp1000,,elec_hta_aerien,surge,damage_component_eur,eur,Elec HTA aerien,0.11,45628.94,48590.22,45628.83,41480754.54545455,48590.11,44172827.27272727,2961.279999999999,6.489916268052685,
scenario_component_damage,scientific_graph_inputs.state_damage_tables.damage_components_eur,storm,rp1000,,elec_hta_aerien,wind,damage_component_eur,eur,Elec HTA aerien,1573141.75,1387749.7,1478062.38,-185392.05000000005,-11.784828035998666,-95079.37000000011,-6.043916258658834,90312.67999999993,6.50785080335452,
scenario_component_damage,scientific_graph_inputs.state_damage_tables.damage_components_eur,storm,rp1000,,elec_hta_souterrain,landslide,damage_component_eur,eur,Elec HTA souterrain,0.0,0.0,0.0,0.0,,0.0,,0.0,,
scenario_component_damage,scientific_graph_inputs.state_damage_tables.damage_components_eur,storm,rp1000,,elec_hta_souterrain,rain,damage_component_eur,eur,Elec HTA souterrain,0.0,0.0,0.0,0.0,,0.0,,0.0,,
scenario_component_damage,scientific_graph_inputs.state_damage_tables.damage_components_eur,storm,rp1000,,elec_hta_souterrain,surge,damage_component_eur,eur,Elec HTA souterrain,0.0,0.0,0.0,0.0,,0.0,,0.0,,
scenario_component_damage,scientific_graph_inputs.state_damage_tables.damage_components_eur,storm,rp1000,,elec_hta_souterrain,wind,damage_component_eur,eur,Elec HTA souterrain,0.0,0.0,0.0,0.0,,0.0,,0.0,,
scenario_component_damage,scientific_graph_inputs.state_damage_tables.damage_components_eur,storm,rp50,,eau_aep,landslide,damage_component_eur,eur,Eau AEP,0.0,0.0,0.0,0.0,,0.0,,0.0,,
scenario_component_damage,scientific_graph_inputs.state_damage_tables.damage_components_eur,storm,rp50,,eau_aep,rain,damage_component_eur,eur,Eau AEP,18707592.79,18222051.99,17350246.86,-485540.80000000075,-2.5954210434788965,-1357345.9299999997,-7.255588387221891,-871805.129999999,-4.7843411404952265,
scenario_component_damage,scientific_graph_inputs.state_damage_tables.damage_components_eur,storm,rp50,,eau_aep,surge,damage_component_eur,eur,Eau AEP,27.86,6466443.29,6427002.0,6466415.43,23210392.78535535,6426974.14,23068823.187365398,-39441.29000000004,-0.6099379246237855,
scenario_component_damage,scientific_graph_inputs.state_damage_tables.damage_components_eur,storm,rp50,,eau_aep,wind,damage_component_eur,eur,Eau AEP,212378581.22,195642172.26,196494175.13,-16736408.960000008,-7.880459914487798,-15884406.090000004,-7.47928816491413,852002.8700000048,0.43549039563296704,
scenario_component_damage,scientific_graph_inputs.state_damage_tables.damage_components_eur,storm,rp50,,eau_eu,landslide,damage_component_eur,eur,Eau EU,0.0,0.0,0.0,0.0,,0.0,,0.0,,
scenario_component_damage,scientific_graph_inputs.state_damage_tables.damage_components_eur,storm,rp50,,eau_eu,rain,damage_component_eur,eur,Eau EU,6550015.83,9389044.4,9029178.29,2839028.5700000003,43.34384288045301,2479162.459999999,37.84971707465322,-359866.11000000127,-3.8328299949247366,
scenario_component_damage,scientific_graph_inputs.state_damage_tables.damage_components_eur,storm,rp50,,eau_eu,surge,damage_component_eur,eur,Eau EU,9.75,3331881.79,3344652.52,3331872.04,34173046.56410256,3344642.77,34304028.41025641,12770.729999999981,0.38328880809423854,
scenario_component_damage,scientific_graph_inputs.state_damage_tables.damage_components_eur,storm,rp50,,eau_eu,wind,damage_component_eur,eur,Eau EU,74359276.66,100806047.67,102256812.46,26446771.010000005,35.566202628523534,27897535.799999997,37.51722320748029,1450764.7899999917,1.4391644385753861,
scenario_component_damage,scientific_graph_inputs.state_damage_tables.damage_components_eur,storm,rp50,,elec_bt_aerien,landslide,damage_component_eur,eur,Elec BT aerien,0.0,0.0,0.0,0.0,,0.0,,0.0,,
scenario_component_damage,scientific_graph_inputs.state_damage_tables.damage_components_eur,storm,rp50,,elec_bt_aerien,rain,damage_component_eur,eur,Elec BT aerien,3013866.29,2626321.41,2683454.05,-387544.8799999999,-12.858728381078906,-330412.2400000002,-10.96306896879623,57132.639999999665,2.1753864467030204,
scenario_component_damage,scientific_graph_inputs.state_damage_tables.damage_components_eur,storm,rp50,,elec_bt_aerien,surge,damage_component_eur,eur,Elec BT aerien,4.49,932000.33,994024.16,931995.84,20757145.657015588,994019.67,22138522.71714922,62023.830000000075,6.654915025620224,
scenario_component_damage,scientific_graph_inputs.state_damage_tables.damage_components_eur,storm,rp50,,elec_bt_aerien,wind,damage_component_eur,eur,Elec BT aerien,34215019.17,28197659.98,30390523.76,-6017359.190000001,-17.586894106656146,-3824495.41,-11.177826296100246,2192863.780000001,7.776758006002458,
scenario_component_damage,scientific_graph_inputs.state_damage_tables.damage_components_eur,storm,rp50,,elec_bt_souterrain,landslide,damage_component_eur,eur,Elec BT souterrain,0.0,0.0,0.0,0.0,,0.0,,0.0,,
scenario_component_damage,scientific_graph_inputs.state_damage_tables.damage_components_eur,storm,rp50,,elec_bt_souterrain,rain,damage_component_eur,eur,Elec BT souterrain,0.0,0.0,0.0,0.0,,0.0,,0.0,,
scenario_component_damage,scientific_graph_inputs.state_damage_tables.damage_components_eur,storm,rp50,,elec_bt_souterrain,surge,damage_component_eur,eur,Elec BT souterrain,0.0,0.0,0.0,0.0,,0.0,,0.0,,
scenario_component_damage,scientific_graph_inputs.state_damage_tables.damage_components_eur,storm,rp50,,elec_bt_souterrain,wind,damage_component_eur,eur,Elec BT souterrain,0.0,0.0,0.0,0.0,,0.0,,0.0,,
scenario_component_damage,scientific_graph_inputs.state_damage_tables.damage_components_eur,storm,rp50,,elec_hta_aerien,landslide,damage_component_eur,eur,Elec HTA aerien,0.0,0.0,0.0,0.0,,0.0,,0.0,,
scenario_component_damage,scientific_graph_inputs.state_damage_tables.damage_components_eur,storm,rp50,,elec_hta_aerien,rain,damage_component_eur,eur,Elec HTA aerien,86244.02,73738.67,77365.04,-12505.350000000006,-14.499961852427571,-8878.98000000001,-10.29518336459735,3626.3699999999953,4.917867382202576,
scenario_component_damage,scientific_graph_inputs.state_damage_tables.damage_components_eur,storm,rp50,,elec_hta_aerien,surge,damage_component_eur,eur,Elec HTA aerien,0.13,26167.58,28658.11,26167.45,20128807.692307692,28657.98,22044600.0,2490.529999999999,9.517616837323125,
scenario_component_damage,scientific_graph_inputs.state_damage_tables.damage_components_eur,storm,rp50,,elec_hta_aerien,wind,damage_component_eur,eur,Elec HTA aerien,979088.22,791699.76,876170.77,-187388.45999999996,-19.139078192565727,-102917.44999999995,-10.511560439364693,84471.01000000001,10.669576305037658,
scenario_component_damage,scientific_graph_inputs.state_damage_tables.damage_components_eur,storm,rp50,,elec_hta_souterrain,landslide,damage_component_eur,eur,Elec HTA souterrain,0.0,0.0,0.0,0.0,,0.0,,0.0,,
scenario_component_damage,scientific_graph_inputs.state_damage_tables.damage_components_eur,storm,rp50,,elec_hta_souterrain,rain,damage_component_eur,eur,Elec HTA souterrain,0.0,0.0,0.0,0.0,,0.0,,0.0,,
scenario_component_damage,scientific_graph_inputs.state_damage_tables.damage_components_eur,storm,rp50,,elec_hta_souterrain,surge,damage_component_eur,eur,Elec HTA souterrain,0.0,0.0,0.0,0.0,,0.0,,0.0,,
scenario_component_damage,scientific_graph_inputs.state_damage_tables.damage_components_eur,storm,rp50,,elec_hta_souterrain,wind,damage_component_eur,eur,Elec HTA souterrain,0.0,0.0,0.0,0.0,,0.0,,0.0,,
scenario_component_damage,scientific_graph_inputs.state_damage_tables.damage_components_eur,storm_cmcc,rp10,,eau_aep,landslide,damage_component_eur,eur,Eau AEP,0.0,0.0,0.0,0.0,,0.0,,0.0,,
scenario_component_damage,scientific_graph_inputs.state_damage_tables.damage_components_eur,storm_cmcc,rp10,,eau_aep,rain,damage_component_eur,eur,Eau AEP,10485445.95,9229991.6,8930366.02,-1255454.3499999996,-11.973304292317675,-1555079.9299999997,-14.830842077823117,-299625.5800000001,-3.246217255495661,
scenario_component_damage,scientific_graph_inputs.state_damage_tables.damage_components_eur,storm_cmcc,rp10,,eau_aep,surge,damage_component_eur,eur,Eau AEP,29.79,1927350.98,1898631.65,1927321.19,6469691.809331991,1898601.8599999999,6373285.867740853,-28719.330000000075,-1.4900934130845267,
scenario_component_damage,scientific_graph_inputs.state_damage_tables.damage_components_eur,storm_cmcc,rp10,,eau_aep,wind,damage_component_eur,eur,Eau AEP,66198512.05,57876431.83,57093662.82,-8322080.219999999,-12.571400719270395,-9104849.229999997,-13.753857825570263,-782769.0099999979,-1.3524831874556802,
scenario_component_damage,scientific_graph_inputs.state_damage_tables.damage_components_eur,storm_cmcc,rp10,,eau_eu,landslide,damage_component_eur,eur,Eau EU,0.0,0.01,0.0,0.01,,0.0,,-0.01,-100.0,
scenario_component_damage,scientific_graph_inputs.state_damage_tables.damage_components_eur,storm_cmcc,rp10,,eau_eu,rain,damage_component_eur,eur,Eau EU,3674087.4,6574489.45,6371993.02,2900402.0500000003,78.94210818174876,2697905.6199999996,73.43063259736282,-202496.43000000063,-3.0800327772980247,
scenario_component_damage,scientific_graph_inputs.state_damage_tables.damage_components_eur,storm_cmcc,rp10,,eau_eu,surge,damage_component_eur,eur,Eau EU,10.44,1372845.09,1354711.29,1372834.6500000001,13149757.183908049,1354700.85,12976061.781609196,-18133.800000000047,-1.3208919296204094,
scenario_component_damage,scientific_graph_inputs.state_damage_tables.damage_components_eur,storm_cmcc,rp10,,eau_eu,wind,damage_component_eur,eur,Eau EU,23195877.41,41225171.94,40737459.16,18029294.529999997,77.72628821631626,17541581.749999996,75.62370433307095,-487712.7800000012,-1.1830460785217074,
scenario_component_damage,scientific_graph_inputs.state_damage_tables.damage_components_eur,storm_cmcc,rp10,,elec_bt_aerien,landslide,damage_component_eur,eur,Elec BT aerien,0.0,0.0,0.0,0.0,,0.0,,0.0,,
scenario_component_damage,scientific_graph_inputs.state_damage_tables.damage_components_eur,storm_cmcc,rp10,,elec_bt_aerien,rain,damage_component_eur,eur,Elec BT aerien,1527619.08,1260431.5,1239178.3,-267187.5800000001,-17.490458419778317,-288440.78,-18.881721482557026,-21253.199999999953,-1.6861844534986594,
scenario_component_damage,scientific_graph_inputs.state_damage_tables.damage_components_eur,storm_cmcc,rp10,,elec_bt_aerien,surge,damage_component_eur,eur,Elec BT aerien,4.34,263195.68,263454.28,263191.33999999997,6064316.589861751,263449.94,6070275.115207373,258.6000000000349,0.09825389231313938,
scenario_component_damage,scientific_graph_inputs.state_damage_tables.damage_components_eur,storm_cmcc,rp10,,elec_bt_aerien,wind,damage_component_eur,eur,Elec BT aerien,9644426.23,7903504.23,7922321.2,-1740922.0,-18.05106865336042,-1722105.0300000003,-17.855961453084806,18816.96999999974,0.2380838859878707,
scenario_component_damage,scientific_graph_inputs.state_damage_tables.damage_components_eur,storm_cmcc,rp10,,elec_bt_souterrain,landslide,damage_component_eur,eur,Elec BT souterrain,0.0,0.0,0.0,0.0,,0.0,,0.0,,
scenario_component_damage,scientific_graph_inputs.state_damage_tables.damage_components_eur,storm_cmcc,rp10,,elec_bt_souterrain,rain,damage_component_eur,eur,Elec BT souterrain,0.0,0.0,0.0,0.0,,0.0,,0.0,,
scenario_component_damage,scientific_graph_inputs.state_damage_tables.damage_components_eur,storm_cmcc,rp10,,elec_bt_souterrain,surge,damage_component_eur,eur,Elec BT souterrain,0.0,0.0,0.0,0.0,,0.0,,0.0,,
scenario_component_damage,scientific_graph_inputs.state_damage_tables.damage_components_eur,storm_cmcc,rp10,,elec_bt_souterrain,wind,damage_component_eur,eur,Elec BT souterrain,0.0,0.0,0.0,0.0,,0.0,,0.0,,
scenario_component_damage,scientific_graph_inputs.state_damage_tables.damage_components_eur,storm_cmcc,rp10,,elec_hta_aerien,landslide,damage_component_eur,eur,Elec HTA aerien,0.01,0.0,0.0,-0.01,-100.0,-0.01,-100.0,0.0,,
scenario_component_damage,scientific_graph_inputs.state_damage_tables.damage_components_eur,storm_cmcc,rp10,,elec_hta_aerien,rain,damage_component_eur,eur,Elec HTA aerien,47408.89,39053.09,38843.46,-8355.800000000003,-17.62496443177641,-8565.43,-18.067138884711287,-209.62999999999738,-0.5367821086628418,
scenario_component_damage,scientific_graph_inputs.state_damage_tables.damage_components_eur,storm_cmcc,rp10,,elec_hta_aerien,surge,damage_component_eur,eur,Elec HTA aerien,0.13,8154.83,8258.28,8154.7,6272846.153846153,8258.150000000001,6352423.076923078,103.45000000000073,1.268573348555405,
scenario_component_damage,scientific_graph_inputs.state_damage_tables.damage_components_eur,storm_cmcc,rp10,,elec_hta_aerien,wind,damage_component_eur,eur,Elec HTA aerien,299309.93,244881.4,248334.23,-54428.53,-18.184672322765906,-50975.69999999998,-17.031075447446725,3452.8300000000163,1.410000922895743,
scenario_component_damage,scientific_graph_inputs.state_damage_tables.damage_components_eur,storm_cmcc,rp10,,elec_hta_souterrain,landslide,damage_component_eur,eur,Elec HTA souterrain,0.0,0.0,0.0,0.0,,0.0,,0.0,,
scenario_component_damage,scientific_graph_inputs.state_damage_tables.damage_components_eur,storm_cmcc,rp10,,elec_hta_souterrain,rain,damage_component_eur,eur,Elec HTA souterrain,0.0,0.0,0.0,0.0,,0.0,,0.0,,
scenario_component_damage,scientific_graph_inputs.state_damage_tables.damage_components_eur,storm_cmcc,rp10,,elec_hta_souterrain,surge,damage_component_eur,eur,Elec HTA souterrain,0.0,0.0,0.0,0.0,,0.0,,0.0,,
scenario_component_damage,scientific_graph_inputs.state_damage_tables.damage_components_eur,storm_cmcc,rp10,,elec_hta_souterrain,wind,damage_component_eur,eur,Elec HTA souterrain,0.0,0.0,0.0,0.0,,0.0,,0.0,,
scenario_component_damage,scientific_graph_inputs.state_damage_tables.damage_components_eur,storm_cmcc,rp100,,eau_aep,landslide,damage_component_eur,eur,Eau AEP,0.0,0.0,0.0,0.0,,0.0,,0.0,,
scenario_component_damage,scientific_graph_inputs.state_damage_tables.damage_components_eur,storm_cmcc,rp100,,eau_aep,rain,damage_component_eur,eur,Eau AEP,20345309.56,20879745.15,19515437.59,534435.5899999999,2.626824568207749,-829871.9699999988,-4.078935086009077,-1364307.5599999987,-6.534119790250403,
scenario_component_damage,scientific_graph_inputs.state_damage_tables.damage_components_eur,storm_cmcc,rp100,,eau_aep,surge,damage_component_eur,eur,Eau AEP,24.36,7999577.52,7926075.82,7999553.159999999,32838888.1773399,7926051.46,32537157.060755335,-73501.69999999925,-0.9188197728721962,
scenario_component_damage,scientific_graph_inputs.state_damage_tables.damage_components_eur,storm_cmcc,rp100,,eau_aep,wind,damage_component_eur,eur,Eau AEP,247482684.84,244518343.29,241593290.57,-2964341.550000012,-1.1977975557831402,-5889394.270000011,-2.3797197261729894,-2925052.719999999,-1.196250833636179,
scenario_component_damage,scientific_graph_inputs.state_damage_tables.damage_components_eur,storm_cmcc,rp100,,eau_eu,landslide,damage_component_eur,eur,Eau EU,0.0,0.0,0.0,0.0,,0.0,,0.0,,
scenario_component_damage,scientific_graph_inputs.state_damage_tables.damage_components_eur,storm_cmcc,rp100,,eau_eu,rain,damage_component_eur,eur,Eau EU,7086862.41,10188345.16,9539461.59,3101482.75,43.7638346925378,2452599.1799999997,34.607687268476255,-648883.5700000003,-6.368880910587449,
scenario_component_damage,scientific_graph_inputs.state_damage_tables.damage_components_eur,storm_cmcc,rp100,,eau_eu,surge,damage_component_eur,eur,Eau EU,8.48,3903422.01,3874394.08,3903413.53,46030819.92924528,3874385.6,45688509.43396226,-29027.929999999702,-0.743653387351774,
scenario_component_damage,scientific_graph_inputs.state_damage_tables.damage_components_eur,storm_cmcc,rp100,,eau_eu,wind,damage_component_eur,eur,Eau EU,86205409.21,119313586.48,118094708.63,33108177.27000001,38.406148260774565,31889299.42,36.992225560134315,-1218877.850000009,-1.0215750661424665,
scenario_component_damage,scientific_graph_inputs.state_damage_tables.damage_components_eur,storm_cmcc,rp100,,elec_bt_aerien,landslide,damage_component_eur,eur,Elec BT aerien,0.0,0.01,0.0,0.01,,0.0,,-0.01,-100.0,
scenario_component_damage,scientific_graph_inputs.state_damage_tables.damage_components_eur,storm_cmcc,rp100,,elec_bt_aerien,rain,damage_component_eur,eur,Elec BT aerien,4274329.98,3655023.81,3476038.83,-619306.1700000004,-14.4889648880127,-798291.1500000004,-18.67640434255851,-178984.97999999998,-4.896957976314797,
scenario_component_damage,scientific_graph_inputs.state_damage_tables.damage_components_eur,storm_cmcc,rp100,,elec_bt_aerien,surge,damage_component_eur,eur,Elec BT aerien,5.12,1400335.4,1411771.94,1400330.2799999998,27350200.781249993,1411766.8199999998,27573570.703124993,11436.540000000037,0.8167000562865181,
scenario_component_damage,scientific_graph_inputs.state_damage_tables.damage_components_eur,storm_cmcc,rp100,,elec_bt_aerien,wind,damage_component_eur,eur,Elec BT aerien,51993441.33,42803222.03,43031966.56,-9190219.299999997,-17.67572806283411,-8961474.769999996,-17.2357792459282,228744.5300000012,0.534409605519132,
scenario_component_damage,scientific_graph_inputs.state_damage_tables.damage_components_eur,storm_cmcc,rp100,,elec_bt_souterrain,landslide,damage_component_eur,eur,Elec BT souterrain,0.0,0.0,0.0,0.0,,0.0,,0.0,,
scenario_component_damage,scientific_graph_inputs.state_damage_tables.damage_components_eur,storm_cmcc,rp100,,elec_bt_souterrain,rain,damage_component_eur,eur,Elec BT souterrain,0.0,0.0,0.0,0.0,,0.0,,0.0,,
scenario_component_damage,scientific_graph_inputs.state_damage_tables.damage_components_eur,storm_cmcc,rp100,,elec_bt_souterrain,surge,damage_component_eur,eur,Elec BT souterrain,0.0,0.0,0.0,0.0,,0.0,,0.0,,
scenario_component_damage,scientific_graph_inputs.state_damage_tables.damage_components_eur,storm_cmcc,rp100,,elec_bt_souterrain,wind,damage_component_eur,eur,Elec BT souterrain,0.0,0.0,0.0,0.0,,0.0,,0.0,,
scenario_component_damage,scientific_graph_inputs.state_damage_tables.damage_components_eur,storm_cmcc,rp100,,elec_hta_aerien,landslide,damage_component_eur,eur,Elec HTA aerien,0.0,0.0,0.0,0.0,,0.0,,0.0,,
scenario_component_damage,scientific_graph_inputs.state_damage_tables.damage_components_eur,storm_cmcc,rp100,,elec_hta_aerien,rain,damage_component_eur,eur,Elec HTA aerien,132651.69,113246.9,108960.42,-19404.790000000008,-14.628377520105479,-23691.270000000004,-17.859757384169026,-4286.479999999996,-3.7850749115428286,
scenario_component_damage,scientific_graph_inputs.state_damage_tables.damage_components_eur,storm_cmcc,rp100,,elec_hta_aerien,surge,damage_component_eur,eur,Elec HTA aerien,0.16,43387.85,44253.61,43387.689999999995,27117306.249999993,44253.45,27658406.25,865.760000000002,1.9953973289757434,
scenario_component_damage,scientific_graph_inputs.state_damage_tables.damage_components_eur,storm_cmcc,rp100,,elec_hta_aerien,wind,damage_component_eur,eur,Elec HTA aerien,1613590.36,1326210.79,1348886.26,-287379.57000000007,-17.809945889860177,-264704.1000000001,-16.40466543193776,22675.469999999972,1.7097938103791157,
scenario_component_damage,scientific_graph_inputs.state_damage_tables.damage_components_eur,storm_cmcc,rp100,,elec_hta_souterrain,landslide,damage_component_eur,eur,Elec HTA souterrain,0.0,0.0,0.0,0.0,,0.0,,0.0,,
scenario_component_damage,scientific_graph_inputs.state_damage_tables.damage_components_eur,storm_cmcc,rp100,,elec_hta_souterrain,rain,damage_component_eur,eur,Elec HTA souterrain,0.0,0.0,0.0,0.0,,0.0,,0.0,,
scenario_component_damage,scientific_graph_inputs.state_damage_tables.damage_components_eur,storm_cmcc,rp100,,elec_hta_souterrain,surge,damage_component_eur,eur,Elec HTA souterrain,0.0,0.0,0.0,0.0,,0.0,,0.0,,
scenario_component_damage,scientific_graph_inputs.state_damage_tables.damage_components_eur,storm_cmcc,rp100,,elec_hta_souterrain,wind,damage_component_eur,eur,Elec HTA souterrain,0.0,0.0,0.0,0.0,,0.0,,0.0,,
scenario_component_damage,scientific_graph_inputs.state_damage_tables.damage_components_eur,storm_cmcc,rp1000,,eau_aep,landslide,damage_component_eur,eur,Eau AEP,0.0,0.0,0.0,0.0,,0.0,,0.0,,
scenario_component_damage,scientific_graph_inputs.state_damage_tables.damage_components_eur,storm_cmcc,rp1000,,eau_aep,rain,damage_component_eur,eur,Eau AEP,46982031.73,46779678.53,47770267.95,-202353.19999999553,-0.4307033828653785,788236.2200000063,1.677739746399014,990589.4200000018,2.1175635470960597,
scenario_component_damage,scientific_graph_inputs.state_damage_tables.damage_components_eur,storm_cmcc,rp1000,,eau_aep,surge,damage_component_eur,eur,Eau AEP,29.84,13331713.68,13293722.35,13331683.84,44677224.66487936,13293692.51,44549907.87533512,-37991.330000000075,-0.28496959139614586,
scenario_component_damage,scientific_graph_inputs.state_damage_tables.damage_components_eur,storm_cmcc,rp1000,,eau_aep,wind,damage_component_eur,eur,Eau AEP,421381156.5,413273983.47,410681163.08,-8107173.029999971,-1.9239524371090313,-10699993.420000017,-2.539267182442226,-2592820.3900000453,-0.6273853408892991,
scenario_component_damage,scientific_graph_inputs.state_damage_tables.damage_components_eur,storm_cmcc,rp1000,,eau_eu,landslide,damage_component_eur,eur,Eau EU,0.0,0.0,0.0,0.0,,0.0,,0.0,,
scenario_component_damage,scientific_graph_inputs.state_damage_tables.damage_components_eur,storm_cmcc,rp1000,,eau_eu,rain,damage_component_eur,eur,Eau EU,15859477.44,16161740.63,16516936.95,302263.19000000134,1.9058836657357188,657459.5099999998,4.145530724371709,355196.31999999844,2.197760303990217,
scenario_component_damage,scientific_graph_inputs.state_damage_tables.damage_components_eur,storm_cmcc,rp1000,,eau_eu,surge,damage_component_eur,eur,Eau EU,10.07,4605925.16,4596406.58,4605915.09,45738978.05362462,4596396.51,45644453.9225422,-9518.580000000075,-0.20665945861786592,
scenario_component_damage,scientific_graph_inputs.state_damage_tables.damage_components_eur,storm_cmcc,rp1000,,eau_eu,wind,damage_component_eur,eur,Eau EU,142243421.53,142780522.18,141996165.55,537100.650000006,0.3775926114704209,-247255.97999998927,-0.17382595085273694,-784356.6299999952,-0.5493442789144415,
scenario_component_damage,scientific_graph_inputs.state_damage_tables.damage_components_eur,storm_cmcc,rp1000,,elec_bt_aerien,landslide,damage_component_eur,eur,Elec BT aerien,0.01,0.0,0.0,-0.01,-100.0,-0.01,-100.0,0.0,,
scenario_component_damage,scientific_graph_inputs.state_damage_tables.damage_components_eur,storm_cmcc,rp1000,,elec_bt_aerien,rain,damage_component_eur,eur,Elec BT aerien,6225157.81,5758251.47,6094539.71,-466906.33999999985,-7.500313313342331,-130618.09999999963,-2.098229538698227,336288.2400000002,5.8401103486367925,
scenario_component_damage,scientific_graph_inputs.state_damage_tables.damage_components_eur,storm_cmcc,rp1000,,elec_bt_aerien,surge,damage_component_eur,eur,Elec BT aerien,3.95,1641040.77,1696015.58,1641036.82,41545235.94936708,1696011.6300000001,42937003.29113924,54974.810000000056,3.3499966000235357,
scenario_component_damage,scientific_graph_inputs.state_damage_tables.damage_components_eur,storm_cmcc,rp1000,,elec_bt_aerien,wind,damage_component_eur,eur,Elec BT aerien,55833349.5,50871138.87,52394779.52,-4962210.630000003,-8.887538853458905,-3438569.9799999967,-6.158631016754596,1523640.650000006,2.9950983678459293,
scenario_component_damage,scientific_graph_inputs.state_damage_tables.damage_components_eur,storm_cmcc,rp1000,,elec_bt_souterrain,landslide,damage_component_eur,eur,Elec BT souterrain,0.0,0.0,0.0,0.0,,0.0,,0.0,,
scenario_component_damage,scientific_graph_inputs.state_damage_tables.damage_components_eur,storm_cmcc,rp1000,,elec_bt_souterrain,rain,damage_component_eur,eur,Elec BT souterrain,0.0,0.0,0.0,0.0,,0.0,,0.0,,
scenario_component_damage,scientific_graph_inputs.state_damage_tables.damage_components_eur,storm_cmcc,rp1000,,elec_bt_souterrain,surge,damage_component_eur,eur,Elec BT souterrain,0.0,0.0,0.0,0.0,,0.0,,0.0,,
scenario_component_damage,scientific_graph_inputs.state_damage_tables.damage_components_eur,storm_cmcc,rp1000,,elec_bt_souterrain,wind,damage_component_eur,eur,Elec BT souterrain,0.0,0.0,0.0,0.0,,0.0,,0.0,,
scenario_component_damage,scientific_graph_inputs.state_damage_tables.damage_components_eur,storm_cmcc,rp1000,,elec_hta_aerien,landslide,damage_component_eur,eur,Elec HTA aerien,0.0,0.01,0.0,0.01,,0.0,,-0.01,-100.0,
scenario_component_damage,scientific_graph_inputs.state_damage_tables.damage_components_eur,storm_cmcc,rp1000,,elec_hta_aerien,rain,damage_component_eur,eur,Elec HTA aerien,193194.65,178413.09,191040.32,-14781.559999999998,-7.65112284424025,-2154.329999999987,-1.1151085187917922,12627.23000000001,7.077524412586548,
scenario_component_damage,scientific_graph_inputs.state_damage_tables.damage_components_eur,storm_cmcc,rp1000,,elec_hta_aerien,surge,damage_component_eur,eur,Elec HTA aerien,0.12,50845.84,53163.55,50845.719999999994,42371433.33333333,53163.43,44302858.333333336,2317.7100000000064,4.558308014972329,
scenario_component_damage,scientific_graph_inputs.state_damage_tables.damage_components_eur,storm_cmcc,rp1000,,elec_hta_aerien,wind,damage_component_eur,eur,Elec HTA aerien,1732759.99,1576186.32,1642374.35,-156573.66999999993,-9.03608525725481,-90385.6399999999,-5.216281569382261,66188.03000000003,4.199251646848453,
scenario_component_damage,scientific_graph_inputs.state_damage_tables.damage_components_eur,storm_cmcc,rp1000,,elec_hta_souterrain,landslide,damage_component_eur,eur,Elec HTA souterrain,0.0,0.0,0.0,0.0,,0.0,,0.0,,
scenario_component_damage,scientific_graph_inputs.state_damage_tables.damage_components_eur,storm_cmcc,rp1000,,elec_hta_souterrain,rain,damage_component_eur,eur,Elec HTA souterrain,0.0,0.0,0.0,0.0,,0.0,,0.0,,
scenario_component_damage,scientific_graph_inputs.state_damage_tables.damage_components_eur,storm_cmcc,rp1000,,elec_hta_souterrain,surge,damage_component_eur,eur,Elec HTA souterrain,0.0,0.0,0.0,0.0,,0.0,,0.0,,
scenario_component_damage,scientific_graph_inputs.state_damage_tables.damage_components_eur,storm_cmcc,rp1000,,elec_hta_souterrain,wind,damage_component_eur,eur,Elec HTA souterrain,0.0,0.0,0.0,0.0,,0.0,,0.0,,
scenario_component_damage,scientific_graph_inputs.state_damage_tables.damage_components_eur,storm_cmcc,rp50,,eau_aep,landslide,damage_component_eur,eur,Eau AEP,0.0,0.0,0.0,0.0,,0.0,,0.0,,
scenario_component_damage,scientific_graph_inputs.state_damage_tables.damage_components_eur,storm_cmcc,rp50,,eau_aep,rain,damage_component_eur,eur,Eau AEP,18441713.09,17158357.56,16543274.45,-1283355.5300000012,-6.958982192906468,-1898438.6400000006,-10.294264045510106,-615083.1099999994,-3.5847435155092984,
scenario_component_damage,scientific_graph_inputs.state_damage_tables.damage_components_eur,storm_cmcc,rp50,,eau_aep,surge,damage_component_eur,eur,Eau AEP,27.25,6614068.17,6611934.01,6614040.92,24271709.79816514,6611906.76,24263878.018348623,-2134.160000000149,-0.0322669791896044,
scenario_component_damage,scientific_graph_inputs.state_damage_tables.damage_components_eur,storm_cmcc,rp50,,eau_aep,wind,damage_component_eur,eur,Eau AEP,217154322.89,201960073.75,201500270.67,-15194249.139999986,-6.996982117503904,-15654052.219999999,-7.208722355451148,-459803.0800000131,-0.2276702872317173,
scenario_component_damage,scientific_graph_inputs.state_damage_tables.damage_components_eur,storm_cmcc,rp50,,eau_eu,landslide,damage_component_eur,eur,Eau EU,0.0,0.0,0.01,0.0,,0.01,,0.01,,
scenario_component_damage,scientific_graph_inputs.state_damage_tables.damage_components_eur,storm_cmcc,rp50,,eau_eu,rain,damage_component_eur,eur,Eau EU,6450357.83,8830121.28,8596419.8,2379763.4499999993,36.893510603891556,2146061.9700000007,33.27043284356832,-233701.47999999858,-2.646639526110774,
scenario_component_damage,scientific_graph_inputs.state_damage_tables.damage_components_eur,storm_cmcc,rp50,,eau_eu,surge,damage_component_eur,eur,Eau EU,9.53,3403765.42,3435774.49,3403755.89,35716221.30115425,3435764.9600000004,36052098.2161595,32009.070000000298,0.940401762469292,
scenario_component_damage,scientific_graph_inputs.state_damage_tables.damage_components_eur,storm_cmcc,rp50,,eau_eu,wind,damage_component_eur,eur,Eau EU,75954065.7,103933720.87,104706049.68,27979655.17,36.83760034717931,28751983.980000004,37.85443704035978,772328.8100000024,0.7430974312620146,
scenario_component_damage,scientific_graph_inputs.state_damage_tables.damage_components_eur,storm_cmcc,rp50,,elec_bt_aerien,landslide,damage_component_eur,eur,Elec BT aerien,0.0,0.0,0.0,0.0,,0.0,,0.0,,
scenario_component_damage,scientific_graph_inputs.state_damage_tables.damage_components_eur,storm_cmcc,rp50,,elec_bt_aerien,rain,damage_component_eur,eur,Elec BT aerien,3047569.21,2600256.62,2603946.99,-447312.58999999985,-14.677684383089035,-443622.21999999974,-14.55659213724632,3690.3700000001118,0.14192329986261554,
scenario_component_damage,scientific_graph_inputs.state_damage_tables.damage_components_eur,storm_cmcc,rp50,,elec_bt_aerien,surge,damage_component_eur,eur,Elec BT aerien,4.5,1002326.39,1040732.64,1002321.89,22273819.77777778,1040728.14,23127292.0,38406.25,3.831710945972399,
scenario_component_damage,scientific_graph_inputs.state_damage_tables.damage_components_eur,storm_cmcc,rp50,,elec_bt_aerien,wind,damage_component_eur,eur,Elec BT aerien,35885648.22,30605960.8,31716576.08,-5279687.419999998,-14.71253183900268,-4169072.1400000006,-11.617658720949255,1110615.2799999975,3.628754827392961,
scenario_component_damage,scientific_graph_inputs.state_damage_tables.damage_components_eur,storm_cmcc,rp50,,elec_bt_souterrain,landslide,damage_component_eur,eur,Elec BT souterrain,0.0,0.0,0.0,0.0,,0.0,,0.0,,
scenario_component_damage,scientific_graph_inputs.state_damage_tables.damage_components_eur,storm_cmcc,rp50,,elec_bt_souterrain,rain,damage_component_eur,eur,Elec BT souterrain,0.0,0.0,0.0,0.0,,0.0,,0.0,,
scenario_component_damage,scientific_graph_inputs.state_damage_tables.damage_components_eur,storm_cmcc,rp50,,elec_bt_souterrain,surge,damage_component_eur,eur,Elec BT souterrain,0.0,0.0,0.0,0.0,,0.0,,0.0,,
scenario_component_damage,scientific_graph_inputs.state_damage_tables.damage_components_eur,storm_cmcc,rp50,,elec_bt_souterrain,wind,damage_component_eur,eur,Elec BT souterrain,0.0,0.0,0.0,0.0,,0.0,,0.0,,
scenario_component_damage,scientific_graph_inputs.state_damage_tables.damage_components_eur,storm_cmcc,rp50,,elec_hta_aerien,landslide,damage_component_eur,eur,Elec HTA aerien,0.0,0.0,0.0,0.0,,0.0,,0.0,,
scenario_component_damage,scientific_graph_inputs.state_damage_tables.damage_components_eur,storm_cmcc,rp50,,elec_hta_aerien,rain,damage_component_eur,eur,Elec HTA aerien,94579.78,80566.09,81623.7,-14013.690000000002,-14.81679276479603,-12956.080000000002,-13.698572781624149,1057.6100000000006,1.3127235043924816,
scenario_component_damage,scientific_graph_inputs.state_damage_tables.damage_components_eur,storm_cmcc,rp50,,elec_hta_aerien,surge,damage_component_eur,eur,Elec HTA aerien,0.14,31055.98,32622.96,31055.84,22182742.857142854,32622.82,23302014.285714284,1566.9799999999996,5.045662703286129,
scenario_component_damage,scientific_graph_inputs.state_damage_tables.damage_components_eur,storm_cmcc,rp50,,elec_hta_aerien,wind,damage_component_eur,eur,Elec HTA aerien,1113693.09,948292.06,994192.38,-165401.03000000003,-14.851580878534499,-119500.71000000008,-10.73012942910511,45900.31999999995,4.840314702202605,
scenario_component_damage,scientific_graph_inputs.state_damage_tables.damage_components_eur,storm_cmcc,rp50,,elec_hta_souterrain,landslide,damage_component_eur,eur,Elec HTA souterrain,0.0,0.0,0.0,0.0,,0.0,,0.0,,
scenario_component_damage,scientific_graph_inputs.state_damage_tables.damage_components_eur,storm_cmcc,rp50,,elec_hta_souterrain,rain,damage_component_eur,eur,Elec HTA souterrain,0.0,0.0,0.0,0.0,,0.0,,0.0,,
scenario_component_damage,scientific_graph_inputs.state_damage_tables.damage_components_eur,storm_cmcc,rp50,,elec_hta_souterrain,surge,damage_component_eur,eur,Elec HTA souterrain,0.0,0.0,0.0,0.0,,0.0,,0.0,,
scenario_component_damage,scientific_graph_inputs.state_damage_tables.damage_components_eur,storm_cmcc,rp50,,elec_hta_souterrain,wind,damage_component_eur,eur,Elec HTA souterrain,0.0,0.0,0.0,0.0,,0.0,,0.0,,
scenario_summary,scientific_web_summary.portfolio_summary,storm,all,,,,rp1000_eur,eur,,1061334652.14,1061334652.09,1055918735.23,-0.04999995231628418,-4.7110449296522844e-09,-5415916.909999967,-0.5102930446188387,-5415916.860000014,-0.510293039931834,
scenario_summary,scientific_web_summary.portfolio_summary,storm,all,,,,rp100_eur,eur,,737600156.27,731495087.84,753043492.46,-6105068.429999948,-0.8276934838073944,15443336.190000057,2.093727347902973,21548404.620000005,2.945803051614379,
scenario_summary,scientific_web_summary.portfolio_summary,storm,all,,,,rp10_eur,eur,,194744107.92,207816742.69,207058042.38,13072634.77000001,6.7127241535698685,12313934.460000008,6.323135827584841,-758700.3100000024,-0.36508141749279305,
scenario_summary,scientific_web_summary.portfolio_summary,storm,all,,,,rp50_eur,eur,,570329120.3,565742877.63,575978291.51,-4586242.669999957,-0.8041396637063769,5649171.210000038,0.9905107435209526,10235413.879999995,1.8091988931222622,
scenario_summary,scientific_web_summary.portfolio_summary,storm_cmcc,all,,,,rp1000_eur,eur,,1055129180.25,1055129180.27,1060894239.61,0.019999980926513672,1.8955006932681855e-09,5765059.360000014,0.5463842217532126,5765059.340000033,0.5463842198473552,
scenario_summary,scientific_web_summary.portfolio_summary,storm_cmcc,all,,,,rp100_eur,eur,,749784421.46,750274803.12,739757592.69,490381.6599999666,0.06540302065026671,-10026828.76999998,-1.3372948921071839,-10517210.429999948,-1.4017811055715024,
scenario_summary,scientific_web_summary.portfolio_summary,storm_cmcc,all,,,,rp10_eur,eur,,180723795.45,185862980.04,183104128.67,5139184.590000004,2.843667917223351,2380333.219999999,1.3171111275485328,-2758851.370000005,-1.484346893290028,
scenario_summary,scientific_web_summary.portfolio_summary,storm_cmcc,all,,,,rp50_eur,eur,,586927891.42,587408211.24,591708762.05,480319.82000005245,0.08183625740429162,4780870.629999995,0.8145584321156158,4300550.809999943,0.7321230326218316,
