comparison,ranking_basis,rank,reference_value,compared_value,comparison_delta_abs,comparison_delta_pct,category,scope,hazard,scenario,service,class_key,component,metric,unit,label,full_value,sample_v1_value,sample_v2_value,delta_abs,delta_pct,v2_delta_abs,v2_delta_pct,v2_vs_v1_delta_abs,v2_vs_v1_delta_pct,missing_in
v1_vs_full,abs,1,93292280.1,133405353.65,40113073.55000001,42.9972056712547,network_damage,scientific_graph_inputs.state_damage_tables,storm_cmcc,rp100,,eau_eu,,damage_eur,eur,Eau EU,93292280.1,133405353.65,131508564.3,40113073.55000001,42.9972056712547,38216284.2,40.96403706612805,-1896789.350000009,-1.421824010883696,
v1_vs_full,abs,2,93292280.1,133405353.65,40113073.55000001,42.9972056712547,network_damage,scientific_graph_inputs.state_damage_tables,storm_cmcc,rp100,,eau_eu,,total_damage_eur,eur,Eau EU,93292280.1,133405353.65,131508564.3,40113073.55000001,42.9972056712547,38216284.2,40.96403706612805,-1896789.350000009,-1.421824010883696,
v1_vs_full,abs,3,77729034.89,115347140.7,37618105.81,48.3964658293212,network_damage,scientific_graph_inputs.state_damage_tables,storm_cmcc,rp100,,eau_eu,,blocking_ouvrage_eur,eur,Eau EU,77729034.89,115347140.7,115182493.86,37618105.81,48.3964658293212,37453458.97,48.18464428768877,-164646.84000000358,-0.14274028727614882,
v1_vs_full,abs,4,77729034.89,115347140.7,37618105.81,48.3964658293212,network_damage,scientific_graph_inputs.state_damage_tables,storm_cmcc,rp100,,eau_eu,,indirect_damage_eur,eur,Eau EU,77729034.89,115347140.7,115182493.86,37618105.81,48.3964658293212,37453458.97,48.18464428768877,-164646.84000000358,-0.14274028727614882,
v1_vs_full,abs,5,92266925.51,129147291.93,36880366.42,39.97138326236183,network_damage,scientific_graph_inputs.state_damage_tables,storm,rp100,,eau_eu,,damage_eur,eur,Eau EU,92266925.51,129147291.93,132332910.37,36880366.42,39.97138326236183,40065984.86,43.42399471808302,3185618.4399999976,2.466655237127741,
v1_vs_full,abs,6,92266925.51,129147291.93,36880366.42,39.97138326236183,network_damage,scientific_graph_inputs.state_damage_tables,storm,rp100,,eau_eu,,total_damage_eur,eur,Eau EU,92266925.51,129147291.93,132332910.37,36880366.42,39.97138326236183,40065984.86,43.42399471808302,3185618.4399999976,2.466655237127741,
v1_vs_full,abs,7,77732541.34,111996150.39,34263609.05,44.07884839392027,network_damage,scientific_graph_inputs.state_damage_tables,storm,rp100,,eau_eu,,blocking_ouvrage_eur,eur,Eau EU,77732541.34,111996150.39,116241676.53,34263609.05,44.07884839392027,38509135.19,49.540558595096094,4245526.140000001,3.7907786341012293,
v1_vs_full,abs,8,77732541.34,111996150.39,34263609.05,44.07884839392027,network_damage,scientific_graph_inputs.state_damage_tables,storm,rp100,,eau_eu,,indirect_damage_eur,eur,Eau EU,77732541.34,111996150.39,116241676.53,34263609.05,44.07884839392027,38509135.19,49.540558595096094,4245526.140000001,3.7907786341012293,
v1_vs_full,abs,9,82404433.06,116167607.57,33763174.50999999,40.97252205523515,network_damage,scientific_graph_inputs.state_damage_tables,storm_cmcc,rp50,,eau_eu,,damage_eur,eur,Eau EU,82404433.06,116167607.57,116738243.98,33763174.50999999,40.97252205523515,34333810.92,41.66500471522084,570636.4100000113,0.49121818201873413,
v1_vs_full,abs,10,82404433.06,116167607.57,33763174.50999999,40.97252205523515,network_damage,scientific_graph_inputs.state_damage_tables,storm_cmcc,rp50,,eau_eu,,total_damage_eur,eur,Eau EU,82404433.06,116167607.57,116738243.98,33763174.50999999,40.97252205523515,34333810.92,41.66500471522084,570636.4100000113,0.49121818201873413,
v1_vs_full,abs,11,86205409.21,119313586.48,33108177.27000001,38.406148260774565,scenario_component_damage,scientific_graph_inputs.state_damage_tables.damage_components_eur,storm_cmcc,rp100,,eau_eu,wind,damage_component_eur,eur,Eau EU,86205409.21,119313586.48,118094708.63,33108177.27000001,38.406148260774565,31889299.42,36.992225560134315,-1218877.850000009,-1.0215750661424665,
v1_vs_full,abs,12,80909302.24,113526973.86,32617671.620000005,40.31387086153174,network_damage,scientific_graph_inputs.state_damage_tables,storm,rp50,,eau_eu,,damage_eur,eur,Eau EU,80909302.24,113526973.86,114630643.27,32617671.620000005,40.31387086153174,33721341.03,41.67795308625072,1103669.4099999964,0.9721649159441413,
v1_vs_full,abs,13,80909302.24,113526973.86,32617671.620000005,40.31387086153174,network_damage,scientific_graph_inputs.state_damage_tables,storm,rp50,,eau_eu,,total_damage_eur,eur,Eau EU,80909302.24,113526973.86,114630643.27,32617671.620000005,40.31387086153174,33721341.03,41.67795308625072,1103669.4099999964,0.9721649159441413,
v1_vs_full,abs,14,71635795.7,103259887.52,31624091.819999993,44.14565582887773,network_damage,scientific_graph_inputs.state_damage_tables,storm_cmcc,rp50,,eau_eu,,blocking_ouvrage_eur,eur,Eau EU,71635795.7,103259887.52,104690810.05,31624091.819999993,44.14565582887773,33055014.349999994,46.143152354207736,1430922.5300000012,1.3857486816677498,
v1_vs_full,abs,15,71635795.7,103259887.52,31624091.819999993,44.14565582887773,network_damage,scientific_graph_inputs.state_damage_tables,storm_cmcc,rp50,,eau_eu,,indirect_damage_eur,eur,Eau EU,71635795.7,103259887.52,104690810.05,31624091.819999993,44.14565582887773,33055014.349999994,46.143152354207736,1430922.5300000012,1.3857486816677498,
v1_vs_full,abs,16,71047487.01,101558346.61,30510859.599999994,42.94431919274718,network_damage,scientific_graph_inputs.state_damage_tables,storm,rp50,,eau_eu,,blocking_ouvrage_eur,eur,Eau EU,71047487.01,101558346.61,103551337.13,30510859.599999994,42.94431919274718,32503850.11999999,45.749471920695854,1992990.5199999958,1.9624093799531734,
v1_vs_full,abs,17,71047487.01,101558346.61,30510859.599999994,42.94431919274718,network_damage,scientific_graph_inputs.state_damage_tables,storm,rp50,,eau_eu,,indirect_damage_eur,eur,Eau EU,71047487.01,101558346.61,103551337.13,30510859.599999994,42.94431919274718,32503850.11999999,45.749471920695854,1992990.5199999958,1.9624093799531734,
v1_vs_full,abs,18,84790556.37,114523656.63,29733100.25999999,35.06652336405702,scenario_component_damage,scientific_graph_inputs.state_damage_tables.damage_components_eur,storm,rp100,,eau_eu,wind,damage_component_eur,eur,Eau EU,84790556.37,114523656.63,117945949.71,29733100.25999999,35.06652336405702,33155393.33999999,39.10269581829374,3422293.079999998,2.9882848493535725,
v1_vs_full,abs,19,75954065.7,103933720.87,27979655.17,36.83760034717931,scenario_component_damage,scientific_graph_inputs.state_damage_tables.damage_components_eur,storm_cmcc,rp50,,eau_eu,wind,damage_component_eur,eur,Eau EU,75954065.7,103933720.87,104706049.68,27979655.17,36.83760034717931,28751983.980000004,37.85443704035978,772328.8100000024,0.7430974312620146,
v1_vs_full,abs,20,74359276.66,100806047.67,26446771.010000005,35.566202628523534,scenario_component_damage,scientific_graph_inputs.state_damage_tables.damage_components_eur,storm,rp50,,eau_eu,wind,damage_component_eur,eur,Eau EU,74359276.66,100806047.67,102256812.46,26446771.010000005,35.566202628523534,27897535.799999997,37.51722320748029,1450764.7899999917,1.4391644385753861,
v1_vs_full,abs,21,27939168.21,53187321.39,25248153.18,90.36830656598849,network_damage,scientific_graph_inputs.state_damage_tables,storm,rp10,,eau_eu,,damage_eur,eur,Eau EU,27939168.21,53187321.39,52706116.53,25248153.18,90.36830656598849,24766948.32,88.645975906811,-481204.8599999994,-0.9047360299864113,
v1_vs_full,abs,22,27939168.21,53187321.39,25248153.18,90.36830656598849,network_damage,scientific_graph_inputs.state_damage_tables,storm,rp10,,eau_eu,,total_damage_eur,eur,Eau EU,27939168.21,53187321.39,52706116.53,25248153.18,90.36830656598849,24766948.32,88.645975906811,-481204.8599999994,-0.9047360299864113,
v1_vs_full,abs,23,24616646.28,49012414.88,24395768.6,99.10273041466475,network_damage,scientific_graph_inputs.state_damage_tables,storm,rp10,,eau_eu,,blocking_ouvrage_eur,eur,Eau EU,24616646.28,49012414.88,48963300.56,24395768.6,99.10273041466475,24346654.28,98.9032137159181,-49114.3200000003,-0.10020791695379588,
v1_vs_full,abs,24,24616646.28,49012414.88,24395768.6,99.10273041466475,network_damage,scientific_graph_inputs.state_damage_tables,storm,rp10,,eau_eu,,indirect_damage_eur,eur,Eau EU,24616646.28,49012414.88,48963300.56,24395768.6,99.10273041466475,24346654.28,98.9032137159181,-49114.3200000003,-0.10020791695379588,
v1_vs_full,abs,25,26869975.25,49172506.49,22302531.240000002,83.00168136552341,network_damage,scientific_graph_inputs.state_damage_tables,storm_cmcc,rp10,,eau_eu,,damage_eur,eur,Eau EU,26869975.25,49172506.49,48464163.46,22302531.240000002,83.00168136552341,21594188.21,80.36549348887101,-708343.0300000012,-1.4405265880519103,
v1_vs_full,abs,26,26869975.25,49172506.49,22302531.240000002,83.00168136552341,network_damage,scientific_graph_inputs.state_damage_tables,storm_cmcc,rp10,,eau_eu,,total_damage_eur,eur,Eau EU,26869975.25,49172506.49,48464163.46,22302531.240000002,83.00168136552341,21594188.21,80.36549348887101,-708343.0300000012,-1.4405265880519103,
v1_vs_full,abs,27,23779870.05,45615419.3,21835549.249999996,91.82366936441689,network_damage,scientific_graph_inputs.state_damage_tables,storm_cmcc,rp10,,eau_eu,,blocking_ouvrage_eur,eur,Eau EU,23779870.05,45615419.3,45253120.59,21835549.249999996,91.82366936441689,21473250.540000003,90.30011726241541,-362298.70999999344,-0.7942461464998382,
v1_vs_full,abs,28,23779870.05,45615419.3,21835549.249999996,91.82366936441689,network_damage,scientific_graph_inputs.state_damage_tables,storm_cmcc,rp10,,eau_eu,,indirect_damage_eur,eur,Eau EU,23779870.05,45615419.3,45253120.59,21835549.249999996,91.82366936441689,21473250.540000003,90.30011726241541,-362298.70999999344,-0.7942461464998382,
v1_vs_full,abs,29,24406431.16,45335981.31,20929550.150000002,85.75424244861206,scenario_component_damage,scientific_graph_inputs.state_damage_tables.damage_components_eur,storm,rp10,,eau_eu,wind,damage_component_eur,eur,Eau EU,24406431.16,45335981.31,45097029.14,20929550.150000002,85.75424244861206,20690597.98,84.77518832786203,-238952.1700000018,-0.5270695882065197,
v1_vs_full,abs,30,23195877.41,41225171.94,18029294.529999997,77.72628821631626,scenario_component_damage,scientific_graph_inputs.state_damage_tables.damage_components_eur,storm_cmcc,rp10,,eau_eu,wind,damage_component_eur,eur,Eau EU,23195877.41,41225171.94,40737459.16,18029294.529999997,77.72628821631626,17541581.749999996,75.62370433307095,-487712.7800000012,-1.1830460785217074,
v1_vs_full,abs,31,212378581.22,195642172.26,-16736408.960000008,-7.880459914487798,scenario_component_damage,scientific_graph_inputs.state_damage_tables.damage_components_eur,storm,rp50,,eau_aep,wind,damage_component_eur,eur,Eau AEP,212378581.22,195642172.26,196494175.13,-16736408.960000008,-7.880459914487798,-15884406.090000004,-7.47928816491413,852002.8700000048,0.43549039563296704,
v1_vs_full,abs,32,217154322.89,201960073.75,-15194249.139999986,-6.996982117503904,scenario_component_damage,scientific_graph_inputs.state_damage_tables.damage_components_eur,storm_cmcc,rp50,,eau_aep,wind,damage_component_eur,eur,Eau AEP,217154322.89,201960073.75,201500270.67,-15194249.139999986,-6.996982117503904,-15654052.219999999,-7.208722355451148,-459803.0800000131,-0.2276702872317173,
v1_vs_full,abs,33,200082287.55,186151635.87,-13930651.680000007,-6.962461220620929,network_damage,scientific_graph_inputs.state_damage_tables,storm,rp50,,eau_aep,,blocking_ouvrage_eur,eur,Eau AEP,200082287.55,186151635.87,188860049.95,-13930651.680000007,-6.962461220620929,-11222237.600000024,-5.608811123371236,2708414.0799999833,1.4549504587171176,
v1_vs_full,abs,34,200082287.55,186151635.87,-13930651.680000007,-6.962461220620929,network_damage,scientific_graph_inputs.state_damage_tables,storm,rp50,,eau_aep,,indirect_damage_eur,eur,Eau AEP,200082287.55,186151635.87,188860049.95,-13930651.680000007,-6.962461220620929,-11222237.600000024,-5.608811123371236,2708414.0799999833,1.4549504587171176,
v1_vs_full,abs,35,29.84,13331713.68,13331683.84,44677224.66487936,scenario_component_damage,scientific_graph_inputs.state_damage_tables.damage_components_eur,storm_cmcc,rp1000,,eau_aep,surge,damage_component_eur,eur,Eau AEP,29.84,13331713.68,13293722.35,13331683.84,44677224.66487936,13293692.51,44549907.87533512,-37991.330000000075,-0.28496959139614586,
v1_vs_full,abs,36,29.03,13307515.63,13307486.600000001,45840463.65828454,scenario_component_damage,scientific_graph_inputs.state_damage_tables.damage_components_eur,storm,rp1000,,eau_aep,surge,damage_component_eur,eur,Eau AEP,29.03,13307515.63,13158911.87,13307486.600000001,45840463.65828454,13158882.84,45328566.44850155,-148603.76000000164,-1.1166904787622003,
v1_vs_full,abs,37,194744107.92,207816742.69,13072634.77000001,6.7127241535698685,portfolio,portfolio_results,storm,all,,,,pml_10_eur,eur,,194744107.92,207816742.69,207058042.38,13072634.77000001,6.7127241535698685,12313934.460000008,6.323135827584841,-758700.3100000024,-0.36508141749279305,
v1_vs_full,abs,38,194744107.92,207816742.69,13072634.77000001,6.7127241535698685,scenario_summary,scientific_web_summary.portfolio_summary,storm,all,,,,rp10_eur,eur,,194744107.92,207816742.69,207058042.38,13072634.77000001,6.7127241535698685,12313934.460000008,6.323135827584841,-758700.3100000024,-0.36508141749279305,
v1_vs_full,abs,39,201748470.55,188853853.22,-12894617.330000013,-6.391432507442129,network_damage,scientific_graph_inputs.state_damage_tables,storm_cmcc,rp50,,eau_aep,,blocking_ouvrage_eur,eur,Eau AEP,201748470.55,188853853.22,190487019.63,-12894617.330000013,-6.391432507442129,-11261450.920000017,-5.581926291336644,1633166.4099999964,0.8647779127373615,
v1_vs_full,abs,40,201748470.55,188853853.22,-12894617.330000013,-6.391432507442129,network_damage,scientific_graph_inputs.state_damage_tables,storm_cmcc,rp50,,eau_aep,,indirect_damage_eur,eur,Eau AEP,201748470.55,188853853.22,190487019.63,-12894617.330000013,-6.391432507442129,-11261450.920000017,-5.581926291336644,1633166.4099999964,0.8647779127373615,
v1_vs_full,abs,41,231086201.87,220330667.54,-10755534.330000013,-4.654338616050582,network_damage,scientific_graph_inputs.state_damage_tables,storm,rp50,,eau_aep,,damage_eur,eur,Eau AEP,231086201.87,220330667.54,220271423.99,-10755534.330000013,-4.654338616050582,-10814777.879999995,-4.679975607580397,-59243.54999998212,-0.02688847206856791,
v1_vs_full,abs,42,231086201.87,220330667.54,-10755534.330000013,-4.654338616050582,network_damage,scientific_graph_inputs.state_damage_tables,storm,rp50,,eau_aep,,total_damage_eur,eur,Eau AEP,231086201.87,220330667.54,220271423.99,-10755534.330000013,-4.654338616050582,-10814777.879999995,-4.679975607580397,-59243.54999998212,-0.02688847206856791,
v1_vs_full,abs,43,52145075.81,62355358.41,10210282.599999994,19.58053074311945,network_damage,scientific_graph_inputs.state_damage_tables,storm,rp1000,,eau_aep,,direct_damage_eur,eur,Eau AEP,52145075.81,62355358.41,55368689.57,10210282.599999994,19.58053074311945,3223613.759999998,6.182009921216371,-6986668.839999996,-11.204600563853926,
v1_vs_full,abs,44,50422142.63,40353771.88,-10068370.75,-19.968153324784645,scenario_component_damage,scientific_graph_inputs.state_damage_tables.damage_components_eur,storm,rp100,,elec_bt_aerien,wind,damage_component_eur,eur,Elec BT aerien,50422142.63,40353771.88,44100002.57,-10068370.75,-19.968153324784645,-6322140.060000002,-12.538420087365498,3746230.6899999976,9.283470950720945,
v1_vs_full,abs,45,235596063.23,225732499.48,-9863563.75,-4.186642006989193,network_damage,scientific_graph_inputs.state_damage_tables,storm_cmcc,rp50,,eau_aep,,damage_eur,eur,Eau AEP,235596063.23,225732499.48,224655479.13,-9863563.75,-4.186642006989193,-10940584.099999994,-4.643789013282144,-1077020.349999994,-0.47712241368922537,
v1_vs_full,abs,46,235596063.23,225732499.48,-9863563.75,-4.186642006989193,network_damage,scientific_graph_inputs.state_damage_tables,storm_cmcc,rp50,,eau_aep,,total_damage_eur,eur,Eau AEP,235596063.23,225732499.48,224655479.13,-9863563.75,-4.186642006989193,-10940584.099999994,-4.643789013282144,-1077020.349999994,-0.47712241368922537,
v1_vs_full,abs,47,54868092.36,45506583.63,-9361508.729999997,-17.06184473952066,network_damage,scientific_graph_inputs.state_damage_tables,storm,rp100,,elec_bt_aerien,,damage_eur,eur,Elec BT aerien,54868092.36,45506583.63,49479288.62,-9361508.729999997,-17.06184473952066,-5388803.740000002,-9.821379800564296,3972704.9899999946,8.729956575736015,
v1_vs_full,abs,48,54868092.36,45506583.63,-9361508.729999997,-17.06184473952066,network_damage,scientific_graph_inputs.state_damage_tables,storm,rp100,,elec_bt_aerien,,direct_damage_eur,eur,Elec BT aerien,54868092.36,45506583.63,49479288.62,-9361508.729999997,-17.06184473952066,-5388803.740000002,-9.821379800564296,3972704.9899999946,8.729956575736015,
v1_vs_full,abs,49,54868092.36,45506583.63,-9361508.729999997,-17.06184473952066,network_damage,scientific_graph_inputs.state_damage_tables,storm,rp100,,elec_bt_aerien,,total_damage_eur,eur,Elec BT aerien,54868092.36,45506583.63,49479288.62,-9361508.729999997,-17.06184473952066,-5388803.740000002,-9.821379800564296,3972704.9899999946,8.729956575736015,
v1_vs_full,abs,50,51993441.33,42803222.03,-9190219.299999997,-17.67572806283411,scenario_component_damage,scientific_graph_inputs.state_damage_tables.damage_components_eur,storm_cmcc,rp100,,elec_bt_aerien,wind,damage_component_eur,eur,Elec BT aerien,51993441.33,42803222.03,43031966.56,-9190219.299999997,-17.67572806283411,-8961474.769999996,-17.2357792459282,228744.5300000012,0.534409605519132,
v1_vs_full,pct,1,24616646.28,49012414.88,24395768.6,99.10273041466475,network_damage,scientific_graph_inputs.state_damage_tables,storm,rp10,,eau_eu,,blocking_ouvrage_eur,eur,Eau EU,24616646.28,49012414.88,48963300.56,24395768.6,99.10273041466475,24346654.28,98.9032137159181,-49114.3200000003,-0.10020791695379588,
v1_vs_full,pct,2,24616646.28,49012414.88,24395768.6,99.10273041466475,network_damage,scientific_graph_inputs.state_damage_tables,storm,rp10,,eau_eu,,indirect_damage_eur,eur,Eau EU,24616646.28,49012414.88,48963300.56,24395768.6,99.10273041466475,24346654.28,98.9032137159181,-49114.3200000003,-0.10020791695379588,
v1_vs_full,pct,3,23779870.05,45615419.3,21835549.249999996,91.82366936441689,network_damage,scientific_graph_inputs.state_damage_tables,storm_cmcc,rp10,,eau_eu,,blocking_ouvrage_eur,eur,Eau EU,23779870.05,45615419.3,45253120.59,21835549.249999996,91.82366936441689,21473250.540000003,90.30011726241541,-362298.70999999344,-0.7942461464998382,
v1_vs_full,pct,4,23779870.05,45615419.3,21835549.249999996,91.82366936441689,network_damage,scientific_graph_inputs.state_damage_tables,storm_cmcc,rp10,,eau_eu,,indirect_damage_eur,eur,Eau EU,23779870.05,45615419.3,45253120.59,21835549.249999996,91.82366936441689,21473250.540000003,90.30011726241541,-362298.70999999344,-0.7942461464998382,
v1_vs_full,pct,5,27939168.21,53187321.39,25248153.18,90.36830656598849,network_damage,scientific_graph_inputs.state_damage_tables,storm,rp10,,eau_eu,,damage_eur,eur,Eau EU,27939168.21,53187321.39,52706116.53,25248153.18,90.36830656598849,24766948.32,88.645975906811,-481204.8599999994,-0.9047360299864113,
v1_vs_full,pct,6,27939168.21,53187321.39,25248153.18,90.36830656598849,network_damage,scientific_graph_inputs.state_damage_tables,storm,rp10,,eau_eu,,total_damage_eur,eur,Eau EU,27939168.21,53187321.39,52706116.53,25248153.18,90.36830656598849,24766948.32,88.645975906811,-481204.8599999994,-0.9047360299864113,
v1_vs_full,pct,7,24406431.16,45335981.31,20929550.150000002,85.75424244861206,scenario_component_damage,scientific_graph_inputs.state_damage_tables.damage_components_eur,storm,rp10,,eau_eu,wind,damage_component_eur,eur,Eau EU,24406431.16,45335981.31,45097029.14,20929550.150000002,85.75424244861206,20690597.98,84.77518832786203,-238952.1700000018,-0.5270695882065197,
v1_vs_full,pct,8,26869975.25,49172506.49,22302531.240000002,83.00168136552341,network_damage,scientific_graph_inputs.state_damage_tables,storm_cmcc,rp10,,eau_eu,,damage_eur,eur,Eau EU,26869975.25,49172506.49,48464163.46,22302531.240000002,83.00168136552341,21594188.21,80.36549348887101,-708343.0300000012,-1.4405265880519103,
v1_vs_full,pct,9,26869975.25,49172506.49,22302531.240000002,83.00168136552341,network_damage,scientific_graph_inputs.state_damage_tables,storm_cmcc,rp10,,eau_eu,,total_damage_eur,eur,Eau EU,26869975.25,49172506.49,48464163.46,22302531.240000002,83.00168136552341,21594188.21,80.36549348887101,-708343.0300000012,-1.4405265880519103,
v1_vs_full,pct,10,3532726.9,6389817.79,2857090.89,80.87494365896215,scenario_component_damage,scientific_graph_inputs.state_damage_tables.damage_components_eur,storm,rp10,,eau_eu,rain,damage_component_eur,eur,Eau EU,3532726.9,6389817.79,6195122.75,2857090.89,80.87494365896215,2662395.85,75.3637607820746,-194695.04000000004,-3.0469576191154593,
v1_vs_full,pct,11,3674087.4,6574489.45,2900402.0500000003,78.94210818174876,scenario_component_damage,scientific_graph_inputs.state_damage_tables.damage_components_eur,storm_cmcc,rp10,,eau_eu,rain,damage_component_eur,eur,Eau EU,3674087.4,6574489.45,6371993.02,2900402.0500000003,78.94210818174876,2697905.6199999996,73.43063259736282,-202496.43000000063,-3.0800327772980247,
v1_vs_full,pct,12,23195877.41,41225171.94,18029294.529999997,77.72628821631626,scenario_component_damage,scientific_graph_inputs.state_damage_tables.damage_components_eur,storm_cmcc,rp10,,eau_eu,wind,damage_component_eur,eur,Eau EU,23195877.41,41225171.94,40737459.16,18029294.529999997,77.72628821631626,17541581.749999996,75.62370433307095,-487712.7800000012,-1.1830460785217074,
v1_vs_full,pct,13,6.683,2.358,-4.324999999999999,-64.71644471045937,network_state_pct,scientific_graph_inputs.state_damage_tables,storm,rp1000,,eau_eu,,state_pct_S2,pct,Eau EU,6.683,2.358,2.358,-4.324999999999999,-64.71644471045937,-4.324999999999999,-64.71644471045937,0.0,0.0,
v1_vs_full,pct,14,6.683,2.358,-4.324999999999999,-64.71644471045937,network_state_pct,scientific_graph_inputs.state_damage_tables,storm_cmcc,rp1000,,eau_eu,,state_pct_S2,pct,Eau EU,6.683,2.358,2.358,-4.324999999999999,-64.71644471045937,-4.324999999999999,-64.71644471045937,0.0,0.0,
v1_vs_full,pct,15,77729034.89,115347140.7,37618105.81,48.3964658293212,network_damage,scientific_graph_inputs.state_damage_tables,storm_cmcc,rp100,,eau_eu,,blocking_ouvrage_eur,eur,Eau EU,77729034.89,115347140.7,115182493.86,37618105.81,48.3964658293212,37453458.97,48.18464428768877,-164646.84000000358,-0.14274028727614882,
v1_vs_full,pct,16,77729034.89,115347140.7,37618105.81,48.3964658293212,network_damage,scientific_graph_inputs.state_damage_tables,storm_cmcc,rp100,,eau_eu,,indirect_damage_eur,eur,Eau EU,77729034.89,115347140.7,115182493.86,37618105.81,48.3964658293212,37453458.97,48.18464428768877,-164646.84000000358,-0.14274028727614882,
v1_vs_full,pct,17,98.047,53.164,-44.882999999999996,-45.77702530419084,network_state_pct,scientific_graph_inputs.state_damage_tables,storm_cmcc,rp100,,eau_eu,,state_pct_S2,pct,Eau EU,98.047,53.164,53.164,-44.882999999999996,-45.77702530419084,-44.882999999999996,-45.77702530419084,0.0,0.0,
v1_vs_full,pct,18,7476360.63,10854348.72,3377988.090000001,45.18225186256165,scenario_component_damage,scientific_graph_inputs.state_damage_tables.damage_components_eur,storm,rp100,,eau_eu,rain,damage_component_eur,eur,Eau EU,7476360.63,10854348.72,10531495.95,3377988.090000001,45.18225186256165,3055135.3199999994,40.8639372977919,-322852.7700000014,-2.97440941256217,
v1_vs_full,pct,19,71635795.7,103259887.52,31624091.819999993,44.14565582887773,network_damage,scientific_graph_inputs.state_damage_tables,storm_cmcc,rp50,,eau_eu,,blocking_ouvrage_eur,eur,Eau EU,71635795.7,103259887.52,104690810.05,31624091.819999993,44.14565582887773,33055014.349999994,46.143152354207736,1430922.5300000012,1.3857486816677498,
v1_vs_full,pct,20,71635795.7,103259887.52,31624091.819999993,44.14565582887773,network_damage,scientific_graph_inputs.state_damage_tables,storm_cmcc,rp50,,eau_eu,,indirect_damage_eur,eur,Eau EU,71635795.7,103259887.52,104690810.05,31624091.819999993,44.14565582887773,33055014.349999994,46.143152354207736,1430922.5300000012,1.3857486816677498,
v1_vs_full,pct,21,77732541.34,111996150.39,34263609.05,44.07884839392027,network_damage,scientific_graph_inputs.state_damage_tables,storm,rp100,,eau_eu,,blocking_ouvrage_eur,eur,Eau EU,77732541.34,111996150.39,116241676.53,34263609.05,44.07884839392027,38509135.19,49.540558595096094,4245526.140000001,3.7907786341012293,
v1_vs_full,pct,22,77732541.34,111996150.39,34263609.05,44.07884839392027,network_damage,scientific_graph_inputs.state_damage_tables,storm,rp100,,eau_eu,,indirect_damage_eur,eur,Eau EU,77732541.34,111996150.39,116241676.53,34263609.05,44.07884839392027,38509135.19,49.540558595096094,4245526.140000001,3.7907786341012293,
v1_vs_full,pct,23,7086862.41,10188345.16,3101482.75,43.7638346925378,scenario_component_damage,scientific_graph_inputs.state_damage_tables.damage_components_eur,storm_cmcc,rp100,,eau_eu,rain,damage_component_eur,eur,Eau EU,7086862.41,10188345.16,9539461.59,3101482.75,43.7638346925378,2452599.1799999997,34.607687268476255,-648883.5700000003,-6.368880910587449,
v1_vs_full,pct,24,6550015.83,9389044.4,2839028.5700000003,43.34384288045301,scenario_component_damage,scientific_graph_inputs.state_damage_tables.damage_components_eur,storm,rp50,,eau_eu,rain,damage_component_eur,eur,Eau EU,6550015.83,9389044.4,9029178.29,2839028.5700000003,43.34384288045301,2479162.459999999,37.84971707465322,-359866.11000000127,-3.8328299949247366,
v1_vs_full,pct,25,98.047,55.711,-42.336,-43.1792915642498,network_state_pct,scientific_graph_inputs.state_damage_tables,storm,rp100,,eau_eu,,state_pct_S2,pct,Eau EU,98.047,55.711,53.151,-42.336,-43.1792915642498,-44.895999999999994,-45.79028425143043,-2.559999999999995,-4.59514279047225,
v1_vs_full,pct,26,93292280.1,133405353.65,40113073.55000001,42.9972056712547,network_damage,scientific_graph_inputs.state_damage_tables,storm_cmcc,rp100,,eau_eu,,damage_eur,eur,Eau EU,93292280.1,133405353.65,131508564.3,40113073.55000001,42.9972056712547,38216284.2,40.96403706612805,-1896789.350000009,-1.421824010883696,
v1_vs_full,pct,27,93292280.1,133405353.65,40113073.55000001,42.9972056712547,network_damage,scientific_graph_inputs.state_damage_tables,storm_cmcc,rp100,,eau_eu,,total_damage_eur,eur,Eau EU,93292280.1,133405353.65,131508564.3,40113073.55000001,42.9972056712547,38216284.2,40.96403706612805,-1896789.350000009,-1.421824010883696,
v1_vs_full,pct,28,71047487.01,101558346.61,30510859.599999994,42.94431919274718,network_damage,scientific_graph_inputs.state_damage_tables,storm,rp50,,eau_eu,,blocking_ouvrage_eur,eur,Eau EU,71047487.01,101558346.61,103551337.13,30510859.599999994,42.94431919274718,32503850.11999999,45.749471920695854,1992990.5199999958,1.9624093799531734,
v1_vs_full,pct,29,71047487.01,101558346.61,30510859.599999994,42.94431919274718,network_damage,scientific_graph_inputs.state_damage_tables,storm,rp50,,eau_eu,,indirect_damage_eur,eur,Eau EU,71047487.01,101558346.61,103551337.13,30510859.599999994,42.94431919274718,32503850.11999999,45.749471920695854,1992990.5199999958,1.9624093799531734,
v1_vs_full,pct,30,82404433.06,116167607.57,33763174.50999999,40.97252205523515,network_damage,scientific_graph_inputs.state_damage_tables,storm_cmcc,rp50,,eau_eu,,damage_eur,eur,Eau EU,82404433.06,116167607.57,116738243.98,33763174.50999999,40.97252205523515,34333810.92,41.66500471522084,570636.4100000113,0.49121818201873413,
v1_vs_full,pct,31,82404433.06,116167607.57,33763174.50999999,40.97252205523515,network_damage,scientific_graph_inputs.state_damage_tables,storm_cmcc,rp50,,eau_eu,,total_damage_eur,eur,Eau EU,82404433.06,116167607.57,116738243.98,33763174.50999999,40.97252205523515,34333810.92,41.66500471522084,570636.4100000113,0.49121818201873413,
v1_vs_full,pct,32,80909302.24,113526973.86,32617671.620000005,40.31387086153174,network_damage,scientific_graph_inputs.state_damage_tables,storm,rp50,,eau_eu,,damage_eur,eur,Eau EU,80909302.24,113526973.86,114630643.27,32617671.620000005,40.31387086153174,33721341.03,41.67795308625072,1103669.4099999964,0.9721649159441413,
v1_vs_full,pct,33,80909302.24,113526973.86,32617671.620000005,40.31387086153174,network_damage,scientific_graph_inputs.state_damage_tables,storm,rp50,,eau_eu,,total_damage_eur,eur,Eau EU,80909302.24,113526973.86,114630643.27,32617671.620000005,40.31387086153174,33721341.03,41.67795308625072,1103669.4099999964,0.9721649159441413,
v1_vs_full,pct,34,92266925.51,129147291.93,36880366.42,39.97138326236183,network_damage,scientific_graph_inputs.state_damage_tables,storm,rp100,,eau_eu,,damage_eur,eur,Eau EU,92266925.51,129147291.93,132332910.37,36880366.42,39.97138326236183,40065984.86,43.42399471808302,3185618.4399999976,2.466655237127741,
v1_vs_full,pct,35,92266925.51,129147291.93,36880366.42,39.97138326236183,network_damage,scientific_graph_inputs.state_damage_tables,storm,rp100,,eau_eu,,total_damage_eur,eur,Eau EU,92266925.51,129147291.93,132332910.37,36880366.42,39.97138326236183,40065984.86,43.42399471808302,3185618.4399999976,2.466655237127741,
v1_vs_full,pct,36,98.047,59.05,-38.997,-39.77378196171224,network_state_pct,scientific_graph_inputs.state_damage_tables,storm,rp50,,eau_eu,,state_pct_S2,pct,Eau EU,98.047,59.05,58.066,-38.997,-39.77378196171224,-39.980999999999995,-40.777382275847295,-0.9839999999999947,-1.6663844199830562,
v1_vs_full,pct,37,98.047,59.05,-38.997,-39.77378196171224,network_state_pct,scientific_graph_inputs.state_damage_tables,storm_cmcc,rp50,,eau_eu,,state_pct_S2,pct,Eau EU,98.047,59.05,58.066,-38.997,-39.77378196171224,-39.980999999999995,-40.777382275847295,-0.9839999999999947,-1.6663844199830562,
v1_vs_full,pct,38,86205409.21,119313586.48,33108177.27000001,38.406148260774565,scenario_component_damage,scientific_graph_inputs.state_damage_tables.damage_components_eur,storm_cmcc,rp100,,eau_eu,wind,damage_component_eur,eur,Eau EU,86205409.21,119313586.48,118094708.63,33108177.27000001,38.406148260774565,31889299.42,36.992225560134315,-1218877.850000009,-1.0215750661424665,
v1_vs_full,pct,39,6450357.83,8830121.28,2379763.4499999993,36.893510603891556,scenario_component_damage,scientific_graph_inputs.state_damage_tables.damage_components_eur,storm_cmcc,rp50,,eau_eu,rain,damage_component_eur,eur,Eau EU,6450357.83,8830121.28,8596419.8,2379763.4499999993,36.893510603891556,2146061.9700000007,33.27043284356832,-233701.47999999858,-2.646639526110774,
v1_vs_full,pct,40,75954065.7,103933720.87,27979655.17,36.83760034717931,scenario_component_damage,scientific_graph_inputs.state_damage_tables.damage_components_eur,storm_cmcc,rp50,,eau_eu,wind,damage_component_eur,eur,Eau EU,75954065.7,103933720.87,104706049.68,27979655.17,36.83760034717931,28751983.980000004,37.85443704035978,772328.8100000024,0.7430974312620146,
v1_vs_full,pct,41,74359276.66,100806047.67,26446771.010000005,35.566202628523534,scenario_component_damage,scientific_graph_inputs.state_damage_tables.damage_components_eur,storm,rp50,,eau_eu,wind,damage_component_eur,eur,Eau EU,74359276.66,100806047.67,102256812.46,26446771.010000005,35.566202628523534,27897535.799999997,37.51722320748029,1450764.7899999917,1.4391644385753861,
v1_vs_full,pct,42,84790556.37,114523656.63,29733100.25999999,35.06652336405702,scenario_component_damage,scientific_graph_inputs.state_damage_tables.damage_components_eur,storm,rp100,,eau_eu,wind,damage_component_eur,eur,Eau EU,84790556.37,114523656.63,117945949.71,29733100.25999999,35.06652336405702,33155393.33999999,39.10269581829374,3422293.079999998,2.9882848493535725,
v1_vs_full,pct,43,98.047,66.114,-31.932999999999993,-32.56907401552316,network_state_pct,scientific_graph_inputs.state_damage_tables,storm,rp10,,eau_eu,,state_pct_S1,pct,Eau EU,98.047,66.114,66.114,-31.932999999999993,-32.56907401552316,-31.932999999999993,-32.56907401552316,0.0,0.0,
v1_vs_full,pct,44,16586457.35,21835259.97,5248802.619999999,31.645109677383875,network_damage,scientific_graph_inputs.state_damage_tables,storm,rp1000,,eau_eu,,direct_damage_eur,eur,Eau EU,16586457.35,21835259.97,19529443.75,5248802.619999999,31.645109677383875,2942986.4000000004,17.743309122004888,-2305816.219999999,-10.560058470419023,
v1_vs_full,pct,45,98.047,67.711,-30.336,-30.940263343090557,network_state_pct,scientific_graph_inputs.state_damage_tables,storm_cmcc,rp10,,eau_eu,,state_pct_S1,pct,Eau EU,98.047,67.711,67.711,-30.336,-30.940263343090557,-30.336,-30.940263343090557,0.0,0.0,
v1_vs_full,pct,46,17164919.06,21986858.48,4821939.420000002,28.091827308622346,network_damage,scientific_graph_inputs.state_damage_tables,storm_cmcc,rp1000,,eau_eu,,direct_damage_eur,eur,Eau EU,17164919.06,21986858.48,20504895.27,4821939.420000002,28.091827308622346,3339976.210000001,19.458152982400378,-1481963.210000001,-6.740222625929236,
v1_vs_full,pct,47,3322521.93,4174906.51,852384.5799999996,25.654746543689466,network_damage,scientific_graph_inputs.state_damage_tables,storm,rp10,,eau_eu,,direct_damage_eur,eur,Eau EU,3322521.93,4174906.51,3742815.98,852384.5799999996,25.654746543689466,420294.0499999998,12.649850290077689,-432090.5299999998,-10.349705531489848,
v1_vs_full,pct,48,1442867.1,1133004.36,-309862.74,-21.475487243419714,scenario_component_damage,scientific_graph_inputs.state_damage_tables.damage_components_eur,storm,rp100,,elec_hta_aerien,wind,damage_component_eur,eur,Elec HTA aerien,1442867.1,1133004.36,1271420.45,-309862.74,-21.475487243419714,-171446.65000000014,-11.882359089066494,138416.08999999985,12.216730569333365,
v1_vs_full,pct,49,9861815.23,11968627.25,2106812.0199999996,21.363328868614378,network_damage,scientific_graph_inputs.state_damage_tables,storm,rp50,,eau_eu,,direct_damage_eur,eur,Eau EU,9861815.23,11968627.25,11079306.14,2106812.0199999996,21.363328868614378,1217490.9100000001,12.34550517937457,-889321.1099999994,-7.4304353492168405,
v1_vs_full,pct,50,50422142.63,40353771.88,-10068370.75,-19.968153324784645,scenario_component_damage,scientific_graph_inputs.state_damage_tables.damage_components_eur,storm,rp100,,elec_bt_aerien,wind,damage_component_eur,eur,Elec BT aerien,50422142.63,40353771.88,44100002.57,-10068370.75,-19.968153324784645,-6322140.060000002,-12.538420087365498,3746230.6899999976,9.283470950720945,
v2_vs_full,abs,1,92266925.51,132332910.37,40065984.86,43.42399471808302,network_damage,scientific_graph_inputs.state_damage_tables,storm,rp100,,eau_eu,,damage_eur,eur,Eau EU,92266925.51,129147291.93,132332910.37,36880366.42,39.97138326236183,40065984.86,43.42399471808302,3185618.4399999976,2.466655237127741,
v2_vs_full,abs,2,92266925.51,132332910.37,40065984.86,43.42399471808302,network_damage,scientific_graph_inputs.state_damage_tables,storm,rp100,,eau_eu,,total_damage_eur,eur,Eau EU,92266925.51,129147291.93,132332910.37,36880366.42,39.97138326236183,40065984.86,43.42399471808302,3185618.4399999976,2.466655237127741,
v2_vs_full,abs,3,77732541.34,116241676.53,38509135.19,49.540558595096094,network_damage,scientific_graph_inputs.state_damage_tables,storm,rp100,,eau_eu,,blocking_ouvrage_eur,eur,Eau EU,77732541.34,111996150.39,116241676.53,34263609.05,44.07884839392027,38509135.19,49.540558595096094,4245526.140000001,3.7907786341012293,
v2_vs_full,abs,4,77732541.34,116241676.53,38509135.19,49.540558595096094,network_damage,scientific_graph_inputs.state_damage_tables,storm,rp100,,eau_eu,,indirect_damage_eur,eur,Eau EU,77732541.34,111996150.39,116241676.53,34263609.05,44.07884839392027,38509135.19,49.540558595096094,4245526.140000001,3.7907786341012293,
v2_vs_full,abs,5,93292280.1,131508564.3,38216284.2,40.96403706612805,network_damage,scientific_graph_inputs.state_damage_tables,storm_cmcc,rp100,,eau_eu,,damage_eur,eur,Eau EU,93292280.1,133405353.65,131508564.3,40113073.55000001,42.9972056712547,38216284.2,40.96403706612805,-1896789.350000009,-1.421824010883696,
v2_vs_full,abs,6,93292280.1,131508564.3,38216284.2,40.96403706612805,network_damage,scientific_graph_inputs.state_damage_tables,storm_cmcc,rp100,,eau_eu,,total_damage_eur,eur,Eau EU,93292280.1,133405353.65,131508564.3,40113073.55000001,42.9972056712547,38216284.2,40.96403706612805,-1896789.350000009,-1.421824010883696,
v2_vs_full,abs,7,77729034.89,115182493.86,37453458.97,48.18464428768877,network_damage,scientific_graph_inputs.state_damage_tables,storm_cmcc,rp100,,eau_eu,,blocking_ouvrage_eur,eur,Eau EU,77729034.89,115347140.7,115182493.86,37618105.81,48.3964658293212,37453458.97,48.18464428768877,-164646.84000000358,-0.14274028727614882,
v2_vs_full,abs,8,77729034.89,115182493.86,37453458.97,48.18464428768877,network_damage,scientific_graph_inputs.state_damage_tables,storm_cmcc,rp100,,eau_eu,,indirect_damage_eur,eur,Eau EU,77729034.89,115347140.7,115182493.86,37618105.81,48.3964658293212,37453458.97,48.18464428768877,-164646.84000000358,-0.14274028727614882,
v2_vs_full,abs,9,82404433.06,116738243.98,34333810.92,41.66500471522084,network_damage,scientific_graph_inputs.state_damage_tables,storm_cmcc,rp50,,eau_eu,,damage_eur,eur,Eau EU,82404433.06,116167607.57,116738243.98,33763174.50999999,40.97252205523515,34333810.92,41.66500471522084,570636.4100000113,0.49121818201873413,
v2_vs_full,abs,10,82404433.06,116738243.98,34333810.92,41.66500471522084,network_damage,scientific_graph_inputs.state_damage_tables,storm_cmcc,rp50,,eau_eu,,total_damage_eur,eur,Eau EU,82404433.06,116167607.57,116738243.98,33763174.50999999,40.97252205523515,34333810.92,41.66500471522084,570636.4100000113,0.49121818201873413,
v2_vs_full,abs,11,80909302.24,114630643.27,33721341.03,41.67795308625072,network_damage,scientific_graph_inputs.state_damage_tables,storm,rp50,,eau_eu,,damage_eur,eur,Eau EU,80909302.24,113526973.86,114630643.27,32617671.620000005,40.31387086153174,33721341.03,41.67795308625072,1103669.4099999964,0.9721649159441413,
v2_vs_full,abs,12,80909302.24,114630643.27,33721341.03,41.67795308625072,network_damage,scientific_graph_inputs.state_damage_tables,storm,rp50,,eau_eu,,total_damage_eur,eur,Eau EU,80909302.24,113526973.86,114630643.27,32617671.620000005,40.31387086153174,33721341.03,41.67795308625072,1103669.4099999964,0.9721649159441413,
v2_vs_full,abs,13,84790556.37,117945949.71,33155393.33999999,39.10269581829374,scenario_component_damage,scientific_graph_inputs.state_damage_tables.damage_components_eur,storm,rp100,,eau_eu,wind,damage_component_eur,eur,Eau EU,84790556.37,114523656.63,117945949.71,29733100.25999999,35.06652336405702,33155393.33999999,39.10269581829374,3422293.079999998,2.9882848493535725,
v2_vs_full,abs,14,71635795.7,104690810.05,33055014.349999994,46.143152354207736,network_damage,scientific_graph_inputs.state_damage_tables,storm_cmcc,rp50,,eau_eu,,blocking_ouvrage_eur,eur,Eau EU,71635795.7,103259887.52,104690810.05,31624091.819999993,44.14565582887773,33055014.349999994,46.143152354207736,1430922.5300000012,1.3857486816677498,
v2_vs_full,abs,15,71635795.7,104690810.05,33055014.349999994,46.143152354207736,network_damage,scientific_graph_inputs.state_damage_tables,storm_cmcc,rp50,,eau_eu,,indirect_damage_eur,eur,Eau EU,71635795.7,103259887.52,104690810.05,31624091.819999993,44.14565582887773,33055014.349999994,46.143152354207736,1430922.5300000012,1.3857486816677498,
v2_vs_full,abs,16,71047487.01,103551337.13,32503850.11999999,45.749471920695854,network_damage,scientific_graph_inputs.state_damage_tables,storm,rp50,,eau_eu,,blocking_ouvrage_eur,eur,Eau EU,71047487.01,101558346.61,103551337.13,30510859.599999994,42.94431919274718,32503850.11999999,45.749471920695854,1992990.5199999958,1.9624093799531734,
v2_vs_full,abs,17,71047487.01,103551337.13,32503850.11999999,45.749471920695854,network_damage,scientific_graph_inputs.state_damage_tables,storm,rp50,,eau_eu,,indirect_damage_eur,eur,Eau EU,71047487.01,101558346.61,103551337.13,30510859.599999994,42.94431919274718,32503850.11999999,45.749471920695854,1992990.5199999958,1.9624093799531734,
v2_vs_full,abs,18,86205409.21,118094708.63,31889299.42,36.992225560134315,scenario_component_damage,scientific_graph_inputs.state_damage_tables.damage_components_eur,storm_cmcc,rp100,,eau_eu,wind,damage_component_eur,eur,Eau EU,86205409.21,119313586.48,118094708.63,33108177.27000001,38.406148260774565,31889299.42,36.992225560134315,-1218877.850000009,-1.0215750661424665,
v2_vs_full,abs,19,75954065.7,104706049.68,28751983.980000004,37.85443704035978,scenario_component_damage,scientific_graph_inputs.state_damage_tables.damage_components_eur,storm_cmcc,rp50,,eau_eu,wind,damage_component_eur,eur,Eau EU,75954065.7,103933720.87,104706049.68,27979655.17,36.83760034717931,28751983.980000004,37.85443704035978,772328.8100000024,0.7430974312620146,
v2_vs_full,abs,20,74359276.66,102256812.46,27897535.799999997,37.51722320748029,scenario_component_damage,scientific_graph_inputs.state_damage_tables.damage_components_eur,storm,rp50,,eau_eu,wind,damage_component_eur,eur,Eau EU,74359276.66,100806047.67,102256812.46,26446771.010000005,35.566202628523534,27897535.799999997,37.51722320748029,1450764.7899999917,1.4391644385753861,
v2_vs_full,abs,21,27939168.21,52706116.53,24766948.32,88.645975906811,network_damage,scientific_graph_inputs.state_damage_tables,storm,rp10,,eau_eu,,damage_eur,eur,Eau EU,27939168.21,53187321.39,52706116.53,25248153.18,90.36830656598849,24766948.32,88.645975906811,-481204.8599999994,-0.9047360299864113,
v2_vs_full,abs,22,27939168.21,52706116.53,24766948.32,88.645975906811,network_damage,scientific_graph_inputs.state_damage_tables,storm,rp10,,eau_eu,,total_damage_eur,eur,Eau EU,27939168.21,53187321.39,52706116.53,25248153.18,90.36830656598849,24766948.32,88.645975906811,-481204.8599999994,-0.9047360299864113,
v2_vs_full,abs,23,24616646.28,48963300.56,24346654.28,98.9032137159181,network_damage,scientific_graph_inputs.state_damage_tables,storm,rp10,,eau_eu,,blocking_ouvrage_eur,eur,Eau EU,24616646.28,49012414.88,48963300.56,24395768.6,99.10273041466475,24346654.28,98.9032137159181,-49114.3200000003,-0.10020791695379588,
v2_vs_full,abs,24,24616646.28,48963300.56,24346654.28,98.9032137159181,network_damage,scientific_graph_inputs.state_damage_tables,storm,rp10,,eau_eu,,indirect_damage_eur,eur,Eau EU,24616646.28,49012414.88,48963300.56,24395768.6,99.10273041466475,24346654.28,98.9032137159181,-49114.3200000003,-0.10020791695379588,
v2_vs_full,abs,25,26869975.25,48464163.46,21594188.21,80.36549348887101,network_damage,scientific_graph_inputs.state_damage_tables,storm_cmcc,rp10,,eau_eu,,damage_eur,eur,Eau EU,26869975.25,49172506.49,48464163.46,22302531.240000002,83.00168136552341,21594188.21,80.36549348887101,-708343.0300000012,-1.4405265880519103,
v2_vs_full,abs,26,26869975.25,48464163.46,21594188.21,80.36549348887101,network_damage,scientific_graph_inputs.state_damage_tables,storm_cmcc,rp10,,eau_eu,,total_damage_eur,eur,Eau EU,26869975.25,49172506.49,48464163.46,22302531.240000002,83.00168136552341,21594188.21,80.36549348887101,-708343.0300000012,-1.4405265880519103,
v2_vs_full,abs,27,23779870.05,45253120.59,21473250.540000003,90.30011726241541,network_damage,scientific_graph_inputs.state_damage_tables,storm_cmcc,rp10,,eau_eu,,blocking_ouvrage_eur,eur,Eau EU,23779870.05,45615419.3,45253120.59,21835549.249999996,91.82366936441689,21473250.540000003,90.30011726241541,-362298.70999999344,-0.7942461464998382,
v2_vs_full,abs,28,23779870.05,45253120.59,21473250.540000003,90.30011726241541,network_damage,scientific_graph_inputs.state_damage_tables,storm_cmcc,rp10,,eau_eu,,indirect_damage_eur,eur,Eau EU,23779870.05,45615419.3,45253120.59,21835549.249999996,91.82366936441689,21473250.540000003,90.30011726241541,-362298.70999999344,-0.7942461464998382,
v2_vs_full,abs,29,24406431.16,45097029.14,20690597.98,84.77518832786203,scenario_component_damage,scientific_graph_inputs.state_damage_tables.damage_components_eur,storm,rp10,,eau_eu,wind,damage_component_eur,eur,Eau EU,24406431.16,45335981.31,45097029.14,20929550.150000002,85.75424244861206,20690597.98,84.77518832786203,-238952.1700000018,-0.5270695882065197,
v2_vs_full,abs,30,23195877.41,40737459.16,17541581.749999996,75.62370433307095,scenario_component_damage,scientific_graph_inputs.state_damage_tables.damage_components_eur,storm_cmcc,rp10,,eau_eu,wind,damage_component_eur,eur,Eau EU,23195877.41,41225171.94,40737459.16,18029294.529999997,77.72628821631626,17541581.749999996,75.62370433307095,-487712.7800000012,-1.1830460785217074,
v2_vs_full,abs,31,212378581.22,196494175.13,-15884406.090000004,-7.47928816491413,scenario_component_damage,scientific_graph_inputs.state_damage_tables.damage_components_eur,storm,rp50,,eau_aep,wind,damage_component_eur,eur,Eau AEP,212378581.22,195642172.26,196494175.13,-16736408.960000008,-7.880459914487798,-15884406.090000004,-7.47928816491413,852002.8700000048,0.43549039563296704,
v2_vs_full,abs,32,217154322.89,201500270.67,-15654052.219999999,-7.208722355451148,scenario_component_damage,scientific_graph_inputs.state_damage_tables.damage_components_eur,storm_cmcc,rp50,,eau_aep,wind,damage_component_eur,eur,Eau AEP,217154322.89,201960073.75,201500270.67,-15194249.139999986,-6.996982117503904,-15654052.219999999,-7.208722355451148,-459803.0800000131,-0.2276702872317173,
v2_vs_full,abs,33,737600156.27,753043492.46,15443336.190000057,2.093727347902973,portfolio,portfolio_results,storm,all,,,,pml_100_eur,eur,,737600156.27,731495087.84,753043492.46,-6105068.429999948,-0.8276934838073944,15443336.190000057,2.093727347902973,21548404.620000005,2.945803051614379,
v2_vs_full,abs,34,737600156.27,753043492.46,15443336.190000057,2.093727347902973,scenario_summary,scientific_web_summary.portfolio_summary,storm,all,,,,rp100_eur,eur,,737600156.27,731495087.84,753043492.46,-6105068.429999948,-0.8276934838073944,15443336.190000057,2.093727347902973,21548404.620000005,2.945803051614379,
v2_vs_full,abs,35,29.84,13293722.35,13293692.51,44549907.87533512,scenario_component_damage,scientific_graph_inputs.state_damage_tables.damage_components_eur,storm_cmcc,rp1000,,eau_aep,surge,damage_component_eur,eur,Eau AEP,29.84,13331713.68,13293722.35,13331683.84,44677224.66487936,13293692.51,44549907.87533512,-37991.330000000075,-0.28496959139614586,
v2_vs_full,abs,36,29.03,13158911.87,13158882.84,45328566.44850155,scenario_component_damage,scientific_graph_inputs.state_damage_tables.damage_components_eur,storm,rp1000,,eau_aep,surge,damage_component_eur,eur,Eau AEP,29.03,13307515.63,13158911.87,13307486.600000001,45840463.65828454,13158882.84,45328566.44850155,-148603.76000000164,-1.1166904787622003,
v2_vs_full,abs,37,194744107.92,207058042.38,12313934.460000008,6.323135827584841,portfolio,portfolio_results,storm,all,,,,pml_10_eur,eur,,194744107.92,207816742.69,207058042.38,13072634.77000001,6.7127241535698685,12313934.460000008,6.323135827584841,-758700.3100000024,-0.36508141749279305,
v2_vs_full,abs,38,194744107.92,207058042.38,12313934.460000008,6.323135827584841,scenario_summary,scientific_web_summary.portfolio_summary,storm,all,,,,rp10_eur,eur,,194744107.92,207816742.69,207058042.38,13072634.77000001,6.7127241535698685,12313934.460000008,6.323135827584841,-758700.3100000024,-0.36508141749279305,
v2_vs_full,abs,39,201748470.55,190487019.63,-11261450.920000017,-5.581926291336644,network_damage,scientific_graph_inputs.state_damage_tables,storm_cmcc,rp50,,eau_aep,,blocking_ouvrage_eur,eur,Eau AEP,201748470.55,188853853.22,190487019.63,-12894617.330000013,-6.391432507442129,-11261450.920000017,-5.581926291336644,1633166.4099999964,0.8647779127373615,
v2_vs_full,abs,40,201748470.55,190487019.63,-11261450.920000017,-5.581926291336644,network_damage,scientific_graph_inputs.state_damage_tables,storm_cmcc,rp50,,eau_aep,,indirect_damage_eur,eur,Eau AEP,201748470.55,188853853.22,190487019.63,-12894617.330000013,-6.391432507442129,-11261450.920000017,-5.581926291336644,1633166.4099999964,0.8647779127373615,
v2_vs_full,abs,41,200082287.55,188860049.95,-11222237.600000024,-5.608811123371236,network_damage,scientific_graph_inputs.state_damage_tables,storm,rp50,,eau_aep,,blocking_ouvrage_eur,eur,Eau AEP,200082287.55,186151635.87,188860049.95,-13930651.680000007,-6.962461220620929,-11222237.600000024,-5.608811123371236,2708414.0799999833,1.4549504587171176,
v2_vs_full,abs,42,200082287.55,188860049.95,-11222237.600000024,-5.608811123371236,network_damage,scientific_graph_inputs.state_damage_tables,storm,rp50,,eau_aep,,indirect_damage_eur,eur,Eau AEP,200082287.55,186151635.87,188860049.95,-13930651.680000007,-6.962461220620929,-11222237.600000024,-5.608811123371236,2708414.0799999833,1.4549504587171176,
v2_vs_full,abs,43,411420916.67,400279985.99,-11140930.680000007,-2.707915477456419,scenario_component_damage,scientific_graph_inputs.state_damage_tables.damage_components_eur,storm,rp1000,,eau_aep,wind,damage_component_eur,eur,Eau AEP,411420916.67,404732214.09,400279985.99,-6688702.580000043,-1.625756569242453,-11140930.680000007,-2.707915477456419,-4452228.099999964,-1.1000429283867001,
v2_vs_full,abs,44,235596063.23,224655479.13,-10940584.099999994,-4.643789013282144,network_damage,scientific_graph_inputs.state_damage_tables,storm_cmcc,rp50,,eau_aep,,damage_eur,eur,Eau AEP,235596063.23,225732499.48,224655479.13,-9863563.75,-4.186642006989193,-10940584.099999994,-4.643789013282144,-1077020.349999994,-0.47712241368922537,
v2_vs_full,abs,45,235596063.23,224655479.13,-10940584.099999994,-4.643789013282144,network_damage,scientific_graph_inputs.state_damage_tables,storm_cmcc,rp50,,eau_aep,,total_damage_eur,eur,Eau AEP,235596063.23,225732499.48,224655479.13,-9863563.75,-4.186642006989193,-10940584.099999994,-4.643789013282144,-1077020.349999994,-0.47712241368922537,
v2_vs_full,abs,46,231086201.87,220271423.99,-10814777.879999995,-4.679975607580397,network_damage,scientific_graph_inputs.state_damage_tables,storm,rp50,,eau_aep,,damage_eur,eur,Eau AEP,231086201.87,220330667.54,220271423.99,-10755534.330000013,-4.654338616050582,-10814777.879999995,-4.679975607580397,-59243.54999998212,-0.02688847206856791,
v2_vs_full,abs,47,231086201.87,220271423.99,-10814777.879999995,-4.679975607580397,network_damage,scientific_graph_inputs.state_damage_tables,storm,rp50,,eau_aep,,total_damage_eur,eur,Eau AEP,231086201.87,220330667.54,220271423.99,-10755534.330000013,-4.654338616050582,-10814777.879999995,-4.679975607580397,-59243.54999998212,-0.02688847206856791,
v2_vs_full,abs,48,421381156.5,410681163.08,-10699993.420000017,-2.539267182442226,scenario_component_damage,scientific_graph_inputs.state_damage_tables.damage_components_eur,storm_cmcc,rp1000,,eau_aep,wind,damage_component_eur,eur,Eau AEP,421381156.5,413273983.47,410681163.08,-8107173.029999971,-1.9239524371090313,-10699993.420000017,-2.539267182442226,-2592820.3900000453,-0.6273853408892991,
v2_vs_full,abs,49,749784421.46,739757592.69,-10026828.76999998,-1.3372948921071839,portfolio,portfolio_results,storm_cmcc,all,,,,pml_100_eur,eur,,749784421.46,750274803.12,739757592.69,490381.6599999666,0.06540302065026671,-10026828.76999998,-1.3372948921071839,-10517210.429999948,-1.4017811055715024,
v2_vs_full,abs,50,749784421.46,739757592.69,-10026828.76999998,-1.3372948921071839,scenario_summary,scientific_web_summary.portfolio_summary,storm_cmcc,all,,,,rp100_eur,eur,,749784421.46,750274803.12,739757592.69,490381.6599999666,0.06540302065026671,-10026828.76999998,-1.3372948921071839,-10517210.429999948,-1.4017811055715024,
v2_vs_full,pct,1,24616646.28,48963300.56,24346654.28,98.9032137159181,network_damage,scientific_graph_inputs.state_damage_tables,storm,rp10,,eau_eu,,blocking_ouvrage_eur,eur,Eau EU,24616646.28,49012414.88,48963300.56,24395768.6,99.10273041466475,24346654.28,98.9032137159181,-49114.3200000003,-0.10020791695379588,
v2_vs_full,pct,2,24616646.28,48963300.56,24346654.28,98.9032137159181,network_damage,scientific_graph_inputs.state_damage_tables,storm,rp10,,eau_eu,,indirect_damage_eur,eur,Eau EU,24616646.28,49012414.88,48963300.56,24395768.6,99.10273041466475,24346654.28,98.9032137159181,-49114.3200000003,-0.10020791695379588,
v2_vs_full,pct,3,23779870.05,45253120.59,21473250.540000003,90.30011726241541,network_damage,scientific_graph_inputs.state_damage_tables,storm_cmcc,rp10,,eau_eu,,blocking_ouvrage_eur,eur,Eau EU,23779870.05,45615419.3,45253120.59,21835549.249999996,91.82366936441689,21473250.540000003,90.30011726241541,-362298.70999999344,-0.7942461464998382,
v2_vs_full,pct,4,23779870.05,45253120.59,21473250.540000003,90.30011726241541,network_damage,scientific_graph_inputs.state_damage_tables,storm_cmcc,rp10,,eau_eu,,indirect_damage_eur,eur,Eau EU,23779870.05,45615419.3,45253120.59,21835549.249999996,91.82366936441689,21473250.540000003,90.30011726241541,-362298.70999999344,-0.7942461464998382,
v2_vs_full,pct,5,27939168.21,52706116.53,24766948.32,88.645975906811,network_damage,scientific_graph_inputs.state_damage_tables,storm,rp10,,eau_eu,,damage_eur,eur,Eau EU,27939168.21,53187321.39,52706116.53,25248153.18,90.36830656598849,24766948.32,88.645975906811,-481204.8599999994,-0.9047360299864113,
v2_vs_full,pct,6,27939168.21,52706116.53,24766948.32,88.645975906811,network_damage,scientific_graph_inputs.state_damage_tables,storm,rp10,,eau_eu,,total_damage_eur,eur,Eau EU,27939168.21,53187321.39,52706116.53,25248153.18,90.36830656598849,24766948.32,88.645975906811,-481204.8599999994,-0.9047360299864113,
v2_vs_full,pct,7,24406431.16,45097029.14,20690597.98,84.77518832786203,scenario_component_damage,scientific_graph_inputs.state_damage_tables.damage_components_eur,storm,rp10,,eau_eu,wind,damage_component_eur,eur,Eau EU,24406431.16,45335981.31,45097029.14,20929550.150000002,85.75424244861206,20690597.98,84.77518832786203,-238952.1700000018,-0.5270695882065197,
v2_vs_full,pct,8,26869975.25,48464163.46,21594188.21,80.36549348887101,network_damage,scientific_graph_inputs.state_damage_tables,storm_cmcc,rp10,,eau_eu,,damage_eur,eur,Eau EU,26869975.25,49172506.49,48464163.46,22302531.240000002,83.00168136552341,21594188.21,80.36549348887101,-708343.0300000012,-1.4405265880519103,
v2_vs_full,pct,9,26869975.25,48464163.46,21594188.21,80.36549348887101,network_damage,scientific_graph_inputs.state_damage_tables,storm_cmcc,rp10,,eau_eu,,total_damage_eur,eur,Eau EU,26869975.25,49172506.49,48464163.46,22302531.240000002,83.00168136552341,21594188.21,80.36549348887101,-708343.0300000012,-1.4405265880519103,
v2_vs_full,pct,10,23195877.41,40737459.16,17541581.749999996,75.62370433307095,scenario_component_damage,scientific_graph_inputs.state_damage_tables.damage_components_eur,storm_cmcc,rp10,,eau_eu,wind,damage_component_eur,eur,Eau EU,23195877.41,41225171.94,40737459.16,18029294.529999997,77.72628821631626,17541581.749999996,75.62370433307095,-487712.7800000012,-1.1830460785217074,
v2_vs_full,pct,11,3532726.9,6195122.75,2662395.85,75.3637607820746,scenario_component_damage,scientific_graph_inputs.state_damage_tables.damage_components_eur,storm,rp10,,eau_eu,rain,damage_component_eur,eur,Eau EU,3532726.9,6389817.79,6195122.75,2857090.89,80.87494365896215,2662395.85,75.3637607820746,-194695.04000000004,-3.0469576191154593,
v2_vs_full,pct,12,3674087.4,6371993.02,2697905.6199999996,73.43063259736282,scenario_component_damage,scientific_graph_inputs.state_damage_tables.damage_components_eur,storm_cmcc,rp10,,eau_eu,rain,damage_component_eur,eur,Eau EU,3674087.4,6574489.45,6371993.02,2900402.0500000003,78.94210818174876,2697905.6199999996,73.43063259736282,-202496.43000000063,-3.0800327772980247,
v2_vs_full,pct,13,6.683,2.358,-4.324999999999999,-64.71644471045937,network_state_pct,scientific_graph_inputs.state_damage_tables,storm,rp1000,,eau_eu,,state_pct_S2,pct,Eau EU,6.683,2.358,2.358,-4.324999999999999,-64.71644471045937,-4.324999999999999,-64.71644471045937,0.0,0.0,
v2_vs_full,pct,14,6.683,2.358,-4.324999999999999,-64.71644471045937,network_state_pct,scientific_graph_inputs.state_damage_tables,storm_cmcc,rp1000,,eau_eu,,state_pct_S2,pct,Eau EU,6.683,2.358,2.358,-4.324999999999999,-64.71644471045937,-4.324999999999999,-64.71644471045937,0.0,0.0,
v2_vs_full,pct,15,77732541.34,116241676.53,38509135.19,49.540558595096094,network_damage,scientific_graph_inputs.state_damage_tables,storm,rp100,,eau_eu,,blocking_ouvrage_eur,eur,Eau EU,77732541.34,111996150.39,116241676.53,34263609.05,44.07884839392027,38509135.19,49.540558595096094,4245526.140000001,3.7907786341012293,
v2_vs_full,pct,16,77732541.34,116241676.53,38509135.19,49.540558595096094,network_damage,scientific_graph_inputs.state_damage_tables,storm,rp100,,eau_eu,,indirect_damage_eur,eur,Eau EU,77732541.34,111996150.39,116241676.53,34263609.05,44.07884839392027,38509135.19,49.540558595096094,4245526.140000001,3.7907786341012293,
v2_vs_full,pct,17,77729034.89,115182493.86,37453458.97,48.18464428768877,network_damage,scientific_graph_inputs.state_damage_tables,storm_cmcc,rp100,,eau_eu,,blocking_ouvrage_eur,eur,Eau EU,77729034.89,115347140.7,115182493.86,37618105.81,48.3964658293212,37453458.97,48.18464428768877,-164646.84000000358,-0.14274028727614882,
v2_vs_full,pct,18,77729034.89,115182493.86,37453458.97,48.18464428768877,network_damage,scientific_graph_inputs.state_damage_tables,storm_cmcc,rp100,,eau_eu,,indirect_damage_eur,eur,Eau EU,77729034.89,115347140.7,115182493.86,37618105.81,48.3964658293212,37453458.97,48.18464428768877,-164646.84000000358,-0.14274028727614882,
v2_vs_full,pct,19,71635795.7,104690810.05,33055014.349999994,46.143152354207736,network_damage,scientific_graph_inputs.state_damage_tables,storm_cmcc,rp50,,eau_eu,,blocking_ouvrage_eur,eur,Eau EU,71635795.7,103259887.52,104690810.05,31624091.819999993,44.14565582887773,33055014.349999994,46.143152354207736,1430922.5300000012,1.3857486816677498,
v2_vs_full,pct,20,71635795.7,104690810.05,33055014.349999994,46.143152354207736,network_damage,scientific_graph_inputs.state_damage_tables,storm_cmcc,rp50,,eau_eu,,indirect_damage_eur,eur,Eau EU,71635795.7,103259887.52,104690810.05,31624091.819999993,44.14565582887773,33055014.349999994,46.143152354207736,1430922.5300000012,1.3857486816677498,
v2_vs_full,pct,21,98.047,53.151,-44.895999999999994,-45.79028425143043,network_state_pct,scientific_graph_inputs.state_damage_tables,storm,rp100,,eau_eu,,state_pct_S2,pct,Eau EU,98.047,55.711,53.151,-42.336,-43.1792915642498,-44.895999999999994,-45.79028425143043,-2.559999999999995,-4.59514279047225,
v2_vs_full,pct,22,98.047,53.164,-44.882999999999996,-45.77702530419084,network_state_pct,scientific_graph_inputs.state_damage_tables,storm_cmcc,rp100,,eau_eu,,state_pct_S2,pct,Eau EU,98.047,53.164,53.164,-44.882999999999996,-45.77702530419084,-44.882999999999996,-45.77702530419084,0.0,0.0,
v2_vs_full,pct,23,71047487.01,103551337.13,32503850.11999999,45.749471920695854,network_damage,scientific_graph_inputs.state_damage_tables,storm,rp50,,eau_eu,,blocking_ouvrage_eur,eur,Eau EU,71047487.01,101558346.61,103551337.13,30510859.599999994,42.94431919274718,32503850.11999999,45.749471920695854,1992990.5199999958,1.9624093799531734,
v2_vs_full,pct,24,71047487.01,103551337.13,32503850.11999999,45.749471920695854,network_damage,scientific_graph_inputs.state_damage_tables,storm,rp50,,eau_eu,,indirect_damage_eur,eur,Eau EU,71047487.01,101558346.61,103551337.13,30510859.599999994,42.94431919274718,32503850.11999999,45.749471920695854,1992990.5199999958,1.9624093799531734,
v2_vs_full,pct,25,92266925.51,132332910.37,40065984.86,43.42399471808302,network_damage,scientific_graph_inputs.state_damage_tables,storm,rp100,,eau_eu,,damage_eur,eur,Eau EU,92266925.51,129147291.93,132332910.37,36880366.42,39.97138326236183,40065984.86,43.42399471808302,3185618.4399999976,2.466655237127741,
v2_vs_full,pct,26,92266925.51,132332910.37,40065984.86,43.42399471808302,network_damage,scientific_graph_inputs.state_damage_tables,storm,rp100,,eau_eu,,total_damage_eur,eur,Eau EU,92266925.51,129147291.93,132332910.37,36880366.42,39.97138326236183,40065984.86,43.42399471808302,3185618.4399999976,2.466655237127741,
v2_vs_full,pct,27,80909302.24,114630643.27,33721341.03,41.67795308625072,network_damage,scientific_graph_inputs.state_damage_tables,storm,rp50,,eau_eu,,damage_eur,eur,Eau EU,80909302.24,113526973.86,114630643.27,32617671.620000005,40.31387086153174,33721341.03,41.67795308625072,1103669.4099999964,0.9721649159441413,
v2_vs_full,pct,28,80909302.24,114630643.27,33721341.03,41.67795308625072,network_damage,scientific_graph_inputs.state_damage_tables,storm,rp50,,eau_eu,,total_damage_eur,eur,Eau EU,80909302.24,113526973.86,114630643.27,32617671.620000005,40.31387086153174,33721341.03,41.67795308625072,1103669.4099999964,0.9721649159441413,
v2_vs_full,pct,29,82404433.06,116738243.98,34333810.92,41.66500471522084,network_damage,scientific_graph_inputs.state_damage_tables,storm_cmcc,rp50,,eau_eu,,damage_eur,eur,Eau EU,82404433.06,116167607.57,116738243.98,33763174.50999999,40.97252205523515,34333810.92,41.66500471522084,570636.4100000113,0.49121818201873413,
v2_vs_full,pct,30,82404433.06,116738243.98,34333810.92,41.66500471522084,network_damage,scientific_graph_inputs.state_damage_tables,storm_cmcc,rp50,,eau_eu,,total_damage_eur,eur,Eau EU,82404433.06,116167607.57,116738243.98,33763174.50999999,40.97252205523515,34333810.92,41.66500471522084,570636.4100000113,0.49121818201873413,
v2_vs_full,pct,31,93292280.1,131508564.3,38216284.2,40.96403706612805,network_damage,scientific_graph_inputs.state_damage_tables,storm_cmcc,rp100,,eau_eu,,damage_eur,eur,Eau EU,93292280.1,133405353.65,131508564.3,40113073.55000001,42.9972056712547,38216284.2,40.96403706612805,-1896789.350000009,-1.421824010883696,
v2_vs_full,pct,32,93292280.1,131508564.3,38216284.2,40.96403706612805,network_damage,scientific_graph_inputs.state_damage_tables,storm_cmcc,rp100,,eau_eu,,total_damage_eur,eur,Eau EU,93292280.1,133405353.65,131508564.3,40113073.55000001,42.9972056712547,38216284.2,40.96403706612805,-1896789.350000009,-1.421824010883696,
v2_vs_full,pct,33,7476360.63,10531495.95,3055135.3199999994,40.8639372977919,scenario_component_damage,scientific_graph_inputs.state_damage_tables.damage_components_eur,storm,rp100,,eau_eu,rain,damage_component_eur,eur,Eau EU,7476360.63,10854348.72,10531495.95,3377988.090000001,45.18225186256165,3055135.3199999994,40.8639372977919,-322852.7700000014,-2.97440941256217,
v2_vs_full,pct,34,98.047,58.066,-39.980999999999995,-40.777382275847295,network_state_pct,scientific_graph_inputs.state_damage_tables,storm,rp50,,eau_eu,,state_pct_S2,pct,Eau EU,98.047,59.05,58.066,-38.997,-39.77378196171224,-39.980999999999995,-40.777382275847295,-0.9839999999999947,-1.6663844199830562,
v2_vs_full,pct,35,98.047,58.066,-39.980999999999995,-40.777382275847295,network_state_pct,scientific_graph_inputs.state_damage_tables,storm_cmcc,rp50,,eau_eu,,state_pct_S2,pct,Eau EU,98.047,59.05,58.066,-38.997,-39.77378196171224,-39.980999999999995,-40.777382275847295,-0.9839999999999947,-1.6663844199830562,
v2_vs_full,pct,36,84790556.37,117945949.71,33155393.33999999,39.10269581829374,scenario_component_damage,scientific_graph_inputs.state_damage_tables.damage_components_eur,storm,rp100,,eau_eu,wind,damage_component_eur,eur,Eau EU,84790556.37,114523656.63,117945949.71,29733100.25999999,35.06652336405702,33155393.33999999,39.10269581829374,3422293.079999998,2.9882848493535725,
v2_vs_full,pct,37,75954065.7,104706049.68,28751983.980000004,37.85443704035978,scenario_component_damage,scientific_graph_inputs.state_damage_tables.damage_components_eur,storm_cmcc,rp50,,eau_eu,wind,damage_component_eur,eur,Eau EU,75954065.7,103933720.87,104706049.68,27979655.17,36.83760034717931,28751983.980000004,37.85443704035978,772328.8100000024,0.7430974312620146,
v2_vs_full,pct,38,6550015.83,9029178.29,2479162.459999999,37.84971707465322,scenario_component_damage,scientific_graph_inputs.state_damage_tables.damage_components_eur,storm,rp50,,eau_eu,rain,damage_component_eur,eur,Eau EU,6550015.83,9389044.4,9029178.29,2839028.5700000003,43.34384288045301,2479162.459999999,37.84971707465322,-359866.11000000127,-3.8328299949247366,
v2_vs_full,pct,39,74359276.66,102256812.46,27897535.799999997,37.51722320748029,scenario_component_damage,scientific_graph_inputs.state_damage_tables.damage_components_eur,storm,rp50,,eau_eu,wind,damage_component_eur,eur,Eau EU,74359276.66,100806047.67,102256812.46,26446771.010000005,35.566202628523534,27897535.799999997,37.51722320748029,1450764.7899999917,1.4391644385753861,
v2_vs_full,pct,40,86205409.21,118094708.63,31889299.42,36.992225560134315,scenario_component_damage,scientific_graph_inputs.state_damage_tables.damage_components_eur,storm_cmcc,rp100,,eau_eu,wind,damage_component_eur,eur,Eau EU,86205409.21,119313586.48,118094708.63,33108177.27000001,38.406148260774565,31889299.42,36.992225560134315,-1218877.850000009,-1.0215750661424665,
v2_vs_full,pct,41,7086862.41,9539461.59,2452599.1799999997,34.607687268476255,scenario_component_damage,scientific_graph_inputs.state_damage_tables.damage_components_eur,storm_cmcc,rp100,,eau_eu,rain,damage_component_eur,eur,Eau EU,7086862.41,10188345.16,9539461.59,3101482.75,43.7638346925378,2452599.1799999997,34.607687268476255,-648883.5700000003,-6.368880910587449,
v2_vs_full,pct,42,3.0,2.0,-1.0,-33.33333333333333,network_state_units,scientific_graph_inputs.network_state_service_distribution_by_scenario,storm_cmcc,rp100,eau_eu,,,S1,count,,3.0,3.0,2.0,0.0,0.0,-1.0,-33.33333333333333,-1.0,-33.33333333333333,
v2_vs_full,pct,43,6450357.83,8596419.8,2146061.9700000007,33.27043284356832,scenario_component_damage,scientific_graph_inputs.state_damage_tables.damage_components_eur,storm_cmcc,rp50,,eau_eu,rain,damage_component_eur,eur,Eau EU,6450357.83,8830121.28,8596419.8,2379763.4499999993,36.893510603891556,2146061.9700000007,33.27043284356832,-233701.47999999858,-2.646639526110774,
v2_vs_full,pct,44,98.047,66.114,-31.932999999999993,-32.56907401552316,network_state_pct,scientific_graph_inputs.state_damage_tables,storm,rp10,,eau_eu,,state_pct_S1,pct,Eau EU,98.047,66.114,66.114,-31.932999999999993,-32.56907401552316,-31.932999999999993,-32.56907401552316,0.0,0.0,
v2_vs_full,pct,45,98.047,67.711,-30.336,-30.940263343090557,network_state_pct,scientific_graph_inputs.state_damage_tables,storm_cmcc,rp10,,eau_eu,,state_pct_S1,pct,Eau EU,98.047,67.711,67.711,-30.336,-30.940263343090557,-30.336,-30.940263343090557,0.0,0.0,
v2_vs_full,pct,46,17164919.06,20504895.27,3339976.210000001,19.458152982400378,network_damage,scientific_graph_inputs.state_damage_tables,storm_cmcc,rp1000,,eau_eu,,direct_damage_eur,eur,Eau EU,17164919.06,21986858.48,20504895.27,4821939.420000002,28.091827308622346,3339976.210000001,19.458152982400378,-1481963.210000001,-6.740222625929236,
v2_vs_full,pct,47,191329.0,154227.0,-37102.0,-19.39172838409232,population,scientific_graph_inputs.social_impact_by_scenario,storm_cmcc,rp100,,,,total_with_degraded_eau_eu,people,,191329.0,191329.0,154227.0,0.0,0.0,-37102.0,-19.39172838409232,-37102.0,-19.39172838409232,
v2_vs_full,pct,48,191329.0,154227.0,-37102.0,-19.39172838409232,population_state_count,scientific_graph_inputs.social_impact_by_scenario.state_breakdown,storm_cmcc,rp100,eau_eu,,,population_S1,people,,191329.0,191329.0,154227.0,0.0,0.0,-37102.0,-19.39172838409232,-37102.0,-19.39172838409232,
v2_vs_full,pct,49,1527619.08,1239178.3,-288440.78,-18.881721482557026,scenario_component_damage,scientific_graph_inputs.state_damage_tables.damage_components_eur,storm_cmcc,rp10,,elec_bt_aerien,rain,damage_component_eur,eur,Elec BT aerien,1527619.08,1260431.5,1239178.3,-267187.5800000001,-17.490458419778317,-288440.78,-18.881721482557026,-21253.199999999953,-1.6861844534986594,
v2_vs_full,pct,50,4274329.98,3476038.83,-798291.1500000004,-18.67640434255851,scenario_component_damage,scientific_graph_inputs.state_damage_tables.damage_components_eur,storm_cmcc,rp100,,elec_bt_aerien,rain,damage_component_eur,eur,Elec BT aerien,4274329.98,3655023.81,3476038.83,-619306.1700000004,-14.4889648880127,-798291.1500000004,-18.67640434255851,-178984.97999999998,-4.896957976314797,
v2_vs_v1,abs,1,731495087.84,753043492.46,21548404.620000005,2.945803051614379,portfolio,portfolio_results,storm,all,,,,pml_100_eur,eur,,737600156.27,731495087.84,753043492.46,-6105068.429999948,-0.8276934838073944,15443336.190000057,2.093727347902973,21548404.620000005,2.945803051614379,
v2_vs_v1,abs,2,731495087.84,753043492.46,21548404.620000005,2.945803051614379,scenario_summary,scientific_web_summary.portfolio_summary,storm,all,,,,rp100_eur,eur,,737600156.27,731495087.84,753043492.46,-6105068.429999948,-0.8276934838073944,15443336.190000057,2.093727347902973,21548404.620000005,2.945803051614379,
v2_vs_v1,abs,3,750274803.12,739757592.69,-10517210.429999948,-1.4017811055715024,portfolio,portfolio_results,storm_cmcc,all,,,,pml_100_eur,eur,,749784421.46,750274803.12,739757592.69,490381.6599999666,0.06540302065026671,-10026828.76999998,-1.3372948921071839,-10517210.429999948,-1.4017811055715024,
v2_vs_v1,abs,4,750274803.12,739757592.69,-10517210.429999948,-1.4017811055715024,scenario_summary,scientific_web_summary.portfolio_summary,storm_cmcc,all,,,,rp100_eur,eur,,749784421.46,750274803.12,739757592.69,490381.6599999666,0.06540302065026671,-10026828.76999998,-1.3372948921071839,-10517210.429999948,-1.4017811055715024,
v2_vs_v1,abs,5,565742877.63,575978291.51,10235413.879999995,1.8091988931222622,portfolio,portfolio_results,storm,all,,,,pml_50_eur,eur,,570329120.3,565742877.63,575978291.51,-4586242.669999957,-0.8041396637063769,5649171.210000038,0.9905107435209526,10235413.879999995,1.8091988931222622,
v2_vs_v1,abs,6,565742877.63,575978291.51,10235413.879999995,1.8091988931222622,scenario_summary,scientific_web_summary.portfolio_summary,storm,all,,,,rp50_eur,eur,,570329120.3,565742877.63,575978291.51,-4586242.669999957,-0.8041396637063769,5649171.210000038,0.9905107435209526,10235413.879999995,1.8091988931222622,
v2_vs_v1,abs,7,555113332.95,564393425.09,9280092.139999986,1.6717472972020757,portfolio,portfolio_results,storm,all,,,,percentile_99_loss_eur,eur,,558178669.74,555113332.95,564393425.09,-3065336.789999962,-0.5491676690955958,6214755.350000024,1.1133989324412668,9280092.139999986,1.6717472972020757,
v2_vs_v1,abs,8,519902864.39,528264550.28,8361685.889999986,1.6083169497076573,portfolio_component,portfolio_results.components_direct_percentile_99_loss_eur,storm_cmcc,all,,,wind,p99_component_loss_eur,eur,,519902864.4,519902864.39,528264550.28,-0.009999990463256836,-1.9234343851514343e-09,8361685.879999995,1.608316947753288,8361685.889999986,1.6083169497076573,
v2_vs_v1,abs,9,504129586.87,511295796.31,7166209.439999998,1.4215014604663443,portfolio_component,portfolio_results.components_direct_percentile_99_loss_eur,storm,all,,,wind,p99_component_loss_eur,eur,,506571246.82,504129586.87,511295796.31,-2441659.949999988,-0.48199734298531616,4724549.49000001,0.9326525182110829,7166209.439999998,1.4215014604663443,
v2_vs_v1,abs,10,62355358.41,55368689.57,-6986668.839999996,-11.204600563853926,network_damage,scientific_graph_inputs.state_damage_tables,storm,rp1000,,eau_aep,,direct_damage_eur,eur,Eau AEP,52145075.81,62355358.41,55368689.57,10210282.599999994,19.58053074311945,3223613.759999998,6.182009921216371,-6986668.839999996,-11.204600563853926,
v2_vs_v1,abs,11,835188499.75,841700737.69,6512237.940000057,0.7797327120703157,portfolio,portfolio_results,storm,all,,,,pml_200_eur,eur,,838761470.72,835188499.75,841700737.69,-3572970.9700000286,-0.42598177130537,2939266.9700000286,0.3504294215466212,6512237.940000057,0.7797327120703157,
v2_vs_v1,abs,12,1055129180.27,1060894239.61,5765059.340000033,0.5463842198473552,portfolio,portfolio_results,storm_cmcc,all,,,,pml_1000_eur,eur,,1055129180.25,1055129180.27,1060894239.61,0.019999980926513672,1.8955006932681855e-09,5765059.360000014,0.5463842217532126,5765059.340000033,0.5463842198473552,
v2_vs_v1,abs,13,1055129180.27,1060894239.61,5765059.340000033,0.5463842198473552,scenario_summary,scientific_web_summary.portfolio_summary,storm_cmcc,all,,,,rp1000_eur,eur,,1055129180.25,1055129180.27,1060894239.61,0.019999980926513672,1.8955006932681855e-09,5765059.360000014,0.5463842217532126,5765059.340000033,0.5463842198473552,
v2_vs_v1,abs,14,474398869.2,468862680.21,-5536188.99000001,-1.1669903428176236,network_damage,scientific_graph_inputs.state_damage_tables,storm,rp1000,,eau_aep,,damage_eur,eur,Eau AEP,468597975.72,474398869.2,468862680.21,5800893.4799999595,1.2379254244722027,264704.48999994993,0.05648861149970439,-5536188.99000001,-1.1669903428176236,
v2_vs_v1,abs,15,474398869.2,468862680.21,-5536188.99000001,-1.1669903428176236,network_damage,scientific_graph_inputs.state_damage_tables,storm,rp1000,,eau_aep,,total_damage_eur,eur,Eau AEP,468597975.72,474398869.2,468862680.21,5800893.4799999595,1.2379254244722027,264704.48999994993,0.05648861149970439,-5536188.99000001,-1.1669903428176236,
v2_vs_v1,abs,16,1061334652.09,1055918735.23,-5415916.860000014,-0.510293039931834,portfolio,portfolio_results,storm,all,,,,pml_1000_eur,eur,,1061334652.14,1061334652.09,1055918735.23,-0.04999995231628418,-4.7110449296522844e-09,-5415916.909999967,-0.5102930446188387,-5415916.860000014,-0.510293039931834,
v2_vs_v1,abs,17,1061334652.09,1055918735.23,-5415916.860000014,-0.510293039931834,scenario_summary,scientific_web_summary.portfolio_summary,storm,all,,,,rp1000_eur,eur,,1061334652.14,1061334652.09,1055918735.23,-0.04999995231628418,-4.7110449296522844e-09,-5415916.909999967,-0.5102930446188387,-5415916.860000014,-0.510293039931834,
v2_vs_v1,abs,18,51594119.24,46303360.51,-5290758.730000004,-10.254577087340165,network_damage,scientific_graph_inputs.state_damage_tables,storm_cmcc,rp100,,eau_aep,,direct_damage_eur,eur,Eau AEP,48917831.17,51594119.24,46303360.51,2676288.0700000003,5.470986766971174,-2614470.660000004,-5.3446168758262305,-5290758.730000004,-10.254577087340165,
v2_vs_v1,abs,19,62818652.21,58155179.56,-4663472.6499999985,-7.423706949983922,network_damage,scientific_graph_inputs.state_damage_tables,storm_cmcc,rp1000,,eau_aep,,direct_damage_eur,eur,Eau AEP,53952154.68,62818652.21,58155179.56,8866497.530000001,16.43400079679635,4203024.880000003,7.790281787500248,-4663472.6499999985,-7.423706949983922,
v2_vs_v1,abs,20,404732214.09,400279985.99,-4452228.099999964,-1.1000429283867001,scenario_component_damage,scientific_graph_inputs.state_damage_tables.damage_components_eur,storm,rp1000,,eau_aep,wind,damage_component_eur,eur,Eau AEP,411420916.67,404732214.09,400279985.99,-6688702.580000043,-1.625756569242453,-11140930.680000007,-2.707915477456419,-4452228.099999964,-1.1000429283867001,
v2_vs_v1,abs,21,273397665.96,269034803.98,-4362861.9799999595,-1.5957934259169124,network_damage,scientific_graph_inputs.state_damage_tables,storm_cmcc,rp100,,eau_aep,,damage_eur,eur,Eau AEP,267828018.75,273397665.96,269034803.98,5569647.209999979,2.0795610690750324,1206785.230000019,0.4505821443298934,-4362861.9799999595,-1.5957934259169124,
v2_vs_v1,abs,22,273397665.96,269034803.98,-4362861.9799999595,-1.5957934259169124,network_damage,scientific_graph_inputs.state_damage_tables,storm_cmcc,rp100,,eau_aep,,total_damage_eur,eur,Eau AEP,267828018.75,273397665.96,269034803.98,5569647.209999979,2.0795610690750324,1206785.230000019,0.4505821443298934,-4362861.9799999595,-1.5957934259169124,
v2_vs_v1,abs,23,587408211.24,591708762.05,4300550.809999943,0.7321230326218316,portfolio,portfolio_results,storm_cmcc,all,,,,pml_50_eur,eur,,586927891.42,587408211.24,591708762.05,480319.82000005245,0.08183625740429162,4780870.629999995,0.8145584321156158,4300550.809999943,0.7321230326218316,
v2_vs_v1,abs,24,587408211.24,591708762.05,4300550.809999943,0.7321230326218316,scenario_summary,scientific_web_summary.portfolio_summary,storm_cmcc,all,,,,rp50_eur,eur,,586927891.42,587408211.24,591708762.05,480319.82000005245,0.08183625740429162,4780870.629999995,0.8145584321156158,4300550.809999943,0.7321230326218316,
v2_vs_v1,abs,25,111996150.39,116241676.53,4245526.140000001,3.7907786341012293,network_damage,scientific_graph_inputs.state_damage_tables,storm,rp100,,eau_eu,,blocking_ouvrage_eur,eur,Eau EU,77732541.34,111996150.39,116241676.53,34263609.05,44.07884839392027,38509135.19,49.540558595096094,4245526.140000001,3.7907786341012293,
v2_vs_v1,abs,26,111996150.39,116241676.53,4245526.140000001,3.7907786341012293,network_damage,scientific_graph_inputs.state_damage_tables,storm,rp100,,eau_eu,,indirect_damage_eur,eur,Eau EU,77732541.34,111996150.39,116241676.53,34263609.05,44.07884839392027,38509135.19,49.540558595096094,4245526.140000001,3.7907786341012293,
v2_vs_v1,abs,27,45506583.63,49479288.62,3972704.9899999946,8.729956575736015,network_damage,scientific_graph_inputs.state_damage_tables,storm,rp100,,elec_bt_aerien,,damage_eur,eur,Elec BT aerien,54868092.36,45506583.63,49479288.62,-9361508.729999997,-17.06184473952066,-5388803.740000002,-9.821379800564296,3972704.9899999946,8.729956575736015,
v2_vs_v1,abs,28,45506583.63,49479288.62,3972704.9899999946,8.729956575736015,network_damage,scientific_graph_inputs.state_damage_tables,storm,rp100,,elec_bt_aerien,,direct_damage_eur,eur,Elec BT aerien,54868092.36,45506583.63,49479288.62,-9361508.729999997,-17.06184473952066,-5388803.740000002,-9.821379800564296,3972704.9899999946,8.729956575736015,
v2_vs_v1,abs,29,45506583.63,49479288.62,3972704.9899999946,8.729956575736015,network_damage,scientific_graph_inputs.state_damage_tables,storm,rp100,,elec_bt_aerien,,total_damage_eur,eur,Elec BT aerien,54868092.36,45506583.63,49479288.62,-9361508.729999997,-17.06184473952066,-5388803.740000002,-9.821379800564296,3972704.9899999946,8.729956575736015,
v2_vs_v1,abs,30,221075506.24,224958212.07,3882705.8299999833,1.7562804202220894,network_damage,scientific_graph_inputs.state_damage_tables,storm,rp100,,eau_aep,,blocking_ouvrage_eur,eur,Eau AEP,218906378.62,221075506.24,224958212.07,2169127.620000005,0.9908928344958817,6051833.449999988,2.764576111555606,3882705.8299999833,1.7562804202220894,
v2_vs_v1,abs,31,221075506.24,224958212.07,3882705.8299999833,1.7562804202220894,network_damage,scientific_graph_inputs.state_damage_tables,storm,rp100,,eau_aep,,indirect_damage_eur,eur,Eau AEP,218906378.62,221075506.24,224958212.07,2169127.620000005,0.9908928344958817,6051833.449999988,2.764576111555606,3882705.8299999833,1.7562804202220894,
v2_vs_v1,abs,32,40353771.88,44100002.57,3746230.6899999976,9.283470950720945,scenario_component_damage,scientific_graph_inputs.state_damage_tables.damage_components_eur,storm,rp100,,elec_bt_aerien,wind,damage_component_eur,eur,Elec BT aerien,50422142.63,40353771.88,44100002.57,-10068370.75,-19.968153324784645,-6322140.060000002,-12.538420087365498,3746230.6899999976,9.283470950720945,
v2_vs_v1,abs,33,114523656.63,117945949.71,3422293.079999998,2.9882848493535725,scenario_component_damage,scientific_graph_inputs.state_damage_tables.damage_components_eur,storm,rp100,,eau_eu,wind,damage_component_eur,eur,Eau EU,84790556.37,114523656.63,117945949.71,29733100.25999999,35.06652336405702,33155393.33999999,39.10269581829374,3422293.079999998,2.9882848493535725,
v2_vs_v1,abs,34,48978834.2,45620886.23,-3357947.9700000063,-6.855916488922895,network_damage,scientific_graph_inputs.state_damage_tables,storm,rp100,,eau_aep,,direct_damage_eur,eur,Eau AEP,45693697.47,48978834.2,45620886.23,3285136.730000004,7.189474505005525,-72811.24000000209,-0.15934635197295205,-3357947.9700000063,-6.855916488922895,
v2_vs_v1,abs,35,413742671.36,417013673.46,3271002.0999999642,0.7905885291570145,portfolio,portfolio_results,storm,all,,,,tvar_95_eur,eur,,409421130.62,413742671.36,417013673.46,4321540.74000001,1.0555245972419052,7592542.839999974,1.854457982787145,3271002.0999999642,0.7905885291570145,
v2_vs_v1,abs,36,129147291.93,132332910.37,3185618.4399999976,2.466655237127741,network_damage,scientific_graph_inputs.state_damage_tables,storm,rp100,,eau_eu,,damage_eur,eur,Eau EU,92266925.51,129147291.93,132332910.37,36880366.42,39.97138326236183,40065984.86,43.42399471808302,3185618.4399999976,2.466655237127741,
v2_vs_v1,abs,37,129147291.93,132332910.37,3185618.4399999976,2.466655237127741,network_damage,scientific_graph_inputs.state_damage_tables,storm,rp100,,eau_eu,,total_damage_eur,eur,Eau EU,92266925.51,129147291.93,132332910.37,36880366.42,39.97138326236183,40065984.86,43.42399471808302,3185618.4399999976,2.466655237127741,
v2_vs_v1,abs,38,410566723.47,413589973.81,3023250.339999974,0.7363602959461184,network_damage,scientific_graph_inputs.state_damage_tables,storm_cmcc,rp1000,,eau_aep,,blocking_ouvrage_eur,eur,Eau AEP,414411063.39,410566723.47,413589973.81,-3844339.919999957,-0.9276634384594288,-821089.5799999833,-0.19813408775413419,3023250.339999974,0.7363602959461184,
v2_vs_v1,abs,39,410566723.47,413589973.81,3023250.339999974,0.7363602959461184,network_damage,scientific_graph_inputs.state_damage_tables,storm_cmcc,rp1000,,eau_aep,,indirect_damage_eur,eur,Eau AEP,414411063.39,410566723.47,413589973.81,-3844339.919999957,-0.9276634384594288,-821089.5799999833,-0.19813408775413419,3023250.339999974,0.7363602959461184,
v2_vs_v1,abs,40,244518343.29,241593290.57,-2925052.719999999,-1.196250833636179,scenario_component_damage,scientific_graph_inputs.state_damage_tables.damage_components_eur,storm_cmcc,rp100,,eau_aep,wind,damage_component_eur,eur,Eau AEP,247482684.84,244518343.29,241593290.57,-2964341.550000012,-1.1977975557831402,-5889394.270000011,-2.3797197261729894,-2925052.719999999,-1.196250833636179,
v2_vs_v1,abs,41,34179031.67,31411374.03,-2767657.6400000006,-8.097530868404501,network_damage,scientific_graph_inputs.state_damage_tables,storm,rp50,,eau_aep,,direct_damage_eur,eur,Eau AEP,31003914.31,34179031.67,31411374.03,3175117.360000003,10.241020950622035,407459.72000000253,1.314220249501143,-2767657.6400000006,-8.097530868404501,
v2_vs_v1,abs,42,185862980.04,183104128.67,-2758851.370000005,-1.484346893290028,portfolio,portfolio_results,storm_cmcc,all,,,,pml_10_eur,eur,,180723795.45,185862980.04,183104128.67,5139184.590000004,2.843667917223351,2380333.219999999,1.3171111275485328,-2758851.370000005,-1.484346893290028,
v2_vs_v1,abs,43,185862980.04,183104128.67,-2758851.370000005,-1.484346893290028,scenario_summary,scientific_web_summary.portfolio_summary,storm_cmcc,all,,,,rp10_eur,eur,,180723795.45,185862980.04,183104128.67,5139184.590000004,2.843667917223351,2380333.219999999,1.3171111275485328,-2758851.370000005,-1.484346893290028,
v2_vs_v1,abs,44,36878646.26,34168459.5,-2710186.759999998,-7.348932335782539,network_damage,scientific_graph_inputs.state_damage_tables,storm_cmcc,rp50,,eau_aep,,direct_damage_eur,eur,Eau AEP,33847592.68,36878646.26,34168459.5,3031053.579999998,8.955004891059797,320866.8200000003,0.9479753051672575,-2710186.759999998,-7.348932335782539,
v2_vs_v1,abs,45,186151635.87,188860049.95,2708414.0799999833,1.4549504587171176,network_damage,scientific_graph_inputs.state_damage_tables,storm,rp50,,eau_aep,,blocking_ouvrage_eur,eur,Eau AEP,200082287.55,186151635.87,188860049.95,-13930651.680000007,-6.962461220620929,-11222237.600000024,-5.608811123371236,2708414.0799999833,1.4549504587171176,
v2_vs_v1,abs,46,186151635.87,188860049.95,2708414.0799999833,1.4549504587171176,network_damage,scientific_graph_inputs.state_damage_tables,storm,rp50,,eau_aep,,indirect_damage_eur,eur,Eau AEP,200082287.55,186151635.87,188860049.95,-13930651.680000007,-6.962461220620929,-11222237.600000024,-5.608811123371236,2708414.0799999833,1.4549504587171176,
v2_vs_v1,abs,47,413273983.47,410681163.08,-2592820.3900000453,-0.6273853408892991,scenario_component_damage,scientific_graph_inputs.state_damage_tables.damage_components_eur,storm_cmcc,rp1000,,eau_aep,wind,damage_component_eur,eur,Eau AEP,421381156.5,413273983.47,410681163.08,-8107173.029999971,-1.9239524371090313,-10699993.420000017,-2.539267182442226,-2592820.3900000453,-0.6273853408892991,
v2_vs_v1,abs,48,31755981.72,34068001.97,2312020.25,7.2805818770952495,network_damage,scientific_graph_inputs.state_damage_tables,storm,rp50,,elec_bt_aerien,,damage_eur,eur,Elec BT aerien,37228889.94,31755981.72,34068001.97,-5472908.219999999,-14.700702139710373,-3160887.969999999,-8.490416918404629,2312020.25,7.2805818770952495,
v2_vs_v1,abs,49,31755981.72,34068001.97,2312020.25,7.2805818770952495,network_damage,scientific_graph_inputs.state_damage_tables,storm,rp50,,elec_bt_aerien,,direct_damage_eur,eur,Elec BT aerien,37228889.94,31755981.72,34068001.97,-5472908.219999999,-14.700702139710373,-3160887.969999999,-8.490416918404629,2312020.25,7.2805818770952495,
v2_vs_v1,abs,50,31755981.72,34068001.97,2312020.25,7.2805818770952495,network_damage,scientific_graph_inputs.state_damage_tables,storm,rp50,,elec_bt_aerien,,total_damage_eur,eur,Elec BT aerien,37228889.94,31755981.72,34068001.97,-5472908.219999999,-14.700702139710373,-3160887.969999999,-8.490416918404629,2312020.25,7.2805818770952495,
v2_vs_v1,pct,1,3.0,2.0,-1.0,-33.33333333333333,network_state_units,scientific_graph_inputs.network_state_service_distribution_by_scenario,storm_cmcc,rp100,eau_eu,,,S1,count,,3.0,3.0,2.0,0.0,0.0,-1.0,-33.33333333333333,-1.0,-33.33333333333333,
v2_vs_v1,pct,2,191329.0,154227.0,-37102.0,-19.39172838409232,population,scientific_graph_inputs.social_impact_by_scenario,storm_cmcc,rp100,,,,total_with_degraded_eau_eu,people,,191329.0,191329.0,154227.0,0.0,0.0,-37102.0,-19.39172838409232,-37102.0,-19.39172838409232,
v2_vs_v1,pct,3,191329.0,154227.0,-37102.0,-19.39172838409232,population_state_count,scientific_graph_inputs.social_impact_by_scenario.state_breakdown,storm_cmcc,rp100,eau_eu,,,population_S1,people,,191329.0,191329.0,154227.0,0.0,0.0,-37102.0,-19.39172838409232,-37102.0,-19.39172838409232,
v2_vs_v1,pct,4,217273.0,254375.0,37102.0,17.0762128750466,population_state_count,scientific_graph_inputs.social_impact_by_scenario.state_breakdown,storm_cmcc,rp100,eau_eu,,,population_S0,people,,217273.0,217273.0,254375.0,0.0,0.0,37102.0,17.0762128750466,37102.0,17.0762128750466,
v2_vs_v1,pct,5,13404424.85,11638686.55,-1765738.2999999989,-13.172801666309459,portfolio_component,portfolio_results.components_direct_eai_eur,storm,all,,,rain,direct_eai_component_eur,eur,,11174818.03,13404424.85,11638686.55,2229606.8200000003,19.95206377423222,463868.5200000014,4.151016318607574,-1765738.2999999989,-13.172801666309459,
v2_vs_v1,pct,6,1133004.36,1271420.45,138416.08999999985,12.216730569333365,scenario_component_damage,scientific_graph_inputs.state_damage_tables.damage_components_eur,storm,rp100,,elec_hta_aerien,wind,damage_component_eur,eur,Elec HTA aerien,1442867.1,1133004.36,1271420.45,-309862.74,-21.475487243419714,-171446.65000000014,-11.882359089066494,138416.08999999985,12.216730569333365,
v2_vs_v1,pct,7,1277678.77,1426507.39,148828.61999999988,11.64835978295232,network_damage,scientific_graph_inputs.state_damage_tables,storm,rp100,,elec_hta_aerien,,damage_eur,eur,Elec HTA aerien,1570091.26,1277678.77,1426507.39,-292412.49,-18.623916803409248,-143583.8700000001,-9.14493785539575,148828.61999999988,11.64835978295232,
v2_vs_v1,pct,8,1277678.77,1426507.39,148828.61999999988,11.64835978295232,network_damage,scientific_graph_inputs.state_damage_tables,storm,rp100,,elec_hta_aerien,,direct_damage_eur,eur,Elec HTA aerien,1570091.26,1277678.77,1426507.39,-292412.49,-18.623916803409248,-143583.8700000001,-9.14493785539575,148828.61999999988,11.64835978295232,
v2_vs_v1,pct,9,1277678.77,1426507.39,148828.61999999988,11.64835978295232,network_damage,scientific_graph_inputs.state_damage_tables,storm,rp100,,elec_hta_aerien,,total_damage_eur,eur,Elec HTA aerien,1570091.26,1277678.77,1426507.39,-292412.49,-18.623916803409248,-143583.8700000001,-9.14493785539575,148828.61999999988,11.64835978295232,
v2_vs_v1,pct,10,62355358.41,55368689.57,-6986668.839999996,-11.204600563853926,network_damage,scientific_graph_inputs.state_damage_tables,storm,rp1000,,eau_aep,,direct_damage_eur,eur,Eau AEP,52145075.81,62355358.41,55368689.57,10210282.599999994,19.58053074311945,3223613.759999998,6.182009921216371,-6986668.839999996,-11.204600563853926,
v2_vs_v1,pct,11,11922358.25,10611403.91,-1310954.3399999999,-10.995763694653277,network_damage,scientific_graph_inputs.state_damage_tables,storm,rp10,,eau_aep,,direct_damage_eur,eur,Eau AEP,10445458.86,11922358.25,10611403.91,1476899.3900000006,14.139152810755512,165945.05000000075,1.5886812846056315,-1310954.3399999999,-10.995763694653277,
v2_vs_v1,pct,12,13306710.71,11879840.01,-1426870.7000000011,-10.72294071086784,portfolio_component,portfolio_results.components_direct_eai_eur,storm_cmcc,all,,,rain,direct_eai_component_eur,eur,,11588008.73,13306710.71,11879840.01,1718701.9800000004,14.831728384450402,291831.27999999933,2.5183902325209875,-1426870.7000000011,-10.72294071086784,
v2_vs_v1,pct,13,21835259.97,19529443.75,-2305816.219999999,-10.560058470419023,network_damage,scientific_graph_inputs.state_damage_tables,storm,rp1000,,eau_eu,,direct_damage_eur,eur,Eau EU,16586457.35,21835259.97,19529443.75,5248802.619999999,31.645109677383875,2942986.4000000004,17.743309122004888,-2305816.219999999,-10.560058470419023,
v2_vs_v1,pct,14,10162953.61,9107033.82,-1055919.789999999,-10.389890877402118,network_damage,scientific_graph_inputs.state_damage_tables,storm_cmcc,rp10,,eau_aep,,direct_damage_eur,eur,Eau AEP,9712707.23,10162953.61,9107033.82,450246.37999999896,4.635642456197035,-605673.4100000001,-6.235886613870479,-1055919.789999999,-10.389890877402118,
v2_vs_v1,pct,15,4174906.51,3742815.98,-432090.5299999998,-10.349705531489848,network_damage,scientific_graph_inputs.state_damage_tables,storm,rp10,,eau_eu,,direct_damage_eur,eur,Eau EU,3322521.93,4174906.51,3742815.98,852384.5799999996,25.654746543689466,420294.0499999998,12.649850290077689,-432090.5299999998,-10.349705531489848,
v2_vs_v1,pct,16,51594119.24,46303360.51,-5290758.730000004,-10.254577087340165,network_damage,scientific_graph_inputs.state_damage_tables,storm_cmcc,rp100,,eau_aep,,direct_damage_eur,eur,Eau AEP,48917831.17,51594119.24,46303360.51,2676288.0700000003,5.470986766971174,-2614470.660000004,-5.3446168758262305,-5290758.730000004,-10.254577087340165,
v2_vs_v1,pct,17,3557087.19,3211042.87,-346044.31999999983,-9.728305816422786,network_damage,scientific_graph_inputs.state_damage_tables,storm_cmcc,rp10,,eau_eu,,direct_damage_eur,eur,Eau EU,3090105.19,3557087.19,3211042.87,466982.0,15.112171634519667,120937.68000000017,3.9137075459881085,-346044.31999999983,-9.728305816422786,
v2_vs_v1,pct,18,18058212.94,16326070.44,-1732142.5000000019,-9.591992882990125,network_damage,scientific_graph_inputs.state_damage_tables,storm_cmcc,rp100,,eau_eu,,direct_damage_eur,eur,Eau EU,15563245.2,18058212.94,16326070.44,2494967.740000002,16.031153579717436,762825.2400000002,4.901453586299599,-1732142.5000000019,-9.591992882990125,
v2_vs_v1,pct,19,40353771.88,44100002.57,3746230.6899999976,9.283470950720945,scenario_component_damage,scientific_graph_inputs.state_damage_tables.damage_components_eur,storm,rp100,,elec_bt_aerien,wind,damage_component_eur,eur,Elec BT aerien,50422142.63,40353771.88,44100002.57,-10068370.75,-19.968153324784645,-6322140.060000002,-12.538420087365498,3746230.6899999976,9.283470950720945,
v2_vs_v1,pct,20,45506583.63,49479288.62,3972704.9899999946,8.729956575736015,network_damage,scientific_graph_inputs.state_damage_tables,storm,rp100,,elec_bt_aerien,,damage_eur,eur,Elec BT aerien,54868092.36,45506583.63,49479288.62,-9361508.729999997,-17.06184473952066,-5388803.740000002,-9.821379800564296,3972704.9899999946,8.729956575736015,
v2_vs_v1,pct,21,45506583.63,49479288.62,3972704.9899999946,8.729956575736015,network_damage,scientific_graph_inputs.state_damage_tables,storm,rp100,,elec_bt_aerien,,direct_damage_eur,eur,Elec BT aerien,54868092.36,45506583.63,49479288.62,-9361508.729999997,-17.06184473952066,-5388803.740000002,-9.821379800564296,3972704.9899999946,8.729956575736015,
v2_vs_v1,pct,22,45506583.63,49479288.62,3972704.9899999946,8.729956575736015,network_damage,scientific_graph_inputs.state_damage_tables,storm,rp100,,elec_bt_aerien,,total_damage_eur,eur,Elec BT aerien,54868092.36,45506583.63,49479288.62,-9361508.729999997,-17.06184473952066,-5388803.740000002,-9.821379800564296,3972704.9899999946,8.729956575736015,
v2_vs_v1,pct,23,1328152.94,1441558.65,113405.70999999996,8.538603242485008,scenario_component_damage,scientific_graph_inputs.state_damage_tables.damage_components_eur,storm,rp100,,elec_bt_aerien,surge,damage_component_eur,eur,Elec BT aerien,5.06,1328152.94,1441558.65,1328147.88,26247981.818181816,1441553.5899999999,28489201.383399207,113405.70999999996,8.538603242485008,
v2_vs_v1,pct,24,34179031.67,31411374.03,-2767657.6400000006,-8.097530868404501,network_damage,scientific_graph_inputs.state_damage_tables,storm,rp50,,eau_aep,,direct_damage_eur,eur,Eau AEP,31003914.31,34179031.67,31411374.03,3175117.360000003,10.241020950622035,407459.72000000253,1.314220249501143,-2767657.6400000006,-8.097530868404501,
v2_vs_v1,pct,25,28197659.98,30390523.76,2192863.780000001,7.776758006002458,scenario_component_damage,scientific_graph_inputs.state_damage_tables.damage_components_eur,storm,rp50,,elec_bt_aerien,wind,damage_component_eur,eur,Elec BT aerien,34215019.17,28197659.98,30390523.76,-6017359.190000001,-17.586894106656146,-3824495.41,-11.177826296100246,2192863.780000001,7.776758006002458,
v2_vs_v1,pct,26,11968627.25,11079306.14,-889321.1099999994,-7.4304353492168405,network_damage,scientific_graph_inputs.state_damage_tables,storm,rp50,,eau_eu,,direct_damage_eur,eur,Eau EU,9861815.23,11968627.25,11079306.14,2106812.0199999996,21.363328868614378,1217490.9100000001,12.34550517937457,-889321.1099999994,-7.4304353492168405,
v2_vs_v1,pct,27,62818652.21,58155179.56,-4663472.6499999985,-7.423706949983922,network_damage,scientific_graph_inputs.state_damage_tables,storm_cmcc,rp1000,,eau_aep,,direct_damage_eur,eur,Eau AEP,53952154.68,62818652.21,58155179.56,8866497.530000001,16.43400079679635,4203024.880000003,7.790281787500248,-4663472.6499999985,-7.423706949983922,
v2_vs_v1,pct,28,36878646.26,34168459.5,-2710186.759999998,-7.348932335782539,network_damage,scientific_graph_inputs.state_damage_tables,storm_cmcc,rp50,,eau_aep,,direct_damage_eur,eur,Eau AEP,33847592.68,36878646.26,34168459.5,3031053.579999998,8.955004891059797,320866.8200000003,0.9479753051672575,-2710186.759999998,-7.348932335782539,
v2_vs_v1,pct,29,31755981.72,34068001.97,2312020.25,7.2805818770952495,network_damage,scientific_graph_inputs.state_damage_tables,storm,rp50,,elec_bt_aerien,,damage_eur,eur,Elec BT aerien,37228889.94,31755981.72,34068001.97,-5472908.219999999,-14.700702139710373,-3160887.969999999,-8.490416918404629,2312020.25,7.2805818770952495,
v2_vs_v1,pct,30,31755981.72,34068001.97,2312020.25,7.2805818770952495,network_damage,scientific_graph_inputs.state_damage_tables,storm,rp50,,elec_bt_aerien,,direct_damage_eur,eur,Elec BT aerien,37228889.94,31755981.72,34068001.97,-5472908.219999999,-14.700702139710373,-3160887.969999999,-8.490416918404629,2312020.25,7.2805818770952495,
v2_vs_v1,pct,31,31755981.72,34068001.97,2312020.25,7.2805818770952495,network_damage,scientific_graph_inputs.state_damage_tables,storm,rp50,,elec_bt_aerien,,total_damage_eur,eur,Elec BT aerien,37228889.94,31755981.72,34068001.97,-5472908.219999999,-14.700702139710373,-3160887.969999999,-8.490416918404629,2312020.25,7.2805818770952495,
v2_vs_v1,pct,32,48978834.2,45620886.23,-3357947.9700000063,-6.855916488922895,network_damage,scientific_graph_inputs.state_damage_tables,storm,rp100,,eau_aep,,direct_damage_eur,eur,Eau AEP,45693697.47,48978834.2,45620886.23,3285136.730000004,7.189474505005525,-72811.24000000209,-0.15934635197295205,-3357947.9700000063,-6.855916488922895,
v2_vs_v1,pct,33,21986858.48,20504895.27,-1481963.210000001,-6.740222625929236,network_damage,scientific_graph_inputs.state_damage_tables,storm_cmcc,rp1000,,eau_eu,,direct_damage_eur,eur,Eau EU,17164919.06,21986858.48,20504895.27,4821939.420000002,28.091827308622346,3339976.210000001,19.458152982400378,-1481963.210000001,-6.740222625929236,
v2_vs_v1,pct,34,12907720.05,12047433.93,-860286.120000001,-6.6648960208894605,network_damage,scientific_graph_inputs.state_damage_tables,storm_cmcc,rp50,,eau_eu,,direct_damage_eur,eur,Eau EU,10768637.36,12907720.05,12047433.93,2139082.6900000013,19.864005244949592,1278796.5700000003,11.875193928900215,-860286.120000001,-6.6648960208894605,
v2_vs_v1,pct,35,20879745.15,19515437.59,-1364307.5599999987,-6.534119790250403,scenario_component_damage,scientific_graph_inputs.state_damage_tables.damage_components_eur,storm_cmcc,rp100,,eau_aep,rain,damage_component_eur,eur,Eau AEP,20345309.56,20879745.15,19515437.59,534435.5899999999,2.626824568207749,-829871.9699999988,-4.078935086009077,-1364307.5599999987,-6.534119790250403,
v2_vs_v1,pct,36,1387749.7,1478062.38,90312.67999999993,6.50785080335452,scenario_component_damage,scientific_graph_inputs.state_damage_tables.damage_components_eur,storm,rp1000,,elec_hta_aerien,wind,damage_component_eur,eur,Elec HTA aerien,1573141.75,1387749.7,1478062.38,-185392.05000000005,-11.784828035998666,-95079.37000000011,-6.043916258658834,90312.67999999993,6.50785080335452,
v2_vs_v1,pct,37,1626623.39,1731308.87,104685.48000000021,6.43575400695549,network_damage,scientific_graph_inputs.state_damage_tables,storm,rp1000,,elec_hta_aerien,,damage_eur,eur,Elec HTA aerien,1791768.5,1626623.39,1731308.87,-165145.1100000001,-9.216877626769312,-60459.62999999989,-3.3742991909948126,104685.48000000021,6.43575400695549,
v2_vs_v1,pct,38,1626623.39,1731308.87,104685.48000000021,6.43575400695549,network_damage,scientific_graph_inputs.state_damage_tables,storm,rp1000,,elec_hta_aerien,,direct_damage_eur,eur,Elec HTA aerien,1791768.5,1626623.39,1731308.87,-165145.1100000001,-9.216877626769312,-60459.62999999989,-3.3742991909948126,104685.48000000021,6.43575400695549,
v2_vs_v1,pct,39,1626623.39,1731308.87,104685.48000000021,6.43575400695549,network_damage,scientific_graph_inputs.state_damage_tables,storm,rp1000,,elec_hta_aerien,,total_damage_eur,eur,Elec HTA aerien,1791768.5,1626623.39,1731308.87,-165145.1100000001,-9.216877626769312,-60459.62999999989,-3.3742991909948126,104685.48000000021,6.43575400695549,
v2_vs_v1,pct,40,10188345.16,9539461.59,-648883.5700000003,-6.368880910587449,scenario_component_damage,scientific_graph_inputs.state_damage_tables.damage_components_eur,storm_cmcc,rp100,,eau_eu,rain,damage_component_eur,eur,Eau EU,7086862.41,10188345.16,9539461.59,3101482.75,43.7638346925378,2452599.1799999997,34.607687268476255,-648883.5700000003,-6.368880910587449,
v2_vs_v1,pct,41,17151141.54,16091233.84,-1059907.6999999993,-6.179808484047991,network_damage,scientific_graph_inputs.state_damage_tables,storm,rp100,,eau_eu,,direct_damage_eur,eur,Eau EU,14534384.17,17151141.54,16091233.84,2616757.369999999,18.00390948383745,1556849.67,10.711493874046953,-1059907.6999999993,-6.179808484047991,
v2_vs_v1,pct,42,42.344,44.904,2.5600000000000023,6.045720763272251,network_state_pct,scientific_graph_inputs.state_damage_tables,storm,rp100,,eau_eu,,state_pct_S3,pct,Eau EU,0.0,42.344,44.904,42.344,,44.904,,2.5600000000000023,6.045720763272251,
v2_vs_v1,pct,43,17.0,18.0,1.0,5.88235294117647,network_state_units,scientific_graph_inputs.network_state_service_distribution_by_scenario,storm,rp50,eau_aep,,,S1,count,,18.0,17.0,18.0,-1.0,-5.555555555555555,0.0,0.0,1.0,5.88235294117647,
v2_vs_v1,pct,44,5758251.47,6094539.71,336288.2400000002,5.8401103486367925,scenario_component_damage,scientific_graph_inputs.state_damage_tables.damage_components_eur,storm_cmcc,rp1000,,elec_bt_aerien,rain,damage_component_eur,eur,Elec BT aerien,6225157.81,5758251.47,6094539.71,-466906.33999999985,-7.500313313342331,-130618.09999999963,-2.098229538698227,336288.2400000002,5.8401103486367925,
v2_vs_v1,pct,45,22697061.16,21533590.33,-1163470.830000002,-5.126085803788714,scenario_component_damage,scientific_graph_inputs.state_damage_tables.damage_components_eur,storm,rp100,,eau_aep,rain,damage_component_eur,eur,Eau AEP,21440462.88,22697061.16,21533590.33,1256598.2800000012,5.86087290667673,93127.44999999925,0.4343537288407612,-1163470.830000002,-5.126085803788714,
v2_vs_v1,pct,46,3655023.81,3476038.83,-178984.97999999998,-4.896957976314797,scenario_component_damage,scientific_graph_inputs.state_damage_tables.damage_components_eur,storm_cmcc,rp100,,elec_bt_aerien,rain,damage_component_eur,eur,Elec BT aerien,4274329.98,3655023.81,3476038.83,-619306.1700000004,-14.4889648880127,-798291.1500000004,-18.67640434255851,-178984.97999999998,-4.896957976314797,
v2_vs_v1,pct,47,18222051.99,17350246.86,-871805.129999999,-4.7843411404952265,scenario_component_damage,scientific_graph_inputs.state_damage_tables.damage_components_eur,storm,rp50,,eau_aep,rain,damage_component_eur,eur,Eau AEP,18707592.79,18222051.99,17350246.86,-485540.80000000075,-2.5954210434788965,-1357345.9299999997,-7.255588387221891,-871805.129999999,-4.7843411404952265,
v2_vs_v1,pct,48,45320882.36,43187433.81,-2133448.549999997,-4.707429420842364,portfolio_component,portfolio_results.components_direct_percentile_99_loss_eur,storm_cmcc,all,,,rain,p99_component_loss_eur,eur,,44455437.49,45320882.36,43187433.81,865444.8699999973,1.946769436685162,-1268003.6799999997,-2.8523027813756863,-2133448.549999997,-4.707429420842364,
v2_vs_v1,pct,49,2085683.81,1987944.06,-97739.75,-4.686220870650571,portfolio_component,portfolio_results.components_direct_eai_eur,storm,all,,,surge,direct_eai_component_eur,eur,,193.41,2085683.81,1987944.06,2085490.4000000001,1078274.339486066,1987750.6500000001,1027739.3361253296,-97739.75,-4.686220870650571,
v2_vs_v1,pct,50,55.711,53.151,-2.559999999999995,-4.59514279047225,network_state_pct,scientific_graph_inputs.state_damage_tables,storm,rp100,,eau_eu,,state_pct_S2,pct,Eau EU,98.047,55.711,53.151,-42.336,-43.1792915642498,-44.895999999999994,-45.79028425143043,-2.559999999999995,-4.59514279047225,
