provider_key,provider_name,track_instance_id,year,track_id,rank,stratum,loss_eur,selection_score,selection_score_kind,sample_weight,frequency_annual,return_period_years_approx,max_wind_mps,category,min_distance_km,closest_lat,closest_lon,quadrant
storm,STORM,storm|6047|6_6047_4,6047,6_6047_4,5,rank_001_010,0.0,80.22734642773034,intensity_distance_weighted_mps,5.0,0.0005,2000.0,81.70454545454547,5,20.353989753705022,16.2,-61.60000000000002,NW
storm,STORM,storm|9852|9_9852_4,9852,9_9852_4,10,rank_001_010,0.0,76.22885858009727,intensity_distance_weighted_mps,5.0,0.0005,1000.0,84.43181818181819,5,49.20586117283322,16.5,-61.10000000000002,NE
storm,STORM,storm|233|0_233_8,233,0_233_8,15,rank_011_020,0.0,75.41435212549183,intensity_distance_weighted_mps,5.0,0.0005,666.6666666666666,80.22727272727273,5,37.89383898774167,15.9,-61.19999999999999,SE
storm,STORM,storm|9701|9_9701_4,9701,9_9701_4,20,rank_011_020,0.0,74.82624605113996,intensity_distance_weighted_mps,5.0,0.0005,500.0,76.36363636363637,5,21.500885690759674,16.0,-61.5,SW
storm,STORM,storm|5407|5_5407_5,5407,5_5407_5,22,rank_021_050,0.0,74.56918841706036,intensity_distance_weighted_mps,6.0,0.0006,384.61538461538464,76.13636363636364,5,21.745546605949606,16.1,-61.60000000000002,SW
storm,STORM,storm|2064|2_2064_1,2064,2_2064_1,24,rank_021_050,0.0,74.37135440340107,intensity_distance_weighted_mps,6.0,0.0006,312.5,77.72727272727273,5,31.86354595969182,15.9,-61.5,SW
storm,STORM,storm|563|0_563_2,563,0_563_2,40,rank_021_050,0.0,72.07700006245321,intensity_distance_weighted_mps,6.0,0.0006,263.15789473684214,76.25,5,36.092510952515966,16.3,-61.10000000000002,NE
storm,STORM,storm|2433|2_2433_4,2433,2_2433_4,44,rank_021_050,0.0,71.30120248626885,intensity_distance_weighted_mps,6.0,0.0006,227.2727272727273,71.93181818181819,5,14.106693156686516,16.3,-61.39999999999998,NE
storm,STORM,storm|5045|5_5045_0,5045,5_5045_0,45,rank_021_050,0.0,70.81122403316931,intensity_distance_weighted_mps,6.0,0.0006,200.00000000000003,74.31818181818183,5,33.381471519362705,16.2,-61.10000000000002,NE
storm,STORM,storm|9253|9_9253_4,9253,9_9253_4,55,rank_051_100,0.0,69.92010263790208,intensity_distance_weighted_mps,5.0,0.0005,181.81818181818184,70.56818181818183,5,14.441232677570758,16.1,-61.30000000000001,SE
storm,STORM,storm|1046|1_1046_2,1046,1_1046_2,59,rank_051_100,0.0,69.47850214001943,intensity_distance_weighted_mps,5.0,0.0005,166.66666666666666,72.61363636363637,5,31.86354595969182,15.9,-61.5,SW
storm,STORM,storm|6190|6_6190_8,6190,6_6190_8,60,rank_051_100,0.0,69.36719940476593,intensity_distance_weighted_mps,5.0,0.0005,153.84615384615384,73.86363636363637,5,38.189892251175955,16.5,-61.30000000000001,NE
storm,STORM,storm|8925|8_8925_4,8925,8_8925_4,70,rank_051_100,0.0,68.8231196194475,intensity_distance_weighted_mps,5.0,0.0005,142.85714285714283,69.43181818181819,4,14.106693156686516,16.3,-61.39999999999998,NE
storm,STORM,storm|3652|3_3652_1,3652,3_3652_1,76,rank_051_100,0.0,68.47191901331419,intensity_distance_weighted_mps,5.0,0.0005,133.33333333333331,70.22727272727273,5,24.01692105080739,16.1,-61.19999999999999,SE
storm,STORM,storm|8527|8_8527_5,8527,8_8527_5,77,rank_051_100,0.0,68.4450779343084,intensity_distance_weighted_mps,5.0,0.0005,124.99999999999997,69.31818181818183,4,16.9415486769099,16.3,-61.5,NW
storm,STORM,storm|5347|5_5347_6,5347,5_5347_6,81,rank_051_100,0.0,68.2135590128857,intensity_distance_weighted_mps,5.0,0.0005,117.64705882352938,69.77272727272728,4,22.677877083396297,16.0,-61.30000000000001,SE
storm,STORM,storm|3515|3_3515_0,3515,3_3515_0,88,rank_051_100,0.0,67.63308314273792,intensity_distance_weighted_mps,5.0,0.0005,111.11111111111107,75.68181818181819,5,51.745844798255305,15.8,-61.69999999999999,SW
storm,STORM,storm|7498|7_7498_2,7498,7_7498_2,94,rank_051_100,0.0,67.20471997655804,intensity_distance_weighted_mps,5.0,0.0005,105.2631578947368,71.93181818181819,5,39.782189661163905,16.4,-61.69999999999999,NW
storm,STORM,storm|8554|8_8554_2,8554,8_8554_2,96,rank_051_100,0.0,66.99480485742637,intensity_distance_weighted_mps,5.0,0.0005,99.99999999999996,74.88636363636365,5,51.48160684479339,15.9,-61.80000000000001,SW
storm,STORM,storm|903|0_903_3,903,0_903_3,101,rank_101_200,0.0,66.86241993170655,intensity_distance_weighted_mps,5.88235294,0.0005882352941176471,94.44444444444441,68.75,4,25.20303862703192,16.4,-61.39999999999998,NE
storm,STORM,storm|1515|1_1515_1,1515,1_1515_1,105,rank_101_200,0.0,66.74740091628664,intensity_distance_weighted_mps,5.88235294,0.0005882352941176471,89.4736842105263,71.13636363636364,5,38.46405131396937,16.0,-61.10000000000002,SE
storm,STORM,storm|5062|5_5062_6,5062,5_5062_6,109,rank_101_200,0.0,66.48827072139869,intensity_distance_weighted_mps,5.88235294,0.0005882352941176471,84.99999999999999,66.93181818181819,4,12.251486582519494,16.2,-61.30000000000001,NE
storm,STORM,storm|1217|1_1217_3,1217,1_1217_3,115,rank_101_200,0.0,66.23239662231609,intensity_distance_weighted_mps,5.88235294,0.0005882352941176471,80.95238095238095,66.81818181818183,4,14.106693156686516,16.3,-61.39999999999998,NE
storm,STORM,storm|9920|9_9920_4,9920,9_9920_4,117,rank_101_200,0.0,66.0915449919143,intensity_distance_weighted_mps,5.88235294,0.0005882352941176471,77.27272727272727,67.61363636363637,4,22.763480668387448,16.2,-61.19999999999999,NE
storm,STORM,storm|7388|7_7388_1,7388,7_7388_1,120,rank_101_200,0.0,66.02121937755948,intensity_distance_weighted_mps,5.88235294,0.0005882352941176471,73.91304347826087,68.29545454545455,4,27.839868137921705,16.4,-61.30000000000001,NE
storm,STORM,storm|6286|6_6286_11,6286,6_6286_11,139,rank_101_200,0.0,65.3159759268031,intensity_distance_weighted_mps,5.88235294,0.0005882352941176471,70.83333333333334,77.38636363636364,5,64.48254338211376,15.6,-61.5,SW
storm,STORM,storm|8367|8_8367_10,8367,8_8367_10,141,rank_101_200,0.0,65.31399740377414,intensity_distance_weighted_mps,5.88235294,0.0005882352941176471,68.00000000000001,66.81818181818183,4,22.763480668387448,16.2,-61.19999999999999,NE
storm,STORM,storm|6757|6_6757_11,6757,6_6757_11,142,rank_101_200,0.0,65.27817010472495,intensity_distance_weighted_mps,5.88235294,0.0005882352941176471,65.3846153846154,66.36363636363637,4,19.342626122509245,16.0,-61.39999999999998,SE
storm,STORM,storm|5838|5_5838_10,5838,5_5838_10,150,rank_101_200,0.0,64.97517950340209,intensity_distance_weighted_mps,5.88235294,0.0005882352941176471,62.96296296296297,69.54545454545456,4,39.782189661163905,16.4,-61.69999999999999,NW
storm,STORM,storm|2547|2_2547_3,2547,2_2547_3,152,rank_101_200,0.0,64.94674445303635,intensity_distance_weighted_mps,5.88235294,0.0005882352941176471,60.71428571428572,70.11363636363637,5,42.30846355441705,16.1,-61.80000000000001,SW
storm,STORM,storm|1716|1_1716_11,1716,1_1716_11,157,rank_101_200,0.0,64.77649355386608,intensity_distance_weighted_mps,5.88235294,0.0005882352941176471,58.62068965517243,65.22727272727273,4,12.513086963196397,16.1,-61.5,SW
storm,STORM,storm|4913|4_4913_8,4913,4_4913_8,168,rank_101_200,0.0,64.15072967544829,intensity_distance_weighted_mps,5.88235294,0.0005882352941176471,56.66666666666668,67.04545454545455,4,31.86354595969182,15.9,-61.5,SW
storm,STORM,storm|3983|3_3983_5,3983,3_3983_5,169,rank_101_200,0.0,64.14733438733711,intensity_distance_weighted_mps,5.88235294,0.0005882352941176471,54.83870967741937,65.11363636363636,4,18.410194885213727,16.3,-61.30000000000001,NE
storm,STORM,storm|6733|6_6733_2,6733,6_6733_2,177,rank_101_200,0.0,63.837074381313954,intensity_distance_weighted_mps,5.88235294,0.0005882352941176471,53.125000000000014,71.36363636363636,5,51.50543893485941,16.6,-61.60000000000002,NW
storm,STORM,storm|9427|9_9427_14,9427,9_9427_14,181,rank_101_200,0.0,63.69953449632604,intensity_distance_weighted_mps,5.88235294,0.0005882352941176471,51.51515151515153,64.6590909090909,4,18.410194885213727,16.3,-61.30000000000001,NE
storm,STORM,storm|9694|9_9694_8,9694,9_9694_8,191,rank_101_200,0.0,63.183268834019536,intensity_distance_weighted_mps,5.88235294,0.0005882352941176471,50.000000000000014,69.54545454545456,4,47.598512925083384,16.5,-61.69999999999999,NW
storm,STORM,storm|8649|8_8649_5,8649,8_8649_5,205,rank_201_500,0.0,62.857354537549426,intensity_distance_weighted_mps,6.38297872,0.0006382978723404255,48.4536082474227,66.93181818181819,4,38.189892251175955,16.5,-61.30000000000001,NE
storm,STORM,storm|6840|6_6840_7,6840,6_6840_7,217,rank_201_500,0.0,62.34091631883847,intensity_distance_weighted_mps,6.38297872,0.0006382978723404255,47.000000000000014,72.95454545454547,5,61.89230007550753,16.7,-61.60000000000002,NW
storm,STORM,storm|1931|1_1931_8,1931,1_1931_8,219,rank_201_500,0.0,62.302318820393,intensity_distance_weighted_mps,6.38297872,0.0006382978723404255,45.631067961165066,65.11363636363636,4,31.86354595969182,15.9,-61.5,SW
storm,STORM,storm|1516|1_1516_13,1516,1_1516_13,221,rank_201_500,0.0,62.263795102672866,intensity_distance_weighted_mps,6.38297872,0.0006382978723404255,44.33962264150945,62.84090909090909,4,14.441232677570758,16.1,-61.30000000000001,SE
storm,STORM,storm|1263|1_1263_0,1263,1_1263_0,236,rank_201_500,0.0,61.98363896751233,intensity_distance_weighted_mps,6.38297872,0.0006382978723404255,43.11926605504589,73.75000000000001,5,65.35424611727733,16.2,-60.80000000000001,NE
storm,STORM,storm|6486|6_6486_1,6486,6_6486_1,242,rank_201_500,0.0,61.87416693655102,intensity_distance_weighted_mps,6.38297872,0.0006382978723404255,41.96428571428573,82.61363636363637,5,86.8431159355508,15.4,-61.30000000000001,SE
storm,STORM,storm|9313|9_9313_1,9313,9_9313_1,254,rank_201_500,0.0,61.52140499687994,intensity_distance_weighted_mps,6.38297872,0.0006382978723404255,40.86956521739132,61.93181818181819,4,12.251486582519494,16.2,-61.30000000000001,NE
storm,STORM,storm|6627|6_6627_9,6627,6_6627_9,256,rank_201_500,0.0,61.50151114929351,intensity_distance_weighted_mps,6.38297872,0.0006382978723404255,39.830508474576284,62.045454545454554,4,14.106693156686516,16.3,-61.39999999999998,NE
storm,STORM,storm|6379|6_6379_7,6379,6_6379_7,260,rank_201_500,0.0,61.46441639915068,intensity_distance_weighted_mps,6.38297872,0.0006382978723404255,38.842975206611584,62.727272727272734,4,21.500885690759674,16.0,-61.5,SW
storm,STORM,storm|9653|9_9653_5,9653,9_9653_5,264,rank_201_500,0.0,61.323393715050614,intensity_distance_weighted_mps,6.38297872,0.0006382978723404255,37.90322580645163,61.5909090909091,4,9.90723678480257,16.2,-61.5,NW
storm,STORM,storm|9935|9_9935_6,9935,9_9935_6,276,rank_201_500,0.0,61.10945840337498,intensity_distance_weighted_mps,6.38297872,0.0006382978723404255,37.007874015748044,76.59090909090911,5,75.49929018639075,15.5,-61.5,SW
storm,STORM,storm|4612|4_4612_4,4612,4_4612_4,277,rank_201_500,0.0,61.08481618350205,intensity_distance_weighted_mps,6.38297872,0.0006382978723404255,36.15384615384617,69.20454545454545,4,54.6884227201857,16.2,-60.89999999999998,NE
storm,STORM,storm|9002|9_9002_2,9002,9_9002_2,280,rank_201_500,0.0,60.94468568028191,intensity_distance_weighted_mps,6.38297872,0.0006382978723404255,35.33834586466167,66.70454545454547,4,46.11362818724813,16.3,-61.0,NE
storm,STORM,storm|1497|1_1497_5,1497,1_1497_5,281,rank_201_500,0.0,60.92733986611386,intensity_distance_weighted_mps,6.38297872,0.0006382978723404255,34.55882352941178,61.70454545454545,4,16.9415486769099,16.3,-61.5,NW
storm,STORM,storm|4715|4_4715_9,4715,4_4715_9,282,rank_201_500,0.0,60.91949618130813,intensity_distance_weighted_mps,6.38297872,0.0006382978723404255,33.81294964028778,67.15909090909092,4,48.005533311412755,16.0,-61.0,SE
storm,STORM,storm|6032|6_6032_11,6032,6_6032_11,286,rank_201_500,0.0,60.73916499892977,intensity_distance_weighted_mps,6.38297872,0.0006382978723404255,33.09859154929579,71.5909090909091,5,63.40253496629383,16.1,-62.0,SW
storm,STORM,storm|6794|6_6794_11,6794,6_6794_11,297,rank_201_500,0.0,60.44293571870191,intensity_distance_weighted_mps,6.38297872,0.0006382978723404255,32.41379310344829,69.88636363636364,4,59.29025510157489,16.7,-61.5,NW
storm,STORM,storm|940|0_940_4,940,0_940_4,299,rank_201_500,0.0,60.35407836244488,intensity_distance_weighted_mps,6.38297872,0.0006382978723404255,31.75675675675677,62.84090909090909,4,30.448160511479074,15.9,-61.39999999999998,SE
storm,STORM,storm|4644|4_4644_12,4644,4_4644_12,300,rank_201_500,0.0,60.35284553952249,intensity_distance_weighted_mps,6.38297872,0.0006382978723404255,31.125827814569547,64.20454545454545,4,37.89383898774167,15.9,-61.19999999999999,SE
storm,STORM,storm|6500|6_6500_12,6500,6_6500_12,310,rank_201_500,0.0,60.07351141843644,intensity_distance_weighted_mps,6.38297872,0.0006382978723404255,30.51948051948053,71.47727272727273,5,65.35424611727733,16.2,-60.80000000000001,NE
storm,STORM,storm|3670|3_3670_18,3670,3_3670_18,319,rank_201_500,0.0,59.80558337555046,intensity_distance_weighted_mps,6.38297872,0.0006382978723404255,29.936305732484087,64.6590909090909,4,42.731510770523286,16.5,-61.19999999999999,NE
storm,STORM,storm|2814|2_2814_0,2814,2_2814_0,324,rank_201_500,0.0,59.74593097850253,intensity_distance_weighted_mps,6.38297872,0.0006382978723404255,29.37500000000001,59.77272727272728,4,3.1766872614766473,16.2,-61.39999999999998,NE
storm,STORM,storm|5741|5_5741_7,5741,5_5741_7,333,rank_201_500,0.0,59.54384247913656,intensity_distance_weighted_mps,6.38297872,0.0006382978723404255,28.834355828220872,72.38636363636364,5,69.6623266658628,16.8,-61.39999999999998,NE
storm,STORM,storm|9246|9_9246_4,9246,9_9246_4,337,rank_201_500,0.0,59.5008088955024,intensity_distance_weighted_mps,6.38297872,0.0006382978723404255,28.313253012048204,65.68181818181819,4,48.345885834829744,16.6,-61.5,NW
storm,STORM,storm|519|0_519_3,519,0_519_3,340,rank_201_500,0.0,59.47909431108249,intensity_distance_weighted_mps,6.38297872,0.0006382978723404255,27.810650887573974,62.50000000000001,4,33.80474537884485,16.4,-61.19999999999999,NE
storm,STORM,storm|3671|3_3671_1,3671,3_3671_1,344,rank_201_500,0.0,59.4013574684963,intensity_distance_weighted_mps,6.38297872,0.0006382978723404255,27.32558139534885,61.93181818181819,4,30.959424117241788,16.2,-61.69999999999999,NW
storm,STORM,storm|5325|5_5325_2,5325,5_5325_2,361,rank_201_500,0.0,59.07950824791247,intensity_distance_weighted_mps,6.38297872,0.0006382978723404255,26.85714285714287,62.50000000000001,4,36.092510952515966,16.3,-61.10000000000002,NE
storm,STORM,storm|8085|8_8085_0,8085,8_8085_0,365,rank_201_500,0.0,58.985793237861834,intensity_distance_weighted_mps,6.38297872,0.0006382978723404255,26.404494382022484,69.88636363636364,4,64.48254338211376,15.6,-61.5,SW
storm,STORM,storm|8644|8_8644_5,8644,8_8644_5,368,rank_201_500,0.0,58.90876010989352,intensity_distance_weighted_mps,6.38297872,0.0006382978723404255,25.966850828729292,62.727272727272734,4,38.189892251175955,16.5,-61.30000000000001,NE
storm,STORM,storm|5408|5_5408_10,5408,5_5408_10,378,rank_201_500,0.0,58.76411312313049,intensity_distance_weighted_mps,6.38297872,0.0006382978723404255,25.543478260869577,65.45454545454547,4,50.61302064107246,16.4,-61.0,NE
storm,STORM,storm|4762|4_4762_9,4762,4_4762_9,379,rank_201_500,0.0,58.72366219750153,intensity_distance_weighted_mps,6.38297872,0.0006382978723404255,25.133689839572202,58.75000000000001,4,3.1766872614766473,16.2,-61.39999999999998,NE
storm,STORM,storm|9141|9_9141_13,9141,9_9141_13,394,rank_201_500,0.0,58.54823409292928,intensity_distance_weighted_mps,6.38297872,0.0006382978723404255,24.736842105263168,59.09090909090909,4,14.441232677570758,16.1,-61.30000000000001,SE
storm,STORM,storm|2889|2_2889_1,2889,2_2889_1,398,rank_201_500,0.0,58.45800472745309,intensity_distance_weighted_mps,6.38297872,0.0006382978723404255,24.35233160621763,59.659090909090914,4,21.500885690759674,16.0,-61.5,SW
storm,STORM,storm|2354|2_2354_0,2354,2_2354_0,399,rank_201_500,0.0,58.435641335058264,intensity_distance_weighted_mps,6.38297872,0.0006382978723404255,23.979591836734706,58.977272727272734,4,14.441232677570758,16.1,-61.30000000000001,SE
storm,STORM,storm|6010|6_6010_1,6010,6_6010_1,403,rank_201_500,0.0,58.343984612105864,intensity_distance_weighted_mps,6.38297872,0.0006382978723404255,23.618090452261317,58.75000000000001,4,12.513086963196397,16.1,-61.5,SW
storm,STORM,storm|5512|5_5512_0,5512,5_5512_0,424,rank_201_500,0.0,57.79862814273349,intensity_distance_weighted_mps,6.38297872,0.0006382978723404255,23.26732673267328,74.65909090909092,5,81.01533628226211,15.5,-61.69999999999999,SW
storm,STORM,storm|3508|3_3508_4,3508,3_3508_4,433,rank_201_500,0.0,57.66150594020212,intensity_distance_weighted_mps,6.38297872,0.0006382978723404255,22.926829268292693,64.77272727272728,4,52.67691912066638,15.7,-61.39999999999998,SE
storm,STORM,storm|1926|1_1926_8,1926,1_1926_8,437,rank_201_500,0.0,57.57345116638444,intensity_distance_weighted_mps,6.38297872,0.0006382978723404255,22.596153846153857,72.15909090909092,5,75.49929018639075,15.5,-61.5,SW
storm,STORM,storm|2699|2_2699_8,2699,2_2699_8,440,rank_201_500,0.0,57.52859916160317,intensity_distance_weighted_mps,6.38297872,0.0006382978723404255,22.274881516587687,77.15909090909092,5,87.62236057304143,16.7,-60.80000000000001,NE
storm,STORM,storm|3831|3_3831_9,3831,3_3831_9,444,rank_201_500,0.0,57.4814027768369,intensity_distance_weighted_mps,6.38297872,0.0006382978723404255,21.96261682242992,68.97727272727273,4,67.08084135222408,15.7,-61.80000000000001,SW
storm,STORM,storm|3734|3_3734_2,3734,3_3734_2,449,rank_201_500,0.0,57.3580098257119,intensity_distance_weighted_mps,6.38297872,0.0006382978723404255,21.658986175115217,58.977272727272734,4,25.20303862703192,16.4,-61.39999999999998,NE
storm,STORM,storm|3700|3_3700_6,3700,3_3700_6,457,rank_201_500,0.0,57.2353188690911,intensity_distance_weighted_mps,6.38297872,0.0006382978723404255,21.363636363636374,63.97727272727273,4,51.48160684479339,15.9,-61.80000000000001,SW
storm,STORM,storm|554|0_554_7,554,0_554_7,464,rank_201_500,0.0,57.12938573297459,intensity_distance_weighted_mps,6.38297872,0.0006382978723404255,21.076233183856512,62.84090909090909,4,47.428289317141335,16.6,-61.39999999999998,NE
storm,STORM,storm|6270|6_6270_9,6270,6_6270_9,466,rank_201_500,0.0,57.11870355037634,intensity_distance_weighted_mps,6.38297872,0.0006382978723404255,20.79646017699116,61.13636363636364,4,39.782189661163905,16.4,-61.69999999999999,NW
storm,STORM,storm|5069|5_5069_1,5069,5_5069_1,469,rank_201_500,0.0,57.07827735047343,intensity_distance_weighted_mps,6.38297872,0.0006382978723404255,20.524017467248918,59.659090909090914,4,31.895847497127786,16.1,-61.69999999999999,SW
storm,STORM,storm|3444|3_3444_15,3444,3_3444_15,471,rank_201_500,0.0,57.060455718994675,intensity_distance_weighted_mps,6.38297872,0.0006382978723404255,20.25862068965518,72.15909090909092,5,77.16004763377687,16.8,-61.10000000000002,NE
storm,STORM,storm|7305|7_7305_4,7305,7_7305_4,474,rank_201_500,0.0,56.95675818456445,intensity_distance_weighted_mps,6.38297872,0.0006382978723404255,20.00000000000001,64.20454545454545,4,53.50832382813522,15.7,-61.5,SW
storm,STORM,storm|306|0_306_14,306,0_306_14,506,rank_501_1000,0.0,56.32617983637304,intensity_distance_weighted_mps,7.35294118,0.0007352941176470588,19.71014492753624,57.613636363636374,3,22.677877083396297,16.0,-61.30000000000001,SE
storm,STORM,storm|1227|1_1227_9,1227,1_1227_9,512,rank_501_1000,0.0,56.23724979078732,intensity_distance_weighted_mps,7.35294118,0.0007352941176470588,19.42857142857144,57.27272727272727,3,20.353989753705022,16.2,-61.60000000000002,NW
storm,STORM,storm|5381|5_5381_4,5381,5_5381_4,513,rank_501_1000,0.0,56.184930748611166,intensity_distance_weighted_mps,7.35294118,0.0007352941176470588,19.154929577464802,63.06818181818183,4,52.50227707186987,16.6,-61.19999999999999,NE
storm,STORM,storm|3296|3_3296_8,3296,3_3296_8,517,rank_501_1000,0.0,56.11156856446705,intensity_distance_weighted_mps,7.35294118,0.0007352941176470588,18.8888888888889,62.727272727272734,4,51.50543893485941,16.6,-61.60000000000002,NW
storm,STORM,storm|9502|9_9502_10,9502,9_9502_10,523,rank_501_1000,0.0,56.017611915386226,intensity_distance_weighted_mps,7.35294118,0.0007352941176470588,18.630136986301384,67.15909090909092,4,66.89603642880584,15.6,-61.60000000000002,SW
storm,STORM,storm|1237|1_1237_5,1237,1_1237_5,543,rank_501_1000,0.0,55.73028512412088,intensity_distance_weighted_mps,7.35294118,0.0007352941176470588,18.378378378378393,60.227272727272734,4,42.609503309266124,15.8,-61.5,SW
storm,STORM,storm|984|0_984_3,984,0_984_3,544,rank_501_1000,0.0,55.729123465255796,intensity_distance_weighted_mps,7.35294118,0.0007352941176470588,18.133333333333347,63.863636363636374,4,57.30808930072128,15.7,-61.19999999999999,SE
storm,STORM,storm|5643|5_5643_11,5643,5_5643_11,545,rank_501_1000,0.0,55.707510892933,intensity_distance_weighted_mps,7.35294118,0.0007352941176470588,17.894736842105278,68.06818181818183,4,70.65703423409055,16.8,-61.30000000000001,NE
storm,STORM,storm|8654|8_8654_10,8654,8_8654_10,554,rank_501_1000,0.0,55.3788813027452,intensity_distance_weighted_mps,7.35294118,0.0007352941176470588,17.662337662337677,58.63636363636364,4,36.37979138977118,16.0,-61.69999999999999,SW
storm,STORM,storm|470|0_470_3,470,0_470_3,558,rank_501_1000,0.0,55.335368495859,intensity_distance_weighted_mps,7.35294118,0.0007352941176470588,17.435897435897452,71.47727272727273,5,81.01533628226211,15.5,-61.69999999999999,SW
storm,STORM,storm|9165|9_9165_4,9165,9_9165_4,598,rank_501_1000,0.0,54.59212474725031,intensity_distance_weighted_mps,7.35294118,0.0007352941176470588,17.21518987341774,61.02272727272728,4,51.48160684479339,15.9,-61.80000000000001,SW
storm,STORM,storm|1675|1_1675_9,1675,1_1675_9,636,rank_501_1000,0.0,53.82148513510925,intensity_distance_weighted_mps,7.35294118,0.0007352941176470588,17.000000000000018,55.3409090909091,3,25.20303862703192,16.4,-61.39999999999998,NE
storm,STORM,storm|3336|3_3336_6,3336,3_3336_6,637,rank_501_1000,0.0,53.81606114946209,intensity_distance_weighted_mps,7.35294118,0.0007352941176470588,16.79012345679014,56.93181818181819,3,36.092510952515966,16.3,-61.10000000000002,NE
storm,STORM,storm|8130|8_8130_0,8130,8_8130_0,641,rank_501_1000,0.0,53.72139572607032,intensity_distance_weighted_mps,7.35294118,0.0007352941176470588,16.585365853658555,60.68181818181819,4,53.99274592255906,15.7,-61.30000000000001,SE
storm,STORM,storm|4360|4_4360_5,4360,4_4360_5,642,rank_501_1000,0.0,53.70864386173861,intensity_distance_weighted_mps,7.35294118,0.0007352941176470588,16.385542168674714,56.81818181818182,3,36.092510952515966,16.3,-61.10000000000002,NE
storm,STORM,storm|1677|1_1677_7,1677,1_1677_7,649,rank_501_1000,0.0,53.620793861414754,intensity_distance_weighted_mps,7.35294118,0.0007352941176470588,16.190476190476208,60.56818181818182,4,53.99274592255906,15.7,-61.30000000000001,SE
storm,STORM,storm|7359|7_7359_8,7359,7_7359_8,656,rank_501_1000,0.0,53.49457380933675,intensity_distance_weighted_mps,7.35294118,0.0007352941176470588,16.000000000000018,69.6590909090909,4,82.45514516753867,15.6,-61.89999999999998,SW
storm,STORM,storm|5022|5_5022_6,5022,5_5022_6,657,rank_501_1000,0.0,53.48681355610651,intensity_distance_weighted_mps,7.35294118,0.0007352941176470588,15.81395348837211,63.409090909090914,4,64.60610775046256,16.6,-61.0,NE
storm,STORM,storm|456|0_456_0,456,0_456_0,658,rank_501_1000,0.0,53.42270214953578,intensity_distance_weighted_mps,7.35294118,0.0007352941176470588,15.632183908045995,54.54545454545455,3,21.745546605949606,16.1,-61.60000000000002,SW
storm,STORM,storm|554|0_554_8,554,0_554_8,659,rank_501_1000,0.0,53.41975340478612,intensity_distance_weighted_mps,7.35294118,0.0007352941176470588,15.454545454545473,83.63636363636364,5,112.81405008125577,15.5,-62.19999999999999,SW
storm,STORM,storm|4333|4_4333_2,4333,4_4333_2,661,rank_501_1000,0.0,53.400137003071215,intensity_distance_weighted_mps,7.35294118,0.0007352941176470588,15.280898876404512,54.20454545454546,3,18.410194885213727,16.3,-61.30000000000001,NE
storm,STORM,storm|256|0_256_1,256,0_256_1,667,rank_501_1000,0.0,53.32338371706593,intensity_distance_weighted_mps,7.35294118,0.0007352941176470588,15.11111111111113,75.56818181818183,5,96.88279134269428,16.0,-62.30000000000001,SW
storm,STORM,storm|8601|8_8601_3,8601,8_8601_3,673,rank_501_1000,0.0,53.23668797065062,intensity_distance_weighted_mps,7.35294118,0.0007352941176470588,14.945054945054965,60.0,4,53.46449349747605,15.9,-61.0,SE
storm,STORM,storm|1038|1_1038_7,1038,1_1038_7,674,rank_501_1000,0.0,53.177633034085275,intensity_distance_weighted_mps,7.35294118,0.0007352941176470588,14.782608695652193,57.613636363636374,3,43.32341565106727,15.9,-61.69999999999999,SW
storm,STORM,storm|3720|3_3720_2,3720,3_3720_2,675,rank_501_1000,0.0,53.14594662088219,intensity_distance_weighted_mps,7.35294118,0.0007352941176470588,14.623655913978514,56.59090909090909,3,38.189892251175955,16.5,-61.30000000000001,NE
storm,STORM,storm|9947|9_9947_5,9947,9_9947_5,677,rank_501_1000,0.0,53.13630892715178,intensity_distance_weighted_mps,7.35294118,0.0007352941176470588,14.468085106382999,60.3409090909091,4,55.23323865764092,16.1,-60.89999999999998,SE
storm,STORM,storm|7565|7_7565_1,7565,7_7565_1,680,rank_501_1000,0.0,53.1193476770129,intensity_distance_weighted_mps,7.35294118,0.0007352941176470588,14.31578947368423,62.727272727272734,4,63.79397968727137,15.6,-61.39999999999998,SE
storm,STORM,storm|9305|9_9305_6,9305,9_9305_6,682,rank_501_1000,0.0,53.11164712435227,intensity_distance_weighted_mps,7.35294118,0.0007352941176470588,14.166666666666686,61.02272727272728,4,57.8914285069782,16.6,-61.10000000000002,NE
storm,STORM,storm|8237|8_8237_1,8237,8_8237_1,689,rank_501_1000,0.0,53.05406198062019,intensity_distance_weighted_mps,7.35294118,0.0007352941176470588,14.02061855670105,58.06818181818183,4,46.11362818724813,16.3,-61.0,NE
storm,STORM,storm|5467|5_5467_9,5467,5_5467_9,698,rank_501_1000,0.0,52.950827045468046,intensity_distance_weighted_mps,7.35294118,0.0007352941176470588,13.877551020408184,53.18181818181818,3,9.90723678480257,16.2,-61.5,NW
storm,STORM,storm|5853|5_5853_1,5853,5_5853_1,725,rank_501_1000,0.0,52.65509708194097,intensity_distance_weighted_mps,7.35294118,0.0007352941176470588,13.737373737373757,60.3409090909091,4,57.30808930072128,15.7,-61.19999999999999,SE
storm,STORM,storm|5259|5_5259_5,5259,5_5259_5,729,rank_501_1000,0.0,52.55969868999721,intensity_distance_weighted_mps,7.35294118,0.0007352941176470588,13.600000000000021,62.27272727272727,4,64.48254338211376,15.6,-61.5,SW
storm,STORM,storm|6783|6_6783_1,6783,6_6783_1,733,rank_501_1000,0.0,52.431431260933216,intensity_distance_weighted_mps,7.35294118,0.0007352941176470588,13.465346534653486,61.477272727272734,4,62.304567925810225,15.7,-61.10000000000002,SE
storm,STORM,storm|2761|2_2761_4,2761,2_2761_4,739,rank_501_1000,0.0,52.36287980660951,intensity_distance_weighted_mps,7.35294118,0.0007352941176470588,13.333333333333353,52.727272727272734,3,12.513086963196397,16.1,-61.5,SW
storm,STORM,storm|7036|7_7036_0,7036,7_7036_0,740,rank_501_1000,0.0,52.3623113086044,intensity_distance_weighted_mps,7.35294118,0.0007352941176470588,13.203883495145652,62.727272727272734,4,66.7368493607135,15.8,-61.89999999999998,SW
storm,STORM,storm|8017|8_8017_0,8017,8_8017_0,742,rank_501_1000,0.0,52.333527182526765,intensity_distance_weighted_mps,7.35294118,0.0007352941176470588,13.076923076923098,70.11363636363637,5,87.4316083659523,16.6,-62.10000000000002,NW
storm,STORM,storm|6532|6_6532_11,6532,6_6532_11,748,rank_501_1000,0.0,52.256861759342954,intensity_distance_weighted_mps,7.35294118,0.0007352941176470588,12.952380952380972,69.77272727272728,4,86.8431159355508,15.4,-61.30000000000001,SE
storm,STORM,storm|2902|2_2902_7,2902,2_2902_7,751,rank_501_1000,0.0,52.20656997160734,intensity_distance_weighted_mps,7.35294118,0.0007352941176470588,12.830188679245303,56.70454545454546,3,44.02883768998613,16.2,-61.0,NE
storm,STORM,storm|8003|8_8003_6,8003,8_8003_6,766,rank_501_1000,0.0,51.955032317065154,intensity_distance_weighted_mps,7.35294118,0.0007352941176470588,12.710280373831797,55.0,3,36.31355717378208,16.5,-61.39999999999998,NE
storm,STORM,storm|3506|3_3506_2,3506,3_3506_2,778,rank_501_1000,0.0,51.81642614318116,intensity_distance_weighted_mps,7.35294118,0.0007352941176470588,12.592592592592613,66.93181818181819,4,81.01533628226211,15.5,-61.69999999999999,SW
storm,STORM,storm|5136|5_5136_6,5136,5_5136_6,779,rank_501_1000,0.0,51.80822953914479,intensity_distance_weighted_mps,7.35294118,0.0007352941176470588,12.477064220183507,78.75,5,108.16953164319088,16.6,-60.5,NE
storm,STORM,storm|5860|5_5860_5,5860,5_5860_5,790,rank_501_1000,0.0,51.64129210339542,intensity_distance_weighted_mps,7.35294118,0.0007352941176470588,12.363636363636385,52.50000000000001,3,19.342626122509245,16.0,-61.39999999999998,SE
storm,STORM,storm|3847|3_3847_7,3847,3_3847_7,796,rank_501_1000,0.0,51.51161782484135,intensity_distance_weighted_mps,7.35294118,0.0007352941176470588,12.252252252252273,55.45454545454545,3,41.49999716276632,16.5,-61.60000000000002,NW
storm,STORM,storm|6921|6_6921_3,6921,6_6921_3,804,rank_501_1000,0.0,51.40244487933713,intensity_distance_weighted_mps,7.35294118,0.0007352941176470588,12.142857142857164,81.36363636363636,5,114.51935970237764,17.2,-61.5,NW
storm,STORM,storm|2983|2_2983_8,2983,2_2983_8,807,rank_501_1000,0.0,51.36432501457139,intensity_distance_weighted_mps,7.35294118,0.0007352941176470588,12.035398230088516,61.81818181818182,4,67.67039940707922,15.6,-61.19999999999999,SE
storm,STORM,storm|4931|4_4931_4,4931,4_4931_4,810,rank_501_1000,0.0,51.33896275113856,intensity_distance_weighted_mps,7.35294118,0.0007352941176470588,11.92982456140353,57.38636363636364,3,51.48160684479339,15.9,-61.80000000000001,SW
storm,STORM,storm|6545|6_6545_5,6545,6_6545_5,811,rank_501_1000,0.0,51.33896275113856,intensity_distance_weighted_mps,7.35294118,0.0007352941176470588,11.82608695652176,57.38636363636364,3,51.48160684479339,15.9,-61.80000000000001,SW
storm,STORM,storm|4720|4_4720_9,4720,4_4720_9,819,rank_501_1000,0.0,51.207803492436334,intensity_distance_weighted_mps,7.35294118,0.0007352941176470588,11.724137931034504,51.363636363636374,3,8.274708844222385,16.1,-61.39999999999998,SE
storm,STORM,storm|477|0_477_4,477,0_477_4,822,rank_501_1000,0.0,51.140542360152914,intensity_distance_weighted_mps,7.35294118,0.0007352941176470588,11.623931623931645,51.363636363636374,3,9.90723678480257,16.2,-61.5,NW
storm,STORM,storm|7542|7_7542_3,7542,7_7542_3,833,rank_501_1000,0.0,51.03964385339446,intensity_distance_weighted_mps,7.35294118,0.0007352941176470588,11.52542372881358,64.6590909090909,4,77.48491826989105,15.6,-61.0,SE
storm,STORM,storm|2126|2_2126_8,2126,2_2126_8,836,rank_501_1000,0.0,50.9888925431752,intensity_distance_weighted_mps,7.35294118,0.0007352941176470588,11.428571428571448,59.43181818181819,4,61.03795173642381,15.7,-61.69999999999999,SW
storm,STORM,storm|7455|7_7455_6,7455,7_7455_6,843,rank_501_1000,0.0,50.76274968286527,intensity_distance_weighted_mps,7.35294118,0.0007352941176470588,11.333333333333353,51.93181818181819,3,22.763480668387448,16.2,-61.19999999999999,NE
storm,STORM,storm|4914|4_4914_4,4914,4_4914_4,844,rank_501_1000,0.0,50.76207368398438,intensity_distance_weighted_mps,7.35294118,0.0007352941176470588,11.239669421487624,54.659090909090914,3,41.56116800704096,15.8,-61.39999999999998,SE
storm,STORM,storm|9263|9_9263_12,9263,9_9263_12,846,rank_501_1000,0.0,50.74529439780998,intensity_distance_weighted_mps,7.35294118,0.0007352941176470588,11.147540983606579,72.27272727272728,5,97.69885922102058,17.0,-61.10000000000002,NE
storm,STORM,storm|8926|8_8926_5,8926,8_8926_5,860,rank_501_1000,0.0,50.521118714550305,intensity_distance_weighted_mps,7.35294118,0.0007352941176470588,11.056910569105712,59.659090909090914,4,63.79397968727137,15.6,-61.39999999999998,SE
storm,STORM,storm|6692|6_6692_3,6692,6_6692_3,871,rank_501_1000,0.0,50.326736713398965,intensity_distance_weighted_mps,7.35294118,0.0007352941176470588,10.967741935483891,59.31818181818183,4,63.40253496629383,16.1,-62.0,SW
storm,STORM,storm|3496|3_3496_6,3496,3_3496_6,886,rank_501_1000,0.0,50.09116699275579,intensity_distance_weighted_mps,7.35294118,0.0007352941176470588,10.88000000000002,65.22727272727273,4,82.45514516753867,15.6,-61.89999999999998,SW
storm,STORM,storm|7016|7_7016_2,7016,7_7016_2,888,rank_501_1000,0.0,50.064054686765424,intensity_distance_weighted_mps,7.35294118,0.0007352941176470588,10.793650793650814,59.43181818181819,4,64.8852836935117,15.6,-61.30000000000001,SE
storm,STORM,storm|7645|7_7645_3,7645,7_7645_3,890,rank_501_1000,0.0,50.0292992560778,intensity_distance_weighted_mps,7.35294118,0.0007352941176470588,10.708661417322855,63.409090909090914,4,77.57177417474774,15.5,-61.60000000000002,SW
storm,STORM,storm|1077|1_1077_9,1077,1_1077_9,915,rank_501_1000,0.0,49.71984211146246,intensity_distance_weighted_mps,7.35294118,0.0007352941176470588,10.625000000000021,54.43181818181819,3,46.17723522024824,15.8,-61.60000000000002,SW
storm,STORM,storm|2085|2_2085_2,2085,2_2085_2,919,rank_501_1000,0.0,49.67082826847258,intensity_distance_weighted_mps,7.35294118,0.0007352941176470588,10.54263565891475,69.43181818181819,4,94.61171313043853,17.0,-61.19999999999999,NE
storm,STORM,storm|9979|9_9979_6,9979,9_9979_6,930,rank_501_1000,0.0,49.55654326050215,intensity_distance_weighted_mps,7.35294118,0.0007352941176470588,10.461538461538481,49.77272727272727,3,9.90723678480257,16.2,-61.5,NW
storm,STORM,storm|1048|1_1048_8,1048,1_1048_8,931,rank_501_1000,0.0,49.55247694162715,intensity_distance_weighted_mps,7.35294118,0.0007352941176470588,10.381679389312998,56.59090909090909,3,56.53228492828279,16.6,-61.69999999999999,NW
storm,STORM,storm|7102|7_7102_4,7102,7_7102_4,948,rank_501_1000,0.0,49.24278630325314,intensity_distance_weighted_mps,7.35294118,0.0007352941176470588,10.303030303030324,56.02272727272727,3,55.65868046882474,16.0,-61.89999999999998,SW
storm,STORM,storm|2170|2_2170_1,2170,2_2170_1,956,rank_501_1000,0.0,49.09825185216383,intensity_distance_weighted_mps,7.35294118,0.0007352941176470588,10.225563909774456,59.09090909090909,4,67.67039940707922,15.6,-61.19999999999999,SE
storm,STORM,storm|2658|2_2658_2,2658,2_2658_2,957,rank_501_1000,0.0,49.09019981869642,intensity_distance_weighted_mps,7.35294118,0.0007352941176470588,10.149253731343304,49.43181818181819,3,12.513086963196397,16.1,-61.5,SW
storm,STORM,storm|4489|4_4489_8,4489,4_4489_8,979,rank_501_1000,0.0,48.83942473429737,intensity_distance_weighted_mps,7.35294118,0.0007352941176470588,10.074074074074094,60.45454545454546,4,73.15059333341671,16.7,-61.0,NE
storm,STORM,storm|5923|5_5923_5,5923,5_5923_5,989,rank_501_1000,0.0,48.71539069196898,intensity_distance_weighted_mps,7.35294118,0.0007352941176470588,10.00000000000002,56.13636363636364,3,58.544835253388314,16.7,-61.39999999999998,NE
storm,STORM,storm|7039|7_7039_8,7039,7_7039_8,1010,rank_1001_2000,0.0,48.496346867394074,intensity_distance_weighted_mps,9.00900901,0.0009009009009009009,9.910714285714306,66.47727272727273,4,91.33616478183365,15.5,-61.89999999999998,SW
storm,STORM,storm|6030|6_6030_0,6030,6_6030_0,1012,rank_1001_2000,0.0,48.47308166430588,intensity_distance_weighted_mps,9.00900901,0.0009009009009009009,9.82300884955754,58.06818181818183,4,66.7368493607135,15.8,-61.89999999999998,SW
storm,STORM,storm|3769|3_3769_0,3769,3_3769_0,1019,rank_1001_2000,0.0,48.38040758453894,intensity_distance_weighted_mps,9.00900901,0.0009009009009009009,9.736842105263175,59.88636363636365,4,73.15059333341671,16.7,-61.0,NE
storm,STORM,storm|8290|8_8290_11,8290,8_8290_11,1025,rank_1001_2000,0.0,48.30320207452798,intensity_distance_weighted_mps,9.00900901,0.0009009009009009009,9.652173913043496,67.8409090909091,4,95.39818116022317,16.8,-60.80000000000001,NE
storm,STORM,storm|1286|1_1286_4,1286,1_1286_4,1026,rank_1001_2000,0.0,48.30229312666665,intensity_distance_weighted_mps,9.00900901,0.0009009009009009009,9.568965517241395,48.75,2,14.441232677570758,16.1,-61.30000000000001,SE
storm,STORM,storm|4621|4_4621_7,4621,4_4621_7,1039,rank_1001_2000,0.0,48.188503885454764,intensity_distance_weighted_mps,9.00900901,0.0009009009009009009,9.487179487179503,57.72727272727273,3,66.7368493607135,15.8,-61.89999999999998,SW
storm,STORM,storm|1463|1_1463_9,1463,1_1463_9,1055,rank_1001_2000,0.0,47.981358486148544,intensity_distance_weighted_mps,9.00900901,0.0009009009009009009,9.406779661016964,51.13636363636364,3,38.46405131396937,16.0,-61.10000000000002,SE
storm,STORM,storm|1354|1_1354_6,1354,1_1354_6,1058,rank_1001_2000,0.0,47.966606369487955,intensity_distance_weighted_mps,9.00900901,0.0009009009009009009,9.32773109243699,55.90909090909092,3,61.03795173642381,15.7,-61.69999999999999,SW
storm,STORM,storm|2046|2_2046_7,2046,2_2046_7,1070,rank_1001_2000,0.0,47.853599719717245,intensity_distance_weighted_mps,9.00900901,0.0009009009009009009,9.250000000000014,49.20454545454545,2,25.20303862703192,16.4,-61.39999999999998,NE
storm,STORM,storm|1703|1_1703_5,1703,1_1703_5,1074,rank_1001_2000,0.0,47.821149497630024,intensity_distance_weighted_mps,9.00900901,0.0009009009009009009,9.173553719008277,68.06818181818183,4,97.60272465644468,15.3,-61.5,SW
storm,STORM,storm|2788|2_2788_5,2788,2_2788_5,1076,rank_1001_2000,0.0,47.81242981367646,intensity_distance_weighted_mps,9.00900901,0.0009009009009009009,9.098360655737718,51.93181818181819,3,44.02883768998613,16.2,-61.0,NE
storm,STORM,storm|5951|5_5951_6,5951,5_5951_6,1099,rank_1001_2000,0.0,47.52448906813551,intensity_distance_weighted_mps,9.00900901,0.0009009009009009009,9.02439024390245,56.93181818181819,3,66.7368493607135,15.8,-61.89999999999998,SW
storm,STORM,storm|7177|7_7177_3,7177,7_7177_3,1102,rank_1001_2000,0.0,47.43670077807914,intensity_distance_weighted_mps,9.00900901,0.0009009009009009009,8.951612903225818,64.31818181818183,4,89.48274405764059,16.6,-60.69999999999999,NE
storm,STORM,storm|7757|7_7757_1,7757,7_7757_1,1109,rank_1001_2000,0.0,47.36508360350603,intensity_distance_weighted_mps,9.00900901,0.0009009009009009009,8.880000000000011,70.3409090909091,5,104.47146068282125,16.7,-60.60000000000002,NE
storm,STORM,storm|2437|2_2437_0,2437,2_2437_0,1110,rank_1001_2000,0.0,47.33884624749152,intensity_distance_weighted_mps,9.00900901,0.0009009009009009009,8.809523809523819,48.977272727272734,2,27.90589165226733,16.0,-61.60000000000002,SW
storm,STORM,storm|1933|1_1933_6,1933,1_1933_6,1154,rank_1001_2000,0.0,46.61455720164699,intensity_distance_weighted_mps,9.00900901,0.0009009009009009009,8.74015748031497,52.27272727272728,3,52.25988817155962,16.2,-61.89999999999998,NW
storm,STORM,storm|8463|8_8463_10,8463,8_8463_10,1156,rank_1001_2000,0.0,46.609877853965045,intensity_distance_weighted_mps,9.00900901,0.0009009009009009009,8.671875000000009,69.77272727272728,4,105.74218216985915,15.6,-62.19999999999999,SW
storm,STORM,storm|1014|1_1014_2,1014,1_1014_2,1159,rank_1001_2000,0.0,46.516519864659145,intensity_distance_weighted_mps,9.00900901,0.0009009009009009009,8.604651162790706,66.25,4,97.69885922102058,17.0,-61.10000000000002,NE
storm,STORM,storm|2972|2_2972_9,2972,2_2972_9,1171,rank_1001_2000,0.0,46.31754749635632,intensity_distance_weighted_mps,9.00900901,0.0009009009009009009,8.538461538461547,51.59090909090909,3,50.61302064107246,16.4,-61.0,NE
storm,STORM,storm|3287|3_3287_0,3287,3_3287_0,1189,rank_1001_2000,0.0,46.06117515083811,intensity_distance_weighted_mps,9.00900901,0.0009009009009009009,8.473282442748099,48.409090909090914,2,33.86608604338634,16.3,-61.69999999999999,NW
storm,STORM,storm|6953|6_6953_7,6953,6_6953_7,1193,rank_1001_2000,0.0,45.99517954441365,intensity_distance_weighted_mps,9.00900901,0.0009009009009009009,8.409090909090917,47.95454545454546,2,30.959424117241788,16.2,-61.69999999999999,NW
storm,STORM,storm|9993|9_9993_1,9993,9_9993_1,1194,rank_1001_2000,0.0,45.994678348329586,intensity_distance_weighted_mps,9.00900901,0.0009009009009009009,8.345864661654142,58.29545454545455,4,77.57177417474774,15.5,-61.60000000000002,SW
storm,STORM,storm|6346|6_6346_2,6346,6_6346_2,1198,rank_1001_2000,0.0,45.94369665012357,intensity_distance_weighted_mps,9.00900901,0.0009009009009009009,8.283582089552246,53.977272727272734,3,62.72385563020781,16.7,-61.19999999999999,NE
storm,STORM,storm|5122|5_5122_0,5122,5_5122_0,1207,rank_1001_2000,0.0,45.7995803263886,intensity_distance_weighted_mps,9.00900901,0.0009009009009009009,8.222222222222229,51.25000000000001,3,51.745844798255305,15.8,-61.69999999999999,SW
storm,STORM,storm|6184|6_6184_1,6184,6_6184_1,1211,rank_1001_2000,0.0,45.74625058481189,intensity_distance_weighted_mps,9.00900901,0.0009009009009009009,8.161764705882359,59.09090909090909,4,81.01533628226211,15.5,-61.69999999999999,SW
storm,STORM,storm|5094|5_5094_5,5094,5_5094_5,1214,rank_1001_2000,0.0,45.71707461101456,intensity_distance_weighted_mps,9.00900901,0.0009009009009009009,8.102189781021902,46.47727272727273,2,19.342626122509245,16.0,-61.39999999999998,SE
storm,STORM,storm|8028|8_8028_11,8028,8_8028_11,1216,rank_1001_2000,0.0,45.70002181159643,intensity_distance_weighted_mps,9.00900901,0.0009009009009009009,8.04347826086957,52.159090909090914,3,56.39206792215229,15.7,-61.60000000000002,SW
storm,STORM,storm|7847|7_7847_10,7847,7_7847_10,1223,rank_1001_2000,0.0,45.57903381805856,intensity_distance_weighted_mps,9.00900901,0.0009009009009009009,7.985611510791372,58.75000000000001,4,80.63387275601202,16.6,-60.80000000000001,NE
storm,STORM,storm|6418|6_6418_6,6418,6_6418_6,1224,rank_1001_2000,0.0,45.568381044155394,intensity_distance_weighted_mps,9.00900901,0.0009009009009009009,7.928571428571434,67.04545454545455,4,102.9786066130403,16.8,-60.69999999999999,NE
storm,STORM,storm|9449|9_9449_10,9449,9_9449_10,1271,rank_1001_2000,0.0,45.030912997057435,intensity_distance_weighted_mps,9.00900901,0.0009009009009009009,7.872340425531921,57.84090909090909,3,80.00375690457842,16.7,-60.89999999999998,NE
storm,STORM,storm|2227|2_2227_11,2227,2_2227_11,1286,rank_1001_2000,0.0,44.89136456763028,intensity_distance_weighted_mps,9.00900901,0.0009009009009009009,7.816901408450711,51.59090909090909,3,57.94720516044435,16.0,-60.89999999999998,SE
storm,STORM,storm|223|0_223_7,223,0_223_7,1310,rank_1001_2000,0.0,44.59929772565968,intensity_distance_weighted_mps,9.00900901,0.0009009009009009009,7.76223776223777,45.34090909090909,2,19.342626122509245,16.0,-61.39999999999998,SE
storm,STORM,storm|1637|1_1637_6,1637,1_1637_6,1311,rank_1001_2000,0.0,44.592036859316856,intensity_distance_weighted_mps,9.00900901,0.0009009009009009009,7.708333333333341,56.477272727272734,3,77.4402072062493,15.8,-60.80000000000001,SE
storm,STORM,storm|8316|8_8316_4,8316,8_8316_4,1314,rank_1001_2000,0.0,44.551417092730276,intensity_distance_weighted_mps,9.00900901,0.0009009009009009009,7.655172413793112,56.36363636363637,3,77.23715135376092,16.3,-60.69999999999999,NE
storm,STORM,storm|9948|9_9948_5,9948,9_9948_5,1316,rank_1001_2000,0.0,44.483138585229845,intensity_distance_weighted_mps,9.00900901,0.0009009009009009009,7.602739726027406,46.02272727272727,2,27.90589165226733,16.0,-61.60000000000002,SW
storm,STORM,storm|4860|4_4860_5,4860,4_4860_5,1318,rank_1001_2000,0.0,44.456513910429955,intensity_distance_weighted_mps,9.00900901,0.0009009009009009009,7.551020408163274,50.11363636363637,3,53.50832382813522,15.7,-61.5,SW
storm,STORM,storm|6550|6_6550_7,6550,6_6550_7,1323,rank_1001_2000,0.0,44.400824454615176,intensity_distance_weighted_mps,9.00900901,0.0009009009009009009,7.50000000000001,53.977272727272734,3,69.6623266658628,16.8,-61.39999999999998,NE
storm,STORM,storm|7641|7_7641_3,7641,7_7641_3,1339,rank_1001_2000,0.0,44.10433159830829,intensity_distance_weighted_mps,9.00900901,0.0009009009009009009,7.449664429530211,49.659090909090914,3,53.23328406682556,15.8,-61.10000000000002,SE
storm,STORM,storm|665|0_665_9,665,0_665_9,1345,rank_1001_2000,0.0,44.04439096064459,intensity_distance_weighted_mps,9.00900901,0.0009009009009009009,7.40000000000001,56.81818181818182,3,80.7803731887594,16.9,-61.39999999999998,NE
storm,STORM,storm|1469|1_1469_15,1469,1_1469_15,1351,rank_1001_2000,0.0,43.917686947508635,intensity_distance_weighted_mps,9.00900901,0.0009009009009009009,7.350993377483454,49.0909090909091,2,51.48160684479339,15.9,-61.80000000000001,SW
storm,STORM,storm|9228|9_9228_4,9228,9_9228_4,1373,rank_1001_2000,0.0,43.637864767000316,intensity_distance_weighted_mps,9.00900901,0.0009009009009009009,7.30263157894738,47.159090909090914,2,42.609503309266124,15.8,-61.5,SW
storm,STORM,storm|8500|8_8500_11,8500,8_8500_11,1375,rank_1001_2000,0.0,43.6040025481544,intensity_distance_weighted_mps,9.00900901,0.0009009009009009009,7.254901960784325,50.68181818181819,3,60.433493967926765,15.9,-61.89999999999998,SW
storm,STORM,storm|7443|7_7443_10,7443,7_7443_10,1376,rank_1001_2000,0.0,43.599894430155935,intensity_distance_weighted_mps,9.00900901,0.0009009009009009009,7.207792207792219,49.88636363636364,3,56.9576334636541,16.5,-61.0,NE
storm,STORM,storm|8846|8_8846_4,8846,8_8846_4,1391,rank_1001_2000,0.0,43.398998030606364,intensity_distance_weighted_mps,9.00900901,0.0009009009009009009,7.1612903225806575,59.20454545454546,4,90.52242478565542,15.7,-62.10000000000002,SW
storm,STORM,storm|3811|3_3811_6,3811,3_3811_6,1395,rank_1001_2000,0.0,43.37096449675435,intensity_distance_weighted_mps,9.00900901,0.0009009009009009009,7.115384615384627,56.02272727272727,3,81.01533628226211,15.5,-61.69999999999999,SW
storm,STORM,storm|6867|6_6867_6,6867,6_6867_6,1402,rank_1001_2000,0.0,43.30818503310784,intensity_distance_weighted_mps,9.00900901,0.0009009009009009009,7.070063694267528,68.52272727272728,4,114.45422033794496,15.6,-62.30000000000001,SW
storm,STORM,storm|7894|7_7894_5,7894,7_7894_5,1408,rank_1001_2000,0.0,43.25880180189183,intensity_distance_weighted_mps,9.00900901,0.0009009009009009009,7.025316455696215,48.86363636363637,2,53.99274592255906,15.7,-61.30000000000001,SE
storm,STORM,storm|3253|3_3253_0,3253,3_3253_0,1417,rank_1001_2000,0.0,43.16245964226418,intensity_distance_weighted_mps,9.00900901,0.0009009009009009009,6.981132075471711,43.18181818181819,2,3.1766872614766473,16.2,-61.39999999999998,NE
storm,STORM,storm|5644|5_5644_1,5644,5_5644_1,1426,rank_1001_2000,0.0,43.061385590977494,intensity_distance_weighted_mps,9.00900901,0.0009009009009009009,6.937500000000013,65.45454545454547,4,108.16953164319088,16.6,-60.5,NE
storm,STORM,storm|476|0_476_4,476,0_476_4,1429,rank_1001_2000,0.0,43.03900671310502,intensity_distance_weighted_mps,9.00900901,0.0009009009009009009,6.894409937888213,56.70454545454546,3,84.52273041422534,15.8,-62.10000000000002,SW
storm,STORM,storm|8327|8_8327_5,8327,8_8327_5,1454,rank_1001_2000,0.0,42.67951692462865,intensity_distance_weighted_mps,9.00900901,0.0009009009009009009,6.851851851851865,59.659090909090914,4,94.61171313043853,17.0,-61.19999999999999,NE
storm,STORM,storm|1628|1_1628_6,1628,1_1628_6,1455,rank_1001_2000,0.0,42.66734329419638,intensity_distance_weighted_mps,9.00900901,0.0009009009009009009,6.809815950920259,49.43181818181819,3,59.7255973981814,16.7,-61.30000000000001,NE
storm,STORM,storm|1014|1_1014_5,1014,1_1014_5,1460,rank_1001_2000,0.0,42.626268008909484,intensity_distance_weighted_mps,9.00900901,0.0009009009009009009,6.768292682926844,57.84090909090909,3,89.61556748781072,15.6,-62.0,SW
storm,STORM,storm|1673|1_1673_2,1673,1_1673_2,1463,rank_1001_2000,0.0,42.58131057804446,intensity_distance_weighted_mps,9.00900901,0.0009009009009009009,6.727272727272742,46.25000000000001,2,44.02883768998613,16.2,-61.0,NE
storm,STORM,storm|7589|7_7589_5,7589,7_7589_5,1464,rank_1001_2000,0.0,42.57702999570985,intensity_distance_weighted_mps,9.00900901,0.0009009009009009009,6.686746987951822,84.20454545454545,5,148.3179870591602,14.9,-61.0,SE
storm,STORM,storm|768|0_768_8,768,0_768_8,1506,rank_1001_2000,0.0,42.14988442073353,intensity_distance_weighted_mps,9.00900901,0.0009009009009009009,6.646706586826363,54.88636363636364,3,82.45514516753867,15.6,-61.89999999999998,SW
storm,STORM,storm|7868|7_7868_13,7868,7_7868_13,1511,rank_1001_2000,0.0,42.108242561681685,intensity_distance_weighted_mps,9.00900901,0.0009009009009009009,6.607142857142873,48.52272727272728,2,58.544835253388314,16.7,-61.39999999999998,NE
storm,STORM,storm|9001|9_9001_1,9001,9_9001_1,1512,rank_1001_2000,0.0,42.10576362521772,intensity_distance_weighted_mps,9.00900901,0.0009009009009009009,6.568047337278122,43.06818181818182,2,22.677877083396297,16.0,-61.30000000000001,SE
storm,STORM,storm|3495|3_3495_13,3495,3_3495_13,1536,rank_1001_2000,0.0,41.82654940983109,intensity_distance_weighted_mps,9.00900901,0.0009009009009009009,6.529411764705898,50.11363636363637,3,66.76766495404644,16.3,-60.80000000000001,NE
storm,STORM,storm|513|0_513_14,513,0_513_14,1540,rank_1001_2000,0.0,41.785324924432636,intensity_distance_weighted_mps,9.00900901,0.0009009009009009009,6.491228070175454,44.20454545454546,2,36.092510952515966,16.3,-61.10000000000002,NE
storm,STORM,storm|2711|2_2711_4,2711,2_2711_4,1555,rank_1001_2000,0.0,41.62518875817996,intensity_distance_weighted_mps,9.00900901,0.0009009009009009009,6.453488372093039,42.5,1,21.745546605949606,16.1,-61.60000000000002,SW
storm,STORM,storm|6916|6_6916_5,6916,6_6916_5,1558,rank_1001_2000,0.0,41.56420808441265,intensity_distance_weighted_mps,9.00900901,0.0009009009009009009,6.416184971098282,41.93181818181819,1,14.106693156686516,16.3,-61.39999999999998,NE
storm,STORM,storm|822|0_822_0,822,0_822_0,1564,rank_1001_2000,0.0,41.53758139964461,intensity_distance_weighted_mps,9.00900901,0.0009009009009009009,6.379310344827603,56.36363636363637,3,89.61556748781072,15.6,-62.0,SW
storm,STORM,storm|7730|7_7730_13,7730,7_7730_13,1573,rank_1001_2000,0.0,41.411950527182576,intensity_distance_weighted_mps,9.00900901,0.0009009009009009009,6.342857142857159,44.77272727272727,2,42.731510770523286,16.5,-61.19999999999999,NE
storm,STORM,storm|9925|9_9925_7,9925,9_9925_7,1575,rank_1001_2000,0.0,41.39227696703294,intensity_distance_weighted_mps,9.00900901,0.0009009009009009009,6.3068181818181985,56.93181818181819,3,91.90744578117216,16.9,-61.0,NE
storm,STORM,storm|6279|6_6279_1,6279,6_6279_1,1585,rank_1001_2000,0.0,41.31622707449424,intensity_distance_weighted_mps,9.00900901,0.0009009009009009009,6.271186440677983,50.909090909090914,3,72.2778243346889,16.6,-60.89999999999998,NE
storm,STORM,storm|2032|2_2032_12,2032,2_2032_12,1593,rank_1001_2000,0.0,41.21993654151331,intensity_distance_weighted_mps,9.00900901,0.0009009009009009009,6.235955056179793,45.34090909090909,2,47.428289317141335,16.6,-61.39999999999998,NE
storm,STORM,storm|828|0_828_0,828,0_828_0,1597,rank_1001_2000,0.0,41.14630126854256,intensity_distance_weighted_mps,9.00900901,0.0009009009009009009,6.201117318435772,46.25000000000001,2,52.82851140911172,16.1,-61.89999999999998,SW
storm,STORM,storm|7687|7_7687_10,7687,7_7687_10,1605,rank_1001_2000,0.0,41.067046760585036,intensity_distance_weighted_mps,9.00900901,0.0009009009009009009,6.166666666666684,41.59090909090909,1,16.9415486769099,16.3,-61.5,NW
storm,STORM,storm|3892|3_3892_1,3892,3_3892_1,1617,rank_1001_2000,0.0,40.946223222317435,intensity_distance_weighted_mps,9.00900901,0.0009009009009009009,6.13259668508289,73.75000000000001,5,134.25988108269576,16.5,-60.19999999999999,NE
storm,STORM,storm|5027|5_5027_0,5027,5_5027_0,1621,rank_1001_2000,0.0,40.906654442983076,intensity_distance_weighted_mps,9.00900901,0.0009009009009009009,6.098901098901117,44.77272727272727,2,46.11362818724813,16.3,-61.0,NE
storm,STORM,storm|1687|1_1687_1,1687,1_1687_1,1635,rank_1001_2000,0.0,40.78667121155194,intensity_distance_weighted_mps,9.00900901,0.0009009009009009009,6.065573770491821,55.90909090909092,3,91.33616478183365,15.5,-61.89999999999998,SW
storm,STORM,storm|9558|9_9558_1,9558,9_9558_1,1638,rank_1001_2000,0.0,40.768764714305796,intensity_distance_weighted_mps,9.00900901,0.0009009009009009009,6.0326086956521925,47.38636363636365,2,60.433493967926765,15.9,-61.89999999999998,SW
storm,STORM,storm|2854|2_2854_9,2854,2_2854_9,1650,rank_1001_2000,0.0,40.65267414297608,intensity_distance_weighted_mps,9.00900901,0.0009009009009009009,6.000000000000019,63.295454545454554,4,111.94677246024645,17.1,-61.0,NE
storm,STORM,storm|2227|2_2227_6,2227,2_2227_6,1652,rank_1001_2000,0.0,40.636067243796795,intensity_distance_weighted_mps,9.00900901,0.0009009009009009009,5.96774193548389,61.25000000000001,4,106.83556507077509,17.0,-60.89999999999998,NE
storm,STORM,storm|7972|7_7972_0,7972,7_7972_0,1655,rank_1001_2000,0.0,40.55839303161992,intensity_distance_weighted_mps,9.00900901,0.0009009009009009009,5.935828877005366,40.68181818181818,1,8.274708844222385,16.1,-61.39999999999998,SE
storm,STORM,storm|2063|2_2063_10,2063,2_2063_10,1659,rank_1001_2000,0.0,40.49364378278282,intensity_distance_weighted_mps,9.00900901,0.0009009009009009009,5.904255319148955,45.45454545454546,2,52.50227707186987,16.6,-61.19999999999999,NE
storm,STORM,storm|7916|7_7916_7,7916,7_7916_7,1667,rank_1001_2000,0.0,40.41840649861528,intensity_distance_weighted_mps,9.00900901,0.0009009009009009009,5.873015873015892,72.72727272727273,5,134.11042056560274,15.0,-61.69999999999999,SW
storm,STORM,storm|2074|2_2074_0,2074,2_2074_0,1669,rank_1001_2000,0.0,40.390075182641176,intensity_distance_weighted_mps,9.00900901,0.0009009009009009009,5.842105263157913,61.5909090909091,4,108.67518798900369,15.2,-61.5,SW
storm,STORM,storm|5808|5_5808_10,5808,5_5808_10,1678,rank_1001_2000,0.0,40.30941200192433,intensity_distance_weighted_mps,9.00900901,0.0009009009009009009,5.8115183246073485,41.70454545454546,1,27.90589165226733,16.0,-61.60000000000002,SW
storm,STORM,storm|783|0_783_3,783,0_783_3,1703,rank_1001_2000,0.0,40.113914295221306,intensity_distance_weighted_mps,9.00900901,0.0009009009009009009,5.7812500000000195,54.43181818181819,3,89.61556748781072,15.6,-62.0,SW
storm,STORM,storm|1792|1_1792_3,1792,1_1792_3,1707,rank_1001_2000,0.0,40.09415975542062,intensity_distance_weighted_mps,9.00900901,0.0009009009009009009,5.751295336787584,85.3409090909091,5,159.34718386781367,16.9,-62.69999999999999,NW
storm,STORM,storm|6157|6_6157_1,6157,6_6157_1,1734,rank_1001_2000,0.0,39.67953683745118,intensity_distance_weighted_mps,9.00900901,0.0009009009009009009,5.721649484536102,71.81818181818183,5,134.99626196441878,15.1,-62.0,SW
storm,STORM,storm|3546|3_3546_3,3546,3_3546_3,1738,rank_1001_2000,0.0,39.62564978041952,intensity_distance_weighted_mps,9.00900901,0.0009009009009009009,5.692307692307712,69.54545454545456,4,130.34141705957057,15.1,-61.89999999999998,SW
storm,STORM,storm|2928|2_2928_13,2928,2_2928_13,1741,rank_1001_2000,0.0,39.5906644441796,intensity_distance_weighted_mps,9.00900901,0.0009009009009009009,5.663265306122469,52.61363636363637,3,86.02999860517504,15.4,-61.39999999999998,SE
storm,STORM,storm|3421|3_3421_0,3421,3_3421_0,1752,rank_1001_2000,0.0,39.506779569765285,intensity_distance_weighted_mps,9.00900901,0.0009009009009009009,5.634517766497481,69.6590909090909,4,131.043579910887,15.0,-61.30000000000001,SE
storm,STORM,storm|9558|9_9558_2,9558,9_9558_2,1754,rank_1001_2000,0.0,39.49786192308907,intensity_distance_weighted_mps,9.00900901,0.0009009009009009009,5.606060606060626,39.77272727272727,1,12.513086963196397,16.1,-61.5,SW
storm,STORM,storm|6562|6_6562_12,6562,6_6562_12,1765,rank_1001_2000,0.0,39.41592473327382,intensity_distance_weighted_mps,9.00900901,0.0009009009009009009,5.577889447236201,58.75000000000001,4,105.05509057978999,15.5,-62.10000000000002,SW
storm,STORM,storm|9602|9_9602_8,9602,9_9602_8,1766,rank_1001_2000,0.0,39.40639040897499,intensity_distance_weighted_mps,9.00900901,0.0009009009009009009,5.55000000000002,40.00000000000001,1,18.410194885213727,16.3,-61.30000000000001,NE
storm,STORM,storm|3245|3_3245_4,3245,3_3245_4,1768,rank_1001_2000,0.0,39.397346995795985,intensity_distance_weighted_mps,9.00900901,0.0009009009009009009,5.5223880597015125,52.84090909090909,3,87.62236057304143,16.7,-60.80000000000001,NE
storm,STORM,storm|2977|2_2977_7,2977,2_2977_7,1775,rank_1001_2000,0.0,39.344713958641805,intensity_distance_weighted_mps,9.00900901,0.0009009009009009009,5.495049504950515,41.93181818181819,1,38.46405131396937,16.0,-61.10000000000002,SE
storm,STORM,storm|4481|4_4481_9,4481,4_4481_9,1776,rank_1001_2000,0.0,39.32982894334351,intensity_distance_weighted_mps,9.00900901,0.0009009009009009009,5.467980295566522,65.45454545454547,4,122.2520142867609,17.2,-61.0,NE
storm,STORM,storm|4313|4_4313_4,4313,4_4313_4,1780,rank_1001_2000,0.0,39.24660787710745,intensity_distance_weighted_mps,9.00900901,0.0009009009009009009,5.441176470588256,59.77272727272728,4,108.47848751911921,16.4,-62.39999999999998,NW
storm,STORM,storm|2976|2_2976_4,2976,2_2976_4,1792,rank_1001_2000,0.0,39.159560982087925,intensity_distance_weighted_mps,9.00900901,0.0009009009009009009,5.414634146341483,39.659090909090914,1,16.9415486769099,16.3,-61.5,NW
storm,STORM,storm|9958|9_9958_14,9958,9_9958_14,1812,rank_1001_2000,0.0,38.95946737035634,intensity_distance_weighted_mps,9.00900901,0.0009009009009009009,5.388349514563127,55.45454545454545,3,97.60272465644468,15.3,-61.5,SW
storm,STORM,storm|4828|4_4828_7,4828,4_4828_7,1822,rank_1001_2000,0.0,38.88939516512069,intensity_distance_weighted_mps,9.00900901,0.0009009009009009009,5.36231884057973,42.04545454545455,1,42.731510770523286,16.5,-61.19999999999999,NE
storm,STORM,storm|4462|4_4462_14,4462,4_4462_14,1840,rank_1001_2000,0.0,38.72566995236241,intensity_distance_weighted_mps,9.00900901,0.0009009009009009009,5.336538461538482,41.70454545454546,1,41.602359791420966,16.2,-61.80000000000001,NW
storm,STORM,storm|4445|4_4445_6,4445,4_4445_6,1849,rank_1001_2000,0.0,38.66436369710113,intensity_distance_weighted_mps,9.00900901,0.0009009009009009009,5.311004784689016,56.477272727272734,3,101.81300372998135,17.0,-61.0,NE
storm,STORM,storm|6083|6_6083_8,6083,6_6083_8,1853,rank_1001_2000,0.0,38.64591365071749,intensity_distance_weighted_mps,9.00900901,0.0009009009009009009,5.285714285714306,46.02272727272727,2,65.53508619388666,16.5,-60.89999999999998,NE
storm,STORM,storm|3614|3_3614_1,3614,3_3614_1,1873,rank_1001_2000,0.0,38.43402060797088,intensity_distance_weighted_mps,9.00900901,0.0009009009009009009,5.260663507109025,69.43181818181819,4,134.70966888502159,16.9,-60.39999999999998,NE
storm,STORM,storm|385|0_385_4,385,0_385_4,1881,rank_1001_2000,0.0,38.38899315516926,intensity_distance_weighted_mps,9.00900901,0.0009009009009009009,5.2358490566037945,58.52272727272728,4,108.63007082436698,15.7,-62.30000000000001,SW
storm,STORM,storm|5445|5_5445_11,5445,5_5445_11,1898,rank_1001_2000,0.0,38.305005700483825,intensity_distance_weighted_mps,9.00900901,0.0009009009009009009,5.211267605633823,42.95454545454545,2,52.25988817155962,16.2,-61.89999999999998,NW
storm,STORM,storm|5354|5_5354_6,5354,5_5354_6,1899,rank_1001_2000,0.0,38.302534470418806,intensity_distance_weighted_mps,9.00900901,0.0009009009009009009,5.186915887850488,45.00000000000001,2,62.72385563020781,16.7,-61.19999999999999,NE
storm,STORM,storm|4202|4_4202_4,4202,4_4202_4,1905,rank_1001_2000,0.0,38.292031136821606,intensity_distance_weighted_mps,9.00900901,0.0009009009009009009,5.162790697674439,58.86363636363637,4,109.9439024445533,15.9,-62.39999999999998,SW
storm,STORM,storm|6732|6_6732_11,6732,6_6732_11,1919,rank_1001_2000,0.0,38.202463094011456,intensity_distance_weighted_mps,9.00900901,0.0009009009009009009,5.13888888888891,66.70454545454547,4,129.56385816242735,17.3,-61.10000000000002,NE
storm,STORM,storm|7449|7_7449_1,7449,7_7449_1,1938,rank_1001_2000,0.0,38.05066087731762,intensity_distance_weighted_mps,9.00900901,0.0009009009009009009,5.11520737327191,64.6590909090909,4,125.43530275156685,17.2,-61.89999999999998,NW
storm,STORM,storm|9844|9_9844_6,9844,9_9844_6,1940,rank_1001_2000,0.0,38.004414102065894,intensity_distance_weighted_mps,9.00900901,0.0009009009009009009,5.091743119266076,38.63636363636364,1,19.342626122509245,16.0,-61.39999999999998,SE
storm,STORM,storm|187|0_187_1,187,0_187_1,1961,rank_1001_2000,0.0,37.87817622615435,intensity_distance_weighted_mps,9.00900901,0.0009009009009009009,5.068493150684953,48.86363636363637,2,80.7803731887594,16.9,-61.39999999999998,NE
storm,STORM,storm|2311|2_2311_0,2311,2_2311_0,1971,rank_1001_2000,0.0,37.79850083019783,intensity_distance_weighted_mps,9.00900901,0.0009009009009009009,5.045454545454566,69.31818181818183,4,136.9761256706651,15.0,-61.80000000000001,SW
storm,STORM,storm|616|0_616_8,616,0_616_8,1982,rank_1001_2000,0.0,37.72714081768344,intensity_distance_weighted_mps,9.00900901,0.0009009009009009009,5.0226244343891615,38.295454545454554,1,18.410194885213727,16.3,-61.30000000000001,NE
storm,STORM,storm|4827|4_4827_0,4827,4_4827_0,1984,rank_1001_2000,0.0,37.7061312477307,intensity_distance_weighted_mps,9.00900901,0.0009009009009009009,5.000000000000021,59.659090909090914,4,114.45422033794496,15.6,-62.30000000000001,SW
storm,STORM,storm|755|0_755_10,755,0_755_10,2007,rank_2001_5000,0.0,37.51151089167406,intensity_distance_weighted_mps,13.4529148,0.0013452914798206279,4.9665924276169475,53.75,3,98.69196355787487,16.6,-60.60000000000002,NE
storm,STORM,storm|1966|1_1966_5,1966,1_1966_5,2011,rank_2001_5000,0.0,37.47714532086114,intensity_distance_weighted_mps,13.4529148,0.0013452914798206279,4.933628318584091,47.5,2,77.57177417474774,15.5,-61.60000000000002,SW
storm,STORM,storm|6001|6_6001_3,6001,6_6001_3,2014,rank_2001_5000,0.0,37.44133184083793,intensity_distance_weighted_mps,13.4529148,0.0013452914798206279,4.901098901098922,58.29545454545455,4,111.94677246024645,17.1,-61.0,NE
storm,STORM,storm|7981|7_7981_0,7981,7_7981_0,2025,rank_2001_5000,0.0,37.34422296968708,intensity_distance_weighted_mps,13.4529148,0.0013452914798206279,4.868995633187793,46.47727272727273,2,74.1801073048323,15.7,-61.89999999999998,SW
storm,STORM,storm|5622|5_5622_7,5622,5_5622_7,2043,rank_2001_5000,0.0,37.106948034423816,intensity_distance_weighted_mps,13.4529148,0.0013452914798206279,4.8373101952277855,44.65909090909091,2,67.67039940707922,15.6,-61.19999999999999,SE
storm,STORM,storm|6182|6_6182_8,6182,6_6182_8,2057,rank_2001_5000,0.0,36.990627726426325,intensity_distance_weighted_mps,13.4529148,0.0013452914798206279,4.8060344827586405,71.13636363636364,5,144.1164802897477,15.2,-62.30000000000001,SW
storm,STORM,storm|6144|6_6144_2,6144,6_6144_2,2073,rank_2001_5000,0.0,36.874222687293745,intensity_distance_weighted_mps,13.4529148,0.0013452914798206279,4.7751605995717545,63.06818181818183,4,126.42425258697371,15.1,-61.80000000000001,SW
storm,STORM,storm|4711|4_4711_3,4711,4_4711_3,2081,rank_2001_5000,0.0,36.81977021026949,intensity_distance_weighted_mps,13.4529148,0.0013452914798206279,4.744680851063849,36.93181818181819,1,8.274708844222385,16.1,-61.39999999999998,SE
storm,STORM,storm|6026|6_6026_8,6026,6_6026_8,2108,rank_2001_5000,0.0,36.64168429980886,intensity_distance_weighted_mps,13.4529148,0.0013452914798206279,4.714587737843571,50.227272727272734,3,91.33616478183365,15.5,-61.89999999999998,SW
storm,STORM,storm|2574|2_2574_11,2574,2_2574_11,2118,rank_2001_5000,0.0,36.60468185975046,intensity_distance_weighted_mps,13.4529148,0.0013452914798206279,4.684873949579851,38.75000000000001,1,36.31355717378208,16.5,-61.39999999999998,NE
storm,STORM,storm|3717|3_3717_5,3717,3_3717_5,2129,rank_2001_5000,0.0,36.52681192051385,intensity_distance_weighted_mps,13.4529148,0.0013452914798206279,4.655532359081438,45.22727272727273,2,73.20765612203915,16.8,-61.19999999999999,NE
storm,STORM,storm|7312|7_7312_2,7312,7_7312_2,2138,rank_2001_5000,0.0,36.41326338811972,intensity_distance_weighted_mps,13.4529148,0.0013452914798206279,4.626556016597529,64.20454545454545,4,131.043579910887,15.0,-61.30000000000001,SE
storm,STORM,storm|2710|2_2710_10,2710,2_2710_10,2150,rank_2001_5000,0.0,36.311346699173654,intensity_distance_weighted_mps,13.4529148,0.0013452914798206279,4.597938144329915,66.5909090909091,4,136.9761256706651,15.0,-61.80000000000001,SW
storm,STORM,storm|6876|6_6876_6,6876,6_6876_6,2151,rank_2001_5000,0.0,36.302729969620394,intensity_distance_weighted_mps,13.4529148,0.0013452914798206279,4.569672131147559,68.06818181818183,4,140.3133957192338,16.1,-60.10000000000002,SE
storm,STORM,storm|22|0_22_4,22,0_22_4,2180,rank_2001_5000,0.0,36.10385923522271,intensity_distance_weighted_mps,13.4529148,0.0013452914798206279,4.5417515274949265,57.613636363636374,3,115.7796948719302,15.3,-62.0,SW
storm,STORM,storm|3676|3_3676_6,3676,3_3676_6,2183,rank_2001_5000,0.0,36.08540718774961,intensity_distance_weighted_mps,13.4529148,0.0013452914798206279,4.514170040485848,45.22727272727273,2,75.49929018639075,15.5,-61.5,SW
storm,STORM,storm|467|0_467_11,467,0_467_11,2187,rank_2001_5000,0.0,36.05184892516311,intensity_distance_weighted_mps,13.4529148,0.0013452914798206279,4.486921529175068,41.25,1,56.9576334636541,16.5,-61.0,NE
storm,STORM,storm|3221|3_3221_7,3221,3_3221_7,2188,rank_2001_5000,0.0,36.04484169921964,intensity_distance_weighted_mps,13.4529148,0.0013452914798206279,4.460000000000018,36.36363636363637,1,14.106693156686516,16.3,-61.39999999999998,NE
storm,STORM,storm|8017|8_8017_10,8017,8_8017_10,2195,rank_2001_5000,0.0,35.95295520015627,intensity_distance_weighted_mps,13.4529148,0.0013452914798206279,4.433399602385704,45.56818181818183,2,77.57177417474774,15.5,-61.60000000000002,SW
storm,STORM,storm|2132|2_2132_2,2132,2_2132_2,2203,rank_2001_5000,0.0,35.8843924603298,intensity_distance_weighted_mps,13.4529148,0.0013452914798206279,4.407114624505946,60.909090909090914,4,125.26302247088375,15.2,-62.0,SW
storm,STORM,storm|7991|7_7991_10,7991,7_7991_10,2206,rank_2001_5000,0.0,35.877374099641386,intensity_distance_weighted_mps,13.4529148,0.0013452914798206279,4.381139489194516,37.95454545454545,1,36.092510952515966,16.3,-61.10000000000002,NE
storm,STORM,storm|1709|1_1709_9,1709,1_1709_9,2214,rank_2001_5000,0.0,35.831095733690496,intensity_distance_weighted_mps,13.4529148,0.0013452914798206279,4.355468750000017,55.90909090909092,3,112.28490791507032,15.9,-60.39999999999998,SE
storm,STORM,storm|2342|2_2342_4,2342,2_2342_4,2217,rank_2001_5000,0.0,35.81581638967207,intensity_distance_weighted_mps,13.4529148,0.0013452914798206279,4.3300970873786575,48.409090909090914,2,88.945333302168,15.4,-61.19999999999999,SE
storm,STORM,storm|6521|6_6521_10,6521,6_6521_10,2219,rank_2001_5000,0.0,35.806244538765775,intensity_distance_weighted_mps,13.4529148,0.0013452914798206279,4.3050193050193215,51.93181818181819,3,100.66290487083856,15.4,-61.89999999999998,SW
storm,STORM,storm|8657|8_8657_3,8657,8_8657_3,2241,rank_2001_5000,0.0,35.58930437188868,intensity_distance_weighted_mps,13.4529148,0.0013452914798206279,4.280230326295602,54.77272727272728,3,110.12719048901313,15.2,-61.60000000000002,SW
storm,STORM,storm|2616|2_2616_12,2616,2_2616_12,2251,rank_2001_5000,0.0,35.53799040170571,intensity_distance_weighted_mps,13.4529148,0.0013452914798206279,4.255725190839711,39.09090909090909,1,47.428289317141335,16.6,-61.39999999999998,NE
storm,STORM,storm|5633|5_5633_1,5633,5_5633_1,2258,rank_2001_5000,0.0,35.488637297305,intensity_distance_weighted_mps,13.4529148,0.0013452914798206279,4.2314990512334125,56.70454545454546,3,115.97847946795997,15.2,-61.80000000000001,SW
storm,STORM,storm|2529|2_2529_9,2529,2_2529_9,2265,rank_2001_5000,0.0,35.45595059582157,intensity_distance_weighted_mps,13.4529148,0.0013452914798206279,4.2075471698113365,40.56818181818183,1,56.9576334636541,16.5,-61.0,NE
storm,STORM,storm|9115|9_9115_3,9115,9_9115_3,2271,rank_2001_5000,0.0,35.407126621964245,intensity_distance_weighted_mps,13.4529148,0.0013452914798206279,4.183864915572248,40.11363636363637,1,54.6884227201857,16.2,-60.89999999999998,NE
storm,STORM,storm|3177|3_3177_7,3177,3_3177_7,2275,rank_2001_5000,0.0,35.36953366779849,intensity_distance_weighted_mps,13.4529148,0.0013452914798206279,4.160447761194045,58.86363636363637,4,122.2520142867609,17.2,-61.0,NE
storm,STORM,storm|4314|4_4314_6,4314,4_4314_6,2303,rank_2001_5000,0.0,35.14673754745784,intensity_distance_weighted_mps,13.4529148,0.0013452914798206279,4.137291280148438,36.93181818181819,1,33.80474537884485,16.4,-61.19999999999999,NE
storm,STORM,storm|3131|3_3131_2,3131,3_3131_2,2320,rank_2001_5000,0.0,35.0336977162826,intensity_distance_weighted_mps,13.4529148,0.0013452914798206279,4.114391143911455,36.02272727272727,1,25.20303862703192,16.4,-61.39999999999998,NE
storm,STORM,storm|232|0_232_8,232,0_232_8,2331,rank_2001_5000,0.0,34.968320694061454,intensity_distance_weighted_mps,13.4529148,0.0013452914798206279,4.09174311926607,42.727272727272734,2,70.65703423409055,16.8,-61.30000000000001,NE
storm,STORM,storm|7101|7_7101_3,7101,7_7101_3,2336,rank_2001_5000,0.0,34.92460230738221,intensity_distance_weighted_mps,13.4529148,0.0013452914798206279,4.069343065693445,36.36363636363637,1,30.448160511479074,15.9,-61.39999999999998,SE
storm,STORM,storm|8588|8_8588_6,8588,8_8588_6,2350,rank_2001_5000,0.0,34.86645383326794,intensity_distance_weighted_mps,13.4529148,0.0013452914798206279,4.04718693284938,37.159090909090914,1,38.46405131396937,16.0,-61.10000000000002,SE
storm,STORM,storm|9960|9_9960_8,9960,9_9960_8,2364,rank_2001_5000,0.0,34.75527206215389,intensity_distance_weighted_mps,13.4529148,0.0013452914798206279,4.025270758122758,59.20454545454546,4,125.80963177485616,17.3,-61.30000000000001,NE
storm,STORM,storm|2642|2_2642_3,2642,2_2642_3,2366,rank_2001_5000,0.0,34.75345748618859,intensity_distance_weighted_mps,13.4529148,0.0013452914798206279,4.003590664272905,63.18181818181819,4,135.66510613601872,17.2,-62.10000000000002,NW
storm,STORM,storm|8592|8_8592_11,8592,8_8592_11,2384,rank_2001_5000,0.0,34.60346772700705,intensity_distance_weighted_mps,13.4529148,0.0013452914798206279,3.982142857142871,35.79545454545455,1,27.839868137921705,16.4,-61.30000000000001,NE
storm,STORM,storm|1120|1_1120_6,1120,1_1120_6,2394,rank_2001_5000,0.0,34.5486448650519,intensity_distance_weighted_mps,13.4529148,0.0013452914798206279,3.9609236234458396,54.0909090909091,3,112.81405008125577,15.5,-62.19999999999999,SW
storm,STORM,storm|9433|9_9433_12,9433,9_9433_12,2407,rank_2001_5000,0.0,34.482244209907,intensity_distance_weighted_mps,13.4529148,0.0013452914798206279,3.939929328621921,63.06818181818183,4,136.57453110772775,17.3,-60.89999999999998,NE
storm,STORM,storm|1025|1_1025_2,1025,1_1025_2,2411,rank_2001_5000,0.0,34.45015603637238,intensity_distance_weighted_mps,13.4529148,0.0013452914798206279,3.919156414762754,71.70454545454547,5,155.98555674559174,17.4,-60.69999999999999,NE
storm,STORM,storm|5543|5_5543_7,5543,5_5543_7,2433,rank_2001_5000,0.0,34.31545979204189,intensity_distance_weighted_mps,13.4529148,0.0013452914798206279,3.8986013986014103,37.045454545454554,1,42.30846355441705,16.1,-61.80000000000001,SW
storm,STORM,storm|3952|3_3952_6,3952,3_3952_6,2437,rank_2001_5000,0.0,34.26698618872504,intensity_distance_weighted_mps,13.4529148,0.0013452914798206279,3.8782608695652288,75.68181818181819,5,164.90402505630166,14.9,-62.19999999999999,SW
storm,STORM,storm|2890|2_2890_5,2890,2_2890_5,2443,rank_2001_5000,0.0,34.21948806994461,intensity_distance_weighted_mps,13.4529148,0.0013452914798206279,3.8581314878892843,61.81818181818182,4,134.70966888502159,16.9,-60.39999999999998,NE
storm,STORM,storm|2863|2_2863_1,2863,2_2863_1,2445,rank_2001_5000,0.0,34.21490305518786,intensity_distance_weighted_mps,13.4529148,0.0013452914798206279,3.8382099827883063,50.34090909090909,3,102.9786066130403,16.8,-60.69999999999999,NE
storm,STORM,storm|9011|9_9011_0,9011,9_9011_0,2450,rank_2001_5000,0.0,34.21068012542636,intensity_distance_weighted_mps,13.4529148,0.0013452914798206279,3.8184931506849416,58.06818181818183,4,125.26302247088375,15.2,-62.0,SW
storm,STORM,storm|7621|7_7621_0,7621,7_7621_0,2466,rank_2001_5000,0.0,34.12277682491712,intensity_distance_weighted_mps,13.4529148,0.0013452914798206279,3.7989778534923433,42.04545454545455,1,72.2778243346889,16.6,-60.89999999999998,NE
storm,STORM,storm|2077|2_2077_3,2077,2_2077_3,2477,rank_2001_5000,0.0,34.0562181743959,intensity_distance_weighted_mps,13.4529148,0.0013452914798206279,3.7796610169491616,47.95454545454546,2,95.82400458222082,16.7,-60.69999999999999,NE
storm,STORM,storm|5413|5_5413_3,5413,5_5413_3,2484,rank_2001_5000,0.0,34.02285400618325,intensity_distance_weighted_mps,13.4529148,0.0013452914798206279,3.7605396290050677,39.54545454545455,1,60.433493967926765,15.9,-61.89999999999998,SW
storm,STORM,storm|2185|2_2185_5,2185,2_2185_5,2490,rank_2001_5000,0.0,33.979688175593125,intensity_distance_weighted_mps,13.4529148,0.0013452914798206279,3.7416107382550416,53.86363636363637,3,114.74476369438443,17.2,-61.30000000000001,NE
storm,STORM,storm|6132|6_6132_7,6132,6_6132_7,2492,rank_2001_5000,0.0,33.97105006144601,intensity_distance_weighted_mps,13.4529148,0.0013452914798206279,3.722871452420709,37.5,1,48.345885834829744,16.6,-61.5,NW
storm,STORM,storm|3351|3_3351_5,3351,3_3351_5,2493,rank_2001_5000,0.0,33.962540643594,intensity_distance_weighted_mps,13.4529148,0.0013452914798206279,3.7043189368770837,48.29545454545455,2,97.44474411509874,16.9,-60.89999999999998,NE
storm,STORM,storm|4210|4_4210_1,4210,4_4210_1,2498,rank_2001_5000,0.0,33.943862920618805,intensity_distance_weighted_mps,13.4529148,0.0013452914798206279,3.6859504132231473,35.909090909090914,1,36.092510952515966,16.3,-61.10000000000002,NE
storm,STORM,storm|2958|2_2958_2,2958,2_2958_2,2499,rank_2001_5000,0.0,33.94283784965901,intensity_distance_weighted_mps,13.4529148,0.0013452914798206279,3.667763157894743,34.09090909090909,1,9.90723678480257,16.2,-61.5,NW
storm,STORM,storm|4089|4_4089_6,4089,4_4089_6,2507,rank_2001_5000,0.0,33.90679743192202,intensity_distance_weighted_mps,13.4529148,0.0013452914798206279,3.6497545008183363,51.70454545454546,3,108.67518798900369,15.2,-61.5,SW
storm,STORM,storm|2322|2_2322_1,2322,2_2322_1,2515,rank_2001_5000,0.0,33.84574661992627,intensity_distance_weighted_mps,13.4529148,0.0013452914798206279,3.63192182410424,67.27272727272728,4,149.06915326946145,17.1,-60.39999999999998,NE
storm,STORM,storm|2217|2_2217_9,2217,2_2217_9,2522,rank_2001_5000,0.0,33.827032530485006,intensity_distance_weighted_mps,13.4529148,0.0013452914798206279,3.614262560777963,68.18181818181819,4,151.16558536098006,17.5,-61.10000000000002,NE
storm,STORM,storm|5001|5_5001_3,5001,5_5001_3,2540,rank_2001_5000,0.0,33.673461638676365,intensity_distance_weighted_mps,13.4529148,0.0013452914798206279,3.596774193548392,57.50000000000001,3,126.17631864550206,17.0,-60.60000000000002,NE
storm,STORM,storm|4308|4_4308_6,4308,4_4308_6,2554,rank_2001_5000,0.0,33.56675883239829,intensity_distance_weighted_mps,13.4529148,0.0013452914798206279,3.579454253611561,33.86363636363637,1,14.106693156686516,16.3,-61.39999999999998,NE
storm,STORM,storm|763|0_763_6,763,0_763_6,2571,rank_2001_5000,0.0,33.46558122743704,intensity_distance_weighted_mps,13.4529148,0.0013452914798206279,3.5623003194888216,58.63636363636364,4,130.08895668163248,16.3,-60.19999999999999,NE
storm,STORM,storm|5679|5_5679_7,5679,5_5679_7,2594,rank_2001_5000,0.0,33.35540321775679,intensity_distance_weighted_mps,13.4529148,0.0013452914798206279,3.545310015898255,57.72727272727273,3,128.2190585204112,15.4,-62.30000000000001,SW
storm,STORM,storm|3810|3_3810_9,3810,3_3810_9,2596,rank_2001_5000,0.0,33.31180810496226,intensity_distance_weighted_mps,13.4529148,0.0013452914798206279,3.528481012658231,34.20454545454546,1,24.555795528057462,16.3,-61.60000000000002,NW
storm,STORM,storm|6874|6_6874_8,6874,6_6874_8,2627,rank_2001_5000,0.0,33.06810662140163,intensity_distance_weighted_mps,13.4529148,0.0013452914798206279,3.5118110236220503,41.81818181818182,1,77.16004763377687,16.8,-61.10000000000002,NE
storm,STORM,storm|7749|7_7749_9,7749,7_7749_9,2648,rank_2001_5000,0.0,32.93976036280234,intensity_distance_weighted_mps,13.4529148,0.0013452914798206279,3.4952978056426356,50.909090909090914,3,110.78908872849449,16.9,-60.69999999999999,NE
storm,STORM,storm|8238|8_8238_0,8238,8_8238_0,2681,rank_2001_5000,0.0,32.751905666960916,intensity_distance_weighted_mps,13.4529148,0.0013452914798206279,3.478939157566305,47.84090909090909,2,101.81300372998135,17.0,-61.0,NE
storm,STORM,storm|7299|7_7299_6,7299,7_7299_6,2689,rank_2001_5000,0.0,32.699533826900506,intensity_distance_weighted_mps,13.4529148,0.0013452914798206279,3.4627329192546603,71.13636363636364,5,162.62760221166258,16.0,-59.89999999999998,SE
storm,STORM,storm|5453|5_5453_4,5453,5_5453_4,2691,rank_2001_5000,0.0,32.69091507039125,intensity_distance_weighted_mps,13.4529148,0.0013452914798206279,3.4466769706336957,39.43181818181819,1,68.11405926304693,16.0,-60.80000000000001,SE
storm,STORM,storm|968|0_968_7,968,0_968_7,2692,rank_2001_5000,0.0,32.68099236610991,intensity_distance_weighted_mps,13.4529148,0.0013452914798206279,3.430769230769232,39.77272727272727,1,69.87468898186016,15.9,-62.0,SW
storm,STORM,storm|6917|6_6917_2,6917,6_6917_2,2702,rank_2001_5000,0.0,32.625541088117004,intensity_distance_weighted_mps,13.4529148,0.0013452914798206279,3.4150076569678416,36.13636363636364,1,49.20586117283322,16.5,-61.10000000000002,NE
storm,STORM,storm|2456|2_2456_7,2456,2_2456_7,2756,rank_2001_5000,0.0,32.30352764226768,intensity_distance_weighted_mps,13.4529148,0.0013452914798206279,3.3993902439024395,59.20454545454546,4,136.8833544640146,17.4,-61.30000000000001,NE
storm,STORM,storm|4983|4_4983_0,4983,4_4983_0,2763,rank_2001_5000,0.0,32.252875331715984,intensity_distance_weighted_mps,13.4529148,0.0013452914798206279,3.3839150227617605,46.36363636363637,2,99.2161244263913,15.3,-61.60000000000002,SW
storm,STORM,storm|4965|4_4965_6,4965,4_4965_6,2787,rank_2001_5000,0.0,32.12341868813504,intensity_distance_weighted_mps,13.4529148,0.0013452914798206279,3.3685800604229605,71.36363636363636,5,165.78532456985425,17.5,-60.69999999999999,NE
storm,STORM,storm|1782|1_1782_3,1782,1_1782_3,2796,rank_2001_5000,0.0,32.043083922647696,intensity_distance_weighted_mps,13.4529148,0.0013452914798206279,3.3533834586466162,33.52272727272727,1,32.233141059404836,16.4,-61.60000000000002,NW
storm,STORM,storm|3041|3_3041_1,3041,3_3041_1,2799,rank_2001_5000,0.0,32.039397053138686,intensity_distance_weighted_mps,13.4529148,0.0013452914798206279,3.3383233532934127,39.659090909090914,1,73.15059333341671,16.7,-61.0,NE
storm,STORM,storm|3154|3_3154_1,3154,3_3154_1,2800,rank_2001_5000,0.0,32.03259861689581,intensity_distance_weighted_mps,13.4529148,0.0013452914798206279,3.323397913561847,52.61363636363637,3,120.234418612869,15.2,-61.89999999999998,SW
storm,STORM,storm|3714|3_3714_10,3714,3_3714_10,2820,rank_2001_5000,0.0,31.852370837056633,intensity_distance_weighted_mps,13.4529148,0.0013452914798206279,3.3086053412462895,36.70454545454545,1,58.544835253388314,16.7,-61.39999999999998,NE
storm,STORM,storm|8540|8_8540_4,8540,8_8540_4,2829,rank_2001_5000,0.0,31.766252711989026,intensity_distance_weighted_mps,13.4529148,0.0013452914798206279,3.2939438700147696,57.38636363636364,3,134.70966888502159,16.9,-60.39999999999998,NE
storm,STORM,storm|7835|7_7835_7,7835,7_7835_7,2833,rank_2001_5000,0.0,31.742068783068675,intensity_distance_weighted_mps,13.4529148,0.0013452914798206279,3.2794117647058805,69.88636363636364,4,164.432795509124,17.2,-60.30000000000001,NE
storm,STORM,storm|6442|6_6442_11,6442,6_6442_11,2852,rank_2001_5000,0.0,31.636051526064666,intensity_distance_weighted_mps,13.4529148,0.0013452914798206279,3.2650073206442145,59.43181818181819,4,140.6013370138236,15.0,-61.89999999999998,SW
storm,STORM,storm|9140|9_9140_3,9140,9_9140_3,2890,rank_2001_5000,0.0,31.35990200453874,intensity_distance_weighted_mps,13.4529148,0.0013452914798206279,3.2507288629737587,74.65909090909092,5,176.2559518005737,17.0,-60.0,NE
storm,STORM,storm|1113|1_1113_3,1113,1_1113_3,2904,rank_2001_5000,0.0,31.290726595647225,intensity_distance_weighted_mps,13.4529148,0.0013452914798206279,3.236574746008706,39.659090909090914,1,77.57177417474774,15.5,-61.60000000000002,SW
storm,STORM,storm|2402|2_2402_3,2402,2_2402_3,2906,rank_2001_5000,0.0,31.267594816279086,intensity_distance_weighted_mps,13.4529148,0.0013452914798206279,3.2225433526011535,50.909090909090914,3,118.88616112900456,16.4,-62.5,NW
storm,STORM,storm|4211|4_4211_7,4211,4_4211_7,2911,rank_2001_5000,0.0,31.226819212663166,intensity_distance_weighted_mps,13.4529148,0.0013452914798206279,3.208633093525177,53.409090909090914,3,126.42425258697371,15.1,-61.80000000000001,SW
storm,STORM,storm|2743|2_2743_3,2743,2_2743_3,2923,rank_2001_5000,0.0,31.152134867922186,intensity_distance_weighted_mps,13.4529148,0.0013452914798206279,3.1948424068767878,58.52272727272728,4,140.6013370138236,15.0,-61.89999999999998,SW
storm,STORM,storm|4721|4_4721_9,4721,4_4721_9,2924,rank_2001_5000,0.0,31.14541665743956,intensity_distance_weighted_mps,13.4529148,0.0013452914798206279,3.1811697574892976,32.727272727272734,0,33.80474537884485,16.4,-61.19999999999999,NE
storm,STORM,storm|4314|4_4314_5,4314,4_4314_5,2932,rank_2001_5000,0.0,31.10776999646291,intensity_distance_weighted_mps,13.4529148,0.0013452914798206279,3.1676136363636327,59.54545454545455,4,143.41809041223445,14.9,-61.19999999999999,SE
storm,STORM,storm|275|0_275_12,275,0_275_12,2938,rank_2001_5000,0.0,31.043596152084916,intensity_distance_weighted_mps,13.4529148,0.0013452914798206279,3.15417256011315,32.84090909090909,0,36.092510952515966,16.3,-61.10000000000002,NE
storm,STORM,storm|8221|8_8221_2,8221,8_8221_2,2939,rank_2001_5000,0.0,31.042369200903934,intensity_distance_weighted_mps,13.4529148,0.0013452914798206279,3.140845070422531,57.045454545454554,3,137.28600579101433,15.2,-62.19999999999999,SW
storm,STORM,storm|8940|8_8940_5,8940,8_8940_5,2963,rank_2001_5000,0.0,30.936381262075304,intensity_distance_weighted_mps,13.4529148,0.0013452914798206279,3.1276297335203322,43.63636363636364,2,96.10767309382943,16.9,-61.89999999999998,NW
storm,STORM,storm|4228|4_4228_4,4228,4_4228_4,2965,rank_2001_5000,0.0,30.93043469472669,intensity_distance_weighted_mps,13.4529148,0.0013452914798206279,3.1145251396647997,40.45454545454546,1,83.23585901718393,16.9,-61.60000000000002,NW
storm,STORM,storm|7859|7_7859_8,7859,7_7859_8,2978,rank_2001_5000,0.0,30.851071925662875,intensity_distance_weighted_mps,13.4529148,0.0013452914798206279,3.1015299026425542,62.84090909090909,4,152.74329134733412,14.8,-61.39999999999998,SE
storm,STORM,storm|5227|5_5227_6,5227,5_5227_6,2980,rank_2001_5000,0.0,30.84972253443494,intensity_distance_weighted_mps,13.4529148,0.0013452914798206279,3.0886426592797736,59.659090909090914,4,144.95476503422174,14.9,-61.69999999999999,SW
storm,STORM,storm|2478|2_2478_3,2478,2_2478_3,2991,rank_2001_5000,0.0,30.796232828952835,intensity_distance_weighted_mps,13.4529148,0.0013452914798206279,3.075862068965512,59.54545454545455,4,144.92907086541166,15.0,-62.0,SW
storm,STORM,storm|382|0_382_4,382,0_382_4,2996,rank_2001_5000,0.0,30.7620144389491,intensity_distance_weighted_mps,13.4529148,0.0013452914798206279,3.0631868131868076,35.56818181818182,1,59.29025510157489,16.7,-61.5,NW
storm,STORM,storm|3978|3_3978_6,3978,3_3978_6,3003,rank_2001_5000,0.0,30.736913188052576,intensity_distance_weighted_mps,13.4529148,0.0013452914798206279,3.0506155950752336,42.27272727272728,1,91.89359835401908,15.9,-60.60000000000002,SE
storm,STORM,storm|7457|7_7457_3,7457,7_7457_3,3005,rank_2001_5000,0.0,30.70951131972321,intensity_distance_weighted_mps,13.4529148,0.0013452914798206279,3.038147138964572,37.38636363636364,1,69.94242590213668,16.4,-60.80000000000001,NE
storm,STORM,storm|671|0_671_8,671,0_671_8,3017,rank_2001_5000,0.0,30.5900099069863,intensity_distance_weighted_mps,13.4529148,0.0013452914798206279,3.0257801899592884,51.47727272727273,3,123.94876843630628,15.1,-61.10000000000002,SE
storm,STORM,storm|3921|3_3921_4,3921,3_3921_4,3047,rank_2001_5000,0.0,30.399479935627,intensity_distance_weighted_mps,13.4529148,0.0013452914798206279,3.0135135135135074,41.25,1,89.61556748781072,15.6,-62.0,SW
storm,STORM,storm|1865|1_1865_12,1865,1_1865_12,3049,rank_2001_5000,0.0,30.388410002571238,intensity_distance_weighted_mps,13.4529148,0.0013452914798206279,3.001345895020182,31.931818181818187,0,33.80474537884485,16.4,-61.19999999999999,NE
storm,STORM,storm|3656|3_3656_6,3656,3_3656_6,3065,rank_2001_5000,0.0,30.313718275539287,intensity_distance_weighted_mps,13.4529148,0.0013452914798206279,2.989276139410181,57.159090909090914,3,141.15828469499104,17.3,-60.80000000000001,NE
storm,STORM,storm|2783|2_2783_2,2783,2_2783_2,3072,rank_2001_5000,0.0,30.25838098463969,intensity_distance_weighted_mps,13.4529148,0.0013452914798206279,2.9773030707610078,38.86363636363637,1,79.99268923800118,16.4,-60.69999999999999,NE
storm,STORM,storm|1368|1_1368_2,1368,1_1368_2,3097,rank_2001_5000,0.0,30.106934411130066,intensity_distance_weighted_mps,13.4529148,0.0013452914798206279,2.9654255319148866,47.27272727272728,2,113.26348613597693,15.4,-62.10000000000002,SW
storm,STORM,storm|303|0_303_12,303,0_303_12,3098,rank_2001_5000,0.0,30.102364799168548,intensity_distance_weighted_mps,13.4529148,0.0013452914798206279,2.953642384105953,30.90909090909091,0,24.555795528057462,16.3,-61.60000000000002,NW
storm,STORM,storm|5601|5_5601_4,5601,5_5601_4,3132,rank_2001_5000,0.0,29.956286498463808,intensity_distance_weighted_mps,13.4529148,0.0013452914798206279,2.941952506596299,61.13636363636364,4,153.03327198856098,14.8,-61.5,SW
storm,STORM,storm|8960|8_8960_5,8960,8_8960_5,3134,rank_2001_5000,0.0,29.92897688686156,intensity_distance_weighted_mps,13.4529148,0.0013452914798206279,2.930354796320623,54.88636363636364,3,136.9761256706651,15.0,-61.80000000000001,SW
storm,STORM,storm|219|0_219_8,219,0_219_8,3140,rank_2001_5000,0.0,29.908192139852147,intensity_distance_weighted_mps,13.4529148,0.0013452914798206279,2.9188481675392595,41.13636363636364,1,91.90744578117216,16.9,-61.0,NE
storm,STORM,storm|2348|2_2348_4,2348,2_2348_4,3157,rank_2001_5000,0.0,29.82557282454869,intensity_distance_weighted_mps,13.4529148,0.0013452914798206279,2.9074315514993403,41.02272727272728,1,91.90744578117216,16.9,-61.0,NE
storm,STORM,storm|3129|3_3129_9,3129,3_3129_9,3163,rank_2001_5000,0.0,29.78711009929107,intensity_distance_weighted_mps,13.4529148,0.0013452914798206279,2.896103896103888,43.75000000000001,2,102.69864900301785,15.3,-61.10000000000002,SE
storm,STORM,storm|5923|5_5923_9,5923,5_5923_9,3176,rank_2001_5000,0.0,29.6822672724206,intensity_distance_weighted_mps,13.4529148,0.0013452914798206279,2.8848641655886076,53.409090909090914,3,134.11042056560274,15.0,-61.69999999999999,SW
storm,STORM,storm|5593|5_5593_5,5593,5_5593_5,3178,rank_2001_5000,0.0,29.6807896923175,intensity_distance_weighted_mps,13.4529148,0.0013452914798206279,2.8737113402061776,56.36363636363637,3,142.22292738949253,15.6,-62.60000000000002,SW
storm,STORM,storm|4918|4_4918_7,4918,4_4918_7,3185,rank_2001_5000,0.0,29.595089913355107,intensity_distance_weighted_mps,13.4529148,0.0013452914798206279,2.8626444159178352,52.159090909090914,3,130.9753242517024,15.2,-62.10000000000002,SW
storm,STORM,storm|4092|4_4092_16,4092,4_4092_16,3196,rank_2001_5000,0.0,29.551802438807158,intensity_distance_weighted_mps,13.4529148,0.0013452914798206279,2.851662404092063,30.22727272727273,0,22.677877083396297,16.0,-61.30000000000001,SE
storm,STORM,storm|1250|1_1250_8,1250,1_1250_8,3253,rank_2001_5000,0.0,29.28539327046011,intensity_distance_weighted_mps,13.4529148,0.0013452914798206279,2.8407643312101825,36.70454545454545,1,75.49929018639075,15.5,-61.5,SW
storm,STORM,storm|7304|7_7304_15,7304,7_7304_15,3273,rank_2001_5000,0.0,29.147626363767916,intensity_distance_weighted_mps,13.4529148,0.0013452914798206279,2.8299492385786715,58.75000000000001,4,151.16558536098006,17.5,-61.10000000000002,NE
storm,STORM,storm|8198|8_8198_3,8198,8_8198_3,3284,rank_2001_5000,0.0,29.081787627005856,intensity_distance_weighted_mps,13.4529148,0.0013452914798206279,2.8192161820480317,63.409090909090914,4,162.96733111805116,15.0,-60.5,SE
storm,STORM,storm|4969|4_4969_2,4969,4_4969_2,3287,rank_2001_5000,0.0,29.07315966381672,intensity_distance_weighted_mps,13.4529148,0.0013452914798206279,2.808564231738026,56.93181818181819,3,146.8335308913351,17.4,-60.89999999999998,NE
storm,STORM,storm|3597|3_3597_14,3597,3_3597_14,3305,rank_2001_5000,0.0,29.001005339990808,intensity_distance_weighted_mps,13.4529148,0.0013452914798206279,2.797992471769125,79.4318181818182,5,197.8029282243968,15.5,-59.69999999999999,SE
storm,STORM,storm|9911|9_9911_8,9911,9_9911_8,3332,rank_2001_5000,0.0,28.803403016850744,intensity_distance_weighted_mps,13.4529148,0.0013452914798206279,2.7874999999999908,46.02272727272727,2,115.97847946795997,15.2,-61.80000000000001,SW
storm,STORM,storm|8812|8_8812_8,8812,8_8812_8,3344,rank_2001_5000,0.0,28.707104297599656,intensity_distance_weighted_mps,13.4529148,0.0013452914798206279,2.77708592777085,65.90909090909092,4,170.75743854797747,16.9,-60.0,NE
storm,STORM,storm|5242|5_5242_5,5242,5_5242_5,3379,rank_2001_5000,0.0,28.50523659091046,intensity_distance_weighted_mps,13.4529148,0.0013452914798206279,2.766749379652596,29.090909090909093,0,21.500885690759674,16.0,-61.5,SW
storm,STORM,storm|5778|5_5778_1,5778,5_5778_1,3382,rank_2001_5000,0.0,28.497952968445528,intensity_distance_weighted_mps,13.4529148,0.0013452914798206279,2.7564894932014736,28.750000000000004,0,14.106693156686516,16.3,-61.39999999999998,NE
storm,STORM,storm|7017|7_7017_9,7017,7_7017_9,3385,rank_2001_5000,0.0,28.484458792948704,intensity_distance_weighted_mps,13.4529148,0.0013452914798206279,2.746305418719202,32.727272727272734,0,57.8914285069782,16.6,-61.10000000000002,NE
storm,STORM,storm|8952|8_8952_2,8952,8_8952_2,3388,rank_2001_5000,0.0,28.46651392137258,intensity_distance_weighted_mps,13.4529148,0.0013452914798206279,2.736196319018395,32.159090909090914,0,54.02426856087736,16.3,-61.89999999999998,NW
storm,STORM,storm|8060|8_8060_2,8060,8_8060_2,3403,rank_2001_5000,0.0,28.39089996889177,intensity_distance_weighted_mps,13.4529148,0.0013452914798206279,2.726161369193144,30.681818181818183,0,42.609503309266124,15.8,-61.5,SW
storm,STORM,storm|5764|5_5764_1,5764,5_5764_1,3432,rank_2001_5000,0.0,28.23586458605231,intensity_distance_weighted_mps,13.4529148,0.0013452914798206279,2.7161997563946305,35.45454545454546,1,75.84372154437999,15.5,-61.30000000000001,SE
storm,STORM,storm|5218|5_5218_2,5218,5_5218_2,3450,rank_2001_5000,0.0,28.133490366416922,intensity_distance_weighted_mps,13.4529148,0.0013452914798206279,2.70631067961164,61.81818181818182,4,164.13293586893326,14.7,-61.5,SW
storm,STORM,storm|5428|5_5428_8,5428,5_5428_8,3469,rank_2001_5000,0.0,28.035141090037307,intensity_distance_weighted_mps,13.4529148,0.0013452914798206279,2.6964933494558543,36.477272727272734,1,82.31252911212373,16.8,-61.0,NE
storm,STORM,storm|1323|1_1323_10,1323,1_1323_10,3483,rank_2001_5000,0.0,27.97648059369747,intensity_distance_weighted_mps,13.4529148,0.0013452914798206279,2.6867469879517967,49.659090909090914,3,132.05367788356398,15.0,-61.60000000000002,SW
storm,STORM,storm|521|0_521_2,521,0_521_2,3497,rank_2001_5000,0.0,27.926346186274387,intensity_distance_weighted_mps,13.4529148,0.0013452914798206279,2.677070828331322,71.02272727272728,5,186.3393609685454,14.5,-61.5,SW
storm,STORM,storm|2824|2_2824_5,2824,2_2824_5,3503,rank_2001_5000,0.0,27.909212226710615,intensity_distance_weighted_mps,13.4529148,0.0013452914798206279,2.667464114832525,54.43181818181819,3,146.22632539868508,15.1,-62.19999999999999,SW
storm,STORM,storm|4288|4_4288_11,4288,4_4288_11,3521,rank_2001_5000,0.0,27.79483536737573,intensity_distance_weighted_mps,13.4529148,0.0013452914798206279,2.657926102502969,70.45454545454547,5,185.83099655896893,17.7,-60.69999999999999,NE
storm,STORM,storm|7708|7_7708_5,7708,7_7708_5,3523,rank_2001_5000,0.0,27.784217557090027,intensity_distance_weighted_mps,13.4529148,0.0013452914798206279,2.648456057007115,45.22727272727273,2,118.85116709980929,17.2,-61.10000000000002,NE
storm,STORM,storm|2767|2_2767_13,2767,2_2767_13,3532,rank_2001_5000,0.0,27.715310664287244,intensity_distance_weighted_mps,13.4529148,0.0013452914798206279,2.639053254437859,50.795454545454554,3,136.8833544640146,17.4,-61.30000000000001,NE
storm,STORM,storm|2600|2_2600_2,2600,2_2600_2,3547,rank_2001_5000,0.0,27.590570935997363,intensity_distance_weighted_mps,13.4529148,0.0013452914798206279,2.629716981132064,63.97727272727273,4,172.2591345987485,17.2,-60.19999999999999,NE
storm,STORM,storm|6704|6_6704_12,6704,6_6704_12,3561,rank_2001_5000,0.0,27.532772804407426,intensity_distance_weighted_mps,13.4529148,0.0013452914798206279,2.6204465334900005,34.09090909090909,1,73.20765612203915,16.8,-61.19999999999999,NE
storm,STORM,storm|9784|9_9784_8,9784,9_9784_8,3572,rank_2001_5000,0.0,27.50680200320992,intensity_distance_weighted_mps,13.4529148,0.0013452914798206279,2.6112412177985833,30.113636363636367,0,46.17723522024824,15.8,-61.60000000000002,SW
storm,STORM,storm|3855|3_3855_10,3855,3_3855_10,3587,rank_2001_5000,0.0,27.43964890550902,intensity_distance_weighted_mps,13.4529148,0.0013452914798206279,2.6021003500583317,67.95454545454545,4,182.26754797847317,17.1,-60.0,NE
storm,STORM,storm|7022|7_7022_0,7022,7_7022_0,3590,rank_2001_5000,0.0,27.42450503933578,intensity_distance_weighted_mps,13.4529148,0.0013452914798206279,2.593023255813942,39.20454545454546,1,98.30944633328286,16.3,-60.5,NE
storm,STORM,storm|4969|4_4969_15,4969,4_4969_15,3602,rank_2001_5000,0.0,27.353217346110334,intensity_distance_weighted_mps,13.4529148,0.0013452914798206279,2.584009269988401,28.295454545454547,0,27.839868137921705,16.4,-61.30000000000001,NE
storm,STORM,storm|5752|5_5752_7,5752,5_5752_7,3609,rank_2001_5000,0.0,27.312006761487204,intensity_distance_weighted_mps,13.4529148,0.0013452914798206279,2.5750577367205425,31.250000000000004,0,56.9576334636541,16.5,-61.0,NE
storm,STORM,storm|2322|2_2322_6,2322,2_2322_6,3635,rank_2001_5000,0.0,27.209351340984583,intensity_distance_weighted_mps,13.4529148,0.0013452914798206279,2.566168009205972,52.159090909090914,3,143.63661875063008,15.3,-62.39999999999998,SW
storm,STORM,storm|7660|7_7660_3,7660,7_7660_3,3638,rank_2001_5000,0.0,27.203619181535508,intensity_distance_weighted_mps,13.4529148,0.0013452914798206279,2.5573394495412725,41.36363636363637,1,108.22056722894281,17.1,-61.10000000000002,NE
storm,STORM,storm|2903|2_2903_0,2903,2_2903_0,3658,rank_2001_5000,0.0,27.11426241101579,intensity_distance_weighted_mps,13.4529148,0.0013452914798206279,2.5485714285714165,27.840909090909093,0,24.555795528057462,16.3,-61.60000000000002,NW
storm,STORM,storm|3560|3_3560_6,3560,3_3560_6,3664,rank_2001_5000,0.0,27.104950741537913,intensity_distance_weighted_mps,13.4529148,0.0013452914798206279,2.5398633257403067,62.613636363636374,4,171.6857485438727,15.4,-62.80000000000001,SW
storm,STORM,storm|588|0_588_10,588,0_588_10,3701,rank_2001_5000,0.0,26.86799346066476,intensity_distance_weighted_mps,13.4529148,0.0013452914798206279,2.531214528944369,27.272727272727273,0,18.410194885213727,16.3,-61.30000000000001,NE
storm,STORM,storm|665|0_665_2,665,0_665_2,3707,rank_2001_5000,0.0,26.84772281707425,intensity_distance_weighted_mps,13.4529148,0.0013452914798206279,2.5226244343891278,60.227272727272734,4,167.2544839009683,17.0,-60.10000000000002,NE
storm,STORM,storm|630|0_630_2,630,0_630_2,3711,rank_2001_5000,0.0,26.840471574019404,intensity_distance_weighted_mps,13.4529148,0.0013452914798206279,2.514092446448691,44.65909090909091,2,122.2174485703427,15.4,-60.60000000000002,SE
storm,STORM,storm|5836|5_5836_3,5836,5_5836_3,3715,rank_2001_5000,0.0,26.80911858230676,intensity_distance_weighted_mps,13.4529148,0.0013452914798206279,2.5056179775280776,64.6590909090909,4,178.23080734993303,17.7,-60.89999999999998,NE
storm,STORM,storm|4297|4_4297_3,4297,4_4297_3,3722,rank_2001_5000,0.0,26.766107941979516,intensity_distance_weighted_mps,13.4529148,0.0013452914798206279,2.4972004479283187,37.27272727272727,1,93.97885409306996,15.8,-62.19999999999999,SW
storm,STORM,storm|8475|8_8475_6,8475,8_8475_6,3742,rank_2001_5000,0.0,26.647924395642203,intensity_distance_weighted_mps,13.4529148,0.0013452914798206279,2.488839285714273,47.5,2,132.68878297407352,17.3,-61.0,NE
storm,STORM,storm|8950|8_8950_6,8950,8_8950_6,3768,rank_2001_5000,0.0,26.499533261914028,intensity_distance_weighted_mps,13.4529148,0.0013452914798206279,2.480533926585082,28.06818181818182,0,36.495134936606505,15.9,-61.60000000000002,SW
storm,STORM,storm|2097|2_2097_17,2097,2_2097_17,3783,rank_2001_5000,0.0,26.373457868765193,intensity_distance_weighted_mps,13.4529148,0.0013452914798206279,2.4722838137472154,49.545454545454554,3,140.6013370138236,15.0,-61.89999999999998,SW
storm,STORM,storm|3157|3_3157_5,3157,3_3157_5,3801,rank_2001_5000,0.0,26.30553364796784,intensity_distance_weighted_mps,13.4529148,0.0013452914798206279,2.4640883977900425,37.5,1,97.85193055477494,15.5,-62.0,SW
storm,STORM,storm|7858|7_7858_11,7858,7_7858_11,3814,rank_2001_5000,0.0,26.26777010712002,intensity_distance_weighted_mps,13.4529148,0.0013452914798206279,2.455947136563864,52.50000000000001,3,149.89849087774124,15.0,-62.10000000000002,SW
storm,STORM,storm|1377|1_1377_11,1377,1_1377_11,3818,rank_2001_5000,0.0,26.259745008496328,intensity_distance_weighted_mps,13.4529148,0.0013452914798206279,2.44785949506036,38.63636363636364,1,102.9786066130403,16.8,-60.69999999999999,NE
storm,STORM,storm|4406|4_4406_15,4406,4_4406_15,3827,rank_2001_5000,0.0,26.230082365399053,intensity_distance_weighted_mps,13.4529148,0.0013452914798206279,2.439824945295392,69.6590909090909,4,193.01070155204647,17.9,-61.60000000000002,NW
storm,STORM,storm|1181|1_1181_8,1181,1_1181_8,3832,rank_2001_5000,0.0,26.210052187973922,intensity_distance_weighted_mps,13.4529148,0.0013452914798206279,2.431842966194098,49.77272727272727,3,142.22292738949253,15.6,-62.60000000000002,SW
storm,STORM,storm|2632|2_2632_8,2632,2_2632_8,3834,rank_2001_5000,0.0,26.200203379619197,intensity_distance_weighted_mps,13.4529148,0.0013452914798206279,2.423913043478248,29.31818181818182,0,51.745844798255305,15.8,-61.69999999999999,SW
storm,STORM,storm|5757|5_5757_5,5757,5_5757_5,3843,rank_2001_5000,0.0,26.137581056865347,intensity_distance_weighted_mps,13.4529148,0.0013452914798206279,2.416034669555783,57.72727272727273,3,164.90402505630166,14.9,-62.19999999999999,SW
storm,STORM,storm|2518|2_2518_0,2518,2_2518_0,3860,rank_2001_5000,0.0,26.040030287714323,intensity_distance_weighted_mps,13.4529148,0.0013452914798206279,2.4082073434125135,46.02272727272727,2,131.4006664608389,17.2,-60.80000000000001,NE
storm,STORM,storm|4359|4_4359_1,4359,4_4359_1,3861,rank_2001_5000,0.0,26.037056582732745,intensity_distance_weighted_mps,13.4529148,0.0013452914798206279,2.400430570505907,26.704545454545457,0,24.01692105080739,16.1,-61.19999999999999,SE
storm,STORM,storm|9537|9_9537_3,9537,9_9537_3,3888,rank_2001_5000,0.0,25.94149444456457,intensity_distance_weighted_mps,13.4529148,0.0013452914798206279,2.3927038626609307,39.43181818181819,1,108.16953164319088,16.6,-60.5,NE
storm,STORM,storm|7122|7_7122_2,7122,7_7122_2,3927,rank_2001_5000,0.0,25.727518508749775,intensity_distance_weighted_mps,13.4529148,0.0013452914798206279,2.385026737967901,32.727272727272734,0,78.24087611279013,15.5,-61.19999999999999,SE
storm,STORM,storm|548|0_548_4,548,0_548_4,3929,rank_2001_5000,0.0,25.710155312107595,intensity_distance_weighted_mps,13.4529148,0.0013452914798206279,2.3773987206822893,50.56818181818182,3,147.49327954226783,17.5,-61.39999999999998,NE
storm,STORM,storm|9378|9_9378_3,9378,9_9378_3,3934,rank_2001_5000,0.0,25.686546890817233,intensity_distance_weighted_mps,13.4529148,0.0013452914798206279,2.3698193411264477,37.727272727272734,1,102.69864900301785,15.3,-61.10000000000002,SE
storm,STORM,storm|7201|7_7201_2,7201,7_7201_2,3962,rank_2001_5000,0.0,25.543587892901648,intensity_distance_weighted_mps,13.4529148,0.0013452914798206279,2.362288135593207,62.27272727272727,4,179.8687372473188,14.6,-61.80000000000001,SW
storm,STORM,storm|877|0_877_0,877,0_877_0,3984,rank_2001_5000,0.0,25.443522360580314,intensity_distance_weighted_mps,13.4529148,0.0013452914798206279,2.3548046462513064,47.04545454545455,2,138.2130150975803,17.4,-61.19999999999999,NE
storm,STORM,storm|3550|3_3550_0,3550,3_3550_0,3999,rank_2001_5000,0.0,25.387811581942728,intensity_distance_weighted_mps,13.4529148,0.0013452914798206279,2.3473684210526176,45.68181818181819,2,134.11042056560274,15.0,-61.69999999999999,SW
storm,STORM,storm|8298|8_8298_0,8298,8_8298_0,4009,rank_2001_5000,0.0,25.327845147559135,intensity_distance_weighted_mps,13.4529148,0.0013452914798206279,2.3399790136411194,37.95454545454545,1,105.91002590130788,15.8,-60.5,SE
storm,STORM,storm|9570|9_9570_4,9570,9_9570_4,4013,rank_2001_5000,0.0,25.30867470843187,intensity_distance_weighted_mps,13.4529148,0.0013452914798206279,2.3326359832635846,29.88636363636364,0,63.79397968727137,15.6,-61.39999999999998,SE
storm,STORM,storm|2207|2_2207_1,2207,2_2207_1,4020,rank_2001_5000,0.0,25.28290297068458,intensity_distance_weighted_mps,13.4529148,0.0013452914798206279,2.325338894681946,37.38636363636364,1,103.78451774889719,16.9,-60.80000000000001,NE
storm,STORM,storm|7631|7_7631_2,7631,7_7631_2,4021,rank_2001_5000,0.0,25.282108377470138,intensity_distance_weighted_mps,13.4529148,0.0013452914798206279,2.318087318087304,57.613636363636374,3,169.62807345227435,14.8,-62.10000000000002,SW
storm,STORM,storm|2752|2_2752_4,2752,2_2752_4,4030,rank_2001_5000,0.0,25.25312346679615,intensity_distance_weighted_mps,13.4529148,0.0013452914798206279,2.31088082901553,48.409090909090914,2,143.63661875063008,15.3,-62.39999999999998,SW
storm,STORM,storm|1306|1_1306_7,1306,1_1306_7,4039,rank_2001_5000,0.0,25.18293649303098,intensity_distance_weighted_mps,13.4529148,0.0013452914798206279,2.3037190082644488,37.159090909090914,1,103.44196632095746,17.1,-61.5,NW
storm,STORM,storm|6197|6_6197_1,6197,6_6197_1,4052,rank_2001_5000,0.0,25.120841055363414,intensity_distance_weighted_mps,13.4529148,0.0013452914798206279,2.29660144181255,63.75000000000001,4,186.00807467582882,14.6,-62.0,SW
storm,STORM,storm|4150|4_4150_0,4150,4_4150_0,4059,rank_2001_5000,0.0,25.10317664114118,intensity_distance_weighted_mps,13.4529148,0.0013452914798206279,2.2895277207392053,47.159090909090914,2,140.6013370138236,15.0,-61.89999999999998,SW
storm,STORM,storm|3966|3_3966_1,3966,3_3966_1,4072,rank_2001_5000,0.0,25.036297873116467,intensity_distance_weighted_mps,13.4529148,0.0013452914798206279,2.282497441146352,38.06818181818182,1,108.22056722894281,17.1,-61.10000000000002,NE
storm,STORM,storm|5368|5_5368_3,5368,5_5368_3,4086,rank_2001_5000,0.0,24.982705435591438,intensity_distance_weighted_mps,13.4529148,0.0013452914798206279,2.2755102040816184,62.727272727272734,4,184.37360646582056,14.7,-62.19999999999999,SW
storm,STORM,storm|5257|5_5257_1,5257,5_5257_1,4092,rank_2001_5000,0.0,24.935198476047827,intensity_distance_weighted_mps,13.4529148,0.0013452914798206279,2.268565615462854,54.20454545454546,3,162.51421743310217,15.4,-62.69999999999999,SW
storm,STORM,storm|6772|6_6772_5,6772,6_6772_5,4125,rank_2001_5000,0.0,24.71623579625901,intensity_distance_weighted_mps,13.4529148,0.0013452914798206279,2.261663286004042,43.52272727272727,2,130.84405198191362,15.0,-61.5,SW
storm,STORM,storm|2650|2_2650_3,2650,2_2650_3,4129,rank_2001_5000,0.0,24.698911368600754,intensity_distance_weighted_mps,13.4529148,0.0013452914798206279,2.2548028311425536,50.11363636363637,3,152.15809438632195,17.3,-60.60000000000002,NE
storm,STORM,storm|7501|7_7501_11,7501,7_7501_11,4176,rank_2001_5000,0.0,24.485531251603184,intensity_distance_weighted_mps,13.4529148,0.0013452914798206279,2.2479838709677273,63.295454545454554,4,188.84604144895115,17.8,-60.89999999999998,NE
storm,STORM,storm|5577|5_5577_2,5577,5_5577_2,4216,rank_2001_5000,0.0,24.29641409171233,intensity_distance_weighted_mps,13.4529148,0.0013452914798206279,2.2412060301507393,69.20454545454545,4,203.93072388300936,17.3,-59.89999999999998,NE
storm,STORM,storm|7865|7_7865_3,7865,7_7865_3,4220,rank_2001_5000,0.0,24.27534290354521,intensity_distance_weighted_mps,13.4529148,0.0013452914798206279,2.2344689378757367,40.68181818181818,1,123.31508784504425,15.1,-61.69999999999999,SW
storm,STORM,storm|602|0_602_0,602,0_602_0,4223,rank_2001_5000,0.0,24.26983213235313,intensity_distance_weighted_mps,13.4529148,0.0013452914798206279,2.227772227772213,34.54545454545455,1,97.60272465644468,15.3,-61.5,SW
storm,STORM,storm|4861|4_4861_2,4861,4_4861_2,4233,rank_2001_5000,0.0,24.239227608205493,intensity_distance_weighted_mps,13.4529148,0.0013452914798206279,2.2211155378485907,31.363636363636367,0,81.32166932743593,16.9,-61.5,NW
storm,STORM,storm|1508|1_1508_7,1508,1_1508_7,4239,rank_2001_5000,0.0,24.196624893436613,intensity_distance_weighted_mps,13.4529148,0.0013452914798206279,2.214498510426996,63.97727272727273,4,192.33122104396637,17.9,-61.30000000000001,NE
storm,STORM,storm|8971|8_8971_4,8971,8_8971_4,4243,rank_2001_5000,0.0,24.188496062233025,intensity_distance_weighted_mps,13.4529148,0.0013452914798206279,2.207920792079193,67.04545454545455,4,199.66295709629262,17.7,-62.39999999999998,NW
storm,STORM,storm|9369|9_9369_6,9369,9_9369_6,4254,rank_2001_5000,0.0,24.12610418934013,intensity_distance_weighted_mps,13.4529148,0.0013452914798206279,2.2013820335636574,53.977272727272734,3,166.85081324436274,15.1,-62.5,SW
storm,STORM,storm|7211|7_7211_1,7211,7_7211_1,4277,rank_2001_5000,0.0,24.03305201649972,intensity_distance_weighted_mps,13.4529148,0.0013452914798206279,2.1948818897637645,37.5,1,112.28490791507032,15.9,-60.39999999999998,SE
storm,STORM,storm|4905|4_4905_7,4905,4_4905_7,4278,rank_2001_5000,0.0,24.023739336249687,intensity_distance_weighted_mps,13.4529148,0.0013452914798206279,2.1884200196270704,68.63636363636364,4,204.40891878798024,14.5,-62.19999999999999,SW
storm,STORM,storm|9148|9_9148_10,9148,9_9148_10,4324,rank_2001_5000,0.0,23.76794193730454,intensity_distance_weighted_mps,13.4529148,0.0013452914798206279,2.18199608610566,40.34090909090909,1,125.25515390657368,17.3,-61.39999999999998,NE
storm,STORM,storm|3873|3_3873_1,3873,3_3873_1,4325,rank_2001_5000,0.0,23.75675220600283,intensity_distance_weighted_mps,13.4529148,0.0013452914798206279,2.175609756097546,51.47727272727273,3,162.03111316053216,17.6,-61.10000000000002,NE
storm,STORM,storm|5142|5_5142_3,5142,5_5142_3,4337,rank_2001_5000,0.0,23.704831586261143,intensity_distance_weighted_mps,13.4529148,0.0013452914798206279,2.1692607003890902,50.56818181818182,3,159.68087696730538,14.9,-62.10000000000002,SW
storm,STORM,storm|7288|7_7288_5,7288,7_7288_5,4355,rank_2001_5000,0.0,23.61933121621818,intensity_distance_weighted_mps,13.4529148,0.0013452914798206279,2.162948593598433,39.88636363636364,1,124.48345312607468,16.9,-62.30000000000001,NW
storm,STORM,storm|7325|7_7325_5,7325,7_7325_5,4384,rank_2001_5000,0.0,23.473314592452464,intensity_distance_weighted_mps,13.4529148,0.0013452914798206279,2.1566731141199074,23.863636363636367,0,19.342626122509245,16.0,-61.39999999999998,SE
storm,STORM,storm|996|0_996_2,996,0_996_2,4401,rank_2001_5000,0.0,23.404178903560908,intensity_distance_weighted_mps,13.4529148,0.0013452914798206279,2.150433944069416,35.227272727272734,1,106.61298974719443,15.4,-62.0,SW
storm,STORM,storm|6223|6_6223_6,6223,6_6223_6,4409,rank_2001_5000,0.0,23.38521521229066,intensity_distance_weighted_mps,13.4529148,0.0013452914798206279,2.144230769230754,35.56818181818182,1,108.26724866324246,15.2,-61.39999999999998,SE
storm,STORM,storm|3773|3_3773_7,3773,3_3773_7,4413,rank_2001_5000,0.0,23.351312349874828,intensity_distance_weighted_mps,13.4529148,0.0013452914798206279,2.138063279002861,61.477272727272734,4,191.6664101032616,17.6,-60.39999999999998,NE
storm,STORM,storm|9066|9_9066_8,9066,9_9066_8,4414,rank_2001_5000,0.0,23.328967498664277,intensity_distance_weighted_mps,13.4529148,0.0013452914798206279,2.131931166347977,24.54545454545455,0,34.25289194127292,16.1,-61.10000000000002,SE
storm,STORM,storm|4249|4_4249_4,4249,4_4249_4,4464,rank_2001_5000,0.0,23.125871609785428,intensity_distance_weighted_mps,13.4529148,0.0013452914798206279,2.1258341277406902,63.52272727272727,4,198.25127327000922,14.4,-61.60000000000002,SW
storm,STORM,storm|3935|3_3935_8,3935,3_3935_8,4519,rank_2001_5000,0.0,22.879130093420354,intensity_distance_weighted_mps,13.4529148,0.0013452914798206279,2.1197718631178555,40.34090909090909,1,131.043579910887,15.0,-61.30000000000001,SE
storm,STORM,storm|5384|5_5384_6,5384,5_5384_6,4528,rank_2001_5000,0.0,22.848046762092718,intensity_distance_weighted_mps,13.4529148,0.0013452914798206279,2.1137440758293686,28.636363636363637,0,75.49929018639075,15.5,-61.5,SW
storm,STORM,storm|1846|1_1846_6,1846,1_1846_6,4532,rank_2001_5000,0.0,22.83978679052299,intensity_distance_weighted_mps,13.4529148,0.0013452914798206279,2.107750472589777,56.70454545454546,3,182.6498116979866,14.6,-61.89999999999998,SW
storm,STORM,storm|2475|2_2475_6,2475,2_2475_6,4535,rank_2001_5000,0.0,22.829948933839727,intensity_distance_weighted_mps,13.4529148,0.0013452914798206279,2.1017907634307105,70.3409090909091,5,216.3892554746617,18.1,-61.69999999999999,NW
storm,STORM,storm|560|0_560_0,560,0_560_0,4537,rank_2001_5000,0.0,22.822863477607438,intensity_distance_weighted_mps,13.4529148,0.0013452914798206279,2.09586466165412,40.68181818181818,1,132.68878297407352,17.3,-61.0,NE
storm,STORM,storm|2017|2_2017_8,2017,2_2017_8,4550,rank_2001_5000,0.0,22.763409803422448,intensity_distance_weighted_mps,13.4529148,0.0013452914798206279,2.0899718837863013,29.772727272727273,0,83.23585901718393,16.9,-61.60000000000002,NW
storm,STORM,storm|224|0_224_7,224,0_224_7,4601,rank_2001_5000,0.0,22.532697094685524,intensity_distance_weighted_mps,13.4529148,0.0013452914798206279,2.084112149532695,34.88636363636364,1,111.06637741512553,16.8,-60.60000000000002,NE
storm,STORM,storm|7361|7_7361_5,7361,7_7361_5,4602,rank_2001_5000,0.0,22.52614358031648,intensity_distance_weighted_mps,13.4529148,0.0013452914798206279,2.0782851817334422,50.56818181818182,3,167.36036858929714,17.4,-60.5,NE
storm,STORM,storm|8393|8_8393_6,8393,8_8393_6,4709,rank_2001_5000,0.0,22.09290324759681,intensity_distance_weighted_mps,13.4529148,0.0013452914798206279,2.0724907063196873,39.31818181818182,1,132.4487886872216,15.0,-61.19999999999999,SE
storm,STORM,storm|7055|7_7055_6,7055,7_7055_6,4716,rank_2001_5000,0.0,22.06492192993708,intensity_distance_weighted_mps,13.4529148,0.0013452914798206279,2.0667284522706053,27.15909090909091,0,72.07368625822325,15.9,-60.80000000000001,SE
storm,STORM,storm|3055|3_3055_10,3055,3_3055_10,4749,rank_2001_5000,0.0,21.945084154229384,intensity_distance_weighted_mps,13.4529148,0.0013452914798206279,2.060998151571149,53.75,3,180.58004593104252,17.6,-60.60000000000002,NE
storm,STORM,storm|7335|7_7335_14,7335,7_7335_14,4750,rank_2001_5000,0.0,21.94137823978745,intensity_distance_weighted_mps,13.4529148,0.0013452914798206279,2.0552995391704916,27.5,0,75.49929018639075,15.5,-61.5,SW
storm,STORM,storm|733|0_733_7,733,0_733_7,4829,rank_2001_5000,0.0,21.620451590152467,intensity_distance_weighted_mps,13.4529148,0.0013452914798206279,2.049632352941161,31.81818181818182,0,103.01741264281397,17.1,-61.39999999999998,NE
storm,STORM,storm|1539|1_1539_10,1539,1_1539_10,4838,rank_2001_5000,0.0,21.597722582410135,intensity_distance_weighted_mps,13.4529148,0.0013452914798206279,2.043996333638848,39.09090909090909,1,134.99626196441878,15.1,-62.0,SW
storm,STORM,storm|6387|6_6387_10,6387,6_6387_10,4842,rank_2001_5000,0.0,21.58728560165673,intensity_distance_weighted_mps,13.4529148,0.0013452914798206279,2.038391224862873,25.340909090909093,0,62.548600140111155,15.9,-60.89999999999998,SE
storm,STORM,storm|4281|4_4281_1,4281,4_4281_1,4859,rank_2001_5000,0.0,21.523739931527313,intensity_distance_weighted_mps,13.4529148,0.0013452914798206279,2.0328167730173043,26.250000000000004,0,70.28962055922305,16.8,-61.5,NW
storm,STORM,storm|3703|3_3703_13,3703,3_3703_13,4887,rank_2001_5000,0.0,21.42189941924527,intensity_distance_weighted_mps,13.4529148,0.0013452914798206279,2.027272727272712,33.06818181818182,1,110.60020436641189,15.2,-61.19999999999999,SE
storm,STORM,storm|1300|1_1300_0,1300,1_1300_0,4892,rank_2001_5000,0.0,21.41291306490075,intensity_distance_weighted_mps,13.4529148,0.0013452914798206279,2.021758839528543,61.477272727272734,4,205.17879982486693,17.8,-60.5,NE
storm,STORM,storm|5904|5_5904_9,5904,5_5904_9,4900,rank_2001_5000,0.0,21.38378687808977,intensity_distance_weighted_mps,13.4529148,0.0013452914798206279,2.0162748643761144,26.47727272727273,0,73.20765612203915,16.8,-61.19999999999999,NE
storm,STORM,storm|7146|7_7146_13,7146,7_7146_13,4902,rank_2001_5000,0.0,21.36439531109362,intensity_distance_weighted_mps,13.4529148,0.0013452914798206279,2.0108205590622026,55.227272727272734,3,188.84604144895115,17.8,-60.89999999999998,NE
storm,STORM,storm|7142|7_7142_4,7142,7_7142_4,4954,rank_2001_5000,0.0,21.129211521430292,intensity_distance_weighted_mps,13.4529148,0.0013452914798206279,2.0053956834532216,84.0909090909091,5,258.93325340737323,18.0,-59.89999999999998,NE
storm,STORM,storm|3486|3_3486_8,3486,3_3486_8,4989,rank_2001_5000,0.0,21.00641288916653,intensity_distance_weighted_mps,13.4529148,0.0013452914798206279,1.9999999999999845,31.590909090909093,0,106.47567599904404,16.3,-62.39999999999998,NW
storm,STORM,storm|6376|6_6376_6,6376,6_6376_6,5006,rank_5001_10000,0.0,20.943834360673073,intensity_distance_weighted_mps,27.17391304,0.002717391304347826,1.989189189189174,51.93181818181819,3,182.45670266442525,15.1,-62.69999999999999,SW
storm,STORM,storm|8153|8_8153_6,8153,8_8153_6,5007,rank_5001_10000,0.0,20.939312759259902,intensity_distance_weighted_mps,27.17391304,0.002717391304347826,1.9784946236558991,29.772727272727273,0,97.42588339761399,15.6,-62.10000000000002,SW
storm,STORM,storm|4039|4_4039_2,4039,4_4039_2,5067,rank_5001_10000,0.0,20.745424562940073,intensity_distance_weighted_mps,27.17391304,0.002717391304347826,1.9679144385026592,69.31818181818183,4,229.52313858242897,18.2,-61.0,NE
storm,STORM,storm|371|0_371_2,371,0_371_2,5140,rank_5001_10000,0.0,20.518316211994946,intensity_distance_weighted_mps,27.17391304,0.002717391304347826,1.957446808510624,62.727272727272734,4,215.14076454604339,18.1,-61.60000000000002,NW
storm,STORM,storm|5285|5_5285_10,5285,5_5285_10,5189,rank_5001_10000,0.0,20.317236483866417,intensity_distance_weighted_mps,27.17391304,0.002717391304347826,1.9470899470899332,73.52272727272728,5,242.73766394496334,17.2,-59.39999999999998,NE
storm,STORM,storm|9794|9_9794_6,9794,9_9794_6,5211,rank_5001_10000,0.0,20.211556487481644,intensity_distance_weighted_mps,27.17391304,0.002717391304347826,1.9368421052631444,23.06818181818182,0,56.39206792215229,15.7,-61.60000000000002,SW
storm,STORM,storm|210|0_210_12,210,0_210_12,5222,rank_5001_10000,0.0,20.18138353229945,intensity_distance_weighted_mps,27.17391304,0.002717391304347826,1.926701570680615,37.84090909090909,1,140.3153897424923,15.1,-62.10000000000002,SW
storm,STORM,storm|7160|7_7160_8,7160,7_7160_8,5247,rank_5001_10000,0.0,20.086256565976452,intensity_distance_weighted_mps,27.17391304,0.002717391304347826,1.9166666666666536,26.363636363636367,0,83.85538531905648,16.9,-61.19999999999999,NE
storm,STORM,storm|2163|2_2163_6,2163,2_2163_6,5266,rank_5001_10000,0.0,20.027742939633864,intensity_distance_weighted_mps,27.17391304,0.002717391304347826,1.906735751295324,52.727272727272734,3,191.6664101032616,17.6,-60.39999999999998,NE
storm,STORM,storm|8744|8_8744_1,8744,8_8744_1,5302,rank_5001_10000,0.0,19.863544001631656,intensity_distance_weighted_mps,27.17391304,0.002717391304347826,1.8969072164948328,68.40909090909092,4,234.49716130615178,18.2,-60.80000000000001,NE
storm,STORM,storm|7016|7_7016_3,7016,7_7016_3,5317,rank_5001_10000,0.0,19.808799028747238,intensity_distance_weighted_mps,27.17391304,0.002717391304347826,1.8871794871794751,50.227272727272734,3,185.8792431611943,14.8,-62.39999999999998,SW
storm,STORM,storm|3092|3_3092_11,3092,3_3092_11,5345,rank_5001_10000,0.0,19.727920234762312,intensity_distance_weighted_mps,27.17391304,0.002717391304347826,1.8775510204081514,33.75,1,126.46106183307053,17.2,-60.89999999999998,NE
storm,STORM,storm|4035|4_4035_7,4035,4_4035_7,5351,rank_5001_10000,0.0,19.71112898642488,intensity_distance_weighted_mps,27.17391304,0.002717391304347826,1.8680203045685164,52.95454545454546,3,194.7997226936559,17.9,-61.10000000000002,NE
storm,STORM,storm|6583|6_6583_1,6583,6_6583_1,5357,rank_5001_10000,0.0,19.692132755579845,intensity_distance_weighted_mps,27.17391304,0.002717391304347826,1.8585858585858472,56.13636363636364,3,204.06065495994446,14.4,-61.89999999999998,SW
storm,STORM,storm|5655|5_5655_8,5655,5_5655_8,5378,rank_5001_10000,0.0,19.599065476529503,intensity_distance_weighted_mps,27.17391304,0.002717391304347826,1.8492462311557678,80.45454545454545,5,264.31598167036174,18.5,-60.89999999999998,NE
storm,STORM,storm|5755|5_5755_14,5755,5_5755_14,5432,rank_5001_10000,0.0,19.411018341924905,intensity_distance_weighted_mps,27.17391304,0.002717391304347826,1.8399999999999892,53.409090909090914,3,198.51542019141837,14.4,-61.19999999999999,SE
storm,STORM,storm|5812|5_5812_4,5812,5_5812_4,5460,rank_5001_10000,0.0,19.350705239563197,intensity_distance_weighted_mps,27.17391304,0.002717391304347826,1.830845771144268,29.431818181818183,0,108.26724866324246,15.2,-61.39999999999998,SE
storm,STORM,storm|6295|6_6295_8,6295,6_6295_8,5471,rank_5001_10000,0.0,19.3141770790481,intensity_distance_weighted_mps,27.17391304,0.002717391304347826,1.8217821782178114,53.977272727272734,3,200.94945256168774,17.7,-60.39999999999998,NE
storm,STORM,storm|8844|8_8844_2,8844,8_8844_2,5480,rank_5001_10000,0.0,19.282585546059384,intensity_distance_weighted_mps,27.17391304,0.002717391304347826,1.812807881773389,44.09090909090909,2,170.14035486895338,17.7,-61.30000000000001,NE
storm,STORM,storm|9756|9_9756_5,9756,9_9756_5,5486,rank_5001_10000,0.0,19.26525772163082,intensity_distance_weighted_mps,27.17391304,0.002717391304347826,1.8039215686274412,45.113636363636374,2,173.7482747414045,17.4,-60.39999999999998,NE
storm,STORM,storm|5626|5_5626_13,5626,5_5626_13,5499,rank_5001_10000,0.0,19.238089573787295,intensity_distance_weighted_mps,27.17391304,0.002717391304347826,1.7951219512195027,38.18181818181819,1,148.84800542709976,17.5,-61.60000000000002,NW
storm,STORM,storm|9262|9_9262_4,9262,9_9262_4,5529,rank_5001_10000,0.0,19.17261268710317,intensity_distance_weighted_mps,27.17391304,0.002717391304347826,1.7864077669902818,36.477272727272734,1,142.50567035254957,17.4,-61.80000000000001,NW
storm,STORM,storm|7504|7_7504_6,7504,7_7504_6,5534,rank_5001_10000,0.0,19.153566002679757,intensity_distance_weighted_mps,27.17391304,0.002717391304347826,1.7777777777777686,37.727272727272734,1,147.71198340559883,16.6,-60.10000000000002,NE
storm,STORM,storm|180|0_180_3,180,0_180_3,5543,rank_5001_10000,0.0,19.118278474958593,intensity_distance_weighted_mps,27.17391304,0.002717391304347826,1.7692307692307603,57.95454545454546,3,213.78912334968896,17.0,-59.60000000000002,NE
storm,STORM,storm|3272|3_3272_8,3272,3_3272_8,5558,rank_5001_10000,0.0,19.067462444243375,intensity_distance_weighted_mps,27.17391304,0.002717391304347826,1.7607655502392259,48.29545454545455,2,185.71385278253223,15.5,-63.0,SW
storm,STORM,storm|3588|3_3588_6,3588,3_3588_6,5559,rank_5001_10000,0.0,19.059112273028504,intensity_distance_weighted_mps,27.17391304,0.002717391304347826,1.752380952380944,45.45454545454546,2,176.5242283472077,17.5,-60.5,NE
storm,STORM,storm|7799|7_7799_5,7799,7_7799_5,5563,rank_5001_10000,0.0,19.046262545818994,intensity_distance_weighted_mps,27.17391304,0.002717391304347826,1.744075829383878,38.06818181818182,1,149.9041108850022,17.0,-60.30000000000001,NE
storm,STORM,storm|568|0_568_4,568,0_568_4,5579,rank_5001_10000,0.0,18.98886416617444,intensity_distance_weighted_mps,27.17391304,0.002717391304347826,1.7358490566037656,52.159090909090914,3,198.25127327000922,14.4,-61.60000000000002,SW
storm,STORM,storm|9669|9_9669_5,9669,9_9669_5,5584,rank_5001_10000,0.0,18.970884057763303,intensity_distance_weighted_mps,27.17391304,0.002717391304347826,1.727699530516424,50.11363636363637,3,192.18786840391638,14.8,-62.5,SW
storm,STORM,storm|2477|2_2477_10,2477,2_2477_10,5587,rank_5001_10000,0.0,18.96260250334095,intensity_distance_weighted_mps,27.17391304,0.002717391304347826,1.7196261682242915,51.81818181818183,3,197.44532396066558,14.4,-61.5,SW
storm,STORM,storm|9332|9_9332_9,9332,9_9332_9,5601,rank_5001_10000,0.0,18.91076890034703,intensity_distance_weighted_mps,27.17391304,0.002717391304347826,1.7116279069767368,57.613636363636374,3,214.58938580966597,14.4,-62.19999999999999,SW
storm,STORM,storm|9889|9_9889_1,9889,9_9889_1,5618,rank_5001_10000,0.0,18.85595213102917,intensity_distance_weighted_mps,27.17391304,0.002717391304347826,1.7037037037036964,38.18181818181819,1,151.85759168413074,15.6,-62.69999999999999,SW
storm,STORM,storm|9335|9_9335_6,9335,9_9335_6,5672,rank_5001_10000,0.0,18.692950383659547,intensity_distance_weighted_mps,27.17391304,0.002717391304347826,1.6958525345622049,44.20454545454546,2,175.2351154130867,14.6,-61.5,SW
storm,STORM,storm|1738|1_1738_0,1738,1_1738_0,5714,rank_5001_10000,0.0,18.553812183820735,intensity_distance_weighted_mps,27.17391304,0.002717391304347826,1.688073394495406,55.0,3,210.23292632321915,18.0,-60.89999999999998,NE
storm,STORM,storm|11|0_11_11,11,0_11_11,5782,rank_5001_10000,0.0,18.333160984897813,intensity_distance_weighted_mps,27.17391304,0.002717391304347826,1.6803652968036462,70.79545454545455,5,253.7442558559124,14.4,-62.89999999999998,SW
storm,STORM,storm|8596|8_8596_2,8596,8_8596_2,5837,rank_5001_10000,0.0,18.17098690395884,intensity_distance_weighted_mps,27.17391304,0.002717391304347826,1.6727272727272662,71.13636363636364,5,256.0931925305388,14.0,-62.19999999999999,SW
storm,STORM,storm|3229|3_3229_10,3229,3_3229_10,5846,rank_5001_10000,0.0,18.142271016519217,intensity_distance_weighted_mps,27.17391304,0.002717391304347826,1.6651583710407176,28.522727272727277,0,113.46284140192222,16.7,-60.5,NE
storm,STORM,storm|4211|4_4211_2,4211,4_4211_2,5909,rank_5001_10000,0.0,17.894260057413813,intensity_distance_weighted_mps,27.17391304,0.002717391304347826,1.6576576576576516,46.81818181818183,2,190.70539345909438,14.5,-61.80000000000001,SW
storm,STORM,storm|25|0_25_6,25,0_25_6,5939,rank_5001_10000,0.0,17.818154636711743,intensity_distance_weighted_mps,27.17391304,0.002717391304347826,1.6502242152466309,40.45454545454546,1,169.0688073005595,14.7,-61.80000000000001,SW
storm,STORM,storm|4363|4_4363_7,4363,4_4363_7,5962,rank_5001_10000,0.0,17.736055167275588,intensity_distance_weighted_mps,27.17391304,0.002717391304347826,1.642857142857137,52.27272727272728,3,209.31627010578993,14.3,-61.60000000000002,SW
storm,STORM,storm|80|0_80_0,80,0_80_0,5972,rank_5001_10000,0.0,17.69527999412199,intensity_distance_weighted_mps,27.17391304,0.002717391304347826,1.6355555555555499,75.68181818181819,5,271.5351962587698,18.6,-61.69999999999999,NW
storm,STORM,storm|4058|4_4058_1,4058,4_4058_1,5977,rank_5001_10000,0.0,17.684459717389043,intensity_distance_weighted_mps,27.17391304,0.002717391304347826,1.628318584070791,47.04545454545455,2,193.2772529117685,17.9,-61.19999999999999,NE
storm,STORM,storm|5248|5_5248_1,5248,5_5248_1,5994,rank_5001_10000,0.0,17.62635270716146,intensity_distance_weighted_mps,27.17391304,0.002717391304347826,1.6211453744493338,69.54545454545456,4,257.4385711991614,18.0,-62.89999999999998,NW
storm,STORM,storm|9775|9_9775_9,9775,9_9775_9,6007,rank_5001_10000,0.0,17.558918725138813,intensity_distance_weighted_mps,27.17391304,0.002717391304347826,1.614035087719293,27.95454545454546,0,115.41645032718183,17.1,-61.89999999999998,NW
storm,STORM,storm|8884|8_8884_3,8884,8_8884_3,6015,rank_5001_10000,0.0,17.53438329118622,intensity_distance_weighted_mps,27.17391304,0.002717391304347826,1.6069868995633139,41.81818181818182,1,176.5242283472077,17.5,-60.5,NE
storm,STORM,storm|9717|9_9717_11,9717,9_9717_11,6017,rank_5001_10000,0.0,17.516815519063723,intensity_distance_weighted_mps,27.17391304,0.002717391304347826,1.5999999999999952,65.00000000000001,4,246.96397100846215,14.9,-63.30000000000001,SW
storm,STORM,storm|5083|5_5083_10,5083,5_5083_10,6019,rank_5001_10000,0.0,17.508976802751523,intensity_distance_weighted_mps,27.17391304,0.002717391304347826,1.5930735930735884,37.045454545454554,1,158.4469956500668,17.3,-60.5,NE
storm,STORM,storm|5326|5_5326_8,5326,5_5326_8,6034,rank_5001_10000,0.0,17.46388852063279,intensity_distance_weighted_mps,27.17391304,0.002717391304347826,1.5862068965517195,35.68181818181818,1,153.20406698521194,14.8,-61.30000000000001,SE
storm,STORM,storm|8943|8_8943_15,8943,8_8943_15,6050,rank_5001_10000,0.0,17.43355096722256,intensity_distance_weighted_mps,27.17391304,0.002717391304347826,1.579399141630897,24.65909090909091,0,96.56805499236332,16.6,-62.19999999999999,NW
storm,STORM,storm|2999|2_2999_6,2999,2_2999_6,6086,rank_5001_10000,0.0,17.352856565068503,intensity_distance_weighted_mps,27.17391304,0.002717391304347826,1.5726495726495684,46.81818181818183,2,195.4615733484687,17.7,-60.5,NE
storm,STORM,storm|6468|6_6468_4,6468,6_6468_4,6089,rank_5001_10000,0.0,17.346006440581938,intensity_distance_weighted_mps,27.17391304,0.002717391304347826,1.5659574468085065,33.86363636363637,1,146.37448267264332,17.3,-60.69999999999999,NE
storm,STORM,storm|851|0_851_8,851,0_851_8,6137,rank_5001_10000,0.0,17.198581730487312,intensity_distance_weighted_mps,27.17391304,0.002717391304347826,1.5593220338983012,55.3409090909091,3,223.3821858843699,14.2,-61.80000000000001,SW
storm,STORM,storm|2946|2_2946_8,2946,2_2946_8,6138,rank_5001_10000,0.0,17.198378177374273,intensity_distance_weighted_mps,27.17391304,0.002717391304347826,1.5527426160337514,72.8409090909091,5,269.805593903455,18.6,-61.39999999999998,NE
storm,STORM,storm|3794|3_3794_5,3794,3_3794_5,6154,rank_5001_10000,0.0,17.15770554225573,intensity_distance_weighted_mps,27.17391304,0.002717391304347826,1.5462184873949543,50.56818181818182,3,209.31627010578993,14.3,-61.60000000000002,SW
storm,STORM,storm|8645|8_8645_1,8645,8_8645_1,6159,rank_5001_10000,0.0,17.13608688292435,intensity_distance_weighted_mps,27.17391304,0.002717391304347826,1.5397489539748919,55.90909090909092,3,225.63172125143902,14.2,-61.89999999999998,SW
storm,STORM,storm|6322|6_6322_2,6322,6_6322_2,6162,rank_5001_10000,0.0,17.12988435948487,intensity_distance_weighted_mps,27.17391304,0.002717391304347826,1.5333333333333299,39.659090909090914,1,172.02318796534283,14.7,-61.89999999999998,SW
storm,STORM,storm|7413|7_7413_8,7413,7_7413_8,6239,rank_5001_10000,0.0,16.898716004303715,intensity_distance_weighted_mps,27.17391304,0.002717391304347826,1.5269709543568433,63.75000000000001,4,249.76130456559287,18.4,-61.10000000000002,NE
storm,STORM,storm|1481|1_1481_1,1481,1_1481_1,6249,rank_5001_10000,0.0,16.8659417825399,intensity_distance_weighted_mps,27.17391304,0.002717391304347826,1.5206611570247903,51.25000000000001,3,214.17290496801994,14.5,-62.39999999999998,SW
storm,STORM,storm|6786|6_6786_3,6786,6_6786_3,6302,rank_5001_10000,0.0,16.72038557894326,intensity_distance_weighted_mps,27.17391304,0.002717391304347826,1.5144032921810668,43.52272727272727,2,189.9129083744088,14.6,-62.10000000000002,SW
storm,STORM,storm|974|0_974_10,974,0_974_10,6313,rank_5001_10000,0.0,16.692097730129216,intensity_distance_weighted_mps,27.17391304,0.002717391304347826,1.5081967213114724,29.431818181818183,0,131.043579910887,15.0,-61.30000000000001,SE
storm,STORM,storm|9924|9_9924_3,9924,9_9924_3,6325,rank_5001_10000,0.0,16.66068615581236,intensity_distance_weighted_mps,27.17391304,0.002717391304347826,1.5020408163265278,41.36363636363637,1,182.6498116979866,14.6,-61.89999999999998,SW
storm,STORM,storm|7507|7_7507_3,7507,7_7507_3,6332,rank_5001_10000,0.0,16.634936938597704,intensity_distance_weighted_mps,27.17391304,0.002717391304347826,1.4959349593495908,36.5909090909091,1,164.29226773705182,14.7,-61.30000000000001,SE
storm,STORM,storm|7220|7_7220_0,7220,7_7220_0,6373,rank_5001_10000,0.0,16.506800277965343,intensity_distance_weighted_mps,27.17391304,0.002717391304347826,1.4898785425101189,43.18181818181819,2,190.68308540203572,15.1,-62.80000000000001,SW
storm,STORM,storm|2329|2_2329_1,2329,2_2329_1,6376,rank_5001_10000,0.0,16.49973968895363,intensity_distance_weighted_mps,27.17391304,0.002717391304347826,1.483870967741933,42.8409090909091,2,189.52662913660828,14.7,-62.30000000000001,SW
storm,STORM,storm|6410|6_6410_10,6410,6_6410_10,6379,rank_5001_10000,0.0,16.494370132144926,intensity_distance_weighted_mps,27.17391304,0.002717391304347826,1.477911646586343,37.61363636363637,1,169.73163846950152,17.7,-61.39999999999998,NE
storm,STORM,storm|8694|8_8694_5,8694,8_8694_5,6401,rank_5001_10000,0.0,16.436069639378417,intensity_distance_weighted_mps,27.17391304,0.002717391304347826,1.4719999999999978,50.34090909090909,3,215.4384018774767,14.3,-60.89999999999998,SE
storm,STORM,storm|6830|6_6830_2,6830,6_6830_2,6403,rank_5001_10000,0.0,16.420933026132985,intensity_distance_weighted_mps,27.17391304,0.002717391304347826,1.4661354581673285,21.477272727272727,0,83.23585901718393,16.9,-61.60000000000002,NW
storm,STORM,storm|5427|5_5427_4,5427,5_5427_4,6409,rank_5001_10000,0.0,16.392617409770313,intensity_distance_weighted_mps,27.17391304,0.002717391304347826,1.4603174603174582,40.68181818181818,1,182.58862576439765,17.5,-60.39999999999998,NE
storm,STORM,storm|7876|7_7876_7,7876,7_7876_7,6493,rank_5001_10000,0.0,16.14364896595602,intensity_distance_weighted_mps,27.17391304,0.002717391304347826,1.4545454545454526,66.25,4,264.2632638929065,18.3,-60.30000000000001,NE
storm,STORM,storm|9367|9_9367_8,9367,9_9367_8,6521,rank_5001_10000,0.0,16.046135215374626,intensity_distance_weighted_mps,27.17391304,0.002717391304347826,1.4488188976377936,42.61363636363637,1,193.01070155204647,17.9,-61.60000000000002,NW
storm,STORM,storm|196|0_196_3,196,0_196_3,6540,rank_5001_10000,0.0,15.973680747242113,intensity_distance_weighted_mps,27.17391304,0.002717391304347826,1.4431372549019592,69.43181818181819,4,274.4073062326752,18.3,-60.10000000000002,NE
storm,STORM,storm|9893|9_9893_11,9893,9_9893_11,6602,rank_5001_10000,0.0,15.808002262120763,intensity_distance_weighted_mps,27.17391304,0.002717391304347826,1.4374999999999984,36.81818181818182,1,172.92892683874453,17.7,-61.10000000000002,NE
storm,STORM,storm|3190|3_3190_5,3190,3_3190_5,6622,rank_5001_10000,0.0,15.771117151325246,intensity_distance_weighted_mps,27.17391304,0.002717391304347826,1.4319066147859907,38.40909090909091,1,179.71271538017854,14.7,-62.10000000000002,SW
storm,STORM,storm|7012|7_7012_2,7012,7_7012_2,6676,rank_5001_10000,0.0,15.609633855788363,intensity_distance_weighted_mps,27.17391304,0.002717391304347826,1.4263565891472854,26.704545454545457,0,126.46106183307053,17.2,-60.89999999999998,NE
storm,STORM,storm|7415|7_7415_11,7415,7_7415_11,6694,rank_5001_10000,0.0,15.55284586872521,intensity_distance_weighted_mps,27.17391304,0.002717391304347826,1.4208494208494196,54.54545454545455,3,237.5075778381316,18.3,-61.19999999999999,NE
storm,STORM,storm|7903|7_7903_9,7903,7_7903_9,6723,rank_5001_10000,0.0,15.448493664504875,intensity_distance_weighted_mps,27.17391304,0.002717391304347826,1.4153846153846141,25.56818181818182,0,121.40365287926329,17.2,-61.80000000000001,NW
storm,STORM,storm|3032|3_3032_5,3032,3_3032_5,6726,rank_5001_10000,0.0,15.440148780823607,intensity_distance_weighted_mps,27.17391304,0.002717391304347826,1.4099616858237538,39.88636363636364,1,188.74320735158315,17.2,-60.0,NE
storm,STORM,storm|7764|7_7764_12,7764,7_7764_12,6750,rank_5001_10000,0.0,15.359088203190106,intensity_distance_weighted_mps,27.17391304,0.002717391304347826,1.4045801526717547,38.97727272727273,1,186.00807467582882,14.6,-62.0,SW
storm,STORM,storm|5645|5_5645_10,5645,5_5645_10,6775,rank_5001_10000,0.0,15.2917432727482,intensity_distance_weighted_mps,27.17391304,0.002717391304347826,1.3992395437262348,33.63636363636364,1,164.29226773705182,14.7,-61.30000000000001,SE
storm,STORM,storm|8312|8_8312_10,8312,8_8312_10,6791,rank_5001_10000,0.0,15.244343193675682,intensity_distance_weighted_mps,27.17391304,0.002717391304347826,1.3939393939393931,52.27272727272728,3,233.77834525613937,14.3,-62.39999999999998,SW
storm,STORM,storm|70|0_70_10,70,0_70_10,6794,rank_5001_10000,0.0,15.238962754991675,intensity_distance_weighted_mps,27.17391304,0.002717391304347826,1.3886792452830181,63.295454545454554,4,266.3726227868225,17.6,-59.39999999999998,NE
storm,STORM,storm|243|0_243_12,243,0_243_12,6825,rank_5001_10000,0.0,15.143349222252379,intensity_distance_weighted_mps,27.17391304,0.002717391304347826,1.3834586466165408,69.54545454545456,4,284.3073868422327,18.5,-60.30000000000001,NE
storm,STORM,storm|6333|6_6333_1,6333,6_6333_1,6865,rank_5001_10000,0.0,15.025366049021416,intensity_distance_weighted_mps,27.17391304,0.002717391304347826,1.3782771535580518,51.70454545454546,3,234.3627222800526,17.5,-59.69999999999999,NE
storm,STORM,storm|3859|3_3859_10,3859,3_3859_10,6887,rank_5001_10000,0.0,14.972511983361844,intensity_distance_weighted_mps,27.17391304,0.002717391304347826,1.3731343283582085,33.06818181818182,1,164.90402505630166,14.9,-62.19999999999999,SW
storm,STORM,storm|6877|6_6877_1,6877,6_6877_1,6900,rank_5001_10000,0.0,14.933318397862635,intensity_distance_weighted_mps,27.17391304,0.002717391304347826,1.3680297397769514,37.61363636363637,1,184.85775140679098,17.7,-62.10000000000002,NW
storm,STORM,storm|674|0_674_1,674,0_674_1,6903,rank_5001_10000,0.0,14.930417908933732,intensity_distance_weighted_mps,27.17391304,0.002717391304347826,1.3629629629629627,51.363636363636374,3,234.31713360012415,14.1,-61.80000000000001,SW
storm,STORM,storm|7425|7_7425_13,7425,7_7425_13,6911,rank_5001_10000,0.0,14.910117008413927,intensity_distance_weighted_mps,27.17391304,0.002717391304347826,1.3579335793357932,58.18181818181819,4,255.53636806723267,18.1,-60.10000000000002,NE
storm,STORM,storm|2851|2_2851_10,2851,2_2851_10,6975,rank_5001_10000,0.0,14.755700339630616,intensity_distance_weighted_mps,27.17391304,0.002717391304347826,1.352941176470588,65.79545454545455,4,278.97522255596147,18.4,-60.19999999999999,NE
storm,STORM,storm|7273|7_7273_7,7273,7_7273_7,6986,rank_5001_10000,0.0,14.735263318098765,intensity_distance_weighted_mps,27.17391304,0.002717391304347826,1.3479853479853479,49.43181818181819,3,230.17358697435955,16.6,-59.30000000000001,NE
storm,STORM,storm|7576|7_7576_3,7576,7_7576_3,6993,rank_5001_10000,0.0,14.716489246490392,intensity_distance_weighted_mps,27.17391304,0.002717391304347826,1.343065693430657,35.45454545454546,1,178.06279003021547,17.3,-62.60000000000002,NW
storm,STORM,storm|5238|5_5238_5,5238,5_5238_5,7000,rank_5001_10000,0.0,14.707402110115236,intensity_distance_weighted_mps,27.17391304,0.002717391304347826,1.3381818181818184,40.909090909090914,1,200.21099219685948,14.5,-62.10000000000002,SW
storm,STORM,storm|9029|9_9029_2,9029,9_9029_2,7075,rank_5001_10000,0.0,14.508873800328908,intensity_distance_weighted_mps,27.17391304,0.002717391304347826,1.3333333333333335,41.36363636363637,1,204.07277303695437,18.0,-61.60000000000002,NW
storm,STORM,storm|9840|9_9840_9,9840,9_9840_9,7094,rank_5001_10000,0.0,14.47329717418305,intensity_distance_weighted_mps,27.17391304,0.002717391304347826,1.328519855595668,56.477272727272734,3,255.53636806723267,18.1,-60.10000000000002,NE
storm,STORM,storm|5848|5_5848_4,5848,5_5848_4,7095,rank_5001_10000,0.0,14.472631437911588,intensity_distance_weighted_mps,27.17391304,0.002717391304347826,1.323741007194245,56.70454545454546,3,256.2346690201333,13.9,-61.80000000000001,SW
storm,STORM,storm|6893|6_6893_5,6893,6_6893_5,7119,rank_5001_10000,0.0,14.410464055702459,intensity_distance_weighted_mps,27.17391304,0.002717391304347826,1.3189964157706098,59.659090909090914,4,265.8000008397409,18.4,-60.5,NE
storm,STORM,storm|3649|3_3649_1,3649,3_3649_1,7137,rank_5001_10000,0.0,14.371447364204421,intensity_distance_weighted_mps,27.17391304,0.002717391304347826,1.3142857142857147,58.977272727272734,4,264.2632638929065,18.3,-60.30000000000001,NE
storm,STORM,storm|7259|7_7259_6,7259,7_7259_6,7196,rank_5001_10000,0.0,14.215418428361687,intensity_distance_weighted_mps,27.17391304,0.002717391304347826,1.3096085409252676,49.0909090909091,2,234.94791670202667,16.4,-63.60000000000002,NW
storm,STORM,storm|3110|3_3110_7,3110,3_3110_7,7219,rank_5001_10000,0.0,14.166640168434881,intensity_distance_weighted_mps,27.17391304,0.002717391304347826,1.3049645390070927,64.31818181818183,4,282.2279176300764,13.7,-62.0,SW
storm,STORM,storm|3451|3_3451_0,3451,3_3451_0,7242,rank_5001_10000,0.0,14.122513484613576,intensity_distance_weighted_mps,27.17391304,0.002717391304347826,1.3003533568904602,66.93181818181819,4,290.0617646421971,17.7,-59.19999999999999,NE
storm,STORM,storm|8851|8_8851_5,8851,8_8851_5,7284,rank_5001_10000,0.0,14.009635674094957,intensity_distance_weighted_mps,27.17391304,0.002717391304347826,1.2957746478873247,78.86363636363637,5,322.73511732829144,13.6,-62.80000000000001,SW
storm,STORM,storm|1499|1_1499_5,1499,1_1499_5,7295,rank_5001_10000,0.0,13.990364183422765,intensity_distance_weighted_mps,27.17391304,0.002717391304347826,1.2912280701754395,29.090909090909093,0,155.8378897948262,14.8,-61.69999999999999,SW
storm,STORM,storm|3872|3_3872_1,3872,3_3872_1,7308,rank_5001_10000,0.0,13.949832069001506,intensity_distance_weighted_mps,27.17391304,0.002717391304347826,1.2867132867132876,32.84090909090909,0,174.55613958139634,14.8,-62.19999999999999,SW
storm,STORM,storm|7491|7_7491_2,7491,7_7491_2,7333,rank_5001_10000,0.0,13.906055011297797,intensity_distance_weighted_mps,27.17391304,0.002717391304347826,1.2822299651567954,52.38636363636364,3,249.52183799004695,14.1,-62.30000000000001,SW
storm,STORM,storm|7231|7_7231_3,7231,7_7231_3,7352,rank_5001_10000,0.0,13.8583381330005,intensity_distance_weighted_mps,27.17391304,0.002717391304347826,1.2777777777777788,23.522727272727273,0,125.26302247088375,15.2,-62.0,SW
storm,STORM,storm|5337|5_5337_6,5337,5_5337_6,7393,rank_5001_10000,0.0,13.768562941398026,intensity_distance_weighted_mps,27.17391304,0.002717391304347826,1.2733564013840841,30.454545454545457,0,165.1288072691865,17.1,-60.19999999999999,NE
storm,STORM,storm|3702|3_3702_1,3702,3_3702_1,7425,rank_5001_10000,0.0,13.673420429494316,intensity_distance_weighted_mps,27.17391304,0.002717391304347826,1.2689655172413805,70.68181818181819,5,306.28243615086205,18.9,-61.0,NE
storm,STORM,storm|3998|3_3998_1,3998,3_3998_1,7435,rank_5001_10000,0.0,13.655065383811833,intensity_distance_weighted_mps,27.17391304,0.002717391304347826,1.2646048109965649,60.11363636363637,4,276.679696529052,16.8,-58.89999999999998,NE
storm,STORM,storm|6939|6_6939_4,6939,6_6939_4,7448,rank_5001_10000,0.0,13.621371020882592,intensity_distance_weighted_mps,27.17391304,0.002717391304347826,1.260273972602741,27.95454545454546,0,153.86932228207638,15.9,-60.0,SE
storm,STORM,storm|507|0_507_5,507,0_507_5,7496,rank_5001_10000,0.0,13.509945103406586,intensity_distance_weighted_mps,27.17391304,0.002717391304347826,1.2559726962457352,48.52272727272728,2,241.478115428938,17.6,-59.69999999999999,NE
storm,STORM,storm|2130|2_2130_13,2130,2_2130_13,7508,rank_5001_10000,0.0,13.473042889373852,intensity_distance_weighted_mps,27.17391304,0.002717391304347826,1.2517006802721102,30.90909090909091,0,170.6406281413698,14.9,-62.30000000000001,SW
storm,STORM,storm|2258|2_2258_2,2258,2_2258_2,7592,rank_5001_10000,0.0,13.28044144268195,intensity_distance_weighted_mps,27.17391304,0.002717391304347826,1.2474576271186455,32.50000000000001,0,180.4499257223021,14.6,-61.0,SE
storm,STORM,storm|9838|9_9838_16,9838,9_9838_16,7628,rank_5001_10000,0.0,13.186677306624127,intensity_distance_weighted_mps,27.17391304,0.002717391304347826,1.2432432432432448,63.52272727272727,4,293.06444726922405,17.0,-58.80000000000001,NE
storm,STORM,storm|7904|7_7904_1,7904,7_7904_1,7826,rank_5001_10000,0.0,12.714509384132406,intensity_distance_weighted_mps,27.17391304,0.002717391304347826,1.2390572390572405,53.75,3,269.4767312974345,18.5,-60.69999999999999,NE
storm,STORM,storm|2982|2_2982_6,2982,2_2982_6,7846,rank_5001_10000,0.0,12.691622502572425,intensity_distance_weighted_mps,27.17391304,0.002717391304347826,1.234899328859062,47.95454545454546,2,250.02983837706518,14.3,-62.69999999999999,SW
storm,STORM,storm|290|0_290_9,290,0_290_9,7868,rank_5001_10000,0.0,12.642542302063324,intensity_distance_weighted_mps,27.17391304,0.002717391304347826,1.2307692307692324,40.79545454545455,1,223.83897818147827,18.1,-60.80000000000001,NE
storm,STORM,storm|8556|8_8556_1,8556,8_8556_1,7925,rank_5001_10000,0.0,12.523719032309085,intensity_distance_weighted_mps,27.17391304,0.002717391304347826,1.2266666666666683,35.00000000000001,1,200.94945256168774,17.7,-60.39999999999998,NE
storm,STORM,storm|3879|3_3879_3,3879,3_3879_3,7967,rank_5001_10000,0.0,12.442494820186408,intensity_distance_weighted_mps,27.17391304,0.002717391304347826,1.2225913621262476,69.88636363636364,4,322.2993024812186,18.5,-59.60000000000002,NE
storm,STORM,storm|7979|7_7979_8,7979,7_7979_8,7974,rank_5001_10000,0.0,12.423974847211372,intensity_distance_weighted_mps,27.17391304,0.002717391304347826,1.2185430463576177,23.295454545454547,0,140.3153897424923,15.1,-62.10000000000002,SW
storm,STORM,storm|8090|8_8090_8,8090,8_8090_8,7989,rank_5001_10000,0.0,12.400697222856538,intensity_distance_weighted_mps,27.17391304,0.002717391304347826,1.2145214521452163,62.15909090909092,4,300.470184103341,16.3,-58.60000000000002,NE
storm,STORM,storm|4063|4_4063_2,4063,4_4063_2,8000,rank_5001_10000,0.0,12.387758789796736,intensity_distance_weighted_mps,27.17391304,0.002717391304347826,1.2105263157894757,69.31818181818183,4,321.5637571678844,18.9,-60.39999999999998,NE
storm,STORM,storm|6828|6_6828_3,6828,6_6828_3,8009,rank_5001_10000,0.0,12.378310962045962,intensity_distance_weighted_mps,27.17391304,0.002717391304347826,1.2065573770491824,32.38636363636364,0,190.70539345909438,14.5,-61.80000000000001,SW
storm,STORM,storm|3002|3_3002_2,3002,3_3002_2,8021,rank_5001_10000,0.0,12.354897512757027,intensity_distance_weighted_mps,27.17391304,0.002717391304347826,1.2026143790849693,54.54545454545455,3,277.1911211993595,13.8,-62.19999999999999,SW
storm,STORM,storm|3578|3_3578_4,3578,3_3578_4,8055,rank_5001_10000,0.0,12.2883887757214,intensity_distance_weighted_mps,27.17391304,0.002717391304347826,1.1986970684039109,52.04545454545455,3,269.805593903455,18.6,-61.39999999999998,NE
storm,STORM,storm|6858|6_6858_8,6858,6_6858_8,8118,rank_5001_10000,0.0,12.160213505988684,intensity_distance_weighted_mps,27.17391304,0.002717391304347826,1.194805194805197,26.250000000000004,0,161.46294332935287,14.8,-61.89999999999998,SW
storm,STORM,storm|9628|9_9628_1,9628,9_9628_1,8123,rank_5001_10000,0.0,12.15018407405567,intensity_distance_weighted_mps,27.17391304,0.002717391304347826,1.1909385113268631,28.97727272727273,0,176.5242283472077,17.5,-60.5,NE
storm,STORM,storm|3591|3_3591_9,3591,3_3591_9,8134,rank_5001_10000,0.0,12.124576991672654,intensity_distance_weighted_mps,27.17391304,0.002717391304347826,1.1870967741935505,55.68181818181819,3,284.3073868422327,18.5,-60.30000000000001,NE
storm,STORM,storm|7205|7_7205_2,7205,7_7205_2,8176,rank_5001_10000,0.0,12.037247957194163,intensity_distance_weighted_mps,27.17391304,0.002717391304347826,1.1832797427652757,25.113636363636367,0,156.34052342916974,14.8,-61.10000000000002,SE
storm,STORM,storm|7343|7_7343_8,7343,7_7343_8,8198,rank_5001_10000,0.0,11.987862971552365,intensity_distance_weighted_mps,27.17391304,0.002717391304347826,1.1794871794871817,32.84090909090909,0,197.83591041943876,17.6,-60.30000000000001,NE
storm,STORM,storm|3789|3_3789_13,3789,3_3789_13,8206,rank_5001_10000,0.0,11.968967816570544,intensity_distance_weighted_mps,27.17391304,0.002717391304347826,1.175718849840258,46.25000000000001,2,253.85741558232442,17.4,-59.39999999999998,NE
storm,STORM,storm|41|0_41_3,41,0_41_3,8224,rank_5001_10000,0.0,11.945736041087672,intensity_distance_weighted_mps,27.17391304,0.002717391304347826,1.171974522292996,62.50000000000001,4,308.577103269411,18.6,-60.0,NE
storm,STORM,storm|3696|3_3696_13,3696,3_3696_13,8274,rank_5001_10000,0.0,11.841044417937038,intensity_distance_weighted_mps,27.17391304,0.002717391304347826,1.1682539682539708,57.72727272727273,3,295.2823134425135,18.8,-61.0,NE
storm,STORM,storm|6469|6_6469_1,6469,6_6469_1,8290,rank_5001_10000,0.0,11.804459338529199,intensity_distance_weighted_mps,27.17391304,0.002717391304347826,1.1645569620253189,50.11363636363637,3,270.22132549963726,13.9,-62.30000000000001,SW
storm,STORM,storm|8734|8_8734_7,8734,8_8734_7,8312,rank_5001_10000,0.0,11.768397587934817,intensity_distance_weighted_mps,27.17391304,0.002717391304347826,1.1608832807571003,26.818181818181824,0,169.62807345227435,14.8,-62.10000000000002,SW
storm,STORM,storm|3802|3_3802_5,3802,3_3802_5,8319,rank_5001_10000,0.0,11.752403699112119,intensity_distance_weighted_mps,27.17391304,0.002717391304347826,1.1572327044025184,34.659090909090914,1,209.415610027159,17.1,-59.69999999999999,NE
storm,STORM,storm|5938|5_5938_11,5938,5_5938_11,8327,rank_5001_10000,0.0,11.730803675992172,intensity_distance_weighted_mps,27.17391304,0.002717391304347826,1.1536050156739839,44.09090909090909,2,249.13362061957827,17.8,-59.80000000000001,NE
storm,STORM,storm|2016|2_2016_11,2016,2_2016_11,8333,rank_5001_10000,0.0,11.717155407450097,intensity_distance_weighted_mps,27.17391304,0.002717391304347826,1.1500000000000026,36.02272727272727,1,216.03946137606098,17.8,-60.30000000000001,NE
storm,STORM,storm|1842|1_1842_5,1842,1_1842_5,8337,rank_5001_10000,0.0,11.712153436230972,intensity_distance_weighted_mps,27.17391304,0.002717391304347826,1.1464174454828688,20.577775348295454,0,130.50510052731786,15.0,-61.39999999999998,SE
storm,STORM,storm|7390|7_7390_7,7390,7_7390_7,8363,rank_5001_10000,0.0,11.65032754206372,intensity_distance_weighted_mps,27.17391304,0.002717391304347826,1.1428571428571457,40.79545454545455,1,237.24942437578537,17.9,-60.10000000000002,NE
storm,STORM,storm|3024|3_3024_10,3024,3_3024_10,8402,rank_5001_10000,0.0,11.584563584789198,intensity_distance_weighted_mps,27.17391304,0.002717391304347826,1.1393188854489191,58.06818181818183,4,300.470184103341,16.3,-58.60000000000002,NE
storm,STORM,storm|2238|2_2238_3,2238,2_2238_3,8477,rank_5001_10000,0.0,11.46269176636261,intensity_distance_weighted_mps,27.17391304,0.002717391304347826,1.1358024691358053,43.18181818181819,2,249.52183799004695,14.1,-62.30000000000001,SW
storm,STORM,storm|8416|8_8416_7,8416,8_8416_7,8501,rank_5001_10000,0.0,11.420468239760655,intensity_distance_weighted_mps,27.17391304,0.002717391304347826,1.1323076923076951,59.77272727272728,4,308.6438932202766,13.4,-61.30000000000001,SE
storm,STORM,storm|1373|1_1373_0,1373,1_1373_0,8527,rank_5001_10000,0.0,11.373639223868432,intensity_distance_weighted_mps,27.17391304,0.002717391304347826,1.1288343558282237,39.20454545454546,1,234.64170677023486,15.6,-59.30000000000001,SE
storm,STORM,storm|5441|5_5441_9,5441,5_5441_9,8584,rank_5001_10000,0.0,11.259844820411269,intensity_distance_weighted_mps,27.17391304,0.002717391304347826,1.1253822629969448,30.79545454545455,0,197.5779803262004,14.4,-61.30000000000001,SE
storm,STORM,storm|3064|3_3064_4,3064,3_3064_4,8596,rank_5001_10000,0.0,11.246609029125604,intensity_distance_weighted_mps,27.17391304,0.002717391304347826,1.1219512195121981,50.45454545454546,3,280.07055550522523,18.5,-60.39999999999998,NE
storm,STORM,storm|5312|5_5312_10,5312,5_5312_10,8681,rank_5001_10000,0.0,11.111613625354131,intensity_distance_weighted_mps,27.17391304,0.002717391304347826,1.1185410334346535,37.84090909090909,1,232.64646026425484,14.1,-61.69999999999999,SW
storm,STORM,storm|6902|6_6902_4,6902,6_6902_4,8722,rank_5001_10000,0.0,11.028694225423543,intensity_distance_weighted_mps,27.17391304,0.002717391304347826,1.1151515151515181,63.06818181818183,4,325.8334875586338,19.0,-60.60000000000002,NE
storm,STORM,storm|9993|9_9993_2,9993,9_9993_2,8732,rank_5001_10000,0.0,10.999770509419603,intensity_distance_weighted_mps,27.17391304,0.002717391304347826,1.111782477341393,33.18181818181819,1,213.01013321559634,17.2,-63.10000000000002,NW
storm,STORM,storm|9810|9_9810_7,9810,9_9810_7,8785,rank_5001_10000,0.0,10.912535537889411,intensity_distance_weighted_mps,27.17391304,0.002717391304347826,1.1084337349397622,51.47727272727273,3,289.20297543702975,13.6,-61.80000000000001,SW
storm,STORM,storm|8732|8_8732_1,8732,8_8732_1,8825,rank_5001_10000,0.0,10.83676151874578,intensity_distance_weighted_mps,27.17391304,0.002717391304347826,1.1051051051051082,37.159090909090914,1,233.77801177433508,17.7,-59.89999999999998,NE
storm,STORM,storm|3394|3_3394_0,3394,3_3394_0,8867,rank_5001_10000,0.0,10.765463430190955,intensity_distance_weighted_mps,27.17391304,0.002717391304347826,1.1017964071856319,44.43181818181819,2,265.26071856135076,14.2,-62.80000000000001,SW
storm,STORM,storm|2709|2_2709_7,2709,2_2709_7,8893,rank_5001_10000,0.0,10.71627399758885,intensity_distance_weighted_mps,27.17391304,0.002717391304347826,1.0985074626865703,56.477272727272734,3,309.96817162164524,13.4,-61.69999999999999,SW
storm,STORM,storm|1415|1_1415_8,1415,1_1415_8,8906,rank_5001_10000,0.0,10.688798159036342,intensity_distance_weighted_mps,27.17391304,0.002717391304347826,1.0952380952380985,42.727272727272734,2,259.69449047521834,18.3,-60.39999999999998,NE
storm,STORM,storm|8510|8_8510_2,8510,8_8510_2,8951,rank_5001_10000,0.0,10.62847879480387,intensity_distance_weighted_mps,27.17391304,0.002717391304347826,1.0919881305638015,49.43181818181819,3,286.60928452909656,18.6,-60.5,NE
storm,STORM,storm|5409|5_5409_6,5409,5_5409_6,8967,rank_5001_10000,0.0,10.602134298348066,intensity_distance_weighted_mps,27.17391304,0.002717391304347826,1.0887573964497075,61.81818181818182,4,329.68382355841237,14.0,-63.5,SW
storm,STORM,storm|568|0_568_12,568,0_568_12,8977,rank_5001_10000,0.0,10.587085713016556,intensity_distance_weighted_mps,27.17391304,0.002717391304347826,1.0855457227138676,55.11363636363637,3,307.6185855417476,18.8,-60.5,NE
storm,STORM,storm|2545|2_2545_2,2545,2_2545_2,8985,rank_5001_10000,0.0,10.572745476222426,intensity_distance_weighted_mps,27.17391304,0.002717391304347826,1.082352941176474,25.795454545454547,0,179.9879141777219,14.8,-62.30000000000001,SW
storm,STORM,storm|5524|5_5524_7,5524,5_5524_7,8994,rank_5001_10000,0.0,10.557742416386613,intensity_distance_weighted_mps,27.17391304,0.002717391304347826,1.079178885630502,39.77272727272727,1,249.52183799004695,14.1,-62.30000000000001,SW
storm,STORM,storm|9514|9_9514_17,9514,9_9514_17,9027,rank_5001_10000,0.0,10.510278967553795,intensity_distance_weighted_mps,27.17391304,0.002717391304347826,1.076023391812869,59.20454545454546,4,322.86654880080914,13.4,-62.30000000000001,SW
storm,STORM,storm|5546|5_5546_5,5546,5_5546_5,9057,rank_5001_10000,0.0,10.458939201778499,intensity_distance_weighted_mps,27.17391304,0.002717391304347826,1.0728862973760969,45.909090909090914,2,276.1572751557283,17.3,-59.10000000000002,NE
storm,STORM,storm|492|0_492_2,492,0_492_2,9103,rank_5001_10000,0.0,10.391744044943929,intensity_distance_weighted_mps,27.17391304,0.002717391304347826,1.0697674418604686,53.18181818181818,3,304.38171374419494,18.5,-59.89999999999998,NE
storm,STORM,storm|1011|1_1011_2,1011,1_1011_2,9110,rank_5001_10000,0.0,10.383170450445586,intensity_distance_weighted_mps,27.17391304,0.002717391304347826,1.0666666666666702,40.68181818181818,1,256.2346690201333,13.9,-61.80000000000001,SW
storm,STORM,storm|981|0_981_3,981,0_981_3,9133,rank_5001_10000,0.0,10.336170039646044,intensity_distance_weighted_mps,27.17391304,0.002717391304347826,1.0635838150289052,36.02272727272727,1,236.46364853594156,14.1,-61.89999999999998,SW
storm,STORM,storm|7652|7_7652_2,7652,7_7652_2,9149,rank_5001_10000,0.0,10.303016353790628,intensity_distance_weighted_mps,27.17391304,0.002717391304347826,1.0605187319884761,32.27272727272727,0,219.03889288539204,14.4,-62.30000000000001,SW
storm,STORM,storm|6819|6_6819_10,6819,6_6819_10,9199,rank_5001_10000,0.0,10.218529817842795,intensity_distance_weighted_mps,27.17391304,0.002717391304347826,1.0574712643678197,45.113636363636374,2,277.1911211993595,13.8,-62.19999999999999,SW
storm,STORM,storm|9180|9_9180_2,9180,9_9180_2,9214,rank_5001_10000,0.0,10.205657835045232,intensity_distance_weighted_mps,27.17391304,0.002717391304347826,1.0544412607449893,54.43181818181819,3,312.25570033425214,13.5,-62.30000000000001,SW
storm,STORM,storm|5929|5_5929_0,5929,5_5929_0,9335,rank_5001_10000,0.0,9.998670641046788,intensity_distance_weighted_mps,27.17391304,0.002717391304347826,1.0514285714285752,42.38636363636364,1,269.9666606696149,18.6,-61.5,NW
storm,STORM,storm|8053|8_8053_4,8053,8_8053_4,9345,rank_5001_10000,0.0,9.991241020380244,intensity_distance_weighted_mps,27.17391304,0.002717391304347826,1.0484330484330522,36.93181818181819,1,246.3116701479636,18.0,-60.10000000000002,NE
storm,STORM,storm|3815|3_3815_11,3815,3_3815_11,9370,rank_5001_10000,0.0,9.965124320644874,intensity_distance_weighted_mps,27.17391304,0.002717391304347826,1.0454545454545492,26.022727272727273,0,190.41022054215472,17.7,-60.60000000000002,NE
storm,STORM,storm|5506|5_5506_1,5506,5_5506_1,9419,rank_5001_10000,0.0,9.887472413070784,intensity_distance_weighted_mps,27.17391304,0.002717391304347826,1.0424929178470292,60.11363636363637,4,338.0754397720728,18.9,-60.0,NE
storm,STORM,storm|1638|1_1638_3,1638,1_1638_3,9538,rank_5001_10000,0.0,9.687465245912582,intensity_distance_weighted_mps,27.17391304,0.002717391304347826,1.0395480225988738,42.8409090909091,2,277.49202374178526,18.6,-60.80000000000001,NE
storm,STORM,storm|9698|9_9698_0,9698,9_9698_0,9579,rank_5001_10000,0.0,9.635972756060333,intensity_distance_weighted_mps,27.17391304,0.002717391304347826,1.0366197183098629,20.795454545454547,0,161.42302860597644,16.2,-59.89999999999998,NE
storm,STORM,storm|4537|4_4537_7,4537,4_4537_7,9589,rank_5001_10000,0.0,9.61974865551595,intensity_distance_weighted_mps,27.17391304,0.002717391304347826,1.0337078651685432,52.84090909090909,3,317.9491059152061,18.1,-59.19999999999999,NE
storm,STORM,storm|5352|5_5352_7,5352,5_5352_7,9590,rank_5001_10000,0.0,9.618833317651681,intensity_distance_weighted_mps,27.17391304,0.002717391304347826,1.0308123249299759,33.52272727272727,1,236.46364853594156,14.1,-61.89999999999998,SW
storm,STORM,storm|7400|7_7400_7,7400,7_7400_7,9673,rank_5001_10000,0.0,9.493365242136752,intensity_distance_weighted_mps,27.17391304,0.002717391304347826,1.0279329608938585,24.431818181818183,0,188.1628903953631,17.8,-61.89999999999998,NW
storm,STORM,storm|9546|9_9546_0,9546,9_9546_0,9729,rank_5001_10000,0.0,9.421055477742945,intensity_distance_weighted_mps,27.17391304,0.002717391304347826,1.0250696378830122,53.977272727272734,3,326.2087716171201,13.4,-62.39999999999998,SW
storm,STORM,storm|5350|5_5350_8,5350,5_5350_8,9738,rank_5001_10000,0.0,9.408234998988027,intensity_distance_weighted_mps,27.17391304,0.002717391304347826,1.0222222222222261,52.27272727272728,3,320.1739711794876,13.3,-61.60000000000002,SW
storm,STORM,storm|6771|6_6771_8,6771,6_6771_8,9748,rank_5001_10000,0.0,9.386926010323624,intensity_distance_weighted_mps,27.17391304,0.002717391304347826,1.0193905817174556,61.5909090909091,4,353.73772779409626,13.3,-60.0,SE
storm,STORM,storm|7744|7_7744_9,7744,7_7744_9,9750,rank_5001_10000,0.0,9.384271738005529,intensity_distance_weighted_mps,27.17391304,0.002717391304347826,1.0165745856353632,67.04545454545455,4,371.8199986524643,13.0,-62.5,SW
storm,STORM,storm|6205|6_6205_5,6205,6_6205_5,9765,rank_5001_10000,0.0,9.35740461885078,intensity_distance_weighted_mps,27.17391304,0.002717391304347826,1.0137741046831996,58.75000000000001,4,344.6231741239552,13.1,-61.0,SE
storm,STORM,storm|4206|4_4206_5,4206,4_4206_5,9893,rank_5001_10000,0.0,9.173152886914787,intensity_distance_weighted_mps,27.17391304,0.002717391304347826,1.010989010989015,40.22727272727273,1,275.98886182519186,13.7,-61.19999999999999,SE
storm,STORM,storm|9169|9_9169_3,9169,9_9169_3,9904,rank_5001_10000,0.0,9.164549260227378,intensity_distance_weighted_mps,27.17391304,0.002717391304347826,1.0082191780821959,34.54545454545455,1,249.62567849147783,18.2,-60.39999999999998,NE
storm,STORM,storm|3624|3_3624_1,3624,3_3624_1,9957,rank_5001_10000,0.0,9.085440796680624,intensity_distance_weighted_mps,27.17391304,0.002717391304347826,1.005464480874321,48.86363636363637,2,313.8634881365672,18.6,-59.89999999999998,NE
storm,STORM,storm|9613|9_9613_7,9613,9_9613_7,9985,rank_5001_10000,0.0,9.04736520103187,intensity_distance_weighted_mps,27.17391304,0.002717391304347826,1.0027247956403311,69.0909090909091,4,386.4233463566091,17.8,-58.19999999999999,NE
storm,STORM,storm|5307|5_5307_1,5307,5_5307_1,9992,rank_5001_10000,0.0,9.042773691540917,intensity_distance_weighted_mps,27.17391304,0.002717391304347826,1.0000000000000042,70.11363636363637,5,389.81402048257434,12.7,-61.89999999999998,SW
storm,STORM,storm|6597|6_6597_1,6597,6_6597_1,10032,rank_gt_10000,0.0,8.989642481291487,intensity_distance_weighted_mps,86.42748092,0.008642748091603054,0.9914313089466499,59.77272727272728,4,356.5164621005661,19.2,-60.30000000000001,NE
storm,STORM,storm|9332|9_9332_13,9332,9_9332_13,10054,rank_gt_10000,0.0,8.963954046823522,intensity_distance_weighted_mps,86.42748092,0.008642748091603054,0.9830082152472868,45.56818181818183,2,303.11475180685414,18.5,-62.89999999999998,NW
storm,STORM,storm|8727|8_8727_5,8727,8_8727_5,10104,rank_gt_10000,0.0,8.90244146484639,intensity_distance_weighted_mps,86.42748092,0.008642748091603054,0.9747270392256985,50.909090909090914,3,325.8334875586338,19.0,-60.60000000000002,NE
storm,STORM,storm|86|0_86_7,86,0_86_7,10160,rank_gt_10000,0.0,8.83766115769173,intensity_distance_weighted_mps,86.42748092,0.008642748091603054,0.9665842241649043,40.34090909090909,1,283.2045662600073,13.9,-62.60000000000002,SW
storm,STORM,storm|4173|4_4173_7,4173,4_4173_7,10174,rank_gt_10000,0.0,8.82308340232005,intensity_distance_weighted_mps,86.42748092,0.008642748091603054,0.9585763312137366,40.79545454545455,1,285.5410088890778,18.0,-63.30000000000001,NW
storm,STORM,storm|438|0_438_0,438,0_438_0,10197,rank_gt_10000,0.0,8.789015732575583,intensity_distance_weighted_mps,86.42748092,0.008642748091603054,0.9507000345445237,66.93181818181819,4,385.8061252695601,19.0,-59.30000000000001,NE
storm,STORM,storm|5575|5_5575_5,5575,5_5575_5,10263,rank_gt_10000,0.0,8.690851352833114,intensity_distance_weighted_mps,86.42748092,0.008642748091603054,0.9429521167475525,38.97727272727273,1,280.01679360620926,13.7,-61.89999999999998,SW
storm,STORM,storm|7482|7_7482_10,7482,7_7482_10,10319,rank_gt_10000,0.0,8.61958333066496,intensity_distance_weighted_mps,86.42748092,0.008642748091603054,0.9353294644489155,62.727272727272734,4,375.8180345134654,12.8,-61.19999999999999,SE
storm,STORM,storm|2408|2_2408_5,2408,2_2408_5,10358,rank_gt_10000,0.0,8.562546306095811,intensity_distance_weighted_mps,86.42748092,0.008642748091603054,0.9278290641391971,43.409090909090914,2,302.6005077072752,15.4,-58.69999999999999,SE
storm,STORM,storm|7737|7_7737_2,7737,7_7737_2,10374,rank_gt_10000,0.0,8.529407419817314,intensity_distance_weighted_mps,86.42748092,0.008642748091603054,0.9204479982012647,57.84090909090909,3,360.6666145877318,13.8,-63.69999999999999,SW
storm,STORM,storm|3999|3_3999_12,3999,3_3999_12,10389,rank_gt_10000,0.0,8.516303960691976,intensity_distance_weighted_mps,86.42748092,0.008642748091603054,0.91318344112616,26.022727272727273,0,215.06235394836446,17.2,-59.69999999999999,NE
storm,STORM,storm|3333|3_3333_4,3333,3_3333_4,10425,rank_gt_10000,0.0,8.469354480878806,intensity_distance_weighted_mps,86.42748092,0.008642748091603054,0.9060326559067822,61.13636363636364,4,374.05497218562215,15.9,-64.89999999999998,SW
storm,STORM,storm|6453|6_6453_5,6453,6_6453_5,10430,rank_gt_10000,0.0,8.461347856082943,intensity_distance_weighted_mps,86.42748092,0.008642748091603054,0.8989929905996925,54.659090909090914,3,350.49502968118617,17.2,-58.30000000000001,NE
storm,STORM,storm|3529|3_3529_12,3529,3_3529_12,10627,rank_gt_10000,0.0,8.226352703923151,intensity_distance_weighted_mps,86.42748092,0.008642748091603054,0.8920618750459673,22.954545454545457,0,200.70691043872642,15.7,-59.60000000000002,SE
storm,STORM,storm|3222|3_3222_3,3222,3_3222_3,10707,rank_gt_10000,0.0,8.131367110537179,intensity_distance_weighted_mps,86.42748092,0.008642748091603054,0.8852368177425808,62.15909090909092,4,386.64981805731674,12.9,-60.19999999999999,SE
storm,STORM,storm|8075|8_8075_4,8075,8_8075_4,10718,rank_gt_10000,0.0,8.11403287689037,intensity_distance_weighted_mps,86.42748092,0.008642748091603054,0.8785154028563172,33.86363636363637,1,267.2133491962296,13.8,-61.80000000000001,SW
storm,STORM,storm|9636|9_9636_3,9636,9_9636_3,10736,rank_gt_10000,0.0,8.08381950273191,intensity_distance_weighted_mps,86.42748092,0.008642748091603054,0.8718952873726953,23.295454545454547,0,205.7647153418529,18.0,-61.10000000000002,NE
storm,STORM,storm|161|0_161_0,161,0_161_0,10740,rank_gt_10000,0.0,8.079260182448195,intensity_distance_weighted_mps,86.42748092,0.008642748091603054,0.8653741983728341,68.18181818181819,4,409.1211580904428,12.5,-61.19999999999999,SE
storm,STORM,storm|5592|5_5592_11,5592,5_5592_11,10866,rank_gt_10000,0.0,7.9151506901277555,intensity_distance_weighted_mps,86.42748092,0.008642748091603054,0.8589499304316143,34.43181818181819,1,274.54980318471945,14.1,-62.80000000000001,SW
storm,STORM,storm|9197|9_9197_8,9197,9_9197_8,11002,rank_gt_10000,0.0,7.7675041869416,intensity_distance_weighted_mps,86.42748092,0.008642748091603054,0.8526203431308756,65.00000000000001,4,407.1663263788772,13.5,-64.0,SW
storm,STORM,storm|6438|6_6438_6,6438,6_6438_6,11021,rank_gt_10000,0.0,7.7502981958201875,intensity_distance_weighted_mps,86.42748092,0.008642748091603054,0.8463833586817627,58.18181818181819,4,382.633580519663,18.2,-58.5,NE
storm,STORM,storm|3570|3_3570_1,3570,3_3570_1,11050,rank_gt_10000,0.0,7.720122618499025,intensity_distance_weighted_mps,86.42748092,0.008642748091603054,0.8402369596506682,68.86363636363637,4,422.1379106660709,12.5,-62.39999999999998,SW
storm,STORM,storm|2922|2_2922_2,2922,2_2922_2,11051,rank_gt_10000,0.0,7.717536635735846,intensity_distance_weighted_mps,86.42748092,0.008642748091603054,0.8341791867835466,25.454545454545457,0,227.4008586071294,18.2,-61.69999999999999,NW
storm,STORM,storm|9920|9_9920_7,9920,9_9920_7,11121,rank_gt_10000,0.0,7.653749005775794,intensity_distance_weighted_mps,86.42748092,0.008642748091603054,0.8282081369236697,22.272727272727277,0,207.30637678054777,17.1,-63.10000000000002,NW
storm,STORM,storm|8903|8_8903_1,8903,8_8903_1,11206,rank_gt_10000,0.0,7.567679800853898,intensity_distance_weighted_mps,86.42748092,0.008642748091603054,0.8223219610181739,43.18181818181819,2,325.4026653508847,19.1,-61.39999999999998,NE
storm,STORM,storm|3972|3_3972_0,3972,3_3972_0,11226,rank_gt_10000,0.0,7.546786385922791,intensity_distance_weighted_mps,86.42748092,0.008642748091603054,0.816518862209015,30.454545454545457,0,261.3373805761842,18.4,-62.19999999999999,NW
storm,STORM,storm|3317|3_3317_7,3317,3_3317_7,11246,rank_gt_10000,0.0,7.531086645966401,intensity_distance_weighted_mps,86.42748092,0.008642748091603054,0.8107970940041875,38.86363636363637,1,305.9569378560073,14.3,-63.5,SW
storm,STORM,storm|8685|8_8685_6,8685,8_8685_6,11269,rank_gt_10000,0.0,7.508894206375468,intensity_distance_weighted_mps,86.42748092,0.008642748091603054,0.8051549585253013,61.70454545454545,4,402.9818497206575,19.5,-59.89999999999998,NE
storm,STORM,storm|5643|5_5643_12,5643,5_5643_12,11275,rank_gt_10000,0.0,7.502824031208708,intensity_distance_weighted_mps,86.42748092,0.008642748091603054,0.7995908048278204,32.727272727272734,0,275.03611210352244,14.5,-63.30000000000001,SW
storm,STORM,storm|9870|9_9870_0,9870,9_9870_0,11356,rank_gt_10000,0.0,7.4190038814936825,intensity_distance_weighted_mps,86.42748092,0.008642748091603054,0.7941030272904729,36.70454545454545,1,298.01978001183807,13.8,-62.69999999999999,SW
storm,STORM,storm|3883|3_3883_0,3883,3_3883_0,11390,rank_gt_10000,0.0,7.383457827552349,intensity_distance_weighted_mps,86.42748092,0.008642748091603054,0.7886900640705325,24.204545454545457,0,226.40624210507949,16.0,-59.30000000000001,SE
storm,STORM,storm|735|0_735_4,735,0_735_4,11436,rank_gt_10000,0.0,7.321809452237405,intensity_distance_weighted_mps,86.42748092,0.008642748091603054,0.7833503956218494,32.95454545454546,1,280.65935979603915,13.8,-62.30000000000001,SW
storm,STORM,storm|185|0_185_4,185,0_185_4,11451,rank_gt_10000,0.0,7.307000352531142,intensity_distance_weighted_mps,86.42748092,0.008642748091603054,0.7780825432726752,25.340909090909093,0,235.64955755951124,16.8,-59.30000000000001,NE
storm,STORM,storm|9180|9_9180_7,9180,9_9180_7,11539,rank_gt_10000,0.0,7.207023549108267,intensity_distance_weighted_mps,86.42748092,0.008642748091603054,0.7728850678604895,31.81818181818182,0,277.1911211993595,13.8,-62.19999999999999,SW
storm,STORM,storm|6170|6_6170_8,6170,6_6170_8,11584,rank_gt_10000,0.0,7.151174117420013,intensity_distance_weighted_mps,86.42748092,0.008642748091603054,0.7677565684211766,33.63636363636364,1,288.6716438471639,13.8,-62.5,SW
storm,STORM,storm|4693|4_4693_11,4693,4_4693_11,11625,rank_gt_10000,0.0,7.1176847309601445,intensity_distance_weighted_mps,86.42748092,0.008642748091603054,0.7626956809300467,54.77272727272728,3,388.12919907010325,19.5,-60.30000000000001,NE
storm,STORM,storm|8143|8_8143_15,8143,8_8143_15,11656,rank_gt_10000,0.0,7.0995977372527435,intensity_distance_weighted_mps,86.42748092,0.008642748091603054,0.7577010770923255,60.795454545454554,4,412.51977882913997,19.7,-60.19999999999999,NE
storm,STORM,storm|8532|8_8532_5,8532,8_8532_5,11678,rank_gt_10000,0.0,7.081246034653115,intensity_distance_weighted_mps,86.42748092,0.008642748091603054,0.7527714631808563,41.477272727272734,1,330.5906418696326,13.3,-62.19999999999999,SW
storm,STORM,storm|2232|2_2232_2,2232,2_2232_2,11812,rank_gt_10000,0.0,6.963662798403668,intensity_distance_weighted_mps,86.42748092,0.008642748091603054,0.7479055789188828,34.31818181818182,1,297.2945405205599,13.5,-61.39999999999998,SE
storm,STORM,storm|6134|6_6134_5,6134,6_6134_5,11886,rank_gt_10000,0.0,6.885968254958902,intensity_distance_weighted_mps,86.42748092,0.008642748091603054,0.7431021964058815,69.20454545454545,4,451.2503124501795,19.7,-59.30000000000001,NE
storm,STORM,storm|737|0_737_7,737,0_737_7,12044,rank_gt_10000,0.0,6.746377445488086,intensity_distance_weighted_mps,86.42748092,0.008642748091603054,0.7383601190845238,30.0,0,278.48464282917666,14.0,-62.69999999999999,SW
storm,STORM,storm|8905|8_8905_0,8905,8_8905_0,12069,rank_gt_10000,0.0,6.72753447432546,intensity_distance_weighted_mps,86.42748092,0.008642748091603054,0.7336781807469406,49.88636363636364,3,379.92521707621336,18.7,-59.0,NE
storm,STORM,storm|3482|3_3482_6,3482,3_3482_6,12125,rank_gt_10000,0.0,6.675299798316897,intensity_distance_weighted_mps,86.42748092,0.008642748091603054,0.7290552445785561,26.13636363636364,0,256.1174446021232,14.3,-62.80000000000001,SW
storm,STORM,storm|8747|8_8747_13,8747,8_8747_13,12283,rank_gt_10000,0.0,6.52824973679477,intensity_distance_weighted_mps,86.42748092,0.008642748091603054,0.7244902022378452,30.79545454545455,0,289.20297543702975,13.6,-61.80000000000001,SW
storm,STORM,storm|9356|9_9356_0,9356,9_9356_0,12299,rank_gt_10000,0.0,6.512452678928353,intensity_distance_weighted_mps,86.42748092,0.008642748091603054,0.7199819729704477,62.613636363636374,4,440.255693445225,18.9,-58.39999999999998,NE
storm,STORM,storm|1191|1_1191_7,1191,1_1191_7,12340,rank_gt_10000,0.0,6.476152420080138,intensity_distance_weighted_mps,86.42748092,0.008642748091603054,0.715529502756154,74.54545454545455,5,486.3045996387143,19.3,-58.19999999999999,NE
storm,STORM,storm|7585|7_7585_6,7585,7_7585_6,12343,rank_gt_10000,0.0,6.470893731182823,intensity_distance_weighted_mps,86.42748092,0.008642748091603054,0.7111317634873466,38.40909090909091,1,333.2455234200197,18.3,-59.19999999999999,NE
storm,STORM,storm|3290|3_3290_1,3290,3_3290_1,12373,rank_gt_10000,0.0,6.443499988223959,intensity_distance_weighted_mps,86.42748092,0.008642748091603054,0.7067877521775535,30.340909090909093,0,288.87220217257544,18.5,-60.19999999999999,NE
storm,STORM,storm|173|0_173_0,173,0_173_0,12448,rank_gt_10000,0.0,6.381002983532217,intensity_distance_weighted_mps,86.42748092,0.008642748091603054,0.7024964901988331,50.795454545454554,3,395.7390775154906,19.6,-60.39999999999998,NE
storm,STORM,storm|2644|2_2644_10,2644,2_2644_10,12536,rank_gt_10000,0.0,6.3046884958537275,intensity_distance_weighted_mps,86.42748092,0.008642748091603054,0.6982570225467724,23.06818181818182,0,244.59169411651015,16.1,-63.69999999999999,SW
storm,STORM,storm|4038|4_4038_4,4038,4_4038_4,12572,rank_gt_10000,0.0,6.264964480523292,intensity_distance_weighted_mps,86.42748092,0.008642748091603054,0.6940684171319395,24.204545454545457,0,253.8271654252611,14.2,-62.60000000000002,SW
storm,STORM,storm|5073|5_5073_8,5073,5_5073_8,12605,rank_gt_10000,0.0,6.2337082952360445,intensity_distance_weighted_mps,86.42748092,0.008642748091603054,0.6899297640966867,42.95454545454545,2,364.06112604048235,19.2,-60.10000000000002,NE
storm,STORM,storm|9373|9_9373_5,9373,9_9373_5,12664,rank_gt_10000,0.0,6.179416007929242,intensity_distance_weighted_mps,86.42748092,0.008642748091603054,0.6858401751562508,33.86363636363637,1,317.49266111147415,13.9,-63.19999999999999,SW
storm,STORM,storm|397|0_397_9,397,0_397_9,12679,rank_gt_10000,0.0,6.168801065188526,intensity_distance_weighted_mps,86.42748092,0.008642748091603054,0.6817987829631491,24.65909090909091,0,259.69449047521834,18.3,-60.39999999999998,NE
storm,STORM,storm|1889|1_1889_7,1889,1_1889_7,12718,rank_gt_10000,0.0,6.128459149778318,intensity_distance_weighted_mps,86.42748092,0.008642748091603054,0.6778047404939175,21.81818181818182,0,240.00663324095805,15.8,-59.19999999999999,SE
storm,STORM,storm|77|0_77_5,77,0_77_5,12870,rank_gt_10000,0.0,6.001381731606678,intensity_distance_weighted_mps,86.42748092,0.008642748091603054,0.6738572204572759,37.045454545454554,1,341.15754441894046,15.5,-58.30000000000001,SE
storm,STORM,storm|5684|5_5684_4,5684,5_5684_4,12970,rank_gt_10000,0.0,5.92470447867208,intensity_distance_weighted_mps,86.42748092,0.008642748091603054,0.6699554147228579,47.61363636363637,2,397.89483046065646,17.4,-57.89999999999998,NE
storm,STORM,storm|1111|1_1111_3,1111,1_1111_3,13082,rank_gt_10000,0.0,5.830140150645834,intensity_distance_weighted_mps,86.42748092,0.008642748091603054,0.6660985337696697,28.295454545454547,0,294.4475953945837,18.6,-60.30000000000001,NE
storm,STORM,storm|6164|6_6164_13,6164,6_6164_13,13091,rank_gt_10000,0.0,5.826311862488504,intensity_distance_weighted_mps,86.42748092,0.008642748091603054,0.662285806153494,36.36363636363637,1,343.407588244931,13.1,-61.10000000000002,SE
storm,STORM,storm|8488|8_8488_0,8488,8_8488_0,13309,rank_gt_10000,0.0,5.656892195941116,intensity_distance_weighted_mps,86.42748092,0.008642748091603054,0.6585164779924793,50.34090909090909,3,421.5784585021252,19.5,-59.5,NE
storm,STORM,storm|918|0_918_1,918,0_918_1,13456,rank_gt_10000,0.0,5.552103798511886,intensity_distance_weighted_mps,86.42748092,0.008642748091603054,0.6547898124701964,29.090909090909093,0,308.85503020233324,18.2,-63.39999999999998,NW
storm,STORM,storm|1600|1_1600_11,1600,1_1600_11,13782,rank_gt_10000,0.0,5.325927777877542,intensity_distance_weighted_mps,86.42748092,0.008642748091603054,0.6511050893554748,46.25000000000001,2,415.7986201990708,16.4,-65.30000000000001,NW
storm,STORM,storm|2289|2_2289_2,2289,2_2289_2,13907,rank_gt_10000,0.0,5.240121414122245,intensity_distance_weighted_mps,86.42748092,0.008642748091603054,0.6474616045383592,34.88636363636364,1,356.78403313393005,13.0,-61.89999999999998,SW
storm,STORM,storm|7999|7_7999_6,7999,7_7999_6,13932,rank_gt_10000,0.0,5.224646569201525,intensity_distance_weighted_mps,86.42748092,0.008642748091603054,0.6438586695815599,69.43181818181819,4,525.8411512742153,20.2,-58.80000000000001,NE
storm,STORM,storm|3416|3_3416_3,3416,3_3416_3,13983,rank_gt_10000,0.0,5.185983607244629,intensity_distance_weighted_mps,86.42748092,0.008642748091603054,0.6402956112867979,59.43181818181819,4,485.13084339087425,12.1,-59.80000000000001,SE
storm,STORM,storm|6314|6_6314_0,6314,6_6314_0,14071,rank_gt_10000,0.0,5.128903266660685,intensity_distance_weighted_mps,86.42748092,0.008642748091603054,0.6367717712754677,27.5,0,313.2727668599466,13.4,-60.89999999999998,SE
storm,STORM,storm|3603|3_3603_5,3603,3_3603_5,14153,rank_gt_10000,0.0,5.067979177538372,intensity_distance_weighted_mps,86.42748092,0.008642748091603054,0.6332865055830723,45.113636363636374,2,421.6494719146469,12.8,-63.19999999999999,SW
storm,STORM,storm|859|0_859_2,859,0_859_2,14208,rank_gt_10000,0.0,5.031916701164697,intensity_distance_weighted_mps,86.42748092,0.008642748091603054,0.6298391842669048,38.40909090909091,1,386.3218927850345,16.0,-57.80000000000001,SE
storm,STORM,storm|477|0_477_2,477,0_477_2,14303,rank_gt_10000,0.0,4.966633833563952,intensity_distance_weighted_mps,86.42748092,0.008642748091603054,0.6264291910264727,72.8409090909091,5,554.5143510978907,20.4,-64.19999999999999,NW
storm,STORM,storm|6907|6_6907_5,6907,6_6907_5,14333,rank_gt_10000,0.0,4.946739778616095,intensity_distance_weighted_mps,86.42748092,0.008642748091603054,0.6230559228361877,22.272727272727277,0,280.72476362100974,15.9,-58.80000000000001,SE
storm,STORM,storm|6894|6_6894_3,6894,6_6894_3,14335,rank_gt_10000,0.0,4.9459978356471375,intensity_distance_weighted_mps,86.42748092,0.008642748091603054,0.6197187895898587,38.06818181818182,1,388.1716205243817,18.8,-59.0,NE
storm,STORM,storm|2721|2_2721_1,2721,2_2721_1,14344,rank_gt_10000,0.0,4.938731332300109,intensity_distance_weighted_mps,86.42748092,0.008642748091603054,0.616417213756549,53.63636363636365,3,471.0179756309747,19.2,-58.30000000000001,NE
storm,STORM,storm|7811|7_7811_0,7811,7_7811_0,14564,rank_gt_10000,0.0,4.793036956334068,intensity_distance_weighted_mps,86.42748092,0.008642748091603054,0.6131506300473755,45.909090909090914,2,439.33073185802033,14.5,-57.69999999999999,SE
storm,STORM,storm|4229|4_4229_10,4229,4_4229_10,14567,rank_gt_10000,0.0,4.790181962757368,intensity_distance_weighted_mps,86.42748092,0.008642748091603054,0.6099184850928463,29.659090909090914,0,341.77761875612396,18.9,-62.89999999999998,NW
storm,STORM,storm|9742|9_9742_13,9742,9_9742_13,14584,rank_gt_10000,0.0,4.779198732086883,intensity_distance_weighted_mps,86.42748092,0.008642748091603054,0.6067202371303512,31.250000000000004,0,353.0183313633878,13.0,-61.5,SW
storm,STORM,storm|6189|6_6189_7,6189,6_6189_7,14675,rank_gt_10000,0.0,4.723979645858785,intensity_distance_weighted_mps,86.42748092,0.008642748091603054,0.6035553557014316,49.20454545454545,2,460.2803150625182,20.2,-60.39999999999998,NE
storm,STORM,storm|8262|8_8262_1,8262,8_8262_1,14749,rank_gt_10000,0.0,4.661523504306675,intensity_distance_weighted_mps,86.42748092,0.008642748091603054,0.6004233213584773,29.204545454545457,0,344.1845232631028,13.2,-62.30000000000001,SW
storm,STORM,storm|5242|5_5242_11,5242,5_5242_11,14807,rank_gt_10000,0.0,4.627185907579889,intensity_distance_weighted_mps,86.42748092,0.008642748091603054,0.5973236253805078,34.20454545454546,1,379.2385567302692,12.9,-62.39999999999998,SW
storm,STORM,storm|5220|5_5220_1,5220,5_5220_1,14817,rank_gt_10000,0.0,4.619016103848739,intensity_distance_weighted_mps,86.42748092,0.008642748091603054,0.5942557694977121,26.704545454545457,0,327.99741981381266,13.3,-62.10000000000002,SW
storm,STORM,storm|303|0_303_6,303,0_303_6,14925,rank_gt_10000,0.0,4.544071843092826,intensity_distance_weighted_mps,86.42748092,0.008642748091603054,0.5912192656244347,25.909090909090914,0,325.25224798342555,18.9,-60.30000000000001,NE
storm,STORM,storm|5005|5_5005_1,5005,5_5005_1,14993,rank_gt_10000,0.0,4.498663821101774,intensity_distance_weighted_mps,86.42748092,0.008642748091603054,0.5882136356003045,43.63636363636364,2,442.43261843507224,12.2,-61.19999999999999,SE
storm,STORM,storm|9076|9_9076_11,9076,9_9076_11,15002,rank_gt_10000,0.0,4.491078740655716,intensity_distance_weighted_mps,86.42748092,0.008642748091603054,0.5852384109392216,22.840909090909093,0,303.2019227420365,17.0,-58.69999999999999,NE
storm,STORM,storm|5734|5_5734_11,5734,5_5734_11,15015,rank_gt_10000,0.0,4.483861882729023,intensity_distance_weighted_mps,86.42748092,0.008642748091603054,0.5822931325859226,32.727272727272734,0,376.4642299013534,14.0,-64.10000000000002,SW
storm,STORM,storm|5330|5_5330_10,5330,5_5330_10,15048,rank_gt_10000,0.0,4.467664438527788,intensity_distance_weighted_mps,86.42748092,0.008642748091603054,0.5793773506798605,22.72727272727273,0,303.24714044213465,13.7,-62.60000000000002,SW
storm,STORM,storm|7857|7_7857_3,7857,7_7857_3,15199,rank_gt_10000,0.0,4.364367582548653,intensity_distance_weighted_mps,86.42748092,0.008642748091603054,0.5764906243261428,44.09090909090909,2,452.5545935719294,12.3,-62.69999999999999,SW
storm,STORM,storm|2367|2_2367_4,2367,2_2367_4,15266,rank_gt_10000,0.0,4.322408764676112,intensity_distance_weighted_mps,86.42748092,0.008642748091603054,0.5736325213732837,49.20454545454545,2,483.35376244183425,19.6,-58.60000000000002,NE
storm,STORM,storm|4554|4_4554_0,4554,4_4554_0,15404,rank_gt_10000,0.0,4.248696220708224,intensity_distance_weighted_mps,86.42748092,0.008642748091603054,0.5708026181975348,27.04545454545455,0,347.4561206480634,13.4,-62.89999999999998,SW
storm,STORM,storm|9930|9_9930_7,9930,9_9930_7,15528,rank_gt_10000,0.0,4.18149137757244,intensity_distance_weighted_mps,86.42748092,0.008642748091603054,0.5680004994935677,30.79545454545455,0,378.4255336330934,16.8,-64.89999999999998,NW
storm,STORM,storm|4899|4_4899_4,4899,4_4899_4,15645,rank_gt_10000,0.0,4.1178310572580985,intensity_distance_weighted_mps,86.42748092,0.008642748091603054,0.565225758071293,33.52272727272727,1,400.83609461550924,12.6,-61.89999999999998,SW
storm,STORM,storm|938|0_938_7,938,0_938_7,15690,rank_gt_10000,0.0,4.091711464346187,intensity_distance_weighted_mps,86.42748092,0.008642748091603054,0.5624779946586046,35.00000000000001,1,412.2647829684558,12.8,-63.0,SW
storm,STORM,storm|247|0_247_3,247,0_247_3,15715,rank_gt_10000,0.0,4.078945219916596,intensity_distance_weighted_mps,86.42748092,0.008642748091603054,0.5597568177098498,37.61363636363637,1,430.0950834887055,13.4,-64.19999999999999,SW
storm,STORM,storm|6671|6_6671_0,6671,6_6671_0,15734,rank_gt_10000,0.0,4.070859254083934,intensity_distance_weighted_mps,86.42748092,0.008642748091603054,0.5570618432198331,61.25000000000001,4,562.169173940144,12.1,-64.5,SW
storm,STORM,storm|2998|2_2998_2,2998,2_2998_2,15863,rank_gt_10000,0.0,4.002458612040205,intensity_distance_weighted_mps,86.42748092,0.008642748091603054,0.5543926945431663,43.295454545454554,2,469.9865243401213,12.0,-62.10000000000002,SW
storm,STORM,storm|7008|7_7008_3,7008,7_7008_3,15994,rank_gt_10000,0.0,3.9372567516005357,intensity_distance_weighted_mps,86.42748092,0.008642748091603054,0.5517490022187878,37.61363636363637,1,438.68934780629615,18.4,-58.0,NE
storm,STORM,storm|5529|5_5529_9,5529,5_5529_9,16128,rank_gt_10000,0.0,3.8635668661716966,intensity_distance_weighted_mps,86.42748092,0.008642748091603054,0.549130403799478,23.522727272727273,0,338.36039690806314,18.8,-59.80000000000001,NE
storm,STORM,storm|1513|1_1513_1,1513,1_1513_1,16208,rank_gt_10000,0.0,3.817577008329966,intensity_distance_weighted_mps,86.42748092,0.008642748091603054,0.5465365436862082,45.909090909090914,2,498.0748684987983,12.6,-64.19999999999999,SW
storm,STORM,storm|6342|6_6342_5,6342,6_6342_5,16525,rank_gt_10000,0.0,3.6615978285924475,intensity_distance_weighted_mps,86.42748092,0.008642748091603054,0.5439670729671604,35.00000000000001,1,438.8280327560089,12.5,-62.89999999999998,SW
storm,STORM,storm|6604|6_6604_5,6604,6_6604_5,16569,rank_gt_10000,0.0,3.6355256933030953,intensity_distance_weighted_mps,86.42748092,0.008642748091603054,0.541421649261268,25.454545454545457,0,367.47285855418636,15.3,-58.10000000000002,SE
storm,STORM,storm|6542|6_6542_3,6542,6_6542_3,16777,rank_gt_10000,0.0,3.5222815670752303,intensity_distance_weighted_mps,86.42748092,0.008642748091603054,0.5388999365661281,44.545454545454554,2,511.910276700552,19.7,-58.30000000000001,NE
storm,STORM,storm|7690|7_7690_12,7690,7_7690_12,16798,rank_gt_10000,0.0,3.513535838193585,intensity_distance_weighted_mps,86.42748092,0.008642748091603054,0.5364016051101451,38.295454545454554,1,471.94982898606946,14.6,-65.5,SW
storm,STORM,storm|6740|6_6740_1,6740,6_6740_1,16853,rank_gt_10000,0.0,3.485945619311881,intensity_distance_weighted_mps,86.42748092,0.008642748091603054,0.533926331208767,23.97727272727273,0,363.6771359345112,13.6,-63.5,SW
storm,STORM,storm|8908|8_8908_16,8908,8_8908_16,16925,rank_gt_10000,0.0,3.4502738939156217,intensity_distance_weighted_mps,86.42748092,0.008642748091603054,0.5314737971246847,55.0,3,579.7992564253474,20.1,-57.80000000000001,NE
storm,STORM,storm|3629|3_3629_1,3629,3_3629_1,16937,rank_gt_10000,0.0,3.444229663379357,intensity_distance_weighted_mps,86.42748092,0.008642748091603054,0.5290436909318665,42.8409090909091,2,507.3118618015942,19.8,-58.5,NE
storm,STORM,storm|4347|4_4347_8,4347,4_4347_8,16997,rank_gt_10000,0.0,3.4160228234788694,intensity_distance_weighted_mps,86.42748092,0.008642748091603054,0.5266357063833056,48.63636363636364,2,545.7550874170093,11.9,-63.89999999999998,SW
storm,STORM,storm|198|0_198_5,198,0_198_5,17289,rank_gt_10000,0.0,3.2733920618356316,intensity_distance_weighted_mps,86.42748092,0.008642748091603054,0.5242495427823628,23.97727272727273,0,377.2403373030937,13.2,-63.10000000000002,SW
storm,STORM,storm|3579|3_3579_0,3579,3_3579_0,17495,rank_gt_10000,0.0,3.1816178610202854,intensity_distance_weighted_mps,86.42748092,0.008642748091603054,0.5218849048575915,34.659090909090914,1,471.81004335271786,12.0,-62.19999999999999,SW
storm,STORM,storm|84|0_84_9,84,0_84_9,17648,rank_gt_10000,0.0,3.103207648100192,intensity_distance_weighted_mps,86.42748092,0.008642748091603054,0.519541502640935,41.93181818181819,1,530.5933046247155,11.9,-63.60000000000002,SW
storm,STORM,storm|8814|8_8814_3,8814,8_8814_3,17735,rank_gt_10000,0.0,3.058456961085015,intensity_distance_weighted_mps,86.42748092,0.008642748091603054,0.51721905134919,21.590909090909093,0,369.23810705096764,13.4,-63.30000000000001,SW
storm,STORM,storm|8960|8_8960_0,8960,8_8960_0,18176,rank_gt_10000,0.0,2.8642723783592867,intensity_distance_weighted_mps,86.42748092,0.008642748091603054,0.5149172712686366,36.81818181818182,1,516.4508476957814,20.1,-58.80000000000001,NE
storm,STORM,storm|7308|7_7308_2,7308,7_7308_2,18362,rank_gt_10000,0.0,2.774681826244177,intensity_distance_weighted_mps,86.42748092,0.008642748091603054,0.5126358876427343,28.636363636363637,0,457.94470967816994,20.2,-60.5,NE
storm,STORM,storm|6373|6_6373_8,6373,6_6373_8,18408,rank_gt_10000,0.0,2.752121126919331,intensity_distance_weighted_mps,86.42748092,0.008642748091603054,0.5103746305627896,28.522727272727277,0,459.0075232066842,12.1,-62.10000000000002,SW
storm,STORM,storm|3546|3_3546_8,3546,3_3546_8,18490,rank_gt_10000,0.0,2.713416321764768,intensity_distance_weighted_mps,86.42748092,0.008642748091603054,0.5081332348615069,41.36363636363637,1,566.1206907729336,20.1,-58.0,NE
storm,STORM,storm|6650|6_6650_12,6650,6_6650_12,18715,rank_gt_10000,0.0,2.6017483866795548,intensity_distance_weighted_mps,86.42748092,0.008642748091603054,0.5059114400093288,29.204545454545457,0,479.64758578522134,17.5,-65.69999999999999,NW
storm,STORM,storm|8542|8_8542_8,8542,8_8542_8,18802,rank_gt_10000,0.0,2.5578567952062246,intensity_distance_weighted_mps,86.42748092,0.008642748091603054,0.503708990013487,26.704545454545457,0,460.8737122584723,12.1,-62.19999999999999,SW
storm,STORM,storm|9147|9_9147_9,9147,9_9147_9,18804,rank_gt_10000,0.0,2.556601867610229,intensity_distance_weighted_mps,86.42748092,0.008642748091603054,0.5015256333196769,33.06818181818182,1,518.1936139360524,12.6,-64.5,SW
storm,STORM,storm|7756|7_7756_9,7756,7_7756_9,18807,rank_gt_10000,0.0,2.554465856478475,intensity_distance_weighted_mps,86.42748092,0.008642748091603054,0.4993611227162789,22.045454545454547,0,414.3412221251438,13.6,-64.19999999999999,SW
storm,STORM,storm|7824|7_7824_0,7824,7_7824_0,18902,rank_gt_10000,0.0,2.5012618513235827,intensity_distance_weighted_mps,86.42748092,0.008642748091603054,0.4972152152410491,28.40909090909091,0,482.75545601365184,12.5,-63.80000000000001,SW
storm,STORM,storm|6967|6_6967_6,6967,6_6967_6,18971,rank_gt_10000,0.0,2.4710907952392964,intensity_distance_weighted_mps,86.42748092,0.008642748091603054,0.4950876720902057,27.38636363636364,0,476.29906751717795,12.7,-64.0,SW
storm,STORM,storm|1707|1_1707_5,1707,1_1707_5,18993,rank_gt_10000,0.0,2.4594359642355332,intensity_distance_weighted_mps,86.42748092,0.008642748091603054,0.4929782585298395,27.15909090909091,0,475.35595889446887,11.9,-61.30000000000001,SE
storm,STORM,storm|4019|4_4019_7,4019,4_4019_7,19013,rank_gt_10000,0.0,2.4533024786764805,intensity_distance_weighted_mps,86.42748092,0.008642748091603054,0.4908867438095795,27.272727272727273,0,477.10236169628195,12.5,-63.69999999999999,SW
storm,STORM,storm|5013|5_5013_10,5013,5_5013_10,19065,rank_gt_10000,0.0,2.428152761508431,intensity_distance_weighted_mps,86.42748092,0.008642748091603054,0.4888129010784467,23.295454545454547,0,439.730312622717,12.5,-59.89999999999998,SE
storm,STORM,storm|6721|6_6721_2,6721,6_6721_2,19246,rank_gt_10000,0.0,2.3373508646143217,intensity_distance_weighted_mps,86.42748092,0.008642748091603054,0.48675650730283254,23.14999753784091,0,447.6029701680264,17.1,-65.5,NW
storm,STORM,storm|8137|8_8137_1,8137,8_8137_1,19336,rank_gt_10000,0.0,2.2982013042628466,intensity_distance_weighted_mps,86.42748092,0.008642748091603054,0.4847173431865379,25.56818181818182,0,477.3041775234811,19.3,-64.5,NW
storm,STORM,storm|7077|7_7077_4,7077,7_7077_4,19661,rank_gt_10000,0.0,2.145880381979892,intensity_distance_weighted_mps,86.42748092,0.008642748091603054,0.4826951930928148,21.13636363636364,0,446.22768620056337,18.9,-64.5,NW
storm,STORM,storm|7461|7_7461_9,7461,7_7461_9,19855,rank_gt_10000,0.0,2.053162345776969,intensity_distance_weighted_mps,86.42748092,0.008642748091603054,0.4806898449683503,23.14999753784091,0,480.8263600623449,14.4,-65.5,SW
storm,STORM,storm|5416|5_5416_2,5416,5_5416_2,19869,rank_gt_10000,0.0,2.048361102012398,intensity_distance_weighted_mps,86.42748092,0.008642748091603054,0.47870109026913843,37.84090909090909,1,627.0242061013674,20.5,-57.60000000000002,NE
storm,STORM,storm|905|0_905_3,905,0_905_3,19981,rank_gt_10000,0.0,1.9859010742031395,intensity_distance_weighted_mps,86.42748092,0.008642748091603054,0.47672872388818377,33.06818181818182,1,593.4291738912441,19.7,-57.19999999999999,NE
storm,STORM,storm|3723|3_3723_3,3723,3_3723_3,20111,rank_gt_10000,0.0,1.9108556075187324,intensity_distance_weighted_mps,86.42748092,0.008642748091603054,0.47477254408498537,20.577775348295454,0,468.82812119691096,16.1,-65.80000000000001,SW
storm,STORM,storm|7712|7_7712_5,7712,7_7712_5,20421,rank_gt_10000,0.0,1.7492335794169105,intensity_distance_weighted_mps,86.42748092,0.008642748091603054,0.47283235241674976,23.63636363636364,0,530.5933046247155,11.9,-63.60000000000002,SW
storm,STORM,storm|6225|6_6225_8,6225,6_6225_8,20780,rank_gt_10000,0.0,1.5470654698465538,intensity_distance_weighted_mps,86.42748092,0.008642748091603054,0.47090795367128363,26.250000000000004,0,599.3923369226824,20.5,-64.80000000000001,NW
storm,STORM,storm|198|0_198_8,198,0_198_8,20997,rank_gt_10000,0.0,1.400872727570271,intensity_distance_weighted_mps,86.42748092,0.008642748091603054,0.4689991558015186,20.90909090909091,0,559.7585306519508,12.2,-64.60000000000002,SW
storm_cmcc,STORM_CMCC,storm_cmcc|6933|6_6933_4,6933,6_6933_4,3,rank_001_010,0.0,81.76739321414311,intensity_distance_weighted_mps,5.0,0.0005,2000.0,83.63636363636364,5,22.677877083396297,16.0,-61.30000000000001,SE
storm_cmcc,STORM_CMCC,storm_cmcc|4425|4_4425_11,4425,4_4425_11,8,rank_001_010,0.0,79.4462735139694,intensity_distance_weighted_mps,5.0,0.0005,1000.0,80.90909090909092,5,20.353989753705022,16.2,-61.60000000000002,NW
storm_cmcc,STORM_CMCC,storm_cmcc|3249|3_3249_3,3249,3_3249_3,11,rank_011_020,0.0,78.94008391617068,intensity_distance_weighted_mps,10.0,0.001,500.0,81.47727272727273,5,26.89173735432589,16.4,-61.5,NW
storm_cmcc,STORM_CMCC,storm_cmcc|9911|9_9911_3,9911,9_9911_3,21,rank_021_050,0.0,76.11270432080805,intensity_distance_weighted_mps,6.0,0.0006,384.61538461538464,76.81818181818181,5,14.441232677570758,16.1,-61.30000000000001,SE
storm_cmcc,STORM_CMCC,storm_cmcc|8123|8_8123_5,8123,8_8123_5,23,rank_021_050,0.0,76.08335223467355,intensity_distance_weighted_mps,6.0,0.0006,312.5,76.59090909090911,5,12.251486582519494,16.2,-61.30000000000001,NE
storm_cmcc,STORM_CMCC,storm_cmcc|5771|5_5771_1,5771,5_5771_1,29,rank_021_050,0.0,75.46888730774111,intensity_distance_weighted_mps,6.0,0.0006,263.15789473684214,76.13636363636364,5,14.106693156686516,16.3,-61.39999999999998,NE
storm_cmcc,STORM_CMCC,storm_cmcc|1958|1_1958_6,1958,1_1958_6,35,rank_021_050,0.0,74.68040639557069,intensity_distance_weighted_mps,6.0,0.0006,227.2727272727273,75.3409090909091,5,14.106693156686516,16.3,-61.39999999999998,NE
storm_cmcc,STORM_CMCC,storm_cmcc|9830|9_9830_10,9830,9_9830_10,37,rank_021_050,0.0,74.48168248353939,intensity_distance_weighted_mps,6.0,0.0006,200.00000000000003,75.0,5,12.513086963196397,16.1,-61.5,SW
storm_cmcc,STORM_CMCC,storm_cmcc|7687|7_7687_5,7687,7_7687_5,51,rank_051_100,0.0,73.24032110881375,intensity_distance_weighted_mps,6.25,0.000625,177.7777777777778,73.75000000000001,5,12.513086963196397,16.1,-61.5,SW
storm_cmcc,STORM_CMCC,storm_cmcc|8864|8_8864_9,8864,8_8864_9,54,rank_051_100,0.0,72.99080444091977,intensity_distance_weighted_mps,6.25,0.000625,160.00000000000003,73.63636363636364,5,14.106693156686516,16.3,-61.39999999999998,NE
storm_cmcc,STORM_CMCC,storm_cmcc|443|0_443_9,443,0_443_9,64,rank_051_100,0.0,72.18528821138347,intensity_distance_weighted_mps,6.25,0.000625,145.4545454545455,76.93181818181819,5,38.46405131396937,16.0,-61.10000000000002,SE
storm_cmcc,STORM_CMCC,storm_cmcc|6412|6_6412_11,6412,6_6412_11,65,rank_051_100,0.0,72.16720696761054,intensity_distance_weighted_mps,6.25,0.000625,133.33333333333337,74.20454545454545,5,25.20303862703192,16.4,-61.39999999999998,NE
storm_cmcc,STORM_CMCC,storm_cmcc|751|0_751_2,751,0_751_2,94,rank_051_100,0.0,70.8435170061068,intensity_distance_weighted_mps,6.25,0.000625,123.0769230769231,73.29545454545455,5,27.90589165226733,16.0,-61.60000000000002,SW
storm_cmcc,STORM_CMCC,storm_cmcc|8151|8_8151_5,8151,8_8151_5,95,rank_051_100,0.0,70.84176308457121,intensity_distance_weighted_mps,6.25,0.000625,114.28571428571429,76.59090909090911,5,42.731510770523286,16.5,-61.19999999999999,NE
storm_cmcc,STORM_CMCC,storm_cmcc|7342|7_7342_7,7342,7_7342_7,96,rank_051_100,0.0,70.46255747050103,intensity_distance_weighted_mps,6.25,0.000625,106.66666666666667,72.72727272727273,5,26.89173735432589,16.4,-61.5,NW
storm_cmcc,STORM_CMCC,storm_cmcc|3363|3_3363_11,3363,3_3363_11,100,rank_051_100,0.0,70.25788091151514,intensity_distance_weighted_mps,6.25,0.000625,100.0,70.90909090909092,5,14.441232677570758,16.1,-61.30000000000001,SE
storm_cmcc,STORM_CMCC,storm_cmcc|3205|3_3205_4,3205,3_3205_4,107,rank_101_200,0.0,69.85893482555322,intensity_distance_weighted_mps,5.88235294,0.0005882352941176471,94.44444444444444,74.77272727272728,5,39.782189661163905,16.4,-61.69999999999999,NW
storm_cmcc,STORM_CMCC,storm_cmcc|7470|7_7470_5,7470,7_7470_5,109,rank_101_200,0.0,69.75276623159341,intensity_distance_weighted_mps,5.88235294,0.0005882352941176471,89.47368421052633,74.65909090909092,5,39.782189661163905,16.4,-61.69999999999999,NW
storm_cmcc,STORM_CMCC,storm_cmcc|4700|4_4700_8,4700,4_4700_8,113,rank_101_200,0.0,69.58281759180097,intensity_distance_weighted_mps,5.88235294,0.0005882352941176471,85.00000000000001,69.88636363636364,4,9.90723678480257,16.2,-61.5,NW
storm_cmcc,STORM_CMCC,storm_cmcc|6382|6_6382_9,6382,6_6382_9,120,rank_101_200,0.0,69.23410164581517,intensity_distance_weighted_mps,5.88235294,0.0005882352941176471,80.95238095238096,75.79545454545456,5,46.17723522024824,15.8,-61.60000000000002,SW
storm_cmcc,STORM_CMCC,storm_cmcc|8779|8_8779_9,8779,8_8779_9,122,rank_101_200,0.0,69.09378376501017,intensity_distance_weighted_mps,5.88235294,0.0005882352941176471,77.2727272727273,74.43181818181819,5,41.69293374799521,16.4,-61.10000000000002,NE
storm_cmcc,STORM_CMCC,storm_cmcc|6767|6_6767_2,6767,6_6767_2,135,rank_101_200,0.0,68.44818712996417,intensity_distance_weighted_mps,5.88235294,0.0005882352941176471,73.91304347826089,72.5,5,36.495134936606505,15.9,-61.60000000000002,SW
storm_cmcc,STORM_CMCC,storm_cmcc|7491|7_7491_13,7491,7_7491_13,140,rank_101_200,0.0,68.31483519013076,intensity_distance_weighted_mps,5.88235294,0.0005882352941176471,70.83333333333336,68.52272727272728,4,8.274708844222385,16.1,-61.39999999999998,SE
storm_cmcc,STORM_CMCC,storm_cmcc|309|0_309_0,309,0_309_0,142,rank_101_200,0.0,68.21150220483365,intensity_distance_weighted_mps,5.88235294,0.0005882352941176471,68.00000000000003,75.45454545454547,5,48.87907642712006,16.6,-61.30000000000001,NE
storm_cmcc,STORM_CMCC,storm_cmcc|9283|9_9283_0,9283,9_9283_0,143,rank_101_200,0.0,68.07810029410123,intensity_distance_weighted_mps,5.88235294,0.0005882352941176471,65.38461538461542,70.00000000000001,5,25.20303862703192,16.4,-61.39999999999998,NE
storm_cmcc,STORM_CMCC,storm_cmcc|2194|2_2194_3,2194,2_2194_3,152,rank_101_200,0.0,67.83915754694826,intensity_distance_weighted_mps,5.88235294,0.0005882352941176471,62.96296296296298,74.88636363636365,5,48.345885834829744,16.6,-61.5,NW
storm_cmcc,STORM_CMCC,storm_cmcc|1032|1_1032_15,1032,1_1032_15,154,rank_101_200,0.0,67.7755563527636,intensity_distance_weighted_mps,5.88235294,0.0005882352941176471,60.71428571428574,70.56818181818183,5,30.448160511479074,15.9,-61.39999999999998,SE
storm_cmcc,STORM_CMCC,storm_cmcc|7227|7_7227_0,7227,7_7227_0,159,rank_101_200,0.0,67.50311141931883,intensity_distance_weighted_mps,5.88235294,0.0005882352941176471,58.620689655172434,75.45454545454547,5,51.48160684479339,15.9,-61.80000000000001,SW
storm_cmcc,STORM_CMCC,storm_cmcc|7426|7_7426_8,7426,7_7426_8,169,rank_101_200,0.0,66.98053335666044,intensity_distance_weighted_mps,5.88235294,0.0005882352941176471,56.66666666666669,67.27272727272728,4,9.90723678480257,16.2,-61.5,NW
storm_cmcc,STORM_CMCC,storm_cmcc|7083|7_7083_2,7083,7_7083_2,173,rank_101_200,0.0,66.91343672695285,intensity_distance_weighted_mps,5.88235294,0.0005882352941176471,54.83870967741938,75.3409090909091,5,53.23328406682556,15.8,-61.10000000000002,SE
storm_cmcc,STORM_CMCC,storm_cmcc|4492|4_4492_14,4492,4_4492_14,185,rank_101_200,0.0,66.10962726352179,intensity_distance_weighted_mps,5.88235294,0.0005882352941176471,53.12500000000002,73.63636363636364,5,50.61302064107246,16.4,-61.0,NE
storm_cmcc,STORM_CMCC,storm_cmcc|7717|7_7717_12,7717,7_7717_12,195,rank_101_200,0.0,65.41639232306137,intensity_distance_weighted_mps,5.88235294,0.0005882352941176471,51.51515151515154,66.02272727272728,4,14.441232677570758,16.1,-61.30000000000001,SE
storm_cmcc,STORM_CMCC,storm_cmcc|453|0_453_8,453,0_453_8,196,rank_101_200,0.0,65.38118224448468,intensity_distance_weighted_mps,5.88235294,0.0005882352941176471,50.00000000000003,75.3409090909091,5,58.544835253388314,16.7,-61.39999999999998,NE
storm_cmcc,STORM_CMCC,storm_cmcc|8654|8_8654_4,8654,8_8654_4,202,rank_201_500,0.0,65.11210375212835,intensity_distance_weighted_mps,6.52173913,0.0006521739130434782,48.42105263157897,76.59090909090911,5,62.980882365192045,16.6,-61.80000000000001,NW
storm_cmcc,STORM_CMCC,storm_cmcc|8019|8_8019_10,8019,8_8019_10,204,rank_201_500,0.0,65.05466207999908,intensity_distance_weighted_mps,6.52173913,0.0006521739130434782,46.93877551020411,70.45454545454547,5,43.21596712462521,15.8,-61.30000000000001,SE
storm_cmcc,STORM_CMCC,storm_cmcc|6897|6_6897_7,6897,6_6897_7,208,rank_201_500,0.0,64.95176939075186,intensity_distance_weighted_mps,6.52173913,0.0006521739130434782,45.54455445544558,67.5,4,29.710853636194447,16.0,-61.19999999999999,SE
storm_cmcc,STORM_CMCC,storm_cmcc|2539|2_2539_9,2539,2_2539_9,209,rank_201_500,0.0,64.85727488350749,intensity_distance_weighted_mps,6.52173913,0.0006521739130434782,44.23076923076926,64.88636363636364,4,3.1766872614766473,16.2,-61.39999999999998,NE
storm_cmcc,STORM_CMCC,storm_cmcc|7132|7_7132_14,7132,7_7132_14,213,rank_201_500,0.0,64.7423114231081,intensity_distance_weighted_mps,6.52173913,0.0006521739130434782,42.99065420560751,65.56818181818183,4,16.9415486769099,16.3,-61.5,NW
storm_cmcc,STORM_CMCC,storm_cmcc|6685|6_6685_10,6685,6_6685_10,229,rank_201_500,0.0,64.17941290632432,intensity_distance_weighted_mps,6.52173913,0.0006521739130434782,41.818181818181856,73.29545454545455,5,56.53228492828279,16.6,-61.69999999999999,NW
storm_cmcc,STORM_CMCC,storm_cmcc|4017|4_4017_10,4017,4_4017_10,244,rank_201_500,0.0,63.31028506932001,intensity_distance_weighted_mps,6.52173913,0.0006521739130434782,40.707964601769945,72.95454545454547,5,58.544835253388314,16.7,-61.39999999999998,NE
storm_cmcc,STORM_CMCC,storm_cmcc|200|0_200_0,200,0_200_0,257,rank_201_500,0.0,62.88090293370245,intensity_distance_weighted_mps,6.52173913,0.0006521739130434782,39.65517241379314,64.31818181818183,4,22.677877083396297,16.0,-61.30000000000001,SE
storm_cmcc,STORM_CMCC,storm_cmcc|5644|5_5644_5,5644,5_5644_5,280,rank_201_500,0.0,62.22406653796078,intensity_distance_weighted_mps,6.52173913,0.0006521739130434782,38.65546218487399,77.04545454545455,5,73.20765612203915,16.8,-61.19999999999999,NE
storm_cmcc,STORM_CMCC,storm_cmcc|7051|7_7051_3,7051,7_7051_3,284,rank_201_500,0.0,62.15979501011809,intensity_distance_weighted_mps,6.52173913,0.0006521739130434782,37.70491803278692,66.93181818181819,4,41.56116800704096,15.8,-61.39999999999998,SE
storm_cmcc,STORM_CMCC,storm_cmcc|6287|6_6287_3,6287,6_6287_3,289,rank_201_500,0.0,61.97050555389972,intensity_distance_weighted_mps,6.52173913,0.0006521739130434782,36.80000000000004,62.15909090909092,4,8.274708844222385,16.1,-61.39999999999998,SE
storm_cmcc,STORM_CMCC,storm_cmcc|6930|6_6930_5,6930,6_6930_5,290,rank_201_500,0.0,61.955274987657724,intensity_distance_weighted_mps,6.52173913,0.0006521739130434782,35.937500000000036,69.54545454545456,4,52.50227707186987,16.6,-61.19999999999999,NE
storm_cmcc,STORM_CMCC,storm_cmcc|8754|8_8754_6,8754,8_8754_6,293,rank_201_500,0.0,61.90376798430929,intensity_distance_weighted_mps,6.52173913,0.0006521739130434782,35.114503816793935,65.56818181818183,4,36.495134936606505,15.9,-61.60000000000002,SW
storm_cmcc,STORM_CMCC,storm_cmcc|6978|6_6978_1,6978,6_6978_1,294,rank_201_500,0.0,61.79262621260474,intensity_distance_weighted_mps,6.52173913,0.0006521739130434782,34.328358208955265,73.52272727272728,5,65.35424611727733,16.2,-60.80000000000001,NE
storm_cmcc,STORM_CMCC,storm_cmcc|9830|9_9830_0,9830,9_9830_0,297,rank_201_500,0.0,61.77592889438358,intensity_distance_weighted_mps,6.52173913,0.0006521739130434782,33.576642335766465,75.3409090909091,5,70.28962055922305,16.8,-61.5,NW
storm_cmcc,STORM_CMCC,storm_cmcc|5738|5_5738_5,5738,5_5738_5,305,rank_201_500,0.0,61.60256791489109,intensity_distance_weighted_mps,6.52173913,0.0006521739130434782,32.8571428571429,63.18181818181819,4,24.01692105080739,16.1,-61.19999999999999,SE
storm_cmcc,STORM_CMCC,storm_cmcc|8211|8_8211_9,8211,8_8211_9,308,rank_201_500,0.0,61.495330947957655,intensity_distance_weighted_mps,6.52173913,0.0006521739130434782,32.16783216783221,71.47727272727273,5,60.433493967926765,15.9,-61.89999999999998,SW
storm_cmcc,STORM_CMCC,storm_cmcc|3008|3_3008_19,3008,3_3008_19,311,rank_201_500,0.0,61.4768443104021,intensity_distance_weighted_mps,6.52173913,0.0006521739130434782,31.506849315068532,70.3409090909091,5,56.9576334636541,16.5,-61.0,NE
storm_cmcc,STORM_CMCC,storm_cmcc|2303|2_2303_2,2303,2_2303_2,313,rank_201_500,0.0,61.454548642314684,intensity_distance_weighted_mps,6.52173913,0.0006521739130434782,30.872483221476546,64.6590909090909,4,34.25289194127292,16.1,-61.10000000000002,SE
storm_cmcc,STORM_CMCC,storm_cmcc|9552|9_9552_6,9552,9_9552_6,321,rank_201_500,0.0,61.35880734702147,intensity_distance_weighted_mps,6.52173913,0.0006521739130434782,30.263157894736874,66.47727272727273,4,43.32341565106727,15.9,-61.69999999999999,SW
storm_cmcc,STORM_CMCC,storm_cmcc|5589|5_5589_12,5589,5_5589_12,349,rank_201_500,0.0,60.52476627598716,intensity_distance_weighted_mps,6.52173913,0.0006521739130434782,29.67741935483874,69.54545454545456,4,57.908796077919455,16.4,-61.89999999999998,NW
storm_cmcc,STORM_CMCC,storm_cmcc|1736|1_1736_11,1736,1_1736_11,352,rank_201_500,0.0,60.445723473744984,intensity_distance_weighted_mps,6.52173913,0.0006521739130434782,29.11392405063294,70.45454545454547,5,61.03795173642381,15.7,-61.69999999999999,SW
storm_cmcc,STORM_CMCC,storm_cmcc|1430|1_1430_7,1430,1_1430_7,353,rank_201_500,0.0,60.427443499169854,intensity_distance_weighted_mps,6.52173913,0.0006521739130434782,28.571428571428598,60.45454545454546,4,3.1766872614766473,16.2,-61.39999999999998,NE
storm_cmcc,STORM_CMCC,storm_cmcc|6720|6_6720_6,6720,6_6720_6,362,rank_201_500,0.0,60.133857451780585,intensity_distance_weighted_mps,6.52173913,0.0006521739130434782,28.0487804878049,69.0909090909091,4,57.8914285069782,16.6,-61.10000000000002,NE
storm_cmcc,STORM_CMCC,storm_cmcc|2598|2_2598_6,2598,2_2598_6,365,rank_201_500,0.0,60.03823617877198,intensity_distance_weighted_mps,6.52173913,0.0006521739130434782,27.54491017964074,72.04545454545455,5,67.08084135222408,15.7,-61.80000000000001,SW
storm_cmcc,STORM_CMCC,storm_cmcc|3301|3_3301_6,3301,3_3301_6,377,rank_201_500,0.0,59.72812457960465,intensity_distance_weighted_mps,6.52173913,0.0006521739130434782,27.058823529411782,67.04545454545455,4,52.50227707186987,16.6,-61.19999999999999,NE
storm_cmcc,STORM_CMCC,storm_cmcc|4603|4_4603_4,4603,4_4603_4,380,rank_201_500,0.0,59.59537042871198,intensity_distance_weighted_mps,6.52173913,0.0006521739130434782,26.58959537572256,64.43181818181819,4,42.731510770523286,16.5,-61.19999999999999,NE
storm_cmcc,STORM_CMCC,storm_cmcc|8624|8_8624_6,8624,8_8624_6,390,rank_201_500,0.0,59.353952612344095,intensity_distance_weighted_mps,6.52173913,0.0006521739130434782,26.13636363636365,60.3409090909091,4,19.342626122509245,16.0,-61.39999999999998,SE
storm_cmcc,STORM_CMCC,storm_cmcc|4445|4_4445_0,4445,4_4445_0,403,rank_201_500,0.0,58.83588239161108,intensity_distance_weighted_mps,6.52173913,0.0006521739130434782,25.698324022346384,64.31818181818183,4,45.78798156767018,16.0,-61.80000000000001,SW
storm_cmcc,STORM_CMCC,storm_cmcc|3880|3_3880_10,3880,3_3880_10,409,rank_201_500,0.0,58.67836373090295,intensity_distance_weighted_mps,6.52173913,0.0006521739130434782,25.274725274725288,75.79545454545456,5,81.01533628226211,15.5,-61.69999999999999,SW
storm_cmcc,STORM_CMCC,storm_cmcc|5827|5_5827_0,5827,5_5827_0,411,rank_201_500,0.0,58.611062638134094,intensity_distance_weighted_mps,6.52173913,0.0006521739130434782,24.864864864864874,77.72727272727273,5,85.66479082844691,15.5,-61.80000000000001,SW
storm_cmcc,STORM_CMCC,storm_cmcc|9932|9_9932_10,9932,9_9932_10,422,rank_201_500,0.0,58.26726766491726,intensity_distance_weighted_mps,6.52173913,0.0006521739130434782,24.468085106382986,65.68181818181819,4,53.50832382813522,15.7,-61.5,SW
storm_cmcc,STORM_CMCC,storm_cmcc|1590|1_1590_7,1590,1_1590_7,424,rank_201_500,0.0,58.14414193966242,intensity_distance_weighted_mps,6.52173913,0.0006521739130434782,24.08376963350786,64.31818181818183,4,48.87907642712006,16.6,-61.30000000000001,NE
storm_cmcc,STORM_CMCC,storm_cmcc|8713|8_8713_4,8713,8_8713_4,428,rank_201_500,0.0,58.02456150038627,intensity_distance_weighted_mps,6.52173913,0.0006521739130434782,23.711340206185575,62.84090909090909,4,43.21596712462521,15.8,-61.30000000000001,SE
storm_cmcc,STORM_CMCC,storm_cmcc|8426|8_8426_8,8426,8_8426_8,430,rank_201_500,0.0,58.002428141714304,intensity_distance_weighted_mps,6.52173913,0.0006521739130434782,23.350253807106604,62.84090909090909,4,43.32341565106727,15.9,-61.69999999999999,SW
storm_cmcc,STORM_CMCC,storm_cmcc|8859|8_8859_3,8859,8_8859_3,431,rank_201_500,0.0,57.99263486111781,intensity_distance_weighted_mps,6.52173913,0.0006521739130434782,23.000000000000004,59.31818181818183,4,22.677877083396297,16.0,-61.30000000000001,SE
storm_cmcc,STORM_CMCC,storm_cmcc|8088|8_8088_1,8088,8_8088_1,433,rank_201_500,0.0,57.91366685400406,intensity_distance_weighted_mps,6.52173913,0.0006521739130434782,22.66009852216749,62.613636363636374,4,42.731510770523286,16.5,-61.19999999999999,NE
storm_cmcc,STORM_CMCC,storm_cmcc|2653|2_2653_3,2653,2_2653_3,437,rank_201_500,0.0,57.843872571601786,intensity_distance_weighted_mps,6.52173913,0.0006521739130434782,22.330097087378643,60.227272727272734,4,30.448160511479074,15.9,-61.39999999999998,SE
storm_cmcc,STORM_CMCC,storm_cmcc|4212|4_4212_3,4212,4_4212_3,442,rank_201_500,0.0,57.66018053855898,intensity_distance_weighted_mps,6.52173913,0.0006521739130434782,22.00956937799043,64.6590909090909,4,52.25988817155962,16.2,-61.89999999999998,NW
storm_cmcc,STORM_CMCC,storm_cmcc|1936|1_1936_3,1936,1_1936_3,444,rank_201_500,0.0,57.62631151325581,intensity_distance_weighted_mps,6.52173913,0.0006521739130434782,21.69811320754717,68.40909090909092,4,64.8852836935117,15.6,-61.30000000000001,SE
storm_cmcc,STORM_CMCC,storm_cmcc|3586|3_3586_0,3586,3_3586_0,446,rank_201_500,0.0,57.54489995257066,intensity_distance_weighted_mps,6.52173913,0.0006521739130434782,21.3953488372093,63.52272727272727,4,48.345885834829744,16.6,-61.5,NW
storm_cmcc,STORM_CMCC,storm_cmcc|4555|4_4555_10,4555,4_4555_10,458,rank_201_500,0.0,57.30971375634808,intensity_distance_weighted_mps,6.52173913,0.0006521739130434782,21.10091743119266,57.84090909090909,4,14.441232677570758,16.1,-61.30000000000001,SE
storm_cmcc,STORM_CMCC,storm_cmcc|5984|5_5984_15,5984,5_5984_15,461,rank_201_500,0.0,57.196207695024306,intensity_distance_weighted_mps,6.52173913,0.0006521739130434782,20.814479638009047,65.90909090909092,4,58.544835253388314,16.7,-61.39999999999998,NE
storm_cmcc,STORM_CMCC,storm_cmcc|4159|4_4159_6,4159,4_4159_6,469,rank_201_500,0.0,57.00309384853189,intensity_distance_weighted_mps,6.52173913,0.0006521739130434782,20.535714285714285,65.90909090909092,4,59.29025510157489,16.7,-61.5,NW
storm_cmcc,STORM_CMCC,storm_cmcc|5556|5_5556_8,5556,5_5556_8,474,rank_201_500,0.0,56.863481329113256,intensity_distance_weighted_mps,6.52173913,0.0006521739130434782,20.264317180616736,75.56818181818183,5,86.02999860517504,15.4,-61.39999999999998,SE
storm_cmcc,STORM_CMCC,storm_cmcc|4893|4_4893_2,4893,4_4893_2,484,rank_201_500,0.0,56.6503237377369,intensity_distance_weighted_mps,6.52173913,0.0006521739130434782,19.999999999999996,57.84090909090909,4,21.745546605949606,16.1,-61.60000000000002,SW
storm_cmcc,STORM_CMCC,storm_cmcc|3102|3_3102_13,3102,3_3102_13,505,rank_501_1000,0.0,56.35042736223405,intensity_distance_weighted_mps,7.69230769,0.0007692307692307692,19.696969696969692,74.88636363636365,5,86.02999860517504,15.4,-61.39999999999998,SE
storm_cmcc,STORM_CMCC,storm_cmcc|7179|7_7179_12,7179,7_7179_12,507,rank_501_1000,0.0,56.30026118800797,intensity_distance_weighted_mps,7.69230769,0.0007692307692307692,19.40298507462686,66.70454545454547,4,64.48254338211376,15.6,-61.5,SW
storm_cmcc,STORM_CMCC,storm_cmcc|6325|6_6325_9,6325,6_6325_9,512,rank_501_1000,0.0,56.149252678587146,intensity_distance_weighted_mps,7.69230769,0.0007692307692307692,19.117647058823522,72.95454545454547,5,82.06204025951992,15.7,-62.0,SW
storm_cmcc,STORM_CMCC,storm_cmcc|2445|2_2445_11,2445,2_2445_11,514,rank_501_1000,0.0,55.86126186265455,intensity_distance_weighted_mps,7.69230769,0.0007692307692307692,18.84057971014492,56.25000000000001,3,12.513086963196397,16.1,-61.5,SW
storm_cmcc,STORM_CMCC,storm_cmcc|6169|6_6169_1,6169,6_6169_1,522,rank_501_1000,0.0,55.59214157968868,intensity_distance_weighted_mps,7.69230769,0.0007692307692307692,18.571428571428562,71.93181818181819,5,81.32166932743593,16.9,-61.5,NW
storm_cmcc,STORM_CMCC,storm_cmcc|6099|6_6099_6,6099,6_6099_6,523,rank_501_1000,0.0,55.56703496218965,intensity_distance_weighted_mps,7.69230769,0.0007692307692307692,18.30985915492957,64.0909090909091,4,58.74909233475924,15.8,-61.80000000000001,SW
storm_cmcc,STORM_CMCC,storm_cmcc|5999|5_5999_4,5999,5_5999_4,532,rank_501_1000,0.0,55.40226098550554,intensity_distance_weighted_mps,7.69230769,0.0007692307692307692,18.055555555555546,60.909090909090914,4,47.29098354937902,15.8,-61.19999999999999,SE
storm_cmcc,STORM_CMCC,storm_cmcc|2994|2_2994_1,2994,2_2994_1,542,rank_501_1000,0.0,55.14357748272703,intensity_distance_weighted_mps,7.69230769,0.0007692307692307692,17.808219178082183,71.13636363636364,5,80.7803731887594,16.9,-61.39999999999998,NE
storm_cmcc,STORM_CMCC,storm_cmcc|8821|8_8821_13,8821,8_8821_13,550,rank_501_1000,0.0,54.97427989268572,intensity_distance_weighted_mps,7.69230769,0.0007692307692307692,17.567567567567558,57.84090909090909,4,34.25289194127292,16.1,-61.10000000000002,SE
storm_cmcc,STORM_CMCC,storm_cmcc|3210|3_3210_2,3210,3_3210_2,551,rank_501_1000,0.0,54.96743662161,intensity_distance_weighted_mps,7.69230769,0.0007692307692307692,17.33333333333332,55.795454545454554,3,18.410194885213727,16.3,-61.30000000000001,NE
storm_cmcc,STORM_CMCC,storm_cmcc|5046|5_5046_8,5046,5_5046_8,553,rank_501_1000,0.0,54.870859798066355,intensity_distance_weighted_mps,7.69230769,0.0007692307692307692,17.105263157894726,76.36363636363637,5,93.87860732571261,16.5,-60.60000000000002,NE
storm_cmcc,STORM_CMCC,storm_cmcc|1579|1_1579_3,1579,1_1579_3,566,rank_501_1000,0.0,54.70148221117413,intensity_distance_weighted_mps,7.69230769,0.0007692307692307692,16.88311688311687,61.5909090909091,4,53.23328406682556,15.8,-61.10000000000002,SE
storm_cmcc,STORM_CMCC,storm_cmcc|463|0_463_3,463,0_463_3,567,rank_501_1000,0.0,54.698400101391485,intensity_distance_weighted_mps,7.69230769,0.0007692307692307692,16.666666666666654,66.5909090909091,4,69.94242590213668,16.4,-60.80000000000001,NE
storm_cmcc,STORM_CMCC,storm_cmcc|9385|9_9385_0,9385,9_9385_0,582,rank_501_1000,0.0,54.50421919871897,intensity_distance_weighted_mps,7.69230769,0.0007692307692307692,16.455696202531634,67.15909090909092,4,72.2778243346889,16.6,-60.89999999999998,NE
storm_cmcc,STORM_CMCC,storm_cmcc|3304|3_3304_9,3304,3_3304_9,592,rank_501_1000,0.0,54.2977812354459,intensity_distance_weighted_mps,7.69230769,0.0007692307692307692,16.249999999999986,61.13636363636364,4,53.23328406682556,15.8,-61.10000000000002,SE
storm_cmcc,STORM_CMCC,storm_cmcc|905|0_905_2,905,0_905_2,601,rank_501_1000,0.0,54.00406151012333,intensity_distance_weighted_mps,7.69230769,0.0007692307692307692,16.04938271604937,55.11363636363637,3,21.500885690759674,16.0,-61.5,SW
storm_cmcc,STORM_CMCC,storm_cmcc|829|0_829_13,829,0_829_13,616,rank_501_1000,0.0,53.66820941473344,intensity_distance_weighted_mps,7.69230769,0.0007692307692307692,15.853658536585353,74.77272727272728,5,94.06334607715756,17.0,-61.60000000000002,NW
storm_cmcc,STORM_CMCC,storm_cmcc|7715|7_7715_12,7715,7_7715_12,619,rank_501_1000,0.0,53.58032772959262,intensity_distance_weighted_mps,7.69230769,0.0007692307692307692,15.662650602409625,65.90909090909092,4,71.95290479087805,15.6,-61.10000000000002,SE
storm_cmcc,STORM_CMCC,storm_cmcc|3268|3_3268_2,3268,3_3268_2,620,rank_501_1000,0.0,53.53970535479445,intensity_distance_weighted_mps,7.69230769,0.0007692307692307692,15.476190476190462,54.77272727272728,3,22.763480668387448,16.2,-61.19999999999999,NE
storm_cmcc,STORM_CMCC,storm_cmcc|7468|7_7468_8,7468,7_7468_8,629,rank_501_1000,0.0,53.38177938872849,intensity_distance_weighted_mps,7.69230769,0.0007692307692307692,15.29411764705881,55.795454545454554,3,31.895847497127786,16.1,-61.69999999999999,SW
storm_cmcc,STORM_CMCC,storm_cmcc|5738|5_5738_1,5738,5_5738_1,630,rank_501_1000,0.0,53.31197664306925,intensity_distance_weighted_mps,7.69230769,0.0007692307692307692,15.116279069767428,68.86363636363637,4,81.01533628226211,15.5,-61.69999999999999,SW
storm_cmcc,STORM_CMCC,storm_cmcc|7065|7_7065_9,7065,7_7065_9,635,rank_501_1000,0.0,53.20562428045867,intensity_distance_weighted_mps,7.69230769,0.0007692307692307692,14.94252873563217,68.63636363636364,4,80.7803731887594,16.9,-61.39999999999998,NE
storm_cmcc,STORM_CMCC,storm_cmcc|2579|2_2579_6,2579,2_2579_6,639,rank_501_1000,0.0,53.13825151250633,intensity_distance_weighted_mps,7.69230769,0.0007692307692307692,14.772727272727257,65.79545454545455,4,73.20765612203915,16.8,-61.19999999999999,NE
storm_cmcc,STORM_CMCC,storm_cmcc|3900|3_3900_11,3900,3_3900_11,642,rank_501_1000,0.0,53.09440205435677,intensity_distance_weighted_mps,7.69230769,0.0007692307692307692,14.606741573033693,53.977272727272734,3,19.342626122509245,16.0,-61.39999999999998,SE
storm_cmcc,STORM_CMCC,storm_cmcc|8840|8_8840_6,8840,8_8840_6,650,rank_501_1000,0.0,53.00686425170195,intensity_distance_weighted_mps,7.69230769,0.0007692307692307692,14.444444444444429,55.45454545454545,3,32.233141059404836,16.4,-61.60000000000002,NW
storm_cmcc,STORM_CMCC,storm_cmcc|8562|8_8562_6,8562,8_8562_6,651,rank_501_1000,0.0,52.98961744641185,intensity_distance_weighted_mps,7.69230769,0.0007692307692307692,14.28571428571427,61.5909090909091,4,60.433493967926765,15.9,-61.89999999999998,SW
storm_cmcc,STORM_CMCC,storm_cmcc|8508|8_8508_8,8508,8_8508_8,652,rank_501_1000,0.0,52.97829727517705,intensity_distance_weighted_mps,7.69230769,0.0007692307692307692,14.13043478260868,57.045454545454554,3,41.56116800704096,15.8,-61.39999999999998,SE
storm_cmcc,STORM_CMCC,storm_cmcc|8256|8_8256_11,8256,8_8256_11,661,rank_501_1000,0.0,52.83894595774728,intensity_distance_weighted_mps,7.69230769,0.0007692307692307692,13.978494623655898,54.659090909090914,3,27.839868137921705,16.4,-61.30000000000001,NE
storm_cmcc,STORM_CMCC,storm_cmcc|2867|2_2867_7,2867,2_2867_7,669,rank_501_1000,0.0,52.73148359982139,intensity_distance_weighted_mps,7.69230769,0.0007692307692307692,13.829787234042538,64.43181818181819,4,70.65703423409055,16.8,-61.30000000000001,NE
storm_cmcc,STORM_CMCC,storm_cmcc|5793|5_5793_5,5793,5_5793_5,675,rank_501_1000,0.0,52.6211848319882,intensity_distance_weighted_mps,7.69230769,0.0007692307692307692,13.684210526315773,55.227272727272734,3,33.381471519362705,16.2,-61.10000000000002,NE
storm_cmcc,STORM_CMCC,storm_cmcc|2443|2_2443_2,2443,2_2443_2,688,rank_501_1000,0.0,52.386682948750384,intensity_distance_weighted_mps,7.69230769,0.0007692307692307692,13.54166666666665,62.38636363636364,4,65.53508619388666,16.5,-60.89999999999998,NE
storm_cmcc,STORM_CMCC,storm_cmcc|6749|6_6749_12,6749,6_6749_12,695,rank_501_1000,0.0,52.31843462501393,intensity_distance_weighted_mps,7.69230769,0.0007692307692307692,13.402061855670086,65.11363636363636,4,74.1801073048323,15.7,-61.89999999999998,SW
storm_cmcc,STORM_CMCC,storm_cmcc|9150|9_9150_9,9150,9_9150_9,703,rank_501_1000,0.0,52.27224644292614,intensity_distance_weighted_mps,7.69230769,0.0007692307692307692,13.265306122448962,73.06818181818183,5,94.61171313043853,17.0,-61.19999999999999,NE
storm_cmcc,STORM_CMCC,storm_cmcc|8451|8_8451_4,8451,8_8451_4,718,rank_501_1000,0.0,52.03072516110512,intensity_distance_weighted_mps,7.69230769,0.0007692307692307692,13.131313131313114,57.95454545454546,4,50.61302064107246,16.4,-61.0,NE
storm_cmcc,STORM_CMCC,storm_cmcc|5149|5_5149_10,5149,5_5149_10,731,rank_501_1000,0.0,51.85969199271586,intensity_distance_weighted_mps,7.69230769,0.0007692307692307692,12.999999999999982,54.20454545454546,3,31.895847497127786,16.1,-61.69999999999999,SW
storm_cmcc,STORM_CMCC,storm_cmcc|2226|2_2226_9,2226,2_2226_9,748,rank_501_1000,0.0,51.55383868366743,intensity_distance_weighted_mps,7.69230769,0.0007692307692307692,12.871287128712854,53.75,3,30.959424117241788,16.2,-61.69999999999999,NW
storm_cmcc,STORM_CMCC,storm_cmcc|4413|4_4413_5,4413,4_4413_5,750,rank_501_1000,0.0,51.55074770479986,intensity_distance_weighted_mps,7.69230769,0.0007692307692307692,12.74509803921567,56.70454545454546,3,47.428289317141335,16.6,-61.39999999999998,NE
storm_cmcc,STORM_CMCC,storm_cmcc|7177|7_7177_1,7177,7_7177_1,751,rank_501_1000,0.0,51.55074770479986,intensity_distance_weighted_mps,7.69230769,0.0007692307692307692,12.621359223300953,56.70454545454546,3,47.428289317141335,16.6,-61.39999999999998,NE
storm_cmcc,STORM_CMCC,storm_cmcc|5719|5_5719_11,5719,5_5719_11,756,rank_501_1000,0.0,51.497068687120375,intensity_distance_weighted_mps,7.69230769,0.0007692307692307692,12.499999999999982,54.54545454545455,3,36.495134936606505,15.9,-61.60000000000002,SW
storm_cmcc,STORM_CMCC,storm_cmcc|5564|5_5564_5,5564,5_5564_5,758,rank_501_1000,0.0,51.43923046339872,intensity_distance_weighted_mps,7.69230769,0.0007692307692307692,12.380952380952364,52.38636363636364,3,20.353989753705022,16.2,-61.60000000000002,NW
storm_cmcc,STORM_CMCC,storm_cmcc|2143|2_2143_8,2143,2_2143_8,767,rank_501_1000,0.0,51.32109509308331,intensity_distance_weighted_mps,7.69230769,0.0007692307692307692,12.264150943396208,51.47727272727273,3,8.274708844222385,16.1,-61.39999999999998,SE
storm_cmcc,STORM_CMCC,storm_cmcc|6089|6_6089_3,6089,6_6089_3,770,rank_501_1000,0.0,51.23246407898412,intensity_distance_weighted_mps,7.69230769,0.0007692307692307692,12.149532710280356,58.86363636363637,4,57.8914285069782,16.6,-61.10000000000002,NE
storm_cmcc,STORM_CMCC,storm_cmcc|5353|5_5353_9,5353,5_5353_9,771,rank_501_1000,0.0,51.230786496676885,intensity_distance_weighted_mps,7.69230769,0.0007692307692307692,12.037037037037019,56.59090909090909,3,48.519141611626736,16.4,-61.80000000000001,NW
storm_cmcc,STORM_CMCC,storm_cmcc|6623|6_6623_7,6623,6_6623_7,775,rank_501_1000,0.0,51.210678155325205,intensity_distance_weighted_mps,7.69230769,0.0007692307692307692,11.926605504587139,57.72727272727273,4,53.50832382813522,15.7,-61.5,SW
storm_cmcc,STORM_CMCC,storm_cmcc|2658|2_2658_6,2658,2_2658_6,778,rank_501_1000,0.0,51.18421151087822,intensity_distance_weighted_mps,7.69230769,0.0007692307692307692,11.8181818181818,55.11363636363637,3,41.56116800704096,15.8,-61.39999999999998,SE
storm_cmcc,STORM_CMCC,storm_cmcc|4684|4_4684_5,4684,4_4684_5,792,rank_501_1000,0.0,50.94930715870158,intensity_distance_weighted_mps,7.69230769,0.0007692307692307692,11.711711711711693,58.29545454545455,4,56.9576334636541,16.5,-61.0,NE
storm_cmcc,STORM_CMCC,storm_cmcc|6642|6_6642_7,6642,6_6642_7,793,rank_501_1000,0.0,50.94884209556331,intensity_distance_weighted_mps,7.69230769,0.0007692307692307692,11.607142857142838,63.409090909090914,4,74.1801073048323,15.7,-61.89999999999998,SW
storm_cmcc,STORM_CMCC,storm_cmcc|5784|5_5784_9,5784,5_5784_9,794,rank_501_1000,0.0,50.93723760251028,intensity_distance_weighted_mps,7.69230769,0.0007692307692307692,11.504424778761043,51.70454545454546,3,18.410194885213727,16.3,-61.30000000000001,NE
storm_cmcc,STORM_CMCC,storm_cmcc|1547|1_1547_9,1547,1_1547_9,797,rank_501_1000,0.0,50.88880014616143,intensity_distance_weighted_mps,7.69230769,0.0007692307692307692,11.403508771929806,53.409090909090914,3,33.381471519362705,16.2,-61.10000000000002,NE
storm_cmcc,STORM_CMCC,storm_cmcc|9349|9_9349_7,9349,9_9349_7,806,rank_501_1000,0.0,50.79390633842118,intensity_distance_weighted_mps,7.69230769,0.0007692307692307692,11.304347826086937,59.20454545454546,4,61.03795173642381,15.7,-61.69999999999999,SW
storm_cmcc,STORM_CMCC,storm_cmcc|6064|6_6064_7,6064,6_6064_7,838,rank_501_1000,0.0,50.2357602625291,intensity_distance_weighted_mps,7.69230769,0.0007692307692307692,11.20689655172412,60.227272727272734,4,66.89603642880584,15.6,-61.60000000000002,SW
storm_cmcc,STORM_CMCC,storm_cmcc|618|0_618_7,618,0_618_7,858,rank_501_1000,0.0,49.946533370092205,intensity_distance_weighted_mps,7.69230769,0.0007692307692307692,11.111111111111093,60.0,4,67.29712391290883,16.7,-61.10000000000002,NE
storm_cmcc,STORM_CMCC,storm_cmcc|3873|3_3873_10,3873,3_3873_10,863,rank_501_1000,0.0,49.887778974676706,intensity_distance_weighted_mps,7.69230769,0.0007692307692307692,11.016949152542354,68.40909090909092,4,91.39660155241661,15.4,-61.69999999999999,SW
storm_cmcc,STORM_CMCC,storm_cmcc|277|0_277_4,277,0_277_4,911,rank_501_1000,0.0,49.112909286138475,intensity_distance_weighted_mps,7.69230769,0.0007692307692307692,10.92436974789914,66.5909090909091,4,89.48274405764059,16.6,-60.69999999999999,NE
storm_cmcc,STORM_CMCC,storm_cmcc|8197|8_8197_1,8197,8_8197_1,930,rank_501_1000,0.0,48.75937870732881,intensity_distance_weighted_mps,7.69230769,0.0007692307692307692,10.833333333333314,54.77272727272728,3,52.67691912066638,15.7,-61.39999999999998,SE
storm_cmcc,STORM_CMCC,storm_cmcc|1044|1_1044_2,1044,1_1044_2,938,rank_501_1000,0.0,48.70764413323469,intensity_distance_weighted_mps,7.69230769,0.0007692307692307692,10.743801652892543,51.59090909090909,3,36.495134936606505,15.9,-61.60000000000002,SW
storm_cmcc,STORM_CMCC,storm_cmcc|7408|7_7408_7,7408,7_7408_7,939,rank_501_1000,0.0,48.69551765768884,intensity_distance_weighted_mps,7.69230769,0.0007692307692307692,10.655737704918014,70.00000000000001,5,99.2161244263913,15.3,-61.60000000000002,SW
storm_cmcc,STORM_CMCC,storm_cmcc|5996|5_5996_11,5996,5_5996_11,940,rank_501_1000,0.0,48.67438216227734,intensity_distance_weighted_mps,7.69230769,0.0007692307692307692,10.569105691056892,77.04545454545455,5,114.51935970237764,17.2,-61.5,NW
storm_cmcc,STORM_CMCC,storm_cmcc|4681|4_4681_8,4681,4_4681_8,944,rank_501_1000,0.0,48.56632827502646,intensity_distance_weighted_mps,7.69230769,0.0007692307692307692,10.483870967741916,52.95454545454546,3,45.08869650168093,15.9,-61.10000000000002,SE
storm_cmcc,STORM_CMCC,storm_cmcc|5330|5_5330_7,5330,5_5330_7,959,rank_501_1000,0.0,48.38804235148838,intensity_distance_weighted_mps,7.69230769,0.0007692307692307692,10.39999999999998,54.54545454545455,3,53.50832382813522,15.7,-61.5,SW
storm_cmcc,STORM_CMCC,storm_cmcc|6702|6_6702_4,6702,6_6702_4,962,rank_501_1000,0.0,48.34294465742122,intensity_distance_weighted_mps,7.69230769,0.0007692307692307692,10.317460317460299,65.3409090909091,4,88.945333302168,15.4,-61.19999999999999,SE
storm_cmcc,STORM_CMCC,storm_cmcc|4721|4_4721_0,4721,4_4721_0,970,rank_501_1000,0.0,48.27614233203228,intensity_distance_weighted_mps,7.69230769,0.0007692307692307692,10.236220472440927,50.45454545454546,3,31.86354595969182,15.9,-61.5,SW
storm_cmcc,STORM_CMCC,storm_cmcc|7217|7_7217_2,7217,7_7217_2,974,rank_501_1000,0.0,48.17014986900153,intensity_distance_weighted_mps,7.69230769,0.0007692307692307692,10.156249999999982,64.20454545454545,4,86.54232474206935,15.4,-61.5,SW
storm_cmcc,STORM_CMCC,storm_cmcc|3335|3_3335_4,3335,3_3335_4,979,rank_501_1000,0.0,48.03817737595868,intensity_distance_weighted_mps,7.69230769,0.0007692307692307692,10.077519379844942,52.04545454545455,3,43.32341565106727,15.9,-61.69999999999999,SW
storm_cmcc,STORM_CMCC,storm_cmcc|9838|9_9838_7,9838,9_9838_7,997,rank_501_1000,0.0,47.64769543213356,intensity_distance_weighted_mps,7.69230769,0.0007692307692307692,9.999999999999982,62.045454545454554,4,82.45514516753867,15.6,-61.89999999999998,SW
storm_cmcc,STORM_CMCC,storm_cmcc|2943|2_2943_10,2943,2_2943_10,1003,rank_1001_2000,0.0,47.54427212619404,intensity_distance_weighted_mps,9.43396226,0.0009433962264150943,9.906542056074748,50.34090909090909,3,36.37979138977118,16.0,-61.69999999999999,SW
storm_cmcc,STORM_CMCC,storm_cmcc|8012|8_8012_6,8012,8_8012_6,1027,rank_1001_2000,0.0,47.33013783987307,intensity_distance_weighted_mps,9.43396226,0.0009433962264150943,9.814814814814797,79.31818181818183,5,123.31508784504425,15.1,-61.69999999999999,SW
storm_cmcc,STORM_CMCC,storm_cmcc|1186|1_1186_13,1186,1_1186_13,1034,rank_1001_2000,0.0,47.23389446198805,intensity_distance_weighted_mps,9.43396226,0.0009433962264150943,9.724770642201817,56.25000000000001,3,65.53508619388666,16.5,-60.89999999999998,NE
storm_cmcc,STORM_CMCC,storm_cmcc|2938|2_2938_10,2938,2_2938_10,1049,rank_1001_2000,0.0,46.941578283098515,intensity_distance_weighted_mps,9.43396226,0.0009433962264150943,9.636363636363619,50.56818181818182,3,41.69293374799521,16.4,-61.10000000000002,NE
storm_cmcc,STORM_CMCC,storm_cmcc|7077|7_7077_4,7077,7_7077_4,1057,rank_1001_2000,0.0,46.80571376749263,intensity_distance_weighted_mps,9.43396226,0.0009433962264150943,9.549549549549532,57.95454545454546,4,73.20765612203915,16.8,-61.19999999999999,NE
storm_cmcc,STORM_CMCC,storm_cmcc|1534|1_1534_11,1534,1_1534_11,1058,rank_1001_2000,0.0,46.79522930599198,intensity_distance_weighted_mps,9.43396226,0.0009433962264150943,9.464285714285698,53.409090909090914,3,56.39206792215229,15.7,-61.60000000000002,SW
storm_cmcc,STORM_CMCC,storm_cmcc|4192|4_4192_8,4192,4_4192_8,1070,rank_1001_2000,0.0,46.57000187688261,intensity_distance_weighted_mps,9.43396226,0.0009433962264150943,9.380530973451311,48.18181818181819,2,27.90589165226733,16.0,-61.60000000000002,SW
storm_cmcc,STORM_CMCC,storm_cmcc|2605|2_2605_11,2605,2_2605_11,1084,rank_1001_2000,0.0,46.36073212560183,intensity_distance_weighted_mps,9.43396226,0.0009433962264150943,9.298245614035071,57.38636363636364,3,73.15059333341671,16.7,-61.0,NE
storm_cmcc,STORM_CMCC,storm_cmcc|5944|5_5944_1,5944,5_5944_1,1098,rank_1001_2000,0.0,46.16927457564017,intensity_distance_weighted_mps,9.43396226,0.0009433962264150943,9.21739130434781,46.47727272727273,2,12.251486582519494,16.2,-61.30000000000001,NE
storm_cmcc,STORM_CMCC,storm_cmcc|8756|8_8756_4,8756,8_8756_4,1101,rank_1001_2000,0.0,46.104233854058585,intensity_distance_weighted_mps,9.43396226,0.0009433962264150943,9.137931034482744,51.59090909090909,3,51.745844798255305,15.8,-61.69999999999999,SW
storm_cmcc,STORM_CMCC,storm_cmcc|8298|8_8298_2,8298,8_8298_2,1102,rank_1001_2000,0.0,46.10154132608488,intensity_distance_weighted_mps,9.43396226,0.0009433962264150943,9.059829059829045,48.18181818181819,2,31.86354595969182,15.9,-61.5,SW
storm_cmcc,STORM_CMCC,storm_cmcc|7447|7_7447_10,7447,7_7447_10,1123,rank_1001_2000,0.0,45.82525245350426,intensity_distance_weighted_mps,9.43396226,0.0009433962264150943,8.983050847457612,46.25000000000001,2,14.441232677570758,16.1,-61.30000000000001,SE
storm_cmcc,STORM_CMCC,storm_cmcc|688|0_688_7,688,0_688_7,1130,rank_1001_2000,0.0,45.72273557686616,intensity_distance_weighted_mps,9.43396226,0.0009433962264150943,8.90756302521007,47.159090909090914,2,26.58618983476137,16.3,-61.19999999999999,NE
storm_cmcc,STORM_CMCC,storm_cmcc|3246|3_3246_15,3246,3_3246_15,1142,rank_1001_2000,0.0,45.62340206847571,intensity_distance_weighted_mps,9.43396226,0.0009433962264150943,8.83333333333332,51.25000000000001,3,52.67691912066638,15.7,-61.39999999999998,SE
storm_cmcc,STORM_CMCC,storm_cmcc|1003|1_1003_9,1003,1_1003_9,1147,rank_1001_2000,0.0,45.58046686373035,intensity_distance_weighted_mps,9.43396226,0.0009433962264150943,8.760330578512383,47.04545454545455,2,26.89173735432589,16.4,-61.5,NW
storm_cmcc,STORM_CMCC,storm_cmcc|9616|9_9616_2,9616,9_9616_2,1151,rank_1001_2000,0.0,45.54156939719678,intensity_distance_weighted_mps,9.43396226,0.0009433962264150943,8.68852459016392,46.47727272727273,2,21.500885690759674,16.0,-61.5,SW
storm_cmcc,STORM_CMCC,storm_cmcc|5958|5_5958_0,5958,5_5958_0,1156,rank_1001_2000,0.0,45.483402718543076,intensity_distance_weighted_mps,9.43396226,0.0009433962264150943,8.617886178861776,45.68181818181819,2,9.90723678480257,16.2,-61.5,NW
storm_cmcc,STORM_CMCC,storm_cmcc|8959|8_8959_2,8959,8_8959_2,1165,rank_1001_2000,0.0,45.3170986185443,intensity_distance_weighted_mps,9.43396226,0.0009433962264150943,8.54838709677418,51.93181818181819,3,57.30808930072128,15.7,-61.19999999999999,SE
storm_cmcc,STORM_CMCC,storm_cmcc|3557|3_3557_9,3557,3_3557_9,1168,rank_1001_2000,0.0,45.24446969943037,intensity_distance_weighted_mps,9.43396226,0.0009433962264150943,8.479999999999986,75.11363636363636,5,121.87652445562422,17.1,-60.80000000000001,NE
storm_cmcc,STORM_CMCC,storm_cmcc|1345|1_1345_8,1345,1_1345_8,1178,rank_1001_2000,0.0,45.1101461556886,intensity_distance_weighted_mps,9.43396226,0.0009433962264150943,8.4126984126984,62.045454545454554,4,91.90744578117216,16.9,-61.0,NE
storm_cmcc,STORM_CMCC,storm_cmcc|7477|7_7477_5,7477,7_7477_5,1181,rank_1001_2000,0.0,45.076415968236624,intensity_distance_weighted_mps,9.43396226,0.0009433962264150943,8.346456692913373,71.93181818181819,5,115.7796948719302,15.3,-62.0,SW
storm_cmcc,STORM_CMCC,storm_cmcc|113|0_113_5,113,0_113_5,1183,rank_1001_2000,0.0,45.05993510123033,intensity_distance_weighted_mps,9.43396226,0.0009433962264150943,8.281249999999988,47.727272727272734,2,36.495134936606505,15.9,-61.60000000000002,SW
storm_cmcc,STORM_CMCC,storm_cmcc|8418|8_8418_18,8418,8_8418_18,1187,rank_1001_2000,0.0,45.01303483148658,intensity_distance_weighted_mps,9.43396226,0.0009433962264150943,8.21705426356588,71.25000000000001,5,114.51935970237764,17.2,-61.5,NW
storm_cmcc,STORM_CMCC,storm_cmcc|9806|9_9806_7,9806,9_9806_7,1188,rank_1001_2000,0.0,45.01241280831314,intensity_distance_weighted_mps,9.43396226,0.0009433962264150943,8.153846153846143,55.0,3,70.65703423409055,16.8,-61.30000000000001,NE
storm_cmcc,STORM_CMCC,storm_cmcc|1246|1_1246_3,1246,1_1246_3,1208,rank_1001_2000,0.0,44.790853960723204,intensity_distance_weighted_mps,9.43396226,0.0009433962264150943,8.091603053435103,76.02272727272728,5,125.25515390657368,17.3,-61.39999999999998,NE
storm_cmcc,STORM_CMCC,storm_cmcc|291|0_291_1,291,0_291_1,1214,rank_1001_2000,0.0,44.71989610364964,intensity_distance_weighted_mps,9.43396226,0.0009433962264150943,8.030303030303019,60.68181818181819,4,89.61556748781072,15.6,-62.0,SW
storm_cmcc,STORM_CMCC,storm_cmcc|2962|2_2962_3,2962,2_2962_3,1215,rank_1001_2000,0.0,44.691660083951184,intensity_distance_weighted_mps,9.43396226,0.0009433962264150943,7.9699248120300625,67.95454545454545,4,108.22056722894281,17.1,-61.10000000000002,NE
storm_cmcc,STORM_CMCC,storm_cmcc|3449|3_3449_16,3449,3_3449_16,1223,rank_1001_2000,0.0,44.57541659751258,intensity_distance_weighted_mps,9.43396226,0.0009433962264150943,7.910447761194018,46.59090909090909,2,31.895847497127786,16.1,-61.69999999999999,SW
storm_cmcc,STORM_CMCC,storm_cmcc|8300|8_8300_6,8300,8_8300_6,1244,rank_1001_2000,0.0,44.35135995565099,intensity_distance_weighted_mps,9.43396226,0.0009433962264150943,7.85185185185184,60.795454545454554,4,91.33616478183365,15.5,-61.89999999999998,SW
storm_cmcc,STORM_CMCC,storm_cmcc|852|0_852_3,852,0_852_3,1248,rank_1001_2000,0.0,44.30192675904215,intensity_distance_weighted_mps,9.43396226,0.0009433962264150943,7.794117647058812,68.97727272727273,4,111.94677246024645,17.1,-61.0,NE
storm_cmcc,STORM_CMCC,storm_cmcc|326|0_326_6,326,0_326_6,1252,rank_1001_2000,0.0,44.23952407895773,intensity_distance_weighted_mps,9.43396226,0.0009433962264150943,7.737226277372251,77.15909090909092,5,129.3936881562286,16.2,-60.19999999999999,NE
storm_cmcc,STORM_CMCC,storm_cmcc|1582|1_1582_3,1582,1_1582_3,1258,rank_1001_2000,0.0,44.205386431997866,intensity_distance_weighted_mps,9.43396226,0.0009433962264150943,7.681159420289844,45.113636363636374,2,21.500885690759674,16.0,-61.5,SW
storm_cmcc,STORM_CMCC,storm_cmcc|7509|7_7509_1,7509,7_7509_1,1261,rank_1001_2000,0.0,44.15408864573315,intensity_distance_weighted_mps,9.43396226,0.0009433962264150943,7.625899280575529,49.77272727272727,3,53.50832382813522,15.7,-61.5,SW
storm_cmcc,STORM_CMCC,storm_cmcc|4169|4_4169_10,4169,4_4169_10,1263,rank_1001_2000,0.0,44.13352893389311,intensity_distance_weighted_mps,9.43396226,0.0009433962264150943,7.5714285714285605,50.00000000000001,3,54.6884227201857,16.2,-60.89999999999998,NE
storm_cmcc,STORM_CMCC,storm_cmcc|6889|6_6889_10,6889,6_6889_10,1265,rank_1001_2000,0.0,44.098056070235266,intensity_distance_weighted_mps,9.43396226,0.0009433962264150943,7.51773049645389,45.113636363636374,2,22.763480668387448,16.2,-61.19999999999999,NE
storm_cmcc,STORM_CMCC,storm_cmcc|7159|7_7159_2,7159,7_7159_2,1269,rank_1001_2000,0.0,44.05500317154892,intensity_distance_weighted_mps,9.43396226,0.0009433962264150943,7.464788732394355,75.22727272727273,5,126.17631864550206,17.0,-60.60000000000002,NE
storm_cmcc,STORM_CMCC,storm_cmcc|3750|3_3750_19,3750,3_3750_19,1278,rank_1001_2000,0.0,43.91666291115454,intensity_distance_weighted_mps,9.43396226,0.0009433962264150943,7.412587412587402,59.54545454545455,4,89.48274405764059,16.6,-60.69999999999999,NE
storm_cmcc,STORM_CMCC,storm_cmcc|8838|8_8838_5,8838,8_8838_5,1279,rank_1001_2000,0.0,43.91122229401964,intensity_distance_weighted_mps,9.43396226,0.0009433962264150943,7.361111111111101,55.227272727272734,3,76.14667304929156,16.8,-61.69999999999999,NW
storm_cmcc,STORM_CMCC,storm_cmcc|4186|4_4186_0,4186,4_4186_0,1283,rank_1001_2000,0.0,43.883315651612136,intensity_distance_weighted_mps,9.43396226,0.0009433962264150943,7.310344827586197,44.88636363636364,2,22.677877083396297,16.0,-61.30000000000001,SE
storm_cmcc,STORM_CMCC,storm_cmcc|3753|3_3753_3,3753,3_3753_3,1287,rank_1001_2000,0.0,43.84522278644419,intensity_distance_weighted_mps,9.43396226,0.0009433962264150943,7.26027397260273,65.11363636363636,4,104.47146068282125,16.7,-60.60000000000002,NE
storm_cmcc,STORM_CMCC,storm_cmcc|536|0_536_1,536,0_536_1,1289,rank_1001_2000,0.0,43.8343693948624,intensity_distance_weighted_mps,9.43396226,0.0009433962264150943,7.210884353741487,49.20454545454545,3,52.50227707186987,16.6,-61.19999999999999,NE
storm_cmcc,STORM_CMCC,storm_cmcc|5579|5_5579_2,5579,5_5579_2,1295,rank_1001_2000,0.0,43.76752490556361,intensity_distance_weighted_mps,9.43396226,0.0009433962264150943,7.1621621621621525,47.5,2,43.803995384913776,16.299999999999997,-61.80000000000001,NW
storm_cmcc,STORM_CMCC,storm_cmcc|4693|4_4693_1,4693,4_4693_1,1297,rank_1001_2000,0.0,43.741460711440624,intensity_distance_weighted_mps,9.43396226,0.0009433962264150943,7.114093959731534,46.81818181818183,2,39.782189661163905,16.4,-61.69999999999999,NW
storm_cmcc,STORM_CMCC,storm_cmcc|7826|7_7826_3,7826,7_7826_3,1298,rank_1001_2000,0.0,43.718836907580936,intensity_distance_weighted_mps,9.43396226,0.0009433962264150943,7.0666666666666575,59.09090909090909,4,88.945333302168,15.4,-61.19999999999999,SE
storm_cmcc,STORM_CMCC,storm_cmcc|5317|5_5317_9,5317,5_5317_9,1303,rank_1001_2000,0.0,43.62777339938673,intensity_distance_weighted_mps,9.43396226,0.0009433962264150943,7.019867549668865,75.3409090909091,5,127.88786216743051,17.1,-60.69999999999999,NE
storm_cmcc,STORM_CMCC,storm_cmcc|9601|9_9601_8,9601,9_9601_8,1328,rank_1001_2000,0.0,43.403394794598874,intensity_distance_weighted_mps,9.43396226,0.0009433962264150943,6.973684210526306,78.40909090909092,5,134.70966888502159,16.9,-60.39999999999998,NE
storm_cmcc,STORM_CMCC,storm_cmcc|9920|9_9920_5,9920,9_9920_5,1329,rank_1001_2000,0.0,43.39165000688186,intensity_distance_weighted_mps,9.43396226,0.0009433962264150943,6.928104575163389,44.88636363636364,2,27.839868137921705,16.4,-61.30000000000001,NE
storm_cmcc,STORM_CMCC,storm_cmcc|9546|9_9546_0,9546,9_9546_0,1339,rank_1001_2000,0.0,43.234308465697275,intensity_distance_weighted_mps,9.43396226,0.0009433962264150943,6.883116883116874,43.52272727272727,2,12.251486582519494,16.2,-61.30000000000001,NE
storm_cmcc,STORM_CMCC,storm_cmcc|3553|3_3553_7,3553,3_3553_7,1347,rank_1001_2000,0.0,43.04273505766323,intensity_distance_weighted_mps,9.43396226,0.0009433962264150943,6.838709677419346,73.63636363636364,5,126.46106183307053,17.2,-60.89999999999998,NE
storm_cmcc,STORM_CMCC,storm_cmcc|8480|8_8480_5,8480,8_8480_5,1359,rank_1001_2000,0.0,42.91588964813339,intensity_distance_weighted_mps,9.43396226,0.0009433962264150943,6.794871794871786,43.295454545454554,2,14.106693156686516,16.3,-61.39999999999998,NE
storm_cmcc,STORM_CMCC,storm_cmcc|5051|5_5051_0,5051,5_5051_0,1375,rank_1001_2000,0.0,42.71680409614106,intensity_distance_weighted_mps,9.43396226,0.0009433962264150943,6.7515923566878895,44.88636363636364,2,33.80474537884485,16.4,-61.19999999999999,NE
storm_cmcc,STORM_CMCC,storm_cmcc|4204|4_4204_2,4204,4_4204_2,1382,rank_1001_2000,0.0,42.61662387948719,intensity_distance_weighted_mps,9.43396226,0.0009433962264150943,6.708860759493662,45.909090909090914,2,41.69293374799521,16.4,-61.10000000000002,NE
storm_cmcc,STORM_CMCC,storm_cmcc|4397|4_4397_6,4397,4_4397_6,1393,rank_1001_2000,0.0,42.50179786027504,intensity_distance_weighted_mps,9.43396226,0.0009433962264150943,6.666666666666658,50.45454545454546,3,64.8852836935117,15.6,-61.30000000000001,SE
storm_cmcc,STORM_CMCC,storm_cmcc|6075|6_6075_7,6075,6_6075_7,1395,rank_1001_2000,0.0,42.463461114722946,intensity_distance_weighted_mps,9.43396226,0.0009433962264150943,6.624999999999992,48.977272727272734,3,58.74909233475924,15.8,-61.80000000000001,SW
storm_cmcc,STORM_CMCC,storm_cmcc|501|0_501_10,501,0_501_10,1402,rank_1001_2000,0.0,42.424494965441404,intensity_distance_weighted_mps,9.43396226,0.0009433962264150943,6.58385093167701,50.909090909090914,3,67.08084135222408,15.7,-61.80000000000001,SW
storm_cmcc,STORM_CMCC,storm_cmcc|1530|1_1530_16,1530,1_1530_16,1403,rank_1001_2000,0.0,42.417477583357766,intensity_distance_weighted_mps,9.43396226,0.0009433962264150943,6.543209876543202,43.75000000000001,2,26.58618983476137,16.3,-61.19999999999999,NE
storm_cmcc,STORM_CMCC,storm_cmcc|5012|5_5012_4,5012,5_5012_4,1406,rank_1001_2000,0.0,42.38493112471488,intensity_distance_weighted_mps,9.43396226,0.0009433962264150943,6.5030674846625685,44.545454545454554,2,33.86608604338634,16.3,-61.69999999999999,NW
storm_cmcc,STORM_CMCC,storm_cmcc|4632|4_4632_10,4632,4_4632_10,1412,rank_1001_2000,0.0,42.31540451924156,intensity_distance_weighted_mps,9.43396226,0.0009433962264150943,6.463414634146334,42.5,2,9.90723678480257,16.2,-61.5,NW
storm_cmcc,STORM_CMCC,storm_cmcc|1423|1_1423_7,1423,1_1423_7,1425,rank_1001_2000,0.0,42.133261964569954,intensity_distance_weighted_mps,9.43396226,0.0009433962264150943,6.424242424242417,48.409090909090914,2,57.8914285069782,16.6,-61.10000000000002,NE
storm_cmcc,STORM_CMCC,storm_cmcc|3955|3_3955_6,3955,3_3955_6,1426,rank_1001_2000,0.0,42.111192934740515,intensity_distance_weighted_mps,9.43396226,0.0009433962264150943,6.385542168674691,50.68181818181819,3,67.67039940707922,15.6,-61.19999999999999,SE
storm_cmcc,STORM_CMCC,storm_cmcc|3852|3_3852_2,3852,3_3852_2,1431,rank_1001_2000,0.0,42.05477435177959,intensity_distance_weighted_mps,9.43396226,0.0009433962264150943,6.34730538922155,43.18181818181819,2,24.555795528057462,16.3,-61.60000000000002,NW
storm_cmcc,STORM_CMCC,storm_cmcc|8819|8_8819_7,8819,8_8819_7,1454,rank_1001_2000,0.0,41.881306630533686,intensity_distance_weighted_mps,9.43396226,0.0009433962264150943,6.309523809523802,49.20454545454545,3,62.72385563020781,16.7,-61.19999999999999,NE
storm_cmcc,STORM_CMCC,storm_cmcc|3006|3_3006_2,3006,3_3006_2,1484,rank_1001_2000,0.0,41.63407923602935,intensity_distance_weighted_mps,9.43396226,0.0009433962264150943,6.272189349112419,59.20454545454546,4,97.44474411509874,16.9,-60.89999999999998,NE
storm_cmcc,STORM_CMCC,storm_cmcc|3986|3_3986_12,3986,3_3986_12,1487,rank_1001_2000,0.0,41.579968775835695,intensity_distance_weighted_mps,9.43396226,0.0009433962264150943,6.235294117647052,68.86363636363637,4,121.50679188493761,15.1,-61.19999999999999,SE
storm_cmcc,STORM_CMCC,storm_cmcc|8411|8_8411_1,8411,8_8411_1,1512,rank_1001_2000,0.0,41.403661897966884,intensity_distance_weighted_mps,9.43396226,0.0009433962264150943,6.198830409356718,41.93181818181819,1,16.9415486769099,16.3,-61.5,NW
storm_cmcc,STORM_CMCC,storm_cmcc|2600|2_2600_1,2600,2_2600_1,1516,rank_1001_2000,0.0,41.358226687680634,intensity_distance_weighted_mps,9.43396226,0.0009433962264150943,6.162790697674412,48.63636363636364,2,62.924593120069,16.2,-62.0,NW
storm_cmcc,STORM_CMCC,storm_cmcc|5004|5_5004_10,5004,5_5004_10,1521,rank_1001_2000,0.0,41.344139527685236,intensity_distance_weighted_mps,9.43396226,0.0009433962264150943,6.127167630057796,65.00000000000001,4,113.46284140192222,16.7,-60.5,NE
storm_cmcc,STORM_CMCC,storm_cmcc|9012|9_9012_7,9012,9_9012_7,1538,rank_1001_2000,0.0,41.22977741133874,intensity_distance_weighted_mps,9.43396226,0.0009433962264150943,6.0919540229884985,46.13636363636364,2,51.745844798255305,15.8,-61.69999999999999,SW
storm_cmcc,STORM_CMCC,storm_cmcc|4523|4_4523_16,4523,4_4523_16,1540,rank_1001_2000,0.0,41.223597744635455,intensity_distance_weighted_mps,9.43396226,0.0009433962264150943,6.057142857142851,42.8409090909091,2,29.710853636194447,16.0,-61.19999999999999,SE
storm_cmcc,STORM_CMCC,storm_cmcc|2195|2_2195_5,2195,2_2195_5,1541,rank_1001_2000,0.0,41.22008586701698,intensity_distance_weighted_mps,9.43396226,0.0009433962264150943,6.022727272727266,65.3409090909091,4,114.74476369438443,17.2,-61.30000000000001,NE
storm_cmcc,STORM_CMCC,storm_cmcc|5522|5_5522_5,5522,5_5522_5,1558,rank_1001_2000,0.0,41.09635662292151,intensity_distance_weighted_mps,9.43396226,0.0009433962264150943,5.988700564971745,41.477272727272734,1,14.441232677570758,16.1,-61.30000000000001,SE
storm_cmcc,STORM_CMCC,storm_cmcc|7087|7_7087_10,7087,7_7087_10,1564,rank_1001_2000,0.0,41.07208406042857,intensity_distance_weighted_mps,9.43396226,0.0009433962264150943,5.955056179775275,51.47727272727273,3,75.49929018639075,15.5,-61.5,SW
storm_cmcc,STORM_CMCC,storm_cmcc|472|0_472_7,472,0_472_7,1585,rank_1001_2000,0.0,40.87142344815245,intensity_distance_weighted_mps,9.43396226,0.0009433962264150943,5.9217877094972,77.27272727272728,5,141.5597696074606,17.1,-60.5,NE
storm_cmcc,STORM_CMCC,storm_cmcc|1131|1_1131_4,1131,1_1131_4,1599,rank_1001_2000,0.0,40.731405419590814,intensity_distance_weighted_mps,9.43396226,0.0009433962264150943,5.888888888888882,40.909090909090914,1,9.90723678480257,16.2,-61.5,NW
storm_cmcc,STORM_CMCC,storm_cmcc|558|0_558_1,558,0_558_1,1615,rank_1001_2000,0.0,40.542551456191646,intensity_distance_weighted_mps,9.43396226,0.0009433962264150943,5.8563535911602145,45.79545454545455,2,53.99274592255906,15.7,-61.30000000000001,SE
storm_cmcc,STORM_CMCC,storm_cmcc|4356|4_4356_7,4356,4_4356_7,1638,rank_1001_2000,0.0,40.346209077482094,intensity_distance_weighted_mps,9.43396226,0.0009433962264150943,5.824175824175818,51.13636363636364,3,77.57177417474774,15.5,-61.60000000000002,SW
storm_cmcc,STORM_CMCC,storm_cmcc|3021|3_3021_6,3021,3_3021_6,1641,rank_1001_2000,0.0,40.33157389410979,intensity_distance_weighted_mps,9.43396226,0.0009433962264150943,5.79234972677595,56.81818181818182,3,95.90347170416713,16.3,-62.30000000000001,NW
storm_cmcc,STORM_CMCC,storm_cmcc|8119|8_8119_5,8119,8_8119_5,1645,rank_1001_2000,0.0,40.30176614186157,intensity_distance_weighted_mps,9.43396226,0.0009433962264150943,5.760869565217385,49.659090909090914,3,72.2778243346889,16.6,-60.89999999999998,NE
storm_cmcc,STORM_CMCC,storm_cmcc|7204|7_7204_1,7204,7_7204_1,1653,rank_1001_2000,0.0,40.2101400017178,intensity_distance_weighted_mps,9.43396226,0.0009433962264150943,5.729729729729724,43.409090909090914,2,42.30846355441705,16.1,-61.80000000000001,SW
storm_cmcc,STORM_CMCC,storm_cmcc|5667|5_5667_14,5667,5_5667_14,1661,rank_1001_2000,0.0,40.15728352373526,intensity_distance_weighted_mps,9.43396226,0.0009433962264150943,5.69892473118279,54.0909090909091,3,88.3570410365011,15.4,-61.60000000000002,SW
storm_cmcc,STORM_CMCC,storm_cmcc|5754|5_5754_1,5754,5_5754_1,1664,rank_1001_2000,0.0,40.11451474376095,intensity_distance_weighted_mps,9.43396226,0.0009433962264150943,5.668449197860957,59.31818181818183,4,103.78451774889719,16.9,-60.80000000000001,NE
storm_cmcc,STORM_CMCC,storm_cmcc|2973|2_2973_9,2973,2_2973_9,1689,rank_1001_2000,0.0,39.955729316006966,intensity_distance_weighted_mps,9.43396226,0.0009433962264150943,5.63829787234042,40.79545454545455,1,21.745546605949606,16.1,-61.60000000000002,SW
storm_cmcc,STORM_CMCC,storm_cmcc|2370|2_2370_11,2370,2_2370_11,1693,rank_1001_2000,0.0,39.91100557530481,intensity_distance_weighted_mps,9.43396226,0.0009433962264150943,5.608465608465603,68.63636363636364,4,127.25581872252282,17.3,-61.19999999999999,NE
storm_cmcc,STORM_CMCC,storm_cmcc|48|0_48_3,48,0_48_3,1718,rank_1001_2000,0.0,39.69274796101503,intensity_distance_weighted_mps,9.43396226,0.0009433962264150943,5.578947368421047,41.25,1,29.710853636194447,16.0,-61.19999999999999,SE
storm_cmcc,STORM_CMCC,storm_cmcc|240|0_240_0,240,0_240_0,1721,rank_1001_2000,0.0,39.66074524406159,intensity_distance_weighted_mps,9.43396226,0.0009433962264150943,5.549738219895282,52.95454545454546,3,86.8431159355508,15.4,-61.30000000000001,SE
storm_cmcc,STORM_CMCC,storm_cmcc|1097|1_1097_11,1097,1_1097_11,1724,rank_1001_2000,0.0,39.63005476160781,intensity_distance_weighted_mps,9.43396226,0.0009433962264150943,5.520833333333328,47.04545454545455,2,64.8852836935117,15.6,-61.30000000000001,SE
storm_cmcc,STORM_CMCC,storm_cmcc|7677|7_7677_0,7677,7_7677_0,1728,rank_1001_2000,0.0,39.60613012293294,intensity_distance_weighted_mps,9.43396226,0.0009433962264150943,5.492227979274606,43.75000000000001,2,48.519141611626736,16.4,-61.80000000000001,NW
storm_cmcc,STORM_CMCC,storm_cmcc|9236|9_9236_11,9236,9_9236_11,1729,rank_1001_2000,0.0,39.598861743291124,intensity_distance_weighted_mps,9.43396226,0.0009433962264150943,5.463917525773191,41.477272727272734,1,32.66970533638878,15.9,-61.30000000000001,SE
storm_cmcc,STORM_CMCC,storm_cmcc|1951|1_1951_4,1951,1_1951_4,1750,rank_1001_2000,0.0,39.42746979824006,intensity_distance_weighted_mps,9.43396226,0.0009433962264150943,5.435897435897431,45.00000000000001,2,56.39206792215229,15.7,-61.60000000000002,SW
storm_cmcc,STORM_CMCC,storm_cmcc|9478|9_9478_6,9478,9_9478_6,1782,rank_1001_2000,0.0,39.14740631994005,intensity_distance_weighted_mps,9.43396226,0.0009433962264150943,5.408163265306118,39.31818181818182,1,9.90723678480257,16.2,-61.5,NW
storm_cmcc,STORM_CMCC,storm_cmcc|6852|6_6852_11,6852,6_6852_11,1792,rank_1001_2000,0.0,38.979250100156904,intensity_distance_weighted_mps,9.43396226,0.0009433962264150943,5.3807106598984715,47.38636363636365,2,69.6623266658628,16.8,-61.39999999999998,NE
storm_cmcc,STORM_CMCC,storm_cmcc|597|0_597_6,597,0_597_6,1794,rank_1001_2000,0.0,38.97203335596501,intensity_distance_weighted_mps,9.43396226,0.0009433962264150943,5.3535353535353485,43.409090909090914,2,50.61302064107246,16.4,-61.0,NE
storm_cmcc,STORM_CMCC,storm_cmcc|9687|9_9687_15,9687,9_9687_15,1806,rank_1001_2000,0.0,38.91681286227444,intensity_distance_weighted_mps,9.43396226,0.0009433962264150943,5.326633165829141,57.27272727272727,3,103.01741264281397,17.1,-61.39999999999998,NE
storm_cmcc,STORM_CMCC,storm_cmcc|9091|9_9091_0,9091,9_9091_0,1816,rank_1001_2000,0.0,38.82107253477602,intensity_distance_weighted_mps,9.43396226,0.0009433962264150943,5.299999999999995,44.88636363636364,2,59.29025510157489,16.7,-61.5,NW
storm_cmcc,STORM_CMCC,storm_cmcc|7754|7_7754_18,7754,7_7754_18,1819,rank_1001_2000,0.0,38.81662795616109,intensity_distance_weighted_mps,9.43396226,0.0009433962264150943,5.273631840796015,40.56818181818183,1,31.86354595969182,15.9,-61.5,SW
storm_cmcc,STORM_CMCC,storm_cmcc|3341|3_3341_5,3341,3_3341_5,1825,rank_1001_2000,0.0,38.74992661193287,intensity_distance_weighted_mps,9.43396226,0.0009433962264150943,5.247524752475242,50.68181818181819,3,83.23585901718393,16.9,-61.60000000000002,NW
storm_cmcc,STORM_CMCC,storm_cmcc|3471|3_3471_10,3471,3_3471_10,1887,rank_1001_2000,0.0,38.219462330205005,intensity_distance_weighted_mps,9.43396226,0.0009433962264150943,5.221674876847286,50.909090909090914,3,86.43177417568211,16.9,-61.69999999999999,NW
storm_cmcc,STORM_CMCC,storm_cmcc|8411|8_8411_8,8411,8_8411_8,1894,rank_1001_2000,0.0,38.179976098987524,intensity_distance_weighted_mps,9.43396226,0.0009433962264150943,5.196078431372544,60.56818181818182,4,114.86377291625809,15.4,-60.69999999999999,SE
storm_cmcc,STORM_CMCC,storm_cmcc|2632|2_2632_9,2632,2_2632_9,1899,rank_1001_2000,0.0,38.10735811611795,intensity_distance_weighted_mps,9.43396226,0.0009433962264150943,5.170731707317068,45.00000000000001,2,63.79397968727137,15.6,-61.39999999999998,SE
storm_cmcc,STORM_CMCC,storm_cmcc|4735|4_4735_5,4735,4_4735_5,1929,rank_1001_2000,0.0,37.897119388647056,intensity_distance_weighted_mps,9.43396226,0.0009433962264150943,5.14563106796116,56.70454545454546,3,105.67027574681693,15.3,-61.80000000000001,SW
storm_cmcc,STORM_CMCC,storm_cmcc|8|0_8_18,8,0_8_18,1930,rank_1001_2000,0.0,37.892312629690416,intensity_distance_weighted_mps,9.43396226,0.0009433962264150943,5.120772946859899,61.477272727272734,4,118.34046626342838,16.9,-60.60000000000002,NE
storm_cmcc,STORM_CMCC,storm_cmcc|1432|1_1432_10,1432,1_1432_10,1937,rank_1001_2000,0.0,37.8390907904362,intensity_distance_weighted_mps,9.43396226,0.0009433962264150943,5.096153846153841,38.40909090909091,1,18.410194885213727,16.3,-61.30000000000001,NE
storm_cmcc,STORM_CMCC,storm_cmcc|3769|3_3769_2,3769,3_3769_2,1954,rank_1001_2000,0.0,37.67044636466884,intensity_distance_weighted_mps,9.43396226,0.0009433962264150943,5.0717703349282255,68.18181818181819,4,134.99626196441878,15.1,-62.0,SW
storm_cmcc,STORM_CMCC,storm_cmcc|5851|5_5851_12,5851,5_5851_12,1956,rank_1001_2000,0.0,37.66874788180587,intensity_distance_weighted_mps,9.43396226,0.0009433962264150943,5.047619047619043,40.79545454545455,1,43.21596712462556,15.799999999999995,-61.30000000000001,SE
storm_cmcc,STORM_CMCC,storm_cmcc|847|0_847_3,847,0_847_3,1966,rank_1001_2000,0.0,37.582735719444415,intensity_distance_weighted_mps,9.43396226,0.0009433962264150943,5.0236966824644504,39.31818181818182,1,32.233141059404836,16.4,-61.60000000000002,NW
storm_cmcc,STORM_CMCC,storm_cmcc|8082|8_8082_4,8082,8_8082_4,1985,rank_1001_2000,0.0,37.44668624569744,intensity_distance_weighted_mps,9.43396226,0.0009433962264150943,4.999999999999996,56.36363636363637,3,106.61298974719443,15.4,-62.0,SW
storm_cmcc,STORM_CMCC,storm_cmcc|1623|1_1623_11,1623,1_1623_11,2008,rank_2001_5000,0.0,37.227451114034906,intensity_distance_weighted_mps,13.76146789,0.0013761467889908258,4.965831435079722,38.18181818181819,1,24.01692105080739,16.1,-61.19999999999999,SE
storm_cmcc,STORM_CMCC,storm_cmcc|5315|5_5315_10,5315,5_5315_10,2030,rank_2001_5000,0.0,37.045172481232925,intensity_distance_weighted_mps,13.76146789,0.0013761467889908258,4.932126696832574,37.727272727272734,1,20.353989753705022,16.2,-61.60000000000002,NW
storm_cmcc,STORM_CMCC,storm_cmcc|297|0_297_15,297,0_297_15,2039,rank_2001_5000,0.0,36.98747874117511,intensity_distance_weighted_mps,13.76146789,0.0013761467889908258,4.898876404494377,42.38636363636364,2,57.30808930072128,15.7,-61.19999999999999,SE
storm_cmcc,STORM_CMCC,storm_cmcc|3393|3_3393_3,3393,3_3393_3,2041,rank_2001_5000,0.0,36.9732832527483,intensity_distance_weighted_mps,13.76146789,0.0013761467889908258,4.866071428571423,50.68181818181819,3,91.33616478183365,15.5,-61.89999999999998,SW
storm_cmcc,STORM_CMCC,storm_cmcc|6483|6_6483_14,6483,6_6483_14,2047,rank_2001_5000,0.0,36.95374755238299,intensity_distance_weighted_mps,13.76146789,0.0013761467889908258,4.833702882483364,67.72727272727273,4,136.8833544640146,17.4,-61.30000000000001,NE
storm_cmcc,STORM_CMCC,storm_cmcc|156|0_156_5,156,0_156_5,2049,rank_2001_5000,0.0,36.91810860422319,intensity_distance_weighted_mps,13.76146789,0.0013761467889908258,4.801762114537439,44.43181818181819,2,67.67039940707922,15.6,-61.19999999999999,SE
storm_cmcc,STORM_CMCC,storm_cmcc|7612|7_7612_13,7612,7_7612_13,2056,rank_2001_5000,0.0,36.852622497584534,intensity_distance_weighted_mps,13.76146789,0.0013761467889908258,4.770240700218812,39.20454545454546,1,37.89383898774167,15.9,-61.19999999999999,SE
storm_cmcc,STORM_CMCC,storm_cmcc|7660|7_7660_11,7660,7_7660_11,2089,rank_2001_5000,0.0,36.62632216263611,intensity_distance_weighted_mps,13.76146789,0.0013761467889908258,4.739130434782602,47.04545454545455,2,80.00375690457842,16.7,-60.89999999999998,NE
storm_cmcc,STORM_CMCC,storm_cmcc|1247|1_1247_5,1247,1_1247_5,2094,rank_2001_5000,0.0,36.58679898365327,intensity_distance_weighted_mps,13.76146789,0.0013761467889908258,4.708423326133903,43.86363636363637,2,66.89603642880584,15.6,-61.60000000000002,SW
storm_cmcc,STORM_CMCC,storm_cmcc|6390|6_6390_2,6390,6_6390_2,2096,rank_2001_5000,0.0,36.57884492882712,intensity_distance_weighted_mps,13.76146789,0.0013761467889908258,4.6781115879828254,37.045454545454554,1,16.9415486769099,16.3,-61.5,NW
storm_cmcc,STORM_CMCC,storm_cmcc|6311|6_6311_3,6311,6_6311_3,2111,rank_2001_5000,0.0,36.44235394177475,intensity_distance_weighted_mps,13.76146789,0.0013761467889908258,4.648187633262253,37.61363636363637,1,26.89173735432589,16.4,-61.5,NW
storm_cmcc,STORM_CMCC,storm_cmcc|1094|1_1094_19,1094,1_1094_19,2114,rank_2001_5000,0.0,36.421594610948226,intensity_distance_weighted_mps,13.76146789,0.0013761467889908258,4.618644067796603,40.34090909090909,1,49.20586117283322,16.5,-61.10000000000002,NE
storm_cmcc,STORM_CMCC,storm_cmcc|2034|2_2034_3,2034,2_2034_3,2117,rank_2001_5000,0.0,36.4047481985297,intensity_distance_weighted_mps,13.76146789,0.0013761467889908258,4.589473684210518,51.81818181818183,3,97.60272465644468,15.3,-61.5,SW
storm_cmcc,STORM_CMCC,storm_cmcc|9146|9_9146_11,9146,9_9146_11,2131,rank_2001_5000,0.0,36.318836499135145,intensity_distance_weighted_mps,13.76146789,0.0013761467889908258,4.560669456066938,36.477272727272734,1,9.90723678480257,16.2,-61.5,NW
storm_cmcc,STORM_CMCC,storm_cmcc|5330|5_5330_4,5330,5_5330_4,2132,rank_2001_5000,0.0,36.314225976170306,intensity_distance_weighted_mps,13.76146789,0.0013761467889908258,4.532224532224524,54.659090909090914,3,106.61298974719443,15.4,-62.0,SW
storm_cmcc,STORM_CMCC,storm_cmcc|8883|8_8883_2,8883,8_8883_2,2134,rank_2001_5000,0.0,36.30224845599811,intensity_distance_weighted_mps,13.76146789,0.0013761467889908258,4.504132231404951,68.06818181818183,4,140.3153897424923,15.1,-62.10000000000002,SW
storm_cmcc,STORM_CMCC,storm_cmcc|1145|1_1145_7,1145,1_1145_7,2170,rank_2001_5000,0.0,36.106525536136566,intensity_distance_weighted_mps,13.76146789,0.0013761467889908258,4.476386036960977,36.93181818181819,1,22.677877083396297,16.0,-61.30000000000001,SE
storm_cmcc,STORM_CMCC,storm_cmcc|5035|5_5035_3,5035,5_5035_3,2173,rank_2001_5000,0.0,36.08662252477862,intensity_distance_weighted_mps,13.76146789,0.0013761467889908258,4.448979591836726,45.45454545454546,2,76.42576511175447,16.1,-60.69999999999999,SE
storm_cmcc,STORM_CMCC,storm_cmcc|4379|4_4379_13,4379,4_4379_13,2175,rank_2001_5000,0.0,36.05914197107129,intensity_distance_weighted_mps,13.76146789,0.0013761467889908258,4.421906693711959,43.06818181818182,2,66.13217850501194,16.7,-61.69999999999999,NW
storm_cmcc,STORM_CMCC,storm_cmcc|6058|6_6058_9,6058,6_6058_9,2184,rank_2001_5000,0.0,35.99928667602508,intensity_distance_weighted_mps,13.76146789,0.0013761467889908258,4.395161290322572,47.84090909090909,2,86.02999860517504,15.4,-61.39999999999998,SE
storm_cmcc,STORM_CMCC,storm_cmcc|8999|8_8999_12,8999,8_8999_12,2205,rank_2001_5000,0.0,35.90822191063522,intensity_distance_weighted_mps,13.76146789,0.0013761467889908258,4.36873747494989,56.13636363636364,3,112.5828666539619,15.2,-61.69999999999999,SW
storm_cmcc,STORM_CMCC,storm_cmcc|46|0_46_12,46,0_46_12,2213,rank_2001_5000,0.0,35.84432871374614,intensity_distance_weighted_mps,13.76146789,0.0013761467889908258,4.342629482071704,54.659090909090914,3,108.67518798900369,15.2,-61.5,SW
storm_cmcc,STORM_CMCC,storm_cmcc|5402|5_5402_1,5402,5_5402_1,2223,rank_2001_5000,0.0,35.75491486753216,intensity_distance_weighted_mps,13.76146789,0.0013761467889908258,4.316831683168307,52.84090909090909,3,103.69158487165012,17.1,-61.30000000000001,NE
storm_cmcc,STORM_CMCC,storm_cmcc|138|0_138_9,138,0_138_9,2234,rank_2001_5000,0.0,35.69864237836733,intensity_distance_weighted_mps,13.76146789,0.0013761467889908258,4.291338582677156,53.52272727272728,3,105.99100984184037,16.6,-62.30000000000001,NW
storm_cmcc,STORM_CMCC,storm_cmcc|3338|3_3338_9,3338,3_3338_9,2237,rank_2001_5000,0.0,35.69058008444034,intensity_distance_weighted_mps,13.76146789,0.0013761467889908258,4.26614481409001,43.977272727272734,2,72.2778243346889,16.6,-60.89999999999998,NE
storm_cmcc,STORM_CMCC,storm_cmcc|975|0_975_3,975,0_975_3,2256,rank_2001_5000,0.0,35.57943860064563,intensity_distance_weighted_mps,13.76146789,0.0013761467889908258,4.241245136186761,37.045454545454554,1,30.448160511479074,15.9,-61.39999999999998,SE
storm_cmcc,STORM_CMCC,storm_cmcc|2815|2_2815_6,2815,2_2815_6,2269,rank_2001_5000,0.0,35.43200077438659,intensity_distance_weighted_mps,13.76146789,0.0013761467889908258,4.216634429400377,60.56818181818182,4,126.34063882921832,16.9,-60.5,NE
storm_cmcc,STORM_CMCC,storm_cmcc|8302|8_8302_5,8302,8_8302_5,2271,rank_2001_5000,0.0,35.41613063054607,intensity_distance_weighted_mps,13.76146789,0.0013761467889908258,4.192307692307683,49.31818181818182,3,93.97885409306996,15.8,-62.19999999999999,SW
storm_cmcc,STORM_CMCC,storm_cmcc|3273|3_3273_2,3273,3_3273_2,2291,rank_2001_5000,0.0,35.29218243103402,intensity_distance_weighted_mps,13.76146789,0.0013761467889908258,4.168260038240907,65.11363636363636,4,137.88480461358907,16.1,-62.69999999999999,SW
storm_cmcc,STORM_CMCC,storm_cmcc|4844|4_4844_11,4844,4_4844_11,2301,rank_2001_5000,0.0,35.226220937680125,intensity_distance_weighted_mps,13.76146789,0.0013761467889908258,4.144486692015199,38.40909090909091,1,45.08869650168093,15.9,-61.10000000000002,SE
storm_cmcc,STORM_CMCC,storm_cmcc|1780|1_1780_0,1780,1_1780_0,2306,rank_2001_5000,0.0,35.19580050656562,intensity_distance_weighted_mps,13.76146789,0.0013761467889908258,4.120982986767475,49.43181818181819,3,95.39818116022317,16.8,-60.80000000000001,NE
storm_cmcc,STORM_CMCC,storm_cmcc|4277|4_4277_6,4277,4_4277_6,2318,rank_2001_5000,0.0,35.09523422631404,intensity_distance_weighted_mps,13.76146789,0.0013761467889908258,4.0977443609022455,39.09090909090909,1,50.61302064107246,16.4,-61.0,NE
storm_cmcc,STORM_CMCC,storm_cmcc|9840|9_9840_3,9840,9_9840_3,2323,rank_2001_5000,0.0,35.07858195514851,intensity_distance_weighted_mps,13.76146789,0.0013761467889908258,4.074766355140176,61.25000000000001,4,129.56385816242735,17.3,-61.10000000000002,NE
storm_cmcc,STORM_CMCC,storm_cmcc|7953|7_7953_0,7953,7_7953_0,2328,rank_2001_5000,0.0,35.04849887873438,intensity_distance_weighted_mps,13.76146789,0.0013761467889908258,4.052044609665417,38.06818181818182,1,44.02883768998613,16.2,-61.0,NE
storm_cmcc,STORM_CMCC,storm_cmcc|6300|6_6300_5,6300,6_6300_5,2334,rank_2001_5000,0.0,35.007828507023696,intensity_distance_weighted_mps,13.76146789,0.0013761467889908258,4.029574861367826,41.477272727272734,1,64.48254338211376,15.6,-61.5,SW
storm_cmcc,STORM_CMCC,storm_cmcc|7642|7_7642_4,7642,7_7642_4,2361,rank_2001_5000,0.0,34.841770525048666,intensity_distance_weighted_mps,13.76146789,0.0013761467889908258,4.0073529411764595,37.61363636363637,1,42.30846355441705,16.1,-61.80000000000001,SW
storm_cmcc,STORM_CMCC,storm_cmcc|251|0_251_4,251,0_251_4,2366,rank_2001_5000,0.0,34.7930035179668,intensity_distance_weighted_mps,13.76146789,0.0013761467889908258,3.985374771480793,48.06818181818182,2,92.65427880608104,17.0,-61.30000000000001,NE
storm_cmcc,STORM_CMCC,storm_cmcc|9826|9_9826_7,9826,9_9826_7,2427,rank_2001_5000,0.0,34.319806905095255,intensity_distance_weighted_mps,13.76146789,0.0013761467889908258,3.9636363636363523,69.0909090909091,4,150.98300674564905,14.9,-61.89999999999998,SW
storm_cmcc,STORM_CMCC,storm_cmcc|7199|7_7199_7,7199,7_7199_7,2429,rank_2001_5000,0.0,34.29933550677508,intensity_distance_weighted_mps,13.76146789,0.0013761467889908258,3.942133815551526,43.06818181818182,2,75.84372154437999,15.5,-61.30000000000001,SE
storm_cmcc,STORM_CMCC,storm_cmcc|9008|9_9008_6,9008,9_9008_6,2430,rank_2001_5000,0.0,34.298698435124585,intensity_distance_weighted_mps,13.76146789,0.0013761467889908258,3.9208633093525065,36.93181818181819,1,41.56116800704096,15.8,-61.39999999999998,SE
storm_cmcc,STORM_CMCC,storm_cmcc|5225|5_5225_10,5225,5_5225_10,2442,rank_2001_5000,0.0,34.25012527927924,intensity_distance_weighted_mps,13.76146789,0.0013761467889908258,3.8998211091234234,39.09090909090909,1,56.39206792215229,15.7,-61.60000000000002,SW
storm_cmcc,STORM_CMCC,storm_cmcc|1849|1_1849_1,1849,1_1849_1,2462,rank_2001_5000,0.0,34.133874635357095,intensity_distance_weighted_mps,13.76146789,0.0013761467889908258,3.87900355871885,39.54545454545455,1,59.7255973981814,16.7,-61.30000000000001,NE
storm_cmcc,STORM_CMCC,storm_cmcc|3554|3_3554_2,3554,3_3554_2,2471,rank_2001_5000,0.0,34.07707667281134,intensity_distance_weighted_mps,13.76146789,0.0013761467889908258,3.858407079646006,60.227272727272734,4,131.4006664608389,17.2,-60.80000000000001,NE
storm_cmcc,STORM_CMCC,storm_cmcc|2025|2_2025_8,2025,2_2025_8,2475,rank_2001_5000,0.0,34.06907996267012,intensity_distance_weighted_mps,13.76146789,0.0013761467889908258,3.838028169014073,36.81818181818182,1,42.609503309266124,15.8,-61.5,SW
storm_cmcc,STORM_CMCC,storm_cmcc|9343|9_9343_9,9343,9_9343_9,2485,rank_2001_5000,0.0,34.03828890431401,intensity_distance_weighted_mps,13.76146789,0.0013761467889908258,3.8178633975481495,57.84090909090909,4,125.43530275156685,17.2,-61.89999999999998,NW
storm_cmcc,STORM_CMCC,storm_cmcc|1219|1_1219_3,1219,1_1219_3,2486,rank_2001_5000,0.0,34.03599323918562,intensity_distance_weighted_mps,13.76146789,0.0013761467889908258,3.7979094076654936,58.18181818181819,4,126.34063882921832,16.9,-60.5,NE
storm_cmcc,STORM_CMCC,storm_cmcc|6851|6_6851_15,6851,6_6851_15,2488,rank_2001_5000,0.0,34.028399265515816,intensity_distance_weighted_mps,13.76146789,0.0013761467889908258,3.778162911611773,36.02272727272727,1,36.31355717378208,16.5,-61.39999999999998,NE
storm_cmcc,STORM_CMCC,storm_cmcc|8045|8_8045_4,8045,8_8045_4,2496,rank_2001_5000,0.0,33.991755374658695,intensity_distance_weighted_mps,13.76146789,0.0013761467889908258,3.7586206896551606,37.159090909090914,1,45.78798156767018,16.0,-61.80000000000001,SW
storm_cmcc,STORM_CMCC,storm_cmcc|9394|9_9394_2,9394,9_9394_2,2519,rank_2001_5000,0.0,33.86136105895332,intensity_distance_weighted_mps,13.76146789,0.0013761467889908258,3.73927958833618,73.97727272727273,5,163.26661436021243,16.4,-59.89999999999998,NE
storm_cmcc,STORM_CMCC,storm_cmcc|9284|9_9284_10,9284,9_9284_10,2552,rank_2001_5000,0.0,33.652190282400085,intensity_distance_weighted_mps,13.76146789,0.0013761467889908258,3.720136518771319,42.04545454545455,1,74.91176673256169,15.5,-61.39999999999998,SE
storm_cmcc,STORM_CMCC,storm_cmcc|2224|2_2224_9,2224,2_2224_9,2562,rank_2001_5000,0.0,33.599018833143376,intensity_distance_weighted_mps,13.76146789,0.0013761467889908258,3.701188455008477,35.56818181818182,1,36.31355717378208,16.5,-61.39999999999998,NE
storm_cmcc,STORM_CMCC,storm_cmcc|258|0_258_10,258,0_258_10,2565,rank_2001_5000,0.0,33.58139739477709,intensity_distance_weighted_mps,13.76146789,0.0013761467889908258,3.68243243243242,61.5909090909091,4,136.99182324658145,17.2,-60.69999999999999,NE
storm_cmcc,STORM_CMCC,storm_cmcc|6520|6_6520_6,6520,6_6520_6,2568,rank_2001_5000,0.0,33.55995723806036,intensity_distance_weighted_mps,13.76146789,0.0013761467889908258,3.6638655462184753,36.13636363636364,1,41.56116800704096,15.8,-61.39999999999998,SE
storm_cmcc,STORM_CMCC,storm_cmcc|2828|2_2828_13,2828,2_2828_13,2578,rank_2001_5000,0.0,33.53108565566631,intensity_distance_weighted_mps,13.76146789,0.0013761467889908258,3.6454849498327637,39.43181818181819,1,62.924593120069,16.2,-62.0,NW
storm_cmcc,STORM_CMCC,storm_cmcc|9975|9_9975_11,9975,9_9975_11,2583,rank_2001_5000,0.0,33.49026667833022,intensity_distance_weighted_mps,13.76146789,0.0013761467889908258,3.6272878535773585,33.63636363636364,1,9.90723678480257,16.2,-61.5,NW
storm_cmcc,STORM_CMCC,storm_cmcc|4032|4_4032_14,4032,4_4032_14,2588,rank_2001_5000,0.0,33.46344501112556,intensity_distance_weighted_mps,13.76146789,0.0013761467889908258,3.6092715231787955,47.5,2,97.14852257949124,15.3,-61.39999999999998,SE
storm_cmcc,STORM_CMCC,storm_cmcc|6396|6_6396_0,6396,6_6396_0,2609,rank_2001_5000,0.0,33.363547789239206,intensity_distance_weighted_mps,13.76146789,0.0013761467889908258,3.591433278418439,50.68181818181819,3,108.07056052896323,15.4,-60.80000000000001,SE
storm_cmcc,STORM_CMCC,storm_cmcc|9800|9_9800_13,9800,9_9800_13,2618,rank_2001_5000,0.0,33.29430534168616,intensity_distance_weighted_mps,13.76146789,0.0013761467889908258,3.5737704918032662,40.68181818181818,1,70.65703423409055,16.8,-61.30000000000001,NE
storm_cmcc,STORM_CMCC,storm_cmcc|2412|2_2412_9,2412,2_2412_9,2638,rank_2001_5000,0.0,33.187693704738905,intensity_distance_weighted_mps,13.76146789,0.0013761467889908258,3.5562805872756806,33.409090909090914,1,12.251486582519494,16.2,-61.30000000000001,NE
storm_cmcc,STORM_CMCC,storm_cmcc|5792|5_5792_7,5792,5_5792_7,2639,rank_2001_5000,0.0,33.18529256055435,intensity_distance_weighted_mps,13.76146789,0.0013761467889908258,3.5389610389610264,51.13636363636364,3,110.32237862032298,15.3,-61.89999999999998,SW
storm_cmcc,STORM_CMCC,storm_cmcc|7966|7_7966_7,7966,7_7966_7,2641,rank_2001_5000,0.0,33.18065604980051,intensity_distance_weighted_mps,13.76146789,0.0013761467889908258,3.521809369951522,37.27272727272727,1,52.67691912066638,15.7,-61.39999999999998,SE
storm_cmcc,STORM_CMCC,storm_cmcc|7462|7_7462_8,7462,7_7462_8,2664,rank_2001_5000,0.0,33.05620247443873,intensity_distance_weighted_mps,13.76146789,0.0013761467889908258,3.504823151125389,36.13636363636364,1,45.78798156767018,16.0,-61.80000000000001,SW
storm_cmcc,STORM_CMCC,storm_cmcc|2433|2_2433_4,2433,2_2433_4,2667,rank_2001_5000,0.0,33.05016170580572,intensity_distance_weighted_mps,13.76146789,0.0013761467889908258,3.487999999999987,38.52272727272727,1,61.03795173642381,15.7,-61.69999999999999,SW
storm_cmcc,STORM_CMCC,storm_cmcc|8716|8_8716_0,8716,8_8716_0,2687,rank_2001_5000,0.0,32.91530903070867,intensity_distance_weighted_mps,13.76146789,0.0013761467889908258,3.4713375796178214,34.54545454545455,1,33.381471519362705,16.2,-61.10000000000002,NE
storm_cmcc,STORM_CMCC,storm_cmcc|5050|5_5050_1,5050,5_5050_1,2697,rank_2001_5000,0.0,32.86969004338403,intensity_distance_weighted_mps,13.76146789,0.0013761467889908258,3.4548335974643294,34.77272727272728,1,36.092510952515966,16.3,-61.10000000000002,NE
storm_cmcc,STORM_CMCC,storm_cmcc|7381|7_7381_0,7381,7_7381_0,2712,rank_2001_5000,0.0,32.80872860900908,intensity_distance_weighted_mps,13.76146789,0.0013761467889908258,3.438485804416391,49.0909090909091,3,105.67027574681693,15.3,-61.80000000000001,SW
storm_cmcc,STORM_CMCC,storm_cmcc|6289|6_6289_14,6289,6_6289_14,2718,rank_2001_5000,0.0,32.77488018351029,intensity_distance_weighted_mps,13.76146789,0.0013761467889908258,3.422291993720552,72.38636363636364,5,164.90402505630166,14.9,-62.19999999999999,SW
storm_cmcc,STORM_CMCC,storm_cmcc|403|0_403_7,403,0_403_7,2734,rank_2001_5000,0.0,32.685735355421464,intensity_distance_weighted_mps,13.76146789,0.0013761467889908258,3.406249999999987,61.81818181818182,4,141.61217970661554,15.1,-60.69999999999999,SE
storm_cmcc,STORM_CMCC,storm_cmcc|4594|4_4594_3,4594,4_4594_3,2749,rank_2001_5000,0.0,32.590486902116155,intensity_distance_weighted_mps,13.76146789,0.0013761467889908258,3.390357698289256,34.20454545454546,1,33.381471519362705,16.2,-61.10000000000002,NE
storm_cmcc,STORM_CMCC,storm_cmcc|3268|3_3268_1,3268,3_3268_1,2751,rank_2001_5000,0.0,32.586708004367225,intensity_distance_weighted_mps,13.76146789,0.0013761467889908258,3.3746130030959622,65.68181818181819,4,151.16558536098006,17.5,-61.10000000000002,NE
storm_cmcc,STORM_CMCC,storm_cmcc|950|0_950_14,950,0_950_14,2809,rank_2001_5000,0.0,32.19716135770106,intensity_distance_weighted_mps,13.76146789,0.0013761467889908258,3.3590138674884304,38.63636363636364,1,67.08084135222408,15.7,-61.80000000000001,SW
storm_cmcc,STORM_CMCC,storm_cmcc|8375|8_8375_10,8375,8_8375_10,2819,rank_2001_5000,0.0,32.17144189175986,intensity_distance_weighted_mps,13.76146789,0.0013761467889908258,3.343558282208576,42.38636363636364,2,84.52273041422534,15.8,-62.10000000000002,SW
storm_cmcc,STORM_CMCC,storm_cmcc|3259|3_3259_10,3259,3_3259_10,2862,rank_2001_5000,0.0,31.880244477281625,intensity_distance_weighted_mps,13.76146789,0.0013761467889908258,3.328244274809147,37.159090909090914,1,61.03795173642381,15.7,-61.69999999999999,SW
storm_cmcc,STORM_CMCC,storm_cmcc|5494|5_5494_4,5494,5_5494_4,2868,rank_2001_5000,0.0,31.83822126237903,intensity_distance_weighted_mps,13.76146789,0.0013761467889908258,3.3130699088145765,72.72727272727273,5,169.9888276628149,17.7,-61.5,NW
storm_cmcc,STORM_CMCC,storm_cmcc|2344|2_2344_9,2344,2_2344_9,2872,rank_2001_5000,0.0,31.82867605001365,intensity_distance_weighted_mps,13.76146789,0.0013761467889908258,3.2980332829046763,40.34090909090909,1,77.57177417474774,15.5,-61.60000000000002,SW
storm_cmcc,STORM_CMCC,storm_cmcc|652|0_652_10,652,0_652_10,2877,rank_2001_5000,0.0,31.810074896168302,intensity_distance_weighted_mps,13.76146789,0.0013761467889908258,3.2831325301204686,43.75000000000001,2,91.89877334811455,17.0,-61.39999999999998,NE
storm_cmcc,STORM_CMCC,storm_cmcc|5207|5_5207_3,5207,5_5207_3,2878,rank_2001_5000,0.0,31.809327959910572,intensity_distance_weighted_mps,13.76146789,0.0013761467889908258,3.268365817091441,62.613636363636374,4,147.61134707168293,14.9,-61.80000000000001,SW
storm_cmcc,STORM_CMCC,storm_cmcc|4225|4_4225_9,4225,4_4225_9,2881,rank_2001_5000,0.0,31.79427950446955,intensity_distance_weighted_mps,13.76146789,0.0013761467889908258,3.253731343283569,33.409090909090914,1,33.80474537884485,16.4,-61.19999999999999,NE
storm_cmcc,STORM_CMCC,storm_cmcc|2705|2_2705_0,2705,2_2705_0,2885,rank_2001_5000,0.0,31.769559319564042,intensity_distance_weighted_mps,13.76146789,0.0013761467889908258,3.239227340267446,44.65909090909091,2,95.54417864202313,15.4,-61.80000000000001,SW
storm_cmcc,STORM_CMCC,storm_cmcc|3684|3_3684_10,3684,3_3684_10,2901,rank_2001_5000,0.0,31.694377388046984,intensity_distance_weighted_mps,13.76146789,0.0013761467889908258,3.2248520710059037,55.3409090909091,3,129.56385816242735,17.3,-61.10000000000002,NE
storm_cmcc,STORM_CMCC,storm_cmcc|672|0_672_2,672,0_672_2,2909,rank_2001_5000,0.0,31.657294659992566,intensity_distance_weighted_mps,13.76146789,0.0013761467889908258,3.2106038291605166,32.38636363636364,0,22.763480668387448,16.2,-61.19999999999999,NE
storm_cmcc,STORM_CMCC,storm_cmcc|2581|2_2581_2,2581,2_2581_2,2911,rank_2001_5000,0.0,31.63566454017788,intensity_distance_weighted_mps,13.76146789,0.0013761467889908258,3.196480938416409,70.00000000000001,5,165.1834825697088,17.3,-60.39999999999998,NE
storm_cmcc,STORM_CMCC,storm_cmcc|242|0_242_5,242,0_242_5,2912,rank_2001_5000,0.0,31.632111721249277,intensity_distance_weighted_mps,13.76146789,0.0013761467889908258,3.182481751824804,64.43181818181819,4,152.74329134733412,14.8,-61.39999999999998,SE
storm_cmcc,STORM_CMCC,storm_cmcc|5519|5_5519_1,5519,5_5519_1,2921,rank_2001_5000,0.0,31.598905700521737,intensity_distance_weighted_mps,13.76146789,0.0013761467889908258,3.1686046511627772,58.06818181818183,4,137.28600579101433,15.2,-62.19999999999999,SW
storm_cmcc,STORM_CMCC,storm_cmcc|6783|6_6783_6,6783,6_6783_6,2926,rank_2001_5000,0.0,31.565474771666732,intensity_distance_weighted_mps,13.76146789,0.0013761467889908258,3.1548480463096826,69.54545454545456,4,164.536577995205,17.6,-61.0,NE
storm_cmcc,STORM_CMCC,storm_cmcc|431|0_431_15,431,0_431_15,2928,rank_2001_5000,0.0,31.55445807153744,intensity_distance_weighted_mps,13.76146789,0.0013761467889908258,3.1412103746397557,44.43181818181819,2,95.82400458222082,16.7,-60.69999999999999,NE
storm_cmcc,STORM_CMCC,storm_cmcc|2973|2_2973_4,2973,2_2973_4,2940,rank_2001_5000,0.0,31.491548554315454,intensity_distance_weighted_mps,13.76146789,0.0013761467889908258,3.1276901004304025,70.22727272727273,5,166.36045149781256,15.5,-62.80000000000001,SW
storm_cmcc,STORM_CMCC,storm_cmcc|4503|4_4503_0,4503,4_4503_0,2942,rank_2001_5000,0.0,31.480864525899037,intensity_distance_weighted_mps,13.76146789,0.0013761467889908258,3.1142857142857006,35.227272727272734,1,51.745844798255305,15.8,-61.69999999999999,SW
storm_cmcc,STORM_CMCC,storm_cmcc|8027|8_8027_1,8027,8_8027_1,2968,rank_2001_5000,0.0,31.354498395260393,intensity_distance_weighted_mps,13.76146789,0.0013761467889908258,3.1009957325746664,31.931818181818187,0,20.353989753705022,16.2,-61.60000000000002,NW
storm_cmcc,STORM_CMCC,storm_cmcc|8795|8_8795_2,8795,8_8795_2,2976,rank_2001_5000,0.0,31.324884472471414,intensity_distance_weighted_mps,13.76146789,0.0013761467889908258,3.087818696883839,42.95454545454545,2,91.39660155241661,15.4,-61.69999999999999,SW
storm_cmcc,STORM_CMCC,storm_cmcc|2098|2_2098_3,2098,2_2098_3,2983,rank_2001_5000,0.0,31.273791159425866,intensity_distance_weighted_mps,13.76146789,0.0013761467889908258,3.0747531734837663,45.68181818181819,2,101.81300372998135,17.0,-61.0,NE
storm_cmcc,STORM_CMCC,storm_cmcc|4247|4_4247_8,4247,4_4247_8,3008,rank_2001_5000,0.0,31.125093239683146,intensity_distance_weighted_mps,13.76146789,0.0013761467889908258,3.061797752808975,53.75,3,127.88786216743051,17.1,-60.69999999999999,NE
storm_cmcc,STORM_CMCC,storm_cmcc|3574|3_3574_4,3574,3_3574_4,3010,rank_2001_5000,0.0,31.118200158632703,intensity_distance_weighted_mps,13.76146789,0.0013761467889908258,3.0489510489510354,45.45454545454546,2,101.81300372998135,17.0,-61.0,NE
storm_cmcc,STORM_CMCC,storm_cmcc|7451|7_7451_1,7451,7_7451_1,3020,rank_2001_5000,0.0,31.062284871852455,intensity_distance_weighted_mps,13.76146789,0.0013761467889908258,3.0362116991643315,37.95454545454545,1,70.65703423409055,16.8,-61.30000000000001,NE
storm_cmcc,STORM_CMCC,storm_cmcc|3965|3_3965_1,3965,3_3965_1,3046,rank_2001_5000,0.0,30.95512424158219,intensity_distance_weighted_mps,13.76146789,0.0013761467889908258,3.023578363384175,34.77272727272728,1,52.67691912066638,15.7,-61.39999999999998,SE
storm_cmcc,STORM_CMCC,storm_cmcc|8291|8_8291_9,8291,8_8291_9,3095,rank_2001_5000,0.0,30.65481000485609,intensity_distance_weighted_mps,13.76146789,0.0013761467889908258,3.0110497237568925,48.52272727272728,2,114.51935970237764,17.2,-61.5,NW
storm_cmcc,STORM_CMCC,storm_cmcc|3661|3_3661_3,3661,3_3661_3,3107,rank_2001_5000,0.0,30.57969198652867,intensity_distance_weighted_mps,13.76146789,0.0013761467889908258,2.9986244841815544,31.363636363636367,0,24.01692105080739,16.1,-61.19999999999999,SE
storm_cmcc,STORM_CMCC,storm_cmcc|1141|1_1141_6,1141,1_1141_6,3116,rank_2001_5000,0.0,30.50710367042909,intensity_distance_weighted_mps,13.76146789,0.0013761467889908258,2.986301369863,41.81818181818182,1,91.33616478183365,15.5,-61.89999999999998,SW
storm_cmcc,STORM_CMCC,storm_cmcc|2578|2_2578_6,2578,2_2578_6,3129,rank_2001_5000,0.0,30.438851350663295,intensity_distance_weighted_mps,13.76146789,0.0013761467889908258,2.974079126875839,39.31818181818182,1,81.01533628226211,15.5,-61.69999999999999,SW
storm_cmcc,STORM_CMCC,storm_cmcc|9301|9_9301_2,9301,9_9301_2,3134,rank_2001_5000,0.0,30.421524208183676,intensity_distance_weighted_mps,13.76146789,0.0013761467889908258,2.9619565217391166,55.795454545454554,3,136.99182324658145,17.2,-60.69999999999999,NE
storm_cmcc,STORM_CMCC,storm_cmcc|9918|9_9918_7,9918,9_9918_7,3141,rank_2001_5000,0.0,30.38819370789408,intensity_distance_weighted_mps,13.76146789,0.0013761467889908258,2.949932341001339,32.38636363636364,0,38.46405131396937,16.0,-61.10000000000002,SE
storm_cmcc,STORM_CMCC,storm_cmcc|4632|4_4632_12,4632,4_4632_12,3160,rank_2001_5000,0.0,30.274838474870535,intensity_distance_weighted_mps,13.76146789,0.0013761467889908258,2.9380053908355657,40.45454545454546,1,86.97971498784709,16.8,-61.89999999999998,NW
storm_cmcc,STORM_CMCC,storm_cmcc|2901|2_2901_9,2901,2_2901_9,3181,rank_2001_5000,0.0,30.157166862427296,intensity_distance_weighted_mps,13.76146789,0.0013761467889908258,2.9261744966442813,47.84090909090909,2,114.86377291625809,15.4,-60.69999999999999,SE
storm_cmcc,STORM_CMCC,storm_cmcc|9017|9_9017_8,9017,9_9017_8,3204,rank_2001_5000,0.0,30.05786211145984,intensity_distance_weighted_mps,13.76146789,0.0013761467889908258,2.914438502673783,44.77272727272727,2,104.95191288149351,17.1,-61.60000000000002,NW
storm_cmcc,STORM_CMCC,storm_cmcc|4641|4_4641_3,4641,4_4641_3,3205,rank_2001_5000,0.0,30.04643115386379,intensity_distance_weighted_mps,13.76146789,0.0013761467889908258,2.9027962716378024,52.95454545454546,3,130.9753242517024,15.2,-62.10000000000002,SW
storm_cmcc,STORM_CMCC,storm_cmcc|9905|9_9905_13,9905,9_9905_13,3207,rank_2001_5000,0.0,30.044540194694978,intensity_distance_weighted_mps,13.76146789,0.0013761467889908258,2.8912466843501186,40.22727272727273,1,87.32541260273997,16.9,-61.10000000000002,NE
storm_cmcc,STORM_CMCC,storm_cmcc|4458|4_4458_10,4458,4_4458_10,3237,rank_2001_5000,0.0,29.83929278341784,intensity_distance_weighted_mps,13.76146789,0.0013761467889908258,2.8797886393659042,33.63636363636364,1,53.50832382813522,15.7,-61.5,SW
storm_cmcc,STORM_CMCC,storm_cmcc|5344|5_5344_15,5344,5_5344_15,3250,rank_2001_5000,0.0,29.73432668187907,intensity_distance_weighted_mps,13.76146789,0.0013761467889908258,2.868421052631565,31.250000000000004,0,33.86608604338619,16.299999999999997,-61.69999999999999,NW
storm_cmcc,STORM_CMCC,storm_cmcc|3959|3_3959_6,3959,3_3959_6,3269,rank_2001_5000,0.0,29.668120306480287,intensity_distance_weighted_mps,13.76146789,0.0013761467889908258,2.8571428571428434,62.84090909090909,4,158.61243597731706,17.6,-61.39999999999998,NE
storm_cmcc,STORM_CMCC,storm_cmcc|2852|2_2852_1,2852,2_2852_1,3276,rank_2001_5000,0.0,29.627442793258925,intensity_distance_weighted_mps,13.76146789,0.0013761467889908258,2.845953002610952,32.727272727272734,0,48.519141611626736,16.4,-61.80000000000001,NW
storm_cmcc,STORM_CMCC,storm_cmcc|3611|3_3611_14,3611,3_3611_14,3292,rank_2001_5000,0.0,29.550185572559858,intensity_distance_weighted_mps,13.76146789,0.0013761467889908258,2.834850455136527,66.47727272727273,4,167.68093172710243,17.6,-60.89999999999998,NE
storm_cmcc,STORM_CMCC,storm_cmcc|6837|6_6837_7,6837,6_6837_7,3300,rank_2001_5000,0.0,29.524285587696717,intensity_distance_weighted_mps,13.76146789,0.0013761467889908258,2.8238341968911778,50.11363636363637,3,125.26302247088375,15.2,-62.0,SW
storm_cmcc,STORM_CMCC,storm_cmcc|5491|5_5491_5,5491,5_5491_5,3302,rank_2001_5000,0.0,29.51730023320147,intensity_distance_weighted_mps,13.76146789,0.0013761467889908258,2.812903225806438,52.04545454545455,3,131.043579910887,15.0,-61.30000000000001,SE
storm_cmcc,STORM_CMCC,storm_cmcc|1997|1_1997_1,1997,1_1997_1,3303,rank_2001_5000,0.0,29.513860627781764,intensity_distance_weighted_mps,13.76146789,0.0013761467889908258,2.802056555269909,35.45454545454546,1,67.29712391290883,16.7,-61.10000000000002,NE
storm_cmcc,STORM_CMCC,storm_cmcc|6750|6_6750_4,6750,6_6750_4,3304,rank_2001_5000,0.0,29.502174229797063,intensity_distance_weighted_mps,13.76146789,0.0013761467889908258,2.791293213828411,48.06818181818182,2,118.99357407455979,16.1,-60.30000000000001,SE
storm_cmcc,STORM_CMCC,storm_cmcc|9720|9_9720_9,9720,9_9720_9,3336,rank_2001_5000,0.0,29.37180941710529,intensity_distance_weighted_mps,13.76146789,0.0013761467889908258,2.780612244897945,33.18181818181819,1,54.02426856087726,16.299999999999997,-61.89999999999998,NW
storm_cmcc,STORM_CMCC,storm_cmcc|2811|2_2811_8,2811,2_2811_8,3351,rank_2001_5000,0.0,29.274322232638937,intensity_distance_weighted_mps,13.76146789,0.0013761467889908258,2.770012706480291,39.43181818181819,1,88.3570410365011,15.4,-61.60000000000002,SW
storm_cmcc,STORM_CMCC,storm_cmcc|980|0_980_12,980,0_980_12,3361,rank_2001_5000,0.0,29.21959961055014,intensity_distance_weighted_mps,13.76146789,0.0013761467889908258,2.7594936708860622,31.590909090909093,0,42.731510770523286,16.5,-61.19999999999999,NE
storm_cmcc,STORM_CMCC,storm_cmcc|2064|2_2064_8,2064,2_2064_8,3366,rank_2001_5000,0.0,29.18272497293288,intensity_distance_weighted_mps,13.76146789,0.0013761467889908258,2.7490542244640466,41.02272727272728,1,95.54417864202313,15.4,-61.80000000000001,SW
storm_cmcc,STORM_CMCC,storm_cmcc|7092|7_7092_13,7092,7_7092_13,3387,rank_2001_5000,0.0,29.085798839567016,intensity_distance_weighted_mps,13.76146789,0.0013761467889908258,2.7386934673366694,58.75000000000001,4,151.48411350354056,15.9,-62.80000000000001,SW
storm_cmcc,STORM_CMCC,storm_cmcc|9719|9_9719_1,9719,9_9719_1,3397,rank_2001_5000,0.0,29.03308972805859,intensity_distance_weighted_mps,13.76146789,0.0013761467889908258,2.7284105131414127,56.13636363636364,3,144.92907086541166,15.0,-62.0,SW
storm_cmcc,STORM_CMCC,storm_cmcc|2180|2_2180_3,2180,2_2180_3,3403,rank_2001_5000,0.0,29.008073802400748,intensity_distance_weighted_mps,13.76146789,0.0013761467889908258,2.7182044887780408,53.63636363636365,3,138.2130150975803,17.4,-61.19999999999999,NE
storm_cmcc,STORM_CMCC,storm_cmcc|676|0_676_2,676,0_676_2,3408,rank_2001_5000,0.0,28.975812831203697,intensity_distance_weighted_mps,13.76146789,0.0013761467889908258,2.7080745341614767,39.31818181818182,1,89.61556748781072,15.6,-62.0,SW
storm_cmcc,STORM_CMCC,storm_cmcc|453|0_453_15,453,0_453_15,3414,rank_2001_5000,0.0,28.93802477392507,intensity_distance_weighted_mps,13.76146789,0.0013761467889908258,2.698019801980184,75.56818181818183,5,190.41022054215472,17.7,-60.60000000000002,NE
storm_cmcc,STORM_CMCC,storm_cmcc|5400|5_5400_3,5400,5_5400_3,3430,rank_2001_5000,0.0,28.87557604405277,intensity_distance_weighted_mps,13.76146789,0.0013761467889908258,2.688039457459912,52.95454545454546,3,136.9761256706651,15.0,-61.80000000000001,SW
storm_cmcc,STORM_CMCC,storm_cmcc|69|0_69_6,69,0_69_6,3455,rank_2001_5000,0.0,28.803919495028413,intensity_distance_weighted_mps,13.76146789,0.0013761467889908258,2.6781326781326644,40.45454545454546,1,95.39818116022317,16.8,-60.80000000000001,NE
storm_cmcc,STORM_CMCC,storm_cmcc|9897|9_9897_10,9897,9_9897_10,3456,rank_2001_5000,0.0,28.80047626821796,intensity_distance_weighted_mps,13.76146789,0.0013761467889908258,2.668298653610757,59.88636363636365,4,155.8378897948262,14.8,-61.69999999999999,SW
storm_cmcc,STORM_CMCC,storm_cmcc|2369|2_2369_14,2369,2_2369_14,3467,rank_2001_5000,0.0,28.734960870109305,intensity_distance_weighted_mps,13.76146789,0.0013761467889908258,2.6585365853658396,51.70454545454546,3,134.11042056560274,15.0,-61.69999999999999,SW
storm_cmcc,STORM_CMCC,storm_cmcc|3287|3_3287_3,3287,3_3287_3,3483,rank_2001_5000,0.0,28.67808627840456,intensity_distance_weighted_mps,13.76146789,0.0013761467889908258,2.6488456865127445,32.159090909090914,0,52.259888171559645,16.200000000000003,-61.89999999999998,NW
storm_cmcc,STORM_CMCC,storm_cmcc|775|0_775_0,775,0_775_0,3493,rank_2001_5000,0.0,28.599837772057732,intensity_distance_weighted_mps,13.76146789,0.0013761467889908258,2.639225181598049,30.79545454545455,0,41.56116800704096,15.8,-61.39999999999998,SE
storm_cmcc,STORM_CMCC,storm_cmcc|4759|4_4759_0,4759,4_4759_0,3520,rank_2001_5000,0.0,28.516851710218965,intensity_distance_weighted_mps,13.76146789,0.0013761467889908258,2.629674306393231,38.18181818181819,1,87.32541260273997,16.9,-61.10000000000002,NE
storm_cmcc,STORM_CMCC,storm_cmcc|7007|7_7007_1,7007,7_7007_1,3541,rank_2001_5000,0.0,28.411734211605705,intensity_distance_weighted_mps,13.76146789,0.0013761467889908258,2.6201923076922937,38.52272727272727,1,89.48274405764059,16.6,-60.69999999999999,NE
storm_cmcc,STORM_CMCC,storm_cmcc|9464|9_9464_2,9464,9_9464_2,3580,rank_2001_5000,0.0,28.246694383511013,intensity_distance_weighted_mps,13.76146789,0.0013761467889908258,2.6107784431137584,51.70454545454546,3,136.6946621257094,17.4,-61.5,NW
storm_cmcc,STORM_CMCC,storm_cmcc|2727|2_2727_6,2727,2_2727_6,3589,rank_2001_5000,0.0,28.19739104369379,intensity_distance_weighted_mps,13.76146789,0.0013761467889908258,2.6014319809069075,35.34090909090909,1,75.49929018639075,15.5,-61.5,SW
storm_cmcc,STORM_CMCC,storm_cmcc|2929|2_2929_13,2929,2_2929_13,3598,rank_2001_5000,0.0,28.15814305704351,intensity_distance_weighted_mps,13.76146789,0.0013761467889908258,2.592152199762174,31.704545454545457,0,53.23328406682556,15.8,-61.10000000000002,SE
storm_cmcc,STORM_CMCC,storm_cmcc|4611|4_4611_3,4611,4_4611_3,3614,rank_2001_5000,0.0,28.075234060736722,intensity_distance_weighted_mps,13.76146789,0.0013761467889908258,2.582938388625579,30.56818181818182,0,44.69780072485714,16.1,-61.0,SE
storm_cmcc,STORM_CMCC,storm_cmcc|98|0_98_10,98,0_98_10,3628,rank_2001_5000,0.0,27.987166444155584,intensity_distance_weighted_mps,13.76146789,0.0013761467889908258,2.5737898465171054,36.36363636363637,1,82.06204025951992,15.7,-62.0,SW
storm_cmcc,STORM_CMCC,storm_cmcc|2955|2_2955_5,2955,2_2955_5,3634,rank_2001_5000,0.0,27.95007820727052,intensity_distance_weighted_mps,13.76146789,0.0013761467889908258,2.564705882352927,57.84090909090909,4,155.12033681009777,17.1,-62.5,NW
storm_cmcc,STORM_CMCC,storm_cmcc|8733|8_8733_8,8733,8_8733_8,3675,rank_2001_5000,0.0,27.789724951320373,intensity_distance_weighted_mps,13.76146789,0.0013761467889908258,2.5556858147713815,48.977272727272734,3,130.9753242517024,15.2,-62.10000000000002,SW
storm_cmcc,STORM_CMCC,storm_cmcc|5301|5_5301_11,5301,5_5301_11,3691,rank_2001_5000,0.0,27.74549989176841,intensity_distance_weighted_mps,13.76146789,0.0013761467889908258,2.546728971962603,37.045454545454554,1,86.8431159355508,15.4,-61.30000000000001,SE
storm_cmcc,STORM_CMCC,storm_cmcc|481|0_481_5,481,0_481_5,3693,rank_2001_5000,0.0,27.7144422662676,intensity_distance_weighted_mps,13.76146789,0.0013761467889908258,2.5378346915017325,32.727272727272734,0,63.79397968727137,15.6,-61.39999999999998,SE
storm_cmcc,STORM_CMCC,storm_cmcc|5167|5_5167_5,5167,5_5167_5,3697,rank_2001_5000,0.0,27.680765009046905,intensity_distance_weighted_mps,13.76146789,0.0013761467889908258,2.529002320185601,38.97727272727273,1,95.82400458222082,16.7,-60.69999999999999,NE
storm_cmcc,STORM_CMCC,storm_cmcc|2549|2_2549_8,2549,2_2549_8,3711,rank_2001_5000,0.0,27.621709162027095,intensity_distance_weighted_mps,13.76146789,0.0013761467889908258,2.5202312138728185,43.18181818181819,2,112.5828666539619,15.2,-61.69999999999999,SW
storm_cmcc,STORM_CMCC,storm_cmcc|2267|2_2267_0,2267,2_2267_0,3712,rank_2001_5000,0.0,27.617798608670853,intensity_distance_weighted_mps,13.76146789,0.0013761467889908258,2.5115207373271753,56.25000000000001,3,152.7299114354672,16.4,-60.0,NE
storm_cmcc,STORM_CMCC,storm_cmcc|1475|1_1475_2,1475,1_1475_2,3713,rank_2001_5000,0.0,27.617226149770016,intensity_distance_weighted_mps,13.76146789,0.0013761467889908258,2.50287026406428,76.47727272727273,5,199.51620212811414,17.9,-60.89999999999998,NE
storm_cmcc,STORM_CMCC,storm_cmcc|4258|4_4258_5,4258,4_4258_5,3720,rank_2001_5000,0.0,27.55736555551535,intensity_distance_weighted_mps,13.76146789,0.0013761467889908258,2.4942791762013594,45.34090909090909,2,120.49847805599131,15.4,-62.19999999999999,SW
storm_cmcc,STORM_CMCC,storm_cmcc|3926|3_3926_4,3926,3_3926_4,3727,rank_2001_5000,0.0,27.522531583581916,intensity_distance_weighted_mps,13.76146789,0.0013761467889908258,2.4857468643101344,41.02272727272728,1,105.05509057978999,15.5,-62.10000000000002,SW
storm_cmcc,STORM_CMCC,storm_cmcc|2351|2_2351_5,2351,2_2351_5,3732,rank_2001_5000,0.0,27.506293656513865,intensity_distance_weighted_mps,13.76146789,0.0013761467889908258,2.4772727272727133,28.750000000000004,0,31.895847497127786,16.1,-61.69999999999999,SW
storm_cmcc,STORM_CMCC,storm_cmcc|3805|3_3805_2,3805,3_3805_2,3757,rank_2001_5000,0.0,27.385533691194542,intensity_distance_weighted_mps,13.76146789,0.0013761467889908258,2.4688561721404167,27.840909090909093,0,19.342626122509245,16.0,-61.39999999999998,SE
storm_cmcc,STORM_CMCC,storm_cmcc|921|0_921_11,921,0_921_11,3781,rank_2001_5000,0.0,27.275716786543377,intensity_distance_weighted_mps,13.76146789,0.0013761467889908258,2.4604966139954714,71.36363636363636,5,190.70539345909438,14.5,-61.80000000000001,SW
storm_cmcc,STORM_CMCC,storm_cmcc|7269|7_7269_15,7269,7_7269_15,3784,rank_2001_5000,0.0,27.26887910799114,intensity_distance_weighted_mps,13.76146789,0.0013761467889908258,2.4521934758155095,47.61363636363637,2,129.56385816242735,17.3,-61.10000000000002,NE
storm_cmcc,STORM_CMCC,storm_cmcc|3538|3_3538_0,3538,3_3538_0,3790,rank_2001_5000,0.0,27.241100225159048,intensity_distance_weighted_mps,13.76146789,0.0013761467889908258,2.4439461883407936,43.18181818181819,2,114.74476369438443,17.2,-61.30000000000001,NE
storm_cmcc,STORM_CMCC,storm_cmcc|5130|5_5130_10,5130,5_5130_10,3839,rank_2001_5000,0.0,26.973553017356497,intensity_distance_weighted_mps,13.76146789,0.0013761467889908258,2.43575418994412,39.88636363636364,1,103.78451774889719,16.9,-60.80000000000001,NE
storm_cmcc,STORM_CMCC,storm_cmcc|2906|2_2906_17,2906,2_2906_17,3844,rank_2001_5000,0.0,26.93380549259908,intensity_distance_weighted_mps,13.76146789,0.0013761467889908258,2.427616926503327,35.227272727272734,1,83.23585901718393,16.9,-61.60000000000002,NW
storm_cmcc,STORM_CMCC,storm_cmcc|4151|4_4151_3,4151,4_4151_3,3845,rank_2001_5000,0.0,26.930217946471107,intensity_distance_weighted_mps,13.76146789,0.0013761467889908258,2.419533851276346,40.909090909090914,1,108.07056052896323,15.4,-60.80000000000001,SE
storm_cmcc,STORM_CMCC,storm_cmcc|3732|3_3732_5,3732,3_3732_5,3846,rank_2001_5000,0.0,26.928675500973366,intensity_distance_weighted_mps,13.76146789,0.0013761467889908258,2.411504424778747,28.522727272727277,0,36.495134936606505,15.9,-61.60000000000002,SW
storm_cmcc,STORM_CMCC,storm_cmcc|9855|9_9855_7,9855,9_9855_7,3867,rank_2001_5000,0.0,26.806034494456803,intensity_distance_weighted_mps,13.76146789,0.0013761467889908258,2.403528114663713,61.81818181818182,4,171.42902164729884,17.6,-60.80000000000001,NE
storm_cmcc,STORM_CMCC,storm_cmcc|974|0_974_7,974,0_974_7,3871,rank_2001_5000,0.0,26.783816077930897,intensity_distance_weighted_mps,13.76146789,0.0013761467889908258,2.3956043956043818,38.18181818181819,1,97.85193055477494,15.5,-62.0,SW
storm_cmcc,STORM_CMCC,storm_cmcc|6744|6_6744_4,6744,6_6744_4,3884,rank_2001_5000,0.0,26.69090092215063,intensity_distance_weighted_mps,13.76146789,0.0013761467889908258,2.3877327491785185,34.43181818181819,1,80.7803731887594,16.9,-61.39999999999998,NE
storm_cmcc,STORM_CMCC,storm_cmcc|7758|7_7758_3,7758,7_7758_3,3916,rank_2001_5000,0.0,26.572374659818564,intensity_distance_weighted_mps,13.76146789,0.0013761467889908258,2.379912663755445,29.431818181818183,0,49.20586117283322,16.5,-61.10000000000002,NE
storm_cmcc,STORM_CMCC,storm_cmcc|2781|2_2781_6,2781,2_2781_6,3917,rank_2001_5000,0.0,26.568053653053664,intensity_distance_weighted_mps,13.76146789,0.0013761467889908258,2.372143634385188,47.159090909090914,2,132.05367788356398,15.0,-61.60000000000002,SW
storm_cmcc,STORM_CMCC,storm_cmcc|1175|1_1175_9,1175,1_1175_9,3925,rank_2001_5000,0.0,26.523935179519952,intensity_distance_weighted_mps,13.76146789,0.0013761467889908258,2.364425162689791,27.272727272727273,0,25.20303862703192,16.4,-61.39999999999998,NE
storm_cmcc,STORM_CMCC,storm_cmcc|7894|7_7894_3,7894,7_7894_3,3942,rank_2001_5000,0.0,26.38837507671722,intensity_distance_weighted_mps,13.76146789,0.0013761467889908258,2.3567567567567433,51.02272727272727,3,144.92907086541166,15.0,-62.0,SW
storm_cmcc,STORM_CMCC,storm_cmcc|6584|6_6584_7,6584,6_6584_7,3947,rank_2001_5000,0.0,26.37109415505771,intensity_distance_weighted_mps,13.76146789,0.0013761467889908258,2.3491379310344693,37.95454545454545,1,99.41368515929982,15.7,-62.19999999999999,SW
storm_cmcc,STORM_CMCC,storm_cmcc|8953|8_8953_15,8953,8_8953_15,3959,rank_2001_5000,0.0,26.326941141385813,intensity_distance_weighted_mps,13.76146789,0.0013761467889908258,2.3415682062298466,69.54545454545456,4,192.18786840391638,14.8,-62.5,SW
storm_cmcc,STORM_CMCC,storm_cmcc|7335|7_7335_7,7335,7_7335_7,3962,rank_2001_5000,0.0,26.319922396796727,intensity_distance_weighted_mps,13.76146789,0.0013761467889908258,2.3340471092076953,34.54545454545455,1,83.85538531905648,16.9,-61.19999999999999,NE
storm_cmcc,STORM_CMCC,storm_cmcc|3643|3_3643_10,3643,3_3643_10,4008,rank_2001_5000,0.0,26.09083520978445,intensity_distance_weighted_mps,13.76146789,0.0013761467889908258,2.3265741728921956,30.22727272727273,0,59.7255973981814,16.7,-61.30000000000001,NE
storm_cmcc,STORM_CMCC,storm_cmcc|1889|1_1889_12,1889,1_1889_12,4019,rank_2001_5000,0.0,26.03028884492639,intensity_distance_weighted_mps,13.76146789,0.0013761467889908258,2.3191489361701993,74.20454545454545,5,204.06065495994446,14.4,-61.89999999999998,SW
storm_cmcc,STORM_CMCC,storm_cmcc|9596|9_9596_3,9596,9_9596_3,4021,rank_2001_5000,0.0,26.02726464624796,intensity_distance_weighted_mps,13.76146789,0.0013761467889908258,2.311770943796381,54.31818181818182,3,156.3869496130646,17.5,-61.89999999999998,NW
storm_cmcc,STORM_CMCC,storm_cmcc|8055|8_8055_0,8055,8_8055_0,4022,rank_2001_5000,0.0,26.02284235140524,intensity_distance_weighted_mps,13.76146789,0.0013761467889908258,2.304439746300198,26.13636363636364,0,9.90723678480257,16.2,-61.5,NW
storm_cmcc,STORM_CMCC,storm_cmcc|9447|9_9447_0,9447,9_9447_0,4039,rank_2001_5000,0.0,25.9479813995773,intensity_distance_weighted_mps,13.76146789,0.0013761467889908258,2.2971548998946125,33.52272727272727,1,81.04449186897043,16.799999999999997,-61.80000000000001,NW
storm_cmcc,STORM_CMCC,storm_cmcc|326|0_326_10,326,0_326_10,4069,rank_2001_5000,0.0,25.854202371715356,intensity_distance_weighted_mps,13.76146789,0.0013761467889908258,2.289915966386541,28.636363636363637,0,49.20586117283322,16.5,-61.10000000000002,NE
storm_cmcc,STORM_CMCC,storm_cmcc|6084|6_6084_6,6084,6_6084_6,4112,rank_2001_5000,0.0,25.694774234157098,intensity_distance_weighted_mps,13.76146789,0.0013761467889908258,2.282722513088992,61.93181818181819,4,178.13335080158242,14.6,-61.10000000000002,SE
storm_cmcc,STORM_CMCC,storm_cmcc|4316|4_4316_5,4316,4_4316_5,4125,rank_2001_5000,0.0,25.621158902023776,intensity_distance_weighted_mps,13.76146789,0.0013761467889908258,2.275574112734851,40.11363636363637,1,112.81405008125577,15.5,-62.19999999999999,SW
storm_cmcc,STORM_CMCC,storm_cmcc|9930|9_9930_6,9930,9_9930_6,4148,rank_2001_5000,0.0,25.457159774091817,intensity_distance_weighted_mps,13.76146789,0.0013761467889908258,2.2684703433922864,51.13636363636364,3,150.65274958534243,17.5,-61.69999999999999,NW
storm_cmcc,STORM_CMCC,storm_cmcc|2124|2_2124_19,2124,2_2124_19,4172,rank_2001_5000,0.0,25.361568323576474,intensity_distance_weighted_mps,13.76146789,0.0013761467889908258,2.2614107883817294,44.65909090909091,2,130.84405198191362,15.0,-61.5,SW
storm_cmcc,STORM_CMCC,storm_cmcc|1225|1_1225_6,1225,1_1225_6,4184,rank_2001_5000,0.0,25.300693842125987,intensity_distance_weighted_mps,13.76146789,0.0013761467889908258,2.2543950361944023,25.681818181818187,0,18.410194885213727,16.3,-61.30000000000001,NE
storm_cmcc,STORM_CMCC,storm_cmcc|8649|8_8649_12,8649,8_8649_12,4190,rank_2001_5000,0.0,25.28353762888907,intensity_distance_weighted_mps,13.76146789,0.0013761467889908258,2.247422680412358,36.93181818181819,1,101.81300372998135,17.0,-61.0,NE
storm_cmcc,STORM_CMCC,storm_cmcc|8026|8_8026_12,8026,8_8026_12,4221,rank_2001_5000,0.0,25.13519654132638,intensity_distance_weighted_mps,13.76146789,0.0013761467889908258,2.240493319629997,45.22727272727273,2,134.11042056560274,15.0,-61.69999999999999,SW
storm_cmcc,STORM_CMCC,storm_cmcc|5309|5_5309_7,5309,5_5309_7,4234,rank_2001_5000,0.0,25.065249988273937,intensity_distance_weighted_mps,13.76146789,0.0013761467889908258,2.2336065573770356,30.79545454545455,0,71.72000343812064,16.7,-61.80000000000001,NW
storm_cmcc,STORM_CMCC,storm_cmcc|6245|6_6245_10,6245,6_6245_10,4256,rank_2001_5000,0.0,24.982911828624335,intensity_distance_weighted_mps,13.76146789,0.0013761467889908258,2.2267620020428875,56.93181818181819,3,169.62807345227435,14.8,-62.10000000000002,SW
storm_cmcc,STORM_CMCC,storm_cmcc|1793|1_1793_7,1793,1_1793_7,4265,rank_2001_5000,0.0,24.946499772709057,intensity_distance_weighted_mps,13.76146789,0.0013761467889908258,2.2199592668024306,37.159090909090914,1,104.95191288149351,17.1,-61.60000000000002,NW
storm_cmcc,STORM_CMCC,storm_cmcc|5742|5_5742_1,5742,5_5742_1,4285,rank_2001_5000,0.0,24.864461694584495,intensity_distance_weighted_mps,13.76146789,0.0013761467889908258,2.213197969543134,30.22727272727273,0,69.6623266658628,16.8,-61.39999999999998,NE
storm_cmcc,STORM_CMCC,storm_cmcc|3621|3_3621_7,3621,3_3621_7,4292,rank_2001_5000,0.0,24.837371281783145,intensity_distance_weighted_mps,13.76146789,0.0013761467889908258,2.206477732793509,40.79545454545455,1,120.234418612869,15.2,-61.89999999999998,SW
storm_cmcc,STORM_CMCC,storm_cmcc|2868|2_2868_11,2868,2_2868_11,4304,rank_2001_5000,0.0,24.803456895416772,intensity_distance_weighted_mps,13.76146789,0.0013761467889908258,2.1997981836528626,27.95454545454546,0,53.46449349747605,15.9,-61.0,SE
storm_cmcc,STORM_CMCC,storm_cmcc|2520|2_2520_9,2520,2_2520_9,4352,rank_2001_5000,0.0,24.575683219203277,intensity_distance_weighted_mps,13.76146789,0.0013761467889908258,2.1931589537223206,70.00000000000001,5,203.93072388300936,17.3,-59.89999999999998,NE
storm_cmcc,STORM_CMCC,storm_cmcc|256|0_256_11,256,0_256_11,4355,rank_2001_5000,0.0,24.54917573905022,intensity_distance_weighted_mps,13.76146789,0.0013761467889908258,2.186559679037098,35.00000000000001,1,97.86965874603096,15.3,-61.30000000000001,SE
storm_cmcc,STORM_CMCC,storm_cmcc|9555|9_9555_9,9555,9_9555_9,4357,rank_2001_5000,0.0,24.547706688624974,intensity_distance_weighted_mps,13.76146789,0.0013761467889908258,2.179999999999987,74.09090909090911,5,213.09724450082987,17.7,-60.19999999999999,NE
storm_cmcc,STORM_CMCC,storm_cmcc|1743|1_1743_4,1743,1_1743_4,4359,rank_2001_5000,0.0,24.541487598918707,intensity_distance_weighted_mps,13.76146789,0.0013761467889908258,2.1734795613160385,41.81818181818182,1,125.85519309032297,15.8,-60.30000000000001,SE
storm_cmcc,STORM_CMCC,storm_cmcc|1155|1_1155_6,1155,1_1155_6,4384,rank_2001_5000,0.0,24.449724380433395,intensity_distance_weighted_mps,13.76146789,0.0013761467889908258,2.166998011928416,54.88636363636364,3,167.36036858929714,17.4,-60.5,NE
storm_cmcc,STORM_CMCC,storm_cmcc|6716|6_6716_0,6716,6_6716_0,4426,rank_2001_5000,0.0,24.28475591179457,intensity_distance_weighted_mps,13.76146789,0.0013761467889908258,2.160555004955388,39.09090909090909,1,117.12389504959658,15.3,-60.80000000000001,SE
storm_cmcc,STORM_CMCC,storm_cmcc|449|0_449_8,449,0_449_8,4428,rank_2001_5000,0.0,24.281831314060433,intensity_distance_weighted_mps,13.76146789,0.0013761467889908258,2.154150197628445,63.409090909090914,4,190.41022054215472,17.7,-60.60000000000002,NE
storm_cmcc,STORM_CMCC,storm_cmcc|8516|8_8516_1,8516,8_8516_1,4430,rank_2001_5000,0.0,24.2808085749718,intensity_distance_weighted_mps,13.76146789,0.0013761467889908258,2.147783251231514,53.409090909090914,3,164.29226773705182,14.7,-61.30000000000001,SE
storm_cmcc,STORM_CMCC,storm_cmcc|7660|7_7660_3,7660,7_7660_3,4440,rank_2001_5000,0.0,24.256432152360922,intensity_distance_weighted_mps,13.76146789,0.0013761467889908258,2.141453831041244,36.02272727272727,1,104.47146068282125,16.7,-60.60000000000002,NE
storm_cmcc,STORM_CMCC,storm_cmcc|7955|7_7955_4,7955,7_7955_4,4443,rank_2001_5000,0.0,24.252636583209068,intensity_distance_weighted_mps,13.76146789,0.0013761467889908258,2.135161606268351,48.86363636363637,3,151.10415542993394,17.4,-60.80000000000001,NE
storm_cmcc,STORM_CMCC,storm_cmcc|1792|1_1792_5,1792,1_1792_5,4454,rank_2001_5000,0.0,24.220751726933013,intensity_distance_weighted_mps,13.76146789,0.0013761467889908258,2.1289062499999867,46.25000000000001,2,143.05310503898684,14.9,-61.60000000000002,SW
storm_cmcc,STORM_CMCC,storm_cmcc|9885|9_9885_6,9885,9_9885_6,4527,rank_2001_5000,0.0,23.943243788023853,intensity_distance_weighted_mps,13.76146789,0.0013761467889908258,2.1226874391431223,27.04545454545455,0,53.99274592255906,15.7,-61.30000000000001,SE
storm_cmcc,STORM_CMCC,storm_cmcc|6185|6_6185_5,6185,6_6185_5,4564,rank_2001_5000,0.0,23.775209072367705,intensity_distance_weighted_mps,13.76146789,0.0013761467889908258,2.1165048543689187,71.81818181818183,5,213.22789663156044,18.0,-60.80000000000001,NE
storm_cmcc,STORM_CMCC,storm_cmcc|9735|9_9735_4,9735,9_9735_4,4576,rank_2001_5000,0.0,23.720346860284337,intensity_distance_weighted_mps,13.76146789,0.0013761467889908258,2.11035818005807,63.52272727272727,4,194.30557631009597,17.5,-62.60000000000002,NW
storm_cmcc,STORM_CMCC,storm_cmcc|888|0_888_8,888,0_888_8,4599,rank_2001_5000,0.0,23.64401817902688,intensity_distance_weighted_mps,13.76146789,0.0013761467889908258,2.104247104247091,28.06818181818182,0,64.8852836935117,15.6,-61.30000000000001,SE
storm_cmcc,STORM_CMCC,storm_cmcc|8505|8_8505_1,8505,8_8505_1,4601,rank_2001_5000,0.0,23.63224223866758,intensity_distance_weighted_mps,13.76146789,0.0013761467889908258,2.0981713185755404,30.90909090909091,0,83.23585901718393,16.9,-61.60000000000002,NW
storm_cmcc,STORM_CMCC,storm_cmcc|5424|5_5424_2,5424,5_5424_2,4606,rank_2001_5000,0.0,23.619764191675564,intensity_distance_weighted_mps,13.76146789,0.0013761467889908258,2.092130518234152,57.95454545454546,4,180.8508785236693,17.8,-61.39999999999998,NE
storm_cmcc,STORM_CMCC,storm_cmcc|9062|9_9062_6,9062,9_9062_6,4620,rank_2001_5000,0.0,23.55810805914214,intensity_distance_weighted_mps,13.76146789,0.0013761467889908258,2.0861244019138625,69.43181818181819,4,209.31627010578993,14.3,-61.60000000000002,SW
storm_cmcc,STORM_CMCC,storm_cmcc|2337|2_2337_7,2337,2_2337_7,4632,rank_2001_5000,0.0,23.50230389829432,intensity_distance_weighted_mps,13.76146789,0.0013761467889908258,2.080152671755712,65.68181818181819,4,200.94945256168774,17.7,-60.39999999999998,NE
storm_cmcc,STORM_CMCC,storm_cmcc|4007|4_4007_5,4007,4_4007_5,4633,rank_2001_5000,0.0,23.49880516284364,intensity_distance_weighted_mps,13.76146789,0.0013761467889908258,2.0742150333016043,32.38636363636364,0,92.24856188143886,15.4,-61.10000000000002,SE
storm_cmcc,STORM_CMCC,storm_cmcc|955|0_955_5,955,0_955_5,4676,rank_2001_5000,0.0,23.33231693690144,intensity_distance_weighted_mps,13.76146789,0.0013761467889908258,2.068311195445907,64.6590909090909,4,199.63104400379032,14.4,-61.69999999999999,SW
storm_cmcc,STORM_CMCC,storm_cmcc|1810|1_1810_8,1810,1_1810_8,4679,rank_2001_5000,0.0,23.32757390243278,intensity_distance_weighted_mps,13.76146789,0.0013761467889908258,2.0624408703878774,64.88636363636364,4,200.21099219685948,14.5,-62.10000000000002,SW
storm_cmcc,STORM_CMCC,storm_cmcc|8141|8_8141_1,8141,8_8141_1,4728,rank_2001_5000,0.0,23.1118808604407,intensity_distance_weighted_mps,13.76146789,0.0013761467889908258,2.0566037735848925,26.022727272727273,0,53.23328406682584,15.799999999999995,-61.10000000000002,SE
storm_cmcc,STORM_CMCC,storm_cmcc|4102|4_4102_4,4102,4_4102_4,4773,rank_2001_5000,0.0,22.933832845141925,intensity_distance_weighted_mps,13.76146789,0.0013761467889908258,2.050799623706478,39.88636363636364,1,128.96450887514428,17.3,-61.69999999999999,NW
storm_cmcc,STORM_CMCC,storm_cmcc|1017|1_1017_11,1017,1_1017_11,4815,rank_2001_5000,0.0,22.82627986440522,intensity_distance_weighted_mps,13.76146789,0.0013761467889908258,2.0450281425891053,51.47727272727273,3,168.05193926455308,15.0,-62.39999999999998,SW
storm_cmcc,STORM_CMCC,storm_cmcc|432|0_432_4,432,0_432_4,4893,rank_2001_5000,0.0,22.510014806202005,intensity_distance_weighted_mps,13.76146789,0.0013761467889908258,2.039289055191755,53.409090909090914,3,175.742223059283,17.6,-60.69999999999999,NE
storm_cmcc,STORM_CMCC,storm_cmcc|4712|4_4712_2,4712,4_4712_2,4898,rank_2001_5000,0.0,22.48290874625439,intensity_distance_weighted_mps,13.76146789,0.0013761467889908258,2.0335820895522256,42.61363636363637,2,141.9367139592609,14.9,-61.5,SW
storm_cmcc,STORM_CMCC,storm_cmcc|8242|8_8242_8,8242,8_8242_8,4916,rank_2001_5000,0.0,22.37514566465604,intensity_distance_weighted_mps,13.76146789,0.0013761467889908258,2.0279069767441733,62.613636363636374,4,201.15422768603082,14.7,-62.5,SW
storm_cmcc,STORM_CMCC,storm_cmcc|2551|2_2551_1,2551,2_2551_1,4925,rank_2001_5000,0.0,22.35644730959574,intensity_distance_weighted_mps,13.76146789,0.0013761467889908258,2.0222634508348665,29.88636363636364,0,87.05323988036247,16.1,-60.60000000000002,SE
storm_cmcc,STORM_CMCC,storm_cmcc|1904|1_1904_6,1904,1_1904_6,4927,rank_2001_5000,0.0,22.351958423195434,intensity_distance_weighted_mps,13.76146789,0.0013761467889908258,2.0166512488436505,35.79545454545455,1,116.32942507107016,17.2,-61.19999999999999,NE
storm_cmcc,STORM_CMCC,storm_cmcc|2326|2_2326_3,2326,2_2326_3,4943,rank_2001_5000,0.0,22.279058897536352,intensity_distance_weighted_mps,13.76146789,0.0013761467889908258,2.011070110701094,29.545454545454547,0,85.66479082844691,15.5,-61.80000000000001,SW
storm_cmcc,STORM_CMCC,storm_cmcc|436|0_436_2,436,0_436_2,4953,rank_2001_5000,0.0,22.257310380687326,intensity_distance_weighted_mps,13.76146789,0.0013761467889908258,2.005519779208819,28.750000000000004,0,81.01533628226211,15.5,-61.69999999999999,SW
storm_cmcc,STORM_CMCC,storm_cmcc|8992|8_8992_9,8992,8_8992_9,4960,rank_2001_5000,0.0,22.23635460737312,intensity_distance_weighted_mps,13.76146789,0.0013761467889908258,1.9999999999999871,29.772727272727273,0,87.32541260273997,16.9,-61.10000000000002,NE
storm_cmcc,STORM_CMCC,storm_cmcc|972|0_972_0,972,0_972_0,5001,rank_5001_10000,0.0,22.085577717669345,intensity_distance_weighted_mps,26.45502646,0.002645502645502646,1.9894736842105134,47.727272727272734,2,161.62563424704123,15.6,-62.80000000000001,SW
storm_cmcc,STORM_CMCC,storm_cmcc|9228|9_9228_0,9228,9_9228_0,5055,rank_5001_10000,0.0,21.863561225790484,intensity_distance_weighted_mps,26.45502646,0.002645502645502646,1.9790575916230237,32.95454545454546,1,106.83556507077509,17.0,-60.89999999999998,NE
storm_cmcc,STORM_CMCC,storm_cmcc|1113|1_1113_0,1113,1_1113_0,5056,rank_5001_10000,0.0,21.86238999783546,intensity_distance_weighted_mps,26.45502646,0.002645502645502646,1.9687499999999871,51.81818181818183,3,175.58315250209898,14.7,-62.0,SW
storm_cmcc,STORM_CMCC,storm_cmcc|1949|1_1949_9,1949,1_1949_9,5137,rank_5001_10000,0.0,21.61765942487477,intensity_distance_weighted_mps,26.45502646,0.002645502645502646,1.9585492227979147,28.863636363636363,0,86.8431159355508,15.4,-61.30000000000001,SE
storm_cmcc,STORM_CMCC,storm_cmcc|1090|1_1090_9,1090,1_1090_9,5142,rank_5001_10000,0.0,21.601153007544422,intensity_distance_weighted_mps,26.45502646,0.002645502645502646,1.94845360824741,62.38636363636364,4,206.1124127735077,17.2,-59.80000000000001,NE
storm_cmcc,STORM_CMCC,storm_cmcc|7443|7_7443_8,7443,7_7443_8,5163,rank_5001_10000,0.0,21.526573244474182,intensity_distance_weighted_mps,26.45502646,0.002645502645502646,1.9384615384615258,36.81818181818182,1,126.42425258697371,15.1,-61.80000000000001,SW
storm_cmcc,STORM_CMCC,storm_cmcc|5831|5_5831_7,5831,5_5831_7,5203,rank_5001_10000,0.0,21.399504930149583,intensity_distance_weighted_mps,26.45502646,0.002645502645502646,1.928571428571416,29.431818181818183,0,91.89877334811455,17.0,-61.39999999999998,NE
storm_cmcc,STORM_CMCC,storm_cmcc|3737|3_3737_4,3737,3_3737_4,5214,rank_5001_10000,0.0,21.37368842260546,intensity_distance_weighted_mps,26.45502646,0.002645502645502646,1.9187817258883122,26.704545454545457,0,74.91176673256169,15.5,-61.39999999999998,SE
storm_cmcc,STORM_CMCC,storm_cmcc|8188|8_8188_7,8188,8_8188_7,5229,rank_5001_10000,0.0,21.312220476278718,intensity_distance_weighted_mps,26.45502646,0.002645502645502646,1.9090909090908965,69.20454545454545,4,224.8587899814431,14.3,-62.19999999999999,SW
storm_cmcc,STORM_CMCC,storm_cmcc|6058|6_6058_8,6058,6_6058_8,5240,rank_5001_10000,0.0,21.273090395951982,intensity_distance_weighted_mps,26.45502646,0.002645502645502646,1.8994974874371733,26.13636363636364,0,71.72000343812122,16.700000000000003,-61.80000000000001,NW
storm_cmcc,STORM_CMCC,storm_cmcc|9499|9_9499_8,9499,9_9499_8,5250,rank_5001_10000,0.0,21.247214287104867,intensity_distance_weighted_mps,26.45502646,0.002645502645502646,1.8899999999999875,23.75,0,51.48160684479339,15.9,-61.80000000000001,SW
storm_cmcc,STORM_CMCC,storm_cmcc|5851|5_5851_5,5851,5_5851_5,5270,rank_5001_10000,0.0,21.175661426828285,intensity_distance_weighted_mps,26.45502646,0.002645502645502646,1.8805970149253606,27.5,0,81.97479187396854,15.5,-61.10000000000002,SE
storm_cmcc,STORM_CMCC,storm_cmcc|6873|6_6873_9,6873,6_6873_9,5278,rank_5001_10000,0.0,21.139027241244722,intensity_distance_weighted_mps,26.45502646,0.002645502645502646,1.8712871287128587,37.27272727272727,1,131.043579910887,15.0,-61.30000000000001,SE
storm_cmcc,STORM_CMCC,storm_cmcc|8545|8_8545_1,8545,8_8545_1,5322,rank_5001_10000,0.0,20.992060221922266,intensity_distance_weighted_mps,26.45502646,0.002645502645502646,1.862068965517229,44.545454545454554,2,158.8877732947029,17.6,-61.5,NW
storm_cmcc,STORM_CMCC,storm_cmcc|1379|1_1379_2,1379,1_1379_2,5329,rank_5001_10000,0.0,20.964912706762266,intensity_distance_weighted_mps,26.45502646,0.002645502645502646,1.8529411764705757,43.63636363636364,2,155.98555674559174,17.4,-60.69999999999999,NE
storm_cmcc,STORM_CMCC,storm_cmcc|9789|9_9789_9,9789,9_9789_9,5330,rank_5001_10000,0.0,20.962874818937117,intensity_distance_weighted_mps,26.45502646,0.002645502645502646,1.843902439024378,38.52272727272727,1,137.28600579101433,15.2,-62.19999999999999,SW
storm_cmcc,STORM_CMCC,storm_cmcc|626|0_626_1,626,0_626_1,5358,rank_5001_10000,0.0,20.844026236257427,intensity_distance_weighted_mps,26.45502646,0.002645502645502646,1.8349514563106673,47.5,2,169.62807345227435,14.8,-62.10000000000002,SW
storm_cmcc,STORM_CMCC,storm_cmcc|755|0_755_18,755,0_755_18,5372,rank_5001_10000,0.0,20.80658044452388,intensity_distance_weighted_mps,26.45502646,0.002645502645502646,1.8260869565217268,56.13636363636364,3,195.4615733484687,17.7,-60.5,NE
storm_cmcc,STORM_CMCC,storm_cmcc|6250|6_6250_5,6250,6_6250_5,5425,rank_5001_10000,0.0,20.648127069941022,intensity_distance_weighted_mps,26.45502646,0.002645502645502646,1.8173076923076799,22.72727272727273,0,47.598512925083384,16.5,-61.69999999999999,NW
storm_cmcc,STORM_CMCC,storm_cmcc|9917|9_9917_1,9917,9_9917_1,5428,rank_5001_10000,0.0,20.640616454722576,intensity_distance_weighted_mps,26.45502646,0.002645502645502646,1.8086124401913752,58.409090909090914,4,202.90588752027912,17.4,-60.0,NE
storm_cmcc,STORM_CMCC,storm_cmcc|337|0_337_8,337,0_337_8,5433,rank_5001_10000,0.0,20.607667669648563,intensity_distance_weighted_mps,26.45502646,0.002645502645502646,1.7999999999999876,27.38636363636364,0,86.02999860517504,15.4,-61.39999999999998,SE
storm_cmcc,STORM_CMCC,storm_cmcc|2989|2_2989_1,2989,2_2989_1,5447,rank_5001_10000,0.0,20.569102685996,intensity_distance_weighted_mps,26.45502646,0.002645502645502646,1.7914691943127838,28.97727272727273,0,95.90347170416707,16.299999999999997,-62.30000000000001,NW
storm_cmcc,STORM_CMCC,storm_cmcc|6077|6_6077_9,6077,6_6077_9,5454,rank_5001_10000,0.0,20.56567778402338,intensity_distance_weighted_mps,26.45502646,0.002645502645502646,1.783018867924516,47.61363636363637,2,172.02318796534283,14.7,-61.89999999999998,SW
storm_cmcc,STORM_CMCC,storm_cmcc|8576|8_8576_7,8576,8_8576_7,5473,rank_5001_10000,0.0,20.509483724012814,intensity_distance_weighted_mps,26.45502646,0.002645502645502646,1.7746478873239315,40.00000000000001,1,146.22632539868508,15.1,-62.19999999999999,SW
storm_cmcc,STORM_CMCC,storm_cmcc|7058|7_7058_5,7058,7_7058_5,5495,rank_5001_10000,0.0,20.426980039229488,intensity_distance_weighted_mps,26.45502646,0.002645502645502646,1.7663551401869038,71.70454545454547,5,237.65823938096997,18.2,-60.69999999999999,NE
storm_cmcc,STORM_CMCC,storm_cmcc|2669|2_2669_5,2669,2_2669_5,5550,rank_5001_10000,0.0,20.282719095820873,intensity_distance_weighted_mps,26.45502646,0.002645502645502646,1.7581395348837088,44.09090909090909,2,162.51421743310217,15.4,-62.69999999999999,SW
storm_cmcc,STORM_CMCC,storm_cmcc|5605|5_5605_2,5605,5_5605_2,5574,rank_5001_10000,0.0,20.206627200562124,intensity_distance_weighted_mps,26.45502646,0.002645502645502646,1.7499999999999878,41.13636363636364,1,152.66033961866606,15.1,-62.30000000000001,SW
storm_cmcc,STORM_CMCC,storm_cmcc|3767|3_3767_1,3767,3_3767_1,5587,rank_5001_10000,0.0,20.15881830478287,intensity_distance_weighted_mps,26.45502646,0.002645502645502646,1.7419354838709555,52.04545454545455,3,188.65272272140103,14.5,-61.69999999999999,SW
storm_cmcc,STORM_CMCC,storm_cmcc|474|0_474_4,474,0_474_4,5624,rank_5001_10000,0.0,20.04001664611321,intensity_distance_weighted_mps,26.45502646,0.002645502645502646,1.7339449541284282,51.25000000000001,3,187.19273455041815,14.5,-61.60000000000002,SW
storm_cmcc,STORM_CMCC,storm_cmcc|3740|3_3740_11,3740,3_3740_11,5695,rank_5001_10000,0.0,19.850279409399107,intensity_distance_weighted_mps,26.45502646,0.002645502645502646,1.726027397260262,42.04545454545455,1,158.61243597731706,17.6,-61.39999999999998,NE
storm_cmcc,STORM_CMCC,storm_cmcc|805|0_805_2,805,0_805_2,5698,rank_5001_10000,0.0,19.84519241788454,intensity_distance_weighted_mps,26.45502646,0.002645502645502646,1.718181818181806,40.00000000000001,1,151.16558536098006,17.5,-61.10000000000002,NE
storm_cmcc,STORM_CMCC,storm_cmcc|3868|3_3868_5,3868,3_3868_5,5704,rank_5001_10000,0.0,19.822021503751944,intensity_distance_weighted_mps,26.45502646,0.002645502645502646,1.7104072398189925,22.15909090909091,0,51.50543893485941,16.6,-61.60000000000002,NW
storm_cmcc,STORM_CMCC,storm_cmcc|9270|9_9270_16,9270,9_9270_16,5708,rank_5001_10000,0.0,19.800013157626967,intensity_distance_weighted_mps,26.45502646,0.002645502645502646,1.7027027027026906,39.77272727272727,1,150.65274958534243,17.5,-61.69999999999999,NW
storm_cmcc,STORM_CMCC,storm_cmcc|6880|6_6880_6,6880,6_6880_6,5711,rank_5001_10000,0.0,19.787964430855098,intensity_distance_weighted_mps,26.45502646,0.002645502645502646,1.695067264573979,36.36363636363637,1,137.28600579101433,15.2,-62.19999999999999,SW
storm_cmcc,STORM_CMCC,storm_cmcc|6602|6_6602_5,6602,6_6602_5,5734,rank_5001_10000,0.0,19.728905383844243,intensity_distance_weighted_mps,26.45502646,0.002645502645502646,1.687499999999988,24.772727272727277,0,75.84372154437999,15.5,-61.30000000000001,SE
storm_cmcc,STORM_CMCC,storm_cmcc|3275|3_3275_10,3275,3_3275_10,5739,rank_5001_10000,0.0,19.704560071280838,intensity_distance_weighted_mps,26.45502646,0.002645502645502646,1.6799999999999882,37.27272727272727,1,141.63517240442442,17.0,-60.39999999999998,NE
storm_cmcc,STORM_CMCC,storm_cmcc|6029|6_6029_11,6029,6_6029_11,5768,rank_5001_10000,0.0,19.631508966223716,intensity_distance_weighted_mps,26.45502646,0.002645502645502646,1.672566371681404,30.340909090909093,0,110.78908872849449,16.9,-60.69999999999999,NE
storm_cmcc,STORM_CMCC,storm_cmcc|9456|9_9456_12,9456,9_9456_12,5770,rank_5001_10000,0.0,19.625863660784965,intensity_distance_weighted_mps,26.45502646,0.002645502645502646,1.6651982378854506,55.45454545454545,3,202.6713149580202,17.9,-60.80000000000001,NE
storm_cmcc,STORM_CMCC,storm_cmcc|1656|1_1656_6,1656,1_1656_6,5809,rank_5001_10000,0.0,19.468704968858553,intensity_distance_weighted_mps,26.45502646,0.002645502645502646,1.6578947368420935,30.0,0,110.32237862032298,15.3,-61.89999999999998,SW
storm_cmcc,STORM_CMCC,storm_cmcc|3612|3_3612_2,3612,3_3612_2,5814,rank_5001_10000,0.0,19.457337626084648,intensity_distance_weighted_mps,26.45502646,0.002645502645502646,1.6506550218340494,52.27272727272728,3,194.7997226936559,17.9,-61.10000000000002,NE
storm_cmcc,STORM_CMCC,storm_cmcc|3846|3_3846_8,3846,3_3846_8,5823,rank_5001_10000,0.0,19.425606763454045,intensity_distance_weighted_mps,26.45502646,0.002645502645502646,1.6434782608695535,25.22727272727273,0,81.97479187396854,15.5,-61.10000000000002,SE
storm_cmcc,STORM_CMCC,storm_cmcc|8567|8_8567_2,8567,8_8567_2,5851,rank_5001_10000,0.0,19.331922350096523,intensity_distance_weighted_mps,26.45502646,0.002645502645502646,1.6363636363636247,60.795454545454554,4,219.67816188642476,14.5,-62.5,SW
storm_cmcc,STORM_CMCC,storm_cmcc|5701|5_5701_1,5701,5_5701_1,5871,rank_5001_10000,0.0,19.253695085629076,intensity_distance_weighted_mps,26.45502646,0.002645502645502646,1.6293103448275745,52.61363636363637,3,197.44532396066558,14.4,-61.5,SW
storm_cmcc,STORM_CMCC,storm_cmcc|4598|4_4598_4,4598,4_4598_4,5906,rank_5001_10000,0.0,19.127888045877466,intensity_distance_weighted_mps,26.45502646,0.002645502645502646,1.622317596566512,22.500000000000004,0,62.980882365192045,16.6,-61.80000000000001,NW
storm_cmcc,STORM_CMCC,storm_cmcc|3593|3_3593_2,3593,3_3593_2,5927,rank_5001_10000,0.0,19.072351017949774,intensity_distance_weighted_mps,26.45502646,0.002645502645502646,1.6153846153846037,57.95454545454546,4,214.17290496801994,14.5,-62.39999999999998,SW
storm_cmcc,STORM_CMCC,storm_cmcc|8765|8_8765_7,8765,8_8765_7,5943,rank_5001_10000,0.0,19.024116608222787,intensity_distance_weighted_mps,26.45502646,0.002645502645502646,1.6085106382978607,60.45454545454546,4,221.35978471809446,14.7,-62.80000000000001,SW
storm_cmcc,STORM_CMCC,storm_cmcc|7937|7_7937_2,7937,7_7937_2,5945,rank_5001_10000,0.0,19.013274981862843,intensity_distance_weighted_mps,26.45502646,0.002645502645502646,1.6016949152542257,30.340909090909093,0,115.7796948719302,15.3,-62.0,SW
storm_cmcc,STORM_CMCC,storm_cmcc|2449|2_2449_8,2449,2_2449_8,5951,rank_5001_10000,0.0,18.996431650754857,intensity_distance_weighted_mps,26.45502646,0.002645502645502646,1.594936708860748,59.659090909090914,4,219.45886712577595,14.2,-61.39999999999998,SE
storm_cmcc,STORM_CMCC,storm_cmcc|5128|5_5128_4,5128,5_5128_4,5981,rank_5001_10000,0.0,18.884374862454333,intensity_distance_weighted_mps,26.45502646,0.002645502645502646,1.5882352941176354,22.840909090909093,0,68.65899091394716,15.8,-60.89999999999998,SE
storm_cmcc,STORM_CMCC,storm_cmcc|9341|9_9341_1,9341,9_9341_1,6001,rank_5001_10000,0.0,18.812832284774785,intensity_distance_weighted_mps,26.45502646,0.002645502645502646,1.5815899581589843,31.136363636363637,0,121.40365287926362,17.200000000000003,-61.80000000000001,NW
storm_cmcc,STORM_CMCC,storm_cmcc|564|0_564_8,564,0_564_8,6038,rank_5001_10000,0.0,18.675516423863975,intensity_distance_weighted_mps,26.45502646,0.002645502645502646,1.5749999999999886,68.75,4,245.6196954883085,14.1,-62.19999999999999,SW
storm_cmcc,STORM_CMCC,storm_cmcc|835|0_835_9,835,0_835_9,6046,rank_5001_10000,0.0,18.640164579455632,intensity_distance_weighted_mps,26.45502646,0.002645502645502646,1.568464730290445,40.22727272727273,1,161.42233361015226,17.4,-60.60000000000002,NE
storm_cmcc,STORM_CMCC,storm_cmcc|786|0_786_6,786,0_786_6,6066,rank_5001_10000,0.0,18.580952431108358,intensity_distance_weighted_mps,26.45502646,0.002645502645502646,1.5619834710743687,38.63636363636364,1,155.8378897948262,14.8,-61.69999999999999,SW
storm_cmcc,STORM_CMCC,storm_cmcc|676|0_676_6,676,0_676_6,6067,rank_5001_10000,0.0,18.571338119069406,intensity_distance_weighted_mps,26.45502646,0.002645502645502646,1.5555555555555443,55.11363636363637,3,210.41058772455193,17.8,-60.39999999999998,NE
storm_cmcc,STORM_CMCC,storm_cmcc|2575|2_2575_5,2575,2_2575_5,6089,rank_5001_10000,0.0,18.500319936965326,intensity_distance_weighted_mps,26.45502646,0.002645502645502646,1.5491803278688412,42.159090909090914,2,169.62807345227435,14.8,-62.10000000000002,SW
storm_cmcc,STORM_CMCC,storm_cmcc|2002|2_2002_9,2002,2_2002_9,6120,rank_5001_10000,0.0,18.402948716932436,intensity_distance_weighted_mps,26.45502646,0.002645502645502646,1.5428571428571316,53.977272727272734,3,208.552730016006,14.3,-61.5,SW
storm_cmcc,STORM_CMCC,storm_cmcc|6298|6_6298_7,6298,6_6298_7,6122,rank_5001_10000,0.0,18.39920921731626,intensity_distance_weighted_mps,26.45502646,0.002645502645502646,1.5365853658536472,55.90909090909092,3,214.17290496801994,14.5,-62.39999999999998,SW
storm_cmcc,STORM_CMCC,storm_cmcc|4839|4_4839_5,4839,4_4839_5,6126,rank_5001_10000,0.0,18.377879019504007,intensity_distance_weighted_mps,26.45502646,0.002645502645502646,1.5303643724696243,30.340909090909093,0,121.02195439992552,15.5,-62.30000000000001,SW
storm_cmcc,STORM_CMCC,storm_cmcc|4822|4_4822_4,4822,4_4822_4,6154,rank_5001_10000,0.0,18.29417590164381,intensity_distance_weighted_mps,26.45502646,0.002645502645502646,1.5241935483870854,51.81818181818183,3,203.05457925543953,17.5,-60.10000000000002,NE
storm_cmcc,STORM_CMCC,storm_cmcc|1786|1_1786_8,1786,1_1786_8,6216,rank_5001_10000,0.0,18.101391205170923,intensity_distance_weighted_mps,26.45502646,0.002645502645502646,1.5180722891566152,41.25,1,169.62807345227435,14.8,-62.10000000000002,SW
storm_cmcc,STORM_CMCC,storm_cmcc|7677|7_7677_3,7677,7_7677_3,6226,rank_5001_10000,0.0,18.06852025748456,intensity_distance_weighted_mps,26.45502646,0.002645502645502646,1.5119999999999887,26.59090909090909,0,103.01741264281397,17.1,-61.39999999999998,NE
storm_cmcc,STORM_CMCC,storm_cmcc|8328|8_8328_10,8328,8_8328_10,6240,rank_5001_10000,0.0,18.026882980671346,intensity_distance_weighted_mps,26.45502646,0.002645502645502646,1.5059760956175188,42.727272727272734,2,175.58315250209898,14.7,-62.0,SW
storm_cmcc,STORM_CMCC,storm_cmcc|1032|1_1032_8,1032,1_1032_8,6254,rank_5001_10000,0.0,17.974088679411068,intensity_distance_weighted_mps,26.45502646,0.002645502645502646,1.499999999999989,32.61363636363637,0,135.37287373134583,16.6,-62.60000000000002,NW
storm_cmcc,STORM_CMCC,storm_cmcc|7890|7_7890_10,7890,7_7890_10,6267,rank_5001_10000,0.0,17.932842765462432,intensity_distance_weighted_mps,26.45502646,0.002645502645502646,1.4940711462450482,32.95454545454546,1,137.28600579101433,15.2,-62.19999999999999,SW
storm_cmcc,STORM_CMCC,storm_cmcc|9106|9_9106_8,9106,9_9106_8,6298,rank_5001_10000,0.0,17.827220245223238,intensity_distance_weighted_mps,26.45502646,0.002645502645502646,1.4881889763779417,65.11363636363636,4,244.2967244206418,18.2,-62.30000000000001,NW
storm_cmcc,STORM_CMCC,storm_cmcc|1190|1_1190_8,1190,1_1190_8,6363,rank_5001_10000,0.0,17.622366085242646,intensity_distance_weighted_mps,26.45502646,0.002645502645502646,1.4823529411764595,56.70454545454546,3,223.3821858843699,14.2,-61.80000000000001,SW
storm_cmcc,STORM_CMCC,storm_cmcc|1334|1_1334_10,1334,1_1334_10,6364,rank_5001_10000,0.0,17.62204761752585,intensity_distance_weighted_mps,26.45502646,0.002645502645502646,1.476562499999989,57.27272727272727,3,225.0030430870997,18.0,-60.5,NE
storm_cmcc,STORM_CMCC,storm_cmcc|7827|7_7827_15,7827,7_7827_15,6379,rank_5001_10000,0.0,17.532523403456775,intensity_distance_weighted_mps,26.45502646,0.002645502645502646,1.470817120622557,75.45454545454547,5,272.64083471485844,18.5,-60.60000000000002,NE
storm_cmcc,STORM_CMCC,storm_cmcc|8897|8_8897_5,8897,8_8897_5,6412,rank_5001_10000,0.0,17.414916737599576,intensity_distance_weighted_mps,26.45502646,0.002645502645502646,1.4651162790697565,48.86363636363637,3,201.5728527560795,14.4,-61.80000000000001,SW
storm_cmcc,STORM_CMCC,storm_cmcc|5006|5_5006_1,5006,5_5006_1,6426,rank_5001_10000,0.0,17.378992449347614,intensity_distance_weighted_mps,26.45502646,0.002645502645502646,1.4594594594594485,23.409090909090914,0,88.3570410365011,15.4,-61.60000000000002,SW
storm_cmcc,STORM_CMCC,storm_cmcc|7895|7_7895_4,7895,7_7895_4,6431,rank_5001_10000,0.0,17.363318361993677,intensity_distance_weighted_mps,26.45502646,0.002645502645502646,1.453846153846143,83.18181818181819,5,292.044401084616,18.8,-61.39999999999998,NE
storm_cmcc,STORM_CMCC,storm_cmcc|9607|9_9607_10,9607,9_9607_10,6510,rank_5001_10000,0.0,17.138519209686145,intensity_distance_weighted_mps,26.45502646,0.002645502645502646,1.4482758620689546,28.522727272727277,0,122.2520142867609,17.2,-61.0,NE
storm_cmcc,STORM_CMCC,storm_cmcc|1550|1_1550_2,1550,1_1550_2,6530,rank_5001_10000,0.0,17.075240814223548,intensity_distance_weighted_mps,26.45502646,0.002645502645502646,1.4427480916030426,52.727272727272734,3,216.74544716923535,18.1,-61.10000000000002,NE
storm_cmcc,STORM_CMCC,storm_cmcc|9338|9_9338_2,9338,9_9338_2,6545,rank_5001_10000,0.0,17.030298175250934,intensity_distance_weighted_mps,26.45502646,0.002645502645502646,1.4372623574144379,45.22727272727273,2,193.01070155204647,17.9,-61.60000000000002,NW
storm_cmcc,STORM_CMCC,storm_cmcc|7612|7_7612_12,7612,7_7612_12,6588,rank_5001_10000,0.0,16.89965488588867,intensity_distance_weighted_mps,26.45502646,0.002645502645502646,1.431818181818171,50.795454545454554,3,212.43461462705494,17.3,-59.80000000000001,NE
storm_cmcc,STORM_CMCC,storm_cmcc|5153|5_5153_12,5153,5_5153_12,6600,rank_5001_10000,0.0,16.87783547085776,intensity_distance_weighted_mps,26.45502646,0.002645502645502646,1.4264150943396119,55.3409090909091,3,226.44090277221042,18.2,-61.19999999999999,NE
storm_cmcc,STORM_CMCC,storm_cmcc|3343|3_3343_4,3343,3_3343_4,6611,rank_5001_10000,0.0,16.85565792983362,intensity_distance_weighted_mps,26.45502646,0.002645502645502646,1.4210526315789365,22.15909090909091,0,84.13892268049389,16.5,-60.69999999999999,NE
storm_cmcc,STORM_CMCC,storm_cmcc|1108|1_1108_10,1108,1_1108_10,6700,rank_5001_10000,0.0,16.58127568427036,intensity_distance_weighted_mps,26.45502646,0.002645502645502646,1.415730337078641,70.22727272727273,5,269.805593903455,18.6,-61.39999999999998,NE
storm_cmcc,STORM_CMCC,storm_cmcc|5990|5_5990_8,5990,5_5990_8,6708,rank_5001_10000,0.0,16.545862893151668,intensity_distance_weighted_mps,26.45502646,0.002645502645502646,1.4104477611940192,26.59090909090909,0,116.87524052793533,15.2,-61.0,SE
storm_cmcc,STORM_CMCC,storm_cmcc|472|0_472_2,472,0_472_2,6715,rank_5001_10000,0.0,16.52146809501122,intensity_distance_weighted_mps,26.45502646,0.002645502645502646,1.405204460966532,22.15909090909091,0,87.62236057304143,16.7,-60.80000000000001,NE
storm_cmcc,STORM_CMCC,storm_cmcc|1258|1_1258_7,1258,1_1258_7,6792,rank_5001_10000,0.0,16.352361199715936,intensity_distance_weighted_mps,26.45502646,0.002645502645502646,1.3999999999999893,79.0909090909091,5,293.811137514211,18.7,-60.60000000000002,NE
storm_cmcc,STORM_CMCC,storm_cmcc|6540|6_6540_8,6540,6_6540_8,6800,rank_5001_10000,0.0,16.33197637173885,intensity_distance_weighted_mps,26.45502646,0.002645502645502646,1.3948339483394727,59.54545454545455,4,243.99532161909747,14.0,-61.10000000000002,SE
storm_cmcc,STORM_CMCC,storm_cmcc|9181|9_9181_7,9181,9_9181_7,6802,rank_5001_10000,0.0,16.32522180270663,intensity_distance_weighted_mps,26.45502646,0.002645502645502646,1.3897058823529305,38.63636363636364,1,175.35680027038188,15.2,-62.69999999999999,SW
storm_cmcc,STORM_CMCC,storm_cmcc|9711|9_9711_0,9711,9_9711_0,6871,rank_5001_10000,0.0,16.13292106474269,intensity_distance_weighted_mps,26.45502646,0.002645502645502646,1.384615384615374,26.931818181818183,0,122.72257421345657,16.7,-60.39999999999998,NE
storm_cmcc,STORM_CMCC,storm_cmcc|2288|2_2288_12,2288,2_2288_12,6920,rank_5001_10000,0.0,15.99813144626707,intensity_distance_weighted_mps,26.45502646,0.002645502645502646,1.3795620437956098,45.56818181818183,2,203.93072388300936,17.3,-59.89999999999998,NE
storm_cmcc,STORM_CMCC,storm_cmcc|7839|7_7839_7,7839,7_7839_7,6948,rank_5001_10000,0.0,15.915694772916257,intensity_distance_weighted_mps,26.45502646,0.002645502645502646,1.374545454545444,52.159090909090914,3,226.35646403405448,18.1,-62.10000000000002,NW
storm_cmcc,STORM_CMCC,storm_cmcc|1918|1_1918_7,1918,1_1918_7,7010,rank_5001_10000,0.0,15.727489901557785,intensity_distance_weighted_mps,26.45502646,0.002645502645502646,1.3695652173912938,22.386363636363637,0,97.60272465644468,15.3,-61.5,SW
storm_cmcc,STORM_CMCC,storm_cmcc|7772|7_7772_3,7772,7_7772_3,7059,rank_5001_10000,0.0,15.562666152660016,intensity_distance_weighted_mps,26.45502646,0.002645502645502646,1.3646209386281483,69.20454545454545,4,278.48464282917666,14.0,-62.69999999999999,SW
storm_cmcc,STORM_CMCC,storm_cmcc|1534|1_1534_7,1534,1_1534_7,7069,rank_5001_10000,0.0,15.531088491781256,intensity_distance_weighted_mps,26.45502646,0.002645502645502646,1.3597122302158169,38.86363636363637,1,183.85328529597547,17.8,-61.10000000000002,NE
storm_cmcc,STORM_CMCC,storm_cmcc|4251|4_4251_1,4251,4_4251_1,7096,rank_5001_10000,0.0,15.48275903880683,intensity_distance_weighted_mps,26.45502646,0.002645502645502646,1.3548387096774088,38.63636363636364,1,183.43254339822678,17.8,-61.69999999999999,NW
storm_cmcc,STORM_CMCC,storm_cmcc|9346|9_9346_1,9346,9_9346_1,7112,rank_5001_10000,0.0,15.450703895869067,intensity_distance_weighted_mps,26.45502646,0.002645502645502646,1.3499999999999897,32.159090909090914,0,155.98555674559174,17.4,-60.69999999999999,NE
storm_cmcc,STORM_CMCC,storm_cmcc|9945|9_9945_0,9945,9_9945_0,7115,rank_5001_10000,0.0,15.43461495539382,intensity_distance_weighted_mps,26.45502646,0.002645502645502646,1.3451957295373562,34.54545454545455,1,166.91034038399744,17.6,-61.89999999999998,NW
storm_cmcc,STORM_CMCC,storm_cmcc|5085|5_5085_0,5085,5_5085_0,7130,rank_5001_10000,0.0,15.397530497277202,intensity_distance_weighted_mps,26.45502646,0.002645502645502646,1.3404255319148832,56.02272727272727,3,243.64834254163733,17.9,-60.0,NE
storm_cmcc,STORM_CMCC,storm_cmcc|1596|1_1596_0,1596,1_1596_0,7179,rank_5001_10000,0.0,15.312199036741857,intensity_distance_weighted_mps,26.45502646,0.002645502645502646,1.3356890459363855,45.45454545454546,2,210.45585113671652,17.9,-60.60000000000002,NE
storm_cmcc,STORM_CMCC,storm_cmcc|3655|3_3655_0,3655,3_3655_0,7250,rank_5001_10000,0.0,15.139896197506793,intensity_distance_weighted_mps,26.45502646,0.002645502645502646,1.3309859154929473,39.54545454545455,1,190.44702119813536,14.9,-62.60000000000002,SW
storm_cmcc,STORM_CMCC,storm_cmcc|7920|7_7920_9,7920,7_7920_9,7274,rank_5001_10000,0.0,15.071046422919403,intensity_distance_weighted_mps,26.45502646,0.002645502645502646,1.326315789473674,44.20454545454546,2,208.552730016006,14.3,-61.5,SW
storm_cmcc,STORM_CMCC,storm_cmcc|6725|6_6725_0,6725,6_6725_0,7279,rank_5001_10000,0.0,15.058388831546738,intensity_distance_weighted_mps,26.45502646,0.002645502645502646,1.3216783216783115,51.81818181818183,3,234.3627222800526,17.5,-59.69999999999999,NE
storm_cmcc,STORM_CMCC,storm_cmcc|7394|7_7394_7,7394,7_7394_7,7288,rank_5001_10000,0.0,15.036247886496996,intensity_distance_weighted_mps,26.45502646,0.002645502645502646,1.317073170731697,26.47727272727273,0,130.84405198191362,15.0,-61.5,SW
storm_cmcc,STORM_CMCC,storm_cmcc|3716|3_3716_1,3716,3_3716_1,7308,rank_5001_10000,0.0,14.99280339254956,intensity_distance_weighted_mps,26.45502646,0.002645502645502646,1.3124999999999898,35.45454545454546,1,175.2351154130867,14.6,-61.5,SW
storm_cmcc,STORM_CMCC,storm_cmcc|4350|4_4350_4,4350,4_4350_4,7314,rank_5001_10000,0.0,14.981658688077756,intensity_distance_weighted_mps,26.45502646,0.002645502645502646,1.3079584775086404,43.977272727272734,2,208.67838394708514,14.3,-61.30000000000001,SE
storm_cmcc,STORM_CMCC,storm_cmcc|7350|7_7350_6,7350,7_7350_6,7322,rank_5001_10000,0.0,14.958644688258929,intensity_distance_weighted_mps,26.45502646,0.002645502645502646,1.3034482758620587,28.295454545454547,0,141.63517240442442,17.0,-60.39999999999998,NE
storm_cmcc,STORM_CMCC,storm_cmcc|9341|9_9341_4,9341,9_9341_4,7365,rank_5001_10000,0.0,14.864970436546491,intensity_distance_weighted_mps,26.45502646,0.002645502645502646,1.2989690721649383,44.09090909090909,2,210.32624499181313,14.6,-62.5,SW
storm_cmcc,STORM_CMCC,storm_cmcc|9165|9_9165_13,9165,9_9165_13,7377,rank_5001_10000,0.0,14.84803904600834,intensity_distance_weighted_mps,26.45502646,0.002645502645502646,1.2945205479451953,35.227272727272734,1,175.73191156646425,16.5,-59.80000000000001,NE
storm_cmcc,STORM_CMCC,storm_cmcc|9375|9_9375_7,9375,9_9375_7,7426,rank_5001_10000,0.0,14.704358708270469,intensity_distance_weighted_mps,26.45502646,0.002645502645502646,1.2901023890784882,36.13636363636364,1,181.09214586297304,17.8,-61.5,NW
storm_cmcc,STORM_CMCC,storm_cmcc|8419|8_8419_8,8419,8_8419_8,7437,rank_5001_10000,0.0,14.669496132390952,intensity_distance_weighted_mps,26.45502646,0.002645502645502646,1.2857142857142756,74.09090909090911,5,301.8944630434465,13.5,-61.89999999999998,SW
storm_cmcc,STORM_CMCC,storm_cmcc|4602|4_4602_3,4602,4_4602_3,7442,rank_5001_10000,0.0,14.656636513695794,intensity_distance_weighted_mps,26.45502646,0.002645502645502646,1.2813559322033798,57.38636363636364,3,256.1174446021232,14.3,-62.80000000000001,SW
storm_cmcc,STORM_CMCC,storm_cmcc|6115|6_6115_9,6115,6_6115_9,7469,rank_5001_10000,0.0,14.579198925538163,intensity_distance_weighted_mps,26.45502646,0.002645502645502646,1.277027027027017,31.590909090909093,0,162.03111316053216,17.6,-61.10000000000002,NE
storm_cmcc,STORM_CMCC,storm_cmcc|6589|6_6589_0,6589,6_6589_0,7474,rank_5001_10000,0.0,14.56848514498308,intensity_distance_weighted_mps,26.45502646,0.002645502645502646,1.2727272727272627,32.04545454545455,0,164.29226773705182,14.7,-61.30000000000001,SE
storm_cmcc,STORM_CMCC,storm_cmcc|7778|7_7778_10,7778,7_7778_10,7493,rank_5001_10000,0.0,14.525661699950478,intensity_distance_weighted_mps,26.45502646,0.002645502645502646,1.2684563758389162,57.72727272727273,4,258.68620377108135,18.5,-61.39999999999998,NE
storm_cmcc,STORM_CMCC,storm_cmcc|8811|8_8811_3,8811,8_8811_3,7545,rank_5001_10000,0.0,14.40465526852263,intensity_distance_weighted_mps,26.45502646,0.002645502645502646,1.2642140468227325,30.22727272727273,0,157.20957318158864,17.5,-60.89999999999998,NE
storm_cmcc,STORM_CMCC,storm_cmcc|6979|6_6979_5,6979,6_6979_5,7564,rank_5001_10000,0.0,14.349595527880494,intensity_distance_weighted_mps,26.45502646,0.002645502645502646,1.25999999999999,49.20454545454545,3,233.77801177433508,17.7,-59.89999999999998,NE
storm_cmcc,STORM_CMCC,storm_cmcc|2226|2_2226_12,2226,2_2226_12,7576,rank_5001_10000,0.0,14.318972724535021,intensity_distance_weighted_mps,26.45502646,0.002645502645502646,1.2558139534883621,31.931818181818187,0,166.36045149781256,15.5,-62.80000000000001,SW
storm_cmcc,STORM_CMCC,storm_cmcc|1299|1_1299_0,1299,1_1299_0,7648,rank_5001_10000,0.0,14.107195382713474,intensity_distance_weighted_mps,26.45502646,0.002645502645502646,1.2516556291390628,38.75000000000001,1,198.25127327000922,14.4,-61.60000000000002,SW
storm_cmcc,STORM_CMCC,storm_cmcc|4912|4_4912_11,4912,4_4912_11,7669,rank_5001_10000,0.0,14.055056100076625,intensity_distance_weighted_mps,26.45502646,0.002645502645502646,1.2475247524752375,44.20454545454546,2,219.6923567468338,17.7,-60.10000000000002,NE
storm_cmcc,STORM_CMCC,storm_cmcc|7794|7_7794_16,7794,7_7794_16,7728,rank_5001_10000,0.0,13.900061386265351,intensity_distance_weighted_mps,26.45502646,0.002645502645502646,1.243421052631569,28.522727272727277,0,153.84953161403735,17.5,-61.0,NE
storm_cmcc,STORM_CMCC,storm_cmcc|8759|8_8759_5,8759,8_8759_5,7777,rank_5001_10000,0.0,13.78660845318417,intensity_distance_weighted_mps,26.45502646,0.002645502645502646,1.239344262295072,46.36363636363637,2,230.57821256961884,14.1,-61.39999999999998,SE
storm_cmcc,STORM_CMCC,storm_cmcc|1786|1_1786_13,1786,1_1786_13,7786,rank_5001_10000,0.0,13.759587309692156,intensity_distance_weighted_mps,26.45502646,0.002645502645502646,1.2352941176470489,58.06818181818183,4,269.17364900861867,18.3,-60.19999999999999,NE
storm_cmcc,STORM_CMCC,storm_cmcc|4201|4_4201_11,4201,4_4201_11,7821,rank_5001_10000,0.0,13.682746792810203,intensity_distance_weighted_mps,26.45502646,0.002645502645502646,1.231270358306179,36.02272727272727,1,191.6664101032616,17.6,-60.39999999999998,NE
storm_cmcc,STORM_CMCC,storm_cmcc|919|0_919_3,919,0_919_3,7864,rank_5001_10000,0.0,13.589631796287133,intensity_distance_weighted_mps,26.45502646,0.002645502645502646,1.2272727272727175,56.36363636363637,3,266.119911184537,18.5,-62.0,NW
storm_cmcc,STORM_CMCC,storm_cmcc|7666|7_7666_7,7666,7_7666_7,7874,rank_5001_10000,0.0,13.565371927263085,intensity_distance_weighted_mps,26.45502646,0.002645502645502646,1.2233009708737765,33.63636363636364,1,182.45670266442525,15.1,-62.69999999999999,SW
storm_cmcc,STORM_CMCC,storm_cmcc|2808|2_2808_7,2808,2_2808_7,7889,rank_5001_10000,0.0,13.536224245836475,intensity_distance_weighted_mps,26.45502646,0.002645502645502646,1.2193548387096678,36.02272727272727,1,193.33186911376922,14.5,-61.89999999999998,SW
storm_cmcc,STORM_CMCC,storm_cmcc|7828|7_7828_6,7828,7_7828_6,7896,rank_5001_10000,0.0,13.526935410195806,intensity_distance_weighted_mps,26.45502646,0.002645502645502646,1.2154340836012765,42.727272727272734,2,220.38675232846276,14.2,-61.60000000000002,SW
storm_cmcc,STORM_CMCC,storm_cmcc|5630|5_5630_16,5630,5_5630_16,7921,rank_5001_10000,0.0,13.466076001065835,intensity_distance_weighted_mps,26.45502646,0.002645502645502646,1.211538461538452,31.363636363636367,0,172.92892683874453,17.7,-61.10000000000002,NE
storm_cmcc,STORM_CMCC,storm_cmcc|7515|7_7515_3,7515,7_7515_3,7927,rank_5001_10000,0.0,13.441853874787178,intensity_distance_weighted_mps,26.45502646,0.002645502645502646,1.2076677316293833,31.81818181818182,0,175.38443193589518,14.6,-61.30000000000001,SE
storm_cmcc,STORM_CMCC,storm_cmcc|361|0_361_8,361,0_361_8,7930,rank_5001_10000,0.0,13.439563796378502,intensity_distance_weighted_mps,26.45502646,0.002645502645502646,1.2038216560509458,52.61363636363637,3,256.0931925305388,14.0,-62.19999999999999,SW
storm_cmcc,STORM_CMCC,storm_cmcc|2740|2_2740_2,2740,2_2740_2,8026,rank_5001_10000,0.0,13.26369419703109,intensity_distance_weighted_mps,26.45502646,0.002645502645502646,1.1999999999999904,33.63636363636364,1,185.9015360012657,17.6,-60.5,NE
storm_cmcc,STORM_CMCC,storm_cmcc|9706|9_9706_6,9706,9_9706_6,8033,rank_5001_10000,0.0,13.251759395559827,intensity_distance_weighted_mps,26.45502646,0.002645502645502646,1.19620253164556,50.795454545454554,3,252.47768266588278,18.0,-60.0,NE
storm_cmcc,STORM_CMCC,storm_cmcc|5958|5_5958_6,5958,5_5958_6,8041,rank_5001_10000,0.0,13.231272348490831,intensity_distance_weighted_mps,26.45502646,0.002645502645502646,1.1924290220820093,32.61363636363637,0,181.548985931026,16.7,-59.80000000000001,NE
storm_cmcc,STORM_CMCC,storm_cmcc|9472|9_9472_6,9472,9_9472_6,8059,rank_5001_10000,0.0,13.205643709280388,intensity_distance_weighted_mps,26.45502646,0.002645502645502646,1.1886792452830093,61.93181818181819,4,288.13275325253875,18.4,-62.80000000000001,NW
storm_cmcc,STORM_CMCC,storm_cmcc|9197|9_9197_9,9197,9_9197_9,8104,rank_5001_10000,0.0,13.11480096474852,intensity_distance_weighted_mps,26.45502646,0.002645502645502646,1.1849529780564168,37.38636363636364,1,204.06065495994446,14.4,-61.89999999999998,SW
storm_cmcc,STORM_CMCC,storm_cmcc|5478|5_5478_6,5478,5_5478_6,8122,rank_5001_10000,0.0,13.067466393301727,intensity_distance_weighted_mps,26.45502646,0.002645502645502646,1.1812499999999904,33.18181818181819,1,186.10094731425042,14.5,-61.39999999999998,SE
storm_cmcc,STORM_CMCC,storm_cmcc|4668|4_4668_8,4668,4_4668_8,8141,rank_5001_10000,0.0,13.014001696304213,intensity_distance_weighted_mps,26.45502646,0.002645502645502646,1.1775700934579345,26.704545454545457,0,153.84953161403735,17.5,-61.0,NE
storm_cmcc,STORM_CMCC,storm_cmcc|9960|9_9960_3,9960,9_9960_3,8220,rank_5001_10000,0.0,12.865451600369418,intensity_distance_weighted_mps,26.45502646,0.002645502645502646,1.1739130434782514,29.31818181818182,0,169.62807345227435,14.8,-62.10000000000002,SW
storm_cmcc,STORM_CMCC,storm_cmcc|7123|7_7123_0,7123,7_7123_0,8240,rank_5001_10000,0.0,12.837246416445534,intensity_distance_weighted_mps,26.45502646,0.002645502645502646,1.1702786377708883,73.1818181818182,5,325.2178879122809,18.6,-59.69999999999999,NE
storm_cmcc,STORM_CMCC,storm_cmcc|9534|9_9534_8,9534,9_9534_8,8246,rank_5001_10000,0.0,12.824700971740828,intensity_distance_weighted_mps,26.45502646,0.002645502645502646,1.1666666666666572,38.86363636363637,1,213.7367725711482,16.4,-63.39999999999998,NW
storm_cmcc,STORM_CMCC,storm_cmcc|4027|4_4027_10,4027,4_4027_10,8302,rank_5001_10000,0.0,12.712203594795733,intensity_distance_weighted_mps,26.45502646,0.002645502645502646,1.1630769230769136,38.52272727272727,1,213.7367725711482,16.4,-63.39999999999998,NW
storm_cmcc,STORM_CMCC,storm_cmcc|3637|3_3637_6,3637,3_3637_6,8336,rank_5001_10000,0.0,12.631401776431815,intensity_distance_weighted_mps,26.45502646,0.002645502645502646,1.1595092024539784,47.61363636363637,2,249.62567849147783,18.2,-60.39999999999998,NE
storm_cmcc,STORM_CMCC,storm_cmcc|1296|1_1296_6,1296,1_1296_6,8341,rank_5001_10000,0.0,12.620723545662589,intensity_distance_weighted_mps,26.45502646,0.002645502645502646,1.1559633027522842,48.52272727272728,2,252.9929831518153,13.9,-61.5,SW
storm_cmcc,STORM_CMCC,storm_cmcc|8117|8_8117_0,8117,8_8117_0,8363,rank_5001_10000,0.0,12.56759827066319,intensity_distance_weighted_mps,26.45502646,0.002645502645502646,1.1524390243902345,22.613636363636363,0,134.11042056560274,15.0,-61.69999999999999,SW
storm_cmcc,STORM_CMCC,storm_cmcc|1884|1_1884_2,1884,1_1884_2,8376,rank_5001_10000,0.0,12.537402342503245,intensity_distance_weighted_mps,26.45502646,0.002645502645502646,1.1489361702127565,37.84090909090909,1,213.09724450082987,17.7,-60.19999999999999,NE
storm_cmcc,STORM_CMCC,storm_cmcc|6743|6_6743_13,6743,6_6743_13,8403,rank_5001_10000,0.0,12.48132547021169,intensity_distance_weighted_mps,26.45502646,0.002645502645502646,1.1454545454545362,38.52272727272727,1,216.66715670785675,15.1,-63.10000000000002,SW
storm_cmcc,STORM_CMCC,storm_cmcc|2992|2_2992_7,2992,2_2992_7,8422,rank_5001_10000,0.0,12.443934443553214,intensity_distance_weighted_mps,26.45502646,0.002645502645502646,1.1419939577039182,52.95454545454546,3,270.6429998459786,18.2,-60.0,NE
storm_cmcc,STORM_CMCC,storm_cmcc|3355|3_3355_9,3355,3_3355_9,8427,rank_5001_10000,0.0,12.43371483417814,intensity_distance_weighted_mps,26.45502646,0.002645502645502646,1.1385542168674605,29.431818181818183,0,175.38443193589518,14.6,-61.30000000000001,SE
storm_cmcc,STORM_CMCC,storm_cmcc|5900|5_5900_3,5900,5_5900_3,8428,rank_5001_10000,0.0,12.433567880834833,intensity_distance_weighted_mps,26.45502646,0.002645502645502646,1.1351351351351258,42.95454545454545,2,235.01338294801073,17.8,-60.0,NE
storm_cmcc,STORM_CMCC,storm_cmcc|1200|1_1200_2,1200,1_1200_2,8449,rank_5001_10000,0.0,12.393735406298417,intensity_distance_weighted_mps,26.45502646,0.002645502645502646,1.1317365269460986,21.931818181818183,0,131.5893351053755,15.5,-60.39999999999998,SE
storm_cmcc,STORM_CMCC,storm_cmcc|7162|7_7162_10,7162,7_7162_10,8485,rank_5001_10000,0.0,12.33831213728003,intensity_distance_weighted_mps,26.45502646,0.002645502645502646,1.1283582089552147,30.454545454545457,0,181.7595903576623,17.7,-60.80000000000001,NE
storm_cmcc,STORM_CMCC,storm_cmcc|298|0_298_5,298,0_298_5,8531,rank_5001_10000,0.0,12.268808889867692,intensity_distance_weighted_mps,26.45502646,0.002645502645502646,1.124999999999991,26.47727272727273,0,161.42233361015226,17.4,-60.60000000000002,NE
storm_cmcc,STORM_CMCC,storm_cmcc|9180|9_9180_3,9180,9_9180_3,8555,rank_5001_10000,0.0,12.231576891699648,intensity_distance_weighted_mps,26.45502646,0.002645502645502646,1.12166172106824,41.36363636363637,1,231.4918086573533,15.2,-59.5,SE
storm_cmcc,STORM_CMCC,storm_cmcc|2367|2_2367_9,2367,2_2367_9,8576,rank_5001_10000,0.0,12.189484136879054,intensity_distance_weighted_mps,26.45502646,0.002645502645502646,1.118343195266263,38.18181818181819,1,219.03889288539204,14.4,-62.30000000000001,SW
storm_cmcc,STORM_CMCC,storm_cmcc|554|0_554_11,554,0_554_11,8585,rank_5001_10000,0.0,12.179538163657538,intensity_distance_weighted_mps,26.45502646,0.002645502645502646,1.1150442477876015,67.72727272727273,4,320.33841657421186,13.3,-61.19999999999999,SE
storm_cmcc,STORM_CMCC,storm_cmcc|8092|8_8092_4,8092,8_8092_4,8603,rank_5001_10000,0.0,12.137684941096676,intensity_distance_weighted_mps,26.45502646,0.002645502645502646,1.1117647058823439,65.11363636363636,4,313.37381989497385,17.0,-58.60000000000002,NE
storm_cmcc,STORM_CMCC,storm_cmcc|989|0_989_10,989,0_989_10,8640,rank_5001_10000,0.0,12.068029670637852,intensity_distance_weighted_mps,26.45502646,0.002645502645502646,1.1085043988269703,39.88636363636364,1,227.7396415384378,18.2,-61.10000000000002,NE
storm_cmcc,STORM_CMCC,storm_cmcc|6989|6_6989_8,6989,6_6989_8,8662,rank_5001_10000,0.0,12.013464256850607,intensity_distance_weighted_mps,26.45502646,0.002645502645502646,1.1052631578947278,28.40909090909091,0,175.2351154130867,14.6,-61.5,SW
storm_cmcc,STORM_CMCC,storm_cmcc|8413|8_8413_7,8413,8_8413_7,8683,rank_5001_10000,0.0,11.97824359302099,intensity_distance_weighted_mps,26.45502646,0.002645502645502646,1.1020408163265216,53.18181818181818,3,278.2032095189768,13.7,-61.80000000000001,SW
storm_cmcc,STORM_CMCC,storm_cmcc|4886|4_4886_12,4886,4_4886_12,8735,rank_5001_10000,0.0,11.870446150166714,intensity_distance_weighted_mps,26.45502646,0.002645502645502646,1.0988372093023164,77.8409090909091,5,353.61648575335624,19.3,-60.80000000000001,NE
storm_cmcc,STORM_CMCC,storm_cmcc|1738|1_1738_9,1738,1_1738_9,8778,rank_5001_10000,0.0,11.792027304686577,intensity_distance_weighted_mps,26.45502646,0.002645502645502646,1.0956521739130345,35.227272727272734,1,211.46172662168817,14.4,-60.69999999999999,SE
storm_cmcc,STORM_CMCC,storm_cmcc|7328|7_7328_2,7328,7_7328_2,8800,rank_5001_10000,0.0,11.765056743111769,intensity_distance_weighted_mps,26.45502646,0.002645502645502646,1.092485549132939,56.93181818181819,3,293.90279883104074,18.8,-61.10000000000002,NE
storm_cmcc,STORM_CMCC,storm_cmcc|2962|2_2962_6,2962,2_2962_6,8829,rank_5001_10000,0.0,11.710807702436036,intensity_distance_weighted_mps,26.45502646,0.002645502645502646,1.0893371757924981,31.022727272727277,0,192.62407057040926,17.0,-63.0,NW
storm_cmcc,STORM_CMCC,storm_cmcc|9866|9_9866_3,9866,9_9866_3,8893,rank_5001_10000,0.0,11.575920152252756,intensity_distance_weighted_mps,26.45502646,0.002645502645502646,1.086206896551715,44.65909090909091,2,253.58120490360292,15.299999999999995,-63.60000000000002,SW
storm_cmcc,STORM_CMCC,storm_cmcc|7247|7_7247_21,7247,7_7247_21,8899,rank_5001_10000,0.0,11.56453260269275,intensity_distance_weighted_mps,26.45502646,0.002645502645502646,1.0830945558739165,65.3409090909091,4,323.46178918491717,18.8,-60.10000000000002,NE
storm_cmcc,STORM_CMCC,storm_cmcc|4323|4_4323_9,4323,4_4323_9,8980,rank_5001_10000,0.0,11.416508229711354,intensity_distance_weighted_mps,26.45502646,0.002645502645502646,1.079999999999991,27.15909090909091,0,176.14187031164676,14.6,-61.60000000000002,SW
storm_cmcc,STORM_CMCC,storm_cmcc|4690|4_4690_11,4690,4_4690_11,9027,rank_5001_10000,0.0,11.34702838825423,intensity_distance_weighted_mps,26.45502646,0.002645502645502646,1.076923076923068,39.659090909090914,1,236.93866802488543,15.1,-59.5,SE
storm_cmcc,STORM_CMCC,storm_cmcc|753|0_753_13,753,0_753_13,9030,rank_5001_10000,0.0,11.344639539735946,intensity_distance_weighted_mps,26.45502646,0.002645502645502646,1.0738636363636274,58.29545454545455,4,305.15288209625635,17.8,-59.10000000000002,NE
storm_cmcc,STORM_CMCC,storm_cmcc|2776|2_2776_4,2776,2_2776_4,9033,rank_5001_10000,0.0,11.33832770347592,intensity_distance_weighted_mps,26.45502646,0.002645502645502646,1.0708215297450336,23.75,0,156.93937069434486,17.2,-60.39999999999998,NE
storm_cmcc,STORM_CMCC,storm_cmcc|7610|7_7610_8,7610,7_7610_8,9094,rank_5001_10000,0.0,11.231609106725312,intensity_distance_weighted_mps,26.45502646,0.002645502645502646,1.0677966101694827,25.681818181818187,0,170.14035486895338,17.7,-61.30000000000001,NE
storm_cmcc,STORM_CMCC,storm_cmcc|2080|2_2080_1,2080,2_2080_1,9144,rank_5001_10000,0.0,11.118237610633038,intensity_distance_weighted_mps,26.45502646,0.002645502645502646,1.0647887323943575,45.79545454545455,2,264.9081996372931,13.8,-61.19999999999999,SE
storm_cmcc,STORM_CMCC,storm_cmcc|3923|3_3923_13,3923,3_3923_13,9258,rank_5001_10000,0.0,10.927901487830166,intensity_distance_weighted_mps,26.45502646,0.002645502645502646,1.06179775280898,34.659090909090914,1,221.04598265310514,14.3,-62.10000000000002,SW
storm_cmcc,STORM_CMCC,storm_cmcc|5098|5_5098_6,5098,5_5098_6,9286,rank_5001_10000,0.0,10.886797030437888,intensity_distance_weighted_mps,26.45502646,0.002645502645502646,1.0588235294117558,31.931818181818187,0,208.55273001600654,14.299999999999995,-61.5,SW
storm_cmcc,STORM_CMCC,storm_cmcc|7809|7_7809_15,7809,7_7809_15,9287,rank_5001_10000,0.0,10.886483543897418,intensity_distance_weighted_mps,26.45502646,0.002645502645502646,1.0558659217877007,27.840909090909093,0,187.19273455041815,14.5,-61.60000000000002,SW
storm_cmcc,STORM_CMCC,storm_cmcc|1589|1_1589_9,1589,1_1589_9,9295,rank_5001_10000,0.0,10.85975008708138,intensity_distance_weighted_mps,26.45502646,0.002645502645502646,1.0529247910863422,45.909090909090914,2,269.4767312974345,18.5,-60.69999999999999,NE
storm_cmcc,STORM_CMCC,storm_cmcc|5992|5_5992_11,5992,5_5992_11,9301,rank_5001_10000,0.0,10.84371110350219,intensity_distance_weighted_mps,26.45502646,0.002645502645502646,1.0499999999999912,67.27272727272728,4,342.1791388281936,18.1,-58.89999999999998,NE
storm_cmcc,STORM_CMCC,storm_cmcc|9443|9_9443_1,9443,9_9443_1,9310,rank_5001_10000,0.0,10.827662233573335,intensity_distance_weighted_mps,26.45502646,0.002645502645502646,1.0470914127423736,27.95454545454546,0,188.65272272140103,14.5,-61.69999999999999,SW
storm_cmcc,STORM_CMCC,storm_cmcc|7185|7_7185_9,7185,7_7185_9,9435,rank_5001_10000,0.0,10.612226844655961,intensity_distance_weighted_mps,26.45502646,0.002645502645502646,1.0441988950276155,30.22727272727273,0,203.93072388300936,17.3,-59.89999999999998,NE
storm_cmcc,STORM_CMCC,storm_cmcc|2020|2_2020_12,2020,2_2020_12,9467,rank_5001_10000,0.0,10.571313711453401,intensity_distance_weighted_mps,26.45502646,0.002645502645502646,1.041322314049578,32.50000000000001,0,216.03946137606098,17.8,-60.30000000000001,NE
storm_cmcc,STORM_CMCC,storm_cmcc|2407|2_2407_2,2407,2_2407_2,9565,rank_5001_10000,0.0,10.418439688743184,intensity_distance_weighted_mps,26.45502646,0.002645502645502646,1.0384615384615299,26.931818181818183,0,188.84604144895115,17.8,-60.89999999999998,NE
storm_cmcc,STORM_CMCC,storm_cmcc|3483|3_3483_13,3483,3_3483_13,9604,rank_5001_10000,0.0,10.362819421410983,intensity_distance_weighted_mps,26.45502646,0.002645502645502646,1.0356164383561557,37.727272727272734,1,243.75059356152482,14.2,-62.39999999999998,SW
storm_cmcc,STORM_CMCC,storm_cmcc|3527|3_3527_3,3527,3_3527_3,9661,rank_5001_10000,0.0,10.269707830948429,intensity_distance_weighted_mps,26.45502646,0.002645502645502646,1.032786885245893,61.13636363636364,4,333.8326485129015,13.4,-62.60000000000002,SW
storm_cmcc,STORM_CMCC,storm_cmcc|261|0_261_1,261,0_261_1,9672,rank_5001_10000,0.0,10.250849497502074,intensity_distance_weighted_mps,26.45502646,0.002645502645502646,1.0299727520435882,34.659090909090914,1,231.46193286543382,14.1,-61.60000000000002,SW
storm_cmcc,STORM_CMCC,storm_cmcc|3661|3_3661_13,3661,3_3661_13,9695,rank_5001_10000,0.0,10.213788218118205,intensity_distance_weighted_mps,26.45502646,0.002645502645502646,1.0271739130434696,65.56818181818183,4,349.1997173624496,19.3,-61.10000000000002,NE
storm_cmcc,STORM_CMCC,storm_cmcc|1415|1_1415_0,1415,1_1415_0,9740,rank_5001_10000,0.0,10.145367286228256,intensity_distance_weighted_mps,26.45502646,0.002645502645502646,1.0243902439024304,42.27272727272728,2,266.9284666980856,17.1,-59.10000000000002,NE
storm_cmcc,STORM_CMCC,storm_cmcc|7490|7_7490_0,7490,7_7490_0,9744,rank_5001_10000,0.0,10.140363467653925,intensity_distance_weighted_mps,26.45502646,0.002645502645502646,1.021621621621613,38.40909090909091,1,250.44803427180906,14.0,-60.80000000000001,SE
storm_cmcc,STORM_CMCC,storm_cmcc|1007|1_1007_8,1007,1_1007_8,9809,rank_5001_10000,0.0,10.051364351792506,intensity_distance_weighted_mps,26.45502646,0.002645502645502646,1.0188679245282932,62.27272727272727,4,341.9029533006307,13.1,-61.5,SW
storm_cmcc,STORM_CMCC,storm_cmcc|6085|6_6085_1,6085,6_6085_1,9823,rank_5001_10000,0.0,10.034280442315776,intensity_distance_weighted_mps,26.45502646,0.002645502645502646,1.016129032258056,49.43181818181819,3,297.22318370181637,14.0,-59.80000000000001,SE
storm_cmcc,STORM_CMCC,storm_cmcc|6127|6_6127_9,6127,6_6127_9,9847,rank_5001_10000,0.0,9.990500891589418,intensity_distance_weighted_mps,26.45502646,0.002645502645502646,1.013404825737257,30.56818181818182,0,215.27611239337998,16.5,-63.39999999999998,NW
storm_cmcc,STORM_CMCC,storm_cmcc|3612|3_3612_15,3612,3_3612_15,9899,rank_5001_10000,0.0,9.888019479994973,intensity_distance_weighted_mps,26.45502646,0.002645502645502646,1.0106951871657668,53.29545454545455,3,314.2813894515519,13.8,-63.0,SW
storm_cmcc,STORM_CMCC,storm_cmcc|5966|5_5966_2,5966,5_5966_2,9934,rank_5001_10000,0.0,9.842215384259251,intensity_distance_weighted_mps,26.45502646,0.002645502645502646,1.0079999999999916,48.977272727272734,3,299.10785193231993,13.9,-62.89999999999998,SW
storm_cmcc,STORM_CMCC,storm_cmcc|8870|8_8870_7,8870,8_8870_7,9948,rank_5001_10000,0.0,9.825262680433616,intensity_distance_weighted_mps,26.45502646,0.002645502645502646,1.0053191489361617,31.704545454545457,0,223.83897818147827,18.1,-60.80000000000001,NE
storm_cmcc,STORM_CMCC,storm_cmcc|6438|6_6438_14,6438,6_6438_14,9949,rank_5001_10000,0.0,9.824318073021836,intensity_distance_weighted_mps,26.45502646,0.002645502645502646,1.0026525198938907,69.43181818181819,4,369.47963488536993,12.9,-62.0,SW
storm_cmcc,STORM_CMCC,storm_cmcc|9524|9_9524_12,9524,9_9524_12,9959,rank_5001_10000,0.0,9.811921644750335,intensity_distance_weighted_mps,26.45502646,0.002645502645502646,0.9999999999999916,24.772727272727277,0,185.22163505834934,15.799999999999995,-63.10000000000002,SW
storm_cmcc,STORM_CMCC,storm_cmcc|361|0_361_5,361,0_361_5,10118,rank_gt_10000,0.0,9.563185618666546,intensity_distance_weighted_mps,85.74825175,0.008574825174825175,0.991498077325748,28.181818181818183,0,209.297411396844,16.9,-59.60000000000002,NE
storm_cmcc,STORM_CMCC,storm_cmcc|9193|9_9193_9,9193,9_9193_9,10197,rank_gt_10000,0.0,9.44568874560391,intensity_distance_weighted_mps,85.74825175,0.008574825174825175,0.983139501307636,38.75000000000001,1,264.20449553237364,13.8,-61.30000000000001,SE
storm_cmcc,STORM_CMCC,storm_cmcc|3840|3_3840_6,3840,3_3840_6,10208,rank_gt_10000,0.0,9.43194033242747,intensity_distance_weighted_mps,85.74825175,0.008574825174825175,0.9749206769085524,28.40909090909091,0,212.76796434529274,16.299999999999997,-63.39999999999998,NW
storm_cmcc,STORM_CMCC,storm_cmcc|3146|3_3146_10,3146,3_3146_10,10213,rank_gt_10000,0.0,9.427492890614849,intensity_distance_weighted_mps,85.74825175,0.008574825174825175,0.9668381283095533,39.20454545454546,1,266.583954541534,16.0,-63.89999999999998,SW
storm_cmcc,STORM_CMCC,storm_cmcc|1092|1_1092_1,1092,1_1092_1,10230,rank_gt_10000,0.0,9.405549626500846,intensity_distance_weighted_mps,85.74825175,0.008574825174825175,0.9588884940086153,38.40909090909091,1,263.4054056073444,13.9,-62.10000000000002,SW
storm_cmcc,STORM_CMCC,storm_cmcc|46|0_46_3,46,0_46_3,10241,rank_gt_10000,0.0,9.390276892230967,intensity_distance_weighted_mps,85.74825175,0.008574825174825175,0.9510685221592237,25.56818181818182,0,196.88525805383068,17.9,-61.0,NE
storm_cmcc,STORM_CMCC,storm_cmcc|4503|4_4503_1,4503,4_4503_1,10243,rank_gt_10000,0.0,9.388176618274061,intensity_distance_weighted_mps,85.74825175,0.008574825174825175,0.9433750661352023,62.38636363636364,4,356.3946204950983,15.8,-58.10000000000002,SE
storm_cmcc,STORM_CMCC,storm_cmcc|9144|9_9144_2,9144,9_9144_2,10305,rank_gt_10000,0.0,9.28655892521416,intensity_distance_weighted_mps,85.74825175,0.008574825174825175,0.9358050803090828,31.363636363636367,0,231.2781688656269,17.200000000000003,-63.30000000000001,NW
storm_cmcc,STORM_CMCC,storm_cmcc|5898|5_5898_1,5898,5_5898_1,10339,rank_gt_10000,0.0,9.244506411165021,intensity_distance_weighted_mps,85.74825175,0.008574825174825175,0.9283556160321096,57.95454545454546,4,344.31713335720366,13.1,-61.80000000000001,SW
storm_cmcc,STORM_CMCC,storm_cmcc|6421|6_6421_10,6421,6_6421_10,10348,rank_gt_10000,0.0,9.22448275046013,intensity_distance_weighted_mps,85.74825175,0.008574825174825175,0.9210238178047354,35.45454545454546,1,252.94139645643665,17.0,-59.19999999999999,NE
storm_cmcc,STORM_CMCC,storm_cmcc|6731|6_6731_13,6731,6_6731_13,10370,rank_gt_10000,0.0,9.189643247211862,intensity_distance_weighted_mps,85.74825175,0.008574825174825175,0.9138069196271593,76.93181818181819,5,407.259760118844,19.1,-59.10000000000002,NE
storm_cmcc,STORM_CMCC,storm_cmcc|7480|7_7480_10,7480,7_7480_10,10371,rank_gt_10000,0.0,9.18762090587453,intensity_distance_weighted_mps,85.74825175,0.008574825174825175,0.9067022415201075,45.45454545454546,2,298.01978001183807,13.8,-62.69999999999999,SW
storm_cmcc,STORM_CMCC,storm_cmcc|3212|3_3212_2,3212,3_3212_2,10383,rank_gt_10000,0.0,9.171719114412271,intensity_distance_weighted_mps,85.74825175,0.008574825174825175,0.8997071862066637,40.79545454545455,1,278.530314850749,13.9,-62.5,SW
storm_cmcc,STORM_CMCC,storm_cmcc|4299|4_4299_0,4299,4_4299_0,10419,rank_gt_10000,0.0,9.129472370008765,intensity_distance_weighted_mps,85.74825175,0.008574825174825175,0.8928192359465186,59.659090909090914,4,352.8916883800809,13.0,-61.39999999999998,SE
storm_cmcc,STORM_CMCC,storm_cmcc|1024|1_1024_1,1024,1_1024_1,10440,rank_gt_10000,0.0,9.100997326716227,intensity_distance_weighted_mps,85.74825175,0.008574825174825175,0.8860359495145319,49.43181818181819,3,315.76594956854666,19.0,-61.69999999999999,NW
storm_cmcc,STORM_CMCC,storm_cmcc|1244|1_1244_10,1244,1_1244_10,10529,rank_gt_10000,0.0,8.986804009714344,intensity_distance_weighted_mps,85.74825175,0.008574825174825175,0.8793549593159901,55.3409090909091,3,340.66908521580893,18.5,-63.5,NW
storm_cmcc,STORM_CMCC,storm_cmcc|505|0_505_2,505,0_505_2,10558,rank_gt_10000,0.0,8.951633636955686,intensity_distance_weighted_mps,85.74825175,0.008574825174825175,0.872773968631398,38.86363636363637,1,274.19709868712437,13.9,-62.39999999999998,SW
storm_cmcc,STORM_CMCC,storm_cmcc|8190|8_8190_10,8190,8_8190_10,10617,rank_gt_10000,0.0,8.883956107818127,intensity_distance_weighted_mps,85.74825175,0.008574825174825175,0.8662907489840703,41.70454545454546,1,288.31102133023114,18.7,-60.80000000000001,NE
storm_cmcc,STORM_CMCC,storm_cmcc|3062|3_3062_2,3062,3_3062_2,10798,rank_gt_10000,0.0,8.651197431831172,intensity_distance_weighted_mps,85.74825175,0.008574825174825175,0.859903137624183,24.204545454545457,0,201.1245532169766,14.5,-60.69999999999999,SE
storm_cmcc,STORM_CMCC,storm_cmcc|7096|7_7096_9,7096,7_7096_9,10799,rank_gt_10000,0.0,8.649328344273021,intensity_distance_weighted_mps,85.74825175,0.008574825174825175,0.8536090351233189,43.295454545454554,2,300.2115581275401,13.5,-61.80000000000001,SW
storm_cmcc,STORM_CMCC,storm_cmcc|503|0_503_8,503,0_503_8,10839,rank_gt_10000,0.0,8.602282314930969,intensity_distance_weighted_mps,85.74825175,0.008574825174825175,0.8474064030738859,34.09090909090909,1,258.20082904887823,13.9,-61.89999999999998,SW
storm_cmcc,STORM_CMCC,storm_cmcc|2741|2_2741_10,2741,2_2741_10,10963,rank_gt_10000,0.0,8.448374053905184,intensity_distance_weighted_mps,85.74825175,0.008574825174825175,0.8412932618881143,71.13636363636364,5,408.5985894762006,12.5,-61.5,SW
storm_cmcc,STORM_CMCC,storm_cmcc|7763|7_7763_7,7763,7_7763_7,11033,rank_gt_10000,0.0,8.373913764891652,intensity_distance_weighted_mps,85.74825175,0.008574825174825175,0.8352676886916371,27.840909090909093,0,228.70543177634684,14.799999999999995,-63.0,SW
storm_cmcc,STORM_CMCC,storm_cmcc|716|0_716_10,716,0_716_10,11044,rank_gt_10000,0.0,8.356755036094198,intensity_distance_weighted_mps,85.74825175,0.008574825174825175,0.8293278153069492,22.954545454545457,0,198.25127327000922,14.4,-61.60000000000002,SW
storm_cmcc,STORM_CMCC,storm_cmcc|3576|3_3576_10,3576,3_3576_10,11045,rank_gt_10000,0.0,8.356755036094198,intensity_distance_weighted_mps,85.74825175,0.008574825174825175,0.8234718263222993,22.954545454545457,0,198.25127327000922,14.4,-61.60000000000002,SW
storm_cmcc,STORM_CMCC,storm_cmcc|7088|7_7088_9,7088,7_7088_9,11185,rank_gt_10000,0.0,8.182531086430703,intensity_distance_weighted_mps,85.74825175,0.008574825174825175,0.817697957241824,53.52272727272728,3,353.0930136103411,13.0,-61.30000000000001,SE
storm_cmcc,STORM_CMCC,storm_cmcc|5733|5_5733_8,5733,5_5733_8,11334,rank_gt_10000,0.0,8.016199240375528,intensity_distance_weighted_mps,85.74825175,0.008574825174825175,0.8120044927129632,39.659090909090914,1,298.01978001183807,13.8,-62.69999999999999,SW
storm_cmcc,STORM_CMCC,storm_cmcc|5545|5_5545_0,5545,5_5545_0,11387,rank_gt_10000,0.0,7.94873715035388,intensity_distance_weighted_mps,85.74825175,0.008574825174825175,0.8063897648274151,31.363636363636367,0,257.4472976172288,16.5,-63.80000000000001,NW
storm_cmcc,STORM_CMCC,storm_cmcc|5657|5_5657_13,5657,5_5657_13,11430,rank_gt_10000,0.0,7.902863867632811,intensity_distance_weighted_mps,85.74825175,0.008574825174825175,0.800852151492099,32.04545454545455,0,262.1747992886716,14.8,-63.39999999999998,SW
storm_cmcc,STORM_CMCC,storm_cmcc|284|0_284_13,284,0_284_13,11462,rank_gt_10000,0.0,7.877298220179232,intensity_distance_weighted_mps,85.74825175,0.008574825174825175,0.7953900748667799,37.5,1,290.8807280720039,18.7,-60.69999999999999,NE
storm_cmcc,STORM_CMCC,storm_cmcc|4362|4_4362_4,4362,4_4362_4,11504,rank_gt_10000,0.0,7.82545769994203,intensity_distance_weighted_mps,85.74825175,0.008574825174825175,0.7900019998651964,43.06818181818182,2,318.32527288621816,18.7,-60.0,NE
storm_cmcc,STORM_CMCC,storm_cmcc|1243|1_1243_3,1243,1_1243_3,11518,rank_gt_10000,0.0,7.8101739128559755,intensity_distance_weighted_mps,85.74825175,0.008574825174825175,0.7846864327166991,68.97727272727273,4,419.7781679728316,12.4,-61.30000000000001,SE
storm_cmcc,STORM_CMCC,storm_cmcc|7670|7_7670_9,7670,7_7670_9,11538,rank_gt_10000,0.0,7.7961967153272935,intensity_distance_weighted_mps,85.74825175,0.008574825174825175,0.7794419195855707,42.159090909090914,2,314.9160040733897,19.0,-61.60000000000002,NW
storm_cmcc,STORM_CMCC,storm_cmcc|349|0_349_3,349,0_349_3,11565,rank_gt_10000,0.0,7.765414204285566,intensity_distance_weighted_mps,85.74825175,0.008574825174825175,0.7742670452453446,33.29545454545455,1,271.9785766755259,15.4,-59.0,SE
storm_cmcc,STORM_CMCC,storm_cmcc|4420|4_4420_3,4420,4_4420_3,11606,rank_gt_10000,0.0,7.716099991270368,intensity_distance_weighted_mps,85.74825175,0.008574825174825175,0.7691604318055848,28.636363636363637,0,246.98803347094918,14.8,-59.60000000000002,SE
storm_cmcc,STORM_CMCC,storm_cmcc|1758|1_1758_14,1758,1_1758_14,11637,rank_gt_10000,0.0,7.684011003143895,intensity_distance_weighted_mps,85.74825175,0.008574825174825175,0.7641207374887193,70.11363636363637,5,427.55563476786403,19.7,-59.80000000000001,NE
storm_cmcc,STORM_CMCC,storm_cmcc|9776|9_9776_2,9776,9_9776_2,11686,rank_gt_10000,0.0,7.6227302142245215,intensity_distance_weighted_mps,85.74825175,0.008574825174825175,0.7591466554546488,54.659090909090914,3,372.6085708148923,19.0,-63.30000000000001,NW
storm_cmcc,STORM_CMCC,storm_cmcc|2109|2_2109_0,2109,2_2109_0,11742,rank_gt_10000,0.0,7.564012615783247,intensity_distance_weighted_mps,85.74825175,0.008574825174825175,0.7542369126709634,76.13636363636364,5,451.6371483632397,12.5,-63.19999999999999,SW
storm_cmcc,STORM_CMCC,storm_cmcc|1502|1_1502_11,1502,1_1502_11,11770,rank_gt_10000,0.0,7.533369521884173,intensity_distance_weighted_mps,85.74825175,0.008574825174825175,0.7493902688267217,29.090909090909093,0,253.7442558559124,14.4,-62.89999999999998,SW
storm_cmcc,STORM_CMCC,storm_cmcc|4400|4_4400_1,4400,4_4400_1,11795,rank_gt_10000,0.0,7.510312447469548,intensity_distance_weighted_mps,85.74825175,0.008574825174825175,0.744605515287839,70.11363636363637,5,433.07284484233634,19.0,-58.60000000000002,NE
storm_cmcc,STORM_CMCC,storm_cmcc|2254|2_2254_0,2254,2_2254_0,11864,rank_gt_10000,0.0,7.443257592101174,intensity_distance_weighted_mps,85.74825175,0.008574825174825175,0.7398814740922426,31.47727272727273,0,269.53979869700424,14.0,-60.30000000000001,SE
storm_cmcc,STORM_CMCC,storm_cmcc|4661|4_4661_2,4661,4_4661_2,11916,rank_gt_10000,0.0,7.388827802086096,intensity_distance_weighted_mps,85.74825175,0.008574825174825175,0.7352169969830341,39.659090909090914,1,313.47631980553655,18.7,-60.10000000000002,NE
storm_cmcc,STORM_CMCC,storm_cmcc|3925|3_3925_11,3925,3_3925_11,11922,rank_gt_10000,0.0,7.384844974664823,intensity_distance_weighted_mps,85.74825175,0.008574825174825175,0.730610964477996,31.931818181818187,0,273.4762032963658,15.299999999999995,-63.80000000000001,SW
storm_cmcc,STORM_CMCC,storm_cmcc|4583|4_4583_7,4583,4_4583_7,11925,rank_gt_10000,0.0,7.382491472213186,intensity_distance_weighted_mps,85.74825175,0.008574825174825175,0.7260622849738563,53.977272727272734,3,376.8412369712504,18.9,-59.30000000000001,NE
storm_cmcc,STORM_CMCC,storm_cmcc|9372|9_9372_11,9372,9_9372_11,12013,rank_gt_10000,0.0,7.296612882342943,intensity_distance_weighted_mps,85.74825175,0.008574825174825175,0.7215698938838067,45.34090909090909,2,342.5116780048669,18.6,-63.39999999999998,NW
storm_cmcc,STORM_CMCC,storm_cmcc|8021|8_8021_6,8021,8_8021_6,12014,rank_gt_10000,0.0,7.2945192094337115,intensity_distance_weighted_mps,85.74825175,0.008574825174825175,0.7171327528068422,52.38636363636364,3,372.94253874389557,13.3,-63.19999999999999,SW
storm_cmcc,STORM_CMCC,storm_cmcc|8034|8_8034_9,8034,8_8034_9,12066,rank_gt_10000,0.0,7.240761205618432,intensity_distance_weighted_mps,85.74825175,0.008574825174825175,0.7127498487275618,70.11363636363637,5,442.008689233899,12.2,-61.30000000000001,SE
storm_cmcc,STORM_CMCC,storm_cmcc|7455|7_7455_8,7455,7_7455_8,12074,rank_gt_10000,0.0,7.235252816973203,intensity_distance_weighted_mps,85.74825175,0.008574825174825175,0.7084201932451338,31.136363636363637,0,272.6298761773347,18.0,-59.69999999999999,NE
storm_cmcc,STORM_CMCC,storm_cmcc|7718|7_7718_12,7718,7_7718_12,12123,rank_gt_10000,0.0,7.184896522904547,intensity_distance_weighted_mps,85.74825175,0.008574825174825175,0.7041428218301949,48.86363636363637,3,361.2753163071658,13.1,-62.5,SW
storm_cmcc,STORM_CMCC,storm_cmcc|5243|5_5243_8,5243,5_5243_8,12143,rank_gt_10000,0.0,7.166139562738598,intensity_distance_weighted_mps,85.74825175,0.008574825174825175,0.6999167931085064,48.977272727272734,3,362.32190998179243,13.3,-63.0,SW
storm_cmcc,STORM_CMCC,storm_cmcc|6294|6_6294_2,6294,6_6294_2,12189,rank_gt_10000,0.0,7.127799210748448,intensity_distance_weighted_mps,85.74825175,0.008574825174825175,0.6957411881702539,35.11363636363637,1,297.22318370181637,14.0,-59.80000000000001,SE
storm_cmcc,STORM_CMCC,storm_cmcc|3120|3_3120_12,3120,3_3120_12,12202,rank_gt_10000,0.0,7.112980422016063,intensity_distance_weighted_mps,85.74825175,0.008574825174825175,0.6916151099039233,68.29545454545455,4,439.925331520238,20.1,-60.89999999999998,NE
storm_cmcc,STORM_CMCC,storm_cmcc|7181|7_7181_5,7181,7_7181_5,12207,rank_gt_10000,0.0,7.10472237836151,intensity_distance_weighted_mps,85.74825175,0.008574825174825175,0.6875376823537394,26.363636363636367,0,246.96397100846215,14.9,-63.30000000000001,SW
storm_cmcc,STORM_CMCC,storm_cmcc|5657|5_5657_6,5657,5_5657_6,12258,rank_gt_10000,0.0,7.050780794441954,intensity_distance_weighted_mps,85.74825175,0.008574825174825175,0.6835080500997011,36.70454545454545,1,307.6185855417476,18.8,-60.5,NE
storm_cmcc,STORM_CMCC,storm_cmcc|7522|7_7522_3,7522,7_7522_3,12295,rank_gt_10000,0.0,7.01795659615968,intensity_distance_weighted_mps,85.74825175,0.008574825174825175,0.6795253776592914,33.409090909090914,1,290.8807280720039,18.7,-60.69999999999999,NE
storm_cmcc,STORM_CMCC,storm_cmcc|8187|8_8187_2,8187,8_8187_2,12296,rank_gt_10000,0.0,7.016588082126302,intensity_distance_weighted_mps,85.74825175,0.008574825174825175,0.675588848909982,36.02272727272727,1,304.9813143031305,13.9,-63.0,SW
storm_cmcc,STORM_CMCC,storm_cmcc|5463|5_5463_9,5463,5_5463_9,12314,rank_gt_10000,0.0,6.998152973794832,intensity_distance_weighted_mps,85.74825175,0.008574825174825175,0.6716976665316959,33.63636363636364,1,292.65238502849166,16.700000000000003,-64.10000000000002,NW
storm_cmcc,STORM_CMCC,storm_cmcc|7749|7_7749_9,7749,7_7749_9,12358,rank_gt_10000,0.0,6.960135236811518,intensity_distance_weighted_mps,85.74825175,0.008574825174825175,0.6678510514684268,35.11363636363637,1,301.6814629049213,13.6,-62.30000000000001,SW
storm_cmcc,STORM_CMCC,storm_cmcc|3787|3_3787_4,3787,3_3787_4,12362,rank_gt_10000,0.0,6.957417722222009,intensity_distance_weighted_mps,85.74825175,0.008574825174825175,0.664048242408252,63.18181818181819,4,426.41221407504787,19.8,-60.10000000000002,NE
storm_cmcc,STORM_CMCC,storm_cmcc|7079|7_7079_3,7079,7_7079_3,12443,rank_gt_10000,0.0,6.8805724709307725,intensity_distance_weighted_mps,85.74825175,0.008574825174825175,0.6602884952810103,25.340909090909093,0,245.69639274269943,14.0,-61.0,SE
storm_cmcc,STORM_CMCC,storm_cmcc|7427|7_7427_0,7427,7_7427_0,12445,rank_gt_10000,0.0,6.878389653415235,intensity_distance_weighted_mps,85.74825175,0.008574825174825175,0.6565710827729474,27.272727272727273,0,258.2870750022867,18.200000000000003,-62.60000000000002,NW
storm_cmcc,STORM_CMCC,storm_cmcc|5159|5_5159_10,5159,5_5159_10,12591,rank_gt_10000,0.0,6.747982523852399,intensity_distance_weighted_mps,85.74825175,0.008574825174825175,0.6528952938576659,61.13636363636364,4,425.850685347259,19.0,-58.69999999999999,NE
storm_cmcc,STORM_CMCC,storm_cmcc|7789|7_7789_7,7789,7_7789_7,12624,rank_gt_10000,0.0,6.722177724353127,intensity_distance_weighted_mps,85.74825175,0.008574825174825175,0.6492604333427422,45.79545454545455,2,361.63976716906996,18.8,-59.39999999999998,NE
storm_cmcc,STORM_CMCC,storm_cmcc|9920|9_9920_8,9920,9_9920_8,12646,rank_gt_10000,0.0,6.702893053238795,intensity_distance_weighted_mps,85.74825175,0.008574825174825175,0.6456658214314048,27.727272727272727,0,265.6572724576056,18.0,-59.80000000000001,NE
storm_cmcc,STORM_CMCC,storm_cmcc|1378|1_1378_9,1378,1_1378_9,12745,rank_gt_10000,0.0,6.61679618553922,intensity_distance_weighted_mps,85.74825175,0.008574825174825175,0.6421107932986936,54.20454545454546,3,402.2675150196021,19.3,-59.5,NE
storm_cmcc,STORM_CMCC,storm_cmcc|3434|3_3434_12,3434,3_3434_12,12785,rank_gt_10000,0.0,6.582245898219837,intensity_distance_weighted_mps,85.74825175,0.008574825174825175,0.638594698681543,74.43181818181819,5,481.5903376582674,20.5,-61.19999999999999,NE
storm_cmcc,STORM_CMCC,storm_cmcc|2582|2_2582_6,2582,2_2582_6,12985,rank_gt_10000,0.0,6.415495587457665,intensity_distance_weighted_mps,85.74825175,0.008574825174825175,0.6351169014822605,31.136363636363637,0,294.4475953945837,18.6,-60.30000000000001,NE
storm_cmcc,STORM_CMCC,storm_cmcc|7375|7_7375_7,7375,7_7375_7,13000,rank_gt_10000,0.0,6.400220849351503,intensity_distance_weighted_mps,85.74825175,0.008574825174825175,0.6316767793848924,65.90909090909092,4,457.38785747390176,12.1,-62.0,SW
storm_cmcc,STORM_CMCC,storm_cmcc|2441|2_2441_1,2441,2_2441_1,13037,rank_gt_10000,0.0,6.370232344314112,intensity_distance_weighted_mps,85.74825175,0.008574825174825175,0.6282737234839886,43.18181818181819,2,360.58353017432603,13.0,-62.10000000000002,SW
storm_cmcc,STORM_CMCC,storm_cmcc|722|0_722_4,722,0_722_4,13057,rank_gt_10000,0.0,6.357911171429774,intensity_distance_weighted_mps,85.74825175,0.008574825174825175,0.6249071379253038,57.27272727272727,3,424.4789133140851,17.8,-57.80000000000001,NE
storm_cmcc,STORM_CMCC,storm_cmcc|6724|6_6724_0,6724,6_6724_0,13141,rank_gt_10000,0.0,6.277099158229911,intensity_distance_weighted_mps,85.74825175,0.008574825174825175,0.6215764395579895,43.06818181818182,2,363.147491475947,19.2,-62.69999999999999,NW
storm_cmcc,STORM_CMCC,storm_cmcc|7172|7_7172_4,7172,7_7172_4,13233,rank_gt_10000,0.0,6.217690801114416,intensity_distance_weighted_mps,85.74825175,0.008574825174825175,0.6182810575978482,28.636363636363637,0,284.8273229515501,13.7,-62.10000000000002,SW
storm_cmcc,STORM_CMCC,storm_cmcc|9392|9_9392_12,9392,9_9392_12,13418,rank_gt_10000,0.0,6.047123754549805,intensity_distance_weighted_mps,85.74825175,0.008574825174825175,0.6150204333012447,55.56818181818182,3,429.2514673181071,17.1,-57.5,NE
storm_cmcc,STORM_CMCC,storm_cmcc|9159|9_9159_8,9159,9_9159_8,13521,rank_gt_10000,0.0,5.969432951100984,intensity_distance_weighted_mps,85.74825175,0.008574825174825175,0.6117940196492794,55.11363636363637,3,430.38870938625246,12.4,-62.30000000000001,SW
storm_cmcc,STORM_CMCC,storm_cmcc|9072|9_9072_0,9072,9_9072_0,13576,rank_gt_10000,0.0,5.921101338047448,intensity_distance_weighted_mps,85.74825175,0.008574825174825175,0.608601281041853,28.295454545454547,0,291.58505242905375,16.5,-58.69999999999999,NE
storm_cmcc,STORM_CMCC,storm_cmcc|2891|2_2891_9,2891,2_2891_9,13606,rank_gt_10000,0.0,5.900313481334956,intensity_distance_weighted_mps,85.74825175,0.008574825174825175,0.605441693001259,41.59090909090909,1,368.91865257872405,13.7,-63.69999999999999,SW
storm_cmcc,STORM_CMCC,storm_cmcc|4562|4_4562_4,4562,4_4562_4,13628,rank_gt_10000,0.0,5.882524132596651,intensity_distance_weighted_mps,85.74825175,0.008574825174825175,0.6023147418849629,32.61363636363637,0,319.7554201842337,13.3,-61.30000000000001,SE
storm_cmcc,STORM_CMCC,storm_cmcc|3564|3_3564_13,3564,3_3564_13,13853,rank_gt_10000,0.0,5.70451026283156,intensity_distance_weighted_mps,85.74825175,0.008574825174825175,0.5992199246072344,51.363636363636374,3,424.3711715358587,12.4,-62.0,SW
storm_cmcc,STORM_CMCC,storm_cmcc|1486|1_1486_8,1486,1_1486_8,13878,rank_gt_10000,0.0,5.684485528419104,intensity_distance_weighted_mps,85.74825175,0.008574825174825175,0.5961567483693195,23.75,0,267.4058126944382,13.9,-60.60000000000002,SE
storm_cmcc,STORM_CMCC,storm_cmcc|4323|4_4323_1,4323,4_4323_1,13974,rank_gt_10000,0.0,5.611443702735668,intensity_distance_weighted_mps,85.74825175,0.008574825174825175,0.5931247303978456,62.15909090909092,4,476.16911593002,12.0,-62.39999999999998,SW
storm_cmcc,STORM_CMCC,storm_cmcc|8098|8_8098_12,8098,8_8098_12,13998,rank_gt_10000,0.0,5.589326928530016,intensity_distance_weighted_mps,85.74825175,0.008574825174825175,0.590123397691169,25.454545454545457,0,282.78617655575977,13.7,-60.80000000000001,SE
storm_cmcc,STORM_CMCC,storm_cmcc|1948|1_1948_0,1948,1_1948_0,14018,rank_gt_10000,0.0,5.57104910908975,intensity_distance_weighted_mps,85.74825175,0.008574825174825175,0.5871522867733846,29.88636363636364,0,313.37381989497385,17.0,-58.60000000000002,NE
storm_cmcc,STORM_CMCC,storm_cmcc|8334|8_8334_7,8334,8_8334_7,14112,rank_gt_10000,0.0,5.495118262084729,intensity_distance_weighted_mps,85.74825175,0.008574825174825175,0.5842109434557303,30.113636363636367,0,317.49266111147415,13.9,-63.19999999999999,SW
storm_cmcc,STORM_CMCC,storm_cmcc|799|0_799_1,799,0_799_1,14117,rank_gt_10000,0.0,5.493273922089485,intensity_distance_weighted_mps,85.74825175,0.008574825174825175,0.5812989226051256,43.295454545454554,2,393.49032420716196,12.9,-62.80000000000001,SW
storm_cmcc,STORM_CMCC,storm_cmcc|4738|4_4738_2,4738,4_4738_2,14165,rank_gt_10000,0.0,5.454124957659087,intensity_distance_weighted_mps,85.74825175,0.008574825174825175,0.5784157879196002,67.8409090909091,4,507.3118618015942,19.8,-58.5,NE
storm_cmcc,STORM_CMCC,storm_cmcc|4141|4_4141_8,4141,4_4141_8,14177,rank_gt_10000,0.0,5.445199877619643,intensity_distance_weighted_mps,85.74825175,0.008574825174825175,0.5755611117103704,27.5,0,301.8810897893881,14.9,-63.89999999999998,SW
storm_cmcc,STORM_CMCC,storm_cmcc|141|0_141_4,141,0_141_4,14238,rank_gt_10000,0.0,5.405873970618623,intensity_distance_weighted_mps,85.74825175,0.008574825174825175,0.5727344746903389,27.5,0,303.24714044213465,13.7,-62.60000000000002,SW
storm_cmcc,STORM_CMCC,storm_cmcc|7437|7_7437_3,7437,7_7437_3,14372,rank_gt_10000,0.0,5.3108488901404955,intensity_distance_weighted_mps,85.74825175,0.008574825174825175,0.5699354657687952,66.5909090909091,4,509.52896638093813,19.5,-58.10000000000002,NE
storm_cmcc,STORM_CMCC,storm_cmcc|1897|1_1897_5,1897,1_1897_5,14377,rank_gt_10000,0.0,5.306162564289715,intensity_distance_weighted_mps,85.74825175,0.008574825174825175,0.5671636818521067,51.59090909090909,3,443.0165271267189,20.1,-60.69999999999999,NE
storm_cmcc,STORM_CMCC,storm_cmcc|7194|7_7194_4,7194,7_7194_4,14414,rank_gt_10000,0.0,5.277241041101015,intensity_distance_weighted_mps,85.74825175,0.008574825174825175,0.5644187276501985,43.52272727272727,2,403.8107597316565,12.8,-62.80000000000001,SW
storm_cmcc,STORM_CMCC,storm_cmcc|2270|2_2270_1,2270,2_2270_1,14690,rank_gt_10000,0.0,5.1055521332185005,intensity_distance_weighted_mps,85.74825175,0.008574825174825175,0.5617002154886243,53.977272727272734,3,464.08626580970315,12.0,-61.39999999999998,SE
storm_cmcc,STORM_CMCC,storm_cmcc|4371|4_4371_6,4371,4_4371_6,14726,rank_gt_10000,0.0,5.090931462554941,intensity_distance_weighted_mps,85.74825175,0.008574825174825175,0.5590077651260426,33.97727272727273,1,357.3048429799764,17.1,-58.19999999999999,NE
storm_cmcc,STORM_CMCC,storm_cmcc|7466|7_7466_8,7466,7_7466_8,14771,rank_gt_10000,0.0,5.061043781594212,intensity_distance_weighted_mps,85.74825175,0.008574825174825175,0.5563410035769186,62.15909090909092,4,503.8274660453001,12.4,-64.0,SW
storm_cmcc,STORM_CMCC,storm_cmcc|2961|2_2961_9,2961,2_2961_9,14781,rank_gt_10000,0.0,5.052886316250783,intensity_distance_weighted_mps,85.74825175,0.008574825174825175,0.5536995649392751,64.77272727272728,4,515.680627527191,20.4,-59.39999999999998,NE
storm_cmcc,STORM_CMCC,storm_cmcc|8677|8_8677_1,8677,8_8677_1,14784,rank_gt_10000,0.0,5.051105036754302,intensity_distance_weighted_mps,85.74825175,0.008574825174825175,0.5510830902273276,22.386363636363637,0,277.8837951488939,14.2,-63.0,SW
storm_cmcc,STORM_CMCC,storm_cmcc|1498|1_1498_2,1498,1_1498_2,14999,rank_gt_10000,0.0,4.915896376586756,intensity_distance_weighted_mps,85.74825175,0.008574825174825175,0.5484912272088432,31.590909090909093,0,349.41554059951113,16.8,-58.19999999999999,NE
storm_cmcc,STORM_CMCC,storm_cmcc|5475|5_5475_19,5475,5_5475_19,15043,rank_gt_10000,0.0,4.886990946879281,intensity_distance_weighted_mps,85.74825175,0.008574825174825175,0.5459236302470668,23.863636363636367,0,295.5835176189835,13.6,-62.10000000000002,SW
storm_cmcc,STORM_CMCC,storm_cmcc|726|0_726_8,726,0_726_8,15135,rank_gt_10000,0.0,4.831452059722124,intensity_distance_weighted_mps,85.74825175,0.008574825174825175,0.543379960147066,24.431818181818183,0,302.12350447586834,14.0,-63.10000000000002,SW
storm_cmcc,STORM_CMCC,storm_cmcc|8009|8_8009_0,8009,8_8009_0,15138,rank_gt_10000,0.0,4.830917225143712,intensity_distance_weighted_mps,85.74825175,0.008574825174825175,0.5408598840063534,34.31818181818182,1,370.5900070151776,13.4,-59.5,SE
storm_cmcc,STORM_CMCC,storm_cmcc|2558|2_2558_4,2558,2_2558_4,15236,rank_gt_10000,0.0,4.770198339321709,intensity_distance_weighted_mps,85.74825175,0.008574825174825175,0.5383630750696446,45.00000000000001,2,435.60914274824626,19.2,-58.80000000000001,NE
storm_cmcc,STORM_CMCC,storm_cmcc|45|0_45_4,45,0_45_4,15435,rank_gt_10000,0.0,4.650958881800029,intensity_distance_weighted_mps,85.74825175,0.008574825174825175,0.5358892125876217,44.43181818181819,2,438.68934780629615,18.4,-58.0,NE
storm_cmcc,STORM_CMCC,storm_cmcc|1223|1_1223_12,1223,1_1223_12,15438,rank_gt_10000,0.0,4.650210053012098,intensity_distance_weighted_mps,85.74825175,0.008574825174825175,0.5334379816795725,47.04545454545455,2,452.9117061554515,19.4,-58.80000000000001,NE
storm_cmcc,STORM_CMCC,storm_cmcc|9612|9_9612_1,9612,9_9612_1,15466,rank_gt_10000,0.0,4.6304220546418176,intensity_distance_weighted_mps,85.74825175,0.008574825174825175,0.5310090731997827,50.45454545454546,3,471.87617779595934,20.2,-60.0,NE
storm_cmcc,STORM_CMCC,storm_cmcc|1249|1_1249_9,1249,1_1249_9,15549,rank_gt_10000,0.0,4.58072964187673,intensity_distance_weighted_mps,85.74825175,0.008574825174825175,0.5286021836075622,28.97727272727273,0,346.16892167973873,13.1,-60.89999999999998,SE
storm_cmcc,STORM_CMCC,storm_cmcc|3751|3_3751_8,3751,3_3751_8,15607,rank_gt_10000,0.0,4.555752089739681,intensity_distance_weighted_mps,85.74825175,0.008574825174825175,0.5262170148407882,20.795454545454547,0,283.2045662600073,13.9,-62.60000000000002,SW
storm_cmcc,STORM_CMCC,storm_cmcc|1374|1_1374_2,1374,1_1374_2,15622,rank_gt_10000,0.0,4.550319897483717,intensity_distance_weighted_mps,85.74825175,0.008574825174825175,0.5238532741928594,32.61363636363637,0,372.5115913678981,19.1,-59.69999999999999,NE
storm_cmcc,STORM_CMCC,storm_cmcc|7750|7_7750_7,7750,7_7750_7,15671,rank_gt_10000,0.0,4.519718666097604,intensity_distance_weighted_mps,85.74825175,0.008574825174825175,0.5215106741929496,43.18181818181819,2,438.71074859846436,12.4,-62.60000000000002,SW
storm_cmcc,STORM_CMCC,storm_cmcc|3936|3_3936_6,3936,3_3936_6,15887,rank_gt_10000,0.0,4.39586934216268,intensity_distance_weighted_mps,85.74825175,0.008574825174825175,0.5191889324894602,40.45454545454546,1,429.60938499822646,17.2,-65.30000000000001,NW
storm_cmcc,STORM_CMCC,storm_cmcc|2018|2_2018_3,2018,2_2018_3,15888,rank_gt_10000,0.0,4.395859019850055,intensity_distance_weighted_mps,85.74825175,0.008574825174825175,0.5168877717365731,40.68181818181818,1,430.9617091944705,18.8,-64.39999999999998,NW
storm_cmcc,STORM_CMCC,storm_cmcc|8863|8_8863_6,8863,8_8863_6,15998,rank_gt_10000,0.0,4.33820931278208,intensity_distance_weighted_mps,85.74825175,0.008574825174825175,0.5146069194838062,34.659090909090914,1,396.55818679045063,18.9,-59.0,NE
storm_cmcc,STORM_CMCC,storm_cmcc|2845|2_2845_1,2845,2_2845_1,16075,rank_gt_10000,0.0,4.293554229827237,intensity_distance_weighted_mps,85.74825175,0.008574825174825175,0.5123461080684804,32.84090909090909,0,386.78152334639714,12.7,-61.60000000000002,SW
storm_cmcc,STORM_CMCC,storm_cmcc|6302|6_6302_11,6302,6_6302_11,16105,rank_gt_10000,0.0,4.274453268744552,intensity_distance_weighted_mps,85.74825175,0.008574825174825175,0.5101050745110091,40.34090909090909,1,435.71519526959963,20.0,-62.30000000000001,NW
storm_cmcc,STORM_CMCC,storm_cmcc|1301|1_1301_10,1301,1_1301_10,16179,rank_gt_10000,0.0,4.238881017310875,intensity_distance_weighted_mps,85.74825175,0.008574825174825175,0.5078835604129237,63.63636363636364,4,561.4998769623882,20.4,-58.5,NE
storm_cmcc,STORM_CMCC,storm_cmcc|903|0_903_3,903,0_903_3,16268,rank_gt_10000,0.0,4.188909013268107,intensity_distance_weighted_mps,85.74825175,0.008574825174825175,0.5056813118575515,24.772727272727277,0,332.5092756146297,13.9,-59.39999999999998,SE
storm_cmcc,STORM_CMCC,storm_cmcc|2570|2_2570_8,2570,2_2570_8,16432,rank_gt_10000,0.0,4.0956004248619715,intensity_distance_weighted_mps,85.74825175,0.008574825174825175,0.5034980793132675,26.13636363636364,0,347.97318943285893,13.8,-59.30000000000001,SE
storm_cmcc,STORM_CMCC,storm_cmcc|1860|1_1860_4,1860,1_1860_4,16548,rank_gt_10000,0.0,4.034956850690724,intensity_distance_weighted_mps,85.74825175,0.008574825174825175,0.5013336175392409,40.34090909090909,1,449.94634433154226,12.2,-62.19999999999999,SW
storm_cmcc,STORM_CMCC,storm_cmcc|8900|8_8900_1,8900,8_8900_1,16573,rank_gt_10000,0.0,4.022024057349865,intensity_distance_weighted_mps,85.74825175,0.008574825174825175,0.4991876854936025,20.90909090909091,0,307.3590735094881,15.6,-58.60000000000002,SE
storm_cmcc,STORM_CMCC,storm_cmcc|531|0_531_2,531,0_531_2,16589,rank_gt_10000,0.0,4.007105811017846,intensity_distance_weighted_mps,85.74825175,0.008574825174825175,0.49706004624396066,29.431818181818183,0,377.8364725380273,13.7,-59.0,SE
storm_cmcc,STORM_CMCC,storm_cmcc|5436|5_5436_3,5436,5_5436_3,16993,rank_gt_10000,0.0,3.801352494227124,intensity_distance_weighted_mps,85.74825175,0.008574825174825175,0.49495046688019584,55.90909090909092,3,555.3583419167986,20.2,-58.30000000000001,NE
storm_cmcc,STORM_CMCC,storm_cmcc|1315|1_1315_1,1315,1_1315_1,17070,rank_gt_10000,0.0,3.768033610752773,intensity_distance_weighted_mps,85.74825175,0.008574825174825175,0.4928587184294662,58.409090909090914,4,571.2068700790569,12.0,-64.5,SW
storm_cmcc,STORM_CMCC,storm_cmcc|9300|9_9300_3,9300,9_9300_3,17354,rank_gt_10000,0.0,3.6165343134435517,intensity_distance_weighted_mps,85.74825175,0.008574825174825175,0.49078457577335993,26.250000000000004,0,375.24982090628976,12.8,-61.5,SW
storm_cmcc,STORM_CMCC,storm_cmcc|7893|7_7893_1,7893,7_7893_1,17361,rank_gt_10000,0.0,3.6147762266456724,intensity_distance_weighted_mps,85.74825175,0.008574825174825175,0.48872781756713013,38.52272727272727,1,466.1360905911766,19.4,-58.60000000000002,NE
storm_cmcc,STORM_CMCC,storm_cmcc|1911|1_1911_5,1911,1_1911_5,17365,rank_gt_10000,0.0,3.613653004291347,intensity_distance_weighted_mps,85.74825175,0.008574825174825175,0.48668822616095236,37.727272727272734,1,460.8737122584723,12.1,-62.19999999999999,SW
storm_cmcc,STORM_CMCC,storm_cmcc|2299|2_2299_2,2299,2_2299_2,17430,rank_gt_10000,0.0,3.5856618339898088,intensity_distance_weighted_mps,85.74825175,0.008574825174825175,0.4846655875231455,28.295454545454547,0,393.76865829006016,12.7,-60.69999999999999,SE
storm_cmcc,STORM_CMCC,storm_cmcc|6277|6_6277_10,6277,6_6277_10,17470,rank_gt_10000,0.0,3.5642811464740505,intensity_distance_weighted_mps,85.74825175,0.008574825174825175,0.4826596911652993,28.06818181818182,0,393.2990469750819,12.7,-62.10000000000002,SW
storm_cmcc,STORM_CMCC,storm_cmcc|4513|4_4513_2,4513,4_4513_2,17542,rank_gt_10000,0.0,3.526247871294316,intensity_distance_weighted_mps,85.74825175,0.008574825174825175,0.48067033006925364,38.52272727272727,1,472.5491856907572,20.1,-59.69999999999999,NE
storm_cmcc,STORM_CMCC,storm_cmcc|8718|8_8718_10,8718,8_8718_10,17683,rank_gt_10000,0.0,3.4565909340143195,intensity_distance_weighted_mps,85.74825175,0.008574825174825175,0.478697300615876,37.045454545454554,1,467.5896840898297,12.6,-63.69999999999999,SW
storm_cmcc,STORM_CMCC,storm_cmcc|1270|1_1270_5,1270,1_1270_5,17886,rank_gt_10000,0.0,3.3535022902283766,intensity_distance_weighted_mps,85.74825175,0.008574825174825175,0.4767404025155859,23.63636363636364,0,368.8982256472873,19.4,-60.60000000000002,NE
storm_cmcc,STORM_CMCC,storm_cmcc|6053|6_6053_6,6053,6_6053_6,18052,rank_gt_10000,0.0,3.2727865334855717,intensity_distance_weighted_mps,85.74825175,0.008574825174825175,0.4747994387405764,25.113636363636367,0,387.49596603257413,12.7,-61.69999999999999,SW
storm_cmcc,STORM_CMCC,storm_cmcc|5910|5_5910_15,5910,5_5910_15,18211,rank_gt_10000,0.0,3.1908739912313444,intensity_distance_weighted_mps,85.74825175,0.008574825174825175,0.47287421545868485,22.840909090909093,0,372.2357639259427,17.5,-58.19999999999999,NE
storm_cmcc,STORM_CMCC,storm_cmcc|7827|7_7827_3,7827,7_7827_3,18234,rank_gt_10000,0.0,3.1821946564843593,intensity_distance_weighted_mps,85.74825175,0.008574825174825175,0.4709645419688658,25.454545454545457,0,396.8358663351553,13.3,-63.60000000000002,SW
storm_cmcc,STORM_CMCC,storm_cmcc|9042|9_9042_4,9042,9_9042_4,18569,rank_gt_10000,0.0,3.026602854359986,intensity_distance_weighted_mps,85.74825175,0.008574825174825175,0.46907023063822106,33.29545454545455,1,474.3637712737986,20.4,-60.80000000000001,NE
storm_cmcc,STORM_CMCC,storm_cmcc|2755|2_2755_7,2755,2_2755_7,18657,rank_gt_10000,0.0,2.979334657368514,intensity_distance_weighted_mps,85.74825175,0.008574825174825175,0.4671910968405436,36.5909090909091,1,503.8207416072371,19.9,-58.69999999999999,NE
storm_cmcc,STORM_CMCC,storm_cmcc|3568|3_3568_10,3568,3_3568_10,19101,rank_gt_10000,0.0,2.789618151132796,intensity_distance_weighted_mps,85.74825175,0.008574825174825175,0.46532695889633247,36.36363636363637,1,520.3799317336789,20.2,-58.89999999999998,NE
storm_cmcc,STORM_CMCC,storm_cmcc|4589|4_4589_12,4589,4_4589_12,19664,rank_gt_10000,0.0,2.531373234031457,intensity_distance_weighted_mps,85.74825175,0.008574825174825175,0.46347763801423836,25.909090909090914,0,455.8418788729856,20.200000000000003,-60.60000000000002,NE
storm_cmcc,STORM_CMCC,storm_cmcc|7709|7_7709_10,7709,7_7709_10,19774,rank_gt_10000,0.0,2.47478849696609,intensity_distance_weighted_mps,85.74825175,0.008574825174825175,0.4616429582338995,37.5,1,564.3033103289007,20.3,-58.30000000000001,NE
storm_cmcc,STORM_CMCC,storm_cmcc|265|0_265_7,265,0_265_7,20242,rank_gt_10000,0.0,2.262288982806207,intensity_distance_weighted_mps,85.74825175,0.008574825174825175,0.4598227463701305,29.88636363636364,0,524.1566357794653,19.700000000000003,-64.69999999999999,NW
storm_cmcc,STORM_CMCC,storm_cmcc|7437|7_7437_2,7437,7_7437_2,20500,rank_gt_10000,0.0,2.1335368150881386,intensity_distance_weighted_mps,85.74825175,0.008574825174825175,0.4580168319584257,34.659090909090914,1,585.6707576001515,20.4,-58.10000000000002,NE
storm_cmcc,STORM_CMCC,storm_cmcc|35|0_35_12,35,0_35_12,20590,rank_gt_10000,0.0,2.088091685289572,intensity_distance_weighted_mps,85.74825175,0.008574825174825175,0.4562250472017423,19.545454545454547,0,433.71635230351774,15.6,-57.39999999999998,SE
storm_cmcc,STORM_CMCC,storm_cmcc|6512|6_6512_2,6512,6_6512_2,20885,rank_gt_10000,0.0,1.9526773322262634,intensity_distance_weighted_mps,85.74825175,0.008574825174825175,0.454447226918527,20.454545454545457,0,461.7254435952987,20.3,-61.89999999999998,NW
storm_cmcc,STORM_CMCC,storm_cmcc|7055|7_7055_10,7055,7_7055_10,20969,rank_gt_10000,0.0,1.9179215908439426,intensity_distance_weighted_mps,85.74825175,0.008574825174825175,0.45268320849195415,25.22727272727273,0,522.9268325829668,12.9,-64.89999999999998,SW
storm_cmcc,STORM_CMCC,storm_cmcc|9533|9_9533_11,9533,9_9533_11,21078,rank_gt_10000,0.0,1.871800858862294,intensity_distance_weighted_mps,85.74825175,0.008574825174825175,0.45093283182034033,23.75,0,512.8226794400563,13.4,-57.60000000000002,SE
storm_cmcc,STORM_CMCC,storm_cmcc|5363|5_5363_0,5363,5_5363_0,21681,rank_gt_10000,0.0,1.5774413690951314,intensity_distance_weighted_mps,85.74825175,0.008574825174825175,0.44919593926870605,23.75,0,562.3705270770625,19.700000000000003,-57.60000000000002,NE
