{"type":"FeatureCollection","features":[{"type":"Feature","properties":{"feature_id":"AEP_ANCIENNEC__P1","layer_key":"eau_aep","layer_label":"Eau AEP","economic_unit_id":"AEP_ANCIENNEC__P1","economic_state":"S0","economic_exposure_eur":517276.0,"economic_damage_eur":11325.0,"economic_damage_ratio_pct":2.189,"economic_asset_count":3,"criticality_territory":"guadeloupe","criticality_family":"aep","criticality_scenario":"rp1000","criticality_period_years":"1000","criticality_hazard":"storm_cmcc"},"geometry":{"type":"MultiPolygon","coordinates":[[[[-61.59102715304479,16.23440812823529],[-61.59079348086817,16.233715377164046],[-61.59079348395802,16.23558273971598],[-61.59153091713923,16.235675386486],[-61.59162681881996,16.236443667080216],[-61.590692330970455,16.235941356350953],[-61.5902850914209,16.23506068379306],[-61.59039233752406,16.23429930902953],[-61.591322258226405,16.232673841555542],[-61.58983981501622,16.2315888622422],[-61.58938866887091,16.230667434336528],[-61.58966807969172,16.2295895511341],[-61.59062164330216,16.228954141944698],[-61.590793474307205,16.229749406237467],[-61.59150710283577,16.229821206505587],[-61.59162680860815,16.230274973011007],[-61.59395578144599,16.23226287502119],[-61.592302424943995,16.235210387320553],[-61.59157691155973,16.235264134169146],[-61.59144086943683,16.234686690836973],[-61.59102715304479,16.23440812823529]],[[-61.59225802561351,16.23285796508867],[-61.59162681292805,16.23288204396302],[-61.591626813260085,16.23308273954881],[-61.59233400115667,16.2331499265598],[-61.59277529670749,16.23239060164274],[-61.59246014517382,16.232159782190962],[-61.59225802561351,16.23285796508867]]],[[[-61.5943068867403,16.231701386415136],[-61.59482460308472,16.231416072338153],[-61.595061728546696,16.232482557608673],[-61.594478381985645,16.233678026391928],[-61.5943068867403,16.231701386415136]]]]}},{"type":"Feature","properties":{"feature_id":"AEP_ANCIENNEC__P10","layer_key":"eau_aep","layer_label":"Eau AEP","economic_unit_id":"AEP_ANCIENNEC__P10","economic_state":"S0","economic_exposure_eur":1083317.0,"economic_damage_eur":23661.0,"economic_damage_ratio_pct":2.184,"economic_asset_count":7,"criticality_territory":"guadeloupe","criticality_family":"aep","criticality_scenario":"rp1000","criticality_period_years":"1000","criticality_hazard":"storm_cmcc"},"geometry":{"type":"MultiPolygon","coordinates":[[[[-61.73279073250397,16.049207940456096],[-61.73298424741765,16.04974938439151],[-61.733472258147025,16.04974938468807],[-61.7335108868825,16.049083269568296],[-61.73389344549276,16.0489160510621],[-61.7348872488767,16.05244428296731],[-61.73576402249135,16.053277319855187],[-61.73583530701021,16.05434053266948],[-61.735371094905645,16.054535111560625],[-61.73495986750777,16.052882067008404],[-61.734959870558264,16.05474938464331],[-61.735620030864546,16.054786625762027],[-61.73491255952899,16.055356523306312],[-61.73263891565473,16.055419026102236],[-61.73271317486906,16.054865040523566],[-61.73347224997982,16.05474938481195],[-61.733472250632815,16.05433963246441],[-61.732856177048994,16.054348938971508],[-61.7325387912295,16.053940208513694],[-61.732802019505414,16.052949895772315],[-61.732559059879925,16.051929048245327],[-61.73019957846693,16.05201300386513],[-61.729779588657756,16.051779099454045],[-61.73000074424037,16.050382066540443],[-61.72937984729314,16.05026640942024],[-61.729305592404366,16.049491888879245],[-61.72971512512939,16.049204858556365],[-61.73007524951759,16.048195943110557],[-61.73133292293356,16.047604941874237],[-61.73329319298402,16.04819081950888],[-61.73306102253261,16.048701778165906],[-61.73150587218448,16.04871540000183],[-61.73279073250397,16.049207940456096]],[[-61.7310459717829,16.048785430484745],[-61.731419547046436,16.048715399889932],[-61.73079319356349,16.04871540000524],[-61.7310459717829,16.048785430484745]]],[[[-61.732458294058894,16.054201384911483],[-61.73233787246866,16.055311975879814],[-61.73172741602645,16.054818418031093],[-61.73143029510289,16.054105703601206],[-61.731415869400585,16.053916051499723],[-61.732132726167244,16.05391605122336],[-61.732458294058894,16.054201384911483]]]]}},{"type":"Feature","properties":{"feature_id":"AEP_ANCIENNEC__P11","layer_key":"eau_aep","layer_label":"Eau AEP","economic_unit_id":"AEP_ANCIENNEC__P11","economic_state":"S0","economic_exposure_eur":91551.0,"economic_damage_eur":2003.0,"economic_damage_ratio_pct":2.188,"economic_asset_count":1,"criticality_territory":"guadeloupe","criticality_family":"aep","criticality_scenario":"rp1000","criticality_period_years":"1000","criticality_hazard":"storm_cmcc"},"geometry":{"type":"Polygon","coordinates":[[[-61.469805054736426,16.27738710452691],[-61.47001096735288,16.276712899533162],[-61.47111497946355,16.27681216825431],[-61.47161625906448,16.277446537580296],[-61.471258106473854,16.27805845324568],[-61.469805054736426,16.27738710452691]]]}},{"type":"Feature","properties":{"feature_id":"AEP_ANCIENNEC__P12","layer_key":"eau_aep","layer_label":"Eau AEP","economic_unit_id":"AEP_ANCIENNEC__P12","economic_state":"S0","economic_exposure_eur":286818.0,"economic_damage_eur":6271.0,"economic_damage_ratio_pct":2.186,"economic_asset_count":3,"criticality_territory":"guadeloupe","criticality_family":"aep","criticality_scenario":"rp1000","criticality_period_years":"1000","criticality_hazard":"storm_cmcc"},"geometry":{"type":"Polygon","coordinates":[[[-61.758896299631,16.077914454488297],[-61.757299280160346,16.07920696782943],[-61.75673022159934,16.079158166633427],[-61.756622268858536,16.078498697667126],[-61.757983332129896,16.077369240229793],[-61.758095515238956,16.07594557663242],[-61.75865889453966,16.07577728458164],[-61.759019776640415,16.076246955451346],[-61.758896299631,16.077914454488297]]]}},{"type":"Feature","properties":{"feature_id":"AEP_ANCIENNEC__P13","layer_key":"eau_aep","layer_label":"Eau AEP","economic_unit_id":"AEP_ANCIENNEC__P13","economic_state":"S0","economic_exposure_eur":311244.0,"economic_damage_eur":6815.0,"economic_damage_ratio_pct":2.189,"economic_asset_count":2,"criticality_territory":"guadeloupe","criticality_family":"aep","criticality_scenario":"rp1000","criticality_period_years":"1000","criticality_hazard":"storm_cmcc"},"geometry":{"type":"Polygon","coordinates":[[[-61.49929514970118,16.243569258626675],[-61.49875369663151,16.244038858261014],[-61.49836665777996,16.2438367288589],[-61.497992006708174,16.24287430575599],[-61.49639918872455,16.24075942627807],[-61.49648584633784,16.240173185664332],[-61.49723945405861,16.240188091659924],[-61.49886951971481,16.242350115833585],[-61.49929514970118,16.243569258626675]]]}},{"type":"Feature","properties":{"feature_id":"AEP_ANCIENNEC__P14","layer_key":"eau_aep","layer_label":"Eau AEP","economic_unit_id":"AEP_ANCIENNEC__P14","economic_state":"S0","economic_exposure_eur":292438.0,"economic_damage_eur":6384.0,"economic_damage_ratio_pct":2.183,"economic_asset_count":6,"criticality_territory":"guadeloupe","criticality_family":"aep","criticality_scenario":"rp1000","criticality_period_years":"1000","criticality_hazard":"storm_cmcc"},"geometry":{"type":"Polygon","coordinates":[[[-61.65887481928552,15.975276520240069],[-61.658154145306604,15.975186065889185],[-61.65807433333411,15.974723809478412],[-61.65857167693306,15.973867709197913],[-61.65947289995612,15.973093143596277],[-61.65989022754021,15.971884337165722],[-61.66029773546735,15.971630890897824],[-61.660851250336826,15.972086403935819],[-61.66044829975179,15.973416761888775],[-61.65887481928552,15.975276520240069]]]}},{"type":"Feature","properties":{"feature_id":"AEP_ANCIENNEC__P15","layer_key":"eau_aep","layer_label":"Eau AEP","economic_unit_id":"AEP_ANCIENNEC__P15","economic_state":"S0","economic_exposure_eur":55660.0,"economic_damage_eur":1215.0,"economic_damage_ratio_pct":2.182,"economic_asset_count":1,"criticality_territory":"guadeloupe","criticality_family":"aep","criticality_scenario":"rp1000","criticality_period_years":"1000","criticality_hazard":"storm_cmcc"},"geometry":{"type":"Polygon","coordinates":[[[-61.726313634058755,15.99163859768132],[-61.72609513852012,15.99112827343986],[-61.72721731527309,15.990326686846167],[-61.72762106620113,15.990911245509508],[-61.7269251814761,15.991609570264433],[-61.726313634058755,15.99163859768132]]]}},{"type":"Feature","properties":{"feature_id":"AEP_ANCIENNEC__P16","layer_key":"eau_aep","layer_label":"Eau AEP","economic_unit_id":"AEP_ANCIENNEC__P16","economic_state":"S0","economic_exposure_eur":77940.0,"economic_damage_eur":1701.0,"economic_damage_ratio_pct":2.182,"economic_asset_count":1,"criticality_territory":"guadeloupe","criticality_family":"aep","criticality_scenario":"rp1000","criticality_period_years":"1000","criticality_hazard":"storm_cmcc"},"geometry":{"type":"Polygon","coordinates":[[[-61.72648834471153,15.99110564051418],[-61.726735499300005,15.991689301013354],[-61.72590286289997,15.992567688544195],[-61.7254272812536,15.992657307511434],[-61.7250872053136,15.992035998009],[-61.725882340569804,15.991190232189876],[-61.72648834471153,15.99110564051418]]]}},{"type":"Feature","properties":{"feature_id":"AEP_ANCIENNEC__P17","layer_key":"eau_aep","layer_label":"Eau AEP","economic_unit_id":"AEP_ANCIENNEC__P17","economic_state":"S0","economic_exposure_eur":356425.0,"economic_damage_eur":7775.0,"economic_damage_ratio_pct":2.181,"economic_asset_count":4,"criticality_territory":"guadeloupe","criticality_family":"aep","criticality_scenario":"rp1000","criticality_period_years":"1000","criticality_hazard":"storm_cmcc"},"geometry":{"type":"Polygon","coordinates":[[[-61.7279804293058,16.001475409352615],[-61.72724275398387,16.001870677858932],[-61.72600510724139,16.0016926006813],[-61.72526015034925,16.00072020028983],[-61.725418987359376,15.999565316259684],[-61.7269422056538,15.997679866898238],[-61.72851237134186,15.996050601775288],[-61.729561928218395,15.995727271319042],[-61.730700308631164,15.996229570200441],[-61.7311597551768,15.99738906234843],[-61.730852343237736,15.998257629958058],[-61.7279804293058,16.001475409352615]]]}},{"type":"Feature","properties":{"feature_id":"AEP_ANCIENNEC__P18","layer_key":"eau_aep","layer_label":"Eau AEP","economic_unit_id":"AEP_ANCIENNEC__P18","economic_state":"S0","economic_exposure_eur":248809.0,"economic_damage_eur":5428.0,"economic_damage_ratio_pct":2.181,"economic_asset_count":6,"criticality_territory":"guadeloupe","criticality_family":"aep","criticality_scenario":"rp1000","criticality_period_years":"1000","criticality_hazard":"storm_cmcc"},"geometry":{"type":"Polygon","coordinates":[[[-61.73345811808129,15.998385366930664],[-61.73273359432962,15.998441187402646],[-61.73071906940971,15.99628290600221],[-61.73073481918877,15.995690846495743],[-61.731456265684464,15.995605612623432],[-61.733401420167944,15.99768548956682],[-61.73345811808129,15.998385366930664]]]}},{"type":"Feature","properties":{"feature_id":"AEP_ANCIENNEC__P19","layer_key":"eau_aep","layer_label":"Eau AEP","economic_unit_id":"AEP_ANCIENNEC__P19","economic_state":"S0","economic_exposure_eur":185579.0,"economic_damage_eur":4065.0,"economic_damage_ratio_pct":2.19,"economic_asset_count":2,"criticality_territory":"guadeloupe","criticality_family":"aep","criticality_scenario":"rp1000","criticality_period_years":"1000","criticality_hazard":"storm_cmcc"},"geometry":{"type":"Polygon","coordinates":[[[-61.50473630186166,16.269881062710734],[-61.503736225400814,16.27033017631291],[-61.50305529107927,16.270082137639545],[-61.50311610417744,16.26957445213174],[-61.50406422145013,16.26909580862016],[-61.50469943138052,16.26797673006364],[-61.50536449511109,16.26826211656578],[-61.50473630186166,16.269881062710734]]]}},{"type":"Feature","properties":{"feature_id":"AEP_ANCIENNEC__P2","layer_key":"eau_aep","layer_label":"Eau AEP","economic_unit_id":"AEP_ANCIENNEC__P2","economic_state":"S0","economic_exposure_eur":435577.0,"economic_damage_eur":9523.0,"economic_damage_ratio_pct":2.186,"economic_asset_count":1,"criticality_territory":"guadeloupe","criticality_family":"aep","criticality_scenario":"rp1000","criticality_period_years":"1000","criticality_hazard":"storm_cmcc"},"geometry":{"type":"Polygon","coordinates":[[[-61.60787536166158,16.19724940305869],[-61.60781698088104,16.197872943414527],[-61.6064864287844,16.19939697136278],[-61.60524154113896,16.199529744243037],[-61.604264116320785,16.198773051969248],[-61.60406783695248,16.19787486322902],[-61.604579381323404,16.19684964151553],[-61.60463379137888,16.194616052809717],[-61.60615761833705,16.192351052638198],[-61.607371778349446,16.19190515167987],[-61.60850615824184,16.192418015886975],[-61.60893299493989,16.193555761056416],[-61.607800091353994,16.195660746246507],[-61.607865853019554,16.197048713622134],[-61.606950854640374,16.19699540318292],[-61.60668790997656,16.196215380403252],[-61.606718745739045,16.197249403452794],[-61.60787536166158,16.19724940305869]]]}},{"type":"Feature","properties":{"feature_id":"AEP_ANCIENNEC__P20","layer_key":"eau_aep","layer_label":"Eau AEP","economic_unit_id":"AEP_ANCIENNEC__P20","economic_state":"S0","economic_exposure_eur":1287826.0,"economic_damage_eur":28182.0,"economic_damage_ratio_pct":2.188,"economic_asset_count":5,"criticality_territory":"guadeloupe","criticality_family":"aep","criticality_scenario":"rp1000","criticality_period_years":"1000","criticality_hazard":"storm_cmcc"},"geometry":{"type":"Polygon","coordinates":[[[-61.47069008551908,16.28182522492296],[-61.4713743443105,16.281730910891124],[-61.47339326253988,16.283688896773107],[-61.47361745331497,16.283136062075346],[-61.47430524177005,16.28308275617291],[-61.47430524278239,16.282460907613086],[-61.47564002981706,16.282321452386],[-61.47690532401557,16.28272597361579],[-61.477479028458816,16.283222872553424],[-61.47845112424339,16.285021495145],[-61.47924690497509,16.285249053031603],[-61.479806968573875,16.28579472843338],[-61.480035793049026,16.286637381468083],[-61.47982510252134,16.287378298624127],[-61.47878999478919,16.28813702738652],[-61.47637856499753,16.288241456294642],[-61.47592790365029,16.289501701309597],[-61.47521543594461,16.290109246975124],[-61.47443321928009,16.290249321978205],[-61.473718380133356,16.290041702052143],[-61.47294178894878,16.289035441360415],[-61.47339118363423,16.28685260973512],[-61.47318471455764,16.285798282574262],[-61.47269765483226,16.285718261527908],[-61.474305237618786,16.285582756234945],[-61.47430523929158,16.28457607087608],[-61.472919106469455,16.284627096127434],[-61.47068648487625,16.282455859784736],[-61.47069008551908,16.28182522492296]],[[-61.475793547548555,16.283082755970135],[-61.475971908194936,16.28308275594584],[-61.47597190852822,16.28288202716822],[-61.475793547548555,16.283082755970135]]]}},{"type":"Feature","properties":{"feature_id":"AEP_ANCIENNEC__P21","layer_key":"eau_aep","layer_label":"Eau AEP","economic_unit_id":"AEP_ANCIENNEC__P21","economic_state":"S0","economic_exposure_eur":207066.0,"economic_damage_eur":4531.0,"economic_damage_ratio_pct":2.188,"economic_asset_count":1,"criticality_territory":"guadeloupe","criticality_family":"aep","criticality_scenario":"rp1000","criticality_period_years":"1000","criticality_hazard":"storm_cmcc"},"geometry":{"type":"Polygon","coordinates":[[[-61.4782157005862,16.282212513517045],[-61.478176001773996,16.28151062951408],[-61.479772364172234,16.281532223061408],[-61.48109401420959,16.282534324046082],[-61.481198568828866,16.282991927069443],[-61.480564010059744,16.283336138169346],[-61.47933600081197,16.282451569806067],[-61.4782157005862,16.282212513517045]]]}},{"type":"Feature","properties":{"feature_id":"AEP_ANCIENNEC__P22","layer_key":"eau_aep","layer_label":"Eau AEP","economic_unit_id":"AEP_ANCIENNEC__P22","economic_state":"S0","economic_exposure_eur":139720.0,"economic_damage_eur":3057.0,"economic_damage_ratio_pct":2.188,"economic_asset_count":1,"criticality_territory":"guadeloupe","criticality_family":"aep","criticality_scenario":"rp1000","criticality_period_years":"1000","criticality_hazard":"storm_cmcc"},"geometry":{"type":"Polygon","coordinates":[[[-61.47668784174416,16.278823952482945],[-61.47631473020318,16.279385920620815],[-61.474403388663106,16.279341893585077],[-61.47402226571969,16.278987380127962],[-61.474384599839766,16.278377763506196],[-61.47619588184302,16.278409310077024],[-61.47668784174416,16.278823952482945]]]}},{"type":"Feature","properties":{"feature_id":"AEP_ANCIENNEC__P23","layer_key":"eau_aep","layer_label":"Eau AEP","economic_unit_id":"AEP_ANCIENNEC__P23","economic_state":"S0","economic_exposure_eur":1825931.0,"economic_damage_eur":39937.0,"economic_damage_ratio_pct":2.187,"economic_asset_count":3,"criticality_territory":"guadeloupe","criticality_family":"aep","criticality_scenario":"rp1000","criticality_period_years":"1000","criticality_hazard":"storm_cmcc"},"geometry":{"type":"Polygon","coordinates":[[[-61.74837484029344,16.222517234804922],[-61.747406576697514,16.222256472538874],[-61.74751683142694,16.22132395295568],[-61.75208075658087,16.218243770748387],[-61.758028831000075,16.215982791311284],[-61.758521723766975,16.216887691963446],[-61.75731462867927,16.21782875068518],[-61.75287788996294,16.219505334671428],[-61.74837484029344,16.222517234804922]]]}},{"type":"Feature","properties":{"feature_id":"AEP_ANCIENNEC__P24","layer_key":"eau_aep","layer_label":"Eau AEP","economic_unit_id":"AEP_ANCIENNEC__P24","economic_state":"S0","economic_exposure_eur":224841.0,"economic_damage_eur":4910.0,"economic_damage_ratio_pct":2.184,"economic_asset_count":3,"criticality_territory":"guadeloupe","criticality_family":"aep","criticality_scenario":"rp1000","criticality_period_years":"1000","criticality_hazard":"storm_cmcc"},"geometry":{"type":"Polygon","coordinates":[[[-61.736852366681745,16.028040635877016],[-61.737357685946755,16.028298070359067],[-61.73699021831679,16.029463740805323],[-61.73518722462001,16.030065379064112],[-61.73468239098012,16.02991408455104],[-61.7344416573164,16.029376398844303],[-61.73460890472123,16.02898622489792],[-61.73628345072246,16.02865114920788],[-61.736852366681745,16.028040635877016]]]}},{"type":"Feature","properties":{"feature_id":"AEP_ANCIENNEC__P25","layer_key":"eau_aep","layer_label":"Eau AEP","economic_unit_id":"AEP_ANCIENNEC__P25","economic_state":"S0","economic_exposure_eur":1147229.0,"economic_damage_eur":25047.0,"economic_damage_ratio_pct":2.183,"economic_asset_count":7,"criticality_territory":"guadeloupe","criticality_family":"aep","criticality_scenario":"rp1000","criticality_period_years":"1000","criticality_hazard":"storm_cmcc"},"geometry":{"type":"Polygon","coordinates":[[[-61.73180563144402,16.025382067550083],[-61.73162649042355,16.02630391721622],[-61.73128940929334,16.026430025938097],[-61.730347554029905,16.02639781841234],[-61.72963302241159,16.02593004378055],[-61.729319716981585,16.02497389616771],[-61.730138966011424,16.02474938444795],[-61.730138966338544,16.02454873405451],[-61.729344256016006,16.024381514091928],[-61.72934425783639,16.02324993621237],[-61.73013105349568,16.023082717744135],[-61.73158536363005,16.022051562494376],[-61.73180563670708,16.022154686699718],[-61.731901440112026,16.02150870447034],[-61.732638971141206,16.021416050748062],[-61.732734774333245,16.020675371056516],[-61.73347230573159,16.020582717299533],[-61.733568108554444,16.01984203764273],[-61.73430564032197,16.019749383851078],[-61.73440144277563,16.019008704228987],[-61.735138974912324,16.01891605040267],[-61.73513897659723,16.017882068173428],[-61.73434419159952,16.017714697589117],[-61.73494234188108,16.017037300533442],[-61.73580488735337,16.016654031986167],[-61.736742229634515,16.016798821970493],[-61.73735077927505,16.01729289039064],[-61.73765792507012,16.018111947462558],[-61.73708097722126,16.02049176515262],[-61.73499426966893,16.022411856956257],[-61.73432287288909,16.023983415915144],[-61.73307645134191,16.024704931016842],[-61.73190143432894,16.026122745797625],[-61.73180563144402,16.025382067550083]],[[-61.73097230070888,16.02385148788508],[-61.73079315296153,16.023829486452215],[-61.730793153100755,16.023916051019608],[-61.73097230070888,16.02385148788508]]]}},{"type":"Feature","properties":{"feature_id":"AEP_ANCIENNEC__P26","layer_key":"eau_aep","layer_label":"Eau AEP","economic_unit_id":"AEP_ANCIENNEC__P26","economic_state":"S0","economic_exposure_eur":449812.0,"economic_damage_eur":9826.0,"economic_damage_ratio_pct":2.184,"economic_asset_count":2,"criticality_territory":"guadeloupe","criticality_family":"aep","criticality_scenario":"rp1000","criticality_period_years":"1000","criticality_hazard":"storm_cmcc"},"geometry":{"type":"Polygon","coordinates":[[[-61.732364042399006,16.046122745382686],[-61.731626522909174,16.046215400181747],[-61.731626523236784,16.046416051481692],[-61.732448593674974,16.046651460388656],[-61.73178881000344,16.047744205643536],[-61.73057244385353,16.048029177201716],[-61.72950396886597,16.04739894862149],[-61.729205567876186,16.046686738937908],[-61.72946171617221,16.0453053557397],[-61.72906568162949,16.04367773861743],[-61.72955582075604,16.04149456715552],[-61.730368578603006,16.040708997807734],[-61.731619390360564,16.04066857154078],[-61.732533414056576,16.041495294724424],[-61.73292080002928,16.045346040336426],[-61.73245985497645,16.04538206697031],[-61.732364042399006,16.046122745382686]]]}},{"type":"Feature","properties":{"feature_id":"AEP_ANCIENNEC__P27","layer_key":"eau_aep","layer_label":"Eau AEP","economic_unit_id":"AEP_ANCIENNEC__P27","economic_state":"S0","economic_exposure_eur":576933.0,"economic_damage_eur":12604.0,"economic_damage_ratio_pct":2.185,"economic_asset_count":3,"criticality_territory":"guadeloupe","criticality_family":"aep","criticality_scenario":"rp1000","criticality_period_years":"1000","criticality_hazard":"storm_cmcc"},"geometry":{"type":"Polygon","coordinates":[[[-61.73640834057818,16.040118927935087],[-61.73579318085778,16.040585766138058],[-61.73316400503293,16.04205830348988],[-61.73147579491544,16.042502126094192],[-61.7291016103332,16.042823050556112],[-61.72831885814511,16.042391640523924],[-61.72790502103881,16.04168088792979],[-61.72794542345633,16.040763669424585],[-61.72858058289302,16.039940564329445],[-61.72980900962189,16.03934021084736],[-61.73188737917574,16.03912989569903],[-61.73460214682468,16.037266397230276],[-61.73555132801398,16.03728202546981],[-61.736299628408176,16.037767226236042],[-61.73674597368204,16.038843270594512],[-61.73640834057818,16.040118927935087]]]}},{"type":"Feature","properties":{"feature_id":"AEP_ANCIENNEC__P28","layer_key":"eau_aep","layer_label":"Eau AEP","economic_unit_id":"AEP_ANCIENNEC__P28","economic_state":"S0","economic_exposure_eur":143564.0,"economic_damage_eur":3135.0,"economic_damage_ratio_pct":2.184,"economic_asset_count":2,"criticality_territory":"guadeloupe","criticality_family":"aep","criticality_scenario":"rp1000","criticality_period_years":"1000","criticality_hazard":"storm_cmcc"},"geometry":{"type":"Polygon","coordinates":[[[-61.739730092429085,16.033877974260722],[-61.74034985485507,16.034245401259973],[-61.73941972689252,16.035530940651892],[-61.73837598118629,16.035662358913893],[-61.73813753291971,16.034912020055156],[-61.739730092429085,16.033877974260722]]]}},{"type":"Feature","properties":{"feature_id":"AEP_ANCIENNEC__P29","layer_key":"eau_aep","layer_label":"Eau AEP","economic_unit_id":"AEP_ANCIENNEC__P29","economic_state":"S0","economic_exposure_eur":1396790.0,"economic_damage_eur":30559.0,"economic_damage_ratio_pct":2.188,"economic_asset_count":5,"criticality_territory":"guadeloupe","criticality_family":"aep","criticality_scenario":"rp1000","criticality_period_years":"1000","criticality_hazard":"storm_cmcc"},"geometry":{"type":"Polygon","coordinates":[[[-61.37364506608143,16.231178000072116],[-61.37347201018237,16.230794833900827],[-61.37213480599047,16.23308286758384],[-61.37245382635824,16.23333735270039],[-61.37242146100955,16.2343814886617],[-61.3713487494064,16.23454868037534],[-61.370793453917855,16.235584160893954],[-61.37079345529475,16.236416102945597],[-61.37162187351204,16.236679642295446],[-61.371620505312706,16.240960762605223],[-61.37081006223658,16.241215347052396],[-61.371601875201726,16.24161135244642],[-61.371626799614084,16.242977224897565],[-61.370877181673556,16.24340151263107],[-61.36992757010779,16.243370324858564],[-61.3689416196721,16.242474291789176],[-61.36828605017164,16.239804377692536],[-61.36825601071076,16.236716822267567],[-61.36869283200461,16.235039562453093],[-61.36881819004856,16.234749436171175],[-61.37008620508299,16.234749436356584],[-61.37017733095412,16.23324996018295],[-61.3709779915171,16.233082769500836],[-61.3715312937596,16.232048680720986],[-61.37099692949831,16.231853429497576],[-61.37097201062443,16.23076399568851],[-61.374065846857675,16.226416102189287],[-61.37513868385612,16.226416102067805],[-61.3751586622409,16.22579136502462],[-61.37578757672425,16.225826416056236],[-61.37678905992455,16.226553120417588],[-61.37696534830638,16.227751149436095],[-61.374305342177784,16.231533223780414],[-61.374305342712844,16.231215347879946],[-61.37364506608143,16.231178000072116]]]}},{"type":"Feature","properties":{"feature_id":"AEP_ANCIENNEC__P3","layer_key":"eau_aep","layer_label":"Eau AEP","economic_unit_id":"AEP_ANCIENNEC__P3","economic_state":"S0","economic_exposure_eur":5376888.0,"economic_damage_eur":117766.0,"economic_damage_ratio_pct":2.19,"economic_asset_count":14,"criticality_territory":"guadeloupe","criticality_family":"aep","criticality_scenario":"rp1000","criticality_period_years":"1000","criticality_hazard":"storm_cmcc"},"geometry":{"type":"Polygon","coordinates":[[[-61.54746016989627,16.250582745631256],[-61.54898131121429,16.25063605306742],[-61.549126838160575,16.25141607876906],[-61.54993524659045,16.25161134313214],[-61.54994651547176,16.252655842292935],[-61.550971947358505,16.253070622185337],[-61.551027133123874,16.252389990109453],[-61.55180528193686,16.25224941177612],[-61.55200742047204,16.251440155703175],[-61.55597194940991,16.25141607788354],[-61.556010614692546,16.25074994831109],[-61.55680528400908,16.25058274442196],[-61.55680735128837,16.250031531254002],[-61.55817926408044,16.249846628588024],[-61.560383040040755,16.250668796006575],[-61.56079350586667,16.25113325795816],[-61.5607935077208,16.252249410616376],[-61.56153093397742,16.252342056124412],[-61.56162684254236,16.253082743863292],[-61.5643052788385,16.253082743519286],[-61.564424997304,16.25232120960854],[-61.565971946657875,16.25224940995148],[-61.56597393459884,16.25169871462484],[-61.57162684039142,16.251018354882536],[-61.57162684106722,16.251416075874072],[-61.573953751276676,16.25145342511836],[-61.57430527885537,16.252249408886545],[-61.57445080854272,16.250636050368264],[-61.5751386148365,16.25058274207223],[-61.57602176647508,16.249749408578875],[-61.57763861587758,16.249749408400046],[-61.5776888089698,16.2490647010082],[-61.578471950478246,16.24891607494006],[-61.57847195110832,16.248526066376566],[-61.58013861829937,16.248082741374343],[-61.579694319764556,16.24788204168301],[-61.583570456571096,16.245931589064043],[-61.58542244139435,16.244013049945185],[-61.586872731519165,16.243579901559425],[-61.58912683065817,16.24378435441973],[-61.589120542560025,16.24596076831328],[-61.58851888920665,16.246215376441665],[-61.58829350295526,16.24724940698834],[-61.58898131093041,16.24730271541401],[-61.58912683777421,16.248082740237308],[-61.58996017170193,16.248399057655416],[-61.58996017254093,16.24888382691755],[-61.588519026993616,16.249508833976495],[-61.587349329201224,16.25072231390183],[-61.5795070550294,16.254793411849686],[-61.57803486421084,16.256022963411045],[-61.56794590007147,16.25756313187031],[-61.56457347221301,16.257733837540027],[-61.55930527203381,16.257583133031993],[-61.559305274333106,16.256215372414637],[-61.55746018052787,16.256215372176925],[-61.55719661125402,16.257042627058702],[-61.55370433884563,16.257035084084357],[-61.5534719431832,16.255382038356075],[-61.54874683741304,16.25371537083806],[-61.544126841317684,16.253715370532085],[-61.544089917975256,16.254377945271393],[-61.5376392475189,16.25169288429917],[-61.53491074625492,16.251329352841623],[-61.53340363048747,16.249763169698163],[-61.533099950852616,16.247843391557296],[-61.534380258968035,16.24592551543125],[-61.536689389476265,16.245443911169843],[-61.5399346157416,16.24615342689672],[-61.54829350176663,16.24963269266223],[-61.54828721085399,16.250127433921996],[-61.54746016989627,16.250582745631256]],[[-61.58412683732841,16.248201136322425],[-61.58475837395907,16.24788204242239],[-61.584126836808025,16.247882042523578],[-61.58412683732841,16.248201136322425]],[[-61.5843052788814,16.251416074262707],[-61.58440118738562,16.25067538740677],[-61.58513861348274,16.25058274080321],[-61.58513861555281,16.249320362277263],[-61.584126840036504,16.249834390189985],[-61.5843052788814,16.251416074262707]]]}},{"type":"Feature","properties":{"feature_id":"AEP_ANCIENNEC__P30","layer_key":"eau_aep","layer_label":"Eau AEP","economic_unit_id":"AEP_ANCIENNEC__P30","economic_state":"S0","economic_exposure_eur":333534.0,"economic_damage_eur":7291.0,"economic_damage_ratio_pct":2.186,"economic_asset_count":9,"criticality_territory":"guadeloupe","criticality_family":"aep","criticality_scenario":"rp1000","criticality_period_years":"1000","criticality_hazard":"storm_cmcc"},"geometry":{"type":"Polygon","coordinates":[[[-61.77661262261636,16.16164056182152],[-61.776626718300115,16.162343068057318],[-61.775294994891645,16.163089151008755],[-61.774516941716406,16.163214419925517],[-61.77326701465294,16.1625866873674],[-61.77283917787835,16.161236167751817],[-61.77352094135394,16.160028961698366],[-61.77570807316599,16.159308380166394],[-61.7757933806116,16.159749382707584],[-61.7766126199912,16.159973895147548],[-61.77658806635579,16.161048180895293],[-61.775879105608794,16.16141604942524],[-61.77661262261636,16.16164056182152]]]}},{"type":"Feature","properties":{"feature_id":"AEP_ANCIENNEC__P31","layer_key":"eau_aep","layer_label":"Eau AEP","economic_unit_id":"AEP_ANCIENNEC__P31","economic_state":"S0","economic_exposure_eur":225207.0,"economic_damage_eur":4925.0,"economic_damage_ratio_pct":2.187,"economic_asset_count":6,"criticality_territory":"guadeloupe","criticality_family":"aep","criticality_scenario":"rp1000","criticality_period_years":"1000","criticality_hazard":"storm_cmcc"},"geometry":{"type":"Polygon","coordinates":[[[-61.75946670064757,16.141807297152155],[-61.75934277275519,16.142387311422002],[-61.75833552331961,16.142684030243558],[-61.75762005264426,16.14331718540544],[-61.757064109707336,16.143189278193365],[-61.756933123521854,16.1426549005969],[-61.75730843176136,16.14196231465554],[-61.7588788550889,16.14153347037364],[-61.75946670064757,16.141807297152155]]]}},{"type":"Feature","properties":{"feature_id":"AEP_ANCIENNEC__P32","layer_key":"eau_aep","layer_label":"Eau AEP","economic_unit_id":"AEP_ANCIENNEC__P32","economic_state":"S0","economic_exposure_eur":1008667.0,"economic_damage_eur":22075.0,"economic_damage_ratio_pct":2.188,"economic_asset_count":5,"criticality_territory":"guadeloupe","criticality_family":"aep","criticality_scenario":"rp1000","criticality_period_years":"1000","criticality_hazard":"storm_cmcc"},"geometry":{"type":"MultiPolygon","coordinates":[[[[-61.46954009139024,16.25370232423977],[-61.4690527980115,16.254204834093862],[-61.46829349837843,16.25406701000385],[-61.46799815635603,16.254547170140775],[-61.46695081289827,16.254495386349525],[-61.466805291385036,16.25382942487175],[-61.465555427317085,16.25465073525276],[-61.46312588434746,16.25422203064307],[-61.46222032488986,16.255256769070105],[-61.461590120703214,16.255210841921436],[-61.46094591305251,16.25558275733013],[-61.46299815523026,16.255584279662678],[-61.46327738467831,16.25580179641201],[-61.462587839088755,16.25628260856568],[-61.4617121771761,16.25636022383338],[-61.4610309830639,16.257676695702383],[-61.46020459466214,16.25821801912625],[-61.458958984039796,16.25808906786263],[-61.45817260568818,16.257147073004763],[-61.45821717949006,16.256128727874064],[-61.458876387975245,16.254749423998014],[-61.459305290954795,16.254749424192582],[-61.45936047506586,16.254056663601474],[-61.460971958758215,16.253916090609266],[-61.46120434585314,16.25309637648202],[-61.46222777663986,16.25309637634092],[-61.46246016334226,16.25352785129852],[-61.462755894523205,16.253202771791937],[-61.46536767640739,16.253627692136842],[-61.46662869748318,16.252820565903768],[-61.46776443916455,16.252791124822416],[-61.469305291829805,16.25332473630057],[-61.46930529380429,16.252149404764857],[-61.47030227727754,16.25270624696974],[-61.470647975670396,16.253662053484714],[-61.46954009139024,16.25370232423977]]],[[[-61.46556111089906,16.254763042608825],[-61.46579350076132,16.255711437488678],[-61.463471955668,16.255560813336572],[-61.46349688141989,16.25494468098315],[-61.46556111089906,16.254763042608825]]],[[[-61.467068848440306,16.25475550026877],[-61.468831488486195,16.254750945512953],[-61.46912683385254,16.255286234067167],[-61.46718155525854,16.254913742834816],[-61.46680528929619,16.255065724408784],[-61.467068848440306,16.25475550026877]]]]}},{"type":"Feature","properties":{"feature_id":"AEP_ANCIENNEC__P33","layer_key":"eau_aep","layer_label":"Eau AEP","economic_unit_id":"AEP_ANCIENNEC__P33","economic_state":"S0","economic_exposure_eur":192181.0,"economic_damage_eur":4205.0,"economic_damage_ratio_pct":2.188,"economic_asset_count":1,"criticality_territory":"guadeloupe","criticality_family":"aep","criticality_scenario":"rp1000","criticality_period_years":"1000","criticality_hazard":"storm_cmcc"},"geometry":{"type":"Polygon","coordinates":[[[-61.47475178434495,16.25247235409716],[-61.47483631544945,16.251809773407132],[-61.476978650439236,16.250628906201513],[-61.477576788939224,16.25075859154571],[-61.47752333784247,16.25145962489861],[-61.47542609705406,16.252618561635476],[-61.47475178434495,16.25247235409716]]]}},{"type":"Feature","properties":{"feature_id":"AEP_ANCIENNEC__P34","layer_key":"eau_aep","layer_label":"Eau AEP","economic_unit_id":"AEP_ANCIENNEC__P34","economic_state":"S0","economic_exposure_eur":334260.0,"economic_damage_eur":7316.0,"economic_damage_ratio_pct":2.189,"economic_asset_count":2,"criticality_territory":"guadeloupe","criticality_family":"aep","criticality_scenario":"rp1000","criticality_period_years":"1000","criticality_hazard":"storm_cmcc"},"geometry":{"type":"MultiPolygon","coordinates":[[[[-61.51687119867324,16.265764088014173],[-61.516558106809015,16.266398648899614],[-61.51612032698403,16.266355735657147],[-61.515137164317274,16.26549301433284],[-61.51353542609405,16.26312490344055],[-61.51362892003849,16.262539639235243],[-61.51430572722358,16.262574713874542],[-61.51430527093619,16.262048699672278],[-61.51270191516356,16.261918703482703],[-61.51347210069681,16.26139346458372],[-61.51442203955234,16.261367924434577],[-61.51519445256559,16.261819850928187],[-61.51594636834549,16.262882033205287],[-61.51459641444518,16.26287990534091],[-61.51687119867324,16.265764088014173]]],[[[-61.513268594607766,16.264111345060137],[-61.51329352219168,16.264743928102728],[-61.51273752395469,16.263916083792356],[-61.513268594607766,16.264111345060137]]],[[[-61.51412056391912,16.265004015576405],[-61.51411784158687,16.265971270355497],[-61.513297208764854,16.264749417138347],[-61.51412056391912,16.265004015576405]]],[[[-61.51463272835964,16.266416083276162],[-61.51794384412242,16.266416082879736],[-61.517401183572375,16.267170618765164],[-61.516406586416934,16.267511162798577],[-61.51558814035822,16.267310646724653],[-61.51463272835964,16.266416083276162]]]]}},{"type":"Feature","properties":{"feature_id":"AEP_ANCIENNEC__P35","layer_key":"eau_aep","layer_label":"Eau AEP","economic_unit_id":"AEP_ANCIENNEC__P35","economic_state":"S0","economic_exposure_eur":342740.0,"economic_damage_eur":7505.0,"economic_damage_ratio_pct":2.19,"economic_asset_count":5,"criticality_territory":"guadeloupe","criticality_family":"aep","criticality_scenario":"rp1000","criticality_period_years":"1000","criticality_hazard":"storm_cmcc"},"geometry":{"type":"Polygon","coordinates":[[[-61.528242462252386,16.240612752493572],[-61.525710550004845,16.24101908245228],[-61.524969107702276,16.2407409782988],[-61.52431702554849,16.24005427518254],[-61.52397247647318,16.238890800574737],[-61.52431794541871,16.238086092207904],[-61.52499627027845,16.237600535993767],[-61.52784480445856,16.237412820653425],[-61.52902065442918,16.238146060321245],[-61.52917470648349,16.239506868965613],[-61.528242462252386,16.240612752493572]]]}},{"type":"Feature","properties":{"feature_id":"AEP_ANCIENNEC__P36","layer_key":"eau_aep","layer_label":"Eau AEP","economic_unit_id":"AEP_ANCIENNEC__P36","economic_state":"S0","economic_exposure_eur":591085.0,"economic_damage_eur":12925.0,"economic_damage_ratio_pct":2.187,"economic_asset_count":1,"criticality_territory":"guadeloupe","criticality_family":"aep","criticality_scenario":"rp1000","criticality_period_years":"1000","criticality_hazard":"storm_cmcc"},"geometry":{"type":"Polygon","coordinates":[[[-61.48434914928507,16.294548694566796],[-61.48581754202058,16.29721688888848],[-61.485996707286674,16.29827829596143],[-61.48763854825807,16.298082754735965],[-61.48763854864219,16.297850644917144],[-61.4882848242999,16.29874220086272],[-61.488117550966926,16.299941496120372],[-61.48712117484898,16.300675291428192],[-61.48597187767189,16.300585009424356],[-61.485971879729355,16.299335169635654],[-61.485081121864795,16.29898509871456],[-61.48483328589759,16.29752182676939],[-61.4840026713158,16.29573243388363],[-61.483293568087404,16.29483422440818],[-61.48319764424452,16.295289384038302],[-61.48246023555633,16.29538202763998],[-61.48246023589154,16.295583767866656],[-61.48159682584721,16.294424126618388],[-61.48153433154208,16.293360522659153],[-61.48232182591706,16.29241927559668],[-61.48356779558064,16.292291505563835],[-61.48432912669043,16.292758679156428],[-61.48577371511746,16.29454869477338],[-61.48434914928507,16.294548694566796]]]}},{"type":"Feature","properties":{"feature_id":"AEP_ANCIENNEC__P37","layer_key":"eau_aep","layer_label":"Eau AEP","economic_unit_id":"AEP_ANCIENNEC__P37","economic_state":"S0","economic_exposure_eur":575631.0,"economic_damage_eur":12594.0,"economic_damage_ratio_pct":2.188,"economic_asset_count":1,"criticality_territory":"guadeloupe","criticality_family":"aep","criticality_scenario":"rp1000","criticality_period_years":"1000","criticality_hazard":"storm_cmcc"},"geometry":{"type":"MultiPolygon","coordinates":[[[[-61.47263855686228,16.294192113110828],[-61.4741268987288,16.293966784591344],[-61.4739537797234,16.294511344027402],[-61.47290216756284,16.294542614875695],[-61.47263855686228,16.294192113110828]]],[[[-61.47319817510535,16.295150521684526],[-61.47518871702064,16.294974291320468],[-61.47630976145862,16.295529323333902],[-61.47763855385656,16.29558275602934],[-61.477638555455,16.294622146449125],[-61.479024846172564,16.294820237178886],[-61.48102127308218,16.295691347945652],[-61.48145170980017,16.296337531021415],[-61.48151592178648,16.297103377455144],[-61.481135607466584,16.29788202724581],[-61.47996023936998,16.2978820272188],[-61.47996024023817,16.29842420576567],[-61.47963260326399,16.29840395546256],[-61.47829957535116,16.297913285220723],[-61.47545633577279,16.297442502924355],[-61.47513855139412,16.297281440479857],[-61.47513855343064,16.2960485702424],[-61.47320143358377,16.296125505970135],[-61.472795121938766,16.295542305759003],[-61.47319817510535,16.295150521684526]]]]}},{"type":"Feature","properties":{"feature_id":"AEP_ANCIENNEC__P38","layer_key":"eau_aep","layer_label":"Eau AEP","economic_unit_id":"AEP_ANCIENNEC__P38","economic_state":"S0","economic_exposure_eur":211496.0,"economic_damage_eur":4629.0,"economic_damage_ratio_pct":2.189,"economic_asset_count":1,"criticality_territory":"guadeloupe","criticality_family":"aep","criticality_scenario":"rp1000","criticality_period_years":"1000","criticality_hazard":"storm_cmcc"},"geometry":{"type":"Polygon","coordinates":[[[-61.4855547106189,16.26198348834384],[-61.48484514467382,16.26213947696656],[-61.48460590428804,16.261683641168517],[-61.4849505470711,16.259955761088527],[-61.48653569245299,16.259654375234664],[-61.486672468304214,16.26034478168102],[-61.48583011064694,16.260648716009833],[-61.4855547106189,16.26198348834384]]]}},{"type":"Feature","properties":{"feature_id":"AEP_ANCIENNEC__P39","layer_key":"eau_aep","layer_label":"Eau AEP","economic_unit_id":"AEP_ANCIENNEC__P39","economic_state":"S0","economic_exposure_eur":599797.0,"economic_damage_eur":13124.0,"economic_damage_ratio_pct":2.188,"economic_asset_count":2,"criticality_territory":"guadeloupe","criticality_family":"aep","criticality_scenario":"rp1000","criticality_period_years":"1000","criticality_hazard":"storm_cmcc"},"geometry":{"type":"Polygon","coordinates":[[[-61.48263858944518,16.273715361707712],[-61.48245345661399,16.274295840048786],[-61.48116763138907,16.273100034124624],[-61.48083332324944,16.272240763066588],[-61.48123663769744,16.271095055800636],[-61.48236055088666,16.270560376866378],[-61.48324185043037,16.270745509528833],[-61.484126862750756,16.271474501856442],[-61.484126864039865,16.27224942123625],[-61.48431755983148,16.27164751430393],[-61.488336109383525,16.274383007842864],[-61.489381279945086,16.276071367643944],[-61.489315280905515,16.27727981722083],[-61.48838391768216,16.278089241193978],[-61.487132772737475,16.27802548390706],[-61.48540765709967,16.276101146513852],[-61.48328179245982,16.27502180010016],[-61.48263858854971,16.274232390997838],[-61.48263858944518,16.273715361707712]]]}},{"type":"Feature","properties":{"feature_id":"AEP_ANCIENNEC__P4","layer_key":"eau_aep","layer_label":"Eau AEP","economic_unit_id":"AEP_ANCIENNEC__P4","economic_state":"S0","economic_exposure_eur":2041630.0,"economic_damage_eur":44637.0,"economic_damage_ratio_pct":2.186,"economic_asset_count":1,"criticality_territory":"guadeloupe","criticality_family":"aep","criticality_scenario":"rp1000","criticality_period_years":"1000","criticality_hazard":"storm_cmcc"},"geometry":{"type":"Polygon","coordinates":[[[-61.598831472570254,16.141213857577725],[-61.59697845373596,16.14117802938982],[-61.59680546081633,16.14012904761098],[-61.59540528538283,16.140885680498677],[-61.593823670506715,16.140915319412205],[-61.59305748320198,16.141331547249045],[-61.59167743362274,16.141347395141704],[-61.59073277486677,16.140840633801655],[-61.58745999433842,16.1410841867684],[-61.58745999489328,16.141416071133072],[-61.58825468507924,16.141583278594815],[-61.58829333018718,16.142565724856],[-61.58745999730325,16.14288204638681],[-61.58744729683896,16.143485514847782],[-61.58517743488018,16.14271483717439],[-61.585163705068105,16.141611340712856],[-61.5859721268479,16.141416071321217],[-61.58597752329509,16.14084316443099],[-61.583290160390604,16.141650884935522],[-61.58412666798731,16.145582738324606],[-61.58492135741606,16.145749945499755],[-61.58496000416722,16.14724940492698],[-61.58611924824453,16.147249404667722],[-61.58596505945263,16.147568254531723],[-61.584691321767224,16.14878531982102],[-61.582932650689656,16.14911330181822],[-61.5826387819627,16.148715378919036],[-61.58128184736277,16.148441648292184],[-61.58097211826253,16.147048712095398],[-61.58029735035421,16.14700299927123],[-61.57931252984965,16.140849259281925],[-61.58000583183,16.138916072030167],[-61.58162036879966,16.139170680335216],[-61.581620374404956,16.14262743579112],[-61.580793330119455,16.143082738685543],[-61.582007554820905,16.143082738350788],[-61.58165011663751,16.140838885219434],[-61.58208219831202,16.14014386179106],[-61.58642110279983,16.139257469254655],[-61.58837461833454,16.13984602058042],[-61.59093349446645,16.139326708135144],[-61.59268670768234,16.139902251038283],[-61.593465896156175,16.139481263067147],[-61.594981827571814,16.139473108405326],[-61.597340712877184,16.138276006044],[-61.599831528820715,16.138456360151608],[-61.60037643096714,16.13906301046209],[-61.5998712249303,16.139839608054327],[-61.59900700928316,16.13982120413575],[-61.598831472570254,16.141213857577725]],[[-61.5975079951857,16.139749403174434],[-61.597848671361696,16.13974940292558],[-61.59753397147517,16.139735365702457],[-61.5975079951857,16.139749403174434]]]}},{"type":"Feature","properties":{"feature_id":"AEP_ANCIENNEC__P40","layer_key":"eau_aep","layer_label":"Eau AEP","economic_unit_id":"AEP_ANCIENNEC__P40","economic_state":"S0","economic_exposure_eur":244173.0,"economic_damage_eur":5346.0,"economic_damage_ratio_pct":2.189,"economic_asset_count":1,"criticality_territory":"guadeloupe","criticality_family":"aep","criticality_scenario":"rp1000","criticality_period_years":"1000","criticality_hazard":"storm_cmcc"},"geometry":{"type":"Polygon","coordinates":[[[-61.49286979884441,16.276218197930067],[-61.492574361427565,16.277295226299508],[-61.49223570805183,16.277566630098804],[-61.49162439434976,16.277255101848233],[-61.4917933324432,16.276451179749333],[-61.490370956814004,16.275167748334407],[-61.490585633735584,16.274613053124067],[-61.49135551320011,16.27458336903241],[-61.49286979884441,16.276218197930067]]]}},{"type":"Feature","properties":{"feature_id":"AEP_ANCIENNEC__P41","layer_key":"eau_aep","layer_label":"Eau AEP","economic_unit_id":"AEP_ANCIENNEC__P41","economic_state":"S0","economic_exposure_eur":181672.0,"economic_damage_eur":3976.0,"economic_damage_ratio_pct":2.188,"economic_asset_count":1,"criticality_territory":"guadeloupe","criticality_family":"aep","criticality_scenario":"rp1000","criticality_period_years":"1000","criticality_hazard":"storm_cmcc"},"geometry":{"type":"Polygon","coordinates":[[[-61.476947310808235,16.21673206025708],[-61.47633656691037,16.21711404663801],[-61.47594984318345,16.21676536088001],[-61.47570482124165,16.215031322292074],[-61.47647457283009,16.21444811562982],[-61.47691413354138,16.214431294084747],[-61.47721634182475,16.214990276343237],[-61.47674548151188,16.21546203928719],[-61.476947310808235,16.21673206025708]]]}},{"type":"Feature","properties":{"feature_id":"AEP_ANCIENNEC__P42","layer_key":"eau_aep","layer_label":"Eau AEP","economic_unit_id":"AEP_ANCIENNEC__P42","economic_state":"S0","economic_exposure_eur":528916.0,"economic_damage_eur":11577.0,"economic_damage_ratio_pct":2.189,"economic_asset_count":6,"criticality_territory":"guadeloupe","criticality_family":"aep","criticality_scenario":"rp1000","criticality_period_years":"1000","criticality_hazard":"storm_cmcc"},"geometry":{"type":"Polygon","coordinates":[[[-61.50853475381306,16.209519786417186],[-61.50781909023799,16.211734509965424],[-61.50761117420302,16.21391608331011],[-61.508197550896824,16.21400872710327],[-61.50829343876652,16.21474941656326],[-61.50867054975091,16.21474941633658],[-61.508630134957954,16.2149326418771],[-61.50784797798993,16.215939995417536],[-61.50660528522175,16.216091155016407],[-61.505972015377964,16.21576514538489],[-61.505973594346266,16.21420138756151],[-61.506505430931945,16.213916083362175],[-61.50724846568255,16.210361254320805],[-61.50600592791166,16.210382033575023],[-61.50560720333659,16.20966750078851],[-61.50560720561155,16.20889913362599],[-61.50621976700212,16.208013341008453],[-61.507329862880404,16.207707183382194],[-61.50829342739419,16.20786594070373],[-61.50853475381306,16.209519786417186]]]}},{"type":"Feature","properties":{"feature_id":"AEP_ANCIENNEC__P43","layer_key":"eau_aep","layer_label":"Eau AEP","economic_unit_id":"AEP_ANCIENNEC__P43","economic_state":"S0","economic_exposure_eur":68757.0,"economic_damage_eur":1504.0,"economic_damage_ratio_pct":2.188,"economic_asset_count":1,"criticality_territory":"guadeloupe","criticality_family":"aep","criticality_scenario":"rp1000","criticality_period_years":"1000","criticality_hazard":"storm_cmcc"},"geometry":{"type":"Polygon","coordinates":[[[-61.28654033187078,16.246355115277485],[-61.286910441237076,16.245883113108057],[-61.288046741192396,16.246142994114944],[-61.28833886665383,16.246460770746573],[-61.287989397660596,16.247077258168137],[-61.28690045515068,16.246834272662152],[-61.28654033187078,16.246355115277485]]]}},{"type":"Feature","properties":{"feature_id":"AEP_ANCIENNEC__P44","layer_key":"eau_aep","layer_label":"Eau AEP","economic_unit_id":"AEP_ANCIENNEC__P44","economic_state":"S0","economic_exposure_eur":307430.0,"economic_damage_eur":6723.0,"economic_damage_ratio_pct":2.187,"economic_asset_count":3,"criticality_territory":"guadeloupe","criticality_family":"aep","criticality_scenario":"rp1000","criticality_period_years":"1000","criticality_hazard":"storm_cmcc"},"geometry":{"type":"Polygon","coordinates":[[[-61.28610227794815,16.27004332877038],[-61.28545862310116,16.269800280423727],[-61.284202919452795,16.266340903580858],[-61.2844772206713,16.26576867673007],[-61.28516431843434,16.266000062119005],[-61.28641577897732,16.26944842910625],[-61.28610227794815,16.27004332877038]]]}},{"type":"Feature","properties":{"feature_id":"AEP_ANCIENNEC__P45","layer_key":"eau_aep","layer_label":"Eau AEP","economic_unit_id":"AEP_ANCIENNEC__P45","economic_state":"S0","economic_exposure_eur":137051.0,"economic_damage_eur":2997.0,"economic_damage_ratio_pct":2.187,"economic_asset_count":1,"criticality_territory":"guadeloupe","criticality_family":"aep","criticality_scenario":"rp1000","criticality_period_years":"1000","criticality_hazard":"storm_cmcc"},"geometry":{"type":"Polygon","coordinates":[[[-61.28305246422047,16.271268159375584],[-61.282652165207075,16.271855121702867],[-61.281489518823086,16.271027048811632],[-61.28138117555011,16.269724588135585],[-61.282104837405996,16.269650913419913],[-61.28241414901341,16.270541954318357],[-61.28305246422047,16.271268159375584]]]}},{"type":"Feature","properties":{"feature_id":"AEP_ANCIENNEC__P46","layer_key":"eau_aep","layer_label":"Eau AEP","economic_unit_id":"AEP_ANCIENNEC__P46","economic_state":"S0","economic_exposure_eur":716516.0,"economic_damage_eur":15670.0,"economic_damage_ratio_pct":2.187,"economic_asset_count":2,"criticality_territory":"guadeloupe","criticality_family":"aep","criticality_scenario":"rp1000","criticality_period_years":"1000","criticality_hazard":"storm_cmcc"},"geometry":{"type":"Polygon","coordinates":[[[-61.32829348040231,16.255391785804665],[-61.32486557103618,16.255329034660292],[-61.323999670489414,16.254454647425106],[-61.3240274420573,16.253244902624484],[-61.32499030507634,16.25238756098451],[-61.3271648199197,16.252250965636573],[-61.32746014286773,16.252931421624652],[-61.328130211913056,16.252778092153875],[-61.3298710353188,16.253916109352925],[-61.331115543591665,16.253916109114368],[-61.33093021127855,16.254970569042666],[-61.33015734968037,16.25564369123644],[-61.32930721329153,16.255763941728652],[-61.328471976390276,16.255472826485523],[-61.328471978338264,16.25427613628523],[-61.32829348040231,16.255391785804665]],[[-61.3249601437877,16.253715339869434],[-61.32496014550133,16.25474944349709],[-61.32513864478257,16.254749443470374],[-61.3249601437877,16.253715339869434]]]}},{"type":"Feature","properties":{"feature_id":"AEP_ANCIENNEC__P47","layer_key":"eau_aep","layer_label":"Eau AEP","economic_unit_id":"AEP_ANCIENNEC__P47","economic_state":"S0","economic_exposure_eur":105335.0,"economic_damage_eur":2302.0,"economic_damage_ratio_pct":2.186,"economic_asset_count":2,"criticality_territory":"guadeloupe","criticality_family":"aep","criticality_scenario":"rp1000","criticality_period_years":"1000","criticality_hazard":"storm_cmcc"},"geometry":{"type":"Polygon","coordinates":[[[-61.269809021607344,16.251030962975364],[-61.26856233201353,16.251167440018115],[-61.26799084544779,16.25073241423784],[-61.268295477196446,16.250218591937863],[-61.26959663169327,16.250048687746613],[-61.27014448274628,16.250547707102015],[-61.269809021607344,16.251030962975364]]]}},{"type":"Feature","properties":{"feature_id":"AEP_ANCIENNEC__P48","layer_key":"eau_aep","layer_label":"Eau AEP","economic_unit_id":"AEP_ANCIENNEC__P48","economic_state":"S0","economic_exposure_eur":195155.0,"economic_damage_eur":4271.0,"economic_damage_ratio_pct":2.189,"economic_asset_count":4,"criticality_territory":"guadeloupe","criticality_family":"aep","criticality_scenario":"rp1000","criticality_period_years":"1000","criticality_hazard":"storm_cmcc"},"geometry":{"type":"Polygon","coordinates":[[[-61.29502120178701,16.265971430250122],[-61.29436215393256,16.266269382212506],[-61.2940234365806,16.265824492244505],[-61.29421045498833,16.263591003007793],[-61.294808554668876,16.263256589895903],[-61.29521780714919,16.263758243767256],[-61.29502120178701,16.265971430250122]]]}},{"type":"Feature","properties":{"feature_id":"AEP_ANCIENNEC__P49","layer_key":"eau_aep","layer_label":"Eau AEP","economic_unit_id":"AEP_ANCIENNEC__P49","economic_state":"S0","economic_exposure_eur":228781.0,"economic_damage_eur":5001.0,"economic_damage_ratio_pct":2.186,"economic_asset_count":2,"criticality_territory":"guadeloupe","criticality_family":"aep","criticality_scenario":"rp1000","criticality_period_years":"1000","criticality_hazard":"storm_cmcc"},"geometry":{"type":"Polygon","coordinates":[[[-61.27721994836565,16.267766049024804],[-61.27666651167311,16.267431582027253],[-61.27620349181336,16.26474699570644],[-61.276535668598946,16.26424933982107],[-61.27719846198928,16.26453940926372],[-61.27766803565087,16.267281419456395],[-61.27721994836565,16.267766049024804]]]}},{"type":"Feature","properties":{"feature_id":"AEP_ANCIENNEC__P5","layer_key":"eau_aep","layer_label":"Eau AEP","economic_unit_id":"AEP_ANCIENNEC__P5","economic_state":"S0","economic_exposure_eur":300264.0,"economic_damage_eur":6547.0,"economic_damage_ratio_pct":2.18,"economic_asset_count":2,"criticality_territory":"guadeloupe","criticality_family":"aep","criticality_scenario":"rp1000","criticality_period_years":"1000","criticality_hazard":"storm_cmcc"},"geometry":{"type":"Polygon","coordinates":[[[-61.7122907774978,15.990935428502565],[-61.711565618957145,15.990888410676838],[-61.70942497410699,15.98798982795574],[-61.709532137322434,15.987367683215966],[-61.710257282962054,15.987414696222327],[-61.71235417627907,15.990249900661764],[-61.7122907774978,15.990935428502565]]]}},{"type":"Feature","properties":{"feature_id":"AEP_ANCIENNEC__P50","layer_key":"eau_aep","layer_label":"Eau AEP","economic_unit_id":"AEP_ANCIENNEC__P50","economic_state":"S0","economic_exposure_eur":22179.0,"economic_damage_eur":485.0,"economic_damage_ratio_pct":2.186,"economic_asset_count":2,"criticality_territory":"guadeloupe","criticality_family":"aep","criticality_scenario":"rp1000","criticality_period_years":"1000","criticality_hazard":"storm_cmcc"},"geometry":{"type":"Polygon","coordinates":[[[-61.277647650482464,16.268819544331844],[-61.27695631846174,16.26903886960777],[-61.276564697179516,16.268623323057316],[-61.27657741764669,16.26819850955301],[-61.27697524535597,16.267930379946336],[-61.27744415679455,16.268120223054833],[-61.277647650482464,16.268819544331844]]]}},{"type":"Feature","properties":{"feature_id":"AEP_ANCIENNEC__P51","layer_key":"eau_aep","layer_label":"Eau AEP","economic_unit_id":"AEP_ANCIENNEC__P51","economic_state":"S0","economic_exposure_eur":505823.0,"economic_damage_eur":11064.0,"economic_damage_ratio_pct":2.187,"economic_asset_count":1,"criticality_territory":"guadeloupe","criticality_family":"aep","criticality_scenario":"rp1000","criticality_period_years":"1000","criticality_hazard":"storm_cmcc"},"geometry":{"type":"MultiPolygon","coordinates":[[[[-61.31972777638722,16.262035052653758],[-61.31912682338515,16.26204867205721],[-61.3191086628111,16.262668503205578],[-61.32053276920083,16.267383567428222],[-61.320218901194316,16.267936509859954],[-61.319549621679805,16.267660622937218],[-61.318104180072105,16.262882005045327],[-61.31765273175466,16.26265753546508],[-61.317638635259705,16.261215338527336],[-61.31687181629301,16.261089533911726],[-61.31765934216898,16.260377936366968],[-61.31871040783909,16.26028885919073],[-61.31956126671251,16.260793469382058],[-61.31995857967313,16.261763391927587],[-61.31972777638722,16.262035052653758]]],[[[-61.31996016845202,16.269054826335932],[-61.31914927260559,16.268809729494244],[-61.31856296139797,16.268180635908674],[-61.31972777826726,16.26809639629885],[-61.31996016845202,16.269054826335932]]]]}},{"type":"Feature","properties":{"feature_id":"AEP_ANCIENNEC__P6","layer_key":"eau_aep","layer_label":"Eau AEP","economic_unit_id":"AEP_ANCIENNEC__P6","economic_state":"S0","economic_exposure_eur":2896931.0,"economic_damage_eur":63438.0,"economic_damage_ratio_pct":2.19,"economic_asset_count":7,"criticality_territory":"guadeloupe","criticality_family":"aep","criticality_scenario":"rp1000","criticality_period_years":"1000","criticality_hazard":"storm_cmcc"},"geometry":{"type":"Polygon","coordinates":[[[-61.64106787599215,16.22734204872087],[-61.64347197772285,16.22724939966285],[-61.64361533528909,16.226470921562004],[-61.644855225296254,16.22742538525282],[-61.64545856063977,16.22905546583588],[-61.64505984828565,16.230673384644867],[-61.64414020980682,16.23204871715043],[-61.64329348461843,16.232048717042556],[-61.64397242289527,16.232297568638938],[-61.64245457204573,16.234548716856082],[-61.64162682188527,16.234548716758027],[-61.641626823364746,16.235441799857927],[-61.63923180432487,16.237687878501312],[-61.63769717545227,16.23857918341244],[-61.63765272866589,16.23664056689146],[-61.63847196353939,16.23621538298631],[-61.63746015746863,16.23621538286312],[-61.63738583740375,16.23859973171914],[-61.63579349473578,16.238715382577723],[-61.635697592532125,16.239456065948733],[-61.63496016267985,16.239548715781982],[-61.63490498089325,16.240241464529475],[-61.634126830623956,16.240382048986184],[-61.63398130900752,16.241162071405633],[-61.63329349856805,16.241215382190315],[-61.63317378607106,16.241976912586043],[-61.63246016651218,16.242048715394393],[-61.63246016755432,16.242687805969027],[-61.627638621694366,16.242212734299365],[-61.62690119307857,16.241956065089255],[-61.62662683108302,16.24121538137391],[-61.626480608492216,16.241995809728678],[-61.62405428668022,16.241541277777888],[-61.617404653671706,16.242303874231112],[-61.6130255296263,16.243479626978974],[-61.61139377310997,16.24294946435274],[-61.61028210490401,16.241591702099274],[-61.61016902265548,16.239749404047576],[-61.610971961300166,16.239749403962822],[-61.611010625154115,16.239083278248756],[-61.61180529590241,16.23891607050528],[-61.61190119938926,16.238175384764773],[-61.61263863050464,16.2380827370478],[-61.61264159045899,16.237525716247912],[-61.61598124682821,16.236485857683512],[-61.6224601548284,16.235739702989463],[-61.622287076258985,16.236178029384867],[-61.62162682219103,16.236215380923454],[-61.62180529734088,16.237249402560657],[-61.62195081796215,16.236469378469266],[-61.62347196516753,16.23641606900134],[-61.62356786787994,16.235675383704258],[-61.62430529983929,16.235541924723137],[-61.63138953962923,16.236597123670396],[-61.633328190466955,16.23421517140392],[-61.635353030407444,16.233018246249642],[-61.63832187261276,16.229749400360998],[-61.63903091443007,16.229842048899986],[-61.63912681501953,16.23058273360712],[-61.6405597850226,16.230582733205765],[-61.64106787599215,16.22734204872087]],[[-61.635138633397716,16.234548715968298],[-61.634960154405334,16.234548715946524],[-61.634960154737385,16.234749400885395],[-61.635138633397716,16.234548715968298]]]}},{"type":"Feature","properties":{"feature_id":"AEP_ANCIENNEC__P7","layer_key":"eau_aep","layer_label":"Eau AEP","economic_unit_id":"AEP_ANCIENNEC__P7","economic_state":"S0","economic_exposure_eur":464864.0,"economic_damage_eur":10180.0,"economic_damage_ratio_pct":2.19,"economic_asset_count":3,"criticality_territory":"guadeloupe","criticality_family":"aep","criticality_scenario":"rp1000","criticality_period_years":"1000","criticality_hazard":"storm_cmcc"},"geometry":{"type":"MultiPolygon","coordinates":[[[[-61.4998858356053,16.24776638702344],[-61.49912682567972,16.247882031444153],[-61.49912682601216,16.248082751948342],[-61.499840447958384,16.248154549384047],[-61.49996016014037,16.248506558534807],[-61.49896156283108,16.24852104677901],[-61.49757587977717,16.247881430257006],[-61.496669810880874,16.24694158941959],[-61.495536356683914,16.24644110407155],[-61.4939485948622,16.244773312477037],[-61.49364772859196,16.243853629232525],[-61.49392705977612,16.242976239360853],[-61.494767184165184,16.24235962136875],[-61.4957934827409,16.242357760003713],[-61.49579348394886,16.243082752272088],[-61.49653091724514,16.24317539534969],[-61.49662681877458,16.24391608551406],[-61.498308337611164,16.244133636906017],[-61.49996015515832,16.245485241709684],[-61.4998858356053,16.24776638702344]]],[[[-61.500299450111186,16.24562720067193],[-61.5007780651848,16.246032706540223],[-61.5011158874618,16.247048698295245],[-61.5002129542177,16.2469330536862],[-61.500299450111186,16.24562720067193]]]]}},{"type":"Feature","properties":{"feature_id":"AEP_ANCIENNEC__P8","layer_key":"eau_aep","layer_label":"Eau AEP","economic_unit_id":"AEP_ANCIENNEC__P8","economic_state":"S0","economic_exposure_eur":68825.0,"economic_damage_eur":1508.0,"economic_damage_ratio_pct":2.191,"economic_asset_count":1,"criticality_territory":"guadeloupe","criticality_family":"aep","criticality_scenario":"rp1000","criticality_period_years":"1000","criticality_hazard":"storm_cmcc"},"geometry":{"type":"Polygon","coordinates":[[[-61.50157522812961,16.25472999454506],[-61.50113114036483,16.255138234553762],[-61.500052785336614,16.25470470783686],[-61.49981747432932,16.254345562156843],[-61.50026530354869,16.253791504103674],[-61.50129972434914,16.254200976894516],[-61.50157522812961,16.25472999454506]]]}},{"type":"Feature","properties":{"feature_id":"AEP_ANCIENNEC__P9","layer_key":"eau_aep","layer_label":"Eau AEP","economic_unit_id":"AEP_ANCIENNEC__P9","economic_state":"S0","economic_exposure_eur":723357.0,"economic_damage_eur":15809.0,"economic_damage_ratio_pct":2.186,"economic_asset_count":2,"criticality_territory":"guadeloupe","criticality_family":"aep","criticality_scenario":"rp1000","criticality_period_years":"1000","criticality_hazard":"storm_cmcc"},"geometry":{"type":"Polygon","coordinates":[[[-61.75995988528632,16.06204873617911],[-61.759959885614286,16.062249382025055],[-61.76069788615356,16.06234255883894],[-61.760358244683125,16.062829365990545],[-61.759313871094385,16.063366362364068],[-61.75831362394282,16.063171109862104],[-61.75761865696902,16.062422319559463],[-61.75771316410273,16.061531705502496],[-61.758472236081964,16.061416048836332],[-61.75847223777193,16.06038206940177],[-61.757334367275234,16.06038206918593],[-61.757394241328264,16.059997069088485],[-61.75888512462307,16.058264649974035],[-61.75967301843776,16.05806406422524],[-61.762905252028524,16.058270766924583],[-61.76448874522854,16.058985320323405],[-61.76502483103641,16.059552605914718],[-61.76515257588458,16.060756569120393],[-61.76436247269699,16.061695242048472],[-61.76338188116793,16.06187266605399],[-61.76135948225905,16.06132816216945],[-61.76088952001278,16.06204873630091],[-61.75995988528632,16.06204873617911]]]}},{"type":"Feature","properties":{"feature_id":"AEP_APOTRESBE","layer_key":"eau_aep","layer_label":"Eau AEP","economic_unit_id":"AEP_APOTRESBE","economic_state":"S3","economic_exposure_eur":27502631.0,"economic_damage_eur":5862193.0,"economic_damage_ratio_pct":21.315,"economic_asset_count":310,"criticality_territory":"guadeloupe","criticality_family":"aep","criticality_scenario":"rp1000","criticality_period_years":"1000","criticality_hazard":"storm_cmcc"},"geometry":{"type":"MultiPolygon","coordinates":[[[[-61.78496011387192,16.199548734401407],[-61.78586036595288,16.201321985379867],[-61.78508432384465,16.207922466684202],[-61.78260516759575,16.208769281370497],[-61.78299801490724,16.21013911903152],[-61.78486715894146,16.211470311779113],[-61.784785506460196,16.218757523951684],[-61.78869248561812,16.22883112976632],[-61.7911487778153,16.23212314610091],[-61.79437940827794,16.235582715878415],[-61.796323229269,16.23669209949854],[-61.79697088114278,16.2378292940105],[-61.79638240372424,16.238926755754232],[-61.79661274877934,16.24015755375967],[-61.79579351586486,16.240382067556226],[-61.795793517576364,16.24141604925026],[-61.796552521426534,16.24153170534885],[-61.79662685375818,16.24308271586918],[-61.797460187752066,16.243441963807857],[-61.79523652437793,16.244457843685158],[-61.79513859856268,16.243715400708695],[-61.79361746523678,16.24366208657457],[-61.79348603573787,16.241640561715126],[-61.794305269464196,16.24121540070168],[-61.79356812621036,16.241122990718758],[-61.79246018456604,16.24183740916733],[-61.792405000442585,16.24357480785362],[-61.79162685426779,16.24371540032994],[-61.791626858145754,16.24606348365197],[-61.78839660574068,16.244820369054484],[-61.78644577687641,16.242249383461104],[-61.78703767145801,16.24142967119456],[-61.78812042160682,16.24145340263712],[-61.788471935095004,16.24224938339506],[-61.7885678464295,16.24150870363688],[-61.789305269711086,16.241416049950555],[-61.78930527048451,16.24093377663843],[-61.78767662406178,16.24020867284929],[-61.78782489897947,16.237804847862193],[-61.785846844945254,16.235858990713254],[-61.784190584433766,16.238656564500154],[-61.780785132789504,16.23760571102481],[-61.780645043016776,16.236643376646086],[-61.77907799291379,16.234868601143617],[-61.78128152285646,16.231229760140454],[-61.78022129811803,16.22886389103231],[-61.78039724276672,16.227167968632777],[-61.779628713938834,16.226784302412206],[-61.7728855044945,16.22785484214467],[-61.77143811256259,16.22621539854649],[-61.769288289354684,16.226215398479937],[-61.76412682580999,16.228343565917275],[-61.76309136415651,16.229524650514296],[-61.76198093885861,16.229548730743637],[-61.760561110427474,16.231201775336114],[-61.75867408838126,16.231191316668294],[-61.758471958489594,16.230235850051358],[-61.75753976183133,16.230072886230403],[-61.75216482168552,16.23121387270552],[-61.750402179992015,16.231209317361383],[-61.74996016155014,16.23074252759435],[-61.7496648218023,16.2320472057336],[-61.747784145708735,16.231995416048914],[-61.747638624838935,16.231215395905323],[-61.74692500383952,16.231143589807523],[-61.74680529298397,16.230382062506184],[-61.7460916714453,16.23031025642406],[-61.74597196098717,16.2296356150125],[-61.74449564374824,16.228494977148408],[-61.744319574213186,16.227616574156194],[-61.747486002701265,16.225322320170434],[-61.74855058953332,16.22638217141052],[-61.75089449356215,16.226984322147878],[-61.75248493757269,16.22639200461627],[-61.75668583011099,16.22308999230528],[-61.758663306816935,16.22241976163371],[-61.757630422850085,16.21988438842638],[-61.75621165807652,16.21945705245204],[-61.75516217331863,16.21845700716402],[-61.755974802142134,16.217604846233968],[-61.75606787840569,16.216508705745998],[-61.75710842963592,16.216416052510183],[-61.75777749295196,16.2157144201816],[-61.75873357504644,16.21370884842291],[-61.75852716699038,16.211556642416614],[-61.75939377092906,16.21141605241943],[-61.76124440634239,16.20875618318487],[-61.76626658119079,16.2089160513239],[-61.7743053272289,16.207677442454465],[-61.774330250686,16.20661133261579],[-61.775138662562746,16.206416050614195],[-61.77528416874311,16.205636029681976],[-61.77708556775339,16.205582716744225],[-61.77886939805001,16.203450969605516],[-61.781744740441745,16.202482396319862],[-61.78052829949062,16.201373706614536],[-61.78180533978603,16.199548734058176],[-61.781010664062386,16.199381513720787],[-61.78097200930064,16.197882067355735],[-61.78028417487828,16.19782875333132],[-61.78013867743988,16.197048733959043],[-61.7793069210697,16.19676339810545],[-61.77950673117024,16.19602474638154],[-61.781049923541254,16.195051667602225],[-61.78341933829046,16.194761197315753],[-61.78569755296034,16.1956753697324],[-61.78578715620504,16.19929410659378],[-61.78496011387192,16.199548734401407]],[[-61.76513864169595,16.219759927164162],[-61.76531171708829,16.218953404363983],[-61.76658814961587,16.219083269398098],[-61.76655249211006,16.22026640830331],[-61.76549463241576,16.220382064578722],[-61.765863165157825,16.221026116278715],[-61.76838096743828,16.22101223766789],[-61.77116732073228,16.221934573022427],[-61.77386895753905,16.221582800523148],[-61.77284414565849,16.220912382593376],[-61.77054279950788,16.221381489594144],[-61.768785287286484,16.22086684594761],[-61.767625629740955,16.21949104546212],[-61.76715060150857,16.217194228529387],[-61.76456288419466,16.218753711452244],[-61.76513864169595,16.219759927164162]],[[-61.77727649045131,16.213566242865586],[-61.773515659248766,16.213893993854885],[-61.77356572499973,16.214430223919944],[-61.775666971584634,16.215070841995246],[-61.77702978325418,16.216315518826967],[-61.77886841205877,16.215457418639325],[-61.77727649045131,16.213566242865586]]],[[[-61.77829350464956,16.23474938431351],[-61.77908817390915,16.234916602238602],[-61.77910191478668,16.236020116070904],[-61.7769005172607,16.236215398916286],[-61.77796605931017,16.233916050604414],[-61.77829350464956,16.23474938431351]]],[[[-61.782758325902876,16.239821189367206],[-61.7851386062874,16.239749383693685],[-61.785212935901065,16.239031706130767],[-61.785842362104226,16.238916050277933],[-61.78465240473869,16.240452521577666],[-61.782966059289954,16.24121539908311],[-61.782758325902876,16.239821189367206]]],[[[-61.78662684627677,16.23923239103316],[-61.786359495601246,16.242043196205177],[-61.78608308215526,16.240668118059034],[-61.78629939261008,16.23891604982271],[-61.78662684627677,16.23923239103316]]]]}},{"type":"Feature","properties":{"feature_id":"AEP_BEAUGENDRE","layer_key":"eau_aep","layer_label":"Eau AEP","economic_unit_id":"AEP_BEAUGENDRE","economic_state":"S3","economic_exposure_eur":28731071.0,"economic_damage_eur":6124035.0,"economic_damage_ratio_pct":21.315,"economic_asset_count":321,"criticality_territory":"guadeloupe","criticality_family":"aep","criticality_scenario":"rp1000","criticality_period_years":"1000","criticality_hazard":"storm_cmcc"},"geometry":{"type":"MultiPolygon","coordinates":[[[[-61.769605366236014,16.05892061987465],[-61.7689913215823,16.062583736888683],[-61.76380468852752,16.06371600608526],[-61.7657703505714,16.065363839229448],[-61.76638907746801,16.0667019985506],[-61.76620075432071,16.070582714656428],[-61.76662028045366,16.070837342615867],[-61.766626569856285,16.072565725130282],[-61.76608916521856,16.072882069755263],[-61.76592838731414,16.07619482167533],[-61.76869963402437,16.07681112044263],[-61.76865537779239,16.078969267072257],[-61.76917343490873,16.07971686741519],[-61.76847697361139,16.08130803631482],[-61.768104887134875,16.084779687050304],[-61.76829325803967,16.085582715015953],[-61.76910168517833,16.085777998584206],[-61.76908795825048,16.086881515149805],[-61.76745992837959,16.087882069495272],[-61.7673145112181,16.08866208856721],[-61.76541576283051,16.088715402280254],[-61.764006970446125,16.090310261689137],[-61.76329326534748,16.09038206895265],[-61.763147846578114,16.091162088114242],[-61.761340082252495,16.091215401730235],[-61.75833782238683,16.09358501018582],[-61.75675772889904,16.092620161042138],[-61.75627463908452,16.095213369291987],[-61.75300096462965,16.09764438463908],[-61.75050191412919,16.098784902123253],[-61.74842170951705,16.098480259236098],[-61.74791263518272,16.09815096545364],[-61.749582652302166,16.094787207968093],[-61.749983108492636,16.090162599975763],[-61.75382710745802,16.085718904808406],[-61.75179041560974,16.08539162879689],[-61.75047965012128,16.08442793195104],[-61.750832664207834,16.08035060422722],[-61.75202932518381,16.079548734511217],[-61.75102734812544,16.079408141914648],[-61.75097221004776,16.077882067991744],[-61.747917644710604,16.077882067351428],[-61.74706605608926,16.075923592631735],[-61.74787108585757,16.074763004710036],[-61.75097221517351,16.074749383337014],[-61.75152751600711,16.07195890531455],[-61.75031183104954,16.07201138081111],[-61.749959899161716,16.071215401430397],[-61.749840284629066,16.072810260930797],[-61.74764756215974,16.072882067779563],[-61.74841949799038,16.071928106738593],[-61.7475019640368,16.069749383614983],[-61.74790223326922,16.068922128125287],[-61.75097222471507,16.068916049858846],[-61.75109184082051,16.068154522249152],[-61.751963373519125,16.06808271626982],[-61.7523936657336,16.066064473885653],[-61.75347222893212,16.06615241243608],[-61.75371875649186,16.064939936143816],[-61.75276768979777,16.06431011141227],[-61.75289447805128,16.063715401744872],[-61.752459887176876,16.063715401955786],[-61.752257926552886,16.064524654474614],[-61.7509666049456,16.06454873509716],[-61.750271670548265,16.06224938300841],[-61.751453614192066,16.062286735673823],[-61.75180556748631,16.06308271628756],[-61.75186070705868,16.06072330767994],[-61.75356233127677,16.060582715972664],[-61.7539038558812,16.05898068729462],[-61.755571023707134,16.058085544403184],[-61.75544860474191,16.05704873548766],[-61.75221609965076,16.057048735239643],[-61.75159205021668,16.056343939982902],[-61.75116473589749,16.055611124139826],[-61.7526389129769,16.055582716008363],[-61.752638914666164,16.054548735609455],[-61.752286943018106,16.055344714843578],[-61.751069735567874,16.055382068677147],[-61.75076041749901,16.053467305350157],[-61.75122874420253,16.05174528314004],[-61.75216479148251,16.051417572122496],[-61.75245986844032,16.05224938261237],[-61.75503543334569,16.05224938234315],[-61.755041603574305,16.050737168532034],[-61.756376586351244,16.050828138550486],[-61.75613629089698,16.048329669519813],[-61.75437984914979,16.04693307794867],[-61.754305594743855,16.04621540273513],[-61.75329319201257,16.04621540262213],[-61.75412024036204,16.046670676180902],[-61.753923728246086,16.048691617679204],[-61.75116523610228,16.04583952141795],[-61.75087485504044,16.0432050295502],[-61.75214693486357,16.040858518692733],[-61.75412651480052,16.039697401925057],[-61.754126516243915,16.04058271547038],[-61.754864037408105,16.040675369587262],[-61.754959851030144,16.0414160487314],[-61.75645359840364,16.041453401403363],[-61.75662651924239,16.042249381899648],[-61.75736403952537,16.04234203608421],[-61.75745985412343,16.043142624319184],[-61.75845005060819,16.04399894440125],[-61.760175841964355,16.04421210373242],[-61.76384593224694,16.048574830121897],[-61.764942113241155,16.048923164653967],[-61.7650025928117,16.050161843303314],[-61.769605366236014,16.05892061987465]],[[-61.752638930669804,16.04474938240641],[-61.752638930997364,16.044548735936957],[-61.75245985586526,16.04454873591694],[-61.752638930669804,16.04474938240641]],[[-61.7541265393767,16.05474938248828],[-61.75430558080593,16.0547493824683],[-61.75430558113373,16.054548735795517],[-61.7541265393767,16.05474938248828]]],[[[-61.76517748888686,16.091583268301854],[-61.765972186105614,16.091416048750563],[-61.766145149903245,16.09062006818772],[-61.769037882176086,16.090682963329535],[-61.76513884995594,16.093191714005123],[-61.76517748888686,16.091583268301854]]]]}},{"type":"Feature","properties":{"feature_id":"AEP_BEAUSOLEIL","layer_key":"eau_aep","layer_label":"Eau AEP","economic_unit_id":"AEP_BEAUSOLEIL","economic_state":"S3","economic_exposure_eur":16295537.0,"economic_damage_eur":3473398.0,"economic_damage_ratio_pct":21.315,"economic_asset_count":121,"criticality_territory":"guadeloupe","criticality_family":"aep","criticality_scenario":"rp1000","criticality_period_years":"1000","criticality_hazard":"storm_cmcc"},"geometry":{"type":"MultiPolygon","coordinates":[[[[-61.77910191478668,16.236020116070904],[-61.77857008282137,16.236215399096164],[-61.778756221860064,16.235631983940316],[-61.77908817390915,16.234916602238602],[-61.77910191478668,16.236020116070904]]],[[[-61.78150714035786,16.252321189677538],[-61.78155253600559,16.253599741929875],[-61.78067209477372,16.2537153987244],[-61.78013858561824,16.252565724406736],[-61.78150714035786,16.252321189677538]]],[[[-61.7818439481493,16.23324993547117],[-61.782638617610324,16.233082717131275],[-61.782712944655465,16.23236503954027],[-61.783471952225064,16.232249383686344],[-61.78354627897855,16.231531706137382],[-61.7843052871717,16.23121539995031],[-61.78203767551824,16.231201777588407],[-61.781805288650105,16.23049895801604],[-61.78350981943936,16.229395837649353],[-61.78746016185895,16.228444480559073],[-61.78829349746404,16.229749383100216],[-61.789052505886474,16.22986503902695],[-61.78912683226577,16.230582716364246],[-61.789885840354124,16.23069837231512],[-61.789960167067534,16.23141604962834],[-61.79073831681336,16.231556640649536],[-61.790793503247876,16.233082716246777],[-61.79161273734524,16.233307228331174],[-61.79162683950044,16.234794082040768],[-61.793039967149724,16.23558271580873],[-61.79478708404768,16.235620068542282],[-61.795793510680234,16.237249382478822],[-61.79657165868963,16.237389973704374],[-61.79641116088189,16.240362668820264],[-61.797204215804804,16.243031393608526],[-61.79802611220962,16.24474938214609],[-61.798953758068436,16.244786735012433],[-61.79912685816536,16.245582715663442],[-61.79994609133182,16.245807228126434],[-61.79990500569648,16.246908141567815],[-61.799126159508766,16.247048734360092],[-61.80033375534072,16.25092369934466],[-61.801530952750134,16.25150870278259],[-61.80162686947403,16.252249382229827],[-61.80236428712158,16.252342036066672],[-61.80246020477471,16.253400943003307],[-61.806899986099566,16.257776501769065],[-61.80652089832774,16.259114523957013],[-61.8069897762639,16.265086401162822],[-61.80758176760097,16.266554773300115],[-61.805793564210674,16.26891604887084],[-61.807364307026724,16.269008702632508],[-61.80746023243679,16.269749382047436],[-61.808268636140625,16.26994466493219],[-61.80829356824009,16.271185844655253],[-61.80522334622322,16.272861434402287],[-61.8034271618116,16.27326201410911],[-61.80127082492808,16.272829655899],[-61.79950575640622,16.271440877758856],[-61.800138552081314,16.271416049538754],[-61.80023447795589,16.270675369898374],[-61.800971886701134,16.2705827160951],[-61.80104622831565,16.269865038826442],[-61.802503157166406,16.268916049236203],[-61.8028067945673,16.262048734120157],[-61.802196618003904,16.2628759885555],[-61.79947834674898,16.262844713252164],[-61.79930523719116,16.260350311479637],[-61.7974602152058,16.260014552569938],[-61.79716482687673,16.261213876621134],[-61.78964888447346,16.26126490168976],[-61.78827690029565,16.260876597397072],[-61.786072164553694,16.261224280816105],[-61.78642622710589,16.258008711264825],[-61.78449549513543,16.25757685039315],[-61.78330400892339,16.256652802852695],[-61.78460682067101,16.255380836049845],[-61.78430525130487,16.252882065899954],[-61.783510586028264,16.25271484623661],[-61.78347192082957,16.251215399197893],[-61.78181154835777,16.250127439269452],[-61.78183018493864,16.249111332604127],[-61.7825103026145,16.24846408591262],[-61.78273283917945,16.24517515587672],[-61.78427046029804,16.243839616449016],[-61.78288121755306,16.242982136106328],[-61.78300075017816,16.241215399152242],[-61.78205094697628,16.238410337408812],[-61.78307695884119,16.235382066143902],[-61.7821006306698,16.23538054251773],[-61.7818439481493,16.23324993547117]],[[-61.7884719431781,16.23736181693402],[-61.78773424353881,16.236487792659897],[-61.78664502026457,16.237967513489547],[-61.78849686568479,16.239353449679577],[-61.7884719431781,16.23736181693402]],[[-61.78886203679956,16.239548733225366],[-61.78867640601071,16.239525456224747],[-61.78876729656045,16.239547209767323],[-61.78886203679956,16.239548733225366]],[[-61.79443237422595,16.24627240913605],[-61.79388920481772,16.245754771109556],[-61.79397626882917,16.247141598745568],[-61.79443237422595,16.24627240913605]],[[-61.79731026144148,16.253733516315414],[-61.79731844890227,16.2537321432075],[-61.79731631890522,16.25373064045209],[-61.79731026144148,16.253733516315414]]],[[[-61.797712905962904,16.261531705599364],[-61.79900715116734,16.261487855051467],[-61.79905254919349,16.26276640959013],[-61.79784073312936,16.262857986307704],[-61.797712905962904,16.261531705599364]]]]}},{"type":"Feature","properties":{"feature_id":"AEP_BEAUVALLON","layer_key":"eau_aep","layer_label":"Eau AEP","economic_unit_id":"AEP_BEAUVALLON","economic_state":"S3","economic_exposure_eur":19326848.0,"economic_damage_eur":4119523.0,"economic_damage_ratio_pct":21.315,"economic_asset_count":382,"criticality_territory":"guadeloupe","criticality_family":"aep","criticality_scenario":"rp1000","criticality_period_years":"1000","criticality_hazard":"storm_cmcc"},"geometry":{"type":"MultiPolygon","coordinates":[[[[-61.731626460405344,16.007882068101498],[-61.73150688357262,16.00864359434947],[-61.73053392333932,16.008715401018762],[-61.72978690662736,16.00951138061794],[-61.72753500947874,16.009735073359877],[-61.72686077892058,16.009408141797287],[-61.726805659208964,16.00871540085871],[-61.72601094579384,16.008548180857236],[-61.72597232869117,16.007048734151365],[-61.724360782560765,16.006908141688523],[-61.72430566629824,16.004548734042604],[-61.722459787267354,16.00454873383145],[-61.72219653399177,16.005375988199493],[-61.71995978833786,16.00538206685113],[-61.71990926831274,16.006067387086144],[-61.71903196879884,16.00441688103467],[-61.71889747301308,16.002640724973762],[-61.719820881070646,15.998668584085541],[-61.72103682031406,15.997331739935875],[-61.723668799795654,15.995887726112228],[-61.724518975805196,15.993683509850078],[-61.728287489558376,15.990008417773437],[-61.72912643332497,15.991416050406485],[-61.729904650593355,15.991556641513299],[-61.72995976810845,15.992249383665506],[-61.73073798513185,15.992389974803888],[-61.73079310323224,15.993302866446475],[-61.73240465533607,15.994889974728418],[-61.73245977381466,15.995582716796855],[-61.733237989874674,15.995723308019107],[-61.73362938605619,15.997249383248967],[-61.74323800321086,16.004889974166986],[-61.746370054451376,16.010200719860347],[-61.745983378245235,16.010582715634722],[-61.74661238311019,16.010807228796654],[-61.74662647268074,16.014387033833216],[-61.740312290824285,16.016108883756743],[-61.73752551781692,16.01562489165304],[-61.73597231523769,16.014563073414877],[-61.73597231797552,16.012882068431214],[-61.73515306877097,16.012657554539366],[-61.735138992135525,16.00833004835286],[-61.73296605994857,16.007048734561973],[-61.731626460405344,16.007882068101498]],[[-61.7407931362515,16.012882068976133],[-61.74079313657833,16.0130827162858],[-61.74097231704433,16.013082716265586],[-61.7407931362515,16.012882068976133]],[[-61.741626471362956,16.01391604954575],[-61.741805648919694,16.01391604952555],[-61.74180564924655,16.01371540239643],[-61.741626471362956,16.01391604954575]],[[-61.74245980582074,16.014548735776245],[-61.74245980614762,16.014749382805768],[-61.743472314028,16.014749382691733],[-61.74245980582074,16.014548735776245]]],[[[-61.72354656896028,16.007365040512084],[-61.72484021449741,16.007321190076027],[-61.724885553424826,16.008599743397703],[-61.72370445038628,16.0087017784],[-61.72354656896028,16.007365040512084]]]]}},{"type":"Feature","properties":{"feature_id":"AEP_BELIN","layer_key":"eau_aep","layer_label":"Eau AEP","economic_unit_id":"AEP_BELIN","economic_state":"S3","economic_exposure_eur":100665379.0,"economic_damage_eur":21456852.0,"economic_damage_ratio_pct":21.315,"economic_asset_count":903,"criticality_territory":"guadeloupe","criticality_family":"aep","criticality_scenario":"rp1000","criticality_period_years":"1000","criticality_hazard":"storm_cmcc"},"geometry":{"type":"MultiPolygon","coordinates":[[[[-61.49978719463908,16.397286770134325],[-61.499960409206984,16.398082755572876],[-61.50067393979885,16.398154552044232],[-61.50531035724752,16.402135687160868],[-61.504066423124975,16.4034364587129],[-61.50229063183954,16.403846532777685],[-61.49746975568579,16.4015610240457],[-61.49504317406319,16.402391351998155],[-61.49162708142575,16.402071276265243],[-61.49148144858343,16.402828718321075],[-61.490466060448455,16.402882024792184],[-61.49014258496416,16.401684260370978],[-61.4883194915791,16.40120895440467],[-61.48717242345949,16.40519540506441],[-61.48603434849362,16.406180074240346],[-61.484646231569016,16.40652971624502],[-61.48306927211442,16.40616428554204],[-61.48183162959017,16.404992883925413],[-61.481575598952084,16.401648205690865],[-61.48028096706525,16.39900325054155],[-61.47746040886376,16.39970088387167],[-61.47743546767876,16.401020099438117],[-61.47662707861878,16.401626786484098],[-61.47523435302924,16.401956047290387],[-61.475138379593496,16.40027596494955],[-61.4689474384862,16.402771695172227],[-61.47638715700481,16.419911774075004],[-61.47885676393968,16.420154175275403],[-61.48952783946297,16.417395666168385],[-61.48960793371324,16.413399520012838],[-61.49023934379001,16.411035899755884],[-61.49107441986861,16.40980033167531],[-61.49241431517799,16.40909060828182],[-61.494978695828046,16.409515423886887],[-61.498456641402456,16.412221198637628],[-61.499461533945016,16.413746131044228],[-61.503655581989385,16.41291025039864],[-61.50783745517,16.413021880397714],[-61.50692200127999,16.411134934044117],[-61.5073187164034,16.40808448228106],[-61.50866943862352,16.406770047756442],[-61.51098207471486,16.406543694247464],[-61.51135589141298,16.40604965655887],[-61.514962840415116,16.40784028138958],[-61.521080927067416,16.408778203787598],[-61.521704766597274,16.41191104476613],[-61.52513835253427,16.412180152394253],[-61.52531158122619,16.411453434135925],[-61.52680502024518,16.411416085679246],[-61.52748585738287,16.409759902181392],[-61.53099191745969,16.40983602318879],[-61.533844067094044,16.414312599789003],[-61.53456217826803,16.421891899760848],[-61.5334870193499,16.422820435670122],[-61.533293793048585,16.425582751850513],[-61.53407189365405,16.42572332670272],[-61.534120831171414,16.426794098520414],[-61.531950647861954,16.426995388751262],[-61.53180499613751,16.425382029935058],[-61.53087786999902,16.426185497592254],[-61.53017414404646,16.4255914093186],[-61.52669384560627,16.42687027233776],[-61.524338495401054,16.426233367605555],[-61.52389453076721,16.42703507497413],[-61.51800622059556,16.428228419982656],[-61.51508097383228,16.431061483604225],[-61.51584370282675,16.438390371749634],[-61.517479435603065,16.441213374011408],[-61.51589922474556,16.442985537926525],[-61.51675445074394,16.448082754607206],[-61.51745419777217,16.448337349122465],[-61.51700041654725,16.449548693679603],[-61.51735370123187,16.451654216754722],[-61.51664693792757,16.45304297628418],[-61.51629285579874,16.456024538392764],[-61.51501278812673,16.45729548063463],[-61.51363115837003,16.463634334787983],[-61.51383404861703,16.465191543820467],[-61.51518442313044,16.46535731931626],[-61.51521836927003,16.468916088602978],[-61.515779748716405,16.469140572326268],[-61.515787568217746,16.47096076428865],[-61.51496053393115,16.47121535953317],[-61.51472788571605,16.472035072381615],[-61.51334305419005,16.4715724930615],[-61.50597675672128,16.480168226605308],[-61.50308125896126,16.484338419604892],[-61.501833433854614,16.484339767867233],[-61.501509850588796,16.483351269720124],[-61.499746544047206,16.481801696832306],[-61.50130326780885,16.47982760877118],[-61.5002574098438,16.477672610913103],[-61.501091391884685,16.475507822632945],[-61.500971585460526,16.47401405228463],[-61.49829386795435,16.472951665336524],[-61.49812058911703,16.47367800827786],[-61.49695060711815,16.473662050244936],[-61.49680492141832,16.47280890355651],[-61.495249327545004,16.4716748953819],[-61.49460586013037,16.470303802367734],[-61.48963974722089,16.46843528119069],[-61.4889696071062,16.46973142494525],[-61.487377739386474,16.470931080331127],[-61.485715466881594,16.46947001176981],[-61.48492276705366,16.469431059627578],[-61.48312352584158,16.470714402488376],[-61.48222010787755,16.46864708341757],[-61.47610766333939,16.468546627497826],[-61.47355423611963,16.469104322896783],[-61.46990973098846,16.468790147523958],[-61.47021626744805,16.47419261989457],[-61.47073830639029,16.475964956582988],[-61.472482040162646,16.478303947299857],[-61.47068268160253,16.47958713834576],[-61.47023978446713,16.480738190110387],[-61.47053196326029,16.48428748957152],[-61.46775107409671,16.488800300648233],[-61.46633758531945,16.490297882911012],[-61.46477868617566,16.49102871801408],[-61.465118576268154,16.492819382948515],[-61.46915761698918,16.492263754838998],[-61.47127086530088,16.49326318139889],[-61.47155459392226,16.496709626947908],[-61.477071200338905,16.502515381525228],[-61.47598249526336,16.504592901556453],[-61.472611842468034,16.504243335834154],[-61.46940614402733,16.504577781126407],[-61.46856985651898,16.505160107895826],[-61.46776287096367,16.50493148949335],[-61.466306899213194,16.50194279216487],[-61.46857994955995,16.499479562168702],[-61.46773056038923,16.498559072160276],[-61.464338266642386,16.499097965247746],[-61.46143115295766,16.495516995922777],[-61.45896825176493,16.49413021457574],[-61.45814735089875,16.488346718678734],[-61.45092353349897,16.4896001622321],[-61.446491244501416,16.48747208728351],[-61.44774808508084,16.483980859869675],[-61.46001857312475,16.48185874887654],[-61.46235767153539,16.482517802602633],[-61.464480353374405,16.48179972506343],[-61.465926480225896,16.47990222171832],[-61.44977890193849,16.482418038752865],[-61.44819269843234,16.482226819589354],[-61.44872410181686,16.480130333703656],[-61.448430351650785,16.47910668600873],[-61.44922907237472,16.47846856772319],[-61.450027811113195,16.476222249601342],[-61.46392711144062,16.47395339896771],[-61.46357183415038,16.468755313006824],[-61.461224535458946,16.467131583829985],[-61.46038052423235,16.463890255588023],[-61.45859144929286,16.463643555842246],[-61.458073077199096,16.46193346647409],[-61.454329898092475,16.46102009723874],[-61.454319065873534,16.45830724144604],[-61.455373853682,16.458082762898073],[-61.453908177989526,16.457275288864583],[-61.45468189940839,16.45496372070055],[-61.453347782673106,16.453384742853427],[-61.45124518166309,16.453539005993182],[-61.44970390023359,16.452891037658507],[-61.44874376710432,16.45160609244816],[-61.448329238587114,16.449478814960564],[-61.44868065095645,16.45244805294262],[-61.44803147279562,16.45403751459581],[-61.44608948261556,16.45296751627569],[-61.44247194585966,16.452812368524242],[-61.4411475122621,16.44977623606131],[-61.44082207361026,16.447259239952277],[-61.44127869220293,16.445754599712597],[-61.43911510019662,16.44598291475423],[-61.438091488085036,16.44702460628796],[-61.43484946729185,16.44760511740236],[-61.43306347107389,16.447122713426623],[-61.43187599324921,16.44576720431711],[-61.429976577501954,16.450461730915208],[-61.430305838539454,16.453631387449295],[-61.42807465424343,16.453781512243786],[-61.42715150642545,16.45436317813972],[-61.42622274629266,16.453674166479264],[-61.42578878051954,16.449946662798787],[-61.42648511185703,16.44821727913717],[-61.42679618844734,16.444774279850332],[-61.42636007859104,16.443682405388596],[-61.42847165011466,16.441830529590387],[-61.4284857656727,16.439973909075317],[-61.429304986839014,16.4397494329601],[-61.429537590676674,16.438929718405955],[-61.430673977197024,16.43898789353483],[-61.43162713769627,16.44058276598917],[-61.43263831827669,16.440582765847758],[-61.43364489925954,16.438953445695976],[-61.434787223475865,16.438953445537503],[-61.43494635827423,16.440157538302874],[-61.43412713771136,16.440382016221424],[-61.43401643893803,16.441135572177444],[-61.44348626948075,16.439972543861625],[-61.444304984611655,16.439749430868602],[-61.44456878924122,16.438922174453168],[-61.44698267962251,16.43905026380265],[-61.448667397506696,16.437029300985166],[-61.45037927378312,16.438502012929163],[-61.451204267320236,16.442375481996176],[-61.454220663595116,16.447137271626875],[-61.45597470106642,16.44570440674474],[-61.45843420175015,16.445291960733886],[-61.46099364056085,16.44255011374935],[-61.46339634914917,16.441096469023524],[-61.464941848891144,16.438912125296948],[-61.46732396434738,16.43774630785468],[-61.4679998292028,16.436217429150947],[-61.47344045582663,16.430427792477378],[-61.47300088517998,16.42838669737031],[-61.47074611521299,16.42739496935129],[-61.468677700294315,16.423634633028858],[-61.46456945277372,16.423495763537787],[-61.46121785935004,16.42197207824552],[-61.46184852979349,16.421215354001536],[-61.460163292673144,16.421020098151082],[-61.46023433486801,16.41900873509408],[-61.46180501698501,16.41891609459924],[-61.46192483134402,16.418154556503566],[-61.46284897375643,16.418082760906906],[-61.462970867086796,16.41690996927409],[-61.46417832062174,16.41693057592451],[-61.46629312004321,16.415389519310914],[-61.46574943365283,16.413725793257537],[-61.46613742212755,16.4122227234781],[-61.462534993766184,16.40391234936836],[-61.462444547899956,16.40121535475794],[-61.45972420712469,16.401215354158857],[-61.45930504813733,16.4005382224576],[-61.45945068053901,16.398969399336497],[-61.461805050485246,16.39891609409944],[-61.461464755363934,16.396215354664005],[-61.460340665852854,16.396191277351647],[-61.46013838997717,16.395382021307352],[-61.45912706577779,16.39538202116833],[-61.45900726803309,16.396143557703716],[-61.45746040027482,16.39621535424493],[-61.45746040089636,16.396596324705392],[-61.456836437015305,16.39545692498321],[-61.455438116940364,16.391417419559527],[-61.45597173055699,16.391416094714458],[-61.45617400393841,16.390606837354497],[-61.4576383983733,16.3905827611308],[-61.45763840010311,16.38954868782219],[-61.45722784383618,16.39036840088014],[-61.45521277486984,16.390266379937774],[-61.45515251140427,16.38830724110535],[-61.45597173613294,16.38808276129796],[-61.45597174064973,16.385382021063077],[-61.455234374834696,16.38528937909467],[-61.45513840883225,16.384548687642297],[-61.453473320571945,16.384263392859932],[-61.45352696368413,16.383223332263363],[-61.45430507807247,16.383082761403035],[-61.454305079801394,16.3820486876096],[-61.45374760901789,16.38204434732788],[-61.454789193137806,16.381014232154435],[-61.4574603733237,16.380119055258575],[-61.45746037691371,16.38224942761407],[-61.45994626905863,16.38247390746254],[-61.45994627209239,16.384324206667888],[-61.4591270479914,16.384749427447098],[-61.46013840678777,16.38533116099767],[-61.4603406740947,16.384773503358982],[-61.46148142889859,16.384802732129177],[-61.46162705067924,16.386152235821513],[-61.462446276056404,16.386640574047842],[-61.462525976661965,16.388082760414246],[-61.46425513975084,16.388082760174786],[-61.466008510357376,16.392048688870087],[-61.4644782666517,16.392011339993388],[-61.464305063006385,16.391215355349658],[-61.464126731179675,16.39173885816388],[-61.46644004169317,16.397022187122307],[-61.46893156149179,16.396509702551825],[-61.47258696476195,16.394704261516022],[-61.473147097239675,16.393245285575194],[-61.47425783018402,16.39230873579021],[-61.480793735055165,16.395174271140796],[-61.49601040676823,16.397416620111983],[-61.49978719463908,16.397286770134325]],[[-61.43336672799454,16.44121534943931],[-61.43329380565968,16.44121534941087],[-61.43329380567511,16.441224303356055],[-61.43336672799454,16.44121534943931]],[[-61.461943723687945,16.45060771467931],[-61.46015476041657,16.451234097207006],[-61.46112497780064,16.455111615243283],[-61.46226826372631,16.452886784798128],[-61.46387234231573,16.451871288944933],[-61.46598625993712,16.452020183961633],[-61.46747770658151,16.45334690105981],[-61.467730263793044,16.455657473610774],[-61.465413709294516,16.45992920614948],[-61.46681879773199,16.462871937850174],[-61.479391358795816,16.462607884704482],[-61.479077730668415,16.46108385566283],[-61.47646769844826,16.461088988039183],[-61.47395317023124,16.45975605348432],[-61.47276808424235,16.45765863983845],[-61.47299854423947,16.455346188022567],[-61.471674350227055,16.45460903115044],[-61.47083848956493,16.45326747601765],[-61.47051132556636,16.450380093816793],[-61.47154436553698,16.448593542547815],[-61.4703235808741,16.44563138742139],[-61.46844406237746,16.444762601737022],[-61.46504385061683,16.447219013401973],[-61.461943723687945,16.45060771467931]],[[-61.49478723246788,16.444511342082563],[-61.49347163666813,16.444174011478417],[-61.49356763608379,16.44317539895658],[-61.49466652470177,16.443084519347487],[-61.493803122605414,16.44079938054078],[-61.49103786415417,16.441378094241276],[-61.487817750547876,16.440651789795698],[-61.48447729367696,16.43903493195917],[-61.47928087092124,16.43983171806346],[-61.478109022887956,16.441075696112573],[-61.47861241512264,16.44414205695328],[-61.48019684245372,16.446449894173764],[-61.48255085975171,16.44665428608227],[-61.484035925583505,16.44823385696838],[-61.48437985298246,16.451259363232317],[-61.48361930088186,16.453232856495685],[-61.4823647421332,16.454373863579395],[-61.48307477793628,16.455582759078663],[-61.48395390644199,16.455620106605863],[-61.48412717156259,16.456416092498085],[-61.48490526458814,16.456556664040853],[-61.484960507810364,16.45808275909396],[-61.48752552216221,16.4596898041407],[-61.48944607466086,16.462087370129794],[-61.49748454502043,16.46487248166897],[-61.49994781751997,16.46317372404448],[-61.50263310527535,16.462167374147143],[-61.5051078723242,16.46248955333153],[-61.507278042323215,16.463494066989114],[-61.50924674352884,16.454697631365594],[-61.51265900334027,16.450919015523723],[-61.51192991071657,16.444152608991505],[-61.5104927045822,16.441643343082415],[-61.508239365820366,16.442151632944345],[-61.505890029898495,16.443652061289995],[-61.49702554113355,16.444298753841423],[-61.49496048446192,16.443399056868618],[-61.49478723246788,16.444511342082563]],[[-61.487520592102705,16.424356330215918],[-61.479334654745266,16.427104926235746],[-61.47954252192681,16.428156773677163],[-61.48434714780879,16.426468336909693],[-61.487520592102705,16.424356330215918]],[[-61.51740371550242,16.42024340766647],[-61.5167277162432,16.419569193343126],[-61.51527084233611,16.420319310040586],[-61.51513834298908,16.418715361293252],[-61.5138315170945,16.419547170881827],[-61.50965132276504,16.41966009024319],[-61.504448668760716,16.418962064721313],[-61.50224368489334,16.41961217059116],[-61.49728931919891,16.41998036825205],[-61.49581541725349,16.4210731499237],[-61.49644040674719,16.42434404457304],[-61.495628876202176,16.42623815549313],[-61.48754214891884,16.43171518183655],[-61.48486806321399,16.43282471811722],[-61.486673554358106,16.4330219226607],[-61.49034128743267,16.435007508136103],[-61.49186021821594,16.434541056074405],[-61.49743472734463,16.434704871623808],[-61.49899184133073,16.435936782343653],[-61.49966441014653,16.438151150452494],[-61.50191788127644,16.437305100402043],[-61.50383743981262,16.43742289141316],[-61.50821914186331,16.435919509133395],[-61.50909503178368,16.435177669022426],[-61.50891609452695,16.429377154564936],[-61.513471668877365,16.42328601005291],[-61.513546060474056,16.42236506290114],[-61.51496045224936,16.42259653944125],[-61.51993569728328,16.421580204558435],[-61.52177805534599,16.420508464822444],[-61.52132329814513,16.419668851659758],[-61.519351969270154,16.419600925163973],[-61.5174603372029,16.41839692859591],[-61.51740371550242,16.42024340766647]],[[-61.51666264825989,16.417889201886133],[-61.51662711130575,16.417905001090837],[-61.51662711160275,16.41808275385557],[-61.51666264825989,16.417889201886133]]],[[[-61.42986449579744,16.456122708242486],[-61.42773429377869,16.45612270798864],[-61.42773429676835,16.45400873886081],[-61.42984065977118,16.453987893900738],[-61.42986449579744,16.456122708242486]]],[[[-61.471026819706296,16.484889998825437],[-61.472093846295756,16.48474942785351],[-61.47123148813455,16.486114969129982],[-61.471026819706296,16.484889998825437]]],[[[-61.51222786165472,16.422868406964106],[-61.51146030386886,16.422882027197407],[-61.51246045083127,16.421935721007742],[-61.51222786165472,16.422868406964106]]]]}},{"type":"Feature","properties":{"feature_id":"AEP_BELLEEAU__P1","layer_key":"eau_aep","layer_label":"Eau AEP","economic_unit_id":"AEP_BELLEEAU__P1","economic_state":"S3","economic_exposure_eur":177208804.0,"economic_damage_eur":37772102.0,"economic_damage_ratio_pct":21.315,"economic_asset_count":2864,"criticality_territory":"guadeloupe","criticality_family":"aep","criticality_scenario":"rp1000","criticality_period_years":"1000","criticality_hazard":"storm_cmcc"},"geometry":{"type":"MultiPolygon","coordinates":[[[[-61.52395868570207,16.266596505273462],[-61.52336007633454,16.26891608259226],[-61.527073363894814,16.268916081802463],[-61.52659850605328,16.271215367649717],[-61.524126867699245,16.271215367337895],[-61.52395376518631,16.27201135060313],[-61.52246020219408,16.272048700423948],[-61.52493527547432,16.27244467786138],[-61.52496020413364,16.273016803422166],[-61.52321505071834,16.273696808177494],[-61.52109164484154,16.27364356737056],[-61.52097192145972,16.271215366921375],[-61.51947835771597,16.271178016756192],[-61.51930525641032,16.27038203339499],[-61.51829353220888,16.27038203326109],[-61.51819761916476,16.271122721276125],[-61.517460200147035,16.271215366456723],[-61.51826860671449,16.27161134485904],[-61.51817380933236,16.272810233792466],[-61.516287992739905,16.272882032544],[-61.514923290533964,16.271726425565493],[-61.513206168751815,16.268755293398208],[-61.50964856388654,16.267821978704223],[-61.50836551831829,16.266543774667895],[-61.50768523716902,16.26487970559621],[-61.5046236932336,16.265797858165808],[-61.501578782823294,16.264640894339117],[-61.49616226434512,16.267925009257898],[-61.49561901575771,16.271062438465272],[-61.49293018173308,16.2733384071656],[-61.494554819562794,16.27606994438129],[-61.49732146438375,16.275977337737277],[-61.49971181487557,16.277449245099792],[-61.50077845330895,16.279792626911597],[-61.50047878387414,16.282082024881245],[-61.498039318143874,16.28454171319955],[-61.4969507827908,16.28449538889503],[-61.49680523747742,16.28371536329157],[-61.49579355132012,16.283715363155654],[-61.495793553037146,16.28474941997249],[-61.49662688702088,16.285092737324668],[-61.49223105437486,16.28599998586453],[-61.49237158641559,16.28832794149513],[-61.491316942806435,16.29039857931271],[-61.48556256384332,16.294548694530384],[-61.483760252633736,16.294548694191707],[-61.48162690459658,16.296886801656232],[-61.48155256449368,16.297766384340758],[-61.480300705674814,16.298340248035306],[-61.480070092525864,16.298916089132856],[-61.48071923232767,16.29903173054314],[-61.48079357592106,16.299749422370887],[-61.48222779986108,16.299763041492888],[-61.48246024420039,16.30058275549887],[-61.48368609824092,16.30058275513372],[-61.481808615723,16.302608644316276],[-61.481805210558434,16.30121536069316],[-61.479537654145744,16.301201739948226],[-61.47930521230516,16.30038202704785],[-61.478953785259165,16.301178011098003],[-61.47773447172291,16.30112271666351],[-61.47763854865019,16.29871536020931],[-61.476174060498096,16.29869128234502],[-61.47597188344241,16.297984327353042],[-61.47521289182596,16.297766383743078],[-61.475140104109045,16.295868578126917],[-61.47385807239423,16.295598827979006],[-61.47138948589171,16.296389282864585],[-61.46746023368922,16.29549417642311],[-61.46734049628484,16.2961435612213],[-61.46662690143727,16.29621535878834],[-61.46655256398738,16.298599716358606],[-61.46493700678664,16.298389503783742],[-61.4634718871909,16.296807334722356],[-61.46290467759701,16.294654335068802],[-61.4641616080897,16.291545850656636],[-61.463522034930556,16.290582757806884],[-61.46430523077006,16.290582757726504],[-61.464360425023635,16.28988999698116],[-61.464922892634966,16.28974942426873],[-61.4628958882216,16.28954869156322],[-61.46211980459833,16.288083370762656],[-61.4626385684997,16.288082757893278],[-61.46278411703348,16.287302730057803],[-61.46355487870091,16.287249424362177],[-61.46370339084851,16.284397095834198],[-61.46598573171475,16.283026272341356],[-61.46846047235083,16.28379689509512],[-61.47016432444458,16.286486433187097],[-61.474305237618786,16.285582756234945],[-61.47430523933594,16.284548693553216],[-61.47347190677941,16.28414046399362],[-61.47400108110618,16.284116005057854],[-61.473934659088,16.28342104327632],[-61.47347348498137,16.283368054576304],[-61.47430524177005,16.28308275617291],[-61.47430524385002,16.281815950557295],[-61.47125898762728,16.28111156748571],[-61.46949471136967,16.282651020356568],[-61.46758268035887,16.28300931708425],[-61.46419783788147,16.28161797257659],[-61.46223848553119,16.282349023989415],[-61.46051383385782,16.282177921464992],[-61.459560126478266,16.280382024742266],[-61.45912687410218,16.28038202494373],[-61.45895376834027,16.281178009273724],[-61.45784073935777,16.28119128056092],[-61.457638582019044,16.28038202473874],[-61.45598601832351,16.279324207718563],[-61.45601058706366,16.27824995486955],[-61.45680525288436,16.277927246719447],[-61.45486579791785,16.27630348604368],[-61.45401028774361,16.274740093488724],[-61.45273769369185,16.27529324354398],[-61.4488939057457,16.272882023549165],[-61.44703766927688,16.2728684032389],[-61.44640905277588,16.27204868992096],[-61.444537669792545,16.272035069599575],[-61.44412685692817,16.27129040413925],[-61.44395376021525,16.272011341045967],[-61.44284074606242,16.272024612255578],[-61.44263859944215,16.271215356294785],[-61.44102712025215,16.271074783112294],[-61.44097351312427,16.26920138836694],[-61.442638603256334,16.268916093516886],[-61.442933965555234,16.268084282731166],[-61.44475803988441,16.268106836031702],[-61.44504913359151,16.26891609320051],[-61.44643739991315,16.267257030943018],[-61.44945256618829,16.26880720908377],[-61.450972801136366,16.266749343971984],[-61.45013860813972,16.265300342917936],[-61.45189279095677,16.264697918494495],[-61.45329351395149,16.264705761009814],[-61.453293516709095,16.266368574390363],[-61.45618997918422,16.267285427418244],[-61.45731554019257,16.26538202507469],[-61.45681937403172,16.26515754126047],[-61.45690118460567,16.26400873287912],[-61.460087007261414,16.263710072055233],[-61.458679549532626,16.26290253830584],[-61.457348413981,16.261076415990743],[-61.45662684169433,16.26106322127358],[-61.45642470420981,16.262024614311205],[-61.45463272726399,16.26204869119933],[-61.45430528137322,16.260956341084217],[-61.45321084058857,16.260275270742312],[-61.4524601733319,16.26038202467821],[-61.45245258873322,16.261799092277183],[-61.45155936477955,16.26105183644689],[-61.450971949650175,16.26029411008472],[-61.45097195503554,16.257048691247952],[-61.450301971250376,16.25700570537993],[-61.45141382392924,16.254736240820137],[-61.45339383929459,16.253445279570577],[-61.459126827131485,16.252059070864256],[-61.45903092636692,16.253622716052725],[-61.45662682952861,16.253715358804996],[-61.45639444481746,16.254535071728366],[-61.45450742314656,16.254524614284428],[-61.45412682918137,16.253715358459885],[-61.45412683227579,16.25558275826076],[-61.45490498250155,16.255723330567527],[-61.45496016787161,16.256886404419213],[-61.456805288187994,16.256627938479006],[-61.45684395319868,16.25574995460108],[-61.45763862315157,16.255582757776143],[-61.4577583377546,16.25482122062719],[-61.459305290954795,16.254749424192582],[-61.45942500513985,16.253987887101207],[-61.460971958758215,16.253916090609266],[-61.46126730099496,16.25308427983869],[-61.46240497991659,16.253223329963866],[-61.46243524009068,16.25435343419689],[-61.46191380632687,16.254548692765553],[-61.46329350114248,16.25614635760689],[-61.463546281890174,16.254865064786355],[-61.46434086538727,16.25474942348238],[-61.46708196629986,16.251093320993558],[-61.470138632867524,16.248611434614308],[-61.47013863408298,16.24788202751803],[-61.46942501011142,16.247810229344633],[-61.469305301971445,16.24721831829547],[-61.47453711244457,16.246401938817293],[-61.4732900692119,16.24342420002111],[-61.47120722686763,16.241480783514113],[-61.47066489002093,16.238975148905435],[-61.47194523904798,16.235582755213215],[-61.47263865408157,16.23558275522362],[-61.472758357353555,16.234821218672945],[-61.473894434928674,16.234763041048655],[-61.474126801917336,16.23558275502055],[-61.47513865371853,16.235582754882582],[-61.475039891395454,16.233090904048197],[-61.475751749449124,16.232310922118454],[-61.47597199415721,16.231215362192447],[-61.475647956112375,16.231995387989866],[-61.474568854396274,16.232042617111784],[-61.47431161921514,16.230837350000247],[-61.4751386619913,16.23058275475892],[-61.47531172725002,16.22978676947768],[-61.4762851393997,16.229749420885703],[-61.47659559885374,16.227882029037577],[-61.47601065812788,16.22771482891667],[-61.47579345347992,16.226313071837062],[-61.47559134966138,16.22702461780799],[-61.47376730375273,16.227047171820757],[-61.47347200279031,16.226215362014965],[-61.47268851414687,16.226066193606556],[-61.47343451610675,16.224462456637657],[-61.474041430604935,16.223786971364106],[-61.47439332046171,16.223495550511014],[-61.475052127076395,16.22308359464129],[-61.474467258988355,16.22141608782726],[-61.47597201036294,16.22141608775207],[-61.475177334623545,16.221048162313448],[-61.47517733646928,16.219916619741614],[-61.47621032385062,16.21973856706785],[-61.471117513698644,16.216995387869403],[-61.469863821799386,16.21538202848014],[-61.46776576787178,16.21538202816375],[-61.46732083560394,16.21494715809876],[-61.46397871516815,16.216466869846215],[-61.46039335368091,16.216652445618852],[-61.45567025061188,16.215037664857494],[-61.45374498935377,16.213026136351484],[-61.45218901448675,16.214514617620225],[-61.450138691128494,16.215158030415097],[-61.45097202503655,16.214749424355077],[-61.45109171458304,16.213987887264697],[-61.4518053596241,16.2139160908858],[-61.45195085285858,16.21313606316054],[-61.45347202742237,16.213082757301336],[-61.45347203050757,16.21121535975729],[-61.45065699990321,16.211155556630594],[-61.44996009170737,16.211268114604085],[-61.44972775748599,16.212035072183014],[-61.447100639995554,16.212047168655978],[-61.44662675651862,16.210426734109557],[-61.446626759528165,16.21224942489606],[-61.44746009346203,16.212565724460507],[-61.4474351770186,16.214353434004483],[-61.44662676371559,16.214784920009247],[-61.444209660506026,16.212361967461902],[-61.4418757906732,16.212844664087317],[-61.43959517933806,16.212159563563056],[-61.4380494292429,16.210645234461605],[-61.437414975345284,16.20891609273999],[-61.43892466877678,16.208940168785812],[-61.43930536835606,16.209749425853676],[-61.43945085849591,16.208136064506064],[-61.44119447080963,16.208082758672383],[-61.442067748210874,16.206760220262403],[-61.446718714011496,16.20473217115086],[-61.451529032709416,16.204959525957534],[-61.451692895717954,16.2038798019497],[-61.4508466468653,16.202403494843207],[-61.4538117138233,16.2001321354146],[-61.45926658228611,16.200182112397545],[-61.45982999348066,16.201215079826337],[-61.46209977205011,16.200531759305683],[-61.46405075768366,16.20124547527017],[-61.464137773382575,16.19980986146361],[-61.46597204796034,16.19953692598864],[-61.46617412523241,16.198940165089393],[-61.47110084368005,16.198773684728494],[-61.472314591518604,16.198969393860363],[-61.472460075694215,16.19968548273455],[-61.482063128288075,16.202159268628815],[-61.49898619984292,16.204749417455513],[-61.5013305831513,16.204580514513324],[-61.50378307007948,16.205582749913674],[-61.505591336678584,16.205606826964278],[-61.50579342433981,16.206218981560998],[-61.50809133732746,16.20644016000801],[-61.51066934387243,16.208296322781738],[-61.50996248863973,16.210721498225553],[-61.5086624587517,16.211968209626534],[-61.510946510101626,16.214072371920373],[-61.515692825336465,16.213298961423128],[-61.5193489682917,16.21186597393367],[-61.524783902940705,16.213536201717922],[-61.528472011472225,16.2162154204774],[-61.528674111125056,16.215606824373065],[-61.52981461101348,16.21563605445058],[-61.529960111807895,16.216871852584013],[-61.53245382656528,16.220004015033062],[-61.53244602290374,16.22182421150719],[-61.531823942040525,16.222048703287054],[-61.53206422866953,16.22391608004516],[-61.532460125174836,16.22474941361415],[-61.53329345910467,16.225065724413614],[-61.53323828406669,16.226074790999743],[-61.53246012759898,16.22621536990938],[-61.53246013206561,16.228916080384153],[-61.53405248248617,16.2298650583788],[-61.53412680308721,16.23141608022765],[-61.53490555532577,16.231557620144486],[-61.53317374558445,16.233067943511774],[-61.52919317041356,16.234476078550436],[-61.52904999148386,16.236216987893798],[-61.52820070399547,16.23782416229374],[-61.52487109322084,16.240032234505883],[-61.52196148856169,16.243447333068346],[-61.5188287971167,16.243989199766805],[-61.5157869196507,16.242643348998342],[-61.51732733898187,16.24458779835348],[-61.51739855010779,16.247791186425665],[-61.5182185729625,16.2490124897357],[-61.52093184053948,16.24873003450706],[-61.52204842006566,16.247099823942495],[-61.52502002673177,16.245156071917727],[-61.53099653237058,16.244617495453525],[-61.53284701111945,16.245171929055],[-61.534252284597315,16.24632383960857],[-61.5351813051505,16.248252225100895],[-61.5351886791961,16.25003260999808],[-61.53356338660481,16.25470025077574],[-61.53060621611622,16.256522699740103],[-61.53101715928073,16.259843281232833],[-61.52951210572985,16.262552283069034],[-61.52669778434321,16.26371536794075],[-61.51894276127354,16.263335733419463],[-61.52172317657205,16.2661193500528],[-61.52395868570207,16.266596505273462]],[[-61.443293521969,16.270382023079822],[-61.443293522302014,16.27058276013368],[-61.44344934007765,16.27058276012033],[-61.443293521969,16.270382023079822]],[[-61.45246016675833,16.25641609184509],[-61.45263862250522,16.256416091820405],[-61.452638624218885,16.255382024866368],[-61.45246016675833,16.25641609184509]],[[-61.45930536023072,16.212882027174647],[-61.45829342886393,16.21288202703521],[-61.4582934305725,16.213916089989606],[-61.4606203818183,16.213953437564616],[-61.460793433672904,16.21558275635309],[-61.46180535540194,16.215582756213873],[-61.4618053571107,16.214548694131015],[-61.46106790836399,16.214456050494448],[-61.460972025276334,16.21371536071025],[-61.45953769714777,16.213701740087892],[-61.45930536023072,16.212882027174647]],[[-61.465697639630434,16.292789382413083],[-61.46412689693806,16.29371535852754],[-61.46412690004114,16.29558275787503],[-61.465138555674066,16.295582757736277],[-61.46528411067344,16.293969396571978],[-61.46647861519675,16.293916090729986],[-61.4657935610655,16.29204869214405],[-61.465697639630434,16.292789382413083]],[[-61.47227710150688,16.25697465025092],[-61.47283678205309,16.255692109353188],[-61.472123307082406,16.25506994119647],[-61.47064819130755,16.257457034141456],[-61.47227710150688,16.25697465025092]],[[-61.4741267826187,16.223916088065423],[-61.475138673017156,16.22391608792743],[-61.47513867334904,16.22371536232398],[-61.4741267826187,16.223916088065423]],[[-61.474960151586785,16.245382028258028],[-61.47496015191919,16.245582755154352],[-61.47596351064604,16.24558275502103],[-61.474960151586785,16.245382028258028]],[[-61.475793447804136,16.22288202910711],[-61.475793448136,16.22308275448426],[-61.475972007607446,16.22308275445993],[-61.475793447804136,16.22288202910711]],[[-61.47783880171455,16.25055424559427],[-61.47971280761981,16.251358536561394],[-61.48013863407447,16.247009843714256],[-61.47829348686819,16.24628150653119],[-61.47736425463142,16.24778938463587],[-61.47662682262212,16.24788202840331],[-61.47662682411037,16.24877933536527],[-61.4771648209547,16.248917610904357],[-61.47783880171455,16.25055424559427]],[[-61.4792528489272,16.224062832116537],[-61.47912678342252,16.223990978552937],[-61.479126783543244,16.224068616399776],[-61.4792528489272,16.224062832116537]],[[-61.48327860000487,16.225667588001656],[-61.48390740969845,16.222799556522638],[-61.48241828649945,16.223809971430015],[-61.4800610639492,16.224083467736243],[-61.48327860000487,16.225667588001656]],[[-61.48412055317736,16.260837349687073],[-61.4844958133271,16.26350472352379],[-61.48597194052755,16.26271604981171],[-61.48597194164793,16.26204869587466],[-61.48517727372508,16.261881495570087],[-61.48513861119773,16.26038202914979],[-61.483468586615146,16.26058275437086],[-61.48412055317736,16.260837349687073]],[[-61.484960171232245,16.25641608739748],[-61.485580842704,16.256436526102224],[-61.48539127060371,16.256215362396567],[-61.484960171232245,16.25641608739748]],[[-61.485793506060105,16.257249420638672],[-61.486090354220565,16.2572494205155],[-61.48612770783895,16.257074521120845],[-61.48579192837225,16.256701387668205],[-61.485793506060105,16.257249420638672]],[[-61.48900145842153,16.21481688174965],[-61.48810362322337,16.214548697552058],[-61.48774887974498,16.214795047246692],[-61.48900145842153,16.21481688174965]],[[-61.503544312622076,16.228477865723033],[-61.503768433221744,16.22873456897905],[-61.50406119021429,16.22807497182826],[-61.503544312622076,16.228477865723033]],[[-61.50793419891467,16.225584262068594],[-61.507815615393724,16.224935673114608],[-61.50745061155957,16.225347233871165],[-61.50704999844759,16.22567402598053],[-61.50793419891467,16.225584262068594]],[[-61.51513859276359,16.268916083662514],[-61.515097237264435,16.26871536623883],[-61.51496019566688,16.268715366207253],[-61.51513859276359,16.268916083662514]],[[-61.518296434642195,16.223512395117698],[-61.51750396833691,16.223713489578355],[-61.51802947172297,16.22406358807511],[-61.518296434642195,16.223512395117698]]],[[[-61.4399601871191,16.269749427243895],[-61.44075485468242,16.26991662238136],[-61.440793522437836,16.270899057679536],[-61.439960189550945,16.27121535592175],[-61.4397108125217,16.27203917565695],[-61.439814653416775,16.26896939897777],[-61.4399601871191,16.269749427243895]]],[[[-61.44228709018369,16.267844674297105],[-61.44043034741973,16.267879980997634],[-61.442460181399234,16.26609505689],[-61.44228709018369,16.267844674297105]]],[[[-61.4432191971434,16.2744330481872],[-61.44203766870279,16.27453506918805],[-61.441805262084365,16.273715356097036],[-61.44101059570659,16.273548159171362],[-61.44098603139487,16.272473907839046],[-61.44222778511225,16.272263046104666],[-61.442460192999675,16.27308276031149],[-61.44314799084414,16.27313606534125],[-61.4432191971434,16.2744330481872]]],[[[-61.44854626865552,16.266531732931902],[-61.44984046295702,16.266487888318625],[-61.449885855974664,16.267766382255797],[-61.448617468810184,16.267828717209767],[-61.44854626865552,16.266531732931902]]],[[[-61.45687958179377,16.281531732414035],[-61.45817381280296,16.28148788770185],[-61.45821920943811,16.282766382652017],[-61.45695078761809,16.282828717748952],[-61.45687958179377,16.281531732414035]]],[[[-61.470234477417925,16.29734206546207],[-61.47153097840162,16.297342065295172],[-61.47162690492759,16.297901028188658],[-61.47021289132112,16.298599716624977],[-61.470234477417925,16.29734206546207]]],[[[-61.471774984981984,16.23121536163048],[-61.47301707504425,16.229697338210133],[-61.472678343196556,16.22808275501233],[-61.47302993217062,16.228088832155503],[-61.47328716854594,16.23012743216947],[-61.472460126417076,16.23038202840735],[-61.472421468621604,16.231048162032053],[-61.471774984981984,16.23121536163048]]],[[[-61.47556113214451,16.29809637565378],[-61.47579357385215,16.29891608969652],[-61.4773146839131,16.29896939528107],[-61.47740504678233,16.30024145203924],[-61.47498082751209,16.30038202646727],[-61.474343888731966,16.29824995387499],[-61.47556113214451,16.29809637565378]]]]}},{"type":"Feature","properties":{"feature_id":"AEP_BELLEEAU__P10","layer_key":"eau_aep","layer_label":"Eau AEP","economic_unit_id":"AEP_BELLEEAU__P10","economic_state":"S3","economic_exposure_eur":14967677.0,"economic_damage_eur":3190364.0,"economic_damage_ratio_pct":21.315,"economic_asset_count":206,"criticality_territory":"guadeloupe","criticality_family":"aep","criticality_scenario":"rp1000","criticality_period_years":"1000","criticality_hazard":"storm_cmcc"},"geometry":{"type":"MultiPolygon","coordinates":[[[[-61.41996010254269,16.22038202144123],[-61.4199601042522,16.22141609552388],[-61.42157159827339,16.221556666078715],[-61.42106734299065,16.222130318214454],[-61.41513868484835,16.222128327801947],[-61.41513868635544,16.22121535406532],[-61.41431945006728,16.22099087341262],[-61.414305355902904,16.21954868733485],[-61.41329343354842,16.21954868719134],[-61.41296606209611,16.2203820200607],[-61.411925044470706,16.220310223868392],[-61.41180535628005,16.219548686980158],[-61.409960099738534,16.219548686718],[-61.40995381299108,16.221794097197],[-61.40938100744045,16.222048686508895],[-61.404996248328224,16.220149979296167],[-61.40299378175077,16.217249430826442],[-61.405972027629375,16.217249430739304],[-61.40597832150289,16.215004018503368],[-61.40680536496805,16.21474943055906],[-61.40684402181793,16.213249957503137],[-61.40847203413641,16.21308276361411],[-61.408735530701534,16.21225550723342],[-61.41145371069468,16.212286776925502],[-61.4116267573346,16.21391609651949],[-61.41619224892449,16.21391609566514],[-61.41742413157684,16.212948166860436],[-61.41847203125128,16.213916095549475],[-61.41854634038146,16.21319840150861],[-61.41912848510766,16.21308276210354],[-61.41795662554179,16.2123774180361],[-61.41937967787416,16.209865068053467],[-61.42018301917207,16.209499761160444],[-61.42546606071581,16.20891609404944],[-61.42662632452361,16.210057296298352],[-61.428902196369386,16.210492134239693],[-61.43097203526983,16.210349486747745],[-61.43126730856227,16.209750949589257],[-61.433831480838286,16.20975094923088],[-61.43412675424367,16.210128824389702],[-61.434507454110935,16.208940169367764],[-61.439007508160195,16.208988273632407],[-61.43947841335203,16.208120106708897],[-61.44156546968733,16.208082758796156],[-61.44206886456578,16.207255502510456],[-61.449493167714415,16.207249424212964],[-61.44985154106151,16.209067020254672],[-61.44939543380109,16.21204869244199],[-61.44695085363274,16.211995385240026],[-61.44662675644312,16.210382025502508],[-61.446626759528165,16.21224942489606],[-61.44746009346203,16.212565724460507],[-61.44744600001355,16.214324208271243],[-61.44662676332722,16.214548692033276],[-61.446626765035994,16.215582758311598],[-61.44973113974118,16.215582757661036],[-61.44951515108412,16.217453749412293],[-61.44847268774277,16.219245564102536],[-61.44829343711274,16.21871535879535],[-61.44802992996098,16.21954261393594],[-61.44298057984316,16.219548691000874],[-61.44299815096653,16.2228805010703],[-61.439253933659685,16.223086096749956],[-61.43792169321396,16.222195215551718],[-61.43723524089861,16.220820995209884],[-61.43665380995213,16.22088539712984],[-61.43764029115653,16.22342074336559],[-61.43986321955977,16.223482047872576],[-61.44175697244037,16.224400306745554],[-61.44169883753677,16.226416092615718],[-61.442638673647835,16.22641609246674],[-61.442871026567985,16.225596378264832],[-61.44403089172344,16.225675400140354],[-61.444126782595774,16.22641609225966],[-61.44495382572311,16.22667068401374],[-61.44475801582441,16.228691280502698],[-61.442460119498556,16.228715357658327],[-61.44225801622409,16.229524613489257],[-61.440402189623875,16.229542612571414],[-61.44013867021556,16.22871535733486],[-61.43856789417425,16.22862271461186],[-61.43829344993549,16.227320395118856],[-61.438147949457296,16.227828717138536],[-61.437460117418496,16.22788202365489],[-61.43746012050735,16.229749426604478],[-61.43825479593695,16.2299166221657],[-61.43829345641833,16.231236258053812],[-61.43680533350082,16.23105004886908],[-61.43680533462026,16.230382023481845],[-61.43598609912011,16.23015754085237],[-61.435972004167795,16.22871535675308],[-61.43523456119505,16.228622714282466],[-61.435138672336784,16.227882023330384],[-61.433704358196266,16.22786840287618],[-61.43347200729653,16.22704868979097],[-61.43187965423974,16.226933048185707],[-61.43180534363458,16.225382022945134],[-61.43101066763196,16.22521482602678],[-61.43097201290844,16.223881341093872],[-61.42832315927301,16.221215355936042],[-61.42614507000493,16.221178006987703],[-61.42597201943969,16.220382022288838],[-61.42525837651333,16.22031022532571],[-61.425138687608666,16.219548688865377],[-61.4243053552813,16.219011541214407],[-61.421626766234034,16.218456039526398],[-61.42161267110953,16.2193242071608],[-61.41996010254269,16.22038202144123]],[[-61.42015510255262,16.213700675656163],[-61.41996009129574,16.213583300453934],[-61.41996009174566,16.213847920985867],[-61.42015510255262,16.213700675656163]]],[[[-61.44126730487073,16.231417615395358],[-61.442431794755414,16.231604387483486],[-61.441323626508925,16.23187031584118],[-61.44126730487073,16.231417615395358]]]]}},{"type":"Feature","properties":{"feature_id":"AEP_BELLEEAU__P11","layer_key":"eau_aep","layer_label":"Eau AEP","economic_unit_id":"AEP_BELLEEAU__P11","economic_state":"S0","economic_exposure_eur":716856.0,"economic_damage_eur":15687.0,"economic_damage_ratio_pct":2.188,"economic_asset_count":8,"criticality_territory":"guadeloupe","criticality_family":"aep","criticality_scenario":"rp1000","criticality_period_years":"1000","criticality_hazard":"storm_cmcc"},"geometry":{"type":"Polygon","coordinates":[[[-61.44680531830263,16.23933482504176],[-61.44703768664089,16.2389297113562],[-61.44817376724058,16.238987887997563],[-61.44829347190577,16.239749425343494],[-61.449101882875546,16.23994468155629],[-61.44912680801251,16.24135329027961],[-61.44800820366508,16.241791904216285],[-61.44598092291255,16.24137644917116],[-61.44527982683023,16.241992279923522],[-61.444960140533475,16.241215357598037],[-61.444840437335074,16.241976893576506],[-61.44329347501322,16.242048690672387],[-61.443268553112155,16.242686766691598],[-61.44296606197754,16.24288202354208],[-61.44099021624224,16.242668712282065],[-61.4409719813607,16.242048690349126],[-61.44077101029872,16.242680131422308],[-61.440256419447785,16.242595279778616],[-61.43925434755774,16.2416514722952],[-61.43929994259185,16.240442166809057],[-61.440217328174356,16.239618202201225],[-61.441710382674835,16.23920160631501],[-61.442943791809576,16.239715630123506],[-61.44395924363808,16.23851591008839],[-61.44480397527156,16.238129897612126],[-61.4449601367273,16.2389160924524],[-61.44633148569144,16.23891761487752],[-61.44680531830263,16.23933482504176]]]}},{"type":"Feature","properties":{"feature_id":"AEP_BELLEEAU__P12","layer_key":"eau_aep","layer_label":"Eau AEP","economic_unit_id":"AEP_BELLEEAU__P12","economic_state":"S0","economic_exposure_eur":2212299.0,"economic_damage_eur":48451.0,"economic_damage_ratio_pct":2.19,"economic_asset_count":99,"criticality_territory":"guadeloupe","criticality_family":"aep","criticality_scenario":"rp1000","criticality_period_years":"1000","criticality_hazard":"storm_cmcc"},"geometry":{"type":"Polygon","coordinates":[[[-61.52430531612083,16.233916081580958],[-61.52436049594789,16.233223325150043],[-61.52513865071587,16.233082748117056],[-61.52513865133544,16.232698773623266],[-61.52646230174782,16.23303342305245],[-61.52973508954715,16.23597021480735],[-61.53005596891871,16.237315007948855],[-61.52968233053307,16.23916570963523],[-61.528017253085565,16.241074611387276],[-61.52373195776692,16.24159762065922],[-61.521742431473854,16.24080061504616],[-61.52071646293276,16.23974365130411],[-61.520050911205324,16.236598986298777],[-61.520342351016836,16.23517762240502],[-61.52154461678926,16.23389405239295],[-61.52379939365628,16.233082747903065],[-61.52430531612083,16.233916081580958]]]}},{"type":"Feature","properties":{"feature_id":"AEP_BELLEEAU__P13","layer_key":"eau_aep","layer_label":"Eau AEP","economic_unit_id":"AEP_BELLEEAU__P13","economic_state":"S0","economic_exposure_eur":224249.0,"economic_damage_eur":4903.0,"economic_damage_ratio_pct":2.186,"economic_asset_count":3,"criticality_territory":"guadeloupe","criticality_family":"aep","criticality_scenario":"rp1000","criticality_period_years":"1000","criticality_hazard":"storm_cmcc"},"geometry":{"type":"Polygon","coordinates":[[[-61.45696422692492,16.210429768818784],[-61.45636117883462,16.210188508212116],[-61.456073440364726,16.208369154058513],[-61.455717022975925,16.207939078961957],[-61.45599179410581,16.207454789585512],[-61.456995960306166,16.207760366292522],[-61.45731935992331,16.209857110982963],[-61.45696422692492,16.210429768818784]]]}},{"type":"Feature","properties":{"feature_id":"AEP_BELLEEAU__P14","layer_key":"eau_aep","layer_label":"Eau AEP","economic_unit_id":"AEP_BELLEEAU__P14","economic_state":"S0","economic_exposure_eur":916431.0,"economic_damage_eur":20040.0,"economic_damage_ratio_pct":2.187,"economic_asset_count":3,"criticality_territory":"guadeloupe","criticality_family":"aep","criticality_scenario":"rp1000","criticality_period_years":"1000","criticality_hazard":"storm_cmcc"},"geometry":{"type":"MultiPolygon","coordinates":[[[[-61.45252997584446,16.22214814882384],[-61.453416157665785,16.221817168836132],[-61.45434331650462,16.222017637127493],[-61.45495685480184,16.222607668790577],[-61.454664817750874,16.22288050268037],[-61.45206885806803,16.22287594770823],[-61.45252997584446,16.22214814882384]]],[[[-61.45616334251113,16.22808275713293],[-61.456552472321924,16.228198398300474],[-61.45680533424391,16.22882486567148],[-61.45696351809126,16.226638163831094],[-61.45828844266779,16.226370397175383],[-61.4593394258807,16.22710804071488],[-61.45994481146623,16.229190383415197],[-61.459623359098416,16.230563919691498],[-61.45899132179786,16.231249306178963],[-61.45818181604977,16.231480673509456],[-61.456453165371734,16.23132834941751],[-61.4543741499281,16.229283157103357],[-61.454192319966744,16.228916090943382],[-61.45513866766883,16.22891609079519],[-61.45515452314127,16.22830249613065],[-61.45304691541037,16.223542852757042],[-61.453247714798785,16.222983354857064],[-61.45398903465664,16.223155284702262],[-61.45616334251113,16.22808275713293]]]]}},{"type":"Feature","properties":{"feature_id":"AEP_BELLEEAU__P15","layer_key":"eau_aep","layer_label":"Eau AEP","economic_unit_id":"AEP_BELLEEAU__P15","economic_state":"S0","economic_exposure_eur":201430.0,"economic_damage_eur":4403.0,"economic_damage_ratio_pct":2.186,"economic_asset_count":2,"criticality_territory":"guadeloupe","criticality_family":"aep","criticality_scenario":"rp1000","criticality_period_years":"1000","criticality_hazard":"storm_cmcc"},"geometry":{"type":"Polygon","coordinates":[[[-61.45355033583983,16.218473753278687],[-61.4528430017869,16.219282640524728],[-61.45147235306702,16.21995821103315],[-61.45092863170958,16.219787757029597],[-61.45094118494968,16.219157231046815],[-61.452124947387084,16.218531423973502],[-61.45249705275182,16.217857600362077],[-61.45339756525853,16.217904450038358],[-61.45355033583983,16.218473753278687]]]}},{"type":"Feature","properties":{"feature_id":"AEP_BELLEEAU__P16","layer_key":"eau_aep","layer_label":"Eau AEP","economic_unit_id":"AEP_BELLEEAU__P16","economic_state":"S0","economic_exposure_eur":5000.0,"economic_damage_eur":109.0,"economic_damage_ratio_pct":2.189,"economic_asset_count":1,"criticality_territory":"guadeloupe","criticality_family":"aep","criticality_scenario":"rp1000","criticality_period_years":"1000","criticality_hazard":"storm_cmcc"},"geometry":{"type":"Polygon","coordinates":[[[-61.45917835439136,16.249968769126443],[-61.45882692756926,16.250591453283203],[-61.4581850004205,16.250260438613488],[-61.45853642848189,16.249637755626498],[-61.45917835439136,16.249968769126443]]]}},{"type":"Feature","properties":{"feature_id":"AEP_BELLEEAU__P17","layer_key":"eau_aep","layer_label":"Eau AEP","economic_unit_id":"AEP_BELLEEAU__P17","economic_state":"S0","economic_exposure_eur":6564.0,"economic_damage_eur":144.0,"economic_damage_ratio_pct":2.189,"economic_asset_count":1,"criticality_territory":"guadeloupe","criticality_family":"aep","criticality_scenario":"rp1000","criticality_period_years":"1000","criticality_hazard":"storm_cmcc"},"geometry":{"type":"Polygon","coordinates":[[[-61.30829292904405,16.25661515811127],[-61.30866044710857,16.25638151860983],[-61.30926796680952,16.256876273716937],[-61.30883044102361,16.257437890105855],[-61.308246743621815,16.257037808037833],[-61.30829292904405,16.25661515811127]]]}},{"type":"Feature","properties":{"feature_id":"AEP_BELLEEAU__P2","layer_key":"eau_aep","layer_label":"Eau AEP","economic_unit_id":"AEP_BELLEEAU__P2","economic_state":"S3","economic_exposure_eur":1458835.0,"economic_damage_eur":310951.0,"economic_damage_ratio_pct":21.315,"economic_asset_count":24,"criticality_territory":"guadeloupe","criticality_family":"aep","criticality_scenario":"rp1000","criticality_period_years":"1000","criticality_hazard":"storm_cmcc"},"geometry":{"type":"Polygon","coordinates":[[[-61.530179787889395,16.243393380685934],[-61.53016536909022,16.244161627079272],[-61.52977777252122,16.24483259314672],[-61.5289932096051,16.245363360431618],[-61.52688282254032,16.24600859964648],[-61.52529467012324,16.245790677705834],[-61.524665344943294,16.2463519528431],[-61.52389167500207,16.24653028577933],[-61.522985503529654,16.246253983277104],[-61.522326533181534,16.245474879319563],[-61.5223225317399,16.244317673817847],[-61.523404668866135,16.242730248358516],[-61.52440653552827,16.24028054754132],[-61.525941174164245,16.239177964348695],[-61.52627075194634,16.238208583603758],[-61.52735900313663,16.237444251161218],[-61.52850914465295,16.237437862089717],[-61.529429119672436,16.23825918549999],[-61.5293654058016,16.23975289689813],[-61.530128848698304,16.240319418056256],[-61.53045481935645,16.24113168648941],[-61.53033227577879,16.241890884845038],[-61.52978381985844,16.242673050085777],[-61.530179787889395,16.243393380685934]],[[-61.527093540582136,16.24257590680372],[-61.52706956619904,16.242655765112875],[-61.527147354131515,16.24263020404549],[-61.527093540582136,16.24257590680372]]]}},{"type":"Feature","properties":{"feature_id":"AEP_BELLEEAU__P3","layer_key":"eau_aep","layer_label":"Eau AEP","economic_unit_id":"AEP_BELLEEAU__P3","economic_state":"S3","economic_exposure_eur":39946383.0,"economic_damage_eur":8514582.0,"economic_damage_ratio_pct":21.315,"economic_asset_count":675,"criticality_territory":"guadeloupe","criticality_family":"aep","criticality_scenario":"rp1000","criticality_period_years":"1000","criticality_hazard":"storm_cmcc"},"geometry":{"type":"MultiPolygon","coordinates":[[[[-61.56567365854249,16.125654540480188],[-61.56571902154082,16.126933061856565],[-61.564425127887134,16.12697690891862],[-61.56434412883126,16.12574994661358],[-61.56567365854249,16.125654540480188]]],[[[-61.60079328201229,16.112249402067775],[-61.60158797764822,16.11241661086083],[-61.601620329903,16.113460769896136],[-61.60079409015282,16.113715382351277],[-61.6009735421033,16.11568981863136],[-61.59930441664139,16.116867026732173],[-61.60045861977609,16.118249682624985],[-61.60062844650835,16.1199448393647],[-61.60199316316834,16.120446245732058],[-61.60230353302198,16.12141606864908],[-61.6049048148805,16.121556651347003],[-61.604904819048365,16.124408131460378],[-61.602455613759716,16.12454871553634],[-61.60155235730621,16.12609973142251],[-61.599959973210154,16.12725930590533],[-61.59994588534697,16.129324215161887],[-61.599126643532536,16.129548714957927],[-61.59880975394881,16.1303815558927],[-61.59925171257179,16.131790988845438],[-61.597571302848316,16.133371151338164],[-61.59513821769549,16.133997220438534],[-61.59243852187468,16.132839092568933],[-61.58920642046311,16.13303050442501],[-61.58502111550313,16.135505487994074],[-61.58373738119469,16.136865722276116],[-61.581734995602666,16.13724597335732],[-61.58147085415456,16.137904054677758],[-61.582992952004886,16.138228208023953],[-61.58420153212822,16.13927037824173],[-61.584704987996446,16.140663139377093],[-61.584396106107896,16.14227441690729],[-61.5859721268479,16.141416071321217],[-61.58611757515337,16.140636046945097],[-61.58716480446439,16.14058426053824],[-61.58745999489328,16.141416071133072],[-61.59160775320381,16.143173221838456],[-61.59829405623129,16.136407293285814],[-61.60044098222702,16.135583552251873],[-61.60108896517912,16.137649905143498],[-61.60186302739783,16.138319208685342],[-61.60167146995446,16.139194521903683],[-61.600305047255986,16.139897247962598],[-61.59712533767317,16.143897037739944],[-61.59810864114274,16.14583548026307],[-61.59733760613515,16.14661817745974],[-61.593958102971705,16.148892730846423],[-61.59200312930589,16.149306642362383],[-61.58982030449319,16.149049365037023],[-61.589955556042135,16.15025717623631],[-61.59109068745998,16.15026321647179],[-61.59557465076178,16.148544086412883],[-61.59940550107169,16.148391995380198],[-61.600394495358316,16.150341566066526],[-61.602079585807104,16.15112858853031],[-61.60221696530083,16.152095245883796],[-61.59424303666203,16.156040873257496],[-61.593323832076535,16.157139325515182],[-61.59298193985156,16.15975015776414],[-61.593279271643226,16.16349088116333],[-61.59162669877273,16.16371537956434],[-61.594126698164004,16.16423235708385],[-61.59167600022368,16.166146331726235],[-61.588941823427284,16.166336509364925],[-61.587258918406214,16.165612077779027],[-61.585972089189724,16.164290752431832],[-61.58763875627392,16.163916071667522],[-61.58764299075056,16.160850765319164],[-61.58687048286442,16.16038204570261],[-61.58265285637696,16.160157547396878],[-61.58269392546079,16.158223320060266],[-61.58430543299259,16.158082738611363],[-61.584842828704495,16.157249405107898],[-61.583486200100914,16.15349088084333],[-61.58347210970042,16.152048712249005],[-61.58265286949934,16.151824214166574],[-61.58287961754784,16.14976095279126],[-61.582459981719325,16.148715378896355],[-61.58102727190547,16.14857479591766],[-61.58097211826253,16.147048712095398],[-61.57934409741168,16.146048170100237],[-61.57930545730266,16.1437153786593],[-61.578567979071885,16.143622729883873],[-61.57847212545235,16.142882045247244],[-61.5760272804479,16.14274146234745],[-61.57597213035539,16.14008660240918],[-61.57310377816336,16.137882044562733],[-61.57192511593604,16.13781024271115],[-61.571805469279965,16.137048711254568],[-61.570193955750675,16.136908128716687],[-61.5701388069485,16.134548711123117],[-61.56930704996685,16.13426339608482],[-61.569100843078346,16.128715377835036],[-61.565986241705765,16.128490880503772],[-61.566091794623254,16.1273212071663],[-61.56763881927991,16.12724940663921],[-61.567638820977955,16.126215377741723],[-61.56681957885872,16.1259908805657],[-61.56681958183805,16.12414056897621],[-61.56970507624299,16.11947873178323],[-61.5701641213218,16.116807285156284],[-61.56975886086765,16.113715378242247],[-61.569307084006894,16.113430062893737],[-61.56931180130807,16.11000401402309],[-61.570138847659805,16.109749405887126],[-61.5702131226608,16.109031720407934],[-61.57180551683277,16.108082738966168],[-61.57210065595194,16.10725092829327],[-61.573286983432844,16.107504013825398],[-61.57326836491802,16.108520108670685],[-61.57245993928809,16.108715378929823],[-61.57245519225275,16.109284070471748],[-61.57930551321868,16.109666171478445],[-61.57956889189073,16.108922148842918],[-61.5813943785819,16.10892969121817],[-61.58162660834903,16.109464408871354],[-61.59096429750152,16.107303142484223],[-61.59156772546872,16.108173155965755],[-61.593943474158955,16.109310118936587],[-61.59264338646185,16.11212797917987],[-61.59321978337497,16.114719191052718],[-61.59660767568358,16.110585081481563],[-61.60046606002274,16.111416068366903],[-61.60079328201229,16.112249402067775]],[[-61.57887223487481,16.121635586248058],[-61.57913015942993,16.123420489371977],[-61.578036577203775,16.125296641552364],[-61.57794164084317,16.12684356713068],[-61.57908799686098,16.12741661234091],[-61.57915235035966,16.128828111841884],[-61.58089299867469,16.129119880592032],[-61.58215588526336,16.127721751145145],[-61.57986441248198,16.126537852801125],[-61.579300114010216,16.123999786186967],[-61.580284784818026,16.122411730921694],[-61.58262196715766,16.121461480576468],[-61.58389990774444,16.120188159347148],[-61.57887223487481,16.121635586248058]],[[-61.58156452194264,16.11364288002197],[-61.581512844369065,16.11423977654964],[-61.5827870266422,16.113715379967832],[-61.58156452194264,16.11364288002197]],[[-61.588366735960975,16.12469407906824],[-61.58806218412065,16.12476172737021],[-61.58769311450643,16.125130016442306],[-61.588366735960975,16.12469407906824]]],[[[-61.56741185641749,16.106727301148403],[-61.56817363879094,16.106487873218246],[-61.5682189974728,16.107766395818757],[-61.56697848151208,16.107844693675865],[-61.56741185641749,16.106727301148403]]],[[[-61.595138758340276,16.162048713394164],[-61.59431171449015,16.161794102492586],[-61.59456887488848,16.160588814897142],[-61.59559131255038,16.160606815171867],[-61.59579336217973,16.161416070578245],[-61.5965844146408,16.16141607045695],[-61.59517740346145,16.163548170736476],[-61.595138758340276,16.162048713394164]]],[[[-61.602693964606495,16.127741464517676],[-61.602784254239715,16.125636044904173],[-61.60407148714879,16.12572331812117],[-61.60410173091208,16.12768677653943],[-61.602693964606495,16.127741464517676]]]]}},{"type":"Feature","properties":{"feature_id":"AEP_BELLEEAU__P4","layer_key":"eau_aep","layer_label":"Eau AEP","economic_unit_id":"AEP_BELLEEAU__P4","economic_state":"S3","economic_exposure_eur":35031471.0,"economic_damage_eur":7466967.0,"economic_damage_ratio_pct":21.315,"economic_asset_count":383,"criticality_territory":"guadeloupe","criticality_family":"aep","criticality_scenario":"rp1000","criticality_period_years":"1000","criticality_hazard":"storm_cmcc"},"geometry":{"type":"MultiPolygon","coordinates":[[[[-61.581424585070074,16.06477348133792],[-61.5829178935792,16.06626354728841],[-61.5858367824351,16.06682657971675],[-61.58634936065638,16.068740461787197],[-61.585490758045324,16.070596342654],[-61.58875547132943,16.071462060043224],[-61.59023448947493,16.069699433725884],[-61.590333415501945,16.06769386469339],[-61.593974405751666,16.06790540514826],[-61.59513604055116,16.069929803854066],[-61.59710030255588,16.071243721700867],[-61.596367754100555,16.072366639337535],[-61.59462115169135,16.07110195312798],[-61.593407497654,16.07226746649325],[-61.59279496697319,16.07386567482324],[-61.601663889847444,16.0762013070383],[-61.59696721749935,16.07280069427884],[-61.60102595214291,16.073869532963357],[-61.60558185378583,16.076916740884716],[-61.60779683376038,16.077715947242098],[-61.60824221365527,16.078536826287095],[-61.607894655832084,16.079237459846194],[-61.60708323201105,16.07944484356963],[-61.60243655005487,16.078282224041597],[-61.602459895634084,16.079749401056862],[-61.603286942971245,16.080004013043634],[-61.603291656911594,16.08176339696656],[-61.602036888317215,16.08204871665161],[-61.60097490039193,16.081770581850424],[-61.60097222631323,16.07954871682182],[-61.60014046891348,16.079263396844283],[-61.60025850944364,16.078154536258516],[-61.60163928820911,16.078082734456753],[-61.591673245522024,16.075588768176498],[-61.590924437437664,16.078212367270574],[-61.591028257301346,16.07981000850204],[-61.59013973015965,16.080486649487998],[-61.5891632342508,16.082636290929987],[-61.589126567441085,16.08391606950253],[-61.589953614681214,16.08417068004322],[-61.589885639865656,16.086933064695717],[-61.588704418665586,16.087035093722797],[-61.58847221707618,16.086215381698388],[-61.5869251683948,16.086143578871287],[-61.58662656815999,16.084548714852673],[-61.585647830629014,16.086162070740286],[-61.5843153986442,16.086215381167964],[-61.58323975656378,16.08741099333192],[-61.58108797426335,16.087811224236834],[-61.58245362177829,16.089170680235988],[-61.582404771249145,16.091074797219044],[-61.58088655110791,16.091215380592896],[-61.58207810744234,16.092672314495918],[-61.57519857157315,16.095172245458915],[-61.57366642696171,16.096307411939932],[-61.576536405300175,16.09625612125902],[-61.57839214457696,16.09715783227094],[-61.58079105852323,16.09752295829131],[-61.583476338261995,16.097518012438147],[-61.58540847235091,16.09674426251005],[-61.586792707453,16.0984366692919],[-61.5877929629148,16.098820613541683],[-61.58769921068888,16.100021233477808],[-61.5847277097743,16.102035092775992],[-61.58162659619448,16.10204871364818],[-61.581363228867225,16.10287596839059],[-61.57613056616076,16.10282238077425],[-61.57162659785058,16.103837067370243],[-61.571363229183014,16.104542633753933],[-61.57004458417604,16.104193449391158],[-61.5666266016829,16.106574910169417],[-61.566481182360825,16.107828734772855],[-61.5637750667657,16.10788204416883],[-61.56319570675523,16.10831578216508],[-61.56181960830451,16.10765754727192],[-61.56163043934341,16.10313235304689],[-61.56097219487461,16.102048711006766],[-61.56014043762966,16.101763396190933],[-61.56001049726785,16.095382044448648],[-61.558472207992196,16.09423239160672],[-61.55849711630743,16.09244467500986],[-61.55930554449539,16.09224940684764],[-61.558859592655445,16.090945892377825],[-61.559487913094685,16.085615785540238],[-61.55908756163215,16.078715378170763],[-61.55851086425394,16.07854817002494],[-61.558473810691524,16.077534720382616],[-61.559002509027124,16.077249406429654],[-61.559344202921054,16.07491661310254],[-61.559870642807375,16.074749406288117],[-61.56015299838006,16.071640569000298],[-61.56097224503678,16.071416072786764],[-61.561174200544585,16.070606817205864],[-61.5626389128379,16.070582739218313],[-61.56284086764127,16.0697734836556],[-61.564305580639164,16.06974940565009],[-61.56447851250342,16.068953422314127],[-61.56597224844063,16.06891607208213],[-61.565744711659775,16.066215379428673],[-61.564478513844,16.066178027944453],[-61.5643055877812,16.06538204596332],[-61.5634863413495,16.06515754785795],[-61.563546513665614,16.064031720315132],[-61.56430559017805,16.063916072173313],[-61.56447851699962,16.063120088857254],[-61.56533904491341,16.063082738509404],[-61.56457902359295,16.061311083193093],[-61.56504294261164,16.060382046239425],[-61.56352739432047,16.06024146310231],[-61.56347226545995,16.0587153794064],[-61.562645218271584,16.05846076936528],[-61.562677562286716,16.05658327939358],[-61.5643056037982,16.05558273863515],[-61.563575124755374,16.055295568954786],[-61.56396526918444,16.054947314136037],[-61.565590957107936,16.054111365604964],[-61.567459848989586,16.053944493374587],[-61.56745985030607,16.054749404876226],[-61.56847227125653,16.05474940474639],[-61.56847983473065,16.054165750911313],[-61.56918454846363,16.054461061288315],[-61.57066556826946,16.055666180672574],[-61.57187673391071,16.057948702273528],[-61.57579319233308,16.05942093048683],[-61.57546606144161,16.060382047168524],[-61.57290223979657,16.060375968693574],[-61.572638929512266,16.059548713888088],[-61.57079319191039,16.059548713652013],[-61.57079319350302,16.060522004763094],[-61.57463683880669,16.063082737117153],[-61.58021317750897,16.064865052307812],[-61.581424585070074,16.06477348133792]],[[-61.56473738994875,16.083916072400918],[-61.567556186716615,16.084453808715345],[-61.57066362287204,16.083700208848544],[-61.57116422027361,16.083164666236268],[-61.564999511156174,16.08252443126235],[-61.56473738994875,16.083916072400918]],[[-61.56579318887161,16.058082738505423],[-61.56629130319849,16.057882046091343],[-61.56579318854363,16.057882046398518],[-61.56579318887161,16.058082738505423]],[[-61.56760413336113,16.05788204664269],[-61.56763893283381,16.05793474954688],[-61.56763893291825,16.05788204663543],[-61.56760413336113,16.05788204664269]],[[-61.5706681417934,16.07461643384938],[-61.57209149537972,16.07710641134554],[-61.57484144863354,16.076805286139212],[-61.57630226109285,16.07719287370678],[-61.577676843291144,16.076720393693666],[-61.57523006946915,16.07666710580885],[-61.573619974452605,16.07551514826566],[-61.57243124894755,16.06950007745251],[-61.57125308540685,16.069610791581557],[-61.57048958707048,16.07102792894553],[-61.567808044461465,16.07357682676544],[-61.5706681417934,16.07461643384938]],[[-61.58293671793739,16.076884954271847],[-61.583393946897814,16.077955093287258],[-61.58329549163209,16.076304358130276],[-61.58228118643336,16.0761772611392],[-61.58293671793739,16.076884954271847]]],[[[-61.56687979285146,16.10653172064356],[-61.56817363879094,16.106487873218246],[-61.5682189974728,16.107766395818757],[-61.56695093920478,16.10782873479992],[-61.56687979285146,16.10653172064356]]],[[[-61.57184419957997,16.076048170876447],[-61.5719785081495,16.073953421572064],[-61.57325458577411,16.074083278852484],[-61.5732380831962,16.076074796869577],[-61.57184419957997,16.076048170876447]]],[[[-61.57210065595194,16.10725092829327],[-61.573021313246166,16.10725425226214],[-61.57180551744285,16.10770166983948],[-61.57210065595194,16.10725092829327]]],[[[-61.57614514885927,16.10617802809167],[-61.576010824237166,16.104916612378613],[-61.57680552161874,16.104749404912557],[-61.577007512123735,16.10394014941245],[-61.578120303597984,16.103953421501565],[-61.57825463270389,16.10604817080314],[-61.57614514885927,16.10617802809167]]],[[[-61.592663793804356,16.082444673272317],[-61.593877562629075,16.082258952906066],[-61.593120980798325,16.083031381978337],[-61.59266378953057,16.0851867765527],[-61.592663793804356,16.082444673272317]]]]}},{"type":"Feature","properties":{"feature_id":"AEP_BELLEEAU__P5","layer_key":"eau_aep","layer_label":"Eau AEP","economic_unit_id":"AEP_BELLEEAU__P5","economic_state":"S3","economic_exposure_eur":23893322.0,"economic_damage_eur":5092868.0,"economic_damage_ratio_pct":21.315,"economic_asset_count":295,"criticality_territory":"guadeloupe","criticality_family":"aep","criticality_scenario":"rp1000","criticality_period_years":"1000","criticality_hazard":"storm_cmcc"},"geometry":{"type":"MultiPolygon","coordinates":[[[[-61.62079308137984,15.98788205560555],[-61.621587800982695,15.98824994184766],[-61.62157130400682,15.989408135299373],[-61.6202062333277,15.989548722106976],[-61.62114077020263,15.991431028610716],[-61.622639031502054,15.992892377545914],[-61.62265311649847,15.99080723303114],[-61.62347236848204,15.990582729585755],[-61.623472370163675,15.989548722548895],[-61.622640612066846,15.989263397733163],[-61.6226531216858,15.987473899683623],[-61.62322693638963,15.987249396163127],[-61.62347969668652,15.988279163479321],[-61.62579308663896,15.990743580492413],[-61.62495975430869,15.99141606275617],[-61.62612402015236,15.991416062495993],[-61.62662484968034,15.993430064518641],[-61.62579309181141,15.993916062714888],[-61.62706415614871,15.993916062295156],[-61.62888994294334,15.997036163826362],[-61.62700757536264,15.997024642940511],[-61.62662642898825,15.996215389387475],[-61.626612350499435,15.998490884402441],[-61.62546720284504,15.998715388780266],[-61.62461233028955,16.002430659696596],[-61.61747837238938,16.006087708680415],[-61.616497826345665,16.00582330345973],[-61.613573992854064,16.00665726027229],[-61.61224092787376,16.007581001954282],[-61.611774096561184,16.00969162877179],[-61.61043360468328,16.009296624470597],[-61.609171991246775,16.010762604006448],[-61.61099958200085,16.013193225378938],[-61.61025865417169,16.016542834897244],[-61.61100710607811,16.01847899084419],[-61.61032987103723,16.019745903687266],[-61.60988288642881,16.023070520843948],[-61.60995980536971,16.02391606541265],[-61.610786854438864,16.024170679440953],[-61.61067356023515,16.02697691608402],[-61.60944412015002,16.027048719487848],[-61.60862516942468,16.02792213998932],[-61.606204446004604,16.027868431015953],[-61.60571573246767,16.027152054598528],[-61.60114520824533,16.027011366526317],[-61.60097231479733,16.025382051919408],[-61.59870444749967,16.025368430195744],[-61.598472316490266,16.024548718299584],[-61.59771322633406,16.024433066658847],[-61.5976291912908,16.022882051585093],[-61.59692523317183,16.022810248166895],[-61.59597232225894,16.021215384760474],[-61.595213230795615,16.02109973319982],[-61.595385810751075,16.019759461361954],[-61.59286581054687,16.017076467211265],[-61.59194655200265,16.016865534065246],[-61.59148110234688,16.017828739918215],[-61.590340897667524,16.017857971417943],[-61.588434093360796,16.015427394942773],[-61.58575538744799,16.019174297188894],[-61.58367320099993,16.01995071703685],[-61.58326823517752,16.021853443787624],[-61.58245979886005,16.02204871635891],[-61.58234022036795,16.022810246772615],[-61.58037111611775,16.022868428057237],[-61.58013898970157,16.022048716063953],[-61.57937989807676,16.021933065243218],[-61.57933055645442,16.01994467348689],[-61.58124158357355,16.019749401975417],[-61.580854326618606,16.019374496037404],[-61.58347233502079,16.014410585166857],[-61.58356813097062,16.012342050270433],[-61.586392631574085,16.01129425662537],[-61.58773724824624,16.010291547548636],[-61.58775858215821,16.008987869559302],[-61.58958170273645,16.00891606730801],[-61.593591919289246,16.004821202248106],[-61.59760600586896,16.00251172121332],[-61.59775858989821,16.00065453510103],[-61.6000068036186,16.000582732764794],[-61.60347235901036,15.99803432916797],[-61.603617704803796,15.99646937559721],[-61.60513902808648,15.996416065338781],[-61.60523481474177,15.995675381404975],[-61.60763903061359,15.99465954346585],[-61.60778437341454,15.993969375115103],[-61.609057523438764,15.994038670538798],[-61.60947856785367,15.99312008235299],[-61.61089675065812,15.993082731223712],[-61.61274052843016,15.99196107641829],[-61.6128119028884,15.990620081934269],[-61.615006188585106,15.990582730647699],[-61.615972370404215,15.989994926955756],[-61.615972372508026,15.988715388314922],[-61.6151941523179,15.98857480148849],[-61.615139041120116,15.987565725477513],[-61.61597237521816,15.987048721702406],[-61.615177656031996,15.986881508343194],[-61.61513904431851,15.985618604157194],[-61.617782210137165,15.984340104689085],[-61.62016607515202,15.98443176772352],[-61.62268225991483,15.986215389204018],[-61.6216264121063,15.986215389096003],[-61.62162013076797,15.98762743825543],[-61.62079308137984,15.98788205560555]],[[-61.60025950108666,16.013098009861157],[-61.59901291206084,16.013916066458155],[-61.59986399384933,16.01400871547168],[-61.599959789448405,16.01492359768342],[-61.60423297816519,16.01470738608443],[-61.60302661486484,16.01289804316086],[-61.60097389422709,16.011647092229655],[-61.60025950108666,16.013098009861157]],[[-61.61044029667008,15.997591193759412],[-61.60751916152552,16.00041276769622],[-61.61190313332304,16.002670409864514],[-61.61653050635343,15.997454888382181],[-61.61505393219501,15.996506530568805],[-61.61044029667008,15.997591193759412]],[[-61.6182930800414,15.987249396810743],[-61.619305707784925,15.987249396685396],[-61.61930570946616,15.986215388809095],[-61.61829307836014,15.986215388683751],[-61.6182930800414,15.987249396810743]]],[[[-61.58534089557407,16.023106813290546],[-61.586034583917886,16.023082735028765],[-61.58513898624047,16.02375778369851],[-61.58534089557407,16.023106813290546]]],[[[-61.586046565960686,16.020698384549007],[-61.587340217963515,16.0206545364469],[-61.586836124525284,16.022048716898922],[-61.58614521306884,16.022011365005504],[-61.586046565960686,16.020698384549007]]],[[[-61.600213240590755,16.013198383310446],[-61.60150687799137,16.013154534932795],[-61.601552216119764,16.014433067232666],[-61.60031188457061,16.014511366799038],[-61.600213240590755,16.013198383310446]]],[[[-61.61104655495134,16.027365049317996],[-61.6123402268159,16.02732120081014],[-61.612385568340656,16.02859973444324],[-61.61111767442008,16.028662074974225],[-61.61104655495134,16.027365049317996]]],[[[-61.613478597145054,16.02583734613686],[-61.61390796170361,16.025582731426763],[-61.61385437346411,16.026862162506067],[-61.613478597145054,16.02583734613686]]]]}},{"type":"Feature","properties":{"feature_id":"AEP_BELLEEAU__P6","layer_key":"eau_aep","layer_label":"Eau AEP","economic_unit_id":"AEP_BELLEEAU__P6","economic_state":"S3","economic_exposure_eur":21425801.0,"economic_damage_eur":4566915.0,"economic_damage_ratio_pct":21.315,"economic_asset_count":219,"criticality_territory":"guadeloupe","criticality_family":"aep","criticality_scenario":"rp1000","criticality_period_years":"1000","criticality_hazard":"storm_cmcc"},"geometry":{"type":"Polygon","coordinates":[[[-61.64745952725676,15.849417194690172],[-61.64897909588763,15.85033388688658],[-61.64906930472747,15.851605525577238],[-61.64777370332928,15.852048729880387],[-61.64594153808582,15.854116437149576],[-61.643182907459256,15.852882062652728],[-61.63934581569025,15.853704665856055],[-61.638751175604625,15.852293389802576],[-61.6391822441312,15.850312405166045],[-61.63860831542892,15.848352869064584],[-61.636444890477364,15.847023251781055],[-61.634512816271496,15.847808120435284],[-61.632311207534464,15.847167653964181],[-61.63125777851188,15.847466687545596],[-61.630611072289106,15.849343719394035],[-61.62824171859661,15.851103331281513],[-61.629845984198084,15.854309570367258],[-61.62969207957669,15.856503464109473],[-61.62829287179113,15.857823219696227],[-61.62829287355504,15.858916059106676],[-61.629112134792855,15.859140565494183],[-61.628953453964456,15.860344707769958],[-61.62745954248122,15.860382060558498],[-61.62725779493453,15.861191313758658],[-61.62454512296548,15.861572394571688],[-61.624045408911826,15.860634105776231],[-61.6202844934985,15.858662080623164],[-61.61968986116827,15.857882059399701],[-61.618592067619346,15.857810254546449],[-61.618371028688955,15.857048726228035],[-61.61620452597564,15.857035104207114],[-61.61597258662807,15.856424647882745],[-61.61407653512767,15.85713389272073],[-61.613088230063674,15.85515564987033],[-61.608210623680165,15.857117091532661],[-61.6048916089572,15.860482169157368],[-61.60010328981119,15.862360097201547],[-61.59647384089541,15.865024159900667],[-61.59346595192348,15.866293298424251],[-61.59162459802908,15.866162031365576],[-61.59017796810899,15.866962650160378],[-61.58696878073421,15.867244506826106],[-61.58551765575481,15.869087223246458],[-61.58629576741228,15.871566778977549],[-61.587362324697125,15.872559926953215],[-61.5848143068591,15.875328743155155],[-61.58291724723088,15.875406890089392],[-61.5822578021419,15.876191308101701],[-61.58098952572936,15.876215387553241],[-61.57573108297359,15.87842068437232],[-61.57499298635946,15.879285618761152],[-61.5732501891982,15.878527680300552],[-61.57343313438674,15.877316433269941],[-61.57128272625613,15.87172719804853],[-61.57309420315561,15.869548719927593],[-61.572645518114214,15.869294104758358],[-61.57275872824205,15.868154535178128],[-61.575782017562716,15.868150987770951],[-61.574971377652446,15.866203926960024],[-61.57847258681814,15.859421596817562],[-61.578674331597234,15.858106810407909],[-61.580529816776064,15.85808880939136],[-61.582714553383006,15.858949218649188],[-61.58781579615882,15.859082851424693],[-61.588462056305865,15.85864378135509],[-61.59160473998297,15.858537040312399],[-61.59508543840527,15.857312290490437],[-61.59687591530697,15.858623574777132],[-61.599376220414435,15.856142324993465],[-61.60512621728655,15.854474883388821],[-61.605998768163786,15.85369048159386],[-61.61671161676151,15.849635599544666],[-61.61840180983911,15.851227667764553],[-61.61906152372403,15.852925883683447],[-61.6199793596295,15.853207089011107],[-61.62064152417799,15.849716244973198],[-61.62289133508985,15.846982050154542],[-61.62770577741197,15.84374098822717],[-61.63733349059262,15.842853564875147],[-61.64013926915875,15.84460495750714],[-61.64031201298694,15.843953409194386],[-61.64133142430992,15.843917579946847],[-61.64162618570823,15.84474939046188],[-61.64312010882034,15.844786742227818],[-61.64329285526078,15.846416056966058],[-61.645591119089616,15.846440135773001],[-61.64624985620398,15.848082723021188],[-61.647196481707105,15.848088801020616],[-61.64745952725676,15.849417194690172]]]}},{"type":"Feature","properties":{"feature_id":"AEP_BELLEEAU__P7","layer_key":"eau_aep","layer_label":"Eau AEP","economic_unit_id":"AEP_BELLEEAU__P7","economic_state":"S3","economic_exposure_eur":658595.0,"economic_damage_eur":140380.0,"economic_damage_ratio_pct":21.315,"economic_asset_count":6,"criticality_territory":"guadeloupe","criticality_family":"aep","criticality_scenario":"rp1000","criticality_period_years":"1000","criticality_hazard":"storm_cmcc"},"geometry":{"type":"Polygon","coordinates":[[[-61.61305044211388,16.020759049965065],[-61.61326775429908,16.022351892643307],[-61.61251649063456,16.02331617936178],[-61.611522705327566,16.02059806078951],[-61.61305794164251,16.018856252736988],[-61.613713118704986,16.019066558879388],[-61.61305044211388,16.020759049965065]]]}},{"type":"Feature","properties":{"feature_id":"AEP_BELLEEAU__P8","layer_key":"eau_aep","layer_label":"Eau AEP","economic_unit_id":"AEP_BELLEEAU__P8","economic_state":"S3","economic_exposure_eur":58571405.0,"economic_damage_eur":12484510.0,"economic_damage_ratio_pct":21.315,"economic_asset_count":1255,"criticality_territory":"guadeloupe","criticality_family":"aep","criticality_scenario":"rp1000","criticality_period_years":"1000","criticality_hazard":"storm_cmcc"},"geometry":{"type":"MultiPolygon","coordinates":[[[[-61.60162649546041,16.038916066822225],[-61.60234023811087,16.038987868651784],[-61.604174860450584,16.040817074443897],[-61.61275944269234,16.044749398825996],[-61.61424264672099,16.044949873732293],[-61.61521340347237,16.04599697916189],[-61.61299812423391,16.04704719573387],[-61.60593924294551,16.046801414054677],[-61.60504708802907,16.047368665329323],[-61.604126509105676,16.047082034104037],[-61.603799394661486,16.047882051154502],[-61.60275854012515,16.04781024807997],[-61.60263894588852,16.04704871808964],[-61.600793175298655,16.0470487178585],[-61.60052987838702,16.047875972526292],[-61.59710066382416,16.04788052706289],[-61.59680561333512,16.047048717358066],[-61.592114042987305,16.047089635222935],[-61.59021084143728,16.04528617969716],[-61.58981305263945,16.042320372328096],[-61.58612268122328,16.042075201349846],[-61.58443264016794,16.045303083094623],[-61.58588001027356,16.048102647056304],[-61.58567358156923,16.049476913070436],[-61.58367421159058,16.049524636342795],[-61.5834722792539,16.048600833823123],[-61.5816058371823,16.051008018408744],[-61.57836616097808,16.049081344108203],[-61.576935518225014,16.050073132783222],[-61.57510404288211,16.050153129825866],[-61.57443466534339,16.050929426792468],[-61.57703152881471,16.052008286956926],[-61.57874238323933,16.055587837876992],[-61.58079586580641,16.05558273652822],[-61.5814811592304,16.056995388623132],[-61.578767329330724,16.057047191124866],[-61.57847226673473,16.05666864028988],[-61.577560119105584,16.05891391477473],[-61.575793191506875,16.058909702445746],[-61.57552988183332,16.06037596902531],[-61.57290223979657,16.060375968693574],[-61.572638929512266,16.059548713888088],[-61.57079319191039,16.059548713652013],[-61.570793193600444,16.060582737925827],[-61.57161244107375,16.060807235107458],[-61.57162652976505,16.06224940452686],[-61.57392458315784,16.062273482164436],[-61.57412653162977,16.06319894977594],[-61.56791613979734,16.06260188964628],[-61.56763892747028,16.0612153798603],[-61.565657659714724,16.061215379506386],[-61.56513892917433,16.060382046233126],[-61.563617649337644,16.0603287357642],[-61.56347226545995,16.0587153794064],[-61.56263893272224,16.05839905841745],[-61.56266383660946,16.05661134122322],[-61.563472269339705,16.05634246857213],[-61.56111150711736,16.05538204577405],[-61.557811855970144,16.055344694169843],[-61.557638941097736,16.05371537881706],[-61.55598636188605,16.05265754773079],[-61.55602740838734,16.050723320680305],[-61.55680561299639,16.050582739479175],[-61.55697852777076,16.049786756094374],[-61.5578451188661,16.04974940580563],[-61.56013895326193,16.04604909862316],[-61.5601940824954,16.044889986978955],[-61.560972288690614,16.044704757102505],[-61.564305635796025,16.035971457341375],[-61.56433053700512,16.03411134098595],[-61.56513897287632,16.033615358343003],[-61.56521322012969,16.032365053066563],[-61.56597230833044,16.03224940451465],[-61.566010932410315,16.030749945614584],[-61.56680564426835,16.03058273770007],[-61.56695101078529,16.02980271345133],[-61.568281985299286,16.029415864381075],[-61.56852743748648,16.028223319519736],[-61.56930564802284,16.028071458320422],[-61.56940144935552,16.02650871844341],[-61.57071887828434,16.026215381349175],[-61.57016388166647,16.026020109676526],[-61.570163883412164,16.02494467396947],[-61.57180565445677,16.023916070229028],[-61.57183055363375,16.02244467387056],[-61.57263899039352,16.022249403414875],[-61.57287111813689,16.02142969022095],[-61.574814437144994,16.0214693790939],[-61.57495979822983,16.022249403118355],[-61.5757682350603,16.02244467360175],[-61.57579313404728,16.023708037832797],[-61.583230633049,16.028916068860656],[-61.58481444462955,16.02896937818388],[-61.585793146532254,16.030582735278557],[-61.58620444696406,16.0297630221247],[-61.588799393406084,16.029749401158202],[-61.58912648028835,16.03058273485678],[-61.59231444665465,16.030636044095015],[-61.59245981780661,16.032889603290005],[-61.59311166304592,16.03281061296533],[-61.59430563439402,16.034340846163886],[-61.594537777975596,16.033929687881535],[-61.595673565746225,16.033987869208108],[-61.59579315573715,16.035448640519437],[-61.59695559610484,16.03631432388306],[-61.59981445245356,16.03646937675925],[-61.59976095844106,16.038082733526846],[-61.601363207492156,16.038088811105183],[-61.60162649546041,16.038916066822225]],[[-61.56579318854363,16.057882046398518],[-61.56579318887161,16.058082738505423],[-61.567638932590285,16.058082738268514],[-61.56579318854363,16.057882046398518]],[[-61.57160129596889,16.051590993200225],[-61.57071337782334,16.05137524140494],[-61.57093564367545,16.052069829242548],[-61.57160129596889,16.051590993200225]],[[-61.574754678089874,16.029548870458402],[-61.57468930506517,16.029976260658486],[-61.57525907993317,16.029849503804066],[-61.574754678089874,16.029548870458402]]],[[[-61.594006913617655,16.04815453629278],[-61.594052259529235,16.049433065860313],[-61.592758539262,16.049476913732203],[-61.592677570687876,16.048249944179464],[-61.594006913617655,16.04815453629278]]],[[[-61.61317358091748,16.047321201091606],[-61.61321892698387,16.048599734065764],[-61.61192520514197,16.04864358227546],[-61.611830510971345,16.047444672111297],[-61.61317358091748,16.047321201091606]]]]}},{"type":"Feature","properties":{"feature_id":"AEP_BELLEEAU__P9","layer_key":"eau_aep","layer_label":"Eau AEP","economic_unit_id":"AEP_BELLEEAU__P9","economic_state":"S0","economic_exposure_eur":181468.0,"economic_damage_eur":3975.0,"economic_damage_ratio_pct":2.19,"economic_asset_count":4,"criticality_territory":"guadeloupe","criticality_family":"aep","criticality_scenario":"rp1000","criticality_period_years":"1000","criticality_hazard":"storm_cmcc"},"geometry":{"type":"Polygon","coordinates":[[[-61.50756228934685,16.26819570719333],[-61.50720014292596,16.26876432710209],[-61.50481538651604,16.26886577602702],[-61.50436927815291,16.268520303227042],[-61.504703722466644,16.267790511203565],[-61.506985597611596,16.26777973824146],[-61.50756228934685,16.26819570719333]]]}},{"type":"Feature","properties":{"feature_id":"AEP_BELLETERRE","layer_key":"eau_aep","layer_label":"Eau AEP","economic_unit_id":"AEP_BELLETERRE","economic_state":"S3","economic_exposure_eur":418159.0,"economic_damage_eur":89131.0,"economic_damage_ratio_pct":21.315,"economic_asset_count":1,"criticality_territory":"guadeloupe","criticality_family":"aep","criticality_scenario":"rp1000","criticality_period_years":"1000","criticality_hazard":"storm_cmcc"},"geometry":{"type":"Polygon","coordinates":[[[-61.691117693440276,16.001162083777935],[-61.69097234387153,16.000382063651774],[-61.69017762834933,16.000214845713753],[-61.69013901401306,15.998299912586424],[-61.69133131673353,15.997604005470542],[-61.69388121384746,15.99787778397213],[-61.694639942092515,15.99901637164565],[-61.69438074073141,16.000973641719494],[-61.69318135868695,16.001716900245096],[-61.69180567489956,16.001716086133218],[-61.69180567574423,16.001215397055653],[-61.691117693440276,16.001162083777935]]]}},{"type":"Feature","properties":{"feature_id":"AEP_BLANCHET","layer_key":"eau_aep","layer_label":"Eau AEP","economic_unit_id":"AEP_BLANCHET","economic_state":"S0","economic_exposure_eur":15616585.0,"economic_damage_eur":341953.0,"economic_damage_ratio_pct":2.19,"economic_asset_count":135,"criticality_territory":"guadeloupe","criticality_family":"aep","criticality_scenario":"rp1000","criticality_period_years":"1000","criticality_hazard":"storm_cmcc"},"geometry":{"type":"MultiPolygon","coordinates":[[[[-61.39162533678631,16.310096725960385],[-61.390793580942436,16.310382014347756],[-61.39072155545418,16.31276336184493],[-61.39033428404473,16.310202805694665],[-61.3907308893571,16.30891610181289],[-61.391299394180955,16.308916101374617],[-61.39162533678631,16.310096725960385]]],[[[-61.42347187080307,16.3102301914323],[-61.42370432026333,16.30976304947371],[-61.42478712108871,16.309786777337205],[-61.42579358767497,16.311416096925672],[-61.42969662476398,16.311422173384596],[-61.42996025631723,16.31224942969459],[-61.430971866335454,16.312249429552775],[-61.43102278653318,16.31156356121969],[-61.4336960378412,16.312491733313944],[-61.43576053247349,16.314370030799626],[-61.4324602604957,16.314548686789202],[-61.4322576355978,16.316262911979422],[-61.43714506087475,16.318082761798856],[-61.43975807141946,16.318106837802283],[-61.44014060357464,16.319198092047493],[-61.44145379601795,16.318953442142792],[-61.443086849327116,16.320582761213043],[-61.444071737687125,16.320723332178115],[-61.44411283686116,16.32182420680826],[-61.44367062777156,16.322048687929644],[-61.444305180079155,16.322827622280325],[-61.44445075289554,16.322302732860773],[-61.44513851425524,16.322249427824637],[-61.44513851736414,16.32038202169916],[-61.44434386020161,16.320214825236185],[-61.44430518831545,16.31788202166536],[-61.44269372338811,16.316908115657853],[-61.442638525525375,16.31569590871374],[-61.44376362099832,16.316291120509614],[-61.44634495998531,16.318706836614005],[-61.4466269391932,16.320582760910007],[-61.44996027728868,16.323167211153862],[-61.45057949568869,16.325499057956854],[-61.449738196999846,16.32802044808089],[-61.44809588200935,16.32943776534576],[-61.44703764192796,16.329535068117824],[-61.44680516990791,16.328715354990546],[-61.44537097574042,16.32870173458951],[-61.445138504875494,16.32788202145325],[-61.44359159492475,16.32781022448991],[-61.443471839843255,16.32704868791569],[-61.44186037746867,16.326074782076525],[-61.44180517619897,16.325382021071874],[-61.43867404571556,16.325357943421356],[-61.4376385129256,16.32371535387926],[-61.43531165583779,16.323678005114534],[-61.43162693758236,16.32090262414815],[-61.431331500312055,16.322047162884488],[-61.42950738171748,16.322024609005712],[-61.42930518499542,16.321215352795335],[-61.42690825472104,16.321128955519498],[-61.421065437247066,16.32338479533873],[-61.42000192480693,16.324271786156515],[-61.419461181089844,16.32615727076998],[-61.41882012346643,16.326642435034973],[-61.41715266913066,16.333553838567028],[-61.417453492215785,16.334586723108366],[-61.41626717920354,16.335197434807096],[-61.41403961587319,16.33444738918575],[-61.41315823768474,16.33361331625739],[-61.41326432064491,16.330382016885807],[-61.41267718303294,16.330214822964553],[-61.412638507793766,16.329037586715486],[-61.41111998280933,16.326215349951333],[-61.40934385626558,16.326048156148108],[-61.40933011477503,16.324944684368468],[-61.41013851590535,16.32439121168607],[-61.40849556095631,16.32246542819873],[-61.40065314048064,16.32225039120713],[-61.399960269235955,16.32260095757535],[-61.39978713116803,16.323678000704906],[-61.39773445374314,16.323622708220686],[-61.39793508013189,16.319829034023865],[-61.395028006503836,16.31288201489157],[-61.39433013560577,16.312686762910907],[-61.39433059661151,16.31121534814941],[-61.393510547079536,16.311048155345706],[-61.39347187648582,16.309548681426296],[-61.39200739193705,16.309524604470145],[-61.39180521145981,16.308715347880923],[-61.390980681807854,16.30847043973799],[-61.39217559481704,16.307197296811186],[-61.39386157799845,16.306421933158205],[-61.3941269109333,16.308082768007097],[-61.39597187854302,16.30808276774262],[-61.39515264865802,16.307657538216063],[-61.39540216735646,16.30642217803583],[-61.40079357689934,16.307082689460362],[-61.40079358299117,16.310755113619468],[-61.40577440323595,16.31067838013154],[-61.40822022149509,16.313159394877864],[-61.40924633708602,16.315976382806735],[-61.41181842732235,16.318137083147306],[-61.412110056101135,16.319702453725768],[-61.414729866261005,16.32058276515738],[-61.417227807473814,16.320596383929452],[-61.41746026946372,16.321213367834055],[-61.41930518887861,16.319781152210673],[-61.42014357571883,16.31834543873809],[-61.41958509397488,16.31204868475732],[-61.41864499953445,16.312011336725686],[-61.41847186992718,16.311215351597816],[-61.41766346823013,16.31102009754116],[-61.41766347385297,16.307444683794245],[-61.41849774501288,16.306328168065512],[-61.41940922411537,16.306168559038902],[-61.42215742284369,16.30891609703052],[-61.42302995712329,16.308922174243104],[-61.42347187080307,16.3102301914323]],[[-61.40418409853374,16.314595403017705],[-61.401361696578256,16.314670483088776],[-61.40166837800866,16.316059115141005],[-61.40507981582837,16.31630542829143],[-61.40418409853374,16.314595403017705]],[[-61.43097186389635,16.31371535327468],[-61.4307935922073,16.3137153532497],[-61.430793592541335,16.31391609628575],[-61.43097186389635,16.31371535327468]]],[[[-61.39736433580446,16.324008739729425],[-61.397460274162,16.32576606099766],[-61.39597185112676,16.3245563097718],[-61.39736433580446,16.324008739729425]]],[[[-61.40097184865643,16.325582767460627],[-61.401204314065154,16.32476305287913],[-61.40338899479875,16.324749433780475],[-61.40127916426824,16.32612936186931],[-61.40013851417988,16.326346569195742],[-61.40019371679233,16.325723335736193],[-61.40097184865643,16.325582767460627]]],[[[-61.41106779348,16.316956043060024],[-61.410971862737064,16.31621535037226],[-61.410152633210146,16.315990872068053],[-61.41023446417831,16.314008738312566],[-61.411394470694624,16.313929717896613],[-61.41162692453954,16.3147494323424],[-61.41282351966993,16.314749432013503],[-61.41319766289761,16.316956043316875],[-61.41106779348,16.316956043060024]]],[[[-61.420138498881485,16.333715351096256],[-61.4193192706673,16.333490872228527],[-61.41930516845028,16.332048684366608],[-61.418478129555645,16.33179409626976],[-61.41851051500056,16.33074995783873],[-61.41930517089251,16.33058276498165],[-61.41956882565653,16.329755508562375],[-61.42088258767249,16.329749431423938],[-61.42000983822007,16.331200913297952],[-61.42122352770081,16.33380848959076],[-61.42110972614213,16.335382017741907],[-61.420466060730284,16.3353820173616],[-61.420138498881485,16.333715351096256]]],[[[-61.424450767681165,16.30813606823739],[-61.42579358294945,16.308581826934386],[-61.425648023760004,16.309495380071713],[-61.42447833440378,16.30951133752445],[-61.424450767681165,16.30813606823739]]],[[[-61.42597187303537,16.308669286922868],[-61.42742199684618,16.309380635244157],[-61.42716483156316,16.309547162710754],[-61.426145000949404,16.309511337731198],[-61.42597187303537,16.308669286922868]]],[[[-61.43392474309591,16.326440172076197],[-61.434126948105536,16.326990003674467],[-61.433330729862384,16.32672818996565],[-61.43281165465218,16.32645344338468],[-61.43392474309591,16.326440172076197]]],[[[-61.4409718596103,16.315398071287564],[-61.44246026370739,16.315636252883706],[-61.44225807125546,16.316191277508057],[-61.44114499463637,16.316178006052702],[-61.4409718596103,16.315398071287564]]]]}},{"type":"Feature","properties":{"feature_id":"AEP_BOSREDON","layer_key":"eau_aep","layer_label":"Eau AEP","economic_unit_id":"AEP_BOSREDON","economic_state":"S3","economic_exposure_eur":28265357.0,"economic_damage_eur":6024768.0,"economic_damage_ratio_pct":21.315,"economic_asset_count":229,"criticality_territory":"guadeloupe","criticality_family":"aep","criticality_scenario":"rp1000","criticality_period_years":"1000","criticality_hazard":"storm_cmcc"},"geometry":{"type":"MultiPolygon","coordinates":[[[[-61.51124425243057,16.3128820306395],[-61.51220423863642,16.318090669861032],[-61.51246027874569,16.31891608526221],[-61.51328731873887,16.319170682351796],[-61.51329361831953,16.322614844668017],[-61.513702143790574,16.323916084998928],[-61.51495399378768,16.324170682316797],[-61.51496029434209,16.32808275182554],[-61.51579362827659,16.32839905733127],[-61.51576869521666,16.3293534358214],[-61.51513350863459,16.329749418512854],[-61.51662538709618,16.330034720510625],[-61.51657176048404,16.331074787674236],[-61.515793633004634,16.331215364264718],[-61.51563477293651,16.332836408411872],[-61.51742425931232,16.337128795609775],[-61.51688318604192,16.33812238283634],[-61.5173238873656,16.342045973240555],[-61.5160128835584,16.3433003677694],[-61.514577074086134,16.343084321149536],[-61.513664818834734,16.343617683205125],[-61.51123548373269,16.34370928501662],[-61.508617394588335,16.342828721890726],[-61.50838138111427,16.34204869627561],[-61.50695072882797,16.34199538839613],[-61.50680514411592,16.33897553131683],[-61.50602701903458,16.338574786685154],[-61.50597181272714,16.337882029406025],[-61.505193686955195,16.33774145330676],[-61.504870523135544,16.33621536259015],[-61.502460303702364,16.334705101037088],[-61.50228714684366,16.33534467953159],[-61.501144975351934,16.33534467937981],[-61.500138487168364,16.333715362096648],[-61.498617403885376,16.333662054370215],[-61.49763849000076,16.33223017976367],[-61.49290215476172,16.332042616322436],[-61.492638492406556,16.331215361171804],[-61.492258083858786,16.332024616678943],[-61.49037097209852,16.33203507370931],[-61.48847182884446,16.329711734837417],[-61.488061149233694,16.330368406803533],[-61.48579362766749,16.330435118607124],[-61.4855611495451,16.331201739787215],[-61.48330620187836,16.33121535991666],[-61.479842644658824,16.333143248474368],[-61.47663950125951,16.32974027589609],[-61.47327621830221,16.327666442778654],[-61.47079362136217,16.32788202498614],[-61.471612850763115,16.32830724009595],[-61.47162066446734,16.330127431161607],[-61.47043326461267,16.330099796255126],[-61.466571417918075,16.32841719336824],[-61.464952736493956,16.326169158402934],[-61.464929955598905,16.323520202332414],[-61.466626942620465,16.32098836454979],[-61.467460278190615,16.32224942474727],[-61.47014821589635,16.322249424375375],[-61.47015262107215,16.31830724020195],[-61.47180518533632,16.317249424029107],[-61.47267420625618,16.312537220561527],[-61.47231326184746,16.31144331309238],[-61.47323674779403,16.310807627829142],[-61.474176266291515,16.308989286858186],[-61.47406079115861,16.30804718498434],[-61.474768504863796,16.307048692710655],[-61.474319305368624,16.30682420810839],[-61.47431930705993,16.305807239982443],[-61.475138537594965,16.305582756618],[-61.47537098698752,16.304763042508743],[-61.47648135590573,16.304802728825013],[-61.47748656463886,16.306001450092534],[-61.48431056910454,16.307536703131333],[-61.4876385352789,16.305870234967003],[-61.48765264119978,16.30414057278296],[-61.48847187177398,16.30391608810175],[-61.4886740584251,16.30227349792306],[-61.48981468791603,16.30230272727312],[-61.489960249376786,16.303082754546846],[-61.49552995695799,16.303088830982627],[-61.49662691971706,16.304749420357712],[-61.49742157946729,16.304916619063324],[-61.49738776788843,16.306097299839706],[-61.49930482326086,16.30929656385491],[-61.501872899069085,16.311726438194277],[-61.50655579203798,16.311447869421347],[-61.510138521218174,16.312403035337685],[-61.50931148252886,16.311794098896712],[-61.50931418157794,16.308326965283307],[-61.51241707375587,16.30919888919642],[-61.51412693148686,16.310412982110076],[-61.51389447424111,16.311201744053022],[-61.51162693248664,16.311215364369236],[-61.51124425243057,16.3128820306395]],[[-61.47013850226287,16.32724942450537],[-61.470138502597194,16.327048691590676],[-61.46829361963041,16.327048691338483],[-61.47013850226287,16.32724942450537]],[[-61.477216785056896,16.32149522886893],[-61.47921633739217,16.32246120811716],[-61.48086637687799,16.322384531219534],[-61.479912887271645,16.3208817246481],[-61.47991617675898,16.31893740956526],[-61.47825499342975,16.32047381919354],[-61.475271630170596,16.32075119283602],[-61.475318847789005,16.321895577907252],[-61.477216785056896,16.32149522886893]],[[-61.48065925771183,16.316550016596608],[-61.48000265994057,16.316589922786747],[-61.48023119426716,16.317753903957655],[-61.48065925771183,16.316550016596608]],[[-61.48912691836787,16.304548694907655],[-61.48912691870165,16.304749421367383],[-61.4893052037629,16.30465394062591],[-61.48912691836787,16.304548694907655]],[[-61.492792230143515,16.31411528767299],[-61.49169063311601,16.31459110977338],[-61.491032452229575,16.316953826151188],[-61.49182648046512,16.317767504955153],[-61.49518806177984,16.316065673040224],[-61.49517719496252,16.314916619371505],[-61.492792230143515,16.31411528767299]],[[-61.49431285207066,16.32700591352975],[-61.49623391618768,16.32704824196565],[-61.499587370263065,16.32850577720851],[-61.4996687397729,16.326703488177937],[-61.5006145400799,16.325290550554215],[-61.50000057251005,16.32389760272133],[-61.49709444106367,16.322245057966228],[-61.49373983892453,16.324161229148054],[-61.49197061675163,16.32456280505423],[-61.491598521023676,16.325906152438126],[-61.49431285207066,16.32700591352975]],[[-61.50137651390142,16.317496396521744],[-61.506340472752605,16.320948689770688],[-61.506929464352396,16.31948014468699],[-61.50694736478299,16.315683637911793],[-61.50198214612723,16.31623298716796],[-61.50014899196103,16.31544348051042],[-61.49662693734866,16.315349686719795],[-61.49662064467113,16.315960765291127],[-61.50137651390142,16.317496396521744]],[[-61.50710577416199,16.326976856213605],[-61.50754272678185,16.327985882694126],[-61.50834445616029,16.32684089909609],[-61.50710577416199,16.326976856213605]],[[-61.50734338900855,16.329875813812844],[-61.50712137146242,16.330270509125615],[-61.50738895262788,16.330822624744155],[-61.50734338900855,16.329875813812844]],[[-61.50777396924918,16.33230996068024],[-61.507886296511884,16.33219187815751],[-61.507562452457435,16.331447429907715],[-61.50777396924918,16.33230996068024]]],[[[-61.469960260170915,16.311215358752577],[-61.46986432923152,16.311956049015425],[-61.469126928109375,16.312048691944664],[-61.46895826333449,16.3136754228459],[-61.46853986150583,16.311300352025807],[-61.46952936393908,16.308932573842334],[-61.47059140047948,16.308940166998102],[-61.470793591180154,16.309749423980836],[-61.47153099309816,16.309842065499595],[-61.47158825223433,16.311048160571765],[-61.469960260170915,16.311215358752577]]],[[[-61.47017720730278,16.308548160453483],[-61.470395351373625,16.307257149230974],[-61.47097186876168,16.30724942389437],[-61.471145000936005,16.306453438282567],[-61.473254912355124,16.306583287286657],[-61.47326865660007,16.307686767295593],[-61.4724602549696,16.30788202586996],[-61.47242158200058,16.308548160669396],[-61.47017720730278,16.308548160453483]]],[[[-61.473091398191634,16.30369128181502],[-61.4725864420861,16.303715359372735],[-61.47329358014401,16.30290637460993],[-61.473091398191634,16.30369128181502]]],[[[-61.48513853953468,16.303537461619328],[-61.487405051752944,16.30322332867008],[-61.48731469122254,16.305328720590182],[-61.48617405567899,16.305357950060866],[-61.48597187108191,16.30454869448141],[-61.48534072292396,16.304524616648933],[-61.48513853953468,16.303537461619328]]],[[[-61.49243531365406,16.29994467971048],[-61.49225806422077,16.301191284291626],[-61.48730481013387,16.30121536131486],[-61.48962016202465,16.299510169790846],[-61.49162690989116,16.299264977183814],[-61.491626910727824,16.299749420905947],[-61.49243531365406,16.29994467971048]]]]}},{"type":"Feature","properties":{"feature_id":"AEP_CACAO","layer_key":"eau_aep","layer_label":"Eau AEP","economic_unit_id":"AEP_CACAO","economic_state":"S3","economic_exposure_eur":27830684.0,"economic_damage_eur":5932118.0,"economic_damage_ratio_pct":21.315,"economic_asset_count":402,"criticality_territory":"guadeloupe","criticality_family":"aep","criticality_scenario":"rp1000","criticality_period_years":"1000","criticality_hazard":"storm_cmcc"},"geometry":{"type":"MultiPolygon","coordinates":[[[[-61.6960678397704,16.254008711197464],[-61.696208547115454,16.25392866220932],[-61.69654122602863,16.25361300592431],[-61.69892470940527,16.253940139075183],[-61.699126861874824,16.25456716400013],[-61.701314397388266,16.255374382956983],[-61.70170875327804,16.256409543720267],[-61.70354153021388,16.257374984581883],[-61.70512168605165,16.259739171013173],[-61.7055602054359,16.26332195839124],[-61.70169852707073,16.26564200301845],[-61.70138410000387,16.26642502282886],[-61.701990541588096,16.268502007257062],[-61.69908753647333,16.268872862770323],[-61.69661681867387,16.268431144559507],[-61.69534292274271,16.269570661525947],[-61.69056457961457,16.27156613871237],[-61.69242238886995,16.273057335271776],[-61.69519315456738,16.272701414750728],[-61.70353508955233,16.273791706686225],[-61.705034206125326,16.277158269170037],[-61.704314122690164,16.27804966573542],[-61.70275842560802,16.27772185609025],[-61.693293568157046,16.278865996404658],[-61.6932548984671,16.280214841010906],[-61.692460237241164,16.28038205463546],[-61.6921327276529,16.28121538751134],[-61.6910916223633,16.28114358354145],[-61.690971883643456,16.280382054461477],[-61.688645006241615,16.280344701761887],[-61.68847188533972,16.279548720863],[-61.687638552999054,16.279010278303726],[-61.68729664445769,16.2789589317348],[-61.68736431137723,16.28028940264994],[-61.68626729150654,16.28038053024592],[-61.68601055811634,16.279083274362335],[-61.68701118631739,16.27891606224088],[-61.68391655041401,16.278715386829184],[-61.682370873700314,16.2796427478903],[-61.67876770497365,16.27834684719682],[-61.67496023572389,16.280714778173095],[-61.67652398629845,16.281320444082606],[-61.67753767734092,16.282542390685574],[-61.67447941741356,16.28480471629322],[-61.67333322147861,16.28724939759628],[-61.67478711827518,16.287286748292402],[-61.67496024796627,16.288082730744776],[-61.67680520597255,16.28808273052652],[-61.67690113572955,16.2873420466724],[-61.67770921500418,16.287249397023835],[-61.6764014013121,16.28949620694728],[-61.6750929015654,16.29075042193898],[-61.67244142940505,16.291828492614084],[-61.66930520067509,16.29183348569639],[-61.669305201719915,16.29121538488188],[-61.66766346809876,16.29018677698342],[-61.66763853991018,16.288399057600483],[-61.66847187369583,16.288082731514773],[-61.66930520897183,16.28683871980302],[-61.668293578789914,16.287048718232526],[-61.66809139721354,16.287857971972855],[-61.667007390312016,16.28785797184381],[-61.666805210342375,16.286215384749532],[-61.66514483873978,16.285127436329933],[-61.665163480399414,16.282444671270415],[-61.66680521864388,16.281215384914635],[-61.6644783404136,16.281178032550137],[-61.663471888282565,16.279682044072665],[-61.66434023059983,16.277201707741384],[-61.66648711706597,16.27397351266596],[-61.66662689565642,16.277249398129552],[-61.6684718916811,16.277249397909884],[-61.668485996090794,16.27580723265176],[-61.669305227674236,16.275582731102343],[-61.66936042346822,16.274056648869745],[-61.6701385636671,16.27391606429486],[-61.671117448028156,16.272302707576326],[-61.67205822199838,16.27224939710062],[-61.672950959383776,16.27038133570376],[-61.672644866519796,16.267504011786137],[-61.67347190763597,16.267249397065573],[-61.6734719093507,16.266215386201992],[-61.6719249730442,16.266143582192775],[-61.671860435844415,16.26488998192709],[-61.675740933378826,16.264749396705504],[-61.677186549020185,16.262945328180813],[-61.67856172421014,16.2623153664725],[-61.6782702693154,16.261509802160514],[-61.68013858707106,16.259034910154035],[-61.68034074383726,16.25644014115258],[-61.68225804361734,16.256440140934096],[-61.68246019768224,16.257238352290532],[-61.68880977573616,16.25700632528797],[-61.6914899643078,16.255783740370095],[-61.69385179554599,16.255810910391826],[-61.693595304613844,16.254954927623704],[-61.6960678397704,16.254008711197464]],[[-61.66746023323842,16.27974939809294],[-61.66763855430457,16.279749398071708],[-61.66763855463766,16.27954871840224],[-61.66746023323842,16.27974939809294]]],[[[-61.666620100883584,16.273715385137194],[-61.668241777296224,16.271562155186114],[-61.66826862592927,16.272686777347015],[-61.667460221842454,16.272882051934406],[-61.66743529378168,16.2735201106298],[-61.666620100883584,16.273715385137194]]],[[[-61.67155254991912,16.271933066911448],[-61.66942496711122,16.271976915142186],[-61.66930523533277,16.270951753293517],[-61.6704645894028,16.269749397096557],[-61.67145377107109,16.269786748262966],[-61.67155254991912,16.271933066911448]]],[[[-61.679380337712104,16.283916063406185],[-61.679078902700475,16.28538205287327],[-61.67849680783224,16.2851867775509],[-61.67852707536323,16.284056648387285],[-61.679380337712104,16.283916063406185]]],[[[-61.68351055839452,16.279083274500884],[-61.6847871122895,16.278953413738748],[-61.68496023531133,16.279749396023018],[-61.68576863883792,16.279944670248735],[-61.68575489891498,16.281048173915664],[-61.68364500589586,16.281178034552823],[-61.68351055839452,16.279083274500884]]],[[[-61.68687955846186,16.280698380446935],[-61.68817383027064,16.280654531690168],[-61.68821923092127,16.28193306793384],[-61.686950770592965,16.281995408841123],[-61.68687955846186,16.280698380446935]]],[[[-61.69650713440418,16.25232119708189],[-61.69655252867752,16.253599735854234],[-61.69525831762632,16.253643584645715],[-61.69517726276448,16.25241660693202],[-61.69650713440418,16.25232119708189]]],[[[-61.69956884264706,16.251422137982107],[-61.700646579652876,16.251416060034153],[-61.70162685866482,16.252465352978376],[-61.70136327956662,16.252875977848696],[-61.69950741088585,16.252857976456458],[-61.69956884264706,16.251422137982107]]],[[[-61.70434181523527,16.27242086249565],[-61.70579355969853,16.27289316942907],[-61.70564801021351,16.273662077574606],[-61.704478343827454,16.273678036919296],[-61.70434181523527,16.27242086249565]]],[[[-61.7052129113859,16.26403171218457],[-61.70650714739255,16.263987863066642],[-61.706207440537746,16.2653820564986],[-61.70531168362622,16.265344703918124],[-61.7052129113859,16.26403171218457]]]]}},{"type":"Feature","properties":{"feature_id":"AEP_CHAZEAU","layer_key":"eau_aep","layer_label":"Eau AEP","economic_unit_id":"AEP_CHAZEAU","economic_state":"S0","economic_exposure_eur":31106792.0,"economic_damage_eur":680746.0,"economic_damage_ratio_pct":2.188,"economic_asset_count":216,"criticality_territory":"guadeloupe","criticality_family":"aep","criticality_scenario":"rp1000","criticality_period_years":"1000","criticality_hazard":"storm_cmcc"},"geometry":{"type":"MultiPolygon","coordinates":[[[[-61.4593052342701,16.288916091705598],[-61.45963272857973,16.287249424560677],[-61.46067381916393,16.287321220875498],[-61.460793553786694,16.288082758146846],[-61.4626385684997,16.288082757893278],[-61.46278411703348,16.287302730057803],[-61.46389445982032,16.287263043591583],[-61.464126887580754,16.28808275768897],[-61.46492155114168,16.288249954315194],[-61.46496022255268,16.289003558946977],[-61.46597190011086,16.288827860339566],[-61.46614501630527,16.287286771809285],[-61.46802995118154,16.287255500923298],[-61.46829355482185,16.288082757118016],[-61.46975805385328,16.288106833299146],[-61.47013856602152,16.288916090219704],[-61.470193759948,16.288223329850656],[-61.470971900617776,16.28808275675183],[-61.47198780473846,16.286449118754653],[-61.47268080482746,16.288665406429903],[-61.472004394639555,16.29118990974204],[-61.47180523001067,16.290382026354344],[-61.469960225537115,16.290382026102296],[-61.469885888038434,16.29109971681511],[-61.46912689347354,16.291215359294394],[-61.469052555687426,16.291933050057605],[-61.46832334817684,16.292249423894464],[-61.4690071584839,16.29232122008327],[-61.46930522588747,16.293082757103694],[-61.4702841125675,16.29146939595308],[-61.47184980097868,16.291416090024494],[-61.47142944030604,16.291929087485983],[-61.47225196534922,16.293715359448893],[-61.47162689797087,16.293715359554078],[-61.47136328810285,16.29454261467256],[-61.46879939387281,16.294548692081683],[-61.46829356417914,16.29371535909846],[-61.468899456270826,16.29742941071524],[-61.46486052550728,16.299192359684373],[-61.465261119875244,16.300547630901526],[-61.46495351533273,16.301992638452987],[-61.46268545944377,16.3036625861297],[-61.46356909148009,16.305841836002],[-61.463435958499616,16.30906693598805],[-61.464957398287595,16.309119588952814],[-61.466650746862484,16.31005253899707],[-61.4683646362785,16.308390952274664],[-61.46891947152389,16.30574328446084],[-61.47098441783407,16.30459974657233],[-61.47151258820265,16.306416090387277],[-61.473061136073646,16.306429709509537],[-61.473293587073044,16.30707319010061],[-61.47513853437869,16.307500894680725],[-61.47513853515703,16.307048692929072],[-61.47433013355013,16.306853433948675],[-61.47433013533052,16.30577801410434],[-61.475138537594965,16.305582756618],[-61.47531166861524,16.304786771079073],[-61.47636329038454,16.304755500232083],[-61.476626918383495,16.305582756415372],[-61.47743532073215,16.305778013861172],[-61.477453961852504,16.30762743153354],[-61.47549783568388,16.308916089653223],[-61.47650717670286,16.308987886263296],[-61.47662692531357,16.309749423185593],[-61.47697833189802,16.30895343763486],[-61.47819765942316,16.309008731510552],[-61.47829359535346,16.31165456602],[-61.47515602361881,16.313500039438164],[-61.474305193627416,16.31204869265151],[-61.473510535317054,16.31188149394267],[-61.47348596588412,16.310807240037164],[-61.474758068415746,16.310606833177335],[-61.4751385278923,16.311416090096298],[-61.47521287557489,16.310698397902147],[-61.47597186282505,16.310382026266524],[-61.47430519705813,16.309973284537328],[-61.46750425315088,16.316001502529943],[-61.467405068697474,16.316908117614094],[-61.46637604894694,16.317546487273585],[-61.46512153405619,16.320582758366008],[-61.46642474103255,16.320606834455223],[-61.466968369645464,16.321416091328512],[-61.465488885522,16.324132084664555],[-61.46684111045885,16.326670463893294],[-61.46712462710917,16.328521905856103],[-61.46665759447684,16.330244175681727],[-61.46554354542994,16.33166275926737],[-61.4636004674674,16.332664497056097],[-61.459774773445815,16.333209188974628],[-61.45748999671065,16.33305604387412],[-61.45563118757639,16.33218863452279],[-61.45384394198241,16.3332587575803],[-61.45181522984193,16.333475314358438],[-61.45180516500624,16.33121535560092],[-61.45139448201265,16.33203506862272],[-61.44864498166936,16.332011339838807],[-61.44847183355233,16.33038202183359],[-61.44690110827226,16.329456046310774],[-61.44680516990791,16.328715354990546],[-61.44537097574042,16.32870173458951],[-61.445138504875494,16.32788202145325],[-61.443617413823304,16.32782871495624],[-61.442638508021126,16.326215354493815],[-61.44186037746867,16.326074782076525],[-61.44180517619897,16.325382021071874],[-61.44116397913138,16.32538202081396],[-61.442188778557494,16.32174909764205],[-61.44144432711798,16.31975239077363],[-61.440405050109725,16.318921758380576],[-61.441507184233195,16.318987890169193],[-61.44246027194383,16.320582761488815],[-61.443549381252154,16.32058276129039],[-61.44285563093864,16.318876589803054],[-61.44077412078909,16.316635578263966],[-61.44082244237382,16.315382021273056],[-61.44014482026748,16.315127430357332],[-61.44013853058649,16.3128820212495],[-61.43940112868581,16.312789379313113],[-61.43930519876325,16.31204868782734],[-61.43854166004228,16.31248670196653],[-61.43900126768999,16.314749335672293],[-61.43772528401227,16.316640068691385],[-61.436195511594654,16.315067310096527],[-61.435237461949555,16.314841972677424],[-61.43162693006354,16.31636147796585],[-61.433197664861346,16.317342069368433],[-61.43329359982808,16.318082762705654],[-61.436363293756656,16.318088839297634],[-61.43662693459956,16.318666661546327],[-61.43435256855638,16.318460728959018],[-61.43264606532658,16.319989081234446],[-61.43055767836903,16.320664845595612],[-61.42820154900265,16.320280009915034],[-61.42680518845856,16.319347858744774],[-61.42680518953061,16.31871535252625],[-61.42604620401433,16.31859971229469],[-61.42597185909597,16.317048685797054],[-61.42431148788867,16.315960763249592],[-61.4243438708095,16.314916623966543],[-61.42513853004782,16.314548685761746],[-61.42412692598444,16.314548685619414],[-61.42410199642037,16.316020097897862],[-61.42329359530653,16.316215352114178],[-61.42317504384991,16.31697584238282],[-61.42238191782162,16.31529601720973],[-61.422332992478395,16.313516341918234],[-61.42449008172911,16.30974943024204],[-61.42496025283726,16.31058276368888],[-61.42571924146027,16.310698402195797],[-61.42579358767497,16.311416096925672],[-61.42921442840788,16.311274360242134],[-61.43684528886504,16.30773411427824],[-61.43806171016536,16.30661316402128],[-61.438624000137644,16.304205136517087],[-61.44013854629363,16.30341758457571],[-61.43905073963544,16.30237756002147],[-61.43930521816579,16.30038202154277],[-61.438496815326936,16.300186765490594],[-61.438471888213726,16.298399057569135],[-61.4401385569162,16.29704868843472],[-61.439343895085685,16.29688149198515],[-61.439305226476314,16.295382021706466],[-61.43769375396822,16.295241449037597],[-61.4376385628266,16.293715354861856],[-61.43736430549827,16.2944560462681],[-61.43705853568634,16.294282068158203],[-61.437923183608795,16.29209674284757],[-61.43992055384469,16.28991501661763],[-61.440793556538054,16.29141609433085],[-61.44279619734299,16.291416093926774],[-61.44225288458388,16.289984221990125],[-61.44339793433684,16.289135273011492],[-61.44365234759114,16.28783973944375],[-61.44303761514895,16.286122092997285],[-61.44330215443132,16.283874523850095],[-61.43957734248476,16.28293268851939],[-61.43868213939603,16.280573227694394],[-61.4368439210491,16.279381492128174],[-61.43695079431619,16.278136066183844],[-61.43814799507308,16.27813606601979],[-61.438293535429345,16.278916094369837],[-61.443061121688444,16.27892971281692],[-61.44329353751377,16.279749427027248],[-61.44430525169986,16.27974942688658],[-61.44453766750978,16.278929712626987],[-61.44642471351475,16.278940169395273],[-61.44662687349412,16.281070265944084],[-61.447342908535944,16.282249426444668],[-61.44778412443378,16.28063606497987],[-61.44978709984543,16.280620106970265],[-61.44996020787846,16.281416092809938],[-61.450754872985655,16.28158328850472],[-61.45079196633271,16.28259672696414],[-61.449126876862806,16.282882023480727],[-61.44995391850666,16.283337350634753],[-61.44955587651999,16.284548689897996],[-61.45101043454894,16.28604787054735],[-61.451145019330106,16.284786773577668],[-61.453279446043055,16.284973907304863],[-61.45312043855114,16.286178008417206],[-61.4511260420159,16.286167023267108],[-61.451671665589394,16.286729376454254],[-61.453091385285894,16.28644016871134],[-61.45339816849919,16.287785676244706],[-61.45849682972705,16.28911134815155],[-61.4593052342701,16.288916091705598]],[[-61.42513853420759,16.3120486858436],[-61.42496025527608,16.31204868581852],[-61.424960255610074,16.312249430396857],[-61.42513853420759,16.3120486858436]],[[-61.440793561742964,16.294548688607808],[-61.44079356207654,16.29474942774677],[-61.44101504830946,16.294749427693297],[-61.440793561742964,16.294548688607808]],[[-61.44329360955605,16.323082761435],[-61.44399223396477,16.323082761237988],[-61.44367909590675,16.322048687919104],[-61.44329360955605,16.323082761435]],[[-61.446532540022,16.296078300570464],[-61.445881428638195,16.295124799764082],[-61.44504387167715,16.295741700682417],[-61.445025455117275,16.297097705814995],[-61.446532540022,16.296078300570464]],[[-61.44930520665367,16.306416093520447],[-61.449450767883846,16.305636065285313],[-61.45056113483164,16.3055963791148],[-61.451626917533154,16.307145188802245],[-61.452669269916605,16.307302163179052],[-61.45366130318596,16.30511849932663],[-61.45611307093908,16.303656985009024],[-61.456262413270444,16.301901406234318],[-61.453623406704786,16.301505427495215],[-61.450747489840786,16.298548649819526],[-61.450576893123234,16.299977275645062],[-61.44886269799528,16.30370638801532],[-61.44786514901582,16.304721889230446],[-61.447736090043335,16.305784013106752],[-61.44930520665367,16.306416093520447]],[[-61.44811424798812,16.31385925479048],[-61.4492881263866,16.31398005650186],[-61.449115395235516,16.312913988885363],[-61.44820492443542,16.31294079596276],[-61.44811424798812,16.31385925479048]],[[-61.453609140929544,16.29314040436562],[-61.45379066128568,16.292609658597446],[-61.45242856758473,16.292350483461828],[-61.453609140929544,16.29314040436562]],[[-61.45904524854882,16.315316071436666],[-61.459037120482606,16.315317647267204],[-61.459039317787806,16.315323119130724],[-61.45904524854882,16.315316071436666]],[[-61.46182114089611,16.289548691673474],[-61.46162688967028,16.28954869165409],[-61.461626889727626,16.28958242366249],[-61.46182114089611,16.289548691673474]],[[-61.4636747842748,16.32474942514481],[-61.46430517255549,16.325582758595747],[-61.4643795252431,16.32486506571041],[-61.465138507489144,16.3245486909885],[-61.46433010799201,16.324353433161757],[-61.46430517755465,16.322558504399623],[-61.4636747842748,16.32474942514481]],[[-61.46579362517264,16.33058275851605],[-61.46597183065093,16.330582758491637],[-61.465971832373505,16.32954869093858],[-61.46496029000179,16.329548690799967],[-61.46579362517264,16.33058275851605]],[[-61.47079356347193,16.293082756900272],[-61.4709718923116,16.293082756875915],[-61.47097189264513,16.292882026158605],[-61.47079356347193,16.293082756900272]]],[[[-61.425697655315766,16.309456044747126],[-61.424634017919395,16.30954868546466],[-61.42518254309409,16.308882925702836],[-61.425792005451406,16.308368055082127],[-61.425697655315766,16.309456044747126]]],[[[-61.42908824336329,16.30854815784371],[-61.42829358353588,16.308715353062755],[-61.42814802395215,16.309495380363767],[-61.42602706917038,16.309408114512788],[-61.42618474891298,16.308111646075407],[-61.4291269150359,16.307565724199375],[-61.42908824336329,16.30854815784371]]],[[[-61.43660193741028,16.276611349143547],[-61.436424713770414,16.278691277903636],[-61.43516351570345,16.27852009897118],[-61.4354660620089,16.27641609431124],[-61.43660193741028,16.276611349143547]]],[[[-61.43713272867073,16.31808276177659],[-61.43818137393017,16.31816114259857],[-61.43680518816105,16.31863975103269],[-61.43713272867073,16.31808276177659]]],[[[-61.4407192000819,16.276933047910827],[-61.43942498227361,16.276976892043063],[-61.43937959128986,16.27569840053744],[-61.44062042868169,16.275620107986626],[-61.4407192000819,16.276933047910827]]],[[[-61.4581480054552,16.286995384461157],[-61.45697834969509,16.287011342178122],[-61.45680524055027,16.28535462893783],[-61.45876377622188,16.28621535771145],[-61.45829355033902,16.286215357971304],[-61.4581480054552,16.286995384461157]]],[[[-61.47043396031549,16.2972509463423],[-61.471470319928564,16.29729634516158],[-61.47015426828704,16.298495235887145],[-61.47043396031549,16.2972509463423]]],[[[-61.470707345906455,16.318082757479],[-61.470138515710296,16.319158124583527],[-61.470140094225385,16.31836805457921],[-61.470707345906455,16.318082757479]]],[[[-61.47123549797581,16.303709281023508],[-61.47097187572056,16.30306515911504],[-61.47222586980638,16.30311542330779],[-61.47329358092438,16.303399057547736],[-61.47123549797581,16.303709281023508]]],[[[-61.47328827631632,16.31474942376232],[-61.47263852117538,16.31566767570665],[-61.47264009938455,16.315034721216307],[-61.47328827631632,16.31474942376232]]],[[[-61.47496026481862,16.31360128985625],[-61.473498659092485,16.314357252547104],[-61.47356779178709,16.313175398732607],[-61.47481469681594,16.313136062513287],[-61.47496026481862,16.31360128985625]]]]}},{"type":"Feature","properties":{"feature_id":"AEP_DESHAIES","layer_key":"eau_aep","layer_label":"Eau AEP","economic_unit_id":"AEP_DESHAIES","economic_state":"S3","economic_exposure_eur":39645839.0,"economic_damage_eur":8450521.0,"economic_damage_ratio_pct":21.315,"economic_asset_count":442,"criticality_territory":"guadeloupe","criticality_family":"aep","criticality_scenario":"rp1000","criticality_period_years":"1000","criticality_hazard":"storm_cmcc"},"geometry":{"type":"MultiPolygon","coordinates":[[[[-61.75613701232444,16.330382060101073],[-61.75519367309392,16.328223310707696],[-61.7581480630378,16.32813603370778],[-61.758254978287084,16.330214843608907],[-61.75613701232444,16.330382060101073]]],[[[-61.80861803992623,16.27123258057568],[-61.80827946949479,16.2734908870389],[-61.807573987121344,16.273715401064024],[-61.80278948331694,16.28628253516092],[-61.798328415468276,16.28762520649101],[-61.79673919388357,16.28895659853175],[-61.794378364194486,16.289667619752525],[-61.794203037618345,16.290475658834538],[-61.79539777091049,16.29344202120393],[-61.798620017902174,16.29456825162653],[-61.799992657020404,16.29585424705941],[-61.79912694921427,16.300464126807267],[-61.799126950794815,16.301416050404008],[-61.799946179973915,16.301640561708215],[-61.79995871023957,16.30343006434492],[-61.79776154836461,16.30371539891362],[-61.79593749216048,16.307955038877537],[-61.795779526505534,16.310157552859167],[-61.79516121065299,16.31038206515626],[-61.793955510843,16.314847049210456],[-61.791955899412386,16.315731757703375],[-61.789723508422284,16.318265705014134],[-61.78955326718517,16.31924739859038],[-61.79102539100647,16.320419627982815],[-61.791526916432716,16.32211444062402],[-61.79084229926186,16.32395715634855],[-61.78908140605039,16.32513506555775],[-61.78897327397065,16.328300876813948],[-61.79002220994851,16.329411299151854],[-61.78927317416485,16.333838952264333],[-61.78762356660602,16.336006365453876],[-61.785078198729835,16.337643937410665],[-61.781081552062574,16.34134970951347],[-61.778866778786494,16.34282433415089],[-61.777121064631466,16.34313471895983],[-61.77773872418067,16.34444907353504],[-61.776555749815984,16.345702405836406],[-61.77662072992408,16.347627438292346],[-61.77579369230357,16.34788206182014],[-61.775673909662785,16.349476922483124],[-61.7745073457391,16.34952464794945],[-61.774305093178164,16.348715394962944],[-61.77372087787378,16.34870578579534],[-61.77227166857511,16.350241084713502],[-61.767059279648485,16.352867054917642],[-61.76644809248838,16.353864948],[-61.76552236023942,16.35390569915726],[-61.76496384473833,16.353092464055408],[-61.76566252897377,16.351371608803316],[-61.76505421751177,16.34893532102857],[-61.76796594830953,16.347506088314113],[-61.76670768889571,16.343498408475753],[-61.76771669287867,16.33878124807185],[-61.767054082706096,16.333264077381553],[-61.767927011783236,16.33165245410006],[-61.76969842593548,16.33079531462509],[-61.76964367514899,16.330190102403506],[-61.76825738679174,16.329721304260172],[-61.76470471241924,16.332123273452023],[-61.762326331526175,16.33234289506474],[-61.760692509136526,16.331465114977565],[-61.760214094797774,16.329548727336533],[-61.75933006413652,16.32935344708933],[-61.758738941977626,16.326880958359254],[-61.7598012733269,16.326344211281988],[-61.761138416426,16.324613639369566],[-61.76351301769658,16.324747809145048],[-61.765108517249686,16.323003649179913],[-61.763399676936515,16.321686951817615],[-61.7658238556689,16.317853101523507],[-61.76937249832171,16.318319683003807],[-61.77144393860153,16.32059265398337],[-61.77225397332767,16.319183659341224],[-61.77344786670685,16.318372635038397],[-61.77873033219891,16.317920344313162],[-61.7804338521955,16.31468071940089],[-61.781445793794724,16.31389833974704],[-61.78314800009762,16.31358550611256],[-61.78476517235342,16.314173035196177],[-61.78514951353553,16.31380502385038],[-61.78401661018823,16.312368021732087],[-61.783730834509434,16.310717616464817],[-61.78432352892281,16.309260419515816],[-61.78556483579099,16.30829425237751],[-61.78582926132821,16.30691806108259],[-61.78501960105243,16.306215397559384],[-61.78356777057255,16.306122742997683],[-61.783527035917295,16.30488997535869],[-61.784305165222726,16.304749385421307],[-61.78450737524493,16.303940131339548],[-61.78597183308094,16.30391605188607],[-61.786809492387235,16.300525026584157],[-61.790712777900765,16.302351314369435],[-61.79180827494232,16.301254819286],[-61.794967592232155,16.29968440481358],[-61.79112648597751,16.298262669143636],[-61.78876049454603,16.294238260084757],[-61.78785203784316,16.29393440501844],[-61.78815567974281,16.289891589547466],[-61.7876401010395,16.289263397558884],[-61.78757509211582,16.285725345672933],[-61.789531120554706,16.28554590355594],[-61.78893809201819,16.28345202805823],[-61.79142794213776,16.280781060488415],[-61.79290712210352,16.280829405503663],[-61.79662876268066,16.278534375049315],[-61.79680521531742,16.27371539989405],[-61.796010554284116,16.273548179837398],[-61.79609162407246,16.272321188853436],[-61.799305217461495,16.27224938298247],[-61.79937955966161,16.271531705630636],[-61.800138552081314,16.271416049538754],[-61.80023447795589,16.270675369898374],[-61.80180522149129,16.26964775798339],[-61.80273151898837,16.267915123001163],[-61.80430522367771,16.268153291348675],[-61.80456883501455,16.266422126864626],[-61.805697637305,16.266508702716646],[-61.80579356329266,16.26837852915557],[-61.80809139049954,16.26977346153612],[-61.80861803992623,16.27123258057568]],[[-61.77982405781684,16.330605005142235],[-61.776501327573605,16.329101556922474],[-61.775966085342375,16.3302838196847],[-61.77589258306,16.3331527998546],[-61.77798257471965,16.33354778547399],[-61.77960467914697,16.3352013550276],[-61.781822514084034,16.334781303664656],[-61.77982405781684,16.330605005142235]]],[[[-61.78609159475605,16.30031025797629],[-61.78597184113673,16.29906415857066],[-61.78746027892805,16.299047656298995],[-61.78743534726858,16.30018678211001],[-61.78609159475605,16.30031025797629]]]]}},{"type":"Feature","properties":{"feature_id":"AEP_DESHAUT","layer_key":"eau_aep","layer_label":"Eau AEP","economic_unit_id":"AEP_DESHAUT","economic_state":"S3","economic_exposure_eur":303524700.0,"economic_damage_eur":64696368.0,"economic_damage_ratio_pct":21.315,"economic_asset_count":3497,"criticality_territory":"guadeloupe","criticality_family":"aep","criticality_scenario":"rp1000","criticality_period_years":"1000","criticality_hazard":"storm_cmcc"},"geometry":{"type":"MultiPolygon","coordinates":[[[[-61.43996014259235,16.24288202351421],[-61.44077937825849,16.243307240961578],[-61.44071606634596,16.245269678823067],[-61.443091358334854,16.244773502387392],[-61.445307937765236,16.247062087109],[-61.448595346510146,16.245011085011896],[-61.45263864290494,16.24409222427712],[-61.45263864354451,16.243715358580992],[-61.450340763592216,16.2436912807494],[-61.450138645136214,16.24297786435988],[-61.45412681086954,16.242671852146852],[-61.454101890388586,16.2443534339078],[-61.45338350449685,16.24454869200888],[-61.45655249364352,16.24486506520343],[-61.45662681743709,16.24641609102226],[-61.457340442580886,16.246487887153926],[-61.45746015236826,16.247313463225215],[-61.45895539034366,16.248327492069915],[-61.458349507673034,16.24974942421673],[-61.459885834799614,16.250698398328204],[-61.45996016000041,16.251732391089114],[-61.45912682711383,16.252048692537375],[-61.45912682899324,16.253187544606572],[-61.45662682952861,16.253715358804996],[-61.4556647620103,16.257060006767983],[-61.4568052871784,16.257249424598953],[-61.456860473075956,16.255723330479476],[-61.45854612400453,16.254749424252896],[-61.45967999059603,16.257559588307878],[-61.45873368952129,16.260494910065685],[-61.458471947695415,16.260799227234855],[-61.45847195117085,16.258715358895845],[-61.45662683781488,16.25871535864151],[-61.45650712603751,16.26197689430096],[-61.45447836942967,16.262011342608112],[-61.45430528235316,16.26038202493323],[-61.453672724232135,16.260357325110107],[-61.45295883571704,16.262193758119654],[-61.45148408495636,16.263082758703412],[-61.45228708631838,16.263120106291897],[-61.45246017919119,16.26391609203066],[-61.45325484768432,16.26408328817509],[-61.453293516079285,16.266002280999427],[-61.45097305903999,16.266754415053907],[-61.450971939838254,16.266215357614882],[-61.450163532807835,16.26602009995806],[-61.45013860925131,16.264634673382393],[-61.449109156418835,16.265822053287682],[-61.44543868339803,16.264830522198753],[-61.44299130376228,16.267175711572584],[-61.446474233140975,16.268916092864398],[-61.44814798738345,16.268969398014434],[-61.448293521618446,16.269749426085333],[-61.44883393787924,16.269751299246213],[-61.448883501181356,16.271225824792552],[-61.448308185778636,16.272882023700138],[-61.44697836149599,16.272844674707702],[-61.446805264110075,16.27204869017991],[-61.44432544969,16.271840632635964],[-61.44303303829952,16.27308958545746],[-61.44312042878414,16.274511340870383],[-61.43921001013826,16.274316021255615],[-61.438778761162965,16.27510760413159],[-61.4393052585684,16.276048797771164],[-61.43953766934469,16.275596379881428],[-61.44062042868169,16.275620107986626],[-61.44078723996283,16.276794097513818],[-61.43943244831237,16.276982240327804],[-61.438293535429345,16.278916094369837],[-61.44205522557549,16.278916093592407],[-61.44164507810106,16.280605426446634],[-61.440583082067874,16.28204868879405],[-61.440138583216765,16.28121535561955],[-61.43936043999314,16.28107478278337],[-61.43930525139048,16.28038202219731],[-61.43775831225618,16.280310225109204],[-61.4376385863546,16.279548688658707],[-61.43390626450852,16.280258938894494],[-61.432027549561525,16.27479066897393],[-61.43244637847355,16.272701733874886],[-61.433350998013616,16.271544740899454],[-61.43363231999854,16.268809344765472],[-61.4316782845225,16.268292155999173],[-61.42980363219668,16.26688703901563],[-61.42634316991693,16.26694511868419],[-61.425067902123885,16.267732008859426],[-61.426540889022554,16.270226368316226],[-61.42653972089525,16.27217555836435],[-61.42784755806078,16.27423823488481],[-61.427630980550965,16.27632962997395],[-61.42504909478062,16.279231710716147],[-61.42261729341669,16.280207371443417],[-61.4202564262077,16.28038201944236],[-61.42079196075531,16.281763393226633],[-61.41996020470589,16.28204868609528],[-61.419905017126524,16.283574781279807],[-61.417192544014426,16.284754924447125],[-61.41746021021851,16.2855827641277],[-61.41784074037863,16.28477350657082],[-61.419088207282755,16.28491662395636],[-61.41912687728334,16.285684121649762],[-61.41794393451399,16.286179777776084],[-61.41513857883311,16.286100347040815],[-61.415138580034764,16.28538201863799],[-61.414330175031694,16.28518676441516],[-61.41460493673262,16.283917416078314],[-61.41352323980616,16.282243371283315],[-61.410654941075,16.2819404740402],[-61.40696260269461,16.284883872514296],[-61.405284535256975,16.285737442273533],[-61.403759616596425,16.285821063221686],[-61.40169641710584,16.284467206375606],[-61.40120639648238,16.282862474854607],[-61.40167213270725,16.28125231175047],[-61.400384295918656,16.28078626311374],[-61.39632708176237,16.279629054215636],[-61.39360301249473,16.280145621622804],[-61.39023012057061,16.279510343787585],[-61.38489087567285,16.2795486811307],[-61.38591391291557,16.279865897180965],[-61.387015735103894,16.281156860732132],[-61.387257052523594,16.28270474464973],[-61.38653667109147,16.284323957752942],[-61.380977721596174,16.28674568297225],[-61.3788140567084,16.292687926014825],[-61.37660910972938,16.295099978496363],[-61.375477708424974,16.295582770019486],[-61.37655255008864,16.29569840643669],[-61.376626889708966,16.296858279665745],[-61.37533855554718,16.29734845528982],[-61.37378286605749,16.301011847336383],[-61.37040216791705,16.303709267073245],[-61.37013856059682,16.301215344992567],[-61.367954475058816,16.301215344304747],[-61.3671648297074,16.302047154406353],[-61.36354623286815,16.301933040312935],[-61.363496825092795,16.30077802006254],[-61.36414083564354,16.300582772168625],[-61.36376754369872,16.297355448473482],[-61.3616769981061,16.295874577317786],[-61.36145459169832,16.29337252457343],[-61.36315274012186,16.29160793389357],[-61.3658041416652,16.29148101040506],[-61.36731543468135,16.284581240635518],[-61.37064080796315,16.28107718134302],[-61.37180526383745,16.279038450178696],[-61.3718604539029,16.277390004096915],[-61.3730435179678,16.276870454099953],[-61.36907961177787,16.277675858579126],[-61.36792958319732,16.27958446842399],[-61.36660383728606,16.27994982609582],[-61.366530949382515,16.281122706109063],[-61.36543396360352,16.28121382149811],[-61.36514646718803,16.27999793332548],[-61.36371747425909,16.27931688266086],[-61.361997612925606,16.27590039914225],[-61.361213231656464,16.275701552362012],[-61.35636143073876,16.278283820593728],[-61.35538214068843,16.279810191454413],[-61.35501654430373,16.28170464039114],[-61.35397187518625,16.28278075292415],[-61.35252534148404,16.283254151790345],[-61.349132500482256,16.283138531481853],[-61.34747495532686,16.28186566960888],[-61.347029712965956,16.2798661028818],[-61.34778419184573,16.278261482297285],[-61.35014921049803,16.276434159957258],[-61.34829351470144,16.27428742915656],[-61.348147986103946,16.275328705071583],[-61.3468439393133,16.27521481943648],[-61.34690118481236,16.274008744150226],[-61.34816761582132,16.273983473202833],[-61.34771139136747,16.27288200925169],[-61.34695080631075,16.272828704967544],[-61.34680527934176,16.272048675854897],[-61.34601061097378,16.271881486103418],[-61.345971951690764,16.268701903751015],[-61.34454399976748,16.2668978105038],[-61.33813819206385,16.26918633475053],[-61.33804177307424,16.26969760074727],[-61.33996369092284,16.27096308465046],[-61.34228021843288,16.271264257680787],[-61.3448479420136,16.273625561850615],[-61.34634744984161,16.27791812514101],[-61.34564799128105,16.2811620379358],[-61.34453767008482,16.281201722250913],[-61.344305265365634,16.280700562687908],[-61.337295588318185,16.282507698667867],[-61.33526194644454,16.28141935310501],[-61.33374204161689,16.281726209504047],[-61.33226562481676,16.281348639601276],[-61.331147833348574,16.280343435343344],[-61.33064637016776,16.278860972542983],[-61.32882814822396,16.279718532088182],[-61.32682023242032,16.279366899301877],[-61.325625083082215,16.278437704266537],[-61.32501038130334,16.276938204023267],[-61.324087501009195,16.276675607133296],[-61.322100517352354,16.281980613335733],[-61.323491420804764,16.28725234837904],[-61.32265725607045,16.28946967886585],[-61.32001662147316,16.290423978405826],[-61.31578950189352,16.28886850947924],[-61.31143502785402,16.290146504064186],[-61.311453201670105,16.291296488999205],[-61.31320027243853,16.291078035230054],[-61.31930525002202,16.29232439530766],[-61.319450792275006,16.291469413937826],[-61.32067381088974,16.29148790317546],[-61.320793540431104,16.29224944504286],[-61.32153095739085,16.292342080404755],[-61.32162687528839,16.293091010878708],[-61.32313604733081,16.294440812767906],[-61.32340403984546,16.29580104460036],[-61.32215374662298,16.298098768016683],[-61.320008269250934,16.298764119172382],[-61.31280165881462,16.29723006440285],[-61.309887348367425,16.29770255070404],[-61.30866494962414,16.299556529306816],[-61.309118331851835,16.301135958193363],[-61.308581713851574,16.30282034077763],[-61.30579355892958,16.304749447610316],[-61.308471897772954,16.304749447205324],[-61.30861744838029,16.303969415541218],[-61.309704197466765,16.303924023537412],[-61.30860454014441,16.3049145644713],[-61.3064761539148,16.30600738088952],[-61.3055372522828,16.3078820015869],[-61.30445077783124,16.307828698709333],[-61.30418608117838,16.307048668356664],[-61.30389446449587,16.307868382265994],[-61.30162689683596,16.30788200125824],[-61.30153097487376,16.308622698603077],[-61.30079356476123,16.308715334438016],[-61.30162689963094,16.309561826725893],[-61.293898309962074,16.30736035908183],[-61.29349923477016,16.308525014384617],[-61.293617447439495,16.30646941748323],[-61.29647059296573,16.306416115608783],[-61.292539710759044,16.305338441587296],[-61.292460226324074,16.306416116343577],[-61.29325488933232,16.30658329953572],[-61.29321922304684,16.307766366911444],[-61.29180787875763,16.30788199976331],[-61.29036899726367,16.30936553012314],[-61.28864255714714,16.30950383449953],[-61.2862413174867,16.308085796561183],[-61.285779371528,16.305682455935884],[-61.283704327687,16.306201712699995],[-61.28347200797506,16.30506362616787],[-61.28324400999075,16.304899110564186],[-61.28323836476617,16.30607476965336],[-61.28239532586197,16.306215331674537],[-61.281850549488915,16.308634271312233],[-61.28210021823581,16.310694110146102],[-61.28126435850269,16.31310786353643],[-61.27801756689751,16.31405683035904],[-61.27725205320562,16.313553138420872],[-61.27707114326344,16.31214542078329],[-61.275590079061146,16.3094634209911],[-61.27600858345129,16.30544326223895],[-61.273768564257566,16.306308435995362],[-61.2703663174931,16.301266215764905],[-61.271610765998105,16.299558395291633],[-61.27488201207876,16.298178485488194],[-61.27352080703587,16.296432654743953],[-61.27029854126574,16.295699845422803],[-61.268332113419916,16.294482051427504],[-61.26678318788803,16.288984021998942],[-61.26355265362927,16.28696878251434],[-61.26081903815337,16.287456677448],[-61.259929029523235,16.28807825635792],[-61.258293520971584,16.28633548268534],[-61.25809137600818,16.287024586655825],[-61.256901179494314,16.28695602756268],[-61.25684393691051,16.285749968731597],[-61.25758716520756,16.285582787888238],[-61.25474260896265,16.28255154361231],[-61.25383768435271,16.28239342349931],[-61.25339067906985,16.28152861562439],[-61.25147282652643,16.280422858984277],[-61.25293728288276,16.27889446166158],[-61.25506612191064,16.27856131720837],[-61.25387919967397,16.277597526173803],[-61.253299613223994,16.276052048621843],[-61.25162926175648,16.275387679309524],[-61.25065272888821,16.274051653433165],[-61.24271715104952,16.272425780897176],[-61.241029179761995,16.270652448929226],[-61.24116692690956,16.268333074380223],[-61.242962215323985,16.266787102710556],[-61.249388908130044,16.267578464739138],[-61.251698443928035,16.266863640179427],[-61.25574265513125,16.26795101683366],[-61.25887470083434,16.265381167890325],[-61.25919533300559,16.264510845096307],[-61.2485279876702,16.26488915450141],[-61.247010367803455,16.26346302734541],[-61.24547114720098,16.25870803060764],[-61.22739981795109,16.256509898790632],[-61.22444755184214,16.25678425601426],[-61.22416368309558,16.258297423061013],[-61.223202284471874,16.259443447678866],[-61.219323014585136,16.26035742570461],[-61.21585900826767,16.25988419099105],[-61.21390219240463,16.258755401129832],[-61.212873501217516,16.25876681622777],[-61.212349255212146,16.258091599437634],[-61.203306865366756,16.255542632402523],[-61.202510207024595,16.254334525067012],[-61.20183693380754,16.255128230562295],[-61.19852744395584,16.254195179483062],[-61.19518831349938,16.255219238244486],[-61.194667418546494,16.253590874619086],[-61.190836299539164,16.2534757129515],[-61.18734412774389,16.25232148339507],[-61.18287669020153,16.24989628724587],[-61.17536044257334,16.25076823516594],[-61.1738307519945,16.249807380137675],[-61.17310037464899,16.248059852321425],[-61.173434013892255,16.246475303353968],[-61.176550933112935,16.241227602117778],[-61.17587976328617,16.239775966303604],[-61.17450287673398,16.239724844717095],[-61.150837151808375,16.246085503113832],[-61.140281487996745,16.245302905657212],[-61.13354752558267,16.24615550434999],[-61.11725982889356,16.25152810190884],[-61.11532421428767,16.253500414149325],[-61.11266769164809,16.25768201220989],[-61.10796859191081,16.269376566800215],[-61.10712597208221,16.27448105341885],[-61.10716758766882,16.280730617168132],[-61.10863789573639,16.285075840966478],[-61.11011588122966,16.294088838425],[-61.107777976973466,16.29515629546686],[-61.10581736912183,16.298218618152607],[-61.101508631285284,16.300511027680844],[-61.100298916274156,16.300414272827577],[-61.09506590821665,16.30192634852884],[-61.0917492156798,16.30368679729698],[-61.09026047822459,16.30347778038587],[-61.088827417762346,16.3025468460759],[-61.08779865484789,16.300377303912068],[-61.084563890594055,16.301123777389638],[-61.08209185698596,16.30264168933572],[-61.08220062060377,16.30452650419118],[-61.08099458192747,16.306759684951185],[-61.07615040743526,16.309555798085636],[-61.07258217517213,16.310133978543202],[-61.06969508380838,16.308929906018346],[-61.06845817530597,16.310607648647398],[-61.06641250708661,16.31113779260839],[-61.06016463498291,16.308496936349595],[-61.05029709415622,16.310602350734783],[-61.04485441665044,16.31460360627043],[-61.04302948858631,16.316904922304477],[-61.03790146815489,16.321399976818515],[-61.03211393957812,16.32423840895709],[-61.028454407790434,16.327899087919644],[-61.020793555719465,16.331215287721147],[-61.02056112999166,16.33203500368215],[-61.01774604364843,16.331648029344716],[-61.016152039930205,16.33248140470609],[-61.014670046349586,16.332311282735134],[-61.01412070108496,16.33159114397403],[-61.01481726853363,16.329116830300126],[-61.01610866725989,16.328892816321833],[-61.01778412207395,16.327302789001156],[-61.018587652483546,16.32724949521707],[-61.041862848651824,16.311817414930058],[-61.05204150600653,16.303815161608807],[-61.06033151827635,16.30242544530931],[-61.064978657957234,16.300564137576846],[-61.07312681593624,16.299984050624982],[-61.077861369469474,16.297403859335507],[-61.08019079136455,16.295538970676745],[-61.08556735448941,16.293754466478575],[-61.089900597769365,16.293837405181492],[-61.093634521705056,16.29453659709003],[-61.09486113904589,16.29265572292212],[-61.096986339801525,16.29207738559699],[-61.099310271240434,16.293380650388144],[-61.09984445218911,16.296141862857937],[-61.100845227018425,16.29641982250172],[-61.102887855342125,16.29533880212769],[-61.10393828041334,16.29291311082911],[-61.10088796510036,16.2813542357653],[-61.100849864060415,16.274058380986155],[-61.101893298343775,16.26777614257234],[-61.10631361986459,16.25671486894651],[-61.11106078501468,16.2525931606201],[-61.11484967218637,16.248239636834068],[-61.117962194827676,16.24674639744416],[-61.12570970678835,16.24477334142783],[-61.12852077670321,16.24338474150561],[-61.132650015998834,16.242260103006725],[-61.14141665626544,16.241398560609838],[-61.17027240312418,16.23683935735929],[-61.17394479760978,16.235730428348155],[-61.17703619657305,16.23585069977796],[-61.17873021505121,16.236891371773417],[-61.181778794679595,16.237365681709885],[-61.18280164603292,16.240074402890897],[-61.18240778184137,16.243711753625124],[-61.184444504110985,16.2438110888525],[-61.1899941491665,16.24680170902745],[-61.19247009457626,16.247600861236148],[-61.20521651298104,16.247241803493395],[-61.21483427007921,16.248864788202994],[-61.21842546391478,16.250207119762546],[-61.22256218990289,16.250859113907783],[-61.230386160748495,16.250476868939568],[-61.24365334790734,16.25258399500879],[-61.24975930498892,16.252613447077017],[-61.25356663449609,16.253641924833207],[-61.25532606612376,16.253512452562],[-61.26092787230032,16.251714253850462],[-61.26287740723918,16.249966649708877],[-61.26574022548123,16.250410882216755],[-61.267068856746896,16.249755528775193],[-61.27855951331109,16.248073163815455],[-61.28483121448729,16.246376484121676],[-61.28537102450723,16.245596400770037],[-61.287904837223984,16.24558278193493],[-61.294305334595094,16.243763614891154],[-61.29453769191814,16.243096399371286],[-61.298748258813745,16.242895885376562],[-61.3080654321028,16.24061585405086],[-61.30840095287758,16.241023045032353],[-61.31288173548137,16.240225191479063],[-61.317668409196294,16.240250419767015],[-61.3232146241854,16.24112817325352],[-61.32430533306813,16.24175579168401],[-61.325732164958914,16.24141610968639],[-61.32615462711692,16.240643687160638],[-61.32787133968884,16.239821136043602],[-61.34370917462405,16.24024338715172],[-61.345000741662226,16.239266852765944],[-61.347546954215225,16.238730932462698],[-61.3541547098304,16.240148209626707],[-61.35600925805916,16.241718269520515],[-61.35844254394292,16.241747276332028],[-61.36047429309916,16.23975977287226],[-61.35686050906629,16.23857477706764],[-61.35621206685729,16.236172803357036],[-61.35701788055828,16.234376881551533],[-61.35919286014076,16.23338559403961],[-61.365687591628074,16.233778772763376],[-61.36818228769273,16.232722856079107],[-61.37027910930097,16.22866969145775],[-61.37356551947216,16.22457378506531],[-61.37763868815641,16.22357542563066],[-61.378735528466805,16.222255511698943],[-61.38371147157017,16.22210937168454],[-61.3900667237757,16.220644726873992],[-61.39179180665583,16.22094257226504],[-61.392064473784714,16.220184276425428],[-61.393472025207295,16.219859844754257],[-61.39354633587905,16.219031737184814],[-61.39430535998184,16.21891609911569],[-61.3945688628883,16.217255509339065],[-61.39569754384318,16.217342071499232],[-61.395793428611924,16.21808276554834],[-61.39658810704124,16.218249958166496],[-61.396626763779054,16.219132658919296],[-61.39775824963912,16.21887183174909],[-61.398472025297494,16.219336412468884],[-61.398672043091985,16.21866118145134],[-61.40263869396867,16.217746725740625],[-61.404230112685134,16.216843329070805],[-61.40597202767716,16.2172212287146],[-61.40597832150289,16.215004018503368],[-61.40680536496805,16.21474943055906],[-61.40680536659793,16.21376414638704],[-61.40982464407314,16.212780216925985],[-61.411626755969074,16.213089885295403],[-61.4116267573346,16.21391609651949],[-61.41302895015332,16.213916096044358],[-61.41398845649797,16.215034059978944],[-61.41463640545858,16.217255060535702],[-61.4140903164585,16.21946944159832],[-61.415972026118894,16.21724942931866],[-61.41644808238575,16.215497349237772],[-61.41766844927126,16.21404393568758],[-61.41975115786036,16.213104471351063],[-61.41996009185614,16.21391609533916],[-61.42153087586876,16.2140087355133],[-61.42162676013669,16.214749428457704],[-61.42246009407198,16.2150657244495],[-61.42240492444775,16.216074782822062],[-61.42162676255922,16.216215355145646],[-61.42162676464166,16.217490802383637],[-61.42360957356853,16.219486873601394],[-61.421626772613884,16.22229990195066],[-61.4215716013251,16.223574782607372],[-61.42062904318284,16.223715354627483],[-61.41914287393526,16.227297807103593],[-61.417876647590305,16.2284220345211],[-61.420848926418806,16.228211656489073],[-61.42287557968197,16.22937661383195],[-61.42428033111117,16.229133877741557],[-61.425739618432665,16.229568156932363],[-61.43173835251135,16.23528307590707],[-61.43475801876726,16.235606836588953],[-61.4349601311862,16.23641609378512],[-61.43598879348606,16.236416093633522],[-61.436301177449415,16.237300649607185],[-61.435908410093724,16.240382023047363],[-61.43521297013212,16.240266381519213],[-61.43513865303246,16.239548689616356],[-61.434468126840216,16.23954868939144],[-61.43311891693852,16.242576181616553],[-61.43170458149247,16.24334009473935],[-61.43017752821047,16.24334538563332],[-61.42775835353253,16.24197689169749],[-61.427638651391966,16.24121535517707],[-61.42606788087933,16.241122713069572],[-61.426046305414175,16.239865067881055],[-61.427350897379625,16.2397494281936],[-61.42489854244659,16.23788202153218],[-61.421660356472096,16.2387367496242],[-61.41945974758656,16.238040398798944],[-61.418447038074284,16.23621535405362],[-61.41706053033492,16.23620726132299],[-61.41561043407633,16.238308600533507],[-61.416641922399094,16.242223445480754],[-61.41911142016604,16.24247043323348],[-61.420890585191444,16.242073009726074],[-61.42227565167183,16.242694198400415],[-61.42319492994257,16.24387484855375],[-61.42674555571318,16.24417776000042],[-61.428195848250496,16.24524696125486],[-61.428787518872724,16.246947354590265],[-61.43020850455792,16.24692724134022],[-61.43013864438444,16.245213056813526],[-61.43162681208114,16.24529793294888],[-61.431571746162504,16.24690793645075],[-61.43203768372479,16.246429713533995],[-61.43317377380488,16.24648788974956],[-61.43294329406634,16.247882022022946],[-61.4338158976824,16.2485777737141],[-61.433548817018576,16.246379299868646],[-61.434139589282154,16.243542272180406],[-61.43518367140514,16.24234517522576],[-61.436821224483694,16.24182909602179],[-61.43594787645296,16.240382023044422],[-61.43901450629892,16.24071416625765],[-61.44079347548029,16.24256572446001],[-61.43996014259235,16.24288202351421]],[[-61.26209732632415,16.27767728864761],[-61.26002893965243,16.2775151578647],[-61.25637069275073,16.278861909170818],[-61.26022787166934,16.28027235265582],[-61.26209732632415,16.27767728864761]],[[-61.262510482547555,16.271390368408422],[-61.26432627703943,16.26989158905983],[-61.261570806972095,16.271093528542647],[-61.26154167846168,16.27160279012586],[-61.262510482547555,16.271390368408422]],[[-61.26946161054627,16.276533551831978],[-61.26876795557962,16.27950483648848],[-61.26686154412969,16.281712131055013],[-61.26862964223194,16.28293413218264],[-61.26973388998465,16.280476051589527],[-61.272898271555974,16.27965605350272],[-61.27275312394255,16.2773114692492],[-61.27377455401818,16.275566403851396],[-61.27526783141503,16.274865421574134],[-61.280670834992975,16.274494819532922],[-61.28000980560332,16.273157175893157],[-61.278214227000724,16.273571921808376],[-61.27612500951471,16.273125156930817],[-61.26946161054627,16.276533551831978]],[[-61.273454337021114,16.290338381832754],[-61.27676167063953,16.29094763273049],[-61.277904907086764,16.288965835551977],[-61.276944835406674,16.286631417083303],[-61.274887912312344,16.285593322289067],[-61.2732003258517,16.28572445705332],[-61.273454337021114,16.290338381832754]],[[-61.28256819365142,16.28929723489161],[-61.285946954129706,16.29076124667328],[-61.28525092640566,16.28863706991013],[-61.28256819365142,16.28929723489161]],[[-61.28305262298203,16.30476101181503],[-61.2827689469251,16.304556319596212],[-61.28272545278476,16.304749451070357],[-61.28305262298203,16.30476101181503]],[[-61.28890159370844,16.278806623050023],[-61.29244688361847,16.27773728924641],[-61.290813861911644,16.272186356260008],[-61.28883678435784,16.272282559293785],[-61.28962400014294,16.275469659253478],[-61.288616710356116,16.27762864406739],[-61.28890159370844,16.278806623050023]],[[-61.29663602969634,16.28959342405344],[-61.29776711626359,16.291087933610992],[-61.29780861729272,16.29287265133875],[-61.29891419869016,16.29420680069233],[-61.30003177083259,16.293053807941053],[-61.30148695471243,16.292605724046126],[-61.30559958013829,16.29358321646451],[-61.304519954340165,16.290117089286806],[-61.30203192374255,16.290706666310715],[-61.3005158845802,16.290527569800947],[-61.29864218389914,16.288588453298203],[-61.29364890023065,16.2868617830691],[-61.292743212169256,16.2855637558008],[-61.29261972721653,16.28405012633768],[-61.29057329049477,16.284663551778205],[-61.2921658485776,16.289628549385146],[-61.29470082892598,16.28901225268865],[-61.29663602969634,16.28959342405344]],[[-61.296160185375015,16.298618332280377],[-61.297324940418996,16.299497193452165],[-61.29773557079456,16.297894704858383],[-61.296160185375015,16.298618332280377]],[[-61.31597823101127,16.279170687844655],[-61.3166663347946,16.278283411632056],[-61.31571806031006,16.276977264511284],[-61.3133890188724,16.277684676922945],[-61.31304534308414,16.280111552407494],[-61.31088936372701,16.281515063037695],[-61.308804902486926,16.281154917371364],[-61.30740067489944,16.27952067893783],[-61.30568662531292,16.28008650011856],[-61.307843552304185,16.2814078602837],[-61.308785631486735,16.283256279740694],[-61.31076545007903,16.284017293513987],[-61.31580437730301,16.28270208268813],[-61.31597823101127,16.279170687844655]],[[-61.31701018289295,16.264583414642747],[-61.31564405066979,16.26341534056959],[-61.31477577307342,16.260973311801656],[-61.31280397562659,16.260676505993736],[-61.313436639254626,16.26519276838378],[-61.31701018289295,16.264583414642747]],[[-61.315138659607655,16.246738945759414],[-61.31498528318242,16.24698207344609],[-61.31513865875155,16.247279115116772],[-61.315138659607655,16.246738945759414]],[[-61.31551601068424,16.24641611107848],[-61.315469434976805,16.24621460795846],[-61.315321606879934,16.246448942237162],[-61.31551601068424,16.24641611107848]],[[-61.31585484180231,16.24788200537581],[-61.31544955395655,16.247881221480714],[-61.31571714558661,16.248399459450315],[-61.31585484180231,16.24788200537581]],[[-61.33798310733529,16.252974757166854],[-61.33467621961359,16.255898179701916],[-61.333293482144235,16.256002721255808],[-61.33325482209707,16.256881485551173],[-61.33246015044144,16.257048674214598],[-61.332423790424166,16.25771012018157],[-61.33010761417776,16.25665628742255],[-61.32906830522881,16.258715340288354],[-61.327811714758596,16.258677993310666],[-61.32751988481213,16.257882006800298],[-61.32247725046297,16.260048720337355],[-61.322475250967216,16.262640811854148],[-61.32015128870137,16.26444392527152],[-61.322104657292606,16.26520009118437],[-61.333150995096965,16.26378728354914],[-61.335340759734606,16.262273517122267],[-61.33675042550215,16.262232690877408],[-61.33991014631427,16.258271080076533],[-61.33869485298647,16.256280753419286],[-61.338990314942876,16.254167221114432],[-61.34047381405264,16.252833933579005],[-61.34237077168037,16.252627098291974],[-61.34082160842518,16.251815242857823],[-61.33798310733529,16.252974757166854]],[[-61.3299363849753,16.253916109388136],[-61.32936796960774,16.25336874943822],[-61.328187289542925,16.24785484231719],[-61.327074409591674,16.247648709172022],[-61.3247141205043,16.248889214637714],[-61.322236049281805,16.24792532164647],[-61.32255348667681,16.25050792073967],[-61.32438839035959,16.250351767933026],[-61.32669512328081,16.251104024228702],[-61.32817197949724,16.25260773182368],[-61.328591684658186,16.25398790161824],[-61.3299363849753,16.253916109388136]],[[-61.3433956922575,16.25298634668696],[-61.343264920913064,16.252941158043612],[-61.34336514994845,16.252997485350466],[-61.3433956922575,16.25298634668696]],[[-61.34548181446341,16.263083521123267],[-61.345778732727815,16.263305452165277],[-61.34597196074244,16.263236278481035],[-61.34597196238755,16.262252238197963],[-61.34548181446341,16.263083521123267]],[[-61.347726530729915,16.26224944024131],[-61.348230522397316,16.26059247686767],[-61.35008601912438,16.259454967741693],[-61.34832327466316,16.2596861578432],[-61.346464963653666,16.26141610699901],[-61.347164821630436,16.261417629569237],[-61.347726530729915,16.26224944024131]],[[-61.34682579590881,16.253752772252927],[-61.347102372699055,16.25371656488406],[-61.346702856714614,16.253630013737485],[-61.34682579590881,16.253752772252927]],[[-61.35263863318032,16.25912080865758],[-61.35061279937987,16.259391509126154],[-61.352378109486246,16.25983655707623],[-61.35351095930968,16.26098246393287],[-61.35263863318032,16.25912080865758]],[[-61.365793482476306,16.253286052649305],[-61.36552993894969,16.253709267983623],[-61.36434396858298,16.25354815436154],[-61.364459457021574,16.250260173763298],[-61.362492719025624,16.251149179305163],[-61.360444981326,16.25136572379595],[-61.35912681365561,16.252588910175568],[-61.35911271788328,16.254324204121026],[-61.35852929484228,16.254749438490386],[-61.35907163665709,16.25489000480219],[-61.35912681882854,16.255694117772087],[-61.360002410410615,16.254816285089905],[-61.36210066359515,16.25454246715919],[-61.36390247508932,16.255616634124767],[-61.364729347544426,16.257786839673763],[-61.36564291217532,16.257504695804],[-61.366338313129866,16.25551412108533],[-61.36763960510156,16.25409028845753],[-61.365793482476306,16.253286052649305]],[[-61.35860691684183,16.256215344674388],[-61.35855878117723,16.25621534471282],[-61.358559732677975,16.25626264886867],[-61.35860691684183,16.256215344674388]],[[-61.363849869356855,16.270090897485897],[-61.369072594457826,16.271567261928897],[-61.36929772144422,16.270204314548835],[-61.36644022469826,16.269465550750038],[-61.365036297670926,16.26793443560199],[-61.3649566541887,16.265890574453586],[-61.3663039136095,16.2642230030995],[-61.36586005480008,16.263793580588338],[-61.36049601898299,16.26343261402319],[-61.363849869356855,16.270090897485897]],[[-61.37513864832786,16.247882014125135],[-61.37347827341339,16.24762742915295],[-61.373510645582535,16.24574996007225],[-61.37451378436995,16.24558276910617],[-61.37599592776201,16.243172996446166],[-61.37542806877469,16.240237273962325],[-61.373252635882736,16.238174820457647],[-61.37373595293025,16.242409514027162],[-61.372626675421486,16.24892995998256],[-61.37430530696366,16.252804144288923],[-61.37453768361447,16.252263054856055],[-61.37571916107781,16.252365072567308],[-61.37576856078176,16.253520096192517],[-61.37507342373143,16.253715347276447],[-61.378610132514936,16.255702360269833],[-61.37977453709316,16.25751413218548],[-61.3803846905066,16.259796774823332],[-61.38327678609717,16.260230184078647],[-61.38643537136972,16.25892693433928],[-61.383517602047384,16.258395814173248],[-61.38221000138181,16.257633769665716],[-61.38142868904386,16.25636627696611],[-61.38149954006691,16.254548681404636],[-61.38101063175268,16.254381488823288],[-61.38092249579545,16.253441375966396],[-61.37773843974595,16.25109157010289],[-61.377083088511924,16.248841195435705],[-61.375466060913354,16.248715347087856],[-61.37513864832786,16.247882014125135]],[[-61.37347191736505,16.28678403603634],[-61.372406612820505,16.29029511363702],[-61.373696874132996,16.28786581546216],[-61.37347191736505,16.28678403603634]],[[-61.37263856311957,16.2994615775722],[-61.37246022686914,16.29951743975724],[-61.37246022725658,16.29974943759672],[-61.37263856311957,16.2994615775722]],[[-61.37430523182693,16.29808277062082],[-61.37433016327195,16.296611352762614],[-61.37513856780178,16.296416103792026],[-61.375217041355675,16.295694000622227],[-61.37403855918448,16.296196871093727],[-61.37318067223801,16.298916104060275],[-61.37430523182693,16.29808277062082]],[[-61.37419135135904,16.286121725370926],[-61.37387158456772,16.28641610346735],[-61.37430525121111,16.286416103666237],[-61.37419135135904,16.286121725370926]],[[-61.41521294132906,16.264865069205328],[-61.416312643478115,16.264750058755983],[-61.41587264189772,16.26442590396814],[-61.413293509622456,16.265494104672985],[-61.413061115449565,16.266201732227525],[-61.40870497020724,16.26638436382887],[-61.40650108070574,16.266983644467906],[-61.40347361418358,16.26612861384715],[-61.40190466286858,16.264025160280546],[-61.400498157291665,16.264547160415816],[-61.39927301711578,16.26416322945077],[-61.39827038573861,16.265891784671275],[-61.3957380095244,16.267062585082453],[-61.39368068364193,16.267032603080825],[-61.391839153388986,16.26551513154823],[-61.39047669670638,16.26539935300023],[-61.38829350755754,16.266420288304545],[-61.38809137050438,16.26702460525808],[-61.38700741925826,16.26702460510189],[-61.38662684074965,16.26648355512613],[-61.386481314820365,16.26699537661951],[-61.38535948763598,16.267031080001377],[-61.38393913407281,16.268104446405193],[-61.379161002329596,16.268989977755464],[-61.37694371868845,16.26820879592558],[-61.3766634964497,16.26875152884792],[-61.3774352514266,16.269111352312635],[-61.377295620946704,16.27033972588214],[-61.37852314086525,16.273423770219736],[-61.38127222275475,16.273794433968394],[-61.38486672428416,16.273020509025415],[-61.387998145101164,16.27354819991966],[-61.392218362503506,16.27336200466973],[-61.39388491405501,16.273993088481856],[-61.39644605678705,16.273441866513373],[-61.40304006781526,16.27528175072994],[-61.41223628985318,16.27597207156997],[-61.41663259362034,16.274180550118576],[-61.4196687394811,16.274269367806692],[-61.419654316665785,16.270933505156922],[-61.41743888197723,16.26695345641565],[-61.417232732373954,16.26542789390427],[-61.41661133449853,16.2649701071726],[-61.41650712690913,16.26614355653879],[-61.415234519416394,16.266122711380923],[-61.41521294132906,16.264865069205328]],[[-61.378446335322415,16.28117267086193],[-61.37952041785546,16.280488445260705],[-61.37812598131108,16.28077209323935],[-61.378446335322415,16.28117267086193]],[[-61.38281295692454,16.24270543610775],[-61.38270539102632,16.24269441258992],[-61.382867455033114,16.242870415999207],[-61.38281295692454,16.24270543610775]],[[-61.38380271489139,16.24762318795106],[-61.383728331438704,16.24753609944596],[-61.383726531173686,16.24772145665616],[-61.38380271489139,16.24762318795106]],[[-61.38419564789864,16.27933310657024],[-61.384342540456956,16.27937865488612],[-61.384324057413856,16.279336879850394],[-61.38419564789864,16.27933310657024]],[[-61.38507995938877,16.248479134147154],[-61.38655961889558,16.25059810918812],[-61.387353311457446,16.250453629160273],[-61.38738370311579,16.24843873899224],[-61.38507995938877,16.248479134147154]],[[-61.38855476982991,16.235523903397127],[-61.3866765502139,16.237511959522557],[-61.38846611496535,16.24004964194938],[-61.39144598098315,16.239699043435323],[-61.394456955451766,16.24030486056897],[-61.397532742878454,16.239040232273315],[-61.399844986691434,16.23981119949449],[-61.39931942322056,16.23932420589941],[-61.39930532729856,16.238208638294925],[-61.3986646975587,16.238074062369947],[-61.39438716900435,16.239266952816635],[-61.391447002375465,16.23867818410207],[-61.39019381406712,16.236695190796603],[-61.39036419848058,16.23513852731274],[-61.39147224797191,16.233754971866272],[-61.39100293880518,16.232882016891114],[-61.389771639337404,16.232882016566084],[-61.38855476982991,16.235523903397127]],[[-61.391669148774234,16.246487489591406],[-61.3920244371657,16.246055355757846],[-61.38921547828465,16.246409717605708],[-61.391669148774234,16.246487489591406]],[[-61.39437460278328,16.255704941960577],[-61.39367534583195,16.25583450834571],[-61.39430529857566,16.256003984730906],[-61.39437460278328,16.255704941960577]],[[-61.39625973910342,16.228663585576413],[-61.39607841698139,16.228602335464714],[-61.396183441455385,16.228640252510605],[-61.39625973910342,16.228663585576413]],[[-61.39733642277589,16.228939138551844],[-61.396890016115826,16.228826484716375],[-61.39738884258898,16.228980596012633],[-61.39733642277589,16.228939138551844]],[[-61.40595167653277,16.24604372976074],[-61.40417057834304,16.247594529608477],[-61.40190680267967,16.247534814760957],[-61.40008438921347,16.249723387792233],[-61.402876130323655,16.250125757223923],[-61.40436017083468,16.25105239305301],[-61.407276533564065,16.25096104855063],[-61.40679911099044,16.24871535198682],[-61.40598607439271,16.248490872729537],[-61.405978270121935,16.246670685219453],[-61.40723622530814,16.246416097731665],[-61.40859168521997,16.245310222848676],[-61.40595167653277,16.24604372976074]],[[-61.40513866956379,16.23228097059623],[-61.40496011994044,16.23219662090756],[-61.40490313679148,16.23274380360856],[-61.40513866956379,16.23228097059623]],[[-61.40540298345714,16.232876054713568],[-61.40675251557474,16.233827798947893],[-61.405873950579696,16.232882019053978],[-61.40540298345714,16.232876054713568]],[[-61.4054169799821,16.25709518792436],[-61.40543056626844,16.257099716854473],[-61.405427547774394,16.257094855366987],[-61.4054169799821,16.25709518792436]],[[-61.40719807699606,16.23421771397183],[-61.40825790449754,16.23643031966925],[-61.409217679339754,16.234816977830572],[-61.40719807699606,16.23421771397183]],[[-61.407507264068286,16.26033435211023],[-61.40794084981605,16.260287956238717],[-61.40839989981569,16.25886154459627],[-61.40710638250331,16.258441376924335],[-61.407507264068286,16.26033435211023]],[[-61.41309134253796,16.222273505776627],[-61.413238267010186,16.22357478195251],[-61.41219154477306,16.223715353282838],[-61.41379467665101,16.22356005281148],[-61.41513868631085,16.221243020181657],[-61.41434400925265,16.22104815832483],[-61.414305355902904,16.21954868733485],[-61.41329343354842,16.21954868719134],[-61.41299815025306,16.22038049695571],[-61.411978405020925,16.220344671912805],[-61.411805355992676,16.219723193914188],[-61.4099601017799,16.22079645527562],[-61.4098146085817,16.221995380648536],[-61.40768073344349,16.222048686290456],[-61.40743661467962,16.22268290333061],[-61.410068540285366,16.222556831721608],[-61.4109720172856,16.223049862365823],[-61.411067904932644,16.222342070072358],[-61.41309134253796,16.222273505776627]],[[-61.40802668276188,16.238388803368185],[-61.40801502716239,16.238328505561952],[-61.4079375614904,16.238521792968232],[-61.40802668276188,16.238388803368185]],[[-61.42358176083717,16.253163238683197],[-61.421765455685936,16.252055019686676],[-61.420080944668335,16.252893155233842],[-61.41609585484387,16.253028909905495],[-61.4151256722033,16.254688465303573],[-61.41349851071713,16.25543866051328],[-61.414251762847556,16.256280035269967],[-61.41580008277824,16.25595194262371],[-61.417282151145706,16.256370542906158],[-61.42032690245215,16.25930550524518],[-61.423190381049665,16.25861994549516],[-61.42513871080806,16.25924229892001],[-61.42535711793096,16.25881997715682],[-61.42400915290972,16.25790880297533],[-61.42334649510626,16.256579708241837],[-61.42358176083717,16.253163238683197]],[[-61.41662687524364,16.284664307884537],[-61.416626875382626,16.284749430891612],[-61.41698080526832,16.284749430694593],[-61.41662687524364,16.284664307884537]],[[-61.438362532043655,16.260676428800693],[-61.439347014867025,16.261900714069377],[-61.44333624065104,16.258316323434002],[-61.445413670089536,16.258262316821263],[-61.44810263967516,16.2593278889051],[-61.449518414746315,16.258409184863442],[-61.44762024291619,16.257539079010744],[-61.44477499382566,16.25722774546031],[-61.44302476758819,16.25547439446706],[-61.44148811272451,16.255660677800773],[-61.44054504964338,16.257169400050373],[-61.43879758484684,16.25792967829919],[-61.432724901491724,16.25657279524089],[-61.43239143406108,16.257681316122884],[-61.433029048106754,16.259871612156083],[-61.43251650532271,16.261371346933466],[-61.43355079460155,16.261915416642143],[-61.434877546577205,16.260463981017608],[-61.43674950225286,16.260066914663682],[-61.438362532043655,16.260676428800693]],[[-61.44004808939829,16.245606075479753],[-61.4404957884483,16.24538061228955],[-61.44046606198761,16.245382023112178],[-61.44004808939829,16.245606075479753]]],[[[-61.28806113077762,16.310596401880776],[-61.28829356660524,16.310993425464865],[-61.28776919802659,16.310857418092667],[-61.287068836344744,16.31058886054491],[-61.28806113077762,16.310596401880776]]],[[[-61.311091639951755,16.29815457111294],[-61.312385879293394,16.29819841249095],[-61.31246021680202,16.2988478270178],[-61.31097190650341,16.29923239077387],[-61.311091639951755,16.29815457111294]]],[[[-61.31472779252059,16.298096397717618],[-61.31496021729313,16.29891611275004],[-61.31722779302577,16.29892973071052],[-61.31746021897847,16.29970061489836],[-61.31347190647695,16.299027335011083],[-61.31347190748844,16.298399057573953],[-61.31472779252059,16.298096397717618]]],[[[-61.34661276072031,16.28247391171724],[-61.346626862761745,16.28330474272609],[-61.34589373882439,16.282249441078],[-61.34661276072031,16.28247391171724]]],[[[-61.35466659948806,16.237048677825577],[-61.354702534621275,16.235582771681624],[-61.35573827652412,16.235723338180353],[-61.355697563160625,16.23695603939096],[-61.35466659948806,16.237048677825577]]],[[[-61.36116549031245,16.297697308160394],[-61.36106782249689,16.297342076388563],[-61.36236430086552,16.297342076209755],[-61.362364302843645,16.29862270525388],[-61.36116549031245,16.297697308160394]]],[[[-61.362453899417865,16.279170686389406],[-61.362424078656204,16.280209609043077],[-61.36158736104717,16.27891610531541],[-61.362453899417865,16.279170686389406]]],[[[-61.365318104500986,16.2856171882748],[-61.366530954255495,16.285675408923314],[-61.36653095623204,16.286956039300847],[-61.365212918601884,16.28693304080037],[-61.365318104500986,16.2856171882748]]],[[[-61.41953766585066,16.28476304944874],[-61.42026397828789,16.284749430287597],[-61.41930524576221,16.285570519452293],[-61.41953766585066,16.28476304944874]]],[[[-61.42210063043282,16.281417619295926],[-61.42326992612177,16.28161490256814],[-61.421805251559604,16.281840523736655],[-61.42210063043282,16.281417619295926]]],[[[-61.424319456899326,16.215807241607003],[-61.424887888475375,16.215582761309165],[-61.42533703132869,16.217048688798616],[-61.42440124265769,16.216956046823444],[-61.424319456899326,16.215807241607003]]],[[[-61.42436052870764,16.218223332550536],[-61.42540662777451,16.218082761058444],[-61.42524859417004,16.21954868880613],[-61.42440123973578,16.21945604676281],[-61.42436052870764,16.218223332550536]]],[[[-61.42773455907021,16.231122713478076],[-61.427734561039124,16.22984206852852],[-61.429126787654496,16.23075952358066],[-61.4290070912377,16.231143558816857],[-61.42773455907021,16.231122713478076]]],[[[-61.43129939402437,16.244749427445935],[-61.43158668212966,16.244914256388842],[-61.43083585780841,16.244959970723396],[-61.43019382462973,16.24488999907848],[-61.43129939402437,16.244749427445935]]],[[[-61.441267302978574,16.24308428234817],[-61.444960145431224,16.24419220864901],[-61.44466482116495,16.24454716726283],[-61.441046297457966,16.24443304861004],[-61.441267302978574,16.24308428234817]]],[[[-61.44847568582192,16.24344394084985],[-61.44996014427252,16.243051288327674],[-61.44975802557963,16.24369128068624],[-61.44847568582192,16.24344394084985]]],[[[-61.449727782586734,16.266429711637777],[-61.449960184273365,16.267189458931806],[-61.448471938239145,16.267394671421513],[-61.44847193931094,16.26673239102929],[-61.449727782586734,16.266429711637777]]],[[[-61.45950742708027,16.247857948458417],[-61.45930530371209,16.24704869272541],[-61.45851063240992,16.24688149411623],[-61.45864505071209,16.243953438460366],[-61.46099474487861,16.24515745675824],[-61.46223828389269,16.246592625732156],[-61.46222777476201,16.247035072733183],[-61.46079348572889,16.24704869293024],[-61.46069758636163,16.2477893830235],[-61.45950742708027,16.247857948458417]]]]}},{"type":"Feature","properties":{"feature_id":"AEP_DESMARAIS","layer_key":"eau_aep","layer_label":"Eau AEP","economic_unit_id":"AEP_DESMARAIS","economic_state":"S3","economic_exposure_eur":52813295.0,"economic_damage_eur":11257167.0,"economic_damage_ratio_pct":21.315,"economic_asset_count":623,"criticality_territory":"guadeloupe","criticality_family":"aep","criticality_scenario":"rp1000","criticality_period_years":"1000","criticality_hazard":"storm_cmcc"},"geometry":{"type":"MultiPolygon","coordinates":[[[[-61.76829326044007,16.087048736281226],[-61.768147843842776,16.087828755333653],[-61.76745992837959,16.087882069495272],[-61.76728696947382,16.088678048664942],[-61.76500433360131,16.088715402543986],[-61.76945886087484,16.08956720987268],[-61.77113038501699,16.089360557945565],[-61.771965511220614,16.090399933084157],[-61.77162660129205,16.091416048127314],[-61.772459935204566,16.09173239162499],[-61.77245365076811,16.09346077400013],[-61.77204590282035,16.093715402906337],[-61.77365354572186,16.102191460564214],[-61.774621815432596,16.104419574429368],[-61.77409614488228,16.10536362602163],[-61.77459277920956,16.11749888193647],[-61.7742758604339,16.12176116669684],[-61.774824904096995,16.122655082271013],[-61.77433140558424,16.123530326764808],[-61.77453097127603,16.127484654512447],[-61.77275197458433,16.130124882078253],[-61.774125104064,16.13926339853236],[-61.773293347114304,16.139548735105546],[-61.77214266858304,16.14127868843852],[-61.77379879130857,16.143277752439214],[-61.773946523727744,16.145200468407],[-61.77541452551027,16.144991466450843],[-61.77552329637329,16.14714660181114],[-61.776102392664455,16.14792585185556],[-61.775915646096486,16.150084678628883],[-61.779031381224705,16.16082572398218],[-61.778426106684606,16.162251685787936],[-61.77964388344874,16.170953831348175],[-61.781097012813184,16.172396176506656],[-61.7824280770457,16.17253413540256],[-61.78400381226415,16.177043299535704],[-61.78337460030029,16.177749567521314],[-61.782973299152744,16.185089259294045],[-61.78245861456513,16.18612357935739],[-61.780692245150554,16.18733739679666],[-61.781626762634296,16.18891604946684],[-61.78321911993788,16.189031705506533],[-61.7832934317508,16.190294423798743],[-61.780937847791634,16.191191207952436],[-61.77908247369208,16.191018480237577],[-61.776637570704445,16.189936320343083],[-61.776879667183074,16.189031705986235],[-61.77763869147987,16.18871540062776],[-61.776925046072606,16.188643593499968],[-61.7768053596185,16.18788206723079],[-61.77516361392309,16.186853449918633],[-61.775371031994084,16.185596337748798],[-61.77806108803911,16.185596337462027],[-61.7782934248152,16.18641604976795],[-61.77875562510997,16.18641604940919],[-61.77880582727223,16.185746753069576],[-61.777514699429375,16.182882067489263],[-61.77433028702728,16.182686783280012],[-61.774306949116706,16.180034717727423],[-61.775132794103754,16.17653102077795],[-61.77211020699668,16.177351788828666],[-61.770718543281156,16.176745000294343],[-61.76978720683418,16.17557588877967],[-61.769870873753604,16.172980953627768],[-61.771975697588374,16.17117646989162],[-61.77161591418613,16.168962316516495],[-61.770373787335366,16.16813691429933],[-61.769692236675496,16.166918666437304],[-61.76937993426221,16.164911768107547],[-61.76984281795687,16.163503159101264],[-61.76676886227359,16.16539354875687],[-61.76131872965706,16.167092281620032],[-61.75651113337094,16.172618706374347],[-61.75566026081068,16.172843862992465],[-61.75300475559749,16.171737143331544],[-61.7521306812933,16.171928345870803],[-61.751419099466915,16.17123605756771],[-61.752627012645895,16.16709642730059],[-61.75378971083682,16.166366253685247],[-61.756028497763545,16.163402974346656],[-61.75824708155471,16.161741632629216],[-61.76185359348701,16.160442236257378],[-61.76127401311335,16.159145968708593],[-61.75919374065432,16.157453271526066],[-61.758691299925594,16.154050754191687],[-61.756708901747125,16.153619931930503],[-61.755256725313416,16.1524619382023],[-61.756284525807914,16.146741449173327],[-61.75844866130041,16.1467117878344],[-61.760184436153146,16.148131512531084],[-61.760294008415485,16.147001088587288],[-61.76013876446111,16.145647900782894],[-61.759279473585686,16.14525677177279],[-61.75648415976075,16.1456302876036],[-61.75667847178128,16.144548733120356],[-61.7551403446637,16.143430064875854],[-61.755177417583525,16.141583269304885],[-61.756805439854354,16.140582717658212],[-61.75601075261753,16.140214846801676],[-61.756010754452724,16.139083269237105],[-61.757520209845254,16.13891605088723],[-61.75891793481224,16.13153891669678],[-61.75801902253348,16.123303273341346],[-61.75883644271121,16.122482931253558],[-61.75928494991588,16.120053618220403],[-61.75831032838007,16.118947083623436],[-61.757979388798674,16.117528845276464],[-61.75920372307346,16.114843517066912],[-61.75651831829132,16.11273763854933],[-61.75614653435151,16.11011998227169],[-61.75717846818922,16.10859176494344],[-61.755908304839124,16.108442628929332],[-61.75560450017352,16.106303535978654],[-61.75433040567208,16.106020116923986],[-61.75431959024126,16.104140562359042],[-61.7551388339045,16.103715400942455],[-61.754330409458845,16.103520116961654],[-61.75431179149178,16.101670676347283],[-61.755529897431686,16.101422128075534],[-61.755793283960934,16.102249383482533],[-61.756747618524884,16.102173030655244],[-61.75927680107478,16.096890873998852],[-61.76179805112286,16.09535927601234],[-61.76369978732007,16.09271542655432],[-61.761810867307766,16.09159817834328],[-61.7619941288075,16.091215401952553],[-61.75940396494427,16.091125031768676],[-61.75888165860736,16.088916049231123],[-61.7595075127137,16.08810679562067],[-61.760972192157375,16.08808271588784],[-61.76097219385052,16.087048735471505],[-61.76028427744645,16.086995421280392],[-61.759767811311086,16.086215401865136],[-61.760100506867445,16.085817430740796],[-61.76191724217663,16.084617501908244],[-61.7641948563291,16.084354956969523],[-61.767736364113354,16.086185530272864],[-61.76912659203138,16.08594346408441],[-61.769126593316614,16.086732391739957],[-61.76829326044007,16.087048736281226]],[[-61.76917451746911,16.11414496489242],[-61.76758512797233,16.114424387297266],[-61.76676834200061,16.115809871275218],[-61.76732728094731,16.117784337534882],[-61.76656901402454,16.12007986107294],[-61.770018462886576,16.12035103416646],[-61.77016371881584,16.118277998833612],[-61.76917451746911,16.11414496489242]],[[-61.77912675926075,16.1870357413119],[-61.77912675961356,16.18724938303112],[-61.779585554201844,16.18724938267869],[-61.77912675926075,16.1870357413119]]],[[[-61.75407152077309,16.13940814094982],[-61.75319134973511,16.139548732813765],[-61.75363022625615,16.13880351793012],[-61.75410176321117,16.13827799958915],[-61.75407152077309,16.13940814094982]]],[[[-61.75484035584417,16.141487856573555],[-61.75488572570231,16.142766409220297],[-61.75359176240038,16.14281025938482],[-61.75351075109299,16.1415832693925],[-61.75484035584417,16.141487856573555]]],[[[-61.75736416988846,16.154842037927228],[-61.75736417184703,16.156122744682474],[-61.757177527421646,16.15535830131666],[-61.756027244914634,16.15488997521967],[-61.75736416988846,16.154842037927228]]],[[[-61.75817367637889,16.128987856057744],[-61.75821904344147,16.13026640973511],[-61.75692510850731,16.130310260001508],[-61.7568441021871,16.129083269097322],[-61.75817367637889,16.128987856057744]]]]}},{"type":"Feature","properties":{"feature_id":"AEP_EAUBRUTE__P1","layer_key":"eau_aep","layer_label":"Eau AEP","economic_unit_id":"AEP_EAUBRUTE__P1","economic_state":"S0","economic_exposure_eur":999957.0,"economic_damage_eur":21846.0,"economic_damage_ratio_pct":2.185,"economic_asset_count":3,"criticality_territory":"guadeloupe","criticality_family":"aep","criticality_scenario":"rp1000","criticality_period_years":"1000","criticality_hazard":"storm_cmcc"},"geometry":{"type":"Polygon","coordinates":[[[-61.686084871756606,16.046215394838566],[-61.685845686598384,16.046615749293593],[-61.68368060949286,16.04727405165704],[-61.68013291331076,16.049042951773934],[-61.67920897685467,16.050351952406867],[-61.67855696938983,16.05036856995942],[-61.67837174744059,16.047315246903526],[-61.681746948652695,16.046271721188948],[-61.683491303383775,16.04627881751215],[-61.685138937196264,16.045811470055174],[-61.6851940687407,16.04488997840964],[-61.685972272354874,16.044642498960663],[-61.686908868419074,16.045238380829602],[-61.687132727033095,16.04621539465203],[-61.686084871756606,16.046215394838566]]]}},{"type":"Feature","properties":{"feature_id":"AEP_EAUBRUTE__P10","layer_key":"eau_aep","layer_label":"Eau AEP","economic_unit_id":"AEP_EAUBRUTE__P10","economic_state":"S0","economic_exposure_eur":719307.0,"economic_damage_eur":15685.0,"economic_damage_ratio_pct":2.181,"economic_asset_count":2,"criticality_territory":"guadeloupe","criticality_family":"aep","criticality_scenario":"rp1000","criticality_period_years":"1000","criticality_hazard":"storm_cmcc"},"geometry":{"type":"Polygon","coordinates":[[[-61.71572465806312,16.00611541678508],[-61.715120998550404,16.0067620889228],[-61.7143144549657,16.00700035060046],[-61.713440247389016,16.006790256628747],[-61.71250758788733,16.005571037430094],[-61.71258969923669,16.00434577757489],[-61.711240364317064,16.002886743184895],[-61.712039580368405,15.99811200969659],[-61.71244631059503,15.99745190917061],[-61.71312671397692,15.997055204314943],[-61.71437222266622,15.997170816347149],[-61.71516842026849,15.998104438156002],[-61.714852946930634,16.001552491001924],[-61.7157916346676,16.002562351450944],[-61.71611009369845,16.00447567281343],[-61.71572465806312,16.00611541678508]],[[-61.712459785089344,16.00391605262541],[-61.71263900209336,16.003916052604737],[-61.71263900242,16.00371539939678],[-61.712459785089344,16.00391605262541]]]}},{"type":"Feature","properties":{"feature_id":"AEP_EAUBRUTE__P11","layer_key":"eau_aep","layer_label":"Eau AEP","economic_unit_id":"AEP_EAUBRUTE__P11","economic_state":"S0","economic_exposure_eur":1986755.0,"economic_damage_eur":43358.0,"economic_damage_ratio_pct":2.182,"economic_asset_count":5,"criticality_territory":"guadeloupe","criticality_family":"aep","criticality_scenario":"rp1000","criticality_period_years":"1000","criticality_hazard":"storm_cmcc"},"geometry":{"type":"Polygon","coordinates":[[[-61.67829312088745,16.007882061912905],[-61.67809122245849,16.009524648268457],[-61.67474476705456,16.009768928701774],[-61.67473921262254,16.012031111654775],[-61.6728408969746,16.012024647606886],[-61.67263899521737,16.01121241604107],[-61.66957951576181,16.013872452043792],[-61.66795559557264,16.016788129547294],[-61.666968452738985,16.020312934440398],[-61.666275328560815,16.02043671783306],[-61.665034800085564,16.019496167705626],[-61.66306902223441,16.018912439274935],[-61.663008413130065,16.01810698306114],[-61.66648601774197,16.013745308978464],[-61.6708547969532,16.01078774576516],[-61.67105684633398,16.010382060920215],[-61.66937990354838,16.010266405873097],[-61.66940146007958,16.009008709412953],[-61.671394334110026,16.00892967828503],[-61.67162645643196,16.009725476713275],[-61.67430566678155,16.008075523593867],[-61.671978551803036,16.00784470805091],[-61.67180566877057,16.007048727836555],[-61.67131686086383,16.00704872742598],[-61.67180810817489,16.006688785906253],[-61.674258717219914,16.005582723820176],[-61.676394332693,16.005596344305292],[-61.6768056691666,16.006416056857322],[-61.6768442899468,16.00491660558201],[-61.677664708271465,16.004816639686],[-61.678279131299576,16.00497427667759],[-61.67829311714362,16.005582723327194],[-61.678472921023506,16.005054242851497],[-61.679844327223186,16.006251045622868],[-61.68026573070796,16.00788206205604],[-61.67829312088745,16.007882061912905]]]}},{"type":"Feature","properties":{"feature_id":"AEP_EAUBRUTE__P12","layer_key":"eau_aep","layer_label":"Eau AEP","economic_unit_id":"AEP_EAUBRUTE__P12","economic_state":"S0","economic_exposure_eur":4685439.0,"economic_damage_eur":102337.0,"economic_damage_ratio_pct":2.184,"economic_asset_count":22,"criticality_territory":"guadeloupe","criticality_family":"aep","criticality_scenario":"rp1000","criticality_period_years":"1000","criticality_hazard":"storm_cmcc"},"geometry":{"type":"Polygon","coordinates":[[[-61.73495986750777,16.052882067008404],[-61.734959870558264,16.05474938464331],[-61.735938806615636,16.054749384543822],[-61.73368495440178,16.057882066505616],[-61.73275851906967,16.057810259809564],[-61.732638912990794,16.05704873327547],[-61.73184420896657,16.05688151365504],[-61.73180558107299,16.056244928310463],[-61.73093031580887,16.05776119130612],[-61.728585547363146,16.059939146248315],[-61.72497603683014,16.065141272298526],[-61.7240309937229,16.06697057939703],[-61.72380958880095,16.068864956796013],[-61.72054848768827,16.07273806553779],[-61.720217862807814,16.073609563108707],[-61.72053250123686,16.0745564605675],[-61.72301885936303,16.07563017409798],[-61.72276051042698,16.077840387457734],[-61.723880370350024,16.080472170931174],[-61.723591889929345,16.08102398232815],[-61.72289699881927,16.081139399853434],[-61.71931681256807,16.077666216271364],[-61.71846874501589,16.077468366402982],[-61.717397898423535,16.075069937619446],[-61.71525512560094,16.0717435918904],[-61.71457614288859,16.07143968500201],[-61.714490855403255,16.0707629958762],[-61.71940162800639,16.067622793079263],[-61.724402666821845,16.061821133602557],[-61.7247864880788,16.06076401305947],[-61.72531360840434,16.060436455071237],[-61.72657915589328,16.055842920319378],[-61.72859960936641,16.055382066113054],[-61.727811845221666,16.055344712393616],[-61.72763891768351,16.05454873278868],[-61.72687984226949,16.054433075813453],[-61.72680585372309,16.0533937948622],[-61.72867195659696,16.053792256108203],[-61.72902776539375,16.053172785452148],[-61.72910766122151,16.055170497147763],[-61.73263499482194,16.053270510008034],[-61.733472251737766,16.053672068490236],[-61.733472253030314,16.052882066839757],[-61.73264049549212,16.052596731915493],[-61.732638922884114,16.05098076937735],[-61.7332906196223,16.050996861071532],[-61.734628787054355,16.05148839814027],[-61.73561604721929,16.052485156076692],[-61.73603426929853,16.054168510066674],[-61.735984940816905,16.054548733730915],[-61.7354660594873,16.05454873329122],[-61.73495986750777,16.052882067008404]],[[-61.732350073910716,16.055301663365615],[-61.73218783782189,16.055582718025175],[-61.73263891538613,16.05558271826049],[-61.73263891616602,16.05508832798475],[-61.732350073910716,16.055301663365615]],[[-61.733101992796605,16.05474938468865],[-61.73347224997982,16.05474938481195],[-61.73347225041891,16.054478377517334],[-61.733101992796605,16.05474938468865]]]}},{"type":"Feature","properties":{"feature_id":"AEP_EAUBRUTE__P13","layer_key":"eau_aep","layer_label":"Eau AEP","economic_unit_id":"AEP_EAUBRUTE__P13","economic_state":"S0","economic_exposure_eur":848876.0,"economic_damage_eur":18554.0,"economic_damage_ratio_pct":2.186,"economic_asset_count":2,"criticality_territory":"guadeloupe","criticality_family":"aep","criticality_scenario":"rp1000","criticality_period_years":"1000","criticality_hazard":"storm_cmcc"},"geometry":{"type":"Polygon","coordinates":[[[-61.750178257501595,16.09634799200216],[-61.74836984376098,16.097285532300194],[-61.74832991648439,16.09860686791967],[-61.74744691509863,16.099584203123392],[-61.747554061431494,16.100507078926984],[-61.74556919589403,16.103732073312447],[-61.744850213911135,16.10383749087198],[-61.7446896295055,16.10322617201885],[-61.746541585268915,16.10021223559508],[-61.746422370150476,16.099223240835403],[-61.747337782503855,16.09823062740994],[-61.74742973135182,16.09671017783638],[-61.749801606342984,16.095317201483525],[-61.7503004710494,16.095486458365695],[-61.750178257501595,16.09634799200216]]]}},{"type":"Feature","properties":{"feature_id":"AEP_EAUBRUTE__P14","layer_key":"eau_aep","layer_label":"Eau AEP","economic_unit_id":"AEP_EAUBRUTE__P14","economic_state":"S0","economic_exposure_eur":2853862.0,"economic_damage_eur":62353.0,"economic_damage_ratio_pct":2.185,"economic_asset_count":1,"criticality_territory":"guadeloupe","criticality_family":"aep","criticality_scenario":"rp1000","criticality_period_years":"1000","criticality_hazard":"storm_cmcc"},"geometry":{"type":"Polygon","coordinates":[[[-61.75847216410832,16.10538206792533],[-61.75802990040899,16.10704265555565],[-61.75695092613161,16.106995420412165],[-61.75680549627369,16.10621540104595],[-61.754335214042406,16.106029945152482],[-61.75273359555359,16.10666186649762],[-61.75127363813311,16.10782917745489],[-61.75041511981904,16.107823061189492],[-61.74835672853211,16.109231710622307],[-61.747145815953694,16.10906274961803],[-61.745663068680464,16.11059661220363],[-61.74425902060073,16.11049847150163],[-61.74333031056082,16.111262323161945],[-61.742576879686155,16.11098388403711],[-61.74271744388688,16.112914896189686],[-61.74042037276735,16.114986511088635],[-61.740371084439914,16.116519624417304],[-61.739262590659614,16.11711636166457],[-61.738995238777825,16.11826037825146],[-61.738162152013174,16.118571590037476],[-61.73651745609291,16.121521300364744],[-61.735410020515374,16.121474941901642],[-61.735292754232425,16.12074017895864],[-61.737216960006286,16.117203607428433],[-61.73810102174133,16.11607529786198],[-61.738976868924816,16.11565074050554],[-61.73896009072918,16.11392360198932],[-61.74116088099782,16.11244103036294],[-61.74097985593502,16.11161457850618],[-61.741556264450196,16.109019430404214],[-61.742242329897486,16.108900710643418],[-61.74310369879754,16.10952547249789],[-61.743742791109455,16.10857480249185],[-61.74516749670391,16.109043446203447],[-61.74656467988829,16.107592028714848],[-61.74796111443846,16.107789182761667],[-61.74973627946495,16.106414907537246],[-61.75077039295401,16.10641274948745],[-61.75183053625691,16.10523623746056],[-61.75513883357556,16.103916050263575],[-61.754311788581546,16.10346077342992],[-61.75430550340683,16.10204617435876],[-61.754671284266955,16.101968089822993],[-61.756533008223634,16.10224938334046],[-61.75836920823613,16.103590148180498],[-61.759004914081686,16.105280961602297],[-61.75854643953647,16.106933076904692],[-61.75847216410832,16.10538206792533]]]}},{"type":"Feature","properties":{"feature_id":"AEP_EAUBRUTE__P15","layer_key":"eau_aep","layer_label":"Eau AEP","economic_unit_id":"AEP_EAUBRUTE__P15","economic_state":"S0","economic_exposure_eur":653886.0,"economic_damage_eur":14325.0,"economic_damage_ratio_pct":2.191,"economic_asset_count":1,"criticality_territory":"guadeloupe","criticality_family":"aep","criticality_scenario":"rp1000","criticality_period_years":"1000","criticality_hazard":"storm_cmcc"},"geometry":{"type":"Polygon","coordinates":[[[-61.44612287476746,16.34046056679],[-61.44658915878813,16.340902150943474],[-61.44590066115389,16.342650823635697],[-61.4413870401069,16.347061700106405],[-61.44073390476699,16.347065483585443],[-61.44065820324432,16.346366379202397],[-61.44327159176385,16.343809157254753],[-61.44529411107718,16.34150275772943],[-61.44559991698851,16.340769908765285],[-61.44612287476746,16.34046056679]]]}},{"type":"Feature","properties":{"feature_id":"AEP_EAUBRUTE__P16","layer_key":"eau_aep","layer_label":"Eau AEP","economic_unit_id":"AEP_EAUBRUTE__P16","economic_state":"S0","economic_exposure_eur":428320.0,"economic_damage_eur":9355.0,"economic_damage_ratio_pct":2.184,"economic_asset_count":2,"criticality_territory":"guadeloupe","criticality_family":"aep","criticality_scenario":"rp1000","criticality_period_years":"1000","criticality_hazard":"storm_cmcc"},"geometry":{"type":"Polygon","coordinates":[[[-61.613098973774456,16.0230882687965],[-61.61260001778455,16.023599471294812],[-61.6120978651149,16.023260533005008],[-61.611319189202725,16.020005545362675],[-61.610437543090114,16.018560970478493],[-61.610626690389736,16.01803981253626],[-61.61134630996241,16.0181387646876],[-61.61226574467956,16.019602940108893],[-61.613098973774456,16.0230882687965]]]}},{"type":"Feature","properties":{"feature_id":"AEP_EAUBRUTE__P17","layer_key":"eau_aep","layer_label":"Eau AEP","economic_unit_id":"AEP_EAUBRUTE__P17","economic_state":"S0","economic_exposure_eur":5000.0,"economic_damage_eur":109.0,"economic_damage_ratio_pct":2.184,"economic_asset_count":1,"criticality_territory":"guadeloupe","criticality_family":"aep","criticality_scenario":"rp1000","criticality_period_years":"1000","criticality_hazard":"storm_cmcc"},"geometry":{"type":"Polygon","coordinates":[[[-61.58685219428244,16.076825936775602],[-61.58627325730528,16.077268123888725],[-61.58581438135245,16.07672284596491],[-61.58639331755605,16.076280660027034],[-61.58685219428244,16.076825936775602]]]}},{"type":"Feature","properties":{"feature_id":"AEP_EAUBRUTE__P18","layer_key":"eau_aep","layer_label":"Eau AEP","economic_unit_id":"AEP_EAUBRUTE__P18","economic_state":"S3","economic_exposure_eur":1763239.0,"economic_damage_eur":375835.0,"economic_damage_ratio_pct":21.315,"economic_asset_count":2,"criticality_territory":"guadeloupe","criticality_family":"aep","criticality_scenario":"rp1000","criticality_period_years":"1000","criticality_hazard":"storm_cmcc"},"geometry":{"type":"Polygon","coordinates":[[[-61.592758520469964,16.068154536806123],[-61.59511721313525,16.067482782394716],[-61.59722033852452,16.06603791736054],[-61.60001085245392,16.067008098159373],[-61.600297998457044,16.068033373474904],[-61.602183597258175,16.069906320655935],[-61.607072906871984,16.06988297390336],[-61.60772532194872,16.07063418423121],[-61.60983447576193,16.071346372592984],[-61.609916495701924,16.072145837131906],[-61.60798634499338,16.07296901429142],[-61.60534549957191,16.07149886728247],[-61.60387867620899,16.071277284142727],[-61.60309671604708,16.07177697115436],[-61.601509388396565,16.071869627952736],[-61.60086213051855,16.070649974785674],[-61.59887899693644,16.06898510463405],[-61.59626803074393,16.068478380954268],[-61.593621544399774,16.06967761006963],[-61.592933993755615,16.0695471925045],[-61.592758520469964,16.068154536806123]]]}},{"type":"Feature","properties":{"feature_id":"AEP_EAUBRUTE__P19","layer_key":"eau_aep","layer_label":"Eau AEP","economic_unit_id":"AEP_EAUBRUTE__P19","economic_state":"S0","economic_exposure_eur":304807.0,"economic_damage_eur":6674.0,"economic_damage_ratio_pct":2.189,"economic_asset_count":3,"criticality_territory":"guadeloupe","criticality_family":"aep","criticality_scenario":"rp1000","criticality_period_years":"1000","criticality_hazard":"storm_cmcc"},"geometry":{"type":"Polygon","coordinates":[[[-61.680921472009715,16.30199970345261],[-61.681156894665335,16.302627444035572],[-61.67977357883699,16.30514056406168],[-61.678723997379436,16.30569310118327],[-61.67842340083459,16.305052854209695],[-61.680225725673225,16.30220637637616],[-61.680921472009715,16.30199970345261]]]}},{"type":"Feature","properties":{"feature_id":"AEP_EAUBRUTE__P2","layer_key":"eau_aep","layer_label":"Eau AEP","economic_unit_id":"AEP_EAUBRUTE__P2","economic_state":"S0","economic_exposure_eur":885679.0,"economic_damage_eur":19366.0,"economic_damage_ratio_pct":2.187,"economic_asset_count":4,"criticality_territory":"guadeloupe","criticality_family":"aep","criticality_scenario":"rp1000","criticality_period_years":"1000","criticality_hazard":"storm_cmcc"},"geometry":{"type":"Polygon","coordinates":[[[-61.62540286724134,16.163834467351013],[-61.62497144642372,16.164330453019904],[-61.62530028123466,16.166426832171584],[-61.62442244744326,16.168073162548282],[-61.624126710116975,16.168142442186685],[-61.623894409554964,16.168701762023318],[-61.6227584126987,16.16864358016697],[-61.622677394807056,16.167416610215202],[-61.6236563374441,16.167209872787915],[-61.62423542374554,16.16616580572438],[-61.62400274180338,16.16390265347154],[-61.62497189079841,16.162875049101814],[-61.62689230285373,16.16270930728956],[-61.6266071917712,16.16145023717447],[-61.62684727498103,16.1609948376416],[-61.62737601603043,16.160984794416194],[-61.627860323413515,16.161621436069098],[-61.627755404761054,16.16328883704248],[-61.627085564899865,16.163824392145326],[-61.62540286724134,16.163834467351013]]]}},{"type":"Feature","properties":{"feature_id":"AEP_EAUBRUTE__P20","layer_key":"eau_aep","layer_label":"Eau AEP","economic_unit_id":"AEP_EAUBRUTE__P20","economic_state":"S0","economic_exposure_eur":1062343.0,"economic_damage_eur":23276.0,"economic_damage_ratio_pct":2.191,"economic_asset_count":2,"criticality_territory":"guadeloupe","criticality_family":"aep","criticality_scenario":"rp1000","criticality_period_years":"1000","criticality_hazard":"storm_cmcc"},"geometry":{"type":"MultiPolygon","coordinates":[[[[-61.70959632344831,16.3170465831515],[-61.70925958590658,16.315893019151222],[-61.70986189328059,16.314839891218327],[-61.70996029777475,16.315582727347625],[-61.71040215517339,16.314755471639145],[-61.71178481136234,16.314749393790844],[-61.712460297306876,16.315140951849266],[-61.71244619360079,16.315990883430104],[-61.71212741488704,16.316215388681172],[-61.71242723583305,16.316386741137112],[-61.72247950159992,16.312547664058034],[-61.723147490526635,16.312827090325484],[-61.72285813962777,16.313472168133607],[-61.7125695021942,16.31740150909497],[-61.711552611300405,16.316933068865538],[-61.70959632344831,16.3170465831515]]],[[[-61.711626969203856,16.318343211785134],[-61.71014835131276,16.317490244725164],[-61.7104021543619,16.317255471700594],[-61.711394482698594,16.317263014422565],[-61.711626969203856,16.318343211785134]]]]}},{"type":"Feature","properties":{"feature_id":"AEP_EAUBRUTE__P21","layer_key":"eau_aep","layer_label":"Eau AEP","economic_unit_id":"AEP_EAUBRUTE__P21","economic_state":"S0","economic_exposure_eur":714611.0,"economic_damage_eur":15648.0,"economic_damage_ratio_pct":2.19,"economic_asset_count":3,"criticality_territory":"guadeloupe","criticality_family":"aep","criticality_scenario":"rp1000","criticality_period_years":"1000","criticality_hazard":"storm_cmcc"},"geometry":{"type":"MultiPolygon","coordinates":[[[[-61.7475637538436,16.330013784536597],[-61.747258094238866,16.330357979101123],[-61.74662699324538,16.330382059175104],[-61.74654807785492,16.331503836834035],[-61.745585057108194,16.33089547212321],[-61.74528324124786,16.32974939024646],[-61.74597179481783,16.329749390280146],[-61.74602700619037,16.329056644619623],[-61.74656990256885,16.32891605682698],[-61.747827395126514,16.321795960598134],[-61.74841413504873,16.32137980093537],[-61.74884509706631,16.321946389255682],[-61.7475637538436,16.330013784536597]]],[[[-61.74847809152262,16.328337343513766],[-61.74900865277956,16.328082723148565],[-61.748681269962,16.33014707467863],[-61.74861738829778,16.330328746682383],[-61.74847809152262,16.328337343513766]]]]}},{"type":"Feature","properties":{"feature_id":"AEP_EAUBRUTE__P22","layer_key":"eau_aep","layer_label":"Eau AEP","economic_unit_id":"AEP_EAUBRUTE__P22","economic_state":"S3","economic_exposure_eur":1403815.0,"economic_damage_eur":299224.0,"economic_damage_ratio_pct":21.315,"economic_asset_count":10,"criticality_territory":"guadeloupe","criticality_family":"aep","criticality_scenario":"rp1000","criticality_period_years":"1000","criticality_hazard":"storm_cmcc"},"geometry":{"type":"Polygon","coordinates":[[[-61.72853232886891,16.292121425090617],[-61.72801075393125,16.292203519533874],[-61.72522467743572,16.294549099267204],[-61.72510720237537,16.294749391765766],[-61.726355271543156,16.29475432028307],[-61.725710995205304,16.295934067673087],[-61.72500823206129,16.296343207876564],[-61.72352705136205,16.29657921328574],[-61.722665958999045,16.297691902154614],[-61.722693720176686,16.296556645689613],[-61.723471852996944,16.29641605864985],[-61.723546202331065,16.29569837797202],[-61.72430518761332,16.295582725200546],[-61.7243051880002,16.295348992345268],[-61.72394720664513,16.295419177604646],[-61.72246026706663,16.29625237594057],[-61.72228712920824,16.297011371380137],[-61.72013492618765,16.29741878172762],[-61.718716210168054,16.297034392013277],[-61.71800772712926,16.29472370136611],[-61.71748390769827,16.294220659523322],[-61.71768730423383,16.29366195053047],[-61.71841132019574,16.293518844295296],[-61.71881265682534,16.29388733078379],[-61.72022610295815,16.294198494735117],[-61.72046970685376,16.295140504434766],[-61.72109476581227,16.29438972194433],[-61.722554630743865,16.294711087478056],[-61.72329102912341,16.294511023360844],[-61.72517120533813,16.292739086731974],[-61.72558623663285,16.291975423451312],[-61.72694795347779,16.291245831343275],[-61.72837464223098,16.290949462494897],[-61.72904697603786,16.29039577285624],[-61.729737951696684,16.29041597025857],[-61.72978486875021,16.291082089176083],[-61.72853232886891,16.292121425090617]]]}},{"type":"Feature","properties":{"feature_id":"AEP_EAUBRUTE__P23","layer_key":"eau_aep","layer_label":"Eau AEP","economic_unit_id":"AEP_EAUBRUTE__P23","economic_state":"S0","economic_exposure_eur":1672664.0,"economic_damage_eur":36646.0,"economic_damage_ratio_pct":2.191,"economic_asset_count":6,"criticality_territory":"guadeloupe","criticality_family":"aep","criticality_scenario":"rp1000","criticality_period_years":"1000","criticality_hazard":"storm_cmcc"},"geometry":{"type":"MultiPolygon","coordinates":[[[[-61.6966205835771,16.263337344475776],[-61.696530960218055,16.26445607046309],[-61.69486806037927,16.264548722047383],[-61.69572981236538,16.263082727641653],[-61.6966205835771,16.263337344475776]]],[[[-61.707104344553855,16.262742711269098],[-61.70607370849517,16.26318617395712],[-61.70472899800162,16.26278271526827],[-61.703293543098575,16.26305820951881],[-61.70314800084244,16.263662077615813],[-61.70162687818691,16.264251452174204],[-61.70157168856291,16.26524146843336],[-61.70079354666053,16.26538205610161],[-61.7006204379328,16.267011370070563],[-61.69684390790623,16.26688150805017],[-61.696924973862565,16.2639878639538],[-61.69847191002384,16.263916060713036],[-61.698735505565146,16.263088805029355],[-61.70073297099642,16.263082727061875],[-61.70253618891079,16.261656058041297],[-61.70512879413508,16.26138258270771],[-61.70506954580243,16.259576136042245],[-61.7065541397212,16.25798363529281],[-61.709883527660864,16.257460559223762],[-61.710119040200254,16.258457471422414],[-61.70736911826135,16.259237792681002],[-61.70648611993926,16.26015527411609],[-61.706436407573854,16.260648352409603],[-61.707431088116934,16.261981326787915],[-61.707104344553855,16.262742711269098]]],[[[-61.70079353975258,16.26121538957256],[-61.70059138219377,16.262024642966317],[-61.69933017451396,16.26185344550544],[-61.69930524781188,16.261164944012332],[-61.70026827913326,16.260392497777513],[-61.70246020353169,16.259364966708556],[-61.702421536814015,16.26021484186795],[-61.701626871801345,16.26038205636348],[-61.70161277165803,16.26099088375296],[-61.70079353975258,16.26121538957256]]],[[[-61.7052129113859,16.26403171218457],[-61.70650714739255,16.263987863066642],[-61.70655254451429,16.265266402994982],[-61.70534073599927,16.265357976695828],[-61.7052129113859,16.26403171218457]]]]}},{"type":"Feature","properties":{"feature_id":"AEP_EAUBRUTE__P24","layer_key":"eau_aep","layer_label":"Eau AEP","economic_unit_id":"AEP_EAUBRUTE__P24","economic_state":"S3","economic_exposure_eur":52019.0,"economic_damage_eur":11088.0,"economic_damage_ratio_pct":21.315,"economic_asset_count":1,"criticality_territory":"guadeloupe","criticality_family":"aep","criticality_scenario":"rp1000","criticality_period_years":"1000","criticality_hazard":"storm_cmcc"},"geometry":{"type":"Polygon","coordinates":[[[-61.632353543342425,16.007941285652844],[-61.631808566831516,16.00810631884844],[-61.63112876892737,16.007446436335147],[-61.631060419551766,16.0070265414689],[-61.63169834493022,16.006689649980103],[-61.63240445580982,16.00739114761854],[-61.632353543342425,16.007941285652844]]]}},{"type":"Feature","properties":{"feature_id":"AEP_EAUBRUTE__P25","layer_key":"eau_aep","layer_label":"Eau AEP","economic_unit_id":"AEP_EAUBRUTE__P25","economic_state":"S3","economic_exposure_eur":921237.0,"economic_damage_eur":196362.0,"economic_damage_ratio_pct":21.315,"economic_asset_count":8,"criticality_territory":"guadeloupe","criticality_family":"aep","criticality_scenario":"rp1000","criticality_period_years":"1000","criticality_hazard":"storm_cmcc"},"geometry":{"type":"Polygon","coordinates":[[[-61.645965199935326,15.983715392160171],[-61.64607172455836,15.98466402949577],[-61.6471891946831,15.985976816532457],[-61.647514725878324,15.98724599066071],[-61.64734859474261,15.987659492975887],[-61.64681924357587,15.987933805952578],[-61.6463728049435,15.987751732226682],[-61.64613356858848,15.986394291158927],[-61.645054125025766,15.9851194852465],[-61.64466722849217,15.983715391678741],[-61.64431979176676,15.98349088513369],[-61.644305711615885,15.982882058649553],[-61.64405218135473,15.983599737908094],[-61.64353866607725,15.983715391824715],[-61.64374131898496,15.981888873279479],[-61.644394712752344,15.981040879124627],[-61.64562199826605,15.98080432873293],[-61.646662751968215,15.981476552950346],[-61.6470585199768,15.983715392035867],[-61.645965199935326,15.983715392160171]]]}},{"type":"Feature","properties":{"feature_id":"AEP_EAUBRUTE__P26","layer_key":"eau_aep","layer_label":"Eau AEP","economic_unit_id":"AEP_EAUBRUTE__P26","economic_state":"S0","economic_exposure_eur":98917.0,"economic_damage_eur":2158.0,"economic_damage_ratio_pct":2.182,"economic_asset_count":3,"criticality_territory":"guadeloupe","criticality_family":"aep","criticality_scenario":"rp1000","criticality_period_years":"1000","criticality_hazard":"storm_cmcc"},"geometry":{"type":"Polygon","coordinates":[[[-61.62583078932269,15.999372791224474],[-61.62518711452977,15.999272001536733],[-61.62479502943567,15.998253355558207],[-61.624925736927324,15.997536866640306],[-61.625650835786374,15.997584740410474],[-61.62605856242959,15.998781821476115],[-61.62583078932269,15.999372791224474]]]}},{"type":"Feature","properties":{"feature_id":"AEP_EAUBRUTE__P27","layer_key":"eau_aep","layer_label":"Eau AEP","economic_unit_id":"AEP_EAUBRUTE__P27","economic_state":"S0","economic_exposure_eur":397904.0,"economic_damage_eur":8687.0,"economic_damage_ratio_pct":2.183,"economic_asset_count":6,"criticality_territory":"guadeloupe","criticality_family":"aep","criticality_scenario":"rp1000","criticality_period_years":"1000","criticality_hazard":"storm_cmcc"},"geometry":{"type":"MultiPolygon","coordinates":[[[[-61.64162014225123,15.993337345320413],[-61.64158781212778,15.994381509806633],[-61.64049748504226,15.994548724146817],[-61.64067639223601,15.993677461448891],[-61.64129939319848,15.993082727077025],[-61.64162014225123,15.993337345320413]]],[[[-61.643475905432226,15.995488641407167],[-61.643448994408146,15.997516356708342],[-61.64317037391187,15.99882083292533],[-61.642797772642126,15.999120416977048],[-61.642192728662266,15.998709857940959],[-61.64106033494843,15.998614408404942],[-61.64127751805178,15.997250433343032],[-61.64229977890278,15.99729421685377],[-61.642381357702696,15.99621539126827],[-61.64119302338839,15.99619781146501],[-61.64097393368033,15.995034719465966],[-61.64120446124339,15.994763014771763],[-61.64181579773839,15.99474939410262],[-61.641612644526376,15.994446577927363],[-61.64208729300807,15.993914210336895],[-61.643475905432226,15.995488641407167]]]]}},{"type":"Feature","properties":{"feature_id":"AEP_EAUBRUTE__P28","layer_key":"eau_aep","layer_label":"Eau AEP","economic_unit_id":"AEP_EAUBRUTE__P28","economic_state":"S3","economic_exposure_eur":5254031.0,"economic_damage_eur":1119898.0,"economic_damage_ratio_pct":21.315,"economic_asset_count":33,"criticality_territory":"guadeloupe","criticality_family":"aep","criticality_scenario":"rp1000","criticality_period_years":"1000","criticality_hazard":"storm_cmcc"},"geometry":{"type":"MultiPolygon","coordinates":[[[[-61.4357935209164,16.27038202203406],[-61.43562042569631,16.271178006712557],[-61.434668064034355,16.271215354857937],[-61.438639880644395,16.278696142389116],[-61.44179028133522,16.278916093888252],[-61.44165758623158,16.280749609077997],[-61.440600073661116,16.282048688819813],[-61.44017725028437,16.281881492303555],[-61.440138583216765,16.28121535561955],[-61.43937958398875,16.281099714314042],[-61.43930525139048,16.28038202219731],[-61.43798493504655,16.280382021657772],[-61.43731937009633,16.280976665508547],[-61.43673336467933,16.280728001093212],[-61.436490959997556,16.279849289943368],[-61.43516351570345,16.27852009897118],[-61.435138591260106,16.27680131625528],[-61.43116715904444,16.266215354683645],[-61.43025832788753,16.26614355800264],[-61.43013861097597,16.26538202140564],[-61.42912684501659,16.26538202126366],[-61.42888334980265,16.267037753365816],[-61.4280912608599,16.26495093903008],[-61.42718268205453,16.261818952960102],[-61.42708052358593,16.258920499585866],[-61.42763862206962,16.258916095367212],[-61.42763862792693,16.255382021381283],[-61.42738583859959,16.256099713857267],[-61.426876458817034,16.256215354538323],[-61.426628163217245,16.25391609538631],[-61.42692500911451,16.253154557248532],[-61.427638631736905,16.25308276188979],[-61.427663558092505,16.25161134953256],[-61.428471967707075,16.251416095064894],[-61.428472438075474,16.250056518772023],[-61.42893681470831,16.249869654848286],[-61.43129126110528,16.250055327337712],[-61.432820221738375,16.251794868511634],[-61.43305335124045,16.255382021903483],[-61.43195081505949,16.255328715626675],[-61.43180529535251,16.254548688659884],[-61.43150711684338,16.25531022512205],[-61.43079349534108,16.255382021824154],[-61.43103401610656,16.259730050102927],[-61.4317448654592,16.263082761577476],[-61.43306111368433,16.26309638044753],[-61.43329350984038,16.26391609469763],[-61.434358621668665,16.263916094519356],[-61.4369115080388,16.270382022118795],[-61.4357935209164,16.27038202203406]],[[-61.42912683810785,16.261215354733114],[-61.42912683844065,16.261416095219968],[-61.42930528434296,16.26141609519492],[-61.42912683810785,16.261215354733114]],[[-61.43513860298721,16.269749427917045],[-61.43513860746688,16.26704868871813],[-61.4347870897028,16.267844673374245],[-61.43338681826776,16.267882021797895],[-61.43430526890367,16.270271505298187],[-61.43513860298721,16.269749427917045]]],[[[-61.42746015463278,16.251215354825575],[-61.42731463752037,16.251995381870433],[-61.426662349704216,16.252048688031547],[-61.42829348630242,16.250153997160503],[-61.42827938882605,16.250990873709068],[-61.42746015463278,16.251215354825575]]],[[[-61.437385861044866,16.27276638104197],[-61.4360916536456,16.272810225125937],[-61.436046263686464,16.271531734106865],[-61.437258041616225,16.271440170405327],[-61.437385861044866,16.27276638104197]]],[[[-61.439305257924026,16.276444841306162],[-61.44034007459073,16.277048688936322],[-61.4396327273231,16.27704868862705],[-61.439305257924026,16.276444841306162]]]]}},{"type":"Feature","properties":{"feature_id":"AEP_EAUBRUTE__P29","layer_key":"eau_aep","layer_label":"Eau AEP","economic_unit_id":"AEP_EAUBRUTE__P29","economic_state":"S3","economic_exposure_eur":1993240.0,"economic_damage_eur":424860.0,"economic_damage_ratio_pct":21.315,"economic_asset_count":7,"criticality_territory":"guadeloupe","criticality_family":"aep","criticality_scenario":"rp1000","criticality_period_years":"1000","criticality_hazard":"storm_cmcc"},"geometry":{"type":"Polygon","coordinates":[[[-61.77126593448029,16.18583827482962],[-61.76681867290494,16.183600049930106],[-61.76405307520907,16.18291988566711],[-61.75903495511138,16.183027077305688],[-61.7585155420352,16.182666028435353],[-61.75847484477537,16.182048981830626],[-61.7596967646274,16.18139843207593],[-61.760591686991866,16.181630029152856],[-61.76284610072106,16.181052369466347],[-61.768725486000776,16.182477045132238],[-61.77513869512175,16.1866716383253],[-61.77534078398477,16.185606796221727],[-61.77794153760364,16.18558271610932],[-61.7782934248152,16.18641604976795],[-61.77907158730748,16.18655664080798],[-61.77912675961356,16.18724938303112],[-61.78062037905354,16.187286735518114],[-61.78079342783598,16.18808271620347],[-61.781275771389964,16.188235528746365],[-61.781406902443585,16.189693571753917],[-61.7805979974766,16.192354200471843],[-61.77915919867379,16.19369937112099],[-61.7784720160795,16.193950065044366],[-61.777784178864856,16.193662086554994],[-61.777638684607155,16.192882067156912],[-61.776950846351035,16.19282875316936],[-61.77680535274619,16.19204873375995],[-61.77599693954714,16.19185344987793],[-61.77604160294267,16.189871202078148],[-61.77126593448029,16.18583827482962]],[[-61.775840431196336,16.187048733833905],[-61.77597202764219,16.1871194500845],[-61.7759720277571,16.187048733833763],[-61.775840431196336,16.187048733833905]]]}},{"type":"Feature","properties":{"feature_id":"AEP_EAUBRUTE__P3","layer_key":"eau_aep","layer_label":"Eau AEP","economic_unit_id":"AEP_EAUBRUTE__P3","economic_state":"S0","economic_exposure_eur":1565239.0,"economic_damage_eur":34238.0,"economic_damage_ratio_pct":2.187,"economic_asset_count":1,"criticality_territory":"guadeloupe","criticality_family":"aep","criticality_scenario":"rp1000","criticality_period_years":"1000","criticality_hazard":"storm_cmcc"},"geometry":{"type":"MultiPolygon","coordinates":[[[[-61.66407155322825,16.16940813457455],[-61.66329338386293,16.1695487215056],[-61.663238220953794,16.170241467835847],[-61.66273434802855,16.170382054683085],[-61.66332938138331,16.1688319998369],[-61.66412671482234,16.16804605123467],[-61.66407155322825,16.16940813457455]]],[[[-61.67007176451946,16.169429309529725],[-61.669817438473146,16.164934078050695],[-61.67224784361304,16.160009005725694],[-61.67224883542536,16.15833425939349],[-61.673244520702944,16.15798848414532],[-61.67366544820734,16.158535466884256],[-61.67372978108127,16.16033404789695],[-61.67128453034856,16.16528772451111],[-61.671557668750815,16.170046407747314],[-61.66914015584438,16.171952958811918],[-61.666626720659075,16.171408892742832],[-61.66636325281925,16.17204264309487],[-61.664330316004346,16.171853445285272],[-61.66434405185263,16.170749941196142],[-61.66532187755196,16.170582728799374],[-61.66551751955279,16.16986333641815],[-61.66849379968025,16.170386911523504],[-61.67007176451946,16.169429309529725]]]]}},{"type":"Feature","properties":{"feature_id":"AEP_EAUBRUTE__P30","layer_key":"eau_aep","layer_label":"Eau AEP","economic_unit_id":"AEP_EAUBRUTE__P30","economic_state":"S0","economic_exposure_eur":999556.0,"economic_damage_eur":21880.0,"economic_damage_ratio_pct":2.189,"economic_asset_count":2,"criticality_territory":"guadeloupe","criticality_family":"aep","criticality_scenario":"rp1000","criticality_period_years":"1000","criticality_hazard":"storm_cmcc"},"geometry":{"type":"Polygon","coordinates":[[[-61.788735502628896,16.261209320519697],[-61.78847190418855,16.260889871032685],[-61.78380460003444,16.2612796570439],[-61.78220927566134,16.26270100943118],[-61.77888681583831,16.26226741141072],[-61.778372911618014,16.262482814744974],[-61.77795549712445,16.262105292684343],[-61.77853771317216,16.261251773400982],[-61.7819396422544,16.261683589957237],[-61.78342196560651,16.26032579981889],[-61.788471905839295,16.25990507610558],[-61.78847190774099,16.258764638271465],[-61.789224685687664,16.258695795764524],[-61.79034008122491,16.258966708814945],[-61.79098111906247,16.259644487943994],[-61.791047565584236,16.260853056618167],[-61.7908566636893,16.261215399684353],[-61.788735502628896,16.261209320519697]]]}},{"type":"Feature","properties":{"feature_id":"AEP_EAUBRUTE__P31","layer_key":"eau_aep","layer_label":"Eau AEP","economic_unit_id":"AEP_EAUBRUTE__P31","economic_state":"S3","economic_exposure_eur":129583.0,"economic_damage_eur":27621.0,"economic_damage_ratio_pct":21.315,"economic_asset_count":3,"criticality_territory":"guadeloupe","criticality_family":"aep","criticality_scenario":"rp1000","criticality_period_years":"1000","criticality_hazard":"storm_cmcc"},"geometry":{"type":"Polygon","coordinates":[[[-61.745187898354516,16.22846678623818],[-61.743734076969396,16.228443031525224],[-61.74335813948399,16.227975228533065],[-61.74362005282559,16.227531138200256],[-61.74455361685565,16.22731882031129],[-61.74548604786784,16.22745099044435],[-61.7457717082738,16.227918553642642],[-61.745187898354516,16.22846678623818]]]}},{"type":"Feature","properties":{"feature_id":"AEP_EAUBRUTE__P32","layer_key":"eau_aep","layer_label":"Eau AEP","economic_unit_id":"AEP_EAUBRUTE__P32","economic_state":"S0","economic_exposure_eur":117744.0,"economic_damage_eur":2578.0,"economic_damage_ratio_pct":2.189,"economic_asset_count":2,"criticality_territory":"guadeloupe","criticality_family":"aep","criticality_scenario":"rp1000","criticality_period_years":"1000","criticality_hazard":"storm_cmcc"},"geometry":{"type":"Polygon","coordinates":[[[-61.75968400569829,16.23135257121623],[-61.75938351378102,16.23079263586921],[-61.76029624373883,16.229445525087097],[-61.76079656779713,16.229279388710008],[-61.76119321086061,16.229868778815028],[-61.76031107131144,16.23117707849092],[-61.75968400569829,16.23135257121623]]]}},{"type":"Feature","properties":{"feature_id":"AEP_EAUBRUTE__P33","layer_key":"eau_aep","layer_label":"Eau AEP","economic_unit_id":"AEP_EAUBRUTE__P33","economic_state":"S0","economic_exposure_eur":5000.0,"economic_damage_eur":109.0,"economic_damage_ratio_pct":2.188,"economic_asset_count":1,"criticality_territory":"guadeloupe","criticality_family":"aep","criticality_scenario":"rp1000","criticality_period_years":"1000","criticality_hazard":"storm_cmcc"},"geometry":{"type":"Polygon","coordinates":[[[-61.38614751537486,16.263365241426687],[-61.38595825497897,16.26264812105055],[-61.38665551803759,16.262447021444544],[-61.386866569726614,16.263120139987983],[-61.38614751537486,16.263365241426687]]]}},{"type":"Feature","properties":{"feature_id":"AEP_EAUBRUTE__P34","layer_key":"eau_aep","layer_label":"Eau AEP","economic_unit_id":"AEP_EAUBRUTE__P34","economic_state":"S3","economic_exposure_eur":189981.0,"economic_damage_eur":40495.0,"economic_damage_ratio_pct":21.315,"economic_asset_count":1,"criticality_territory":"guadeloupe","criticality_family":"aep","criticality_scenario":"rp1000","criticality_period_years":"1000","criticality_hazard":"storm_cmcc"},"geometry":{"type":"Polygon","coordinates":[[[-61.666555837981186,15.994381875012136],[-61.66611724867001,15.994795122640495],[-61.664726165564694,15.99446839192073],[-61.66444274222003,15.99408519386638],[-61.664617282146196,15.993645313088509],[-61.66569384986846,15.99298337467617],[-61.666203459133634,15.993232572921878],[-61.666555837981186,15.994381875012136]]]}},{"type":"Feature","properties":{"feature_id":"AEP_EAUBRUTE__P35","layer_key":"eau_aep","layer_label":"Eau AEP","economic_unit_id":"AEP_EAUBRUTE__P35","economic_state":"S0","economic_exposure_eur":2230388.0,"economic_damage_eur":48725.0,"economic_damage_ratio_pct":2.185,"economic_asset_count":5,"criticality_territory":"guadeloupe","criticality_family":"aep","criticality_scenario":"rp1000","criticality_period_years":"1000","criticality_hazard":"storm_cmcc"},"geometry":{"type":"Polygon","coordinates":[[[-61.689959826955686,16.03121539586044],[-61.68975790365726,16.032024648853508],[-61.68852690658022,16.03190731198783],[-61.688634470356824,16.033430097170356],[-61.688147373939934,16.03450080563993],[-61.685889131950546,16.03599230659039],[-61.685319321002986,16.037042361234278],[-61.68369158358934,16.037395824750984],[-61.681880532521056,16.038563078022158],[-61.68124315426935,16.037812615778744],[-61.68252330962959,16.035976220854813],[-61.68194227685223,16.033425508711804],[-61.680332073551796,16.033530084670247],[-61.679807444293964,16.032916772591307],[-61.67810519500802,16.03271450348523],[-61.677734705742225,16.031995410324566],[-61.67839944002259,16.031341417468255],[-61.67845299903102,16.030039173520713],[-61.67899105721076,16.02958006224574],[-61.682208602214324,16.031568709926443],[-61.68430562765765,16.03130786717898],[-61.68430563052473,16.029548728583205],[-61.68347229781341,16.029213554102427],[-61.686645981581194,16.028082722903328],[-61.68878952708521,16.028082722276974],[-61.68973884585577,16.028625120697956],[-61.69069544873855,16.030099339020353],[-61.6908307740876,16.03121539597502],[-61.689959826955686,16.03121539586044]]]}},{"type":"Feature","properties":{"feature_id":"AEP_EAUBRUTE__P36","layer_key":"eau_aep","layer_label":"Eau AEP","economic_unit_id":"AEP_EAUBRUTE__P36","economic_state":"S0","economic_exposure_eur":870196.0,"economic_damage_eur":19038.0,"economic_damage_ratio_pct":2.188,"economic_asset_count":2,"criticality_territory":"guadeloupe","criticality_family":"aep","criticality_scenario":"rp1000","criticality_period_years":"1000","criticality_hazard":"storm_cmcc"},"geometry":{"type":"Polygon","coordinates":[[[-61.329576863973216,16.280444655254257],[-61.32911160651095,16.280127097009036],[-61.32827323980476,16.27717950377808],[-61.32794164592752,16.27685845669395],[-61.32827527687325,16.27623379579635],[-61.32915176950144,16.276553916855804],[-61.32992613040717,16.279245910992216],[-61.33039080012927,16.279651227510538],[-61.33212978265723,16.284500536313235],[-61.331096689346126,16.286074245978536],[-61.33045631043361,16.285740325425873],[-61.33065011961481,16.285137649024307],[-61.33025396418286,16.282353222101865],[-61.329576863973216,16.280444655254257]]]}},{"type":"Feature","properties":{"feature_id":"AEP_EAUBRUTE__P4","layer_key":"eau_aep","layer_label":"Eau AEP","economic_unit_id":"AEP_EAUBRUTE__P4","economic_state":"S0","economic_exposure_eur":1278606.0,"economic_damage_eur":27941.0,"economic_damage_ratio_pct":2.185,"economic_asset_count":9,"criticality_territory":"guadeloupe","criticality_family":"aep","criticality_scenario":"rp1000","criticality_period_years":"1000","criticality_hazard":"storm_cmcc"},"geometry":{"type":"Polygon","coordinates":[[[-61.6928555941117,16.047126237736393],[-61.693953599662315,16.047286741154323],[-61.694126521169466,16.04779858949142],[-61.69447852089882,16.047286741115034],[-61.69513893361468,16.047249389040324],[-61.69531960107544,16.046449864821067],[-61.69662030680951,16.046671152543635],[-61.696620236832,16.048460772759853],[-61.69621368863313,16.048715395783944],[-61.69642417195155,16.05076642428642],[-61.69556102257083,16.051201773955068],[-61.694600661703575,16.051213872055747],[-61.69431968041873,16.05099088603325],[-61.694305595269554,16.05038206241012],[-61.69406906813883,16.05107783917122],[-61.692903844980464,16.05006340263099],[-61.691805595623876,16.050355819042828],[-61.6920075400194,16.049773468538078],[-61.69347226307366,16.049749389297048],[-61.69347226340137,16.049548729006535],[-61.69210760863115,16.04911616166239],[-61.69151373836798,16.049236029671366],[-61.68923078557122,16.05071212500037],[-61.688754667396644,16.05062454383278],[-61.688563403765755,16.05024181513516],[-61.691390497137505,16.047075592158162],[-61.69148300131423,16.04621539544112],[-61.690354871638036,16.046196158175135],[-61.6907341717172,16.04513857520008],[-61.69157698626189,16.044622621904264],[-61.692674363358826,16.044717520326056],[-61.69328410649727,16.04513821544135],[-61.69245985036672,16.0453820623575],[-61.6928555941117,16.047126237736393]]]}},{"type":"Feature","properties":{"feature_id":"AEP_EAUBRUTE__P5","layer_key":"eau_aep","layer_label":"Eau AEP","economic_unit_id":"AEP_EAUBRUTE__P5","economic_state":"S3","economic_exposure_eur":1726750.0,"economic_damage_eur":368057.0,"economic_damage_ratio_pct":21.315,"economic_asset_count":3,"criticality_territory":"guadeloupe","criticality_family":"aep","criticality_scenario":"rp1000","criticality_period_years":"1000","criticality_hazard":"storm_cmcc"},"geometry":{"type":"MultiPolygon","coordinates":[[[[-61.66075476253909,16.189381507472717],[-61.65968147525175,16.189548720116548],[-61.65880690182724,16.19879863196491],[-61.65704305533154,16.202808944406204],[-61.65551680937496,16.203920261627967],[-61.655754785055564,16.205214840243986],[-61.654960108622916,16.205382052662163],[-61.65655246343476,16.20569838160926],[-61.656301683246326,16.206946793559666],[-61.654435192020756,16.208520776568584],[-61.65165005505149,16.208886511827803],[-61.65040341632226,16.208623195872065],[-61.64881223714697,16.20702659379293],[-61.64872471206863,16.205019266808037],[-61.65145611194973,16.201603217467312],[-61.654026770108565,16.200230498827867],[-61.65504294989284,16.197921766172037],[-61.65615929419465,16.188168578916564],[-61.65746007831559,16.1868434760894],[-61.65746009002483,16.193932400167252],[-61.658224918981375,16.189251438819397],[-61.6589371475475,16.18873338454945],[-61.65930537203553,16.189084182147724],[-61.65947841411602,16.188120081114004],[-61.66056108566016,16.188096350399995],[-61.66075476253909,16.189381507472717]],[[-61.65412676693454,16.200382052726294],[-61.65405245770423,16.201099733837818],[-61.65329343520755,16.20141606449851],[-61.65411576815814,16.201652508394414],[-61.65412676693454,16.200382052726294]]],[[[-61.6585106719133,16.20324994183721],[-61.6593053489486,16.203082730484347],[-61.659360523155335,16.202389982001524],[-61.6598466219003,16.20224939698734],[-61.658617510591576,16.204495408225377],[-61.6585106719133,16.20324994183721]]]]}},{"type":"Feature","properties":{"feature_id":"AEP_EAUBRUTE__P6","layer_key":"eau_aep","layer_label":"Eau AEP","economic_unit_id":"AEP_EAUBRUTE__P6","economic_state":"S0","economic_exposure_eur":2359180.0,"economic_damage_eur":51558.0,"economic_damage_ratio_pct":2.185,"economic_asset_count":1,"criticality_territory":"guadeloupe","criticality_family":"aep","criticality_scenario":"rp1000","criticality_period_years":"1000","criticality_hazard":"storm_cmcc"},"geometry":{"type":"MultiPolygon","coordinates":[[[[-61.714959842423525,16.038916053201966],[-61.7155689481336,16.038360160781195],[-61.7166263352761,16.038356356844893],[-61.71663027129861,16.039378913491877],[-61.69662140411259,16.05887017640558],[-61.69556391602788,16.058873873612328],[-61.695560095002435,16.057851326257257],[-61.71357895388903,16.04029893597405],[-61.71347227724519,16.039548731655906],[-61.712663844438765,16.039353449450545],[-61.712713197813294,16.038198375071975],[-61.71472768259475,16.03809634077962],[-61.714959842423525,16.038916053201966]]],[[[-61.71766384763819,16.036853449708406],[-61.71763894872546,16.036285925156225],[-61.71854113415479,16.03704873228078],[-61.71766384763819,16.036853449708406]]]]}},{"type":"Feature","properties":{"feature_id":"AEP_EAUBRUTE__P7","layer_key":"eau_aep","layer_label":"Eau AEP","economic_unit_id":"AEP_EAUBRUTE__P7","economic_state":"S0","economic_exposure_eur":4563853.0,"economic_damage_eur":99876.0,"economic_damage_ratio_pct":2.188,"economic_asset_count":3,"criticality_territory":"guadeloupe","criticality_family":"aep","criticality_scenario":"rp1000","criticality_period_years":"1000","criticality_hazard":"storm_cmcc"},"geometry":{"type":"MultiPolygon","coordinates":[[[[-61.42682988567059,16.29018600934583],[-61.42669979327276,16.291269158692753],[-61.42551750740496,16.291483518501508],[-61.42413267882955,16.292739566916957],[-61.4250000328293,16.29404932932271],[-61.425971896401876,16.294617626910828],[-61.42597189790161,16.29371374472691],[-61.42671599726208,16.29417725923162],[-61.42862312251831,16.29655728379531],[-61.42888413252357,16.2970375661497],[-61.42642310684554,16.29704868633087],[-61.42662689870631,16.29793260529508],[-61.427385892240174,16.298198401869495],[-61.42746023379047,16.298916096381735],[-61.428219226734605,16.299031735140446],[-61.42829356862687,16.29974942961868],[-61.429052561229064,16.299865068411435],[-61.42912690437112,16.30113221506342],[-61.43071923128898,16.302365068298712],[-61.43083823042077,16.303082762691762],[-61.43155256578354,16.303198401569823],[-61.43191647150835,16.30468118795946],[-61.43069765188948,16.30612271199129],[-61.429771731479185,16.306564208534816],[-61.429317653948814,16.307766945459388],[-61.42927984730811,16.309813313929787],[-61.427918270655454,16.309998471434632],[-61.426284821556735,16.311202521556535],[-61.42835367471904,16.311449418781073],[-61.4309487818757,16.313523082325936],[-61.43171760850971,16.314629503572696],[-61.43223851159935,16.316198034474404],[-61.43162693015254,16.316416096230988],[-61.43233149373154,16.316481430753576],[-61.434158155782114,16.322048686791938],[-61.43354619885311,16.321933046221094],[-61.43347185104092,16.321215353379042],[-61.43195075430715,16.321162047122563],[-61.43162693675381,16.320382019814748],[-61.43159603386855,16.321865625696674],[-61.432214849784145,16.323617418329974],[-61.43184343038374,16.32440052703936],[-61.43082652133944,16.3241157918123],[-61.430137480634954,16.32204868621852],[-61.42940111896106,16.32195604476747],[-61.42930518499542,16.321215352795335],[-61.42740560671193,16.321215352498534],[-61.42597185909597,16.317048685797054],[-61.42431929783602,16.31599087264981],[-61.4243438708095,16.314916623966543],[-61.42513853004782,16.314548685761746],[-61.42412692598444,16.314548685619414],[-61.42408330570776,16.31605612943185],[-61.4206154987242,16.314288597696077],[-61.42013853216258,16.313728558439248],[-61.42014482750913,16.31250401826427],[-61.42097186816533,16.312048685256737],[-61.419657174453526,16.31204868472568],[-61.42079358392989,16.309590183915017],[-61.42155257326894,16.309865069222717],[-61.4216269190312,16.31058276415831],[-61.42238590776461,16.3106984024934],[-61.42246025384506,16.31140119750165],[-61.424305206227544,16.308906026083562],[-61.424360404629695,16.308223333622717],[-61.424871653782056,16.308082763583403],[-61.42543613231441,16.306037243137347],[-61.426750279296904,16.30547005722284],[-61.42763815053972,16.304224741312005],[-61.42662690831807,16.303715352992313],[-61.426620616146295,16.304294096862787],[-61.42643265404819,16.304520989585914],[-61.42660821514629,16.30427534964624],[-61.42472303700119,16.30308276330308],[-61.42513854912009,16.30308276347797],[-61.42513855499554,16.29954868625273],[-61.42442496000431,16.29947688982829],[-61.424305223172205,16.298715352829397],[-61.42361744247513,16.298662046777977],[-61.423471891348825,16.297882019406],[-61.42269375238406,16.297741447818687],[-61.422638560910414,16.296215352676466],[-61.42120432588425,16.296201732378606],[-61.42097189587862,16.29538201913542],[-61.41937956812468,16.295266378884847],[-61.41930523638548,16.291215352369793],[-61.41853765355657,16.29108853023872],[-61.41929340375351,16.28974943064307],[-61.421394459417456,16.28976304930873],[-61.421804897901644,16.290582763638128],[-61.42184390779891,16.28991662389444],[-61.42263857165386,16.289749430166516],[-61.42273449222364,16.289008736654754],[-61.42347190624657,16.288916096695154],[-61.42267724282948,16.288548157696646],[-61.42263857524205,16.287565724279926],[-61.42347190934829,16.287048686426996],[-61.42266407899828,16.28685460438041],[-61.42349696726172,16.28655680256072],[-61.424126877070115,16.285139269619414],[-61.42412687921625,16.286416096541064],[-61.42559138387598,16.286440172253688],[-61.42579354729258,16.28712134927773],[-61.42606632442211,16.286425504864702],[-61.427363224616144,16.28615045631787],[-61.428047707426,16.286993522676042],[-61.42697788929791,16.288953710661477],[-61.42955928148195,16.288916095579573],[-61.42927015994742,16.290227332143477],[-61.42847190164244,16.29123794223284],[-61.42847190306341,16.29038202035442],[-61.42682988567059,16.29018600934583]],[[-61.425041416843364,16.28788201997269],[-61.424960215102395,16.287882019942604],[-61.4249602152171,16.28794978103558],[-61.425041416843364,16.28788201997269]],[[-61.43097186356232,16.313916096260765],[-61.43097186389635,16.31371535327468],[-61.4307935922073,16.3137153532497],[-61.43097186356232,16.313916096260765]]],[[[-61.42161279535976,16.29765753952705],[-61.42107271763141,16.29788201900125],[-61.42017384493222,16.296590206156047],[-61.42145377708906,16.296453444133448],[-61.42161279535976,16.29765753952705]]],[[[-61.42231467092989,16.28866204692978],[-61.42055297635913,16.288715352389257],[-61.422460213192586,16.286949847451126],[-61.42231467092989,16.28866204692978]]],[[[-61.42190113349248,16.31028937763927],[-61.42190113547216,16.309008737063785],[-61.42319765406866,16.309008736891634],[-61.42325491174933,16.310214824094665],[-61.42190113349248,16.31028937763927]]],[[[-61.427068837853014,16.29142217326554],[-61.428148753365306,16.291469935674854],[-61.42708310127526,16.291889575096288],[-61.42680523436349,16.291732390929702],[-61.427068837853014,16.29142217326554]]]]}},{"type":"Feature","properties":{"feature_id":"AEP_EAUBRUTE__P8","layer_key":"eau_aep","layer_label":"Eau AEP","economic_unit_id":"AEP_EAUBRUTE__P8","economic_state":"S0","economic_exposure_eur":1301591.0,"economic_damage_eur":28468.0,"economic_damage_ratio_pct":2.187,"economic_asset_count":4,"criticality_territory":"guadeloupe","criticality_family":"aep","criticality_scenario":"rp1000","criticality_period_years":"1000","criticality_hazard":"storm_cmcc"},"geometry":{"type":"Polygon","coordinates":[[[-61.75829335230959,16.143715399978554],[-61.75829335263946,16.1439160509093],[-61.75884378542166,16.143919338899394],[-61.75819175204265,16.14492232166357],[-61.757658995759094,16.145174131710096],[-61.75763876656883,16.144548733211717],[-61.7567144454621,16.144548733127667],[-61.75480323276402,16.147000901149205],[-61.75395541648966,16.147149999656488],[-61.75186690656042,16.145696101112435],[-61.75076393843748,16.145258696024776],[-61.746538485477046,16.142060036934385],[-61.746459713110355,16.141433928324258],[-61.74703177626897,16.141221723679855],[-61.74770357780117,16.141682186189644],[-61.7504958454102,16.142418163582285],[-61.7536011925591,16.144347506281953],[-61.753941602018315,16.14332632869313],[-61.75518452288929,16.143559642849986],[-61.75513877038945,16.14239984305248],[-61.755947224976595,16.14226219032822],[-61.756578468562424,16.141291887601888],[-61.75816111513322,16.14100948597158],[-61.758997674841105,16.14144424921728],[-61.75943286531128,16.14220724394558],[-61.759347924359915,16.143168369936486],[-61.758799393755275,16.143715399646172],[-61.75829335230959,16.143715399978554]]]}},{"type":"Feature","properties":{"feature_id":"AEP_EAUBRUTE__P9","layer_key":"eau_aep","layer_label":"Eau AEP","economic_unit_id":"AEP_EAUBRUTE__P9","economic_state":"S0","economic_exposure_eur":1632877.0,"economic_damage_eur":35738.0,"economic_damage_ratio_pct":2.189,"economic_asset_count":5,"criticality_territory":"guadeloupe","criticality_family":"aep","criticality_scenario":"rp1000","criticality_period_years":"1000","criticality_hazard":"storm_cmcc"},"geometry":{"type":"MultiPolygon","coordinates":[[[[-61.78865070389214,16.2849383541329],[-61.789403162092455,16.288082717717668],[-61.78995396786793,16.288337342475696],[-61.78969662695578,16.291209319645315],[-61.788567787783684,16.291122743751288],[-61.78847185666521,16.289548731803276],[-61.78781165988278,16.289511378016307],[-61.78763852412785,16.289118712926477],[-61.773688991798714,16.286885209369956],[-61.77307850178407,16.286127366582296],[-61.77330040615894,16.285134653402558],[-61.773984449409184,16.28479372558942],[-61.77468040500021,16.285592067614704],[-61.78774116426201,16.287659678620198],[-61.7871924740601,16.285105852566453],[-61.787997155488675,16.284441313787163],[-61.78865070389214,16.2849383541329]]],[[[-61.79117511668543,16.290382065217834],[-61.79025827165097,16.29031025859099],[-61.790144819974664,16.28750400921699],[-61.790971860193984,16.28724938425776],[-61.79120005788642,16.28559781025039],[-61.79162692888648,16.288715398838658],[-61.79117511668543,16.290382065217834]]]]}},{"type":"Feature","properties":{"feature_id":"AEP_ERMITAGE__P1","layer_key":"eau_aep","layer_label":"Eau AEP","economic_unit_id":"AEP_ERMITAGE__P1","economic_state":"S3","economic_exposure_eur":34986316.0,"economic_damage_eur":7457342.0,"economic_damage_ratio_pct":21.315,"economic_asset_count":497,"criticality_territory":"guadeloupe","criticality_family":"aep","criticality_scenario":"rp1000","criticality_period_years":"1000","criticality_hazard":"storm_cmcc"},"geometry":{"type":"MultiPolygon","coordinates":[[[[-61.66579308718195,15.988082724383917],[-61.666601527359454,15.988278002407332],[-61.6666264233252,15.989749390991962],[-61.66722053164719,15.989761284916986],[-61.66453907762074,15.991202083267535],[-61.66430569820305,15.989548727511355],[-61.662775646904414,15.989786970740425],[-61.663011982478636,15.993340223162635],[-61.66514890779367,15.99430800846905],[-61.66513902465292,15.993715394142095],[-61.664311975672646,15.99346077245578],[-61.66463272775002,15.992249390906599],[-61.66660336027883,15.993282937156618],[-61.66657131529043,15.994408138236894],[-61.66568043922826,15.994548727436516],[-61.66659183129872,15.994961472705267],[-61.66748001048327,15.998082724435868],[-61.668197314797055,15.998175375969337],[-61.66829310510326,15.998916057685163],[-61.66867424010121,15.998106803259992],[-61.670972350137504,15.998082724011919],[-61.67122628327087,15.997257723659763],[-61.67157303995404,15.997702894118836],[-61.67230392827327,16.000785085439546],[-61.67162644257601,16.001215394671952],[-61.67216819745108,16.001418069984737],[-61.67196576687974,16.001988398924226],[-61.67063100542242,16.00371539434315],[-61.66859191360329,16.003643588787607],[-61.66847234264468,16.002882060908462],[-61.667653092391895,16.00265755238082],[-61.66763901250354,16.00097276043805],[-61.66528436272057,16.000328747923472],[-61.66513901516173,15.999548727285488],[-61.66442525158213,15.999476921844888],[-61.66347235108367,15.998088685905698],[-61.66028436534488,15.997828747494744],[-61.66013902122529,15.996215393461496],[-61.649959766570746,15.997074747123294],[-61.649727662542396,15.997868437081864],[-61.64867424037791,15.997857978691957],[-61.64847235420358,15.997352329475355],[-61.64117601821042,15.999873211199894],[-61.63806021701778,16.00193466513053],[-61.63795820605867,16.00280595435655],[-61.63251352042103,16.00697608957866],[-61.63214092254059,16.007926745047637],[-61.6313186497786,16.008087996827722],[-61.63066813276203,16.00757550944213],[-61.62909770559803,16.003668758888352],[-61.63109443259109,16.00112663189411],[-61.63041050840878,15.99981209719856],[-61.63043825670254,15.998373070898573],[-61.62495976618405,15.998715389100948],[-61.62490465120713,15.999408135329055],[-61.62412643468456,15.999913079694624],[-61.6229471549829,15.999581927988071],[-61.62048963284893,15.9971420730021],[-61.620344321145325,15.994065699769967],[-61.618472363098114,15.994281616556671],[-61.618472365400976,15.99288205515599],[-61.61773481641137,15.992789403686027],[-61.61763903353317,15.992048721746546],[-61.616481082183164,15.993662076521689],[-61.61506075180605,15.993715388057755],[-61.61361400445967,15.99239358811353],[-61.61286258146504,15.990599310361388],[-61.61597236947118,15.99058273051346],[-61.615972372508026,15.988715388314922],[-61.6151941523179,15.98857480148849],[-61.615139041120116,15.987565725477513],[-61.61597237521816,15.987048721702406],[-61.615163934986114,15.986853445767427],[-61.615145328798995,15.985004012699946],[-61.61586132869702,15.984749397068425],[-61.61604661001985,15.98319838163537],[-61.61763904946689,15.982249396769106],[-61.61775860881757,15.980654532811656],[-61.620139052574274,15.980118838920664],[-61.62023483248164,15.979008713150556],[-61.62145887197189,15.978916062746313],[-61.62281183332016,15.977413458263486],[-61.62501144781142,15.977048723160138],[-61.624319804635945,15.976824217837823],[-61.624507589728815,15.975606807706285],[-61.62567350782979,15.975654531936268],[-61.62579306376757,15.976682552119398],[-61.6269324792687,15.976148751588257],[-61.6270378045912,15.974763015965491],[-61.628147731916606,15.974802705951825],[-61.628293062200456,15.975511325116782],[-61.62953780488198,15.973929682318646],[-61.632053135258225,15.974538817556105],[-61.632037805172885,15.97309634867231],[-61.633924530287324,15.973106806571435],[-61.63413025272352,15.973916061201928],[-61.6376390617386,15.973082727417562],[-61.637639064370255,15.971461117248314],[-61.63836770018055,15.971199204798907],[-61.63879546947286,15.969749580007395],[-61.64013906818048,15.968916060343675],[-61.640258619797166,15.968154530449],[-61.64194933805628,15.96724939330785],[-61.643924527104986,15.967273471980784],[-61.644126385403446,15.968082726504589],[-61.646453536326916,15.968120077799291],[-61.648042884023276,15.970505885038596],[-61.651615317564726,15.969479213036479],[-61.65510838214175,15.970651289310053],[-61.65853403708113,15.970052454354297],[-61.66067671098017,15.971067129444789],[-61.66162639413221,15.972154488497598],[-61.661620115620124,15.975127439323977],[-61.66079306593979,15.975382060884568],[-61.661587787345354,15.975749939435149],[-61.66162482695118,15.976763398381173],[-61.66079306864764,15.97704872749703],[-61.66079307187924,15.979042662396562],[-61.662529721198055,15.982249391315632],[-61.66408779835753,15.983249939364754],[-61.664148818845455,15.984749391173517],[-61.66493485550195,15.984944669127177],[-61.66445775480835,15.987249391072643],[-61.66559120715433,15.987273470014452],[-61.66579308718195,15.988082724383917]],[[-61.62263903064335,15.99339905878713],[-61.62263903420568,15.991230314231284],[-61.6207930884039,15.99220005739485],[-61.62263903064335,15.99339905878713]],[[-61.62347236860859,15.990506141633658],[-61.623434096790334,15.990582729603036],[-61.62347236848204,15.990582729585755],[-61.62347236860859,15.990506141633658]],[[-61.6249597539823,15.991215389344775],[-61.62495975430869,15.99141606275617],[-61.62568113612554,15.991416062591435],[-61.6249597539823,15.991215389344775]],[[-61.64976281055714,15.984541057624735],[-61.64654524137322,15.985576301742395],[-61.6423981167602,15.984909788676331],[-61.639612163070204,15.985857693487343],[-61.640127748729824,15.988309019133464],[-61.64386788484882,15.991756719342135],[-61.64581078690181,15.99267692318208],[-61.646643360440486,15.993839280585753],[-61.649277371746564,15.991562776899684],[-61.65100390046504,15.990940566644053],[-61.65090476601403,15.990085976000744],[-61.649164446858435,15.98917531081406],[-61.64835703733723,15.987595174201504],[-61.64859324985813,15.985847431424887],[-61.64976281055714,15.984541057624735]],[[-61.641091949411916,15.971143587072751],[-61.64079305539813,15.970382058628466],[-61.64069728184748,15.971122739575584],[-61.639959723316565,15.971215391833168],[-61.639959724895064,15.972186150010229],[-61.64180573022741,15.971617088340555],[-61.641091949411916,15.971143587072751]],[[-61.65180572960255,15.971215393270962],[-61.64995972453198,15.971215393047737],[-61.64995972621141,15.97224939256609],[-61.651805727375944,15.972565725536345],[-61.65180572960255,15.971215393270962]]],[[[-61.61802986047372,15.993922141342836],[-61.61829309150503,15.99431118181528],[-61.61680569658614,15.994325739312643],[-61.61802986047372,15.993922141342836]]],[[[-61.668244811443714,15.98808272406548],[-61.66764007830559,15.989253002417577],[-61.66763903294764,15.988399058805475],[-61.668244811443714,15.98808272406548]]]]}},{"type":"Feature","properties":{"feature_id":"AEP_ERMITAGE__P2","layer_key":"eau_aep","layer_label":"Eau AEP","economic_unit_id":"AEP_ERMITAGE__P2","economic_state":"S0","economic_exposure_eur":37575.0,"economic_damage_eur":820.0,"economic_damage_ratio_pct":2.182,"economic_asset_count":1,"criticality_territory":"guadeloupe","criticality_family":"aep","criticality_scenario":"rp1000","criticality_period_years":"1000","criticality_hazard":"storm_cmcc"},"geometry":{"type":"Polygon","coordinates":[[[-61.63074152443286,15.995581793179653],[-61.63129324483486,15.995439380493455],[-61.631772895606176,15.9964797297465],[-61.631120736228496,15.996790014899714],[-61.63064640090308,15.996084554715186],[-61.63074152443286,15.995581793179653]]]}},{"type":"Feature","properties":{"feature_id":"AEP_FEEDERBEC__P1","layer_key":"eau_aep","layer_label":"Eau AEP","economic_unit_id":"AEP_FEEDERBEC__P1","economic_state":"S3","economic_exposure_eur":123613664.0,"economic_damage_eur":26348284.0,"economic_damage_ratio_pct":21.315,"economic_asset_count":576,"criticality_territory":"guadeloupe","criticality_family":"aep","criticality_scenario":"rp1000","criticality_period_years":"1000","criticality_hazard":"storm_cmcc"},"geometry":{"type":"MultiPolygon","coordinates":[[[[-61.59465951094317,15.863715389363808],[-61.59441417044198,15.862331050051939],[-61.59513924668651,15.862249396651194],[-61.595340995306806,15.861440141862513],[-61.59680591447255,15.861416063087626],[-61.59686099450161,15.859889982207129],[-61.59802981767676,15.859755473924823],[-61.59829287250419,15.860582729546916],[-61.59908761649301,15.860749941974833],[-61.59912620756716,15.861600279193501],[-61.59995021175968,15.861730251761724],[-61.60229080002636,15.865781276960293],[-61.61281162066112,15.879967131600557],[-61.621261978822254,15.897934376939379],[-61.632071749325306,15.918586497348672],[-61.63602483560916,15.92566763804258],[-61.63942596825612,15.930423273930518],[-61.63975647702691,15.93305213449963],[-61.64336529965668,15.940579767818393],[-61.64599834226217,15.943750292481491],[-61.65309724875818,15.946613580261685],[-61.66875810491354,15.955363691902805],[-61.671684187786916,15.958916056313882],[-61.67275862825659,15.957321193894462],[-61.673831442523806,15.957250912137537],[-61.67412637277846,15.958082722653229],[-61.67492109701813,15.95824993852013],[-61.67495970804353,15.959232392255707],[-61.674126375157336,15.959548729658696],[-61.67407127211851,15.961908139379775],[-61.67245971370238,15.96288206268544],[-61.67411230120283,15.963307231023238],[-61.6741014923968,15.964353448915983],[-61.6732930498403,15.964548729397034],[-61.673293051020195,15.965279389324335],[-61.67106817543987,15.96612274224724],[-61.67097240734554,15.96288206250834],[-61.66981439269634,15.964495416056426],[-61.66829304924454,15.964548728801287],[-61.668268160922864,15.966020115292006],[-61.667459718843226,15.966416056985564],[-61.6691123071069,15.967473897880344],[-61.66912638935302,15.968662082497717],[-61.66838911506133,15.968994414237379],[-61.661292911240494,15.969094853316548],[-61.657323318004394,15.972638501202994],[-61.65463625663432,15.973736761773896],[-61.6532930623291,15.973715393369321],[-61.652888269725274,15.97440004274874],[-61.649235268634584,15.975915433081898],[-61.64580586422622,15.975533370552826],[-61.64123209133876,15.97600016648898],[-61.63813640392186,15.974268597063148],[-61.63597239309661,15.974427468641222],[-61.63763906234114,15.972703165663484],[-61.63641352227107,15.972935244251607],[-61.63474092010228,15.972264775660582],[-61.6343488988489,15.973916061151263],[-61.63493483588916,15.974111337107455],[-61.63493483762857,15.975186780280874],[-61.63325332887954,15.975582727995063],[-61.63478733985454,15.976453681862054],[-61.63312445166613,15.977758286380318],[-61.63265313562707,15.977657551458513],[-61.632639057402116,15.976151481199576],[-61.6322148800036,15.978164152387906],[-61.63042394208352,15.978396122079591],[-61.62842787730645,15.977834697654691],[-61.62513905259512,15.979717451007163],[-61.62437994686367,15.979433069760107],[-61.62430572099861,15.978715389670322],[-61.62329306768291,15.979282029549424],[-61.623237958452656,15.980241468929087],[-61.62245973638642,15.980582729465352],[-61.62426740665961,15.98058272925489],[-61.623570440556186,15.98170638500495],[-61.62245973876914,15.982048722667615],[-61.62219367921623,15.982876385576057],[-61.619959739976785,15.982980693701826],[-61.619959741495194,15.98391606318938],[-61.62069729447517,15.984008713153145],[-61.62079307628643,15.984749396440122],[-61.621316829383,15.984749396023368],[-61.622529325311824,15.986215389225261],[-61.6216264121063,15.986215389096003],[-61.62144338945521,15.990896464825653],[-61.620793087739486,15.991806326703284],[-61.62193931270536,15.993082729739061],[-61.62066384737929,15.99493368477216],[-61.6188383909198,15.996215388113045],[-61.617811897509114,15.996178035924201],[-61.617639028110645,15.995382054971543],[-61.61714548087264,15.995382054549413],[-61.61441761599386,15.996967044232404],[-61.6116639451837,15.997515169353182],[-61.609926124158,16.000488064092817],[-61.609847703031335,16.002513604318487],[-61.60814036150005,16.005631753754027],[-61.60826821550542,16.006853445214677],[-61.607584274981406,16.00704872002489],[-61.60869737836545,16.008951011863864],[-61.60903776616665,16.012690403795826],[-61.61015480598185,16.01588110947472],[-61.6144978962837,16.018927717281567],[-61.61296620675887,16.02049748747252],[-61.61256669832986,16.023813461486792],[-61.61076014244852,16.02358999412724],[-61.60808077498233,16.02202825700751],[-61.60745980201353,16.022048719505705],[-61.607447320670865,16.023484705182177],[-61.60455440739141,16.021298499371404],[-61.60274656779265,16.018419531929148],[-61.599305658411254,16.019194537540514],[-61.5984723273643,16.017877175849236],[-61.597257891257826,16.01869130554143],[-61.593787016422944,16.01953170729488],[-61.59165396077999,16.020865101773268],[-61.58611936819589,16.022051625320366],[-61.583164440381346,16.02322349410592],[-61.578578199742104,16.027895432743634],[-61.574852238822,16.039831724232922],[-61.57495982813404,16.04058273690175],[-61.576349371994766,16.040586829581734],[-61.575509621648244,16.04306600798997],[-61.57658877040938,16.044379678154613],[-61.57495983460821,16.04454871467256],[-61.57534906835731,16.047730916305646],[-61.57329317555459,16.049351947661098],[-61.573254551557774,16.050214838146797],[-61.57245984381378,16.050382047496797],[-61.57234024890262,16.05114357838206],[-61.570643138348004,16.051215380455318],[-61.56993593906274,16.05244735716567],[-61.569959850627434,16.054749404555775],[-61.570957050424546,16.054749404433938],[-61.56971515528307,16.058455175077928],[-61.570943950007575,16.064548713518537],[-61.56950753631434,16.064524634218245],[-61.56912131422639,16.06371537996673],[-61.56938259089767,16.066416071537173],[-61.57105308898636,16.06641607132028],[-61.57074501055829,16.067882046682342],[-61.569959872094,16.067882046607426],[-61.569864054688225,16.06862273095802],[-61.56912654001646,16.068715379806893],[-61.568512037276626,16.070665765793105],[-61.571332640331605,16.071804391429296],[-61.57358703673577,16.071395265029107],[-61.57430557602256,16.07171736407597],[-61.57431379644657,16.069996557919737],[-61.5769970858652,16.071957442929996],[-61.57912654687777,16.07212620291092],[-61.57905228755367,16.072766397472382],[-61.57829321500082,16.073082737276067],[-61.579305573142605,16.07308273714723],[-61.579568903606315,16.07225548129371],[-61.58413356875888,16.072249403183086],[-61.58497666045487,16.069892138516682],[-61.58732884092445,16.068697850366313],[-61.588895373940375,16.066614789658217],[-61.59363671296727,16.065182938339678],[-61.59528425994048,16.065854722568222],[-61.59639015939688,16.06738386039214],[-61.59662145664682,16.06916066727948],[-61.5959923946017,16.070603179017116],[-61.594792194988834,16.071514182382867],[-61.59283954057257,16.071990488325344],[-61.59231556434763,16.073136818763672],[-61.59238562534569,16.075266398487862],[-61.59117419502376,16.075357969766582],[-61.59097223565423,16.07466080615153],[-61.589751831169984,16.07536007827125],[-61.59078693741533,16.077504013345628],[-61.590779139128095,16.079324215444803],[-61.59004864146611,16.07967072617726],[-61.591176281619404,16.08323492974749],[-61.58995990313162,16.08529462469945],[-61.58978695865374,16.087011363528337],[-61.588674187850195,16.08702463578629],[-61.58847221707618,16.086215381698388],[-61.587037752464965,16.08620176021399],[-61.58599161544817,16.085382048069473],[-61.585591266253715,16.086191302128505],[-61.58430899839088,16.086060011946945],[-61.58261405982399,16.08224940362827],[-61.584305557464866,16.0822494034048],[-61.58332892124196,16.07994649305016],[-61.58162655978395,16.07982286779849],[-61.58162656235608,16.08139107297602],[-61.57139434393263,16.080597205696733],[-61.56894560322917,16.07930263680957],[-61.56823632766448,16.082048712560542],[-61.56769403104229,16.08190812963522],[-61.56763889475545,16.08121537920914],[-61.56677909191187,16.08121537910829],[-61.56652148285977,16.082667520091952],[-61.5669428338266,16.087308540349333],[-61.56829166188526,16.08753472014325],[-61.56819741101729,16.088622730322243],[-61.567070023341216,16.08870946183597],[-61.56754273929579,16.093916072514666],[-61.56915963335114,16.093916072300107],[-61.56952221559404,16.098358533614586],[-61.57013324396351,16.099548712266852],[-61.56981450909466,16.10032873533674],[-61.56879728366513,16.100382045016094],[-61.57001217154847,16.10224940573388],[-61.57157145191406,16.10238998679149],[-61.571577213124876,16.104398842109426],[-61.57544159346233,16.10970597082798],[-61.57822189212815,16.10991026415924],[-61.579126613087645,16.112565724976843],[-61.57814007227102,16.113082738162397],[-61.57982221727689,16.113141565005428],[-61.580254454530284,16.11538204629233],[-61.57864695655203,16.115382046022905],[-61.578150992428874,16.117249404942637],[-61.57898119117691,16.11730271387876],[-61.57912662217534,16.118082738279522],[-61.579959956109406,16.1184048324036],[-61.579904809614035,16.11940812981103],[-61.579126624581356,16.119548712759382],[-61.57912530034117,16.120925158629102],[-61.58087213280858,16.126072859711748],[-61.58311655797032,16.12891607122646],[-61.58361758675527,16.12813604696025],[-61.584508480548465,16.128082737661764],[-61.585703174733204,16.13278330692126],[-61.58495998055165,16.13288204639742],[-61.58477136984631,16.134518504872524],[-61.58656267888296,16.140582737856125],[-61.587314546375,16.140636046796526],[-61.58745999489328,16.141416071133072],[-61.58827923656788,16.141640568173333],[-61.588268418511376,16.142686775553525],[-61.58745999730325,16.14288204638681],[-61.5874321526763,16.14352610405336],[-61.58823900473075,16.146257411841045],[-61.59053605847591,16.151416070728853],[-61.59244678082873,16.15141607074548],[-61.594126685804625,16.155647099054725],[-61.59395367908446,16.156178028630144],[-61.5929022085394,16.15620930143731],[-61.592302112924074,16.15538204646401],[-61.59269071538758,16.156416070816416],[-61.59328706514364,16.15667068007567],[-61.59329335778262,16.158936811446196],[-61.594453573296,16.163789623525926],[-61.59513875519829,16.16395593227029],[-61.595138758340276,16.162048713394164],[-61.594360585494506,16.16190812992068],[-61.594319520587355,16.1608072347863],[-61.59549814109482,16.16058425998494],[-61.596020097375366,16.162429523993815],[-61.5971197365361,16.162829130808927],[-61.60162588318589,16.16254969379117],[-61.60162670036206,16.16391606990897],[-61.602424860724064,16.16409037814369],[-61.609633382598055,16.163023047169332],[-61.612035174179304,16.163466418571005],[-61.6139557428658,16.163125742957],[-61.616805419049996,16.163916068020516],[-61.6170074727789,16.163106812771716],[-61.61877511008581,16.163082734080056],[-61.62020209847591,16.164749400918748],[-61.62066780570923,16.166368956885677],[-61.62022648054078,16.168715382912175],[-61.61912671044596,16.168715382831312],[-61.618863251040565,16.169542637519044],[-61.61781176374274,16.169511364179826],[-61.61763874437025,16.168715382647417],[-61.61687970839807,16.168599731639585],[-61.616764978909686,16.16704871594042],[-61.61560657992027,16.169780455033415],[-61.615768464766916,16.171020109776485],[-61.61496004738047,16.17121538223392],[-61.61495456869331,16.171788827327617],[-61.60977520007261,16.17074854528953],[-61.60307273457935,16.171856563975805],[-61.59639066599185,16.171978605511256],[-61.59644224143115,16.172999299910472],[-61.599346449207275,16.175202796222678],[-61.60175676650465,16.17871538035948],[-61.59981310919406,16.178715379988866],[-61.600842151135005,16.180252079634993],[-61.601474062318594,16.1839160703053],[-61.60329340073689,16.184265511337177],[-61.60410334761659,16.187882046992875],[-61.60234073942567,16.18788204670016],[-61.603463688008546,16.190582737011137],[-61.60534509101468,16.190582736586034],[-61.606498312343696,16.193512761955482],[-61.61001235688829,16.19624576898624],[-61.61079342635866,16.199232391294185],[-61.60996009347801,16.199548714017542],[-61.6099600979361,16.202249403154962],[-61.61028418431007,16.20146937896985],[-61.61118566489815,16.20141606945137],[-61.611319985731626,16.203124725082994],[-61.60683626733004,16.211865710188434],[-61.60662677761673,16.210382046580484],[-61.60642467921853,16.211191300725552],[-61.60412677868067,16.211215379574718],[-61.60398128019938,16.21199540247745],[-61.602873954692285,16.212035800527605],[-61.60076853417915,16.217686775026557],[-61.60015336136047,16.218082738098563],[-61.60302993185904,16.218088815248823],[-61.60329345755426,16.218667611601436],[-61.60054672653374,16.22371537846962],[-61.59942502378242,16.22364357647943],[-61.598368910315315,16.222048711850636],[-61.59826854407135,16.22435344147306],[-61.59724401539572,16.22454871140817],[-61.59190372983672,16.236416072865975],[-61.59377983319511,16.23641607234113],[-61.592060111084244,16.24454051792847],[-61.59180529062512,16.243715376962907],[-61.59099688221816,16.243520107426157],[-61.59097196016308,16.242048710246088],[-61.58936878363941,16.242048710007822],[-61.58912682864133,16.24258631236633],[-61.589120542560025,16.24596076831328],[-61.58829350124284,16.246215376438187],[-61.58829350295526,16.24724940698834],[-61.589885844797244,16.248198387421798],[-61.59029833706486,16.249749406670343],[-61.58731895421024,16.254784311828292],[-61.584556883205124,16.25656542560538],[-61.571234701140476,16.258620108909447],[-61.55934565704628,16.25855094056491],[-61.55930527300749,16.257014202176922],[-61.55274234937176,16.257977248609482],[-61.547920416699604,16.25664079173308],[-61.5441268467608,16.257001656776946],[-61.54383149095637,16.257880513442203],[-61.541235510655646,16.257875958332708],[-61.54079351331171,16.25719233110733],[-61.540793515872316,16.25873784170133],[-61.53930527304675,16.258657565378904],[-61.539305275622446,16.257106591861653],[-61.53889444942162,16.257868415556256],[-61.536626847239724,16.257882036083675],[-61.536604967617514,16.258511883237286],[-61.53443305909988,16.25822186372523],[-61.52974465385406,16.25656164049566],[-61.52579535177388,16.253840643086548],[-61.523049244722294,16.2557250029828],[-61.521170444547934,16.25630753476486],[-61.51339092426059,16.256424572735366],[-61.51109615335174,16.255759366436358],[-61.51013861429688,16.25635644893793],[-61.51013861590976,16.25538203267016],[-61.509002730365545,16.255382032430195],[-61.50618671449501,16.25726015939508],[-61.50409326603132,16.257427011121006],[-61.50412684325381,16.258082751526786],[-61.50763861178883,16.258082751057877],[-61.50771294146313,16.256531727683925],[-61.50900712415183,16.25648788192225],[-61.50912684232682,16.257117490450256],[-61.50724304958768,16.258460611382663],[-61.50502401255318,16.2590762097431],[-61.50139018278138,16.259171784125353],[-61.49736697259262,16.257830430811296],[-61.49532828456328,16.255754596583824],[-61.494613450134835,16.25374552196058],[-61.49286403923529,16.253266630919317],[-61.48956077143474,16.254695528946232],[-61.49002233219735,16.256874467512766],[-61.49198837216494,16.259548696612622],[-61.49079351055035,16.25954869660786],[-61.492136263273125,16.260582920607103],[-61.49157623232184,16.26284083082731],[-61.48958743449857,16.26473195871379],[-61.48615868223934,16.26572322166083],[-61.4843052699412,16.26522554150259],[-61.48453767252354,16.26476304037553],[-61.48597193716996,16.264749420800467],[-61.48597193824224,16.264093491386692],[-61.48435566227353,16.263531133311893],[-61.48329351425209,16.262404375637654],[-61.482460181609724,16.262882028705025],[-61.48246018336568,16.263941875297636],[-61.48202211428715,16.263359740203484],[-61.48123528586129,16.260588886752128],[-61.48231464893246,16.260636060619508],[-61.482460179179306,16.261416087860166],[-61.48286488415946,16.260598490352578],[-61.48241792728419,16.25871536214703],[-61.480971950031275,16.25741796182431],[-61.47710063202179,16.257880504601264],[-61.47373780697934,16.256987765998442],[-61.47195511434411,16.25818616553381],[-61.46936108308579,16.258100296095346],[-61.46746016988377,16.257048693518318],[-61.46723859312011,16.258698002524948],[-61.466462265343104,16.257905158057067],[-61.46354627887074,16.256933050306923],[-61.46385706585462,16.25474942328126],[-61.46286591484785,16.253161115499765],[-61.46148445902434,16.25236037127352],[-61.45912682864934,16.25297406279965],[-61.45889444451021,16.253701738751047],[-61.45662682952861,16.253715358804996],[-61.45635810176397,16.254543355202003],[-61.452627571716576,16.252740672088734],[-61.44931069679311,16.25012160483933],[-61.44930530104141,16.24954869126222],[-61.44856786873153,16.24945604842286],[-61.44847196936302,16.24861979610508],[-61.44819758709946,16.249456048428844],[-61.44746015468287,16.249548691006346],[-61.44829348957275,16.25041727086599],[-61.4468077059611,16.250708098747197],[-61.440804836810024,16.249128338738487],[-61.439305297712494,16.25244044677381],[-61.43912682294374,16.251215356459156],[-61.43898130508027,16.25199538322873],[-61.43764473976585,16.25179289925388],[-61.43662682510329,16.252737949804434],[-61.437421496569115,16.25324995577534],[-61.437460160894936,16.25415920022961],[-61.43522970853448,16.25528424157265],[-61.4349601612142,16.254548689101597],[-61.434727777733364,16.255368402155188],[-61.43193926270648,16.25532043919475],[-61.430793495937046,16.25575050834817],[-61.43076857317293,16.256853432477882],[-61.429960164652194,16.257048688319493],[-61.42996016533932,16.257477276677662],[-61.42870974975703,16.257240507990907],[-61.427638625646395,16.25673493039368],[-61.42763862792693,16.255382021381283],[-61.42686216902465,16.256215354546665],[-61.42535409420334,16.254137148049352],[-61.42680529714739,16.253916095360847],[-61.426748990416435,16.252048688047974],[-61.42506344142962,16.25204868781295],[-61.42647974723607,16.24896850070003],[-61.42662681875306,16.249749428616386],[-61.4278792255374,16.249749428202332],[-61.429221110792646,16.247736165391302],[-61.42899496221709,16.246220875173094],[-61.42746014676895,16.246469826663684],[-61.42719660527028,16.247875943505704],[-61.42232554001182,16.247280230342724],[-61.417465508168235,16.24436372634468],[-61.415971981592044,16.244150161041357],[-61.416091687335424,16.24315455824877],[-61.41763865012439,16.24288679937047],[-61.414126805182924,16.24264349923413],[-61.41412680593538,16.243082763550007],[-61.41492147916148,16.24324995717184],[-61.41496014090251,16.24400117569276],[-61.41181876277898,16.24414308650906],[-61.41263864950548,16.243715352977368],[-61.41190121280736,16.243622711593094],[-61.41180531767774,16.24288201955296],[-61.411481295295076,16.24366204690947],[-61.4104660607741,16.243715352278027],[-61.40996013834089,16.24288201929088],[-61.40972777116309,16.243701732481817],[-61.407902186103094,16.243709274293344],[-61.407638651000035,16.243259327640544],[-61.40642469053493,16.24452460836959],[-61.402460140024736,16.24454868483481],[-61.40222777167305,16.24536839807363],[-61.39996014104496,16.245382017783736],[-61.39996014220463,16.246088353423527],[-61.39847198139191,16.245865418048275],[-61.398471983605575,16.244548684264647],[-61.39763865116605,16.244076990618257],[-61.39662680585102,16.24454868400038],[-61.39662680752924,16.24556153552785],[-61.39347198351576,16.24504192732337],[-61.39347198565023,16.24377537082147],[-61.38912680293612,16.243460740723464],[-61.38912680497239,16.244671965447882],[-61.386805318663065,16.24458433716828],[-61.38662680302313,16.24371534925665],[-61.386626804483704,16.244596309048468],[-61.38347198443889,16.24543132927571],[-61.383471987280416,16.243714248428056],[-61.38243172055677,16.244104216825296],[-61.383293472148516,16.245491350180878],[-61.37930531501802,16.24746661094554],[-61.379305315732495,16.247048681423273],[-61.37746014054121,16.247048681155835],[-61.377227772294034,16.24870172785932],[-61.37540218556025,16.248709269550897],[-61.375138647734246,16.248232598600325],[-61.37303595046059,16.24952971601715],[-61.37079347728296,16.249694488571198],[-61.3715309127425,16.249842074493987],[-61.37246014679816,16.25126646654786],[-61.36765829549054,16.252132979609797],[-61.366421471634105,16.252649495197698],[-61.36602092530805,16.253564739074655],[-61.36597197479662,16.2528820126274],[-61.36556110756828,16.253701726077534],[-61.364306371523355,16.253419980808967],[-61.362525378010425,16.25501876073658],[-61.35912681824095,16.255336049898368],[-61.35903091928559,16.256122705939475],[-61.35746015416904,16.257048677912202],[-61.357460155339595,16.25776076694753],[-61.355690555043616,16.258789158284458],[-61.352638633388544,16.259003870405902],[-61.35263863525445,16.257882010509636],[-61.35162682060722,16.257444058279727],[-61.35133148901314,16.257880486864334],[-61.34829348752352,16.257882009869114],[-61.34829348923718,16.258915823734085],[-61.344960155075015,16.258715342682823],[-61.34347307192816,16.259686219477896],[-61.341315883367685,16.259974929949014],[-61.33930530103154,16.259683089750233],[-61.34027551312513,16.258142268120043],[-61.33581160807635,16.25711629253968],[-61.334805246021205,16.25858782233645],[-61.33098343939566,16.26120137824237],[-61.33263862486787,16.26603381724334],[-61.33385305858482,16.264749442122522],[-61.33942453639411,16.28038200774029],[-61.33755353401394,16.28038200756528],[-61.34408790076971,16.298087042509128],[-61.34430523249388,16.300494100174006],[-61.34450740200201,16.29977351670604],[-61.34577945509089,16.29997391182792],[-61.34569763738776,16.301122703460678],[-61.34459152719555,16.301212514115488],[-61.34680522163352,16.306767284370085],[-61.34837493318479,16.306416107973938],[-61.3491269089805,16.310899057522406],[-61.34829357631328,16.31134799662876],[-61.349183120308275,16.312015214471444],[-61.34990786359641,16.314443651639216],[-61.357203758011835,16.319859415686388],[-61.36787994504527,16.32030093316774],[-61.369573732037566,16.319156875032917],[-61.373471862974746,16.319511659182137],[-61.37373549735048,16.318922181403718],[-61.37716483131702,16.318917626609235],[-61.3774602624162,16.320443463645034],[-61.37930519362783,16.32058277045188],[-61.37937954160551,16.319865073240457],[-61.380138528625615,16.319504317799822],[-61.383293595887345,16.32003739270908],[-61.38246026304087,16.32038201282008],[-61.38246026476246,16.3214161033496],[-61.38650516741609,16.321268812225924],[-61.38961346240851,16.323619599316302],[-61.390138520089806,16.323711584446276],[-61.390163454651116,16.322444685399766],[-61.390681019299905,16.32224943544142],[-61.392459450613394,16.322549656108976],[-61.39246027037626,16.32391610197137],[-61.393293604376346,16.32426429644171],[-61.39597185083216,16.324733436482312],[-61.39611742213557,16.32396940523061],[-61.397196628021426,16.323922178203645],[-61.39746027286713,16.324994143284638],[-61.40079500039478,16.325582767486463],[-61.4011449916051,16.324786780630692],[-61.40234291761969,16.324749433828714],[-61.40352326156748,16.32615465140464],[-61.40450635322439,16.328715348862772],[-61.40359159790248,16.32864355344807],[-61.40347184444763,16.32788201559023],[-61.40250542411102,16.327882015466656],[-61.406102323560006,16.338528252165172],[-61.40917376883432,16.33955482671656],[-61.41664884017411,16.345521968468134],[-61.422983209217136,16.348298267174602],[-61.424762521427915,16.350582764532724],[-61.42528406238507,16.34980273563652],[-61.426177458006066,16.349749430968938],[-61.42827218307716,16.352677419651716],[-61.42746032366387,16.352882018164934],[-61.427765454016104,16.355267379848073],[-61.43473909147232,16.354485249884014],[-61.43680512731961,16.355132103077825],[-61.438029972383944,16.354755506625633],[-61.438293663055106,16.355598132488513],[-61.44177326655311,16.35668747514332],[-61.442925777643275,16.35809686511041],[-61.439752770578586,16.360911966236305],[-61.437497241625806,16.360167566167625],[-61.4291270017485,16.359581704623217],[-61.42912700480951,16.361416097698918],[-61.42986438325824,16.36150873708744],[-61.42996033965181,16.36224943093614],[-61.43097178300094,16.362249430794428],[-61.43123548164392,16.36142217438842],[-61.433287377466755,16.361670684545313],[-61.43329367384814,16.362500966726717],[-61.429731248298296,16.363076874209856],[-61.426805115602434,16.363060845274067],[-61.42680511729145,16.362048684438808],[-61.42606773882638,16.361956043460715],[-61.425971785473976,16.36121535101576],[-61.42562049631665,16.36201133613971],[-61.42440107233794,16.36195604329501],[-61.424360331889424,16.360723334251407],[-61.42513845332136,16.360582764904898],[-61.42521281797786,16.359865069660902],[-61.425971788256284,16.359548684403794],[-61.42151187233924,16.356669740543737],[-61.41897820252087,16.353099848448995],[-61.41744057135404,16.352458679252113],[-61.41746032258019,16.353082765800675],[-61.41827955018521,16.353307242352738],[-61.418090747877,16.354524841420858],[-61.415971800022966,16.35337630063252],[-61.416046162057874,16.352365070374017],[-61.41693877014114,16.35224943242143],[-61.41358305605233,16.350850087372645],[-61.410073011794076,16.348548748395608],[-61.405721002747704,16.344737023164303],[-61.40329363865088,16.343949070377285],[-61.403120481085736,16.344511333845723],[-61.40206882026889,16.34454260356864],[-61.401805151646926,16.343715348167382],[-61.400793637903625,16.343715348023],[-61.40155261506484,16.34403173817491],[-61.40162697308119,16.344749434508827],[-61.40236436085564,16.34484207289755],[-61.40246030767044,16.345429653583455],[-61.40048299850794,16.344346442039296],[-61.399445753797025,16.343139640652243],[-61.40013848662289,16.342882014623395],[-61.399319258940984,16.342657537956523],[-61.39933009052127,16.341611351697104],[-61.40013848906698,16.341416101305366],[-61.400141415208076,16.34085928160781],[-61.39706594682269,16.331215347627897],[-61.39662694980242,16.331215347836505],[-61.39628525727175,16.333715347340334],[-61.395807423712334,16.33236208316858],[-61.38603396146377,16.330440118093605],[-61.38623549341635,16.32975551322506],[-61.38809140949193,16.329773511493215],[-61.388471842234004,16.33058276937636],[-61.38861741738736,16.329802739575214],[-61.389648714944244,16.329749435491273],[-61.38750998422191,16.329387278210042],[-61.38451768833696,16.327549224122077],[-61.38190575827572,16.327720941670226],[-61.37154483820782,16.325415039800504],[-61.3699602707152,16.326093965115486],[-61.3699602726493,16.327249438639843],[-61.371538313986065,16.3273498640646],[-61.369670975674964,16.327924321625932],[-61.35809321593053,16.327776849946492],[-61.3546938795185,16.32710604222221],[-61.35285866642666,16.326282639832353],[-61.34763852942956,16.322055339090937],[-61.34763853082778,16.32121534104177],[-61.347460260483324,16.32194516588082],[-61.34363267877153,16.319462618907565],[-61.34240408705073,16.317052262874846],[-61.34139651477551,16.31641610901038],[-61.34263854139123,16.31533942227735],[-61.34147957921019,16.3139140288057],[-61.340998529108646,16.30906837022458],[-61.3402666328457,16.307048673653963],[-61.338591627251645,16.306976880038683],[-61.33847189194885,16.305382006868356],[-61.33765266117913,16.305157535809695],[-61.33769375485924,16.304056673870935],[-61.33847189438659,16.303916109358962],[-61.337640138942284,16.303430058448704],[-61.337857064791564,16.299425540298323],[-61.33070029013538,16.27938237268201],[-61.32739162358003,16.27957167314538],[-61.325447823651835,16.277659809385618],[-61.325335285696575,16.276188682383356],[-61.32589588423984,16.27491430507922],[-61.326805278481395,16.27446637786052],[-61.32680528111637,16.272882006188933],[-61.326048198639924,16.27276842092253],[-61.326552113343425,16.272523571225836],[-61.326182490560285,16.27143728123278],[-61.32756652318717,16.27058277684757],[-61.322967938663695,16.25704867240851],[-61.31996014848754,16.25700886250816],[-61.319864250473174,16.257789368456468],[-61.31912681647767,16.257882005525968],[-61.31912681786672,16.258719857064218],[-61.3161790577076,16.259526310920126],[-61.31579348402019,16.258715338331026],[-61.31552993953754,16.259542593857734],[-61.31290218417422,16.259542593466307],[-61.31263863960819,16.25906638946919],[-61.31079348475648,16.259616661496707],[-61.3106737785723,16.261143544707412],[-61.307638635361485,16.26212106142691],[-61.30775834557762,16.26148790417405],[-61.30847196972747,16.261416112807577],[-61.30847197155789,16.260308967681155],[-61.30475915846868,16.261416113189224],[-61.306453741955174,16.26145345821508],[-61.30662682211309,16.262439371577944],[-61.3045590422738,16.2630378842222],[-61.302638634681635,16.263015923277628],[-61.3028117146835,16.262286792071873],[-61.304305302348645,16.262249446791948],[-61.30443521199628,16.2614805977185],[-61.30383148915918,16.262047146331202],[-61.302811714089565,16.26201132322735],[-61.30263863734007,16.26141134577138],[-61.300347591143556,16.261323011491346],[-61.29829348681417,16.26201285824313],[-61.297848434140704,16.26391611428726],[-61.299747767344854,16.263916113994856],[-61.29954673766408,16.264893654811168],[-61.29805062752306,16.267037585944877],[-61.29617409161888,16.267024592665585],[-61.29597196367997,16.26627851015875],[-61.294960160704306,16.266697198169165],[-61.294960161655254,16.26724944833446],[-61.29657164609757,16.26739001013745],[-61.29662682968959,16.267918681984455],[-61.29603962027511,16.268126064020805],[-61.29275160211941,16.26788200113063],[-61.28991642226108,16.26580009994052],[-61.2893052985073,16.266014803295835],[-61.28945081959972,16.264802750524822],[-61.291319060328526,16.264749448474927],[-61.29067524184509,16.26390846229122],[-61.2882934896097,16.264623913187332],[-61.28908816107221,16.26491663277633],[-61.28912682546779,16.266077504989354],[-61.28365898103081,16.267533325720727],[-61.287044528946865,16.27038200001902],[-61.28579349877204,16.270382000063663],[-61.285793500487735,16.271416116503577],[-61.28655250868873,16.27153174793829],[-61.28662683565609,16.272457784886107],[-61.287446070914086,16.273307247592278],[-61.292919751125616,16.291419674652108],[-61.294525420263966,16.291416115452677],[-61.294953912762054,16.293460759876645],[-61.29364641260325,16.29371533369315],[-61.29376284460837,16.2947516095897],[-61.29478710055214,16.294786793815124],[-61.295374278308834,16.295582782069015],[-61.29400714892727,16.297810208464206],[-61.292460212134245,16.29788200018919],[-61.29242410790796,16.299094871138642],[-61.290138576258585,16.299412666061368],[-61.289305245616724,16.29788199970752],[-61.288293544825414,16.29788199955288],[-61.28806112607609,16.2987017135804],[-61.28722093909034,16.298581197458304],[-61.28550023713133,16.29640543252636],[-61.28515459174617,16.293082783792137],[-61.287638587196604,16.293082783419248],[-61.288136559652514,16.29224944986472],[-61.286350456652066,16.288711092643272],[-61.28517726183921,16.28854814816173],[-61.28551131385319,16.287048665838316],[-61.28314988813286,16.28704866567446],[-61.28238605303173,16.284749450641897],[-61.28435076275371,16.28474945036078],[-61.28354626525362,16.284433033098672],[-61.28347193676792,16.283715332608228],[-61.28317380049537,16.28447687419825],[-61.282319349871855,16.284548665631334],[-61.28168839491183,16.28264939280146],[-61.28136314561798,16.281416117152382],[-61.282314652300805,16.28146941840053],[-61.282638606004355,16.28224945058613],[-61.282801069535154,16.28062628369742],[-61.2824997927132,16.279548665940755],[-61.2808885880635,16.27954866569913],[-61.28013861534158,16.276858766988237],[-61.28037100991936,16.27642973555383],[-61.281624020934984,16.276416117264308],[-61.2814297775256,16.27572131644351],[-61.278606624885526,16.273368711822357],[-61.27751983602072,16.271215332116384],[-61.277314643836675,16.271995362952303],[-61.276204344540375,16.272035045999488],[-61.2759719587397,16.271215331861292],[-61.27450742370828,16.271191256138913],[-61.27430529372821,16.270381998298134],[-61.272840757679205,16.27035792259331],[-61.272638628716926,16.26954866473472],[-61.27208702745665,16.269545191685193],[-61.27203490282034,16.268097363430602],[-61.27263863114862,16.26808278511124],[-61.27284076056247,16.26727352598456],[-61.273981305202234,16.267302752521246],[-61.27412682648165,16.268082784881642],[-61.27616434850996,16.267832476712663],[-61.27578102889387,16.265984550790673],[-61.272460156457946,16.266215331481963],[-61.27218269017731,16.267044581262372],[-61.27162143956938,16.26306449506147],[-61.27317520415575,16.26026390498437],[-61.27522528792726,16.2592418219128],[-61.28308303553851,16.258103981114576],[-61.283293479370684,16.258916116580583],[-61.28412523664569,16.259201390510846],[-61.284088153714094,16.260214815324396],[-61.28329348220981,16.260630564293162],[-61.28680531070449,16.25891611604238],[-61.28450743099287,16.25869125793822],[-61.284305312946195,16.257805704959093],[-61.291131241309365,16.255666830384683],[-61.294126808431436,16.25533180732797],[-61.29403091242792,16.25612269906666],[-61.292460142975855,16.25621533487601],[-61.291626811666866,16.257535899632376],[-61.29611734928352,16.256161929518637],[-61.296091687130286,16.254821238756005],[-61.29912680664695,16.253788216937497],[-61.29912680823746,16.254749447394],[-61.299840436976034,16.254821238278808],[-61.29996014279474,16.255410140489847],[-61.3009719808698,16.255423012988995],[-61.30197838792648,16.25395345867411],[-61.30495818526917,16.253365593487523],[-61.30496014288009,16.255020497389385],[-61.30958111061902,16.253715337260832],[-61.30861749408157,16.253662034069652],[-61.30847198387254,16.2528820040828],[-61.30763865125207,16.252513546316802],[-61.30996013831905,16.25180455364118],[-61.30984289253246,16.253641395151263],[-61.31097198271473,16.25332247136764],[-61.3112043537524,16.251429730479124],[-61.31314796056635,16.251469413910883],[-61.31329347359313,16.252666718293543],[-61.31680531784178,16.251674667096154],[-61.316805318633044,16.251215338726922],[-61.316010645640404,16.251048151024328],[-61.315971987250265,16.25009704156867],[-61.31724743092069,16.249749444335187],[-61.31892468821344,16.249773519098],[-61.3191268043819,16.25058277760294],[-61.31993938329423,16.250789274404767],[-61.324277773497904,16.250232216527497],[-61.32770905966573,16.25169985849875],[-61.330138650759544,16.25065996490865],[-61.329330240831474,16.25018676020449],[-61.32954239565941,16.249067410776107],[-61.33246013635386,16.248555369037074],[-61.33243521642205,16.250186760470907],[-61.331626806425966,16.250682447098704],[-61.33376730389671,16.249750964596007],[-61.33475802242177,16.249773516910665],[-61.33513865045146,16.250371193008313],[-61.33513865181463,16.249548674857277],[-61.33351064561398,16.249381485622276],[-61.3334719872701,16.24840215946056],[-61.33396609669366,16.248404376550297],[-61.34079347426342,16.250554332995964],[-61.34064796323214,16.251162038153478],[-61.33912680844135,16.251215342062448],[-61.339126809135955,16.25165002032345],[-61.34097373708994,16.252242218793214],[-61.34263864698737,16.251724773874454],[-61.342638647870835,16.251215342583173],[-61.34184397534886,16.251048152843627],[-61.341805316345415,16.250191993399383],[-61.34376273840735,16.24976144273357],[-61.34412680671727,16.249723002295134],[-61.34412680814045,16.25058277387531],[-61.3471966029922,16.2505888502354],[-61.34763864692693,16.25131243962914],[-61.347734545408336,16.250675410352343],[-61.34847198133591,16.25058277323311],[-61.34847198264618,16.24979035132907],[-61.35013864912189,16.249749439633426],[-61.35043063011284,16.248918107423655],[-61.35097198370516,16.24891610615676],[-61.35097198541806,16.24788201058952],[-61.3501773123943,16.247714820149447],[-61.35013865497568,16.246215343854217],[-61.349840434028664,16.246976882927598],[-61.34912680303772,16.24705257851418],[-61.34713844920363,16.246123719127834],[-61.3457457980614,16.244749440133756],[-61.34819075706442,16.2447494397298],[-61.347125125840535,16.244003544974266],[-61.34660657184768,16.242020550247762],[-61.34750792346564,16.24016987261918],[-61.349483194229165,16.239175081200347],[-61.35159317166813,16.239462802661166],[-61.3576386582901,16.24349176264195],[-61.35930532584189,16.24281168059881],[-61.36138134613521,16.244810799267334],[-61.36518237980409,16.243323998574347],[-61.36552800967245,16.242249436912243],[-61.3668053256116,16.242249437003828],[-61.36723430613208,16.241416103371925],[-61.36548276659711,16.241215345910373],[-61.36522842433594,16.236515281699894],[-61.36597200206383,16.236416103648768],[-61.366046317866456,16.235698406613675],[-61.367514377720006,16.234749436731878],[-61.37079136230035,16.22821727191513],[-61.37200744629755,16.227273511354795],[-61.373472016235944,16.2271497472326],[-61.37367411338897,16.226440177778844],[-61.37496647256099,16.22641610209541],[-61.37525837638022,16.225654562459273],[-61.37597201843902,16.22558276859298],[-61.37606790582738,16.22484207366749],[-61.376805353021915,16.22474943511821],[-61.376901240043274,16.224008740235156],[-61.3776386876048,16.223916101643514],[-61.377734574259165,16.223175406802856],[-61.37847202218764,16.22308276816886],[-61.378735528466805,16.222255511698943],[-61.383831482340106,16.22225095661511],[-61.384126768519785,16.223082767350572],[-61.38513772277392,16.22308276720499],[-61.388569532866065,16.227519738967107],[-61.38908535976697,16.230819951301495],[-61.388002180143296,16.232882016151656],[-61.38680534014386,16.231595638315053],[-61.385793451126915,16.232594425941336],[-61.38662678680236,16.233915976058995],[-61.38332672853428,16.2347684772234],[-61.380259980233966,16.23362479038751],[-61.378597807367875,16.23081072359107],[-61.37493265661214,16.237048681101243],[-61.37431943085052,16.23682420488304],[-61.37430533648463,16.234966019841643],[-61.3732934565004,16.236928818142935],[-61.37364827443175,16.24193512577844],[-61.37781172717857,16.23895344843347],[-61.38108585452296,16.237882015234348],[-61.37768212702972,16.237722565037572],[-61.383274863246385,16.23525888115243],[-61.38579345589094,16.235451371362625],[-61.384927503701384,16.236869157330588],[-61.399305327444296,16.23812510974933],[-61.399305329695835,16.236743681511758],[-61.40338078190011,16.236829211121513],[-61.40475615109021,16.235606195446362],[-61.40579346137648,16.23702287510539],[-61.40673505757579,16.23632845151936],[-61.41218643652123,16.23641609670222],[-61.41180690565156,16.235930059967714],[-61.41210063819592,16.234750952892547],[-61.413147953251205,16.234802734751803],[-61.41329345987311,16.235463495243792],[-61.41482412556443,16.235104958016944],[-61.41681915194731,16.235989816488516],[-61.41680532933888,16.235382020506204],[-61.41597828735048,16.235127430464026],[-61.41629939541678,16.23391609595888],[-61.41842128974265,16.23527357153488],[-61.42236160232704,16.23612501859631],[-61.41704270146298,16.236202946855354],[-61.41755775024852,16.236693987854622],[-61.421539975808514,16.23743212579039],[-61.424366029766745,16.238989107607104],[-61.42538519837096,16.240120944256468],[-61.427120515990666,16.239749427933],[-61.42807891721352,16.238715355121556],[-61.42684398206135,16.238548158850506],[-61.4265207353805,16.237882021724122],[-61.42725691768945,16.237253640784218],[-61.42912679683775,16.23629852893924],[-61.429126798409186,16.237249427956577],[-61.43180532393917,16.237285767046906],[-61.4319372208849,16.235645819551266],[-61.43440955508115,16.23605949381684],[-61.43662679946659,16.237249426905993],[-61.440466269150576,16.237622675200264],[-61.44327343974042,16.240304937282005],[-61.44381737663955,16.238082758901196],[-61.44478706631835,16.23812010667662],[-61.44528983564585,16.238916092288978],[-61.44878869764843,16.23538202461677],[-61.446805325439044,16.23501764773849],[-61.44996012555802,16.231764270812022],[-61.449953837456675,16.233460764845518],[-61.44912679536902,16.233715358421332],[-61.44912679747605,16.23500528634134],[-61.449379643510454,16.234031732397607],[-61.45104893118461,16.23288202533517],[-61.450193838592625,16.232741451252014],[-61.45016806431227,16.231602199744007],[-61.45216481773229,16.230584280535012],[-61.45244602836876,16.23182420825625],[-61.451626792959864,16.23204869215539],[-61.451614340878216,16.23265119833391],[-61.45324787399911,16.23198430088691],[-61.4534719988223,16.230382025798395],[-61.452638666096526,16.230065724390453],[-61.45311538510184,16.228083777620558],[-61.45395372576921,16.228120105343393],[-61.454126788125556,16.228916090934977],[-61.45458249254119,16.228916090574202],[-61.45680533681026,16.227271153153808],[-61.45680533991187,16.225396764935855],[-61.458204956830095,16.225234720551548],[-61.46032433929305,16.225732276501798],[-61.4620732877523,16.226932926479233],[-61.463100238583664,16.228411365523122],[-61.46346341422807,16.2301569504846],[-61.46221407653007,16.233258543302316],[-61.461868432843595,16.233585115569667],[-61.46180532679696,16.23288202686568],[-61.46079346227791,16.232882026726514],[-61.4607934654622,16.23480864027351],[-61.45931675053779,16.237137257291337],[-61.45847566158883,16.23788202624245],[-61.457460136756865,16.23788202610405],[-61.457460137723785,16.23848063701017],[-61.454342673722685,16.240841386565396],[-61.45484043820523,16.24197689464747],[-61.453293476408795,16.242048692059324],[-61.45405249017743,16.242365065386906],[-61.45547022916827,16.244749424091232],[-61.456507107424464,16.244821220545813],[-61.456626816510635,16.245877247204074],[-61.45830629791187,16.247051169633387],[-61.45847197354241,16.24520252147248],[-61.45893874487179,16.24495794550799],[-61.46312789576007,16.24472943543364],[-61.464717504179106,16.24537089156816],[-61.46412681676291,16.245382026776138],[-61.46392469454834,16.24619128241509],[-61.46272096116992,16.246215359838473],[-61.46714174663438,16.24856649419801],[-61.46909588623306,16.25062792890358],[-61.47117852326144,16.250382027390657],[-61.470193812054596,16.250241452432235],[-61.470138632288425,16.248963820594273],[-61.47387450587056,16.24856272614312],[-61.47663851882046,16.249689124037523],[-61.47746015886908,16.24957162657265],[-61.47738583646364,16.250266385040046],[-61.476626826763166,16.250382028321514],[-61.476084003212705,16.251215361476827],[-61.479365054530334,16.25151737496997],[-61.48104628737924,16.24903172985405],[-61.481785491885596,16.24871536241796],[-61.48016355554924,16.248520101796412],[-61.48013863265104,16.247870229444224],[-61.48104235210374,16.24714698199596],[-61.4849601540828,16.246071128829854],[-61.48490497404868,16.246908120338656],[-61.484126822598775,16.247249420616576],[-61.48680529938436,16.24724942025401],[-61.487734536216614,16.24567539626986],[-61.488471968571275,16.245582753320765],[-61.48850093995879,16.24480183835674],[-61.49246015086997,16.243519557465618],[-61.49263863739918,16.243916086050668],[-61.49298226916607,16.24343960817016],[-61.49525342898862,16.24376363351507],[-61.49996015609003,16.246057045119052],[-61.49989221362476,16.247758079407475],[-61.50046572757907,16.248082767236117],[-61.50097196263995,16.24808275170098],[-61.500971964352566,16.24704869838547],[-61.5002129542177,16.2469330536862],[-61.50013863264748,16.246134214220003],[-61.501008407042484,16.246558154134117],[-61.50352539778646,16.249762294711953],[-61.508731474313954,16.245436782222733],[-61.510591362234834,16.24560682724991],[-61.51097196403271,16.24638370944604],[-61.51097196667149,16.24478821842391],[-61.513516111564456,16.24518917697451],[-61.51574965067956,16.24702616206061],[-61.51716030214556,16.24706090676824],[-61.51782012004604,16.242463982441354],[-61.51738977254192,16.23899817291496],[-61.51799695339397,16.23710599617017],[-61.51677193229767,16.23530639407322],[-61.516547536634995,16.23309958693362],[-61.51740495855415,16.23322332560171],[-61.517638649014344,16.23474941581636],[-61.51834861842817,16.232882034513555],[-61.51663807689147,16.23266042282651],[-61.51771441836641,16.230407169029803],[-61.51933253848354,16.229056157385042],[-61.52001784175872,16.225591138570366],[-61.518471998033974,16.225184739989825],[-61.51847200053505,16.22368173784387],[-61.51662678696621,16.223069506337907],[-61.516453726994854,16.223678017816585],[-61.5153710231922,16.223701746998326],[-61.514960119134365,16.222516498681294],[-61.5149601214765,16.223916082569804],[-61.51569756328488,16.22400872656084],[-61.51579345613182,16.2246469966387],[-61.51430250800086,16.223685387743966],[-61.510895602252845,16.22274631614654],[-61.50930533422204,16.22423131917975],[-61.509379650597566,16.22319839373538],[-61.51097200396581,16.222249416392025],[-61.51021298508645,16.221933055090645],[-61.51013867246017,16.22121536712227],[-61.508524468340106,16.22290386405687],[-61.50660966019989,16.223299061153526],[-61.506481284823,16.224495391657115],[-61.50509992034955,16.224548699687052],[-61.50325784958185,16.223419724357267],[-61.499305338264044,16.22265701767739],[-61.50013867250585,16.22204869909192],[-61.49940122896766,16.22195605399559],[-61.4993053406692,16.221215365674063],[-61.49746011466261,16.221215365426346],[-61.497385802302176,16.221933054052318],[-61.49662678293157,16.222252739086304],[-61.49513867318527,16.222070850531097],[-61.495258369251985,16.221487882739922],[-61.49597200748081,16.221416085044943],[-61.4959720087721,16.2206332254939],[-61.49496011322202,16.220547500494288],[-61.49386326518339,16.22204262000058],[-61.49180533966738,16.222459188208315],[-61.49180534036569,16.222048697971406],[-61.489960115025,16.222048697722464],[-61.49079344935052,16.222599325323245],[-61.48680534064222,16.22231394970628],[-61.48680534246236,16.221215363990023],[-61.48597200999636,16.220754462607374],[-61.48162677681104,16.219783565410626],[-61.48162677944237,16.221373270888222],[-61.47990043571172,16.220921138625545],[-61.478472011763834,16.220348419687436],[-61.47847201446507,16.21871536294125],[-61.4777345684261,16.21862271867282],[-61.476741938671935,16.21704869611077],[-61.47645371998452,16.217844679912723],[-61.47531638932476,16.21784680629587],[-61.47513868436958,16.217048695875093],[-61.47431858402988,16.216820876092314],[-61.47430535391153,16.215382029149225],[-61.474126770544224,16.21662365434542],[-61.471444737563296,16.2151723784835],[-61.47014075602347,16.213239062279193],[-61.470041193097536,16.210681038719418],[-61.4711256269725,16.20872682519214],[-61.47303540893914,16.207497275084517],[-61.47531954760257,16.207282740291657],[-61.47873831106308,16.208554451139104],[-61.48056027629144,16.209910369303024],[-61.48264087959816,16.21204869705777],[-61.481626764030565,16.212048696921073],[-61.481507407484344,16.21280994177305],[-61.482676730916985,16.21380548219615],[-61.486707132974374,16.214713930092127],[-61.49250627276146,16.214548698325466],[-61.491145070570724,16.214511348416277],[-61.49097202092518,16.21371536479807],[-61.48996010125184,16.213715364661493],[-61.489727760170275,16.214535077341445],[-61.48787102880703,16.214535077095043],[-61.48763868897018,16.213167905435853],[-61.49528484429937,16.212920620273696],[-61.496481272969596,16.213136058085052],[-61.49746010405603,16.21479971661806],[-61.498472017740696,16.214978597518076],[-61.49847201847346,16.21454869911354],[-61.4976636054404,16.214353436547885],[-61.49763868752126,16.213175955951932],[-61.50339730486137,16.214281334237093],[-61.504943710356976,16.214134369499426],[-61.50496010636295,16.215582750362284],[-61.50597201572225,16.215566769934423],[-61.50599693817011,16.214111345161168],[-61.506614297819084,16.213916083427765],[-61.50812038476995,16.213953431888225],[-61.50829343876652,16.21474941656326],[-61.50912677308493,16.215282083356996],[-61.51156667397014,16.215061872728203],[-61.513472014592324,16.215605365331204],[-61.51370436192234,16.214763035455814],[-61.51635809991759,16.214749415207482],[-61.52489355559466,16.21775628601645],[-61.5232934459434,16.217882035642486],[-61.52320458518403,16.21861523215714],[-61.524308690826835,16.21918983305485],[-61.52680534088204,16.218731250434487],[-61.5286222806489,16.21970515628116],[-61.52993519752981,16.22102010483479],[-61.527968003028874,16.221215369096303],[-61.52887374806722,16.222249413765873],[-61.52986422931608,16.222342058544246],[-61.53073835306006,16.223809133752546],[-61.52913544647945,16.227983378623684],[-61.52729923431538,16.241309627593708],[-61.53103620050848,16.245469131215668],[-61.5325339035935,16.24411679871551],[-61.534247546911274,16.24346067482478],[-61.53817220591715,16.24413708036262],[-61.540453162666594,16.24652453846682],[-61.54069024235892,16.24959020114197],[-61.54819865351765,16.249009851589165],[-61.548268577671024,16.250186771978342],[-61.54746016989627,16.250582745631256],[-61.551882849315625,16.25152827110233],[-61.555971949525656,16.251347409086616],[-61.55692500059467,16.2498212103087],[-61.55829102644247,16.24940743938619],[-61.55981464454269,16.249802718553745],[-61.55996017151878,16.250582744015475],[-61.560793505554706,16.250957451163703],[-61.566805281906966,16.251013629813375],[-61.567966061479716,16.249749409242867],[-61.56972777889391,16.24976302928525],[-61.569960172806375,16.250582742732885],[-61.5716196059702,16.250833713478347],[-61.57513861528176,16.25031145253884],[-61.575402180066824,16.24975548610501],[-61.57763861587758,16.249749408400046],[-61.57848558041515,16.248309050747697],[-61.58037674418224,16.248000314979418],[-61.58232150696921,16.24484945485641],[-61.58446719432957,16.234171641336413],[-61.58670154701105,16.228642462592262],[-61.591494631444796,16.220645610197867],[-61.59184032583973,16.223082739255496],[-61.593607621681876,16.22013086008173],[-61.59541195430628,16.216210699367934],[-61.59519384750022,16.21405665318536],[-61.59715010096851,16.213916895974346],[-61.597692252616504,16.2133224671081],[-61.600309270645624,16.20788204573341],[-61.599478401790755,16.20784469437289],[-61.599305350251484,16.207048712441996],[-61.59879716807745,16.207048606355105],[-61.601240527545606,16.2011074087697],[-61.59923425299073,16.199798240476483],[-61.59792134525913,16.198089147376884],[-61.59722537415555,16.195374022979276],[-61.59454167998477,16.18954488619309],[-61.59347363295666,16.18336805314976],[-61.59472774776824,16.183096358014286],[-61.595135466702324,16.18391607122023],[-61.59492373298089,16.18264551341698],[-61.59275532760044,16.18001064948797],[-61.58972586221706,16.177981258894754],[-61.588896894813956,16.176819928995204],[-61.58847207198229,16.1745487121451],[-61.58702064115413,16.173695855084983],[-61.58690985102255,16.171501211585745],[-61.58847207851606,16.170582738394145],[-61.58688990372239,16.170382045362743],[-61.58658934748514,16.163916071781195],[-61.58763875627392,16.163916071667522],[-61.58763876050248,16.16134872032869],[-61.58733193652161,16.160316284045155],[-61.58570720389931,16.16038204553914],[-61.58466042073762,16.157249404875888],[-61.58595019049818,16.15641607170331],[-61.585110428367486,16.15454871238475],[-61.58351075269966,16.153548170217903],[-61.58347210970042,16.152048712249005],[-61.58266368969337,16.151853441735494],[-61.58295251333606,16.14975004811315],[-61.58248724565948,16.14871537890951],[-61.5810917705008,16.148643576663154],[-61.58097211826253,16.147048712095398],[-61.580250279112065,16.14696976182746],[-61.5756569938172,16.131809964800144],[-61.574290104888796,16.130413818094308],[-61.57312208541795,16.127811000114956],[-61.57183717591564,16.123082739316654],[-61.57324288562032,16.122882045207074],[-61.57269397481345,16.122741462510344],[-61.5726388271371,16.122048711850887],[-61.571262561472835,16.122048711355603],[-61.57015948587889,16.11828950741353],[-61.571620014770616,16.117249405879846],[-61.57192628911669,16.115315529982933],[-61.56936065436876,16.113574795789596],[-61.56930551111907,16.111754900078772],[-61.56643412370286,16.107853617013426],[-61.56458712097828,16.107882044311243],[-61.56234255112677,16.104889805663433],[-61.562638857214026,16.104548711139817],[-61.56215914043091,16.10454871074022],[-61.56180552672746,16.10288204442025],[-61.56130355464221,16.10288204397596],[-61.56035515085964,16.100799739389096],[-61.560145155972684,16.097504014233593],[-61.56097220306972,16.097048711169734],[-61.56019401147388,16.096908128800663],[-61.56013887258187,16.09538204445001],[-61.559748378708626,16.095382044206346],[-61.55949166619079,16.08978073476316],[-61.56093982159068,16.089749406586535],[-61.56084767972129,16.088715378107754],[-61.55933529502167,16.08853000130542],[-61.55931964296941,16.085807235758747],[-61.56013888863288,16.0855827399094],[-61.56013889714697,16.080382044938613],[-61.55936070093212,16.080241462406132],[-61.55930556611096,16.079042848106823],[-61.56029552097395,16.071462882684163],[-61.56097224503678,16.071416072786764],[-61.56114517810751,16.070620089394424],[-61.5626389128379,16.070582739218313],[-61.562758521366604,16.069821206456552],[-61.56370249964606,16.06974940550739],[-61.563971361495604,16.065382045799176],[-61.56349715676099,16.065186775430238],[-61.563473831712905,16.0642013870022],[-61.56406160471887,16.063916072167675],[-61.56427914491738,16.060382046132048],[-61.563497164312615,16.060186775505006],[-61.56347226545995,16.0587153794064],[-61.562663833601675,16.058520108822194],[-61.56263893544586,16.056732391868387],[-61.56430560412612,16.055382046288678],[-61.56080090676737,16.055382045840616],[-61.56107705075282,16.05442239650541],[-61.567945713591364,16.036425227854355],[-61.57085103094937,16.026416070428912],[-61.57150688940409,16.026487871442797],[-61.571805649021876,16.02724940364415],[-61.57180565070795,16.026215381532147],[-61.57090686776885,16.026215381434472],[-61.571953243540264,16.023533597132932],[-61.57381659352534,16.021416069557368],[-61.57484021783255,16.021487871023385],[-61.5757931331187,16.023140189297642],[-61.57604487053919,16.021372782963216],[-61.58148919531921,16.017054061272624],[-61.58929621263383,16.015155037819945],[-61.59100513632991,16.01436961223595],[-61.59120445463982,16.01309635446493],[-61.592286901108906,16.013120084660457],[-61.59245978652465,16.01370103526105],[-61.597122231988685,16.012048718170785],[-61.59531188681649,16.012011366317974],[-61.595139005763116,16.010932229660227],[-61.59829311448644,16.009962812575186],[-61.59829311734667,16.01172824945732],[-61.601805671821054,16.01076682564554],[-61.600919770631194,16.008715385803573],[-61.599330571030265,16.008520111353892],[-61.599307256283694,16.00503471996021],[-61.60061394318688,16.00474939929355],[-61.60253481346908,16.002048719558598],[-61.601626435371855,16.002048719426607],[-61.6015713199851,16.00274146698577],[-61.600793103290364,16.00288205262842],[-61.599786895726055,16.0045113670486],[-61.598960200036,16.00454871887725],[-61.59927941022467,16.003613303617563],[-61.602061587576756,15.99974939887973],[-61.602639022995604,15.999749399066642],[-61.60273481114506,15.999008715013272],[-61.60400125793116,15.998983846518577],[-61.60347864215371,15.998460770952974],[-61.60351097701347,15.996583276383905],[-61.60460796060476,15.99641606506641],[-61.604985318745854,15.994818910709933],[-61.607414373535896,15.992227412090452],[-61.612098611172144,15.991276156662186],[-61.61493134986336,15.989611548851315],[-61.61365351228165,15.987210583531382],[-61.61334597248166,15.982145697293129],[-61.615048149674344,15.978815411318648],[-61.61794931864125,15.975684578726726],[-61.62388896921211,15.971326977119107],[-61.627920470417536,15.97003639326897],[-61.63342118117407,15.965409718021021],[-61.63635551844648,15.96544822194621],[-61.641019582064196,15.96740277900571],[-61.64383144386838,15.967250915970684],[-61.644126384963904,15.967814330421243],[-61.64611419637878,15.9673082144309],[-61.64811972183327,15.96795117651153],[-61.649160658059444,15.96759031054424],[-61.65171746470424,15.9650969967479],[-61.654654334370164,15.96430359890012],[-61.65533362403823,15.962981706666099],[-61.65808989130031,15.960378284913267],[-61.66072312352472,15.96015541968731],[-61.66264212905193,15.9615063516038],[-61.66582862372084,15.960740702053197],[-61.65025674490239,15.952038221343972],[-61.64239871110601,15.948794262008098],[-61.63806701062819,15.943885655993487],[-61.63368403035787,15.93491154052966],[-61.633480997377156,15.932729782839845],[-61.630652840894975,15.928816663310187],[-61.62645786868465,15.921309379948589],[-61.615629933334795,15.9006214264657],[-61.60682636787231,15.88185859476893],[-61.59806328296855,15.866625586331928],[-61.598411887149595,15.8628820568791],[-61.597459542771404,15.862882056742603],[-61.597363821775396,15.863622738372507],[-61.59465951094317,15.863715389363808]],[[-61.2793053094957,16.260381999392433],[-61.27829348102563,16.26038199923681],[-61.27806110758178,16.261201713285462],[-61.27662681548167,16.26121533228656],[-61.276626817196274,16.262249451020228],[-61.27746015115759,16.262574664255197],[-61.279305306630555,16.26211145713216],[-61.2793053094957,16.260381999392433]],[[-61.283471963045905,16.267881999788973],[-61.28329349423812,16.2678819997616],[-61.283293494571176,16.268082783471762],[-61.283471963045905,16.267881999788973]],[[-61.30329347659057,16.25538200321761],[-61.303293476709804,16.255452528560728],[-61.303424528830234,16.255454194003203],[-61.30329347659057,16.25538200321761]],[[-61.34347196969267,16.258082774156534],[-61.34347197002545,16.257882009156397],[-61.3427313400105,16.258082774206816],[-61.34347196969267,16.258082774156534]],[[-61.35823840221808,16.32655667238832],[-61.35829360426442,16.327249440344175],[-61.35930518562296,16.327249440195917],[-61.359600624260885,16.326417629341154],[-61.36222780813436,16.326429724968364],[-61.36263851843768,16.327249439708027],[-61.36287098174368,16.32642972488523],[-61.36597185264134,16.32641610586719],[-61.35746026889027,16.326103321794616],[-61.35823840221808,16.32655667238832]],[[-61.38162679125919,16.237048682084954],[-61.381616166634366,16.23764414772127],[-61.38294370450382,16.237048681927394],[-61.38162679125919,16.237048682084954]],[[-61.39079361457207,16.330582769042483],[-61.39097184185169,16.330582769016875],[-61.39097184284354,16.329973473102818],[-61.39079361457207,16.330582769042483]],[[-61.41996014285942,16.244749429432456],[-61.42013864666421,16.24474942940725],[-61.4201398223921,16.24420928808355],[-61.41996014285942,16.244749429432456]],[[-61.42079347735877,16.24538202074368],[-61.4207934776912,16.245582762668697],[-61.421805311700716,16.245582762525927],[-61.421601887452915,16.24518676549297],[-61.42079347735877,16.24538202074368]],[[-61.42662698882228,16.352048684741916],[-61.426626989157214,16.352249431155254],[-61.42680513364648,16.352249431130236],[-61.42662698882228,16.352048684741916]],[[-61.440138635398,16.249749426724527],[-61.44023453727473,16.24900873426915],[-61.440971969988155,16.24891609325445],[-61.44097216005279,16.247562030361934],[-61.440138676294055,16.247310700467004],[-61.43878176442162,16.249749426556686],[-61.440138635398,16.249749426724527]],[[-61.443293486385755,16.24891609293122],[-61.444727773979,16.24892971189112],[-61.44496015466603,16.24974942605339],[-61.44597196786768,16.249749425912814],[-61.44601169301502,16.249081576961554],[-61.443293485490784,16.248399057769813],[-61.443293486385755,16.24891609293122]],[[-61.444960140533475,16.241215357598037],[-61.44481462965606,16.241995384182804],[-61.44370596190375,16.242048690502042],[-61.445312373197055,16.242556607642477],[-61.444960140533475,16.241215357598037]],[[-61.45912679951716,16.235382026415408],[-61.45912679984934,16.23558275707652],[-61.459305322694185,16.235582757051937],[-61.45912679951716,16.235382026415408]],[[-61.45996011917967,16.227048693469012],[-61.459960119511656,16.227249423422546],[-61.46013866969185,16.227249423397957],[-61.45996011917967,16.227048693469012]],[[-61.48930528278961,16.257048696488916],[-61.48842964585381,16.257048696384256],[-61.48861308504146,16.25784038569896],[-61.48930528051412,16.25839905761141],[-61.48930528278961,16.257048696488916]],[[-61.489839514941416,16.258916086714635],[-61.49013861290809,16.258916086759502],[-61.490138613240795,16.258715363213483],[-61.489839514941416,16.258916086714635]],[[-61.49180530280557,16.244749419516953],[-61.49180530313793,16.244548697235388],[-61.491626819145495,16.244548697211332],[-61.49180530280557,16.244749419516953]],[[-61.50180529447414,16.24891608494336],[-61.501805294806594,16.248715365109174],[-61.501626827396805,16.24871536508528],[-61.50180529447414,16.24891608494336]],[[-61.50579345220523,16.22308275043657],[-61.50585264586179,16.223082750445318],[-61.50579345217797,16.223065836199382],[-61.50579345220523,16.22308275043657]],[[-61.50579349495606,16.24891608441004],[-61.50597196054735,16.248916084386206],[-61.505971960879805,16.24871536566632],[-61.50579349495606,16.24891608441004]],[[-61.50680529514245,16.24808275092096],[-61.5068052954749,16.247882032471534],[-61.50662682668851,16.247882032447716],[-61.50680529514245,16.24808275092096]],[[-61.561626558466806,16.080582739594664],[-61.562638896475406,16.080582739464337],[-61.562638896803904,16.08038204526062],[-61.561626558466806,16.080582739594664]],[[-61.573293139174325,16.027048715028613],[-61.57319734116673,16.027789398914695],[-61.57245980709307,16.027882048228328],[-61.57150689306782,16.02947691219805],[-61.57079314293063,16.029548714627587],[-61.570793144617106,16.030582737188855],[-61.571530677214305,16.03067538494552],[-61.57245981421616,16.03224940368319],[-61.57303332035962,16.032256316557756],[-61.57429437775767,16.027882048467198],[-61.57367422566625,16.027857969158216],[-61.573293139174325,16.027048715028613]],[[-61.57137566329761,16.07891607138352],[-61.570793223065635,16.07860283887287],[-61.5707932235859,16.078916071710236],[-61.57137566329761,16.07891607138352]],[[-61.57412647125559,16.026215381828838],[-61.574126471582815,16.02641606999368],[-61.57471401695073,16.026426382066017],[-61.57412647125559,16.026215381828838]],[[-61.574959803336874,16.02538204862899],[-61.57495980400478,16.025804051110985],[-61.57513898459336,16.025598030172507],[-61.574959803336874,16.02538204862899]],[[-61.57513890844459,16.07222568280214],[-61.57513890873317,16.072048713800385],[-61.57499761647469,16.072048713794818],[-61.57513890844459,16.07222568280214]],[[-61.57917920546407,16.137882045516125],[-61.579126654691756,16.137882045493882],[-61.579126655021575,16.138082738773665],[-61.57917920546407,16.137882045516125]],[[-61.59847208848341,16.163715380424687],[-61.59746003284156,16.16371538029775],[-61.59743679128666,16.164348925922614],[-61.598472087597486,16.164232391327133],[-61.59847208848341,16.163715380424687]],[[-61.59829337701278,16.17023922814915],[-61.598293377589016,16.170582737158416],[-61.598472077174094,16.170582737136012],[-61.59829337701278,16.17023922814915]],[[-61.59912675774486,16.19891607109061],[-61.59984040450381,16.198987871800014],[-61.6001386955248,16.199749404317927],[-61.600618921361765,16.198916070758756],[-61.599953800213505,16.19846076903685],[-61.59912675774486,16.19891607109061]],[[-61.60162675943412,16.199749404131754],[-61.60200437257011,16.199749403907653],[-61.60162675905795,16.199522275207123],[-61.60162675943412,16.199749404131754]],[[-61.605237120070846,16.019548719246103],[-61.604959797626044,16.01954871927486],[-61.60495979795311,16.01974939926735],[-61.605237120070846,16.019548719246103]],[[-61.60412671086817,16.170121006875224],[-61.60412671165421,16.17058273642854],[-61.6043054097289,16.170582736406224],[-61.60412671086817,16.170121006875224]],[[-61.60680565414534,16.021215386117863],[-61.60662646721768,16.0212153860955],[-61.606626467544785,16.0214160657668],[-61.60680565414534,16.021215386117863]],[[-61.610793377780794,16.169749402244104],[-61.61097207688228,16.169749402221896],[-61.61097207721282,16.16954871512709],[-61.610793377780794,16.169749402244104]],[[-61.61829309218534,15.994715231649709],[-61.618293092239725,15.994749396994784],[-61.61847236236324,15.994749396972594],[-61.61829309218534,15.994715231649709]],[[-61.625139055250486,15.978082729073563],[-61.62513905538792,15.977999405083029],[-61.62501913468463,15.978082729104901],[-61.625139055250486,15.978082729073563]],[[-61.62621846712083,15.977249395343451],[-61.62680572305237,15.977249395514535],[-61.6268057236978,15.97684134587607],[-61.62621846712083,15.977249395343451]],[[-61.62782912112618,15.976416061871632],[-61.628472390854455,15.976416061955762],[-61.62847239117583,15.976218336118489],[-61.62782912112618,15.976416061871632]]],[[[-61.31265754484226,16.251003811223047],[-61.3141268036538,16.250601857029825],[-61.31392468975824,16.25119126230912],[-61.31265754484226,16.251003811223047]]],[[[-61.32412684625888,16.275382005706852],[-61.32373920485393,16.276215338673417],[-61.324159354037384,16.274761142867444],[-61.32496017677552,16.27361356953954],[-61.324885851675184,16.275266370665012],[-61.32412684625888,16.275382005706852]]],[[[-61.33995866255379,16.31009672522305],[-61.339461071718326,16.310382006728734],[-61.33926791057949,16.308916109376543],[-61.33995866255379,16.31009672522305]]],[[[-61.34597347510722,16.300930058587046],[-61.34597762548565,16.300007711317257],[-61.34637782784957,16.301215341256075],[-61.34597347510722,16.300930058587046]]],[[[-61.357871015340315,16.257263057301525],[-61.35877411967812,16.25724943820491],[-61.35763863473976,16.25771194437839],[-61.357871015340315,16.257263057301525]]],[[[-61.37347186559151,16.317942177984236],[-61.37496025841362,16.31827057248723],[-61.374727805938704,16.31870172531268],[-61.373567795609944,16.318622705878298],[-61.37347186559151,16.317942177984236]]],[[[-61.39192502893684,16.2369768878908],[-61.39180533256143,16.23571893384192],[-61.394126791129835,16.23589814605116],[-61.39329345824053,16.23621535046036],[-61.39321914364608,16.236933044536844],[-61.39192502893684,16.2369768878908]]],[[[-61.39537102224488,16.237035064056105],[-61.3951386648231,16.236057450131458],[-61.39746012587927,16.236439795090966],[-61.39537102224488,16.237035064056105]]],[[[-61.39912067081128,16.340127429091456],[-61.39846181999269,16.34038201446962],[-61.39812374226792,16.3389161013911],[-61.398799394149776,16.33891610104174],[-61.39912067081128,16.340127429091456]]],[[[-61.40556115204376,16.34476305274837],[-61.405779536872245,16.345990871611797],[-61.40509493180694,16.346215348568354],[-61.40263848191592,16.345478567536233],[-61.40263848256243,16.34506572404974],[-61.40556115204376,16.34476305274837]]],[[[-61.40867410017403,16.243940173520624],[-61.409377722607815,16.24391609753517],[-61.4084719818308,16.24470523034827],[-61.40867410017403,16.243940173520624]]],[[[-61.424305325147515,16.23723457308928],[-61.42546881211842,16.2378818907325],[-61.42460063621611,16.23788049801851],[-61.424305325147515,16.23723457308928]]],[[[-61.43680513000377,16.353529307734316],[-61.43829366040422,16.354013192291387],[-61.438061159066805,16.35453506613973],[-61.43690107985768,16.354456044716652],[-61.43680513000377,16.353529307734316]]],[[[-61.44013846102124,16.35463231922009],[-61.44162699569731,16.354911704368483],[-61.441394492930186,16.355368399891034],[-61.44023441185415,16.355289378358247],[-61.44013846102124,16.35463231922009]]],[[[-61.45514022157964,16.242596727185163],[-61.45514682401607,16.24166340899074],[-61.45611099333848,16.242882025650438],[-61.45514022157964,16.242596727185163]]],[[[-61.460971958758215,16.253916090609266],[-61.46120434585314,16.25309637648202],[-61.46244606365941,16.253307240134934],[-61.46222777836895,16.254535072496974],[-61.461386605266036,16.254084788605336],[-61.459305291042604,16.25469752415423],[-61.459305291773404,16.25423239107908],[-61.460971958758215,16.253916090609266]]],[[[-61.46327940106709,16.255807240112524],[-61.46329238195256,16.256754416766643],[-61.46230731421537,16.255582757014007],[-61.46327940106709,16.255807240112524]]],[[[-61.47802994197761,16.25808883221233],[-61.47829350779934,16.258916088364053],[-61.47912659802364,16.259227599127534],[-61.47513861476068,16.25909556103517],[-61.475138615893144,16.258399057728397],[-61.47802994197761,16.25808883221233]]],[[[-61.480466061828814,16.258916087677594],[-61.48153093436917,16.259008730373438],[-61.48153093634202,16.260289384731806],[-61.481176096361935,16.260382028428197],[-61.48082620506549,16.25899326761695],[-61.480466061828814,16.258916087677594]]],[[[-61.48453769602224,16.2137017433562],[-61.48430535659512,16.212882030590503],[-61.483472024137185,16.212416433070928],[-61.48662676690545,16.21339905790873],[-61.48453769602224,16.2137017433562]]],[[[-61.509507419681555,16.256440160972225],[-61.510059332526,16.256416084045814],[-61.50930528003715,16.256983272779973],[-61.509507419681555,16.256440160972225]]],[[[-61.54329351607729,16.258666268385863],[-61.54097193933712,16.258747465220136],[-61.5412043399097,16.258096366345157],[-61.54317379539075,16.258154545140794],[-61.54329351607729,16.258666268385863]]],[[[-61.568472211600195,16.09121537899015],[-61.56765296701317,16.090990881028468],[-61.56787108633648,16.08892969240752],[-61.568893740412925,16.088916071975373],[-61.568799393483104,16.092048711950756],[-61.568472211600195,16.09121537899015]]],[[[-61.571807101348725,16.10259672966579],[-61.57180552685595,16.10196667633668],[-61.572506091991144,16.102882045807014],[-61.571807101348725,16.10259672966579]]],[[[-61.57680719304604,16.045868053523403],[-61.57705775064203,16.04559151790294],[-61.57714073123864,16.047048714498306],[-61.57680719304604,16.045868053523403]]],[[[-61.5810273037879,16.12524146305027],[-61.5811175907486,16.123969380474673],[-61.58193472819841,16.123916071306862],[-61.58270172622068,16.125382046320606],[-61.5810273037879,16.12524146305027]]],[[[-61.58373558713656,16.0153759714866],[-61.58347233425443,16.014881355493827],[-61.586626453110235,16.0141147742661],[-61.58579312039505,16.014548717025445],[-61.585697327872715,16.0152894003417],[-61.58373558713656,16.0153759714866]]],[[[-61.587447252029044,16.023313158147385],[-61.58513898597275,16.02392099264157],[-61.585371116821,16.023096355403787],[-61.587447252029044,16.023313158147385]]],[[[-61.5907933931263,16.180585740984643],[-61.58858431329788,16.17904136961607],[-61.58716010367629,16.176416071700324],[-61.588197514424955,16.176508719148586],[-61.588293387311175,16.17724940524866],[-61.58992140515765,16.178249945511737],[-61.58996005830917,16.179749405100335],[-61.59069751853039,16.179842052313344],[-61.5907933931263,16.180585740984643]]],[[[-61.58849703418815,16.144111340568884],[-61.58916184092073,16.143916070991814],[-61.589617255545825,16.14538204621853],[-61.588567976167276,16.14528939740627],[-61.58849703418815,16.144111340568884]]],[[[-61.59097233722211,16.012435084094815],[-61.592459783552854,16.011884161037614],[-61.59231443121132,16.012828740144286],[-61.59097233722211,16.012435084094815]]],[[[-61.59736891789519,16.0198472965414],[-61.59513898992685,16.020666537230326],[-61.595340897113736,16.019773478715965],[-61.59736891789519,16.0198472965414]]],[[[-61.59594362595939,16.23141607230804],[-61.59507072199433,16.233715377719744],[-61.594319405730005,16.233490880249903],[-61.594425016562994,16.231487872949153],[-61.59594362595939,16.23141607230804]]],[[[-61.600792871152564,15.859548723935818],[-61.600560929614915,15.860368435573278],[-61.599319988462184,15.860157551697734],[-61.59934450718673,15.859083275343043],[-61.60013925138787,15.858916062607648],[-61.60037119381237,15.858096349769509],[-61.60137039829284,15.858252810534008],[-61.602459537484314,15.859232392660163],[-61.600792871152564,15.859548723935818]]],[[[-61.60565205035927,16.214749403895556],[-61.604018311770446,16.217882045935607],[-61.6029021884042,16.217875967344707],[-61.60264495933991,16.215837346700802],[-61.60347200226445,16.215582737628196],[-61.603591699919924,16.21482120509004],[-61.60565205035927,16.214749403895556]]],[[[-61.609864005286305,16.023175381402837],[-61.60995980536971,16.02391606541265],[-61.61076824164488,16.024111338592927],[-61.61079314091539,16.025217096240205],[-61.60818282030015,16.02391606555963],[-61.60854656046143,16.023198382790156],[-61.609864005286305,16.023175381402837]]],[[[-61.62305360595616,15.987249395988995],[-61.62342901404166,15.98954872255726],[-61.62265311873514,15.989324217624356],[-61.62305360595616,15.987249395988995]]],[[[-61.622663928298856,15.990778004539385],[-61.623265498754265,15.990582729597994],[-61.62300821345935,15.991283405190483],[-61.62266392655739,15.991853446048182],[-61.622663928298856,15.990778004539385]]],[[[-61.624507587138,15.979773474465956],[-61.62510066158716,15.97974939579842],[-61.62430571810904,15.980494718439937],[-61.624507587138,15.979773474465956]]],[[[-61.63517767104889,15.974916607665442],[-61.635872176061014,15.974749394359446],[-61.635584161767355,15.975398599770353],[-61.635163948820555,15.976020113539468],[-61.63517767104889,15.974916607665442]]]]}},{"type":"Feature","properties":{"feature_id":"AEP_FEEDERBEC__P2","layer_key":"eau_aep","layer_label":"Eau AEP","economic_unit_id":"AEP_FEEDERBEC__P2","economic_state":"S3","economic_exposure_eur":3787746.0,"economic_damage_eur":807359.0,"economic_damage_ratio_pct":21.315,"economic_asset_count":28,"criticality_territory":"guadeloupe","criticality_family":"aep","criticality_scenario":"rp1000","criticality_period_years":"1000","criticality_hazard":"storm_cmcc"},"geometry":{"type":"MultiPolygon","coordinates":[[[[-61.45263869867352,16.210382026335875],[-61.45079342376282,16.210424420880205],[-61.45071590846865,16.211103137253414],[-61.44680536535692,16.2108724068385],[-61.44680536620042,16.210382025527313],[-61.44662675720411,16.210861734275095],[-61.44477953414473,16.210575281973675],[-61.44409654030934,16.21269739092369],[-61.44277384810968,16.2140662245455],[-61.439305351859176,16.219733126447387],[-61.43854632971978,16.219433048943888],[-61.43847202033121,16.218715357428547],[-61.43746010226191,16.218715357287238],[-61.4372277606112,16.21953507028281],[-61.43412676983695,16.219548690127255],[-61.43486421733742,16.219842067616504],[-61.43496010469746,16.22040104894584],[-61.43183951866597,16.218522789421737],[-61.4308280064341,16.217094049446093],[-61.43078881346354,16.21543148391744],[-61.43151472579916,16.214163620189133],[-61.43362851212116,16.213207116544144],[-61.43584107754416,16.21374794669961],[-61.43884740256773,16.20891989713827],[-61.43930536835606,16.209749425853676],[-61.43947841335203,16.208120106708897],[-61.44162307734193,16.208082758821174],[-61.4419250557753,16.207321221461584],[-61.44335417853386,16.20660437406236],[-61.45013870482071,16.2068740272029],[-61.45040219790066,16.20642216802157],[-61.45296606060635,16.206416090150146],[-61.45347203773873,16.206824015926568],[-61.45364508029994,16.206453438271385],[-61.454305371645546,16.206416090355024],[-61.45430537335321,16.205382026729428],[-61.45284078770358,16.20535794890475],[-61.452638707954556,16.204762253088923],[-61.4545237764305,16.20419111309468],[-61.45643478675371,16.204147710682005],[-61.45912674885161,16.204731928949855],[-61.45912675163204,16.206416089689714],[-61.45930537366476,16.20474882582672],[-61.46226771100926,16.20473152002147],[-61.47048769175191,16.205679455582924],[-61.473170597109814,16.20680666832778],[-61.474260524124716,16.208756820507933],[-61.47361155084272,16.210951027416343],[-61.47154683938376,16.21205916176562],[-61.45552695470104,16.210121115058953],[-61.452652793745244,16.210990875095558],[-61.45263869867352,16.210382026335875]]],[[[-61.43867411368023,16.21977350240603],[-61.439288600292834,16.219749426108926],[-61.43847201772664,16.220286993739908],[-61.43867411368023,16.21977350240603]]]]}},{"type":"Feature","properties":{"feature_id":"AEP_FEEDERBEC__P3","layer_key":"eau_aep","layer_label":"Eau AEP","economic_unit_id":"AEP_FEEDERBEC__P3","economic_state":"S0","economic_exposure_eur":5631.0,"economic_damage_eur":123.0,"economic_damage_ratio_pct":2.19,"economic_asset_count":1,"criticality_territory":"guadeloupe","criticality_family":"aep","criticality_scenario":"rp1000","criticality_period_years":"1000","criticality_hazard":"storm_cmcc"},"geometry":{"type":"Polygon","coordinates":[[[-61.50683189012725,16.236784595397427],[-61.50608409661813,16.23657703876238],[-61.50624833081246,16.235892237277284],[-61.50696732925706,16.236059722969166],[-61.50683189012725,16.236784595397427]]]}},{"type":"Feature","properties":{"feature_id":"AEP_FEEDERMOU","layer_key":"eau_aep","layer_label":"Eau AEP","economic_unit_id":"AEP_FEEDERMOU","economic_state":"S0","economic_exposure_eur":8919340.0,"economic_damage_eur":195129.0,"economic_damage_ratio_pct":2.188,"economic_asset_count":37,"criticality_territory":"guadeloupe","criticality_family":"aep","criticality_scenario":"rp1000","criticality_period_years":"1000","criticality_hazard":"storm_cmcc"},"geometry":{"type":"MultiPolygon","coordinates":[[[[-61.62306726022044,16.1669983166589],[-61.62390174661505,16.167090672502827],[-61.62457939171751,16.16786120431904],[-61.62377307921047,16.168715383064995],[-61.62351802610251,16.171416067353903],[-61.62408806588594,16.171583276775422],[-61.62412514126986,16.17259672993165],[-61.623379574222916,16.17288204990461],[-61.62325473672342,16.174381505590862],[-61.622651528290916,16.174548716402466],[-61.621351239479004,16.17641606747522],[-61.62263873102522,16.176416067610642],[-61.62296606125732,16.175582733826946],[-61.62400704863293,16.175654535721787],[-61.624126723750194,16.176416067427425],[-61.625138730696776,16.176416067302927],[-61.62431168769892,16.175960769751807],[-61.62434405280592,16.17324994350751],[-61.62513873618906,16.17308273388678],[-61.62543397792551,16.172250923236696],[-61.62645369262487,16.172286750961074],[-61.62662671856595,16.173082733703897],[-61.627113155609685,16.173082733292297],[-61.62664320723707,16.175269563392852],[-61.62378187546683,16.17925560304682],[-61.62053727568745,16.181493751242147],[-61.61876730854816,16.182047192046696],[-61.618472056997206,16.181215382340575],[-61.617663640990585,16.181020109641814],[-61.61746006004852,16.17871538229747],[-61.61744596747286,16.180157548498084],[-61.61662672935895,16.1803820488064],[-61.6165943020391,16.18186879274877],[-61.614243385301805,16.181075647034866],[-61.61332869384203,16.182048715021768],[-61.609960064610775,16.182048714591563],[-61.6107684814606,16.182444673027486],[-61.61079340112656,16.183916069262466],[-61.611145087738905,16.1831200862098],[-61.612569183478925,16.183082735705785],[-61.610941664806695,16.184539615323647],[-61.60746006979467,16.18538204750452],[-61.60746007034425,16.185721357514833],[-61.6037625858268,16.18752337113634],[-61.60393064477266,16.187882046809577],[-61.60162673985403,16.187882046694533],[-61.6015308635227,16.188622730874158],[-61.60079340779055,16.188715379896294],[-61.600901329829256,16.18974940399203],[-61.60155243805988,16.18986505232643],[-61.6016267443085,16.190582737237364],[-61.60524022839277,16.190582736719143],[-61.6063025934962,16.19322945989615],[-61.609745627635526,16.195809603081287],[-61.610793424418056,16.198034819618396],[-61.61075477172152,16.199381504422014],[-61.60996009347801,16.199548714017542],[-61.6099600979361,16.202249403154962],[-61.61028418431007,16.20146937896985],[-61.611143181754365,16.20141606951299],[-61.61101462737573,16.203596395323025],[-61.610047499405624,16.20546035047597],[-61.609584949529875,16.208880940227726],[-61.60843855402336,16.21092732053048],[-61.60703769154908,16.21203509198417],[-61.60662677761673,16.210382046580484],[-61.60642467921853,16.211191300725552],[-61.60412677868067,16.211215379574718],[-61.60398128019938,16.21199540247745],[-61.602840101384245,16.2120243257461],[-61.601342331199135,16.21497123112773],[-61.59980094954008,16.216416071314583],[-61.6007382778807,16.216556652773047],[-61.600738279785965,16.217741462636436],[-61.59945083609336,16.217828735154004],[-61.59930533399584,16.216880637673867],[-61.59890115125512,16.217259496671137],[-61.598088954379385,16.2189160715333],[-61.59847199742305,16.218916071669877],[-61.59876730428982,16.218084260995568],[-61.603213904360615,16.21819280361758],[-61.60211934501179,16.21918282897762],[-61.59998896105896,16.223715378657296],[-61.59937964005145,16.223599729030244],[-61.59930532408903,16.22288204525557],[-61.59854630786997,16.22276639564929],[-61.598471992244775,16.22204871184522],[-61.59703768716679,16.222035090471856],[-61.59680532664379,16.22153411801045],[-61.59181899482091,16.230365731377525],[-61.592446044445886,16.23080723507427],[-61.59245856924898,16.23259672913578],[-61.591626813260085,16.23308273954881],[-61.59240496659468,16.233223320220617],[-61.59245385736572,16.23429410184106],[-61.591174094795946,16.23452463156774],[-61.59079348086817,16.233715377164046],[-61.59079348395802,16.23558273971598],[-61.59153091713923,16.235675386486],[-61.59162681877565,16.236416072965124],[-61.59330694815716,16.23641607275897],[-61.59259917679955,16.2405347306002],[-61.59273827762727,16.242441851533542],[-61.59218369607885,16.243973565557287],[-61.59187204060227,16.244423196235974],[-61.59180529062512,16.243715376962907],[-61.59102714042942,16.243574794718004],[-61.59097196016308,16.242048710246088],[-61.589126827782664,16.242048710013552],[-61.589073849444155,16.246071251080416],[-61.586440450389766,16.24574974759723],[-61.58387082837964,16.243463871590926],[-61.58304912437716,16.240790376692534],[-61.583196335870944,16.238906895549647],[-61.58414147554648,16.23726828070608],[-61.5846616963421,16.232738313411673],[-61.59151892709352,16.22066490225937],[-61.591626796721165,16.22308273929999],[-61.59240495284301,16.2232233201005],[-61.59245855553257,16.22426339585951],[-61.591626799145004,16.224548710903353],[-61.591552483724485,16.226099728398008],[-61.59079346846234,16.22621537741033],[-61.59064795973231,16.22699540066712],[-61.58996013640176,16.227048710611292],[-61.58996013949017,16.228916072988415],[-61.590793473418664,16.22923322662057],[-61.59269644020221,16.226078194172974],[-61.59267731586959,16.224083279185503],[-61.59396224500093,16.223958352603027],[-61.597602240752806,16.21652565918892],[-61.60017043791971,16.213992842114617],[-61.60031069746932,16.21371537887367],[-61.59873552320277,16.213709300301417],[-61.59847200650524,16.213399057796348],[-61.59854632152731,16.212365052933087],[-61.59930534166125,16.212249404732997],[-61.59945084262252,16.21146938029324],[-61.60013867625992,16.211416071274595],[-61.600177336841945,16.209083278598023],[-61.6009720136115,16.208916071108167],[-61.60097201531931,16.207882045956595],[-61.59930692571711,16.207596729290184],[-61.600326954671594,16.205656904940767],[-61.60049465317574,16.20365690434719],[-61.60176787718371,16.20072702184319],[-61.600138695583105,16.199714817598455],[-61.60014498666328,16.19917068006844],[-61.6013632589819,16.198922148321067],[-61.60162675943412,16.199749404131754],[-61.60347202841346,16.19974940390116],[-61.602713003898735,16.199433063167596],[-61.602638696897884,16.19871537979908],[-61.60109171650517,16.198643577298615],[-61.60097203182893,16.1978820462847],[-61.59996008947626,16.19788204615805],[-61.599885782742284,16.19859972967542],[-61.59912675766606,16.19886738351345],[-61.59810158770995,16.197253904889045],[-61.59453007395216,16.187907300545607],[-61.59440494078933,16.185113613105276],[-61.594928104804666,16.18326361768247],[-61.594960065809346,16.18391607124093],[-61.59722774825139,16.18392969106683],[-61.59746006749814,16.184749404281064],[-61.59836415876034,16.18474940418565],[-61.598590415628124,16.184116505584875],[-61.6051387255634,16.181131680800082],[-61.605311756725676,16.180620086796736],[-61.608360286718444,16.180069239536408],[-61.60901606081923,16.178167779568444],[-61.613158204344906,16.175853173807816],[-61.614617889266015,16.17584579084645],[-61.61683957867759,16.17659241084847],[-61.61802991876227,16.176422145742748],[-61.618293390382775,16.176843511219882],[-61.62032506749512,16.175350780482272],[-61.62023460782973,16.17317538297061],[-61.6218651779508,16.17308273425634],[-61.62226966484208,16.167969130298072],[-61.62306726022044,16.1669983166589]],[[-61.5974600771185,16.190582737759215],[-61.599651837346364,16.19058273713144],[-61.599209159320424,16.189548713022607],[-61.598293408851006,16.189548712889188],[-61.598287119855975,16.190127435743197],[-61.5974600771185,16.190582737759215]],[[-61.60329340156372,16.18474940355086],[-61.60347205315938,16.18474940352854],[-61.60347205532142,16.18341924302376],[-61.60233710101563,16.183916070229117],[-61.6030913276022,16.183940148163913],[-61.60329340156372,16.18474940355086]],[[-61.60496006706503,16.18391606998877],[-61.60513872097808,16.183916069966475],[-61.60513872298411,16.182689641832948],[-61.604240760322256,16.183082736741845],[-61.60475799381891,16.183106814619485],[-61.60496006706503,16.18391606998877]],[[-61.60430536059152,16.20038204661921],[-61.604126760791594,16.200382046596918],[-61.60412676112287,16.200582737173463],[-61.60430536059152,16.20038204661921]],[[-61.6051386924383,16.201215380029172],[-61.60496009560481,16.201215380006897],[-61.60496009593611,16.20141607042352],[-61.6051386924383,16.201215380029172]],[[-61.60597205315742,16.184548714013093],[-61.60579340154568,16.184548713990818],[-61.60579340187658,16.184749403238843],[-61.60597205315742,16.184548714013093]],[[-61.60680536713565,16.196215380400982],[-61.60579342078997,16.19621538027486],[-61.606552447041565,16.19653171869227],[-61.606626755933846,16.197249403445504],[-61.60763869865183,16.197249403319457],[-61.60697840973508,16.19701136218474],[-61.60680536713565,16.196215380400982]],[[-61.60930539121246,16.18141606938536],[-61.60930539154329,16.18121538120415],[-61.60918493686037,16.181347084692128],[-61.608825476611166,16.181416069105104],[-61.60930539121246,16.18141606938536]],[[-61.61180539362822,16.179749402366625],[-61.611901268487344,16.179008717128845],[-61.613472061447716,16.178916068805794],[-61.613674130167354,16.17810681349207],[-61.61657270466734,16.17808273503811],[-61.61358554800388,16.177266108486144],[-61.6106377165079,16.178916069035274],[-61.6114246581594,16.178940147091904],[-61.61180539362822,16.179749402366625]],[[-61.618913238499324,16.17808273458147],[-61.619305395384075,16.178082734729863],[-61.61930539578892,16.177835631947723],[-61.618913238499324,16.17808273458147]]],[[[-61.59430688388597,16.233430062384993],[-61.59433023347336,16.231611340899725],[-61.5956022012361,16.231416072174085],[-61.59463272670739,16.2337153772564],[-61.59430688388597,16.233430062384993]]],[[[-61.59521298641323,16.214031719888897],[-61.59734042002217,16.213987872316185],[-61.59738580484253,16.216099729086203],[-61.5953117289057,16.216178026999938],[-61.59521298641323,16.214031719888897]]],[[[-61.59784079376203,16.182857967258773],[-61.59746006304551,16.18204871303053],[-61.59731458633673,16.182828735933374],[-61.59617412718482,16.182857967065566],[-61.59599697621769,16.18161134046907],[-61.59680539287875,16.18141607094715],[-61.596253847912536,16.181211926332324],[-61.597460060422456,16.18045628785431],[-61.598924658642794,16.180606815236917],[-61.59908807952584,16.182714837362923],[-61.59784079376203,16.182857967258773]]],[[[-61.596860499476904,16.22440812884336],[-61.59695083286646,16.22230271410347],[-61.59823828563809,16.222389986350294],[-61.59826854407135,16.22435344147306],[-61.596860499476904,16.22440812884336]]],[[[-61.599935172278265,16.199111340327708],[-61.59996009231096,16.19959857650448],[-61.5991715467819,16.19891607109912],[-61.599935172278265,16.199111340327708]]],[[[-61.60347200226445,16.215582737628196],[-61.60370435807986,16.21476302435726],[-61.60559122498415,16.214773439659183],[-61.60363440655502,16.21788204583058],[-61.60266358691926,16.21768677504251],[-61.602677326833415,16.215749945181106],[-61.60347200226445,16.215582737628196]]],[[[-61.60746005468435,16.176215381138366],[-61.60722774632022,16.177035093118533],[-61.60579338918267,16.17704871423668],[-61.60559132479889,16.17785796831773],[-61.60366490373313,16.177853751135444],[-61.60537454339399,16.177026808199166],[-61.60704505456115,16.175086675824776],[-61.61113762175283,16.172787464880486],[-61.61412671558226,16.17220927919756],[-61.61400704546571,16.17281024591765],[-61.613293383252326,16.17288204863935],[-61.61319751372182,16.17362273226741],[-61.612460051188286,16.173715381841973],[-61.612287027693284,16.17451136344489],[-61.60912671881274,16.1745487147338],[-61.609125144883855,16.175930063060793],[-61.60746005468435,16.176215381138366]]],[[[-61.620791795124035,16.165034719404524],[-61.62076846153349,16.16852011005046],[-61.61912671044596,16.168715382831312],[-61.61907154870237,16.16940813153752],[-61.61850018169431,16.16954871604627],[-61.61876326954232,16.166707801392363],[-61.62006874846025,16.164749400989116],[-61.620791795124035,16.165034719404524]]],[[[-61.62606794352636,16.170675382421653],[-61.62755628108802,16.170582733546286],[-61.62712698456873,16.172881777338624],[-61.626805404340544,16.172048717001193],[-61.62617413242233,16.17202463750711],[-61.62606794352636,16.170675382421653]]]]}},{"type":"Feature","properties":{"feature_id":"AEP_FEEDERVER__P1","layer_key":"eau_aep","layer_label":"Eau AEP","economic_unit_id":"AEP_FEEDERVER__P1","economic_state":"S0","economic_exposure_eur":16897576.0,"economic_damage_eur":369871.0,"economic_damage_ratio_pct":2.189,"economic_asset_count":110,"criticality_territory":"guadeloupe","criticality_family":"aep","criticality_scenario":"rp1000","criticality_period_years":"1000","criticality_hazard":"storm_cmcc"},"geometry":{"type":"MultiPolygon","coordinates":[[[[-61.66607110725523,16.170197911592048],[-61.66658807104554,16.171881508109866],[-61.66538711274402,16.17263851397792],[-61.662460055252495,16.17248950542001],[-61.662404892103716,16.173574801046954],[-61.66162672386034,16.17371538783604],[-61.66158807536345,16.175214841102896],[-61.660793393788104,16.17576375970737],[-61.66079339625024,16.177249396329223],[-61.66162044036875,16.177504011807816],[-61.661588081419175,16.179381507696107],[-61.659960066606416,16.17954872077815],[-61.65986419213606,16.180289402795015],[-61.65912673454658,16.180382053984193],[-61.658981256345186,16.181995408914087],[-61.657460070426986,16.18204872039611],[-61.65698198417676,16.186416063533702],[-61.65744598229693,16.18664056589713],[-61.657616105787206,16.18870304770468],[-61.65746009412367,16.196416063872913],[-61.65825477255815,16.196583275058288],[-61.65829342992495,16.197851714870428],[-61.65731460560795,16.19949540825718],[-61.655793432426485,16.199548719620825],[-61.65564794036121,16.20116207471063],[-61.65447840346692,16.201178033858312],[-61.65412676693454,16.200382052726294],[-61.65403088261315,16.201122735123707],[-61.65329343487629,16.201215385931906],[-61.654101848900886,16.201611337801722],[-61.654126771392804,16.203082731106385],[-61.65575478321196,16.204083275271746],[-61.655754785055564,16.205214840243986],[-61.65496010895429,16.205582731068443],[-61.65628336258218,16.205582730550226],[-61.6568726623392,16.208005601366],[-61.65656637397354,16.211132674818],[-61.65478063844567,16.21406039528068],[-61.653234564853584,16.215029836525556],[-61.65061052716306,16.215568474304344],[-61.64763865876063,16.218224677226633],[-61.647712976769924,16.217365049163984],[-61.64847199360811,16.217249398808157],[-61.64854631108389,16.2165317157548],[-61.64930532854265,16.216215384957724],[-61.64769383981813,16.215241465840354],[-61.64763866622195,16.213715384838544],[-61.647340424958486,16.214476914642447],[-61.646626789423586,16.214548718022073],[-61.64660187017877,16.216020110542107],[-61.64579345874317,16.216215384533065],[-61.645591351323745,16.21702463832502],[-61.64079345951259,16.217048717232487],[-61.640466061189386,16.217882050108365],[-61.63942502649907,16.217810247116695],[-61.639305328460175,16.21704871705155],[-61.63829345920787,16.217048716928403],[-61.638031583841595,16.217875572227992],[-61.63779099372297,16.215582733276975],[-61.63847199765768,16.215582733312786],[-61.6394783952725,16.213953417132057],[-61.640972000086826,16.213916066300527],[-61.639343992240384,16.21354817243151],[-61.6393302597908,16.210778005289217],[-61.64097200697005,16.20974939953003],[-61.64109170372451,16.20815453473025],[-61.64263867617327,16.20808273261943],[-61.642638677880925,16.20704871778534],[-61.642227762241085,16.207868429596353],[-61.639239705421396,16.20788205069569],[-61.63900708488114,16.20864358068147],[-61.638079051680585,16.208715383644513],[-61.63662678039887,16.20982512124323],[-61.63653089280795,16.211122733380435],[-61.63496011666501,16.211740895378558],[-61.63494602217204,16.213490882041732],[-61.634126786524114,16.21371538319659],[-61.63412049937811,16.215960769691105],[-61.63329345721961,16.21621538301261],[-61.63329345892837,16.21724940065258],[-61.63370435604798,16.21642968751777],[-61.63645293616827,16.21645305586795],[-61.63467980709417,16.218906903843926],[-61.63246012929313,16.219548716134508],[-61.63244603505863,16.22182421518307],[-61.6316267999902,16.2220487159504],[-61.63162680414436,16.224561052518002],[-61.629603418772746,16.22632604663394],[-61.62715879606605,16.22738268429349],[-61.62620919256637,16.232116765391233],[-61.62342995178232,16.23538204785308],[-61.622460154248294,16.23538204772018],[-61.62236425415484,16.236122731541755],[-61.62162682219103,16.236215380923454],[-61.62162682390221,16.23724940258264],[-61.62190120039499,16.236508717196394],[-61.62253111377691,16.236416069135146],[-61.616507259975066,16.24371537996075],[-61.61496016711318,16.243715379853406],[-61.614960168766956,16.24471343599392],[-61.60950623011226,16.2467518466197],[-61.59698787001093,16.24758462097221],[-61.59241143985485,16.248933866829447],[-61.587976990861364,16.25219733927367],[-61.57817058866547,16.257552359693722],[-61.57255239748664,16.25834038100575],[-61.569571624025386,16.257033572146433],[-61.56853920039482,16.255558686212698],[-61.568169663702804,16.253814415632053],[-61.56851925688438,16.25206631278962],[-61.569534740196474,16.25058050801938],[-61.569960172185695,16.250216006300132],[-61.569960172806375,16.250582742732885],[-61.57150712312701,16.25065454218006],[-61.57162684106722,16.251416075874072],[-61.57392470228242,16.251440153091917],[-61.57430527885537,16.252249408886545],[-61.57433020665954,16.250778008670068],[-61.5751386148365,16.25058274207223],[-61.57528414257858,16.249802716930013],[-61.57763861587758,16.249749408400046],[-61.578617477188494,16.24813604987749],[-61.58013861829937,16.248082741374343],[-61.5778407537368,16.2478579629333],[-61.57763862020259,16.24713940217144],[-61.58249258062419,16.2446741874105],[-61.584041599570206,16.242950216950003],[-61.587857446267925,16.24032769354682],[-61.592030863141765,16.239802946888794],[-61.59525317448998,16.238377822250193],[-61.60746015594035,16.237548907594547],[-61.60744605980445,16.239324214071303],[-61.60662682584441,16.239548712288975],[-61.60642469767638,16.240357966497086],[-61.605284148308336,16.240328735129445],[-61.60412682415253,16.238715378671383],[-61.604112728712884,16.240990880596797],[-61.603293495381074,16.241539467618065],[-61.60680529255513,16.24134026707134],[-61.60700742435208,16.2406068156727],[-61.60930529347511,16.24058273752398],[-61.609478377053684,16.239786754273727],[-61.610971961300166,16.239749403962822],[-61.61102714469404,16.239056652386967],[-61.61180529590241,16.23891607050528],[-61.612811712122294,16.237286753855066],[-61.61430529832996,16.23724940348713],[-61.61523453533243,16.235675384431577],[-61.61597196753446,16.235582736572603],[-61.61602715216705,16.23322331863906],[-61.61680530489425,16.233082736407226],[-61.61687962740316,16.23236505177095],[-61.617638639828314,16.23204871390169],[-61.61579348124145,16.232048713673525],[-61.61562040661719,16.232844695424085],[-61.61412681574653,16.232882046773106],[-61.6139537405064,16.233678028550834],[-61.6125401876798,16.233715379900946],[-61.617713290186366,16.22776453423033],[-61.61785259732665,16.22484107429958],[-61.61973332007111,16.22130122804935],[-61.623798714842415,16.218850320695687],[-61.62439309459887,16.21537983561133],[-61.627829253781115,16.21209814923031],[-61.628476100681745,16.21046774900201],[-61.630746912369204,16.207803526005485],[-61.6315524643004,16.208198383567517],[-61.63162677828976,16.20891606731545],[-61.632385798775886,16.209031716848123],[-61.632460113101644,16.20974940056761],[-61.63321913325139,16.209865050128755],[-61.63329344783666,16.210535268353095],[-61.63349693224717,16.207444672204787],[-61.635138678524285,16.20724940017813],[-61.63516360125538,16.205778005448472],[-61.63597201450131,16.205582733368285],[-61.636067902747726,16.204842048781977],[-61.637314608473304,16.204802709581887],[-61.63746010683199,16.20558273318689],[-61.63814794262614,16.20563604284749],[-61.63829344117903,16.2061377265519],[-61.63859170742603,16.20482120157095],[-61.64013868200211,16.204749399506763],[-61.640234569999436,16.204008715076146],[-61.64097201660318,16.203916066051374],[-61.64099694024191,16.201611338480507],[-61.642638688556545,16.200582732432604],[-61.642734574630985,16.199842048126357],[-61.644305356382816,16.199749398876342],[-61.64453769733114,16.19892968584267],[-61.64597202420926,16.198916065320326],[-61.64689739197684,16.197346154249928],[-61.64855098040812,16.19680986089833],[-61.64931207417763,16.19474939814303],[-61.65013869721385,16.194749398046145],[-61.65013869891989,16.19371538579803],[-61.64935572295878,16.1945487189823],[-61.64953931771519,16.19318221596544],[-61.65162277366075,16.188948424718486],[-61.65131663777133,16.18808273071483],[-61.65180537466308,16.188082731012397],[-61.65125672330377,16.186272637117515],[-61.651830300220944,16.183278004516218],[-61.65263871646458,16.182882053122103],[-61.651611708945104,16.18288205299144],[-61.651752290771924,16.17891606413968],[-61.654305389454294,16.178916063816406],[-61.6544508690769,16.178136040678524],[-61.655972057280245,16.17808273026186],[-61.65606793297231,16.17734204661852],[-61.65680539187994,16.177249396807635],[-61.65681948908982,16.175807232618954],[-61.65763872785279,16.175582729999412],[-61.65767738109824,16.17408327493797],[-61.65930539842486,16.173082729737207],[-61.65934405483968,16.169083274795753],[-61.66013873851493,16.168916062866977],[-61.66034080069987,16.1681068080093],[-61.66180540634079,16.168082729313284],[-61.66264374582061,16.16667905283827],[-61.664126712746885,16.166800214179638],[-61.66412671674189,16.169232391412624],[-61.66246005209861,16.17056142984264],[-61.66607110725523,16.170197911592048]],[[-61.584126836808025,16.247882042523578],[-61.58412683693045,16.24795476094686],[-61.58426248185774,16.247882042554444],[-61.584126836808025,16.247882042523578]],[[-61.58440118738562,16.25067538740677],[-61.58513861348274,16.25058274080321],[-61.58513861517986,16.24955842391133],[-61.58412684040065,16.250071622463373],[-61.5843052788814,16.251416074262707],[-61.58440118738562,16.25067538740677]],[[-61.58990498697922,16.248223320575782],[-61.58996017397347,16.249749406840444],[-61.59097194741103,16.24974940671298],[-61.59101061413166,16.248249946182785],[-61.591805283392944,16.24808273989987],[-61.59180528797775,16.24531177376978],[-61.59045861356354,16.245359954463208],[-61.58927744081048,16.246908756251372],[-61.58829350295526,16.24724940698834],[-61.58990498697922,16.248223320575782]],[[-61.59097196016308,16.242048710246088],[-61.589126827782664,16.242048710013552],[-61.589126831137754,16.2440831058545],[-61.58965610605359,16.243510306882254],[-61.59097353452665,16.243430062275277],[-61.59097196016308,16.242048710246088]],[[-61.59579349976228,16.244749405982237],[-61.59738584125479,16.24486505344283],[-61.59763861870462,16.246416072459006],[-61.597638623031955,16.24380400534659],[-61.595754835048034,16.24408327912922],[-61.59579349976228,16.244749405982237]],[[-61.60013862008281,16.245382044620587],[-61.59996016800034,16.245382044598255],[-61.599960168332665,16.24558273881415],[-61.60013862008281,16.245382044620587]],[[-61.60263862079683,16.244749405125194],[-61.603471956063586,16.243503470170875],[-61.601626831915134,16.24359854909225],[-61.60162683382853,16.244749405251614],[-61.60263862079683,16.244749405125194]],[[-61.617638628464675,16.238916069782963],[-61.61763862879684,16.238715380349138],[-61.61662682570963,16.238715380224058],[-61.61662682742112,16.23974940326215],[-61.617638628464675,16.238916069782963]],[[-61.61930532005732,16.223715381048134],[-61.61912680120576,16.223715381026096],[-61.619126801537575,16.223916069225336],[-61.61930532005732,16.223715381048134]],[[-61.62412679802215,16.221416068546908],[-61.624305323200915,16.22141606852495],[-61.624305323532674,16.221215381746365],[-61.62412679802215,16.221416068546908]],[[-61.62746012179329,16.215382048992335],[-61.62746012212491,16.215582734658717],[-61.62763866573814,16.21558273463681],[-61.62746012179329,16.215382048992335]],[[-61.64210299004334,16.21051591273757],[-61.64224549101402,16.21025864730278],[-61.64159289203167,16.210917601604525],[-61.64210299004334,16.21051591273757]],[[-61.646805339547925,16.209749398822705],[-61.64604632003217,16.2094330663265],[-61.645972008030185,16.208715384801295],[-61.64496011291837,16.20871538467874],[-61.64493519442197,16.21018677721958],[-61.6441267822367,16.21038205118962],[-61.64411268727176,16.211824215719144],[-61.64329345155528,16.212048717700423],[-61.64329345326353,16.21308273266458],[-61.643591699149205,16.212321201238613],[-61.64430533574161,16.21224939918777],[-61.64440122752109,16.21150871484147],[-61.645138670343734,16.21141606573269],[-61.645163592423806,16.210778005018067],[-61.646805339547925,16.209749398822705]],[[-61.65079342082232,16.192882052571093],[-61.6507934211534,16.193082731258958],[-61.65097203318958,16.193082731237403],[-61.65079342082232,16.192882052571093]],[[-61.65347201394361,16.204548719177158],[-61.65246010694549,16.20454871905527],[-61.65262258192386,16.20558273135598],[-61.653472012236264,16.205582731247514],[-61.65347201394361,16.204548719177158]],[[-61.65412673944001,16.183715386607286],[-61.65412674251891,16.1855827306705],[-61.65503910741057,16.18558273057923],[-61.6551387147692,16.183715386729048],[-61.65412673944001,16.183715386607286]]],[[[-61.57736426484465,16.248622727254478],[-61.57606785679215,16.248622727099065],[-61.575971952311754,16.248014980075336],[-61.57736426287344,16.247342054611213],[-61.57736426484465,16.248622727254478]]],[[[-61.612287074395525,16.234511361677367],[-61.61185551012273,16.234548713076297],[-61.61246015040585,16.233807446214822],[-61.612287074395525,16.234511361677367]]],[[[-61.6348146102459,16.206162072472114],[-61.63221596893961,16.206215382966533],[-61.63340133641056,16.205165983860564],[-61.63463272654922,16.204749399787648],[-61.6348146102459,16.206162072472114]]],[[[-61.632663578661585,16.22077800567089],[-61.63358898552583,16.220582733951407],[-61.63341298447836,16.222048716185384],[-61.632966059888474,16.2220487157238],[-61.632663578661585,16.22077800567089]]],[[[-61.635193841174406,16.21524146499656],[-61.63528417173663,16.213136043309653],[-61.63657161030072,16.21322331694164],[-61.63660186778496,16.215186776756823],[-61.635193841174406,16.21524146499656]]],[[[-61.63639442672034,16.203701762382398],[-61.635374215308936,16.203702533762424],[-61.6366267687915,16.202796497131832],[-61.63639442672034,16.203701762382398]]],[[[-61.637593911174115,16.214416202333787],[-61.63692502932979,16.215310246947272],[-61.6368796487895,16.214031716617384],[-61.63812039234502,16.213953417262353],[-61.637593911174115,16.214416202333787]]],[[[-61.63827935852978,16.215157548805564],[-61.63782442243054,16.2153820501],[-61.63812374594832,16.21426278180877],[-61.63827935852978,16.215157548805564]]],[[[-61.64013865722176,16.219749399880552],[-61.64037102124478,16.218929686799477],[-61.642258018133035,16.21894014450004],[-61.642460132630305,16.22084413650481],[-61.63947839072843,16.21978675059065],[-61.64013865722176,16.219749399880552]]],[[[-61.644664817744655,16.21975092207427],[-61.64496013178744,16.220148085925707],[-61.64347198848336,16.220734574628086],[-61.64349691196314,16.21994467182661],[-61.644664817744655,16.21975092207427]]],[[[-61.66071911010379,16.189433067939603],[-61.65942505451056,16.18947691639745],[-61.65937967948795,16.18819838118862],[-61.66062037348002,16.18812008097808],[-61.66071911010379,16.189433067939603]]]]}},{"type":"Feature","properties":{"feature_id":"AEP_FEEDERVER__P2","layer_key":"eau_aep","layer_label":"Eau AEP","economic_unit_id":"AEP_FEEDERVER__P2","economic_state":"S0","economic_exposure_eur":5427387.0,"economic_damage_eur":118863.0,"economic_damage_ratio_pct":2.19,"economic_asset_count":52,"criticality_territory":"guadeloupe","criticality_family":"aep","criticality_scenario":"rp1000","criticality_period_years":"1000","criticality_hazard":"storm_cmcc"},"geometry":{"type":"MultiPolygon","coordinates":[[[[-61.549126838160575,16.25141607876906],[-61.54992150751408,16.25158328195598],[-61.54991281500185,16.252728845710934],[-61.55097194718876,16.25316946774949],[-61.551027133123874,16.252389990109453],[-61.55180528193686,16.25224941177612],[-61.55210063300706,16.25141760106649],[-61.557982357348614,16.25109927935095],[-61.559271438611766,16.251609119829002],[-61.560793506701835,16.25164749959634],[-61.5607935077208,16.252249410616376],[-61.56153093397742,16.252342056124412],[-61.56162684254236,16.253082743863292],[-61.5643052788385,16.253082743519286],[-61.564424997304,16.25232120960854],[-61.565971946657875,16.25224940995148],[-61.56597364968318,16.251700570053828],[-61.57162684032136,16.250979296937498],[-61.57162684106722,16.251416075874072],[-61.573224731430024,16.25141607563007],[-61.57400156684733,16.25206562459829],[-61.574629604906676,16.253305204557385],[-61.574660032732666,16.254468254576377],[-61.57418740615601,16.25561353446304],[-61.573141739769824,16.25655392291838],[-61.56832727820884,16.257981141865777],[-61.56659470710494,16.25764068034021],[-61.55930527204321,16.257576786324204],[-61.559305274333106,16.256215372414637],[-61.55746018052787,16.256215372176925],[-61.55719661125402,16.257042627058702],[-61.55376729748646,16.25704718141784],[-61.5534719431832,16.255382038356075],[-61.55278413854926,16.255328729164624],[-61.55263861075973,16.254895594697476],[-61.55128577681203,16.254855330288237],[-61.54853691931269,16.253715371067692],[-61.544126841317684,16.253715370532085],[-61.54412251061073,16.254281335199604],[-61.53212603830932,16.24936751049532],[-61.528643305335294,16.247769253753713],[-61.52763295332577,16.246901641047497],[-61.52705556275405,16.245297589277616],[-61.52746718889921,16.2435783632582],[-61.526606625493756,16.241817634731653],[-61.52512967469883,16.240178445100362],[-61.524164542002694,16.237714809548905],[-61.520908419021396,16.23670571221945],[-61.519111157370254,16.234678123364514],[-61.518746092775096,16.23308731119024],[-61.51930531820356,16.233082748887636],[-61.51876581047821,16.232880297232956],[-61.51928539400761,16.231567156868504],[-61.52128299954597,16.230293541791333],[-61.524960133578766,16.230428970048067],[-61.524935213472126,16.23185343775351],[-61.52412680281292,16.232048701955282],[-61.5241264930419,16.23257183256191],[-61.524529853313936,16.233099075390864],[-61.52513865071587,16.233082748117056],[-61.525193830329705,16.232389991745674],[-61.52597198531089,16.232249414653214],[-61.526287434399336,16.23141664851382],[-61.52668366559745,16.23210468797665],[-61.52939556809965,16.233868648263826],[-61.53004711594031,16.234962075862352],[-61.53047691699803,16.237045955142012],[-61.53371966734378,16.24174540960818],[-61.53405187049348,16.24334826131117],[-61.54829350160657,16.249537674367613],[-61.54821917704973,16.250266391011714],[-61.54746016989627,16.250582745631256],[-61.548863274505386,16.25058882280088],[-61.549126838160575,16.25141607876906]]],[[[-61.52515275211688,16.230990877693774],[-61.52513865498325,16.230504570790266],[-61.5261182154181,16.231215368799827],[-61.52515275211688,16.230990877693774]]]]}},{"type":"Feature","properties":{"feature_id":"AEP_GASCON","layer_key":"eau_aep","layer_label":"Eau AEP","economic_unit_id":"AEP_GASCON","economic_state":"S0","economic_exposure_eur":31346828.0,"economic_damage_eur":685745.0,"economic_damage_ratio_pct":2.188,"economic_asset_count":173,"criticality_territory":"guadeloupe","criticality_family":"aep","criticality_scenario":"rp1000","criticality_period_years":"1000","criticality_hazard":"storm_cmcc"},"geometry":{"type":"MultiPolygon","coordinates":[[[[-61.36076865157646,16.31411135355375],[-61.36079358359992,16.314614072205355],[-61.35979567576322,16.313916106327714],[-61.36076865157646,16.31411135355375]]],[[[-61.36231467621275,16.299495372796788],[-61.36191485222462,16.29954867710527],[-61.36246022409769,16.298732910006223],[-61.36231467621275,16.299495372796788]]],[[[-61.41803379300966,16.281208344532835],[-61.4195688416058,16.28058884070664],[-61.422541607375344,16.280476833343965],[-61.4255027022033,16.282470627864043],[-61.427705382312254,16.282004871906963],[-61.42985667691541,16.284763258930393],[-61.431633444220836,16.28328089231978],[-61.4340064532764,16.28341617072116],[-61.43366287329342,16.280745034003075],[-61.437638586151785,16.27967222386844],[-61.43683018086274,16.27935343238117],[-61.43697835889813,16.278120108505703],[-61.43814799507308,16.27813606601979],[-61.438293535429345,16.278916094369837],[-61.44183649607077,16.27891609386055],[-61.441771534986486,16.282048689164615],[-61.44034073985865,16.282024611628376],[-61.43930525139048,16.28038202219731],[-61.438041323239055,16.2803820217642],[-61.43933369657873,16.287733907725706],[-61.440793556538054,16.29141609433085],[-61.443238363926355,16.291556665226775],[-61.44325488856702,16.292714825721294],[-61.44246022620736,16.293082760806776],[-61.44317382379108,16.29315455618579],[-61.44329356104203,16.293916094044842],[-61.44490503539094,16.294889998471284],[-61.444960233481325,16.297249427229143],[-61.44578727435177,16.29750401743653],[-61.445561132356,16.298701735568248],[-61.44162690211795,16.298715355254107],[-61.443291994113096,16.30003472151956],[-61.44329357260258,16.300894327473028],[-61.44184856735967,16.3012385438441],[-61.439660259340165,16.300970411540778],[-61.43856781014103,16.30028937953554],[-61.43857692052214,16.298167429968274],[-61.438099650997835,16.297482705332598],[-61.43548602850054,16.298864321877158],[-61.43376147505035,16.298705350982175],[-61.43242683911071,16.297738001461056],[-61.43120104483208,16.29858174124778],[-61.429648692086424,16.298817531159408],[-61.43403619732111,16.30285616017788],[-61.43227804594995,16.30418711504461],[-61.43188284200965,16.30539349361318],[-61.430033502247205,16.30666829768572],[-61.42819765556303,16.309456044995468],[-61.42693924651644,16.309548686079438],[-61.425681097728656,16.31066091021365],[-61.42579358767497,16.311416096925672],[-61.42969662476398,16.311422173384596],[-61.42996025596419,16.312037575816664],[-61.42808261676943,16.312636939645973],[-61.42509554911171,16.316126102330095],[-61.424360393489216,16.316074780915823],[-61.42430519593984,16.315065724169408],[-61.42513853004782,16.314548685761746],[-61.42412692598444,16.314548685619414],[-61.42410199642037,16.316020097897862],[-61.42329359530653,16.316215352114178],[-61.42329359610045,16.3167136571002],[-61.42097186087812,16.31642761361686],[-61.4209718626188,16.315382018480946],[-61.42014482319506,16.3151274298096],[-61.42013853405772,16.31256572417961],[-61.42097186816533,16.312048685256737],[-61.418704318356994,16.312035064875307],[-61.41809633657928,16.311215351369317],[-61.419824303065006,16.30814295529714],[-61.41996024935528,16.308916097685433],[-61.42143845431802,16.309779774354247],[-61.42116294912338,16.308957229103015],[-61.42246084824258,16.307170944651425],[-61.42444648840358,16.305872384876768],[-61.42306568043548,16.302919229539143],[-61.423518109067416,16.300243816426583],[-61.42281418774109,16.300541645815184],[-61.42163499526134,16.303463876500782],[-61.41993730343933,16.304533207896256],[-61.41824622584687,16.30193773063828],[-61.416017695356004,16.301735881412483],[-61.4160223583094,16.300401068398422],[-61.414760741424864,16.30162202230081],[-61.41162690223468,16.301338115742883],[-61.411453782910996,16.3036780027572],[-61.40953765614092,16.303701730561997],[-61.409305218501956,16.30288201723845],[-61.40865161921766,16.30288201699321],[-61.40814801701587,16.303662044843815],[-61.407460238922035,16.303715350282225],[-61.40728711662517,16.30451133554399],[-61.4054550577251,16.304564132314372],[-61.40168848879392,16.310978943863667],[-61.40165639402768,16.312090695884653],[-61.40098442064336,16.312577778738394],[-61.39746025191392,16.312397961407743],[-61.396626919278354,16.312882015102918],[-61.39648135867927,16.313662043180596],[-61.39543395774752,16.313713824759954],[-61.39513853735265,16.312882014889674],[-61.394343877854865,16.312714822039467],[-61.3943052058699,16.311833023832868],[-61.3936550519669,16.31166514274132],[-61.39317861816453,16.312810519039616],[-61.38912691958026,16.313715347332455],[-61.38912692130102,16.31474943555693],[-61.38995396177222,16.31500401900178],[-61.3896966264786,16.316209269412518],[-61.38861742930951,16.31616204214631],[-61.38847186754422,16.315382013850375],[-61.38697833258397,16.315344665977065],[-61.38680520251954,16.314548680304274],[-61.38623074486463,16.315382013259477],[-61.385298072611626,16.312843882491872],[-61.384417390246355,16.312327847230854],[-61.385138539934175,16.31224943606964],[-61.385284102069996,16.310636072927174],[-61.38648135439959,16.31063607275774],[-61.38662691539192,16.31141610250113],[-61.38690081465732,16.310675751062146],[-61.38433784469402,16.3085777290927],[-61.38329186200353,16.308405046831112],[-61.382451290024726,16.30685177225561],[-61.37851643740513,16.30465388063856],[-61.37329357007728,16.305382011982086],[-61.373293571831155,16.30643729498031],[-61.37224486448095,16.306061697800484],[-61.37205425917237,16.307872408336383],[-61.37180521730552,16.30704867837797],[-61.371424728903534,16.307857935117656],[-61.369537656017926,16.307868391591224],[-61.36930521852801,16.306540229853436],[-61.368492307135455,16.30670668309147],[-61.36753339965434,16.309991657059772],[-61.36477744620953,16.31228733434141],[-61.36207442022787,16.310813868253152],[-61.36359514905435,16.307610186844208],[-61.364012384638954,16.307711800497692],[-61.36520933503033,16.30204867753825],[-61.363591630008486,16.301976883016064],[-61.363510566468236,16.30074996128034],[-61.36597189562744,16.300582771895794],[-61.36599682729328,16.299111353244484],[-61.36680523160215,16.298916105066386],[-61.36690115420348,16.29817540913253],[-61.3684718993957,16.298082771469467],[-61.36829355548932,16.29704867819312],[-61.36812044213591,16.29784466409828],[-61.36662688996277,16.297882011256206],[-61.36648134244344,16.29866203999279],[-61.36534073380089,16.298691267899308],[-61.36516349663912,16.29744468661283],[-61.365971901502064,16.297048677854484],[-61.365138568980505,16.2966253006877],[-61.368098333961214,16.29567491616929],[-61.36912688659354,16.29563579645572],[-61.3691268878937,16.296416104666232],[-61.36930523666478,16.29563512593456],[-61.371626887233305,16.295812736596783],[-61.37162688826051,16.2964161043023],[-61.37246022220134,16.296732390786268],[-61.372435295996524,16.298520095333213],[-61.37162689241584,16.298916104364004],[-61.37238195693149,16.29902755223662],[-61.37430523182693,16.29808277062082],[-61.37433016327195,16.296611352762614],[-61.37513856780178,16.296416103792026],[-61.375340736073014,16.29560684577233],[-61.37657169512827,16.29572333720298],[-61.37662689056587,16.29736846223916],[-61.38275450234874,16.29176425138133],[-61.38371791817947,16.290037542219135],[-61.3859861986008,16.28944487581764],[-61.38681256958812,16.290081630354805],[-61.39764211526007,16.291296072272484],[-61.40607581096914,16.289968539131852],[-61.4097727167976,16.287298243686475],[-61.41124822509312,16.287847207010277],[-61.413736598023945,16.28747278639911],[-61.41266414356465,16.28474581799727],[-61.415304967208336,16.2820486853015],[-61.41430682966923,16.28176339302295],[-61.41434392222178,16.28074995764042],[-61.415138588336674,16.28038201880139],[-61.41412686777479,16.28038201865808],[-61.413981330032634,16.28116204615978],[-61.41290217380852,16.281209273785468],[-61.41263858871349,16.280382018447103],[-61.41217983472354,16.28038201807791],[-61.412404275053184,16.279830952989254],[-61.41386211996879,16.27811811899217],[-61.415888532161155,16.277285809102995],[-61.41743526952094,16.27744468351303],[-61.41742153127976,16.278548157596326],[-61.416626865697786,16.27891609741405],[-61.41809137872161,16.278940173061798],[-61.41803379300966,16.281208344532835]],[[-61.369912257838514,16.303362185285287],[-61.37029095283585,16.30479877966749],[-61.3709718879249,16.30474943793665],[-61.371256207791966,16.303919215279198],[-61.369912257838514,16.303362185285287]],[[-61.386447221913734,16.304246722824235],[-61.38591543283371,16.304571659387747],[-61.38705592128908,16.304816443338403],[-61.3870189673724,16.303687328631334],[-61.386447221913734,16.304246722824235]],[[-61.38775721606805,16.298766476979264],[-61.38763039826397,16.30144374181007],[-61.388654828206825,16.298617194381144],[-61.38775721606805,16.298766476979264]],[[-61.39345410869462,16.303956770534363],[-61.394597236681925,16.304677791951185],[-61.39605060459943,16.303177824220807],[-61.39444633621638,16.301184565959673],[-61.39345410869462,16.303956770534363]],[[-61.402960928286255,16.297161656571024],[-61.40422337190599,16.30075318936945],[-61.41040954275451,16.297231037604288],[-61.41159236874285,16.29604566368325],[-61.410932292568006,16.294141364411566],[-61.40853013736733,16.29334377264338],[-61.40696664741736,16.29431681439568],[-61.40515233316295,16.294465066339665],[-61.402960928286255,16.297161656571024]],[[-61.417460202966694,16.281215352435982],[-61.417460203061765,16.28127144625089],[-61.41751165676313,16.281293068180435],[-61.41801382353764,16.28121158487442],[-61.417460202966694,16.281215352435982]],[[-61.4216269190312,16.31058276415831],[-61.42170741158074,16.310582764165602],[-61.42162691862914,16.310342447722768],[-61.4216269190312,16.31058276415831]],[[-61.42513853420759,16.3120486858436],[-61.42496025527608,16.31204868581852],[-61.424960255610074,16.312249430396857],[-61.42513853420759,16.3120486858436]],[[-61.441553921595684,16.294548688670297],[-61.44180522650515,16.295124933103324],[-61.441805226592734,16.29506572424906],[-61.441553921595684,16.294548688670297]],[[-61.44246023313148,16.297249427576705],[-61.442638556212124,16.2972494275519],[-61.44263855793072,16.29621535547675],[-61.44246023313148,16.297249427576705]]],[[[-61.367100626023024,16.314750961297204],[-61.36777807101773,16.31474943854373],[-61.366805204192765,16.315396014120875],[-61.367100626023024,16.314750961297204]]],[[[-61.37809138638393,16.292857936469318],[-61.37744111580653,16.292882012983153],[-61.37829354837453,16.291893999890274],[-61.37809138638393,16.292857936469318]]],[[[-61.42069761857168,16.27900873665201],[-61.42069762054728,16.28028937829239],[-61.41940116901361,16.280289378119928],[-61.41936044555258,16.27905666699959],[-61.42069761857168,16.27900873665201]]],[[[-61.43356781265063,16.299008735741953],[-61.43569764354518,16.2990087354887],[-61.43579357070204,16.300362155421176],[-61.433728929514615,16.300294337499714],[-61.43472549182982,16.301215353979877],[-61.433617439318986,16.301162047875387],[-61.43356781265063,16.299008735741953]]],[[[-61.43517725582165,16.278548158699653],[-61.435311693655684,16.276453442008908],[-61.436588197256995,16.27658328938539],[-61.43658820032991,16.278548158865707],[-61.43517725582165,16.278548158699653]]],[[[-61.439305258274366,16.276235189345048],[-61.44056143685361,16.27703496000906],[-61.4396327273231,16.27704868862705],[-61.439305258274366,16.276235189345048]]],[[[-61.445576417420774,16.298934995113115],[-61.44347188346535,16.300818433284093],[-61.44351055695393,16.299916622559174],[-61.44430521847671,16.299749427382135],[-61.444360414815456,16.29905666529212],[-61.445576417420774,16.298934995113115]]]]}},{"type":"Feature","properties":{"feature_id":"AEP_GOMMIERS__P1","layer_key":"eau_aep","layer_label":"Eau AEP","economic_unit_id":"AEP_GOMMIERS__P1","economic_state":"S3","economic_exposure_eur":15677422.0,"economic_damage_eur":3341647.0,"economic_damage_ratio_pct":21.315,"economic_asset_count":226,"criticality_territory":"guadeloupe","criticality_family":"aep","criticality_scenario":"rp1000","criticality_period_years":"1000","criticality_hazard":"storm_cmcc"},"geometry":{"type":"MultiPolygon","coordinates":[[[[-61.67819726297574,15.952342041053972],[-61.67792325119204,15.953715396659835],[-61.6792136334561,15.954854467648994],[-61.678870280223826,15.95554899412067],[-61.67769823448291,15.955838180946428],[-61.67516020410018,15.957957320101185],[-61.674921098830225,15.95938151230727],[-61.67412637592259,15.960037730739705],[-61.67408776898813,15.96188151221693],[-61.673293045782266,15.96204872947833],[-61.6726131665624,15.963082722965213],[-61.67403060839346,15.963175374911938],[-61.674071275492636,15.96440813933008],[-61.671964555033256,15.965841151476656],[-61.672443310738394,15.966215395900948],[-61.67106817543987,15.96612274224724],[-61.67097240418161,15.964828415480762],[-61.67002675275551,15.965458796458309],[-61.66991084655583,15.966207987964449],[-61.670921231683785,15.966990288176389],[-61.67005342540706,15.970317283100526],[-61.669123780041375,15.970581066014473],[-61.66679316231463,15.97303314447954],[-61.665210220896086,15.972009420896962],[-61.664126391551214,15.970382061446788],[-61.66472107891717,15.975253720283064],[-61.66236167767183,15.977782114866622],[-61.66190699820918,15.979012974151182],[-61.6599597392766,15.97954872731566],[-61.6599597423114,15.98141605825238],[-61.66069729500499,15.9815087096676],[-61.66079307709928,15.982249391506146],[-61.66324863622425,15.982407201091005],[-61.66080893190977,15.982770620965578],[-61.658583819101736,15.981938078223802],[-61.65676233095686,15.979316824397124],[-61.654360829352086,15.97774147103362],[-61.65412745817514,15.975650358442275],[-61.65329306647305,15.976265236062032],[-61.65410150845595,15.976611336234091],[-61.65404759910278,15.977861440664752],[-61.6523396805825,15.978525244452223],[-61.64966952955178,15.978681239561531],[-61.649807421530944,15.983715392505415],[-61.648674249195615,15.983691312455882],[-61.6484723777433,15.982882059155033],[-61.64745974318519,15.98288205903233],[-61.64722765577265,15.983701770569366],[-61.644443331612116,15.983656545173416],[-61.64309120536815,15.984524645147928],[-61.638997749140174,15.985648000030482],[-61.63903063323299,15.986956072382231],[-61.637459748741435,15.987048724346884],[-61.63745975042276,15.988082727807669],[-61.63829308433859,15.988399058701475],[-61.63825447126486,15.989381509702602],[-61.637459753133086,15.989749394515266],[-61.639692066298544,15.98975483203572],[-61.63828374454767,15.990416212991306],[-61.63495975395148,15.990439628909616],[-61.63347236871332,15.98963582481943],[-61.6334723702081,15.988715390471764],[-61.63260342607494,15.988715390377216],[-61.63176528915834,15.986001479728237],[-61.631796858935175,15.985582728442722],[-61.63263904207732,15.985582728335975],[-61.63285215637943,15.983205821277785],[-61.63412640643526,15.981794877172195],[-61.63430571259046,15.983082728070489],[-61.63430571499211,15.981596442004065],[-61.63540973390312,15.980744204849687],[-61.64016392617436,15.97929158782007],[-61.64019294513021,15.975295915583805],[-61.63888813531552,15.973796837504594],[-61.63764063987226,15.970868052868799],[-61.63847239902399,15.970582727254499],[-61.63861772626269,15.96980270480903],[-61.639305733602235,15.969749393799043],[-61.63942528567531,15.968987863875887],[-61.64013906818048,15.968916060343675],[-61.640258619797166,15.968154530449],[-61.6409724027587,15.968082726888351],[-61.641091953919,15.967321197022157],[-61.64333835159243,15.96696877775902],[-61.64497668013738,15.967822050893357],[-61.65180573526371,15.96772207153118],[-61.65200759347098,15.967273471085736],[-61.653016986025584,15.967249391781689],[-61.65597240757332,15.963922998925815],[-61.65604663106646,15.963198378251166],[-61.65680574235067,15.962968857828706],[-61.65687996640742,15.961531711497372],[-61.65847241132168,15.961416057939942],[-61.65867426393446,15.960606803527744],[-61.66340386325791,15.96049207664843],[-61.66363052473529,15.961665098905927],[-61.66679336485596,15.960098952541424],[-61.670972412651025,15.959614178307719],[-61.67106818406748,15.959008708463465],[-61.67245788014314,15.958082722850898],[-61.67351197568219,15.955184045750908],[-61.6746057123491,15.954625606704042],[-61.67581734394071,15.952999971036688],[-61.676805755730165,15.953147752023849],[-61.67680733114578,15.952534719094395],[-61.67819726297574,15.952342041053972]],[[-61.63579308187093,15.987048724143246],[-61.63579308219721,15.987249394657507],[-61.63597237226569,15.987249394635587],[-61.63579308187093,15.987048724143246]],[[-61.641805730896436,15.971215392058062],[-61.641091949411916,15.971143587072751],[-61.64079305539813,15.970382058628466],[-61.64069728184748,15.971122739575584],[-61.639959723316565,15.971215391833168],[-61.639959726349595,15.973082727134427],[-61.64069728374203,15.973175377909627],[-61.640793061138254,15.973916060386657],[-61.64168443396679,15.973916060294465],[-61.641805730896436,15.971215392058062]],[[-61.649305715032334,15.980382059337238],[-61.648292104528814,15.980382059214083],[-61.64829729881794,15.980582726307055],[-61.649305715032334,15.980382059337238]],[[-61.64930572036559,15.977101047875164],[-61.64912640079155,15.977181575253958],[-61.649126400899895,15.97724939278972],[-61.64930572036559,15.977101047875164]]],[[[-61.642713269774035,15.986531712937142],[-61.64400685373111,15.986487863731167],[-61.64405218659134,15.987766404482556],[-61.642840913573025,15.987857978341845],[-61.642713269774035,15.986531712937142]]],[[[-61.68073792520112,15.95155664420772],[-61.680647716958546,15.953662084093304],[-61.678527526062304,15.953574806452757],[-61.67849731248196,15.952444668355989],[-61.679305756874506,15.952249388562224],[-61.67931983703498,15.951640564206972],[-61.68073792520112,15.95155664420772]]],[[[-61.68097870664104,15.951794106576136],[-61.68097242517068,15.95111094568111],[-61.681976401664485,15.952048730694166],[-61.68097870664104,15.951794106576136]]]]}},{"type":"Feature","properties":{"feature_id":"AEP_GOMMIERS__P2","layer_key":"eau_aep","layer_label":"Eau AEP","economic_unit_id":"AEP_GOMMIERS__P2","economic_state":"S0","economic_exposure_eur":10122.0,"economic_damage_eur":221.0,"economic_damage_ratio_pct":2.184,"economic_asset_count":1,"criticality_territory":"guadeloupe","criticality_family":"aep","criticality_scenario":"rp1000","criticality_period_years":"1000","criticality_hazard":"storm_cmcc"},"geometry":{"type":"Polygon","coordinates":[[[-61.73810655951083,16.035064504414517],[-61.73840496674933,16.03475238973232],[-61.738843755771704,16.034777462924787],[-61.73914003511102,16.035125834568642],[-61.738855186767,16.035772635568428],[-61.73816673344427,16.035485585306187],[-61.73810655951083,16.035064504414517]]]}},{"type":"Feature","properties":{"feature_id":"AEP_GOURBEYRE__P1","layer_key":"eau_aep","layer_label":"Eau AEP","economic_unit_id":"AEP_GOURBEYRE__P1","economic_state":"S0","economic_exposure_eur":157756.0,"economic_damage_eur":3440.0,"economic_damage_ratio_pct":2.181,"economic_asset_count":3,"criticality_territory":"guadeloupe","criticality_family":"aep","criticality_scenario":"rp1000","criticality_period_years":"1000","criticality_hazard":"storm_cmcc"},"geometry":{"type":"Polygon","coordinates":[[[-61.71554446979891,15.992438868859981],[-61.71538293180822,15.9931619090047],[-61.71476478720419,15.993277943130288],[-61.71431434758954,15.993774019708084],[-61.71379647358746,15.993672421766007],[-61.71340292775983,15.992926370090723],[-61.71352242197349,15.992472177919849],[-61.71439485458827,15.991842126550951],[-61.71523854322149,15.992065467288212],[-61.71554446979891,15.992438868859981]]]}},{"type":"Feature","properties":{"feature_id":"AEP_GOURBEYRE__P2","layer_key":"eau_aep","layer_label":"Eau AEP","economic_unit_id":"AEP_GOURBEYRE__P2","economic_state":"S0","economic_exposure_eur":42632.0,"economic_damage_eur":930.0,"economic_damage_ratio_pct":2.18,"economic_asset_count":1,"criticality_territory":"guadeloupe","criticality_family":"aep","criticality_scenario":"rp1000","criticality_period_years":"1000","criticality_hazard":"storm_cmcc"},"geometry":{"type":"Polygon","coordinates":[[[-61.708145860253666,15.996955274971329],[-61.70767395085513,15.996644247236274],[-61.70814566693094,15.995570377602725],[-61.70881459304682,15.99584529193537],[-61.70862352894561,15.996652584252478],[-61.708145860253666,15.996955274971329]]]}},{"type":"Feature","properties":{"feature_id":"AEP_GOURBEYRE__P3","layer_key":"eau_aep","layer_label":"Eau AEP","economic_unit_id":"AEP_GOURBEYRE__P3","economic_state":"S0","economic_exposure_eur":176883.0,"economic_damage_eur":3858.0,"economic_damage_ratio_pct":2.181,"economic_asset_count":1,"criticality_territory":"guadeloupe","criticality_family":"aep","criticality_scenario":"rp1000","criticality_period_years":"1000","criticality_hazard":"storm_cmcc"},"geometry":{"type":"Polygon","coordinates":[[[-61.70416859826398,15.990446648886696],[-61.70482384772361,15.990656547450728],[-61.70554242190391,15.992765695188927],[-61.70528530708547,15.993258890258945],[-61.70458498366405,15.993070894312254],[-61.70388842020324,15.99105684147497],[-61.70416859826398,15.990446648886696]]]}},{"type":"Feature","properties":{"feature_id":"AEP_GOURBEYRE__P4","layer_key":"eau_aep","layer_label":"Eau AEP","economic_unit_id":"AEP_GOURBEYRE__P4","economic_state":"S0","economic_exposure_eur":257170.0,"economic_damage_eur":5609.0,"economic_damage_ratio_pct":2.181,"economic_asset_count":4,"criticality_territory":"guadeloupe","criticality_family":"aep","criticality_scenario":"rp1000","criticality_period_years":"1000","criticality_hazard":"storm_cmcc"},"geometry":{"type":"Polygon","coordinates":[[[-61.716883223588574,15.990851058747044],[-61.71643767150019,15.991423267874698],[-61.71569731776148,15.991618468384027],[-61.715297545336135,15.991441945076486],[-61.715063514031,15.990305909009269],[-61.71545573677654,15.989836753166028],[-61.71516110349154,15.989195485635031],[-61.715354861601405,15.9887659235513],[-61.716076681765145,15.988847908750685],[-61.716883223588574,15.990851058747044]]]}},{"type":"Feature","properties":{"feature_id":"AEP_GOURBEYRE__P5","layer_key":"eau_aep","layer_label":"Eau AEP","economic_unit_id":"AEP_GOURBEYRE__P5","economic_state":"S0","economic_exposure_eur":65542.0,"economic_damage_eur":1429.0,"economic_damage_ratio_pct":2.181,"economic_asset_count":1,"criticality_territory":"guadeloupe","criticality_family":"aep","criticality_scenario":"rp1000","criticality_period_years":"1000","criticality_hazard":"storm_cmcc"},"geometry":{"type":"Polygon","coordinates":[[[-61.721112413223565,15.987443661353462],[-61.721456385791214,15.987933617569189],[-61.720888939136046,15.988823470133003],[-61.72048421304965,15.988989085388251],[-61.7199921099193,15.988471742002131],[-61.72052785869187,15.987619833674122],[-61.721112413223565,15.987443661353462]]]}},{"type":"Feature","properties":{"feature_id":"AEP_JABRUNPIC","layer_key":"eau_aep","layer_label":"Eau AEP","economic_unit_id":"AEP_JABRUNPIC","economic_state":"S3","economic_exposure_eur":21130929.0,"economic_damage_eur":4504063.0,"economic_damage_ratio_pct":21.315,"economic_asset_count":355,"criticality_territory":"guadeloupe","criticality_family":"aep","criticality_scenario":"rp1000","criticality_period_years":"1000","criticality_hazard":"storm_cmcc"},"geometry":{"type":"MultiPolygon","coordinates":[[[[-61.43886330437911,16.347042608580345],[-61.43778406323228,16.346995380411148],[-61.437638475431164,16.346215353141382],[-61.43635972337524,16.346215352680453],[-61.4368533466803,16.34459688485969],[-61.43808906342982,16.34310602423395],[-61.43829364634788,16.345582762690107],[-61.438924755575826,16.345606838531285],[-61.43886330437911,16.347042608580345]]],[[[-61.47246028304073,16.32474942412622],[-61.474187749780064,16.324749423907623],[-61.474108901959944,16.325640562101192],[-61.47295052862944,16.32788202491786],[-61.47079362136217,16.32788202498614],[-61.471612850763115,16.32830724009595],[-61.4715071993743,16.33031022742949],[-61.4684784703393,16.330128762172325],[-61.468028725406654,16.33178859059017],[-61.46837710604468,16.33999340597399],[-61.46246030903838,16.341180418392156],[-61.46231472405459,16.342828716708723],[-61.459126978082836,16.342882022894454],[-61.45903103313127,16.344456047171537],[-61.45743964513248,16.344548689264368],[-61.45531486429126,16.34851908403107],[-61.45658830732192,16.349916622111515],[-61.45692200609315,16.351490423769107],[-61.45814806438389,16.351469398509813],[-61.45912699509683,16.35308275999121],[-61.4599051178792,16.353223331352492],[-61.45996033143619,16.354817710527865],[-61.45942965526305,16.35538202243602],[-61.458591564416395,16.355310225369937],[-61.458471793180024,16.353715355781805],[-61.457758232926096,16.353643558658494],[-61.457638461359295,16.35288202236113],[-61.4568051288362,16.35245772452939],[-61.455793666863755,16.356416093866585],[-61.45812049320712,16.356453440911395],[-61.45826873165896,16.357686765756327],[-61.456627004150256,16.358715355363486],[-61.456627007319575,16.360615021979413],[-61.45347178185412,16.360920614876058],[-61.45347178417852,16.359548688234263],[-61.45269366325455,16.359408115576272],[-61.45263845284838,16.358399057327595],[-61.45347178662542,16.358082760895083],[-61.453471788314886,16.35707108954561],[-61.45125356812261,16.356215354396276],[-61.4495376289063,16.356201734272958],[-61.44930512507948,16.355382021128424],[-61.44764003658036,16.35509672631376],[-61.44767714719328,16.35158328944699],[-61.449502731496096,16.351416094434953],[-61.45023441769909,16.349842068266202],[-61.451819103630406,16.349141104455654],[-61.45263847141809,16.347290945126684],[-61.45264844077186,16.3449898667414],[-61.45140455230357,16.34462538729392],[-61.4515315173398,16.34411578020948],[-61.450040530589874,16.344225697101272],[-61.44631369647773,16.343133595682588],[-61.44150221825832,16.347525846316504],[-61.440418097803615,16.347399491255317],[-61.440124131872196,16.346384067749508],[-61.44476307397549,16.341942295193114],[-61.44548350064424,16.340668703039853],[-61.450971816950386,16.340104791947407],[-61.45123548832365,16.33892217111211],[-61.45225808533623,16.33894017000412],[-61.452460304691925,16.339410206684292],[-61.455500560718036,16.336215355619554],[-61.455138492295596,16.334548689285214],[-61.452870972577024,16.334535068732514],[-61.45263849405167,16.333715355634077],[-61.451901102836814,16.33362271336537],[-61.45180516500624,16.33121535560092],[-61.45139448201265,16.33203506862272],[-61.448674040875275,16.332024611167856],[-61.44847183355233,16.33038202183359],[-61.44690110827226,16.329456046310774],[-61.44680516990791,16.328715354990546],[-61.44537097574042,16.32870173458951],[-61.445138504875494,16.32788202145325],[-61.44359159492475,16.32781022448991],[-61.443471839843255,16.32704868791569],[-61.44186037746867,16.326074782076525],[-61.44180517619897,16.325382021071874],[-61.44115033730242,16.325382020829807],[-61.441646173232414,16.323050562815006],[-61.44404028294123,16.320685288695806],[-61.44411283686116,16.32182420680826],[-61.443293607834356,16.32204868805485],[-61.44329360955605,16.323082761435],[-61.44430517965762,16.323082761294415],[-61.44440111738742,16.3223420683881],[-61.44513851425524,16.322249427824637],[-61.445138517408914,16.320354232049024],[-61.446559236435085,16.320307978809065],[-61.448148035081694,16.320636065709376],[-61.449126942316774,16.322249427271515],[-61.449864339045845,16.322342067810045],[-61.44996027854129,16.323916093864188],[-61.450234449124196,16.323175401163024],[-61.45088524216819,16.32308276040096],[-61.45212083327106,16.32425615656549],[-61.45612048051368,16.322715243944454],[-61.4564519604065,16.321112152372624],[-61.45755299208379,16.31949618365338],[-61.45829360457534,16.3188347535936],[-61.460138517597606,16.31891609233561],[-61.45930518544254,16.31827125680102],[-61.46162693494972,16.316797039051405],[-61.46162693572915,16.317249425422933],[-61.46319766778676,16.31734206642881],[-61.463293605400196,16.318916091902146],[-61.4640071861864,16.318987887766014],[-61.46412694023575,16.319749425141854],[-61.464960274420946,16.32020168113715],[-61.466507188161614,16.32065455419827],[-61.46753425843783,16.32224942475542],[-61.47052996259378,16.322255501436928],[-61.47079361336999,16.323082757645594],[-61.471424742876344,16.32310683388018],[-61.47246028304073,16.32474942412622]],[[-61.47013850226287,16.32724942450537],[-61.470138502597194,16.327048691590676],[-61.46931301765695,16.327048691474413],[-61.47013850226287,16.32724942450537]]],[[[-61.44695072104515,16.356469399920808],[-61.44907178792657,16.356556665556116],[-61.448981403618696,16.35782871475993],[-61.446978294814144,16.357844672207456],[-61.44695072104515,16.356469399920808]]],[[[-61.45097182297577,16.336504868710485],[-61.452460299312044,16.33617709554135],[-61.45231471789921,16.336995382393525],[-61.451174037539595,16.337024611334304],[-61.45097182297577,16.336504868710485]]],[[[-61.46290216057845,16.317042612807448],[-61.46263852122124,16.316515035854422],[-61.46412693473264,16.316444034680945],[-61.46290216057845,16.317042612807448]]],[[[-61.46513852094998,16.31646118965492],[-61.467207383644016,16.317040011837804],[-61.46546606055178,16.317048690886995],[-61.46513852094998,16.31646118965492]]],[[[-61.47025826523382,16.321976894150964],[-61.470150119157424,16.319983541827483],[-61.47241304376715,16.321244083987672],[-61.47246027797945,16.32173239080747],[-61.47025826523382,16.321976894150964]]]]}},{"type":"Feature","properties":{"feature_id":"AEP_JABRUNP__P1","layer_key":"eau_aep","layer_label":"Eau AEP","economic_unit_id":"AEP_JABRUNP__P1","economic_state":"S0","economic_exposure_eur":10000.0,"economic_damage_eur":219.0,"economic_damage_ratio_pct":2.188,"economic_asset_count":2,"criticality_territory":"guadeloupe","criticality_family":"aep","criticality_scenario":"rp1000","criticality_period_years":"1000","criticality_hazard":"storm_cmcc"},"geometry":{"type":"Polygon","coordinates":[[[-61.4461261048652,16.326065984913946],[-61.445688985797304,16.326007546314187],[-61.445458711393265,16.325645331732897],[-61.4455856104967,16.325231807304995],[-61.44629577791372,16.325077470777153],[-61.44644964308383,16.3257756507239],[-61.4461261048652,16.326065984913946]]]}},{"type":"Feature","properties":{"feature_id":"AEP_JABRUNP__P2","layer_key":"eau_aep","layer_label":"Eau AEP","economic_unit_id":"AEP_JABRUNP__P2","economic_state":"S0","economic_exposure_eur":1396436.0,"economic_damage_eur":30590.0,"economic_damage_ratio_pct":2.191,"economic_asset_count":2,"criticality_territory":"guadeloupe","criticality_family":"aep","criticality_scenario":"rp1000","criticality_period_years":"1000","criticality_hazard":"storm_cmcc"},"geometry":{"type":"MultiPolygon","coordinates":[[[[-61.439126981622884,16.346695953052777],[-61.441238996941756,16.34621405393904],[-61.441555440188324,16.346807609478812],[-61.440898674203865,16.347401738711323],[-61.43881747054226,16.347814160002343],[-61.43935211487413,16.350518548072678],[-61.43910353443055,16.35232727551567],[-61.43961854260571,16.353775680669496],[-61.43934772481349,16.354116013140562],[-61.43855377273441,16.354271082758725],[-61.43874710067307,16.355747265521043],[-61.43806459274125,16.357183164854987],[-61.43616722723036,16.357847009557172],[-61.43594530928425,16.358405078600523],[-61.435373310587025,16.3583997260457],[-61.43514011725564,16.357203920450864],[-61.43680512485162,16.356615605014756],[-61.436830064757444,16.354944683095937],[-61.437609872365535,16.354749429690195],[-61.43684381096387,16.354381490808677],[-61.436843812826794,16.353249956840095],[-61.437966060659775,16.353082762528942],[-61.43839710275359,16.3532884084918],[-61.43806110344332,16.352426501488818],[-61.438317361173084,16.35057134040148],[-61.437740350278396,16.347219389053453],[-61.437942200821226,16.34704755429572],[-61.43765258010816,16.34682420614404],[-61.437638475431164,16.346215353141382],[-61.43714668178939,16.346215352706754],[-61.43903103214582,16.345675402589045],[-61.439126981622884,16.346695953052777]]],[[[-61.44073276999676,16.353916095856267],[-61.44013846054945,16.354905759134454],[-61.44013846164767,16.35423239067814],[-61.44073276999676,16.353916095856267]]]]}},{"type":"Feature","properties":{"feature_id":"AEP_JABRUNP__P3","layer_key":"eau_aep","layer_label":"Eau AEP","economic_unit_id":"AEP_JABRUNP__P3","economic_state":"S0","economic_exposure_eur":59837.0,"economic_damage_eur":1309.0,"economic_damage_ratio_pct":2.188,"economic_asset_count":1,"criticality_territory":"guadeloupe","criticality_family":"aep","criticality_scenario":"rp1000","criticality_period_years":"1000","criticality_hazard":"storm_cmcc"},"geometry":{"type":"Polygon","coordinates":[[[-61.447062335580114,16.324833134523743],[-61.446815663251485,16.325331406441713],[-61.445434834197606,16.325058267182058],[-61.4456146354731,16.324377129624647],[-61.44663050939322,16.324412675129413],[-61.447062335580114,16.324833134523743]]]}},{"type":"Feature","properties":{"feature_id":"AEP_JABRUNP__P4","layer_key":"eau_aep","layer_label":"Eau AEP","economic_unit_id":"AEP_JABRUNP__P4","economic_state":"S0","economic_exposure_eur":5000.0,"economic_damage_eur":110.0,"economic_damage_ratio_pct":2.191,"economic_asset_count":1,"criticality_territory":"guadeloupe","criticality_family":"aep","criticality_scenario":"rp1000","criticality_period_years":"1000","criticality_hazard":"storm_cmcc"},"geometry":{"type":"Polygon","coordinates":[[[-61.440766592317075,16.36898392746343],[-61.440328542906315,16.369548215580895],[-61.43974452114554,16.369128467388155],[-61.44018257107459,16.368564180528885],[-61.440766592317075,16.36898392746343]]]}},{"type":"Feature","properties":{"feature_id":"AEP_LAMENTINP","layer_key":"eau_aep","layer_label":"Eau AEP","economic_unit_id":"AEP_LAMENTINP","economic_state":"S3","economic_exposure_eur":100774538.0,"economic_damage_eur":21480119.0,"economic_damage_ratio_pct":21.315,"economic_asset_count":1399,"criticality_territory":"guadeloupe","criticality_family":"aep","criticality_scenario":"rp1000","criticality_period_years":"1000","criticality_hazard":"storm_cmcc"},"geometry":{"type":"MultiPolygon","coordinates":[[[[-61.6234719060968,16.272067710168464],[-61.62428772558326,16.271743720281943],[-61.62535428753961,16.27005479037122],[-61.624785313554305,16.26891606950516],[-61.625620434567054,16.268953419792926],[-61.6257548803766,16.27271483733403],[-61.62364501617641,16.272844695100133],[-61.6234719060968,16.272067710168464]]],[[[-61.6593053489486,16.203082730484347],[-61.660284180603085,16.20146937389601],[-61.661331481581044,16.201417586289192],[-61.66162677091852,16.202249396852174],[-61.66321912645984,16.2023650477215],[-61.66329344016397,16.20369116271305],[-61.665989767492654,16.20327691000348],[-61.66680138898708,16.203857501484045],[-61.6661163601587,16.205456977919614],[-61.66659722299142,16.209009839818208],[-61.6626143297023,16.209556457840044],[-61.66145372560509,16.211178034316653],[-61.659053126007564,16.21151061327297],[-61.66015192765117,16.2157106612383],[-61.65952111079501,16.217268970909647],[-61.65816013461423,16.218255361096816],[-61.6581201875794,16.222437535038935],[-61.65879734095556,16.225810521138754],[-61.660787838263765,16.22725976300357],[-61.66146717267358,16.230507180201112],[-61.66438836356855,16.231161909615757],[-61.6659192085031,16.22986777645194],[-61.664992418285,16.228628316598996],[-61.66478156907155,16.22706716918002],[-61.662829148577,16.226246155649363],[-61.66186520715664,16.22439412137048],[-61.66224006188925,16.222379066207505],[-61.66338525634951,16.2211539265536],[-61.66307240239083,16.218768971554887],[-61.66485132968779,16.21682332389161],[-61.66841237249265,16.216540351429664],[-61.6690033067644,16.218991854340427],[-61.66995384347409,16.220004011682928],[-61.669935213730604,16.221020111537175],[-61.669423509215775,16.22121538712194],[-61.670037987878,16.225160283199624],[-61.67071569763699,16.226011093348006],[-61.670157216861924,16.22696435764812],[-61.67025537996509,16.22808272971974],[-61.67079190517172,16.22836805207092],[-61.670791910768976,16.231763396744544],[-61.670103253968186,16.232782445290383],[-61.670509790303406,16.238919253563505],[-61.67117335108749,16.241382383278527],[-61.67027720301235,16.242162747388964],[-61.66923114683198,16.244661674252832],[-61.6682757183977,16.244963934633724],[-61.66826858509438,16.246020111083638],[-61.6674601776426,16.246215386147295],[-61.66728708719429,16.247011367205328],[-61.66602712762909,16.246908133093694],[-61.66597194497851,16.24528641762535],[-61.66243272578663,16.24539806497274],[-61.663800422983726,16.247133535968757],[-61.66767446078619,16.248380305905258],[-61.66683670787939,16.250381471260614],[-61.667073858398005,16.251155795990734],[-61.66916008698691,16.252598018352987],[-61.6690753408277,16.25388886473703],[-61.67117817537666,16.253993096854884],[-61.67577942845591,16.256640565569885],[-61.67571919987406,16.258599734190483],[-61.67478875902658,16.258802435359186],[-61.673051002063346,16.261729141830966],[-61.671494601441935,16.261669796529763],[-61.67105156133876,16.26509643706979],[-61.669773126262065,16.26724939734312],[-61.67071921028241,16.267365048087612],[-61.670779446761124,16.268490882609647],[-61.66890259748607,16.26871538536355],[-61.66829355006494,16.269741017166503],[-61.6690716915371,16.269889982118407],[-61.66912059283197,16.270960769981016],[-61.668293552510235,16.271215385421936],[-61.668014511027486,16.273980020987253],[-61.66752627574583,16.274168368073312],[-61.6684718916811,16.277249397909884],[-61.668485996090794,16.27580723265176],[-61.669305227674236,16.275582731102343],[-61.66936042346822,16.274056648869745],[-61.6701385636671,16.27391606429486],[-61.670212903057376,16.273198381587626],[-61.67165038507692,16.272249397415486],[-61.66967427108122,16.274889720664586],[-61.672536052576056,16.277980785677787],[-61.67275818402008,16.28138035541364],[-61.6707166756978,16.283852444720264],[-61.66723559859114,16.28439910937511],[-61.665138548506555,16.283415627693838],[-61.66519374574563,16.282389982579716],[-61.66597188370015,16.282249398332898],[-61.66604622611369,16.281531715355566],[-61.66680521864388,16.281215384914635],[-61.66453765596173,16.281201763167054],[-61.66430522034582,16.28038205131074],[-61.661997676116414,16.280854915494018],[-61.66104966708395,16.280270064293322],[-61.65898034278837,16.280132842238093],[-61.65918311345276,16.27864421306863],[-61.655754413473886,16.276048937762475],[-61.653653782682774,16.27618203842864],[-61.654120601919,16.277627436233654],[-61.653382470597485,16.277882050103134],[-61.65308565211398,16.27974183915198],[-61.650793564307584,16.279589757212882],[-61.650591391686916,16.28035797026756],[-61.64876729210895,16.280380525802766],[-61.64847189069195,16.27938164658861],[-61.64677980837458,16.27920444303552],[-61.64741436503669,16.276032825148654],[-61.64502206388193,16.27584946610515],[-61.64337941245448,16.27469295386045],[-61.6417040318666,16.2751645586143],[-61.640022380059776,16.274695768340997],[-61.63986430154577,16.275289398762663],[-61.638495000210845,16.276045710864672],[-61.6387572931622,16.278364097000548],[-61.63653610312273,16.278131376185904],[-61.63579356067,16.278507526490696],[-61.63660196546291,16.27911133915894],[-61.6365717028582,16.28024146383768],[-61.634553348926104,16.280372222735227],[-61.63357870168575,16.28101170363758],[-61.633709530025726,16.28176394941978],[-61.63214200024733,16.28434924008655],[-61.632167431757956,16.285340101076695],[-61.63079816874275,16.285842340286415],[-61.63000334090403,16.28540544292902],[-61.62977339480585,16.28408676360825],[-61.62680522645887,16.279621669980344],[-61.626027087151996,16.279408129749857],[-61.62513513601534,16.277048713345458],[-61.62431933320446,16.276824214128375],[-61.6243301634584,16.274944673110642],[-61.625711047379944,16.274749402965686],[-61.62765712655141,16.269548713892117],[-61.62680524366135,16.269232390906534],[-61.626830174649264,16.2674446729401],[-61.62763858020834,16.26724940259254],[-61.62763858468678,16.26454871406319],[-61.62662686974046,16.264548713939067],[-61.62639445601367,16.26536842592439],[-61.62504221605101,16.265382047069032],[-61.62512437408532,16.264417564417034],[-61.62618610758984,16.2605370233558],[-61.627640368288475,16.257883244975794],[-61.62964790729906,16.25641678873275],[-61.62996019138353,16.25724940205822],[-61.63046606123094,16.256416068251017],[-61.631481322234244,16.256469377875327],[-61.631839463834936,16.257249401811105],[-61.63185658438028,16.254380114508113],[-61.632827753470075,16.25312685083629],[-61.63439811278771,16.25249795839646],[-61.63447764960126,16.25175137655598],[-61.631786231660215,16.251238322264925],[-61.63210233452032,16.24910162218548],[-61.63173077417224,16.24802702266194],[-61.6328418119539,16.247173205698513],[-61.63267728078147,16.244916610379473],[-61.63430439621311,16.24471975358502],[-61.63658475160565,16.239804271679198],[-61.637777127565684,16.238657042194347],[-61.637677292370306,16.23658327667833],[-61.63847196353939,16.23621538298631],[-61.63746015746863,16.23621538286312],[-61.63736425836553,16.23862273277941],[-61.63579349473578,16.238715382577723],[-61.635697592532125,16.239456065948733],[-61.63496016267985,16.239548715781982],[-61.63490498089325,16.240241464529475],[-61.63329349856805,16.241215382190315],[-61.63317378607106,16.241976912586043],[-61.63246016651218,16.242048715394393],[-61.63238584440017,16.24443306453496],[-61.63079350378026,16.24454871510826],[-61.6307794077803,16.246824214813493],[-61.62996017448447,16.247048714923956],[-61.6299460796323,16.25015754807583],[-61.62912684656969,16.250382048045488],[-61.62897366265229,16.25116650303212],[-61.62804635432591,16.24928463941352],[-61.62812249615014,16.247068335608738],[-61.63031296728361,16.2431515121877],[-61.63197256202315,16.241671504975535],[-61.633593800158074,16.237617562103907],[-61.63632129481212,16.235126296948433],[-61.63661439354582,16.231796275933085],[-61.63814120242047,16.22896546122034],[-61.63912681501953,16.23058273360712],[-61.640971972533784,16.230582733382796],[-61.64099690080707,16.227444671995627],[-61.64241474280612,16.227249399767146],[-61.64274565609263,16.226132464345948],[-61.64269383310349,16.22072331667272],[-61.64763865963357,16.217693398862732],[-61.64678359173437,16.21709011777876],[-61.647870894190845,16.215368385955486],[-61.64763866622195,16.213715384838544],[-61.647340424958486,16.214476914642447],[-61.646626789423586,16.214548718022073],[-61.64660187017877,16.216020110542107],[-61.64579345874317,16.216215384533065],[-61.64567376078678,16.21697691442063],[-61.643532955861964,16.21691566799437],[-61.64471247873695,16.216912173093366],[-61.64423813485464,16.215254159919418],[-61.64445217204753,16.213485726733012],[-61.64535033560794,16.21193104344246],[-61.64681106492626,16.210819475048627],[-61.64736307020228,16.20878102857647],[-61.646820453808886,16.205743295939136],[-61.6476871728368,16.20345490382493],[-61.64896072725584,16.202168112852416],[-61.65257621555595,16.200266737225693],[-61.655793432812224,16.199783406106963],[-61.655620384169104,16.20117803399472],[-61.65447840346692,16.201178033858312],[-61.65412676693454,16.200382052726294],[-61.65403088261315,16.201122735123707],[-61.65329343487629,16.201215385931906],[-61.654101848900886,16.201611337801722],[-61.654126771392804,16.203082731106385],[-61.65496010544979,16.203473443762178],[-61.6593053489486,16.203082730484347]],[[-61.62849685004978,16.261611339487313],[-61.62930525666164,16.26121538104394],[-61.627840742609756,16.26119130162526],[-61.627460196268544,16.26038204751189],[-61.62746020074567,16.26308273584365],[-61.62847192034162,16.263082735719603],[-61.62849685004978,16.261611339487313]],[[-61.64456561652095,16.238647276875863],[-61.645924586315964,16.237746430250144],[-61.645411652566736,16.236335181225027],[-61.64420975513784,16.235779684644317],[-61.64361289131174,16.23885986036951],[-61.640154346387305,16.24213258766489],[-61.63924286778407,16.245094129285317],[-61.64044762393938,16.24729127853646],[-61.64081798009258,16.25056175025114],[-61.64176011433591,16.250735194875272],[-61.64474586156226,16.24658407510885],[-61.646441838532624,16.24525150534056],[-61.644232256520574,16.244828121424163],[-61.64283329216822,16.242937966048544],[-61.64317786402312,16.240725577991626],[-61.64456561652095,16.238647276875863]],[[-61.646085221038355,16.267626293838156],[-61.64565377916476,16.267852546902933],[-61.64647575010233,16.267629890643132],[-61.646085221038355,16.267626293838156]],[[-61.65246010694549,16.20454871905527],[-61.65246010736624,16.204805316619662],[-61.65321837471468,16.20454871910179],[-61.65246010694549,16.20454871905527]],[[-61.655823570804614,16.266215384106523],[-61.65421495632575,16.265848657760802],[-61.65513857677193,16.267171984852],[-61.655823570804614,16.266215384106523]],[[-61.662997045216365,16.273076420033714],[-61.66290350050168,16.27289379684897],[-61.66285609972703,16.27335764943134],[-61.662997045216365,16.273076420033714]]],[[[-61.62458953439088,16.268026932884844],[-61.62470404744185,16.266423945512287],[-61.6249586294932,16.26670138590032],[-61.624905018913516,16.268574796613002],[-61.62458953439088,16.268026932884844]]],[[[-61.63856757640971,16.227882049877035],[-61.63912680866768,16.22675989003593],[-61.639126809995766,16.227565724512615],[-61.63856757640971,16.227882049877035]]],[[[-61.639408616054254,16.22121538352516],[-61.64023455247823,16.219008715322307],[-61.642364235380946,16.219008715102323],[-61.642404955287304,16.221074798754866],[-61.639408616054254,16.22121538352516]]],[[[-61.66661267405876,16.201824216627912],[-61.66579343775248,16.202048720736176],[-61.66569755220217,16.202789402738063],[-61.66356790213514,16.202789402521834],[-61.66347202000964,16.200079225841865],[-61.66570675393344,16.199661737683055],[-61.66662676787896,16.20006572462202],[-61.66661267405876,16.201824216627912]]],[[[-61.66940115399606,16.271956067985258],[-61.669401156947785,16.269842047012236],[-61.671530964009,16.269842046797073],[-61.67157169484458,16.271908133010022],[-61.66940115399606,16.271956067985258]]],[[[-61.67183017310557,16.264944670842695],[-61.67276286593464,16.26474939699818],[-61.67233740961873,16.266215385980086],[-61.67183017310557,16.264944670842695]]],[[[-61.67431938290404,16.241640565633563],[-61.67493052315925,16.241416062898285],[-61.67474900008578,16.242453014839988],[-61.67430685703608,16.243430063276577],[-61.67431938290404,16.241640565633563]]]]}},{"type":"Feature","properties":{"feature_id":"AEP_LAPLAINE","layer_key":"eau_aep","layer_label":"Eau AEP","economic_unit_id":"AEP_LAPLAINE","economic_state":"S3","economic_exposure_eur":1533469.0,"economic_damage_eur":326859.0,"economic_damage_ratio_pct":21.315,"economic_asset_count":12,"criticality_territory":"guadeloupe","criticality_family":"aep","criticality_scenario":"rp1000","criticality_period_years":"1000","criticality_hazard":"storm_cmcc"},"geometry":{"type":"Polygon","coordinates":[[[-61.62684898512673,15.98965676091142],[-61.626916369814865,15.990382056204798],[-61.62611770797857,15.990328744248586],[-61.62597236956891,15.98971318136162],[-61.62577900539176,15.990990884464974],[-61.62548619155577,15.99121443239387],[-61.6254917456568,15.991416062353634],[-61.625972366798116,15.991416062631437],[-61.62606815185423,15.990675379496476],[-61.62687349873117,15.990582729127746],[-61.62636590195481,15.991432146491878],[-61.62670768687104,15.99235332397173],[-61.62661234271465,15.99349088446397],[-61.62579309148496,15.993715389366166],[-61.62579309181141,15.993916062714888],[-61.62676273302034,15.993916062609154],[-61.626274557505496,15.996597614051536],[-61.62662643032692,15.99703840926848],[-61.62658781649232,15.998548175535344],[-61.625692809162345,15.998715389125993],[-61.62570414553853,15.999126948312542],[-61.624126434255864,15.99964074622489],[-61.624317711236394,15.999749396367893],[-61.623999545473545,16.000607780994482],[-61.623358671714314,16.001284910472037],[-61.62259729763513,16.001504305347606],[-61.62180568452747,16.001344270926598],[-61.62180568609162,16.00038205532435],[-61.62106814080098,16.000289403796216],[-61.620936416680266,15.999548721922729],[-61.62132237559549,15.998280648504513],[-61.62301213176657,15.996245641175852],[-61.623469020923594,15.993799156960742],[-61.622922335517536,15.991338474709671],[-61.62314374915927,15.990582729512113],[-61.62347236848204,15.990582729585755],[-61.62343621803096,15.988347031546501],[-61.624313218053715,15.987399769018714],[-61.62687127964783,15.98603424072124],[-61.62765057370422,15.985885179019316],[-61.62862981992763,15.98626175874795],[-61.6291417081536,15.987034793291802],[-61.62910703229178,15.98799880314682],[-61.628472370862326,15.988715389858324],[-61.62684898512673,15.98965676091142]]]}},{"type":"Feature","properties":{"feature_id":"AEP_LEMOULE__P1","layer_key":"eau_aep","layer_label":"Eau AEP","economic_unit_id":"AEP_LEMOULE__P1","economic_state":"S3","economic_exposure_eur":132787584.0,"economic_damage_eur":28303708.0,"economic_damage_ratio_pct":21.315,"economic_asset_count":2154,"criticality_territory":"guadeloupe","criticality_family":"aep","criticality_scenario":"rp1000","criticality_period_years":"1000","criticality_hazard":"storm_cmcc"},"geometry":{"type":"MultiPolygon","coordinates":[[[[-61.390793576783814,16.307882014429463],[-61.39079357850388,16.308916101839657],[-61.39157171536549,16.30905666949259],[-61.391620620750196,16.310127429170855],[-61.390793580942436,16.310382014347756],[-61.390738387308375,16.31274144505617],[-61.38912691958026,16.313715347332455],[-61.38912692130102,16.31474943555693],[-61.389942092283476,16.31496295368302],[-61.38935045884539,16.316215347258915],[-61.387927138116396,16.31538201345273],[-61.3836100476564,16.317957173293618],[-61.38419114901451,16.319514697976558],[-61.38386767614102,16.32107872737468],[-61.385202598986254,16.321846271046077],[-61.38601190780744,16.323202547090073],[-61.38574519431822,16.325424703466883],[-61.384083399101115,16.326829550988563],[-61.38156962841899,16.326964400186185],[-61.380201178716504,16.326277657812913],[-61.3777899216387,16.323613776988292],[-61.374694935646005,16.327216281701705],[-61.373178069222746,16.328059740178244],[-61.37282805633975,16.330162181657936],[-61.376921193601675,16.332266257745786],[-61.38248928928964,16.33122487763622],[-61.384759325615825,16.330263722460522],[-61.385497241780286,16.328815980659726],[-61.38685077747667,16.32795459596865],[-61.38940340088645,16.328198802262925],[-61.38930518271461,16.326215346949358],[-61.38852705084658,16.326074777881914],[-61.38847342864416,16.325034722363682],[-61.38914351704609,16.324749435808336],[-61.389244729684826,16.319790685431997],[-61.39062345558861,16.318124542948993],[-61.39291030685292,16.317767455880915],[-61.395078139332455,16.319440207772058],[-61.395430505329806,16.32300975091463],[-61.39763851954425,16.323335543109877],[-61.39764221739334,16.321687601355194],[-61.39996026932001,16.32264666491981],[-61.39984051937083,16.323643553199616],[-61.3985679576595,16.32371534829719],[-61.39990510201102,16.325030670676167],[-61.40162790395815,16.32387921815862],[-61.410127867262304,16.321448303634334],[-61.41262777997107,16.32290199736562],[-61.41347185130077,16.322858135321056],[-61.41349678598734,16.32161135078555],[-61.414305186910724,16.321416098794632],[-61.414424939203954,16.32065455983905],[-61.41661137309446,16.320582765107144],[-61.41746027036044,16.321771044391873],[-61.41746027445133,16.32423239079954],[-61.41662694156521,16.324548684233893],[-61.41642971166485,16.326189004582602],[-61.42227920600823,16.330582764407982],[-61.42317386161114,16.330654559032467],[-61.4233007653169,16.33141609777528],[-61.424946183187174,16.33164057531951],[-61.424921611659954,16.332714823809468],[-61.42419006743529,16.33288201837831],[-61.42689783179047,16.342406219481813],[-61.42568398110841,16.347848820062186],[-61.4273567844191,16.34735091644704],[-61.43004967377161,16.34768346414197],[-61.43454130608994,16.34489024568731],[-61.436353862021285,16.34206310880606],[-61.439420992183386,16.344213373348207],[-61.43869334931157,16.34556117969899],[-61.4391020458295,16.346853431570857],[-61.43672346695376,16.350747957839072],[-61.43235281094895,16.35339825173912],[-61.427440855921716,16.354338679525995],[-61.42552997424839,16.357875939733454],[-61.423735481888826,16.357875939482962],[-61.42347179236705,16.35730791105621],[-61.42013760517773,16.356818574202368],[-61.418903118338385,16.355156397268246],[-61.419088993160514,16.353017645077408],[-61.41131834281351,16.349188520425745],[-61.40823120864787,16.346726404534863],[-61.404527076348,16.349533952253516],[-61.40661744783783,16.35255922117525],[-61.40688609273387,16.35470959671318],[-61.409025812312635,16.359832343077784],[-61.41196336569505,16.36484289357339],[-61.412041768437454,16.366620067121577],[-61.4144554775144,16.36893812764032],[-61.420175559524225,16.38663603008301],[-61.41886297022347,16.389482000730222],[-61.41893793672074,16.390599528989835],[-61.41788997422371,16.391104155977754],[-61.41608378181139,16.38871534864198],[-61.415193627395055,16.38857477874472],[-61.415138409881,16.38746500515709],[-61.412787091500846,16.38435508330099],[-61.41171502862275,16.381215348365977],[-61.410177109779106,16.380214821917157],[-61.41017711164537,16.37908329219039],[-61.41092997006351,16.378916100714015],[-61.40847485052988,16.37172532944506],[-61.40471318096391,16.36751690070638],[-61.40436423224953,16.36403310749021],[-61.40252520190695,16.3620486810201],[-61.40099672562395,16.361853429203837],[-61.400996728696484,16.3599446850675],[-61.40191812102976,16.35974943476137],[-61.40059445743601,16.35473605836571],[-61.39786781284103,16.350990932221524],[-61.39581420587759,16.350441171167677],[-61.39226639299952,16.347346807458344],[-61.389708461126155,16.3466932990543],[-61.38810162306669,16.34963168079907],[-61.385406971384285,16.35027309035877],[-61.38382650321753,16.348715345082447],[-61.38273442591984,16.348622706087117],[-61.38263848095788,16.347882011946247],[-61.381901093660844,16.347789372688958],[-61.380971817143255,16.34632702058899],[-61.37881052241388,16.34567323810813],[-61.37906521954325,16.34408656689418],[-61.38014747979438,16.342833249770745],[-61.379126965730514,16.342297222161964],[-61.37889448445838,16.342868391796177],[-61.377007371608755,16.342857934785744],[-61.37680515963914,16.341215344653847],[-61.37611740726177,16.341162039947278],[-61.37597182738995,16.34063992984811],[-61.37274221930422,16.340796552013867],[-61.37097183061573,16.33915471682818],[-61.369158881431346,16.338534962300937],[-61.366764794462235,16.34002906861531],[-61.36415350135022,16.340139360763292],[-61.361900121498834,16.33878208755499],[-61.35622439707706,16.338182198211335],[-61.352496228675314,16.3363143847999],[-61.35074497273923,16.337181181607463],[-61.34537097681809,16.336201720640997],[-61.3423059638557,16.335096264043738],[-61.325649139814985,16.33327450318089],[-61.3248214852515,16.33259244470503],[-61.32032513788519,16.331772202307707],[-61.31937871251885,16.33001509748172],[-61.31949226434402,16.328275532919385],[-61.316097384204745,16.32897069394872],[-61.315716527315466,16.330931375594158],[-61.310370981350175,16.33036838248999],[-61.31013852261991,16.32971488625719],[-61.30817748179725,16.328594451486918],[-61.3087001183102,16.327525825184647],[-61.303687458134924,16.32607463248798],[-61.30321210489119,16.326374580949746],[-61.297037210483886,16.323313973175217],[-61.28579357946822,16.31894081641361],[-61.28556113603213,16.319535045895005],[-61.28367405903886,16.319524589306955],[-61.283471878576336,16.318715331470468],[-61.28267721820282,16.318548147456806],[-61.28263854752707,16.317415181540152],[-61.28011060256712,16.316044477476694],[-61.277886078959995,16.31562401786741],[-61.27736272041132,16.31461287039664],[-61.28107593784082,16.31216235526353],[-61.284281929110286,16.312711149368873],[-61.285681001655554,16.313380738841786],[-61.286856273362126,16.31487146966152],[-61.299427158100976,16.31725199858689],[-61.308067174359124,16.321266267696718],[-61.31320496338201,16.32267970763342],[-61.31685995434701,16.32268097428013],[-61.31443137625648,16.32022924165381],[-61.31470047641927,16.31718186115881],[-61.312867554491596,16.31457449684052],[-61.312753990376876,16.311450652269926],[-61.309312779271856,16.31602104614652],[-61.30674507143963,16.316788582905815],[-61.30516375833063,16.316105189065652],[-61.3041829251697,16.314667712573343],[-61.302447526560556,16.314295596709155],[-61.301225236577835,16.313116453971627],[-61.29935601052743,16.313779967571037],[-61.29759489871338,16.313318112271325],[-61.2964896828795,16.31217316549956],[-61.296127964418154,16.310536895965534],[-61.28841899152667,16.309452602095874],[-61.286532501125926,16.308041603036866],[-61.28847189871531,16.306119134534814],[-61.28847189994866,16.30538199933628],[-61.286843905057495,16.304381481338776],[-61.28686042947764,16.303223344786172],[-61.287638570574124,16.30308278366478],[-61.287870997087204,16.302263068388243],[-61.290793552349626,16.302174566813946],[-61.29077945411757,16.304324200538808],[-61.28996022316713,16.30474945001754],[-61.29244033716588,16.30495830068302],[-61.2951385672881,16.304311969634302],[-61.29513856830698,16.303715333741007],[-61.29275830214677,16.303643541461696],[-61.29263857071586,16.30249311180433],[-61.29751947922415,16.30304241008026],[-61.29801107966273,16.302252821871537],[-61.298471902153686,16.303082782013046],[-61.29847190434524,16.301740443232113],[-61.29963187767644,16.300925754122936],[-61.302460217968665,16.300467029655977],[-61.30225805419748,16.30119125916124],[-61.30079355228845,16.301215334682063],[-61.3007935539733,16.302228088739575],[-61.30347190304437,16.302062933671586],[-61.30267723979184,16.30188148251971],[-61.30263857245032,16.3004971465216],[-61.30373267955846,16.300454986002535],[-61.304905026511456,16.300723343162336],[-61.30496022142482,16.30232038689767],[-61.310164327531574,16.3042818723401],[-61.31156994150128,16.30344708330384],[-61.31312600975649,16.30339570919626],[-61.31134146168073,16.301950266298295],[-61.31042870069472,16.29866233930031],[-61.316164512816414,16.29665437374472],[-61.31742228483202,16.296968081169673],[-61.317418555775326,16.29621533733416],[-61.3160105797854,16.296048150237922],[-61.31599684225791,16.294111356046823],[-61.318799394470496,16.293916111657786],[-61.31912687910646,16.295617243194762],[-61.31986213880277,16.294807439994152],[-61.320958933425736,16.295004248673013],[-61.323124212074944,16.294319488987764],[-61.32671476297537,16.299702127532697],[-61.32946613711086,16.29876825016097],[-61.33699114158224,16.298566435629382],[-61.34097189855026,16.30117354086597],[-61.34117406834731,16.300606850513933],[-61.34225805511486,16.30060685035337],[-61.34243607375936,16.301851330433028],[-61.34469783323255,16.302898306131535],[-61.34618716856884,16.305434183610547],[-61.34792020261241,16.303238004978926],[-61.346248956704066,16.30217199219485],[-61.345770268941536,16.301015668831134],[-61.34431933347035,16.30099086948137],[-61.34437957156228,16.29986507620649],[-61.34533723699801,16.29974944139548],[-61.345509997440374,16.29784231367272],[-61.3445487272151,16.294684825134503],[-61.3450134814632,16.29298471240133],[-61.342671910119684,16.292203323622715],[-61.34160692858606,16.289912400797686],[-61.34208313715878,16.288322627856797],[-61.34516074120095,16.287048675112796],[-61.34433018244762,16.286853427176347],[-61.34460063119947,16.285584297204544],[-61.34569761876484,16.285675411086537],[-61.345788024018695,16.286789007960312],[-61.34626729769887,16.286417630313082],[-61.350961319511384,16.28641610708522],[-61.35243527792545,16.288520094363943],[-61.34996020580723,16.288838415325507],[-61.3524361011954,16.29015075514455],[-61.35321219789544,16.291574626462317],[-61.35320926372492,16.293388785403454],[-61.35583219019917,16.293326657349105],[-61.356993163985244,16.292279002594462],[-61.35904050971814,16.293302944159493],[-61.36011081564372,16.293251906948147],[-61.360597168141545,16.29410280141642],[-61.362557646442035,16.295137305529703],[-61.360581111815065,16.297858203470746],[-61.360722049708194,16.299360414332753],[-61.36011826216911,16.300715432391563],[-61.358637797055415,16.301745785218174],[-61.35672871020915,16.301783270262007],[-61.35621847464408,16.304140540580306],[-61.35420503240452,16.30546059871049],[-61.35359705950421,16.307013749955527],[-61.351281149574234,16.30932477273111],[-61.35006539073628,16.312024415431434],[-61.35155106190942,16.31330345908257],[-61.351950947998404,16.315113971867298],[-61.35110967806205,16.31689478683549],[-61.34940386546018,16.317794230677542],[-61.34991680407951,16.32054820845137],[-61.35097186370209,16.3211759563003],[-61.35109161213151,16.32065456691072],[-61.35180519792509,16.320565153950152],[-61.35102706377258,16.32024144163114],[-61.35097186689922,16.31923239082216],[-61.351805200669475,16.31891610775819],[-61.35192494890097,16.31732123342208],[-61.35321924197563,16.31736507557169],[-61.353293589499216,16.318825037760163],[-61.35626174927909,16.316319907073535],[-61.35718686486636,16.314480726432656],[-61.35972686012062,16.313631439243533],[-61.36217685119205,16.3147426078167],[-61.36312933776133,16.31692120571187],[-61.36252209827962,16.3187127031863],[-61.35906937203866,16.32227902341233],[-61.35970739281863,16.325037685915404],[-61.365487059819216,16.32402164299315],[-61.3707376369478,16.322434200422094],[-61.37349732929884,16.318521183333022],[-61.37347186568959,16.317882011599707],[-61.37264482621266,16.317627428456767],[-61.37304093117435,16.31653512216273],[-61.37392851379538,16.31558277093073],[-61.374840508085356,16.31565456410095],[-61.3749602553943,16.316446789611135],[-61.37671130120814,16.31396377198975],[-61.382877545116486,16.311483222713434],[-61.38355023237501,16.30849215207839],[-61.384845684061766,16.30689628049619],[-61.386805213532924,16.30792993843626],[-61.387037656519375,16.30726305441268],[-61.38930521428025,16.307249435345803],[-61.389311510996116,16.305004019110527],[-61.389708153854514,16.30474943496913],[-61.39162690815625,16.306644891953944],[-61.392087974872894,16.309545345565752],[-61.39180521145981,16.308715347880923],[-61.39111743602574,16.308662042654454],[-61.390793576783814,16.307882014429463]],[[-61.31868028265181,16.30704867033514],[-61.31914656374636,16.30752625739864],[-61.319214595349784,16.305860856375535],[-61.31868028265181,16.30704867033514]],[[-61.32912689685241,16.305382005477572],[-61.32907170388775,16.306074773504946],[-61.328293564779536,16.306215338659353],[-61.327314681073744,16.307828701596016],[-61.32540694253189,16.30788200455639],[-61.32822256649284,16.308202759133867],[-61.32696570486781,16.308909104123096],[-61.326932899888185,16.30954867158828],[-61.32579356994725,16.3095486715105],[-61.3257935716676,16.3105827780786],[-61.326626905726904,16.310961215806326],[-61.3257877217005,16.31288200473178],[-61.324305216970636,16.311705493396786],[-61.323579586252464,16.31261539101234],[-61.324624522704994,16.314187365332995],[-61.32457389373226,16.316179704455482],[-61.323814013159144,16.31765134232161],[-61.32258546579882,16.31853502339625],[-61.327476638506425,16.320820011282716],[-61.33016199482126,16.32268279735089],[-61.330370985732266,16.321429729360307],[-61.332725415272726,16.321808385156857],[-61.33220009283121,16.320156765681006],[-61.33266786003854,16.31853685984112],[-61.33159119674562,16.316588255070346],[-61.33191280036654,16.31485351356182],[-61.33393280546657,16.313159013514028],[-61.33489112002477,16.311323164427364],[-61.3381075758593,16.308973080885156],[-61.33664328615369,16.3079213496394],[-61.33569169196139,16.30540741859863],[-61.33481053847968,16.3047417563607],[-61.32912689685241,16.305382005477572]],[[-61.330879793769405,16.32318071107769],[-61.33128152375435,16.322882004870262],[-61.330466061089446,16.322882004714163],[-61.330879793769405,16.32318071107769]],[[-61.38655245824816,16.33613540183211],[-61.385080041877494,16.336758832304252],[-61.38521495999856,16.3382441105721],[-61.38694275878725,16.338916103033124],[-61.38655245824816,16.33613540183211]],[[-61.39246029882938,16.34100570275183],[-61.394001295727556,16.34130454756971],[-61.39257755926046,16.339366627607443],[-61.39106951310464,16.34058276918661],[-61.39246029882938,16.34100570275183]],[[-61.40996027942363,16.32783864653613],[-61.40975807753905,16.32869127290492],[-61.40870431076794,16.328701729660743],[-61.40847184302492,16.32827102320025],[-61.40657694049561,16.328821455990898],[-61.39900878239776,16.331950698145363],[-61.39821595751899,16.336466838892488],[-61.399789641512655,16.33892292075701],[-61.39923291421514,16.33593067823933],[-61.400893122620744,16.33388906816463],[-61.40269234022726,16.333592918726875],[-61.40435873895985,16.334311868262656],[-61.40576724188012,16.336744204067198],[-61.406166084245285,16.33870534409773],[-61.406963383485014,16.33892982073387],[-61.40891618312008,16.337800459346777],[-61.411934418160385,16.333541029569474],[-61.413567689658834,16.33215702737771],[-61.412603780033244,16.328954082165545],[-61.413536808236245,16.327048683677198],[-61.40996027942363,16.32783864653613]],[[-61.41931855554855,16.346295428929345],[-61.42052244172118,16.34271790655955],[-61.4185644320427,16.336589944029136],[-61.41689013292567,16.337407979118385],[-61.41320548709886,16.34283229694644],[-61.41931855554855,16.346295428929345]]],[[[-61.284953931631755,16.305960759459126],[-61.28454268306415,16.306215331807344],[-61.28467157758451,16.30542448499275],[-61.284885884625616,16.304865081902385],[-61.284953931631755,16.305960759459126]]],[[[-61.28829356660719,16.310994491018725],[-61.28710022119889,16.310584364731067],[-61.28799816229867,16.310584306286657],[-61.28829356660719,16.310994491018725]]],[[[-61.311067798709416,16.321956032587185],[-61.31106780069074,16.320675415355456],[-61.31242774134517,16.320762545917795],[-61.312385910187636,16.321933035107023],[-61.311067798709416,16.321956032587185]]],[[[-61.31569762835448,16.29612270041911],[-61.31440116204916,16.29612270023521],[-61.31440116402698,16.29484208124857],[-61.31567381392989,16.294821237149645],[-61.31569762835448,16.29612270041911]]],[[[-61.321552541489915,16.293599703275635],[-61.320370998568976,16.293701718413605],[-61.32013858230125,16.29288200453954],[-61.319343917533324,16.29271481719911],[-61.319319352204964,16.291640579702953],[-61.32056112287841,16.291429730056493],[-61.320793540431104,16.29224944504286],[-61.32148133222613,16.29230274700732],[-61.321552541489915,16.293599703275635]]],[[[-61.3444783599446,16.284511328074785],[-61.34430526102164,16.283308077697953],[-61.346626862074494,16.28287685827073],[-61.346552532597656,16.284433039172097],[-61.3444783599446,16.284511328074785]]],[[[-61.36101057169886,16.297416628087877],[-61.36228710716178,16.297286784980095],[-61.36229837864949,16.299504806820284],[-61.36109163289538,16.29947688279875],[-61.36101057169886,16.297416628087877]]],[[[-61.36347190604503,16.29454867757084],[-61.362663501617014,16.294353428096482],[-61.36284073843406,16.293106847398754],[-61.36422740378378,16.293082771984043],[-61.36426784259601,16.29486410634754],[-61.36379939429115,16.29538201053281],[-61.36347190604503,16.29454867757084]]],[[[-61.418238448300976,16.354408113065492],[-61.417209707438694,16.35454868307803],[-61.41723384568804,16.353789876300596],[-61.415971800382394,16.35317770331332],[-61.41598590759821,16.352473909204708],[-61.41722782279277,16.35226305134153],[-61.41746032258019,16.353082765800675],[-61.41817388496524,16.353154559987956],[-61.418238448300976,16.354408113065492]]],[[[-61.425433951199004,16.358084287383956],[-61.426978093016665,16.358082764440056],[-61.42513845607851,16.358930655358535],[-61.425433951199004,16.358084287383956]]],[[[-61.42597340630823,16.335096726153466],[-61.426111293843626,16.333973782083124],[-61.42658283237497,16.335382018592313],[-61.42597340630823,16.335096726153466]]]]}},{"type":"Feature","properties":{"feature_id":"AEP_LEMOULE__P2","layer_key":"eau_aep","layer_label":"Eau AEP","economic_unit_id":"AEP_LEMOULE__P2","economic_state":"S0","economic_exposure_eur":93699.0,"economic_damage_eur":2052.0,"economic_damage_ratio_pct":2.19,"economic_asset_count":2,"criticality_territory":"guadeloupe","criticality_family":"aep","criticality_scenario":"rp1000","criticality_period_years":"1000","criticality_hazard":"storm_cmcc"},"geometry":{"type":"Polygon","coordinates":[[[-61.38924967431423,16.32638748912707],[-61.388944272418094,16.327025532317617],[-61.38810302341209,16.32689824969676],[-61.38725858189782,16.32612617085978],[-61.38772523250614,16.325586713239037],[-61.38924967431423,16.32638748912707]]]}},{"type":"Feature","properties":{"feature_id":"AEP_LESMANG","layer_key":"eau_aep","layer_label":"Eau AEP","economic_unit_id":"AEP_LESMANG","economic_state":"S3","economic_exposure_eur":16540668.0,"economic_damage_eur":3525648.0,"economic_damage_ratio_pct":21.315,"economic_asset_count":115,"criticality_territory":"guadeloupe","criticality_family":"aep","criticality_scenario":"rp1000","criticality_period_years":"1000","criticality_hazard":"storm_cmcc"},"geometry":{"type":"MultiPolygon","coordinates":[[[[-61.466627071333434,16.398082760084446],[-61.46744629539446,16.398307240566936],[-61.46743546512497,16.400186765595993],[-61.46524094185496,16.40038202177422],[-61.46469665599083,16.40120927699609],[-61.45965700351772,16.401810382916555],[-61.458965181035886,16.401290847271895],[-61.45671913952611,16.401249734884722],[-61.456413721803294,16.399757696137264],[-61.45495948727763,16.40121750878879],[-61.44662707421141,16.401460361102803],[-61.44629939530449,16.402048685449998],[-61.44453760689353,16.402035065491745],[-61.44430504862346,16.40155833037872],[-61.43657104350356,16.40492365603269],[-61.435648114167144,16.40616204519657],[-61.43450102728976,16.406188397480115],[-61.43200370702539,16.407966966079833],[-61.43031080158372,16.406215350002082],[-61.42841370416507,16.40621534989661],[-61.429125508255204,16.4100967257963],[-61.427797345150154,16.41058276564904],[-61.42903110798393,16.410675404643158],[-61.42908839549634,16.411881489356283],[-61.42646779046035,16.412048682620508],[-61.42455875885993,16.413633078502542],[-61.423697218151,16.412983460054313],[-61.42145770667871,16.41265948885483],[-61.42157209015702,16.409475117949366],[-61.41876782318739,16.410100708012024],[-61.41768445242045,16.410905363096663],[-61.417571553888365,16.412097253489932],[-61.41579375426585,16.412048681244766],[-61.41564811883391,16.412828709340335],[-61.414600607826856,16.412880490901916],[-61.4143050355421,16.412048681034246],[-61.412758175359485,16.41197688559624],[-61.41263837103234,16.410888876168844],[-61.410701704063925,16.409548680546862],[-61.40950732699258,16.409524603716267],[-61.40930504163964,16.40886017112884],[-61.40844403809298,16.408690254368764],[-61.40834310845008,16.40788201367456],[-61.40763837735165,16.407565723675862],[-61.40766332233802,16.40661135169802],[-61.40816005297365,16.40641610167885],[-61.40787611405237,16.404142285481864],[-61.40901719130538,16.403784161072068],[-61.40832686380029,16.402322533387075],[-61.4083548012141,16.399617917203162],[-61.40662064260772,16.398422498343624],[-61.40528757059428,16.393888987378038],[-61.405769595306836,16.39312492992796],[-61.40660666183138,16.393051080715434],[-61.40723667794871,16.393781064549714],[-61.40972784271141,16.3939297200074],[-61.409960391269145,16.394833598294273],[-61.41410971412399,16.396706223580388],[-61.414663354358254,16.398363103148096],[-61.414603499501624,16.400923398824336],[-61.41589708432453,16.402793263957992],[-61.41996936934383,16.40216433359478],[-61.420302182394934,16.399500726326668],[-61.42180661078348,16.400035145187648],[-61.423061179392164,16.39976305167551],[-61.42329373609753,16.400563404386382],[-61.424091511426504,16.400756352466946],[-61.437553299215985,16.40102561384821],[-61.44014556553908,16.400382112896445],[-61.44358921082127,16.397545857174315],[-61.44885981272002,16.3969817475392],[-61.44865466214021,16.393373582564816],[-61.450138397392,16.3918137504292],[-61.45021277525741,16.39069840122308],[-61.45113598667987,16.390582761893988],[-61.45158384660306,16.388724586148424],[-61.45321877994965,16.389337636518835],[-61.454312747157886,16.387072329244873],[-61.45425959043612,16.384548687535432],[-61.45351043125573,16.384381491370334],[-61.453591053369756,16.383154978990163],[-61.453062310140524,16.382590115135034],[-61.453471750769886,16.379548687576833],[-61.45246037170455,16.379548687437183],[-61.452227838794016,16.380368400537126],[-61.45109153863593,16.380310223911327],[-61.45097175113766,16.379548687231466],[-61.45013841861965,16.379122547081863],[-61.45008950545113,16.376680032700374],[-61.4518050895842,16.37641609491534],[-61.45180509131231,16.375382020816982],[-61.45097175875515,16.374977257832313],[-61.45187869393243,16.37413680325581],[-61.45493297496731,16.373266583771375],[-61.45496036263836,16.373916094417442],[-61.45577958851106,16.37414057425913],[-61.455793700265076,16.37641609436487],[-61.45738599638309,16.37653173367375],[-61.457460370890885,16.378649079109096],[-61.459227404559485,16.379815246875314],[-61.460475211334845,16.382995601317504],[-61.46205713073146,16.383085216898557],[-61.463352708294316,16.383867557373463],[-61.46426220812644,16.386530862657196],[-61.46708325671734,16.386063377785234],[-61.468339627390975,16.384775243776286],[-61.47174587598811,16.386242131462467],[-61.4717299370943,16.387053396306783],[-61.470514780732074,16.388358904274867],[-61.46883110299564,16.391899568155132],[-61.46462165454059,16.39291252323182],[-61.46497807774811,16.39378576146311],[-61.467448683581345,16.394806587832093],[-61.4664538592347,16.397286774113464],[-61.466627071333434,16.398082760084446]]],[[[-61.41437941696174,16.41319840472594],[-61.41567394838596,16.413154561358393],[-61.415719374629475,16.414433042618484],[-61.41447825249096,16.414511333188447],[-61.41437941696174,16.41319840472594]]],[[[-61.450719347131795,16.390266379596035],[-61.44859152826419,16.390310223380233],[-61.44854611201467,16.388198401333625],[-61.45059144999987,16.388106837998222],[-61.450719347131795,16.390266379596035]]],[[[-61.45930508603313,16.377882021768674],[-61.458478048718575,16.377627430250087],[-61.45873547614723,16.375588837655716],[-61.460760023821216,16.379371274758373],[-61.4595073432364,16.379524611091522],[-61.45930508603313,16.377882021768674]]],[[[-61.46597170817283,16.40391609365321],[-61.46617399534884,16.403106836369915],[-61.46743546977747,16.40327801506878],[-61.466386700945044,16.404400251221045],[-61.46513837351535,16.40477853433552],[-61.465138374393426,16.40423239047634],[-61.46597170817283,16.40391609365321]]],[[[-61.46851041028044,16.397416621868388],[-61.46999498041881,16.396416092927605],[-61.46937802136426,16.39943121678555],[-61.469305049727254,16.398715355786788],[-61.46870427408307,16.398701735449162],[-61.46851041028044,16.397416621868388]]]]}},{"type":"Feature","properties":{"feature_id":"AEP_MAHAULT","layer_key":"eau_aep","layer_label":"Eau AEP","economic_unit_id":"AEP_MAHAULT","economic_state":"S3","economic_exposure_eur":3557943.0,"economic_damage_eur":758376.0,"economic_damage_ratio_pct":21.315,"economic_asset_count":59,"criticality_territory":"guadeloupe","criticality_family":"aep","criticality_scenario":"rp1000","criticality_period_years":"1000","criticality_hazard":"storm_cmcc"},"geometry":{"type":"MultiPolygon","coordinates":[[[[-61.7768053596185,16.18788206723079],[-61.77602719766616,16.187741474608917],[-61.7759720277571,16.187048733833763],[-61.77517734952063,16.18688151364151],[-61.77531174245041,16.185620069341077],[-61.77802992483447,16.185588794358747],[-61.77855321448358,16.186273061140433],[-61.779277866367224,16.185680571510154],[-61.77997469968283,16.1857498341502],[-61.78018484884982,16.186750914076853],[-61.78191829719852,16.188916049357626],[-61.78323825777634,16.18905664058597],[-61.78329343223096,16.190582715993777],[-61.78412676614644,16.19089905789384],[-61.78411267238002,16.19265755395963],[-61.783300183373306,16.19288206777711],[-61.783405454811295,16.193630071019523],[-61.78407159804201,16.194056640596163],[-61.78412677252837,16.194749382674207],[-61.7848857941812,16.194865038808896],[-61.78496010732707,16.19558271593784],[-61.78579186475259,16.195868050831564],[-61.78578715620504,16.19929410659378],[-61.78496011387192,16.199548734401407],[-61.784814614249825,16.200328753690577],[-61.78190122802594,16.200289412141803],[-61.78180533978603,16.199548734058176],[-61.78099692757196,16.199353449973575],[-61.78097200930064,16.197882067355735],[-61.78028417487828,16.19782875333132],[-61.78013867743988,16.197048733959043],[-61.77934400120688,16.196881513679326],[-61.77930534695414,16.19538206725645],[-61.77848611084984,16.195157553677408],[-61.77847201646812,16.193715400553803],[-61.77775837411057,16.193643593438125],[-61.777638684607155,16.192882067156912],[-61.776950846351035,16.19282875316936],[-61.77680535274619,16.19204873375995],[-61.77602719195206,16.191908141191643],[-61.775986119385855,16.189973895372713],[-61.77680535653888,16.189749383347458],[-61.776860529391,16.189056641021462],[-61.777380396668,16.188916049881936],[-61.7768053596185,16.18788206723079]]],[[[-61.779568861197134,16.18370932206363],[-61.77930536671807,16.18338198063179],[-61.780041256567465,16.18340654695618],[-61.78071911317469,16.183599743444994],[-61.779568861197134,16.18370932206363]]],[[[-61.782164814615186,16.186213877477474],[-61.78025838176905,16.186143593847614],[-61.780213006585114,16.18403170568323],[-61.78097203268884,16.183702349333615],[-61.78159923078425,16.1841134355081],[-61.78246009105289,16.18589905800778],[-61.782164814615186,16.186213877477474]]]]}},{"type":"Feature","properties":{"feature_id":"AEP_MASSY","layer_key":"eau_aep","layer_label":"Eau AEP","economic_unit_id":"AEP_MASSY","economic_state":"S3","economic_exposure_eur":16653732.0,"economic_damage_eur":3549747.0,"economic_damage_ratio_pct":21.315,"economic_asset_count":254,"criticality_territory":"guadeloupe","criticality_family":"aep","criticality_scenario":"rp1000","criticality_period_years":"1000","criticality_hazard":"storm_cmcc"},"geometry":{"type":"MultiPolygon","coordinates":[[[[-61.7124353621012,16.314944669312517],[-61.712405093139026,16.316074801435313],[-61.711626965686214,16.31621538900559],[-61.71158828985907,16.318548174665317],[-61.710198930844186,16.319823766379653],[-61.707322159957016,16.320382054934502],[-61.7066269731215,16.321037379013596],[-61.705767692973566,16.3242831193942],[-61.704727216438776,16.325442300289215],[-61.70528073494273,16.326134946169905],[-61.7049603180059,16.328082728239515],[-61.70597180246723,16.328082728122574],[-61.706235484561525,16.327255472417914],[-61.70847119789714,16.327249394479942],[-61.708806024568894,16.32917299854605],[-61.70835515027337,16.330899456301584],[-61.70532612764102,16.334548720841862],[-61.70431923193187,16.33432421618498],[-61.70412698979388,16.33121538764307],[-61.70405262994353,16.331933067978774],[-61.70329365775219,16.332048720852328],[-61.70321929760942,16.332766401232142],[-61.702460325710526,16.332882054061503],[-61.702385965275354,16.333599734485478],[-61.70162699398011,16.333901889874863],[-61.70155263401464,16.335266401053335],[-61.70022440715351,16.336203931557876],[-61.69662380089559,16.335107255394323],[-61.69275823174418,16.335310248921914],[-61.69263846002013,16.334548719530563],[-61.6910104774884,16.333548173213057],[-61.69097179726878,16.332321378442153],[-61.688328508819815,16.329740002649274],[-61.686978301138,16.329511366796876],[-61.686805137134556,16.328715385707895],[-61.68602701274082,16.328574799428],[-61.685971809456895,16.325382052387177],[-61.68517715704352,16.32521483970542],[-61.68513847900327,16.323715385677875],[-61.68440109192088,16.323622734635695],[-61.68430514716206,16.322882052274235],[-61.682840700567155,16.322857972494283],[-61.68263848209234,16.32204871877251],[-61.6819461550441,16.3220487185844],[-61.681952714381524,16.318622885593413],[-61.68271811252681,16.316835907450578],[-61.68412696124805,16.31547113120318],[-61.68642474805828,16.315606808499794],[-61.686626963112424,16.316416063414767],[-61.68763849083933,16.316416063296153],[-61.68681926323418,16.31599088248816],[-61.687100620475775,16.31475091940301],[-61.69175700360595,16.31504232056486],[-61.69496029642505,16.31583049589158],[-61.69412696365687,16.316215386978126],[-61.69389448308979,16.3170350986796],[-61.68996029788962,16.317048719797107],[-61.691481382248064,16.317302706467615],[-61.691626966472235,16.318082729537927],[-61.693120476750835,16.31812008039237],[-61.69329363472071,16.318916062697593],[-61.69597181897039,16.318916062385345],[-61.695163421367084,16.318520111127615],[-61.6951384893428,16.31673239081895],[-61.695971823513815,16.316185163826596],[-61.69757460470855,16.31734811000502],[-61.698412025854424,16.318715387411082],[-61.697460301539444,16.31871538728363],[-61.6973724957066,16.321114067861256],[-61.70099516273675,16.322448948579453],[-61.70205030371358,16.322249394850346],[-61.70430514905999,16.32023698410813],[-61.70433008619789,16.3191113364357],[-61.70513848449859,16.318916061321467],[-61.7052840699458,16.3181360385045],[-61.70774143901202,16.31796070894526],[-61.70930515428436,16.316714951631692],[-61.70847182330102,16.315382055336332],[-61.70579363029291,16.315382055027065],[-61.70567386953895,16.31614358395185],[-61.7046327262655,16.31621538780614],[-61.70430515724547,16.315322618889326],[-61.706751950795315,16.314370373921992],[-61.70798406391701,16.313083581241884],[-61.70829362814263,16.313916060831183],[-61.7086449801631,16.313120078710057],[-61.70986435137343,16.313175377677208],[-61.70993536105507,16.314353445248557],[-61.70912696295868,16.314749394089368],[-61.709864353334204,16.314842044371524],[-61.70996029777475,16.315582727347625],[-61.71014478452946,16.315004011008124],[-61.7124353621012,16.314944669312517]]],[[[-61.70329363311077,16.317249394826362],[-61.704126967035016,16.31756572404871],[-61.704052612781425,16.31859973494568],[-61.7024603035076,16.31954872116993],[-61.703268702146374,16.319944669752775],[-61.70321928259083,16.321099734828206],[-61.70200736733243,16.321191307947174],[-61.701626971464634,16.32038205437905],[-61.70142475317689,16.321191307894335],[-61.69942491284247,16.32114358323159],[-61.699305150835826,16.31954872080383],[-61.69859158133604,16.3194769165343],[-61.69847181872825,16.318875302725363],[-61.69958575458729,16.319492926856206],[-61.70312047597127,16.316453412664146],[-61.70329363311077,16.317249394826362]]],[[[-61.70604617830128,16.31569837953607],[-61.70734053522697,16.31565453061347],[-61.70738594426584,16.316933068560935],[-61.70617403644543,16.317024641854992],[-61.70604617830128,16.31569837953607]]],[[[-61.71180514512772,16.32204872216615],[-61.71099674775679,16.321853445112627],[-61.711174034843516,16.320606805966584],[-61.71326870449193,16.320778002650822],[-61.7132936425985,16.32225605328033],[-61.712132726235325,16.322882055116985],[-61.71180514512772,16.32204872216615]]]]}},{"type":"Feature","properties":{"feature_id":"AEP_MATOUBA","layer_key":"eau_aep","layer_label":"Eau AEP","economic_unit_id":"AEP_MATOUBA","economic_state":"S3","economic_exposure_eur":7857996.0,"economic_damage_eur":1674934.0,"economic_damage_ratio_pct":21.315,"economic_asset_count":41,"criticality_territory":"guadeloupe","criticality_family":"aep","criticality_scenario":"rp1000","criticality_period_years":"1000","criticality_hazard":"storm_cmcc"},"geometry":{"type":"MultiPolygon","coordinates":[[[[-61.70336534534553,16.035582721144838],[-61.703674215470635,16.03477346694342],[-61.70549812179709,16.034750910333674],[-61.705793169259564,16.035582720845113],[-61.706620217730354,16.03583734388265],[-61.70650691195251,16.0378102580345],[-61.70394468758543,16.037882063788633],[-61.70325218068567,16.038448863081435],[-61.703222663517735,16.04017554644805],[-61.70137955897559,16.03979648486459],[-61.70047202777913,16.04122394223895],[-61.70105540951602,16.042145082092773],[-61.702216383276316,16.04199118788522],[-61.70334928924701,16.0424146956371],[-61.703467346269974,16.044502308502253],[-61.704120232119664,16.045004010620268],[-61.70400692040159,16.046143590925336],[-61.70290224059528,16.046209318035327],[-61.70263893512784,16.0457437041916],[-61.701307360738554,16.04557490728037],[-61.700208145874726,16.04596877161711],[-61.69959204156707,16.045307132839376],[-61.695407271660194,16.043715395809944],[-61.69481446665005,16.044495416285468],[-61.694086278971035,16.04454872922116],[-61.69220329506516,16.04684558062738],[-61.688751339209375,16.046547142866054],[-61.68866273935732,16.04625257579558],[-61.68561024068949,16.046904094627326],[-61.68491084306339,16.04647044751463],[-61.68516383930382,16.044944668695],[-61.68599257173298,16.044104313094444],[-61.68599517662213,16.043098865465957],[-61.68680560874636,16.042694975438796],[-61.68683051206031,16.040778001924252],[-61.68763894543716,16.040582723087972],[-61.687734757171675,16.03900870836505],[-61.69013894784359,16.03891605608654],[-61.69043399843146,16.038084245497892],[-61.692257906649616,16.03810680157222],[-61.69245983966938,16.038827312053815],[-61.69303169174715,16.03857714706527],[-61.69658569358716,16.034621477949123],[-61.69676992190486,16.033809359509313],[-61.695986375522324,16.032657552982947],[-61.69562654069081,16.030382063083557],[-61.69412649275129,16.030382063042502],[-61.693863208323215,16.031209317486375],[-61.69177084276368,16.031215396084527],[-61.69190614318041,16.029590314770847],[-61.693676831277514,16.02553212078928],[-61.69550463647492,16.023738539740606],[-61.697175512886275,16.0232354845555],[-61.698918264293624,16.023389109913303],[-61.70046757185683,16.024176028735546],[-61.70159194787565,16.02547090179734],[-61.70213054429377,16.027081356366576],[-61.70200537641085,16.028715397172714],[-61.6999598240472,16.028715397111124],[-61.69978692042793,16.029511376985525],[-61.69848145586126,16.029548730240958],[-61.699071366239416,16.029889977275307],[-61.699126493662156,16.030582721496437],[-61.70073803419639,16.03072331051076],[-61.700768263430156,16.03185344910489],[-61.69995982948365,16.032048730335607],[-61.6998370727468,16.032812528993038],[-61.70336534534553,16.035582721144838]]],[[[-61.692068907559616,16.049755467272224],[-61.69347226307366,16.049749389297048],[-61.69265301655653,16.049324219330508],[-61.69275853369577,16.047321193698377],[-61.693953599662315,16.047286741154323],[-61.69430559902465,16.048082722491685],[-61.69434422688612,16.04741660501335],[-61.69513893361468,16.047249389040324],[-61.695284319458956,16.046469367362974],[-61.69655226503596,16.0465317096696],[-61.69662652108318,16.047582158599283],[-61.69633140645748,16.047237875640494],[-61.69467849462321,16.049624080181367],[-61.692668770828604,16.05044042661308],[-61.69180559541375,16.050486418273405],[-61.692068907559616,16.049755467272224]]]]}},{"type":"Feature","properties":{"feature_id":"AEP_MIQUEL__P1","layer_key":"eau_aep","layer_label":"Eau AEP","economic_unit_id":"AEP_MIQUEL__P1","economic_state":"S3","economic_exposure_eur":88974807.0,"economic_damage_eur":18965003.0,"economic_damage_ratio_pct":21.315,"economic_asset_count":2910,"criticality_territory":"guadeloupe","criticality_family":"aep","criticality_scenario":"rp1000","criticality_period_years":"1000","criticality_hazard":"storm_cmcc"},"geometry":{"type":"MultiPolygon","coordinates":[[[[-61.54829230343336,16.250089302098903],[-61.54993524659045,16.25161134313214],[-61.549864267250314,16.25278939132337],[-61.54912684058926,16.252882037875555],[-61.54886327665849,16.253709292776115],[-61.544126841317684,16.253715370532085],[-61.54403093533832,16.254456057413762],[-61.54329350925622,16.25454870372961],[-61.54410191765824,16.25494467677858],[-61.54398359454959,16.256152964483416],[-61.54329351201804,16.256215370341586],[-61.54372172959616,16.256416079342983],[-61.54176754955741,16.25788203676733],[-61.54109165969515,16.257810236483426],[-61.540793513071876,16.257048703321825],[-61.540793514939544,16.258179436113835],[-61.539405510966134,16.258626513547668],[-61.539126843424775,16.255382036492385],[-61.539007128601945,16.257810236304426],[-61.536626847239724,16.257882036083675],[-61.53657166250125,16.258574790591297],[-61.53496018311645,16.259548702477563],[-61.53484046422289,16.260310235817556],[-61.53329351761178,16.260382035565225],[-61.53319760882535,16.261122722917378],[-61.532460185550136,16.261215368761963],[-61.534112754108044,16.262473904051504],[-61.534126856217085,16.263507231700203],[-61.53339978925478,16.264039751093733],[-61.531267296654484,16.264547178256],[-61.53097193249478,16.263715368484657],[-61.52996018936526,16.263715368351793],[-61.529840468194514,16.26447690186772],[-61.528799393635026,16.264548701113906],[-61.52847193284486,16.26371536815618],[-61.5229620635892,16.26371517737079],[-61.5203479201105,16.260650584356256],[-61.520071219288816,16.25769132977571],[-61.517251518191145,16.257915556794888],[-61.51547084275954,16.25745614038322],[-61.51224188642758,16.25423514197697],[-61.510668529881336,16.250366909564743],[-61.50852569351142,16.247901608423415],[-61.50818361439245,16.2439147855793],[-61.50347196794211,16.244667199828193],[-61.50373551745907,16.24392216180522],[-61.50680530204257,16.24391608415098],[-61.50683306227129,16.242438889756606],[-61.50496014875903,16.24121536577678],[-61.50484044334331,16.24281023321005],[-61.50284076107975,16.242857954046183],[-61.50263863906086,16.24204869877237],[-61.501204348343784,16.242035077945893],[-61.5009719740115,16.24121536524313],[-61.49985477762675,16.241215365022807],[-61.49980402940417,16.2394483719503],[-61.50045981535489,16.237784533756745],[-61.50172475489935,16.236489780926338],[-61.50823050584468,16.23356097758764],[-61.50912445528705,16.230446072710137],[-61.51185160470653,16.2283344058852],[-61.51496012720211,16.22738463569764],[-61.51412679459044,16.22788203410124],[-61.51412679630074,16.228916082804346],[-61.51636326677788,16.228922159789867],[-61.51662679801255,16.229749415826532],[-61.51763865728648,16.2297494156924],[-61.51767731893367,16.2282499504603],[-61.51847199325892,16.22808274887403],[-61.518527171324486,16.227389992175407],[-61.51930532833174,16.226956243478327],[-61.523068995121605,16.22815038028386],[-61.52459947153051,16.22917451881668],[-61.52698886697678,16.227177433586352],[-61.528842684299526,16.224610243711503],[-61.53076888973945,16.223801749052654],[-61.53219659885702,16.223922157620173],[-61.532460125174836,16.22474941361415],[-61.533254800005686,16.224916616058266],[-61.533268538906086,16.226020104926985],[-61.53246012759898,16.22621536990938],[-61.53228706388284,16.22701135289396],[-61.53079346242262,16.227249413894924],[-61.531987284192084,16.227400892105482],[-61.53649353939859,16.233317661312686],[-61.538354843074295,16.234394930221622],[-61.54019701568105,16.23633573916549],[-61.540362087780636,16.237756846778268],[-61.541284559589045,16.239497816987466],[-61.54216452623451,16.240013134639806],[-61.54210334450404,16.24105649087479],[-61.54486257616663,16.24635206937613],[-61.547998154961434,16.248917601533147],[-61.54829230343336,16.250089302098903]],[[-61.50513864836031,16.236215365964327],[-61.504126807037785,16.236215365829075],[-61.50403091114262,16.236956054109733],[-61.50329347497155,16.237048699023678],[-61.50405248902003,16.237365061004496],[-61.50412681012833,16.238082751030866],[-61.50513864526978,16.238082750895614],[-61.50513864836031,16.236215365964327]],[[-61.50996015411011,16.244048478903224],[-61.50912682150344,16.24454869955697],[-61.50912682321575,16.245582750549378],[-61.51078719899795,16.24583734896545],[-61.51073831026475,16.2469081222651],[-61.50996015908835,16.2470486995861],[-61.509960160800965,16.248082750500362],[-61.51025834075677,16.24732121499151],[-61.51097196259778,16.247249417011666],[-61.51097196479724,16.245899057777226],[-61.50996015411011,16.244048478903224]],[[-61.512460133214894,16.23121536710395],[-61.512460133546945,16.231416083087794],[-61.513471988451776,16.23141608295329],[-61.51347199016237,16.230382033932404],[-61.512460133214894,16.23121536710395]],[[-61.52412680590251,16.23391608160451],[-61.52430531612083,16.233916081580958],[-61.52430531644065,16.233722987636714],[-61.52420880784056,16.23324315728741],[-61.52412680590251,16.23391608160451]],[[-61.52436263582126,16.232048701954522],[-61.52432847695947,16.232048701970875],[-61.52433853053495,16.2321008452339],[-61.52436263582126,16.232048701954522]],[[-61.525138655183824,16.230382035476655],[-61.52496013349952,16.23038203545312],[-61.5249601351541,16.231381461053683],[-61.5262038532004,16.231215368698717],[-61.525433968834875,16.231213845248153],[-61.525138655183824,16.230382035476655]]],[[[-61.55180527950805,16.253715371528525],[-61.55101061101763,16.253548166494948],[-61.55099687373475,16.25244467649612],[-61.55180528193686,16.25224941177612],[-61.55200742047204,16.251440155703175],[-61.55348701219362,16.251416078197643],[-61.55288022472128,16.254064427893972],[-61.55213272687582,16.25454870448579],[-61.55180527950805,16.253715371528525]]]]}},{"type":"Feature","properties":{"feature_id":"AEP_MIQUEL__P2","layer_key":"eau_aep","layer_label":"Eau AEP","economic_unit_id":"AEP_MIQUEL__P2","economic_state":"S0","economic_exposure_eur":5000.0,"economic_damage_eur":110.0,"economic_damage_ratio_pct":2.191,"economic_asset_count":1,"criticality_territory":"guadeloupe","criticality_family":"aep","criticality_scenario":"rp1000","criticality_period_years":"1000","criticality_hazard":"storm_cmcc"},"geometry":{"type":"Polygon","coordinates":[[[-61.50941592918646,16.252147136938934],[-61.50871780318884,16.251869249837288],[-61.50897512395139,16.25121172548733],[-61.509650242247396,16.251446189721104],[-61.50941592918646,16.252147136938934]]]}},{"type":"Feature","properties":{"feature_id":"AEP_MIQUEL__P3","layer_key":"eau_aep","layer_label":"Eau AEP","economic_unit_id":"AEP_MIQUEL__P3","economic_state":"S0","economic_exposure_eur":5000.0,"economic_damage_eur":109.0,"economic_damage_ratio_pct":2.189,"economic_asset_count":1,"criticality_territory":"guadeloupe","criticality_family":"aep","criticality_scenario":"rp1000","criticality_period_years":"1000","criticality_hazard":"storm_cmcc"},"geometry":{"type":"Polygon","coordinates":[[[-61.528504914834116,16.25094466210059],[-61.52782209158382,16.250645122312008],[-61.52810690929267,16.249998257199376],[-61.52876857394592,16.25025350497225],[-61.528504914834116,16.25094466210059]]]}},{"type":"Feature","properties":{"feature_id":"AEP_MIQUEL__P4","layer_key":"eau_aep","layer_label":"Eau AEP","economic_unit_id":"AEP_MIQUEL__P4","economic_state":"S0","economic_exposure_eur":5000.0,"economic_damage_eur":109.0,"economic_damage_ratio_pct":2.189,"economic_asset_count":1,"criticality_territory":"guadeloupe","criticality_family":"aep","criticality_scenario":"rp1000","criticality_period_years":"1000","criticality_hazard":"storm_cmcc"},"geometry":{"type":"Polygon","coordinates":[[[-61.527404656599,16.250338793358328],[-61.52812553820799,16.250579668908905],[-61.5279134145302,16.251252086548956],[-61.527218435229145,16.251053081354463],[-61.527404656599,16.250338793358328]]]}},{"type":"Feature","properties":{"feature_id":"AEP_MIQUEL__P5","layer_key":"eau_aep","layer_label":"Eau AEP","economic_unit_id":"AEP_MIQUEL__P5","economic_state":"S0","economic_exposure_eur":5000.0,"economic_damage_eur":109.0,"economic_damage_ratio_pct":2.189,"economic_asset_count":1,"criticality_territory":"guadeloupe","criticality_family":"aep","criticality_scenario":"rp1000","criticality_period_years":"1000","criticality_hazard":"storm_cmcc"},"geometry":{"type":"Polygon","coordinates":[[[-61.510763116997424,16.251471739752958],[-61.510030268652095,16.251318325047702],[-61.51016724520912,16.25062794918748],[-61.510869728750436,16.250742387746584],[-61.510763116997424,16.251471739752958]]]}},{"type":"Feature","properties":{"feature_id":"AEP_MIQUEL__P6","layer_key":"eau_aep","layer_label":"Eau AEP","economic_unit_id":"AEP_MIQUEL__P6","economic_state":"S0","economic_exposure_eur":5000.0,"economic_damage_eur":109.0,"economic_damage_ratio_pct":2.189,"economic_asset_count":1,"criticality_territory":"guadeloupe","criticality_family":"aep","criticality_scenario":"rp1000","criticality_period_years":"1000","criticality_hazard":"storm_cmcc"},"geometry":{"type":"Polygon","coordinates":[[[-61.524779515467515,16.250484555442345],[-61.52550648674752,16.25058524615608],[-61.525409779918704,16.251281957489475],[-61.52468280618616,16.2511812662432],[-61.524779515467515,16.250484555442345]]]}},{"type":"Feature","properties":{"feature_id":"AEP_MIQUEL__P7","layer_key":"eau_aep","layer_label":"Eau AEP","economic_unit_id":"AEP_MIQUEL__P7","economic_state":"S0","economic_exposure_eur":5000.0,"economic_damage_eur":110.0,"economic_damage_ratio_pct":2.191,"economic_asset_count":1,"criticality_territory":"guadeloupe","criticality_family":"aep","criticality_scenario":"rp1000","criticality_period_years":"1000","criticality_hazard":"storm_cmcc"},"geometry":{"type":"Polygon","coordinates":[[[-61.505023447888554,16.26083500539697],[-61.50510561273535,16.26157629066652],[-61.50438636400106,16.261683200295],[-61.50427637484673,16.260982619049713],[-61.505023447888554,16.26083500539697]]]}},{"type":"Feature","properties":{"feature_id":"AEP_MIQUEL__P8","layer_key":"eau_aep","layer_label":"Eau AEP","economic_unit_id":"AEP_MIQUEL__P8","economic_state":"S0","economic_exposure_eur":5000.0,"economic_damage_eur":109.0,"economic_damage_ratio_pct":2.189,"economic_asset_count":1,"criticality_territory":"guadeloupe","criticality_family":"aep","criticality_scenario":"rp1000","criticality_period_years":"1000","criticality_hazard":"storm_cmcc"},"geometry":{"type":"Polygon","coordinates":[[[-61.514462377322765,16.263209721001605],[-61.5137369048371,16.26301856945181],[-61.51390995963487,16.262335792184327],[-61.51460715096216,16.26248653014156],[-61.514462377322765,16.263209721001605]]]}},{"type":"Feature","properties":{"feature_id":"AEP_MONTVAL","layer_key":"eau_aep","layer_label":"Eau AEP","economic_unit_id":"AEP_MONTVAL","economic_state":"S3","economic_exposure_eur":20279749.0,"economic_damage_eur":4322634.0,"economic_damage_ratio_pct":21.315,"economic_asset_count":165,"criticality_territory":"guadeloupe","criticality_family":"aep","criticality_scenario":"rp1000","criticality_period_years":"1000","criticality_hazard":"storm_cmcc"},"geometry":{"type":"MultiPolygon","coordinates":[[[[-61.74440917087494,16.036037876766393],[-61.74403070036521,16.037789413184438],[-61.74245984419157,16.03808271671649],[-61.74472768350006,16.038096337513196],[-61.74495984583233,16.03891604978914],[-61.747196544003884,16.038922127474166],[-61.74711909786798,16.039301088163644],[-61.74425733050844,16.04107355052756],[-61.740938051763955,16.041915981948705],[-61.73892090876908,16.04180174692305],[-61.73754055145759,16.04536867121077],[-61.736082199654234,16.04686228802232],[-61.73886264552093,16.05288130650936],[-61.73833286983921,16.056215400627146],[-61.73662653980858,16.0562154004213],[-61.73642458788666,16.05702465305929],[-61.734126540887424,16.057048733444212],[-61.73398114785142,16.05782875299605],[-61.73293399336885,16.057880542899554],[-61.732638912990794,16.05704873327547],[-61.73180558024414,16.056732391764008],[-61.73184421079111,16.055749936387716],[-61.73263891538613,16.05558271826049],[-61.73292327373342,16.05475244552302],[-61.73222769233545,16.055368444531894],[-61.7310066877084,16.055206279616392],[-61.729601760444076,16.055749030145773],[-61.7285056150916,16.056768324770513],[-61.72559214891841,16.061922625189005],[-61.724735743173,16.06208414573183],[-61.72218957652207,16.05949580837351],[-61.72229557980014,16.05564181837565],[-61.722990801545265,16.05427537280842],[-61.72308416224177,16.05211831354549],[-61.72552988117515,16.052255463535083],[-61.72579319958583,16.052755865213125],[-61.72681601153857,16.051497094435117],[-61.7244411921967,16.051349633807735],[-61.72314564117008,16.050697820638877],[-61.7232793298214,16.04760876336542],[-61.72227466233117,16.045350324756022],[-61.72101089360856,16.045214846610634],[-61.720906471791814,16.043734900661544],[-61.72114518916168,16.043120071637556],[-61.722862790889344,16.04280967080928],[-61.72597227316127,16.041108182912275],[-61.726805607498456,16.040435680162613],[-61.726950990701084,16.038969364174186],[-61.72846701090771,16.03891605165754],[-61.73143645168329,16.034558202375887],[-61.731392766130064,16.03117614576742],[-61.734109218510305,16.0308899670603],[-61.731025224209915,16.028786807967634],[-61.73013896362131,16.026215400666704],[-61.72931971532339,16.02599088751549],[-61.72936075796469,16.02488997532899],[-61.73011301187746,16.024749384460165],[-61.72933053181911,16.024353450406856],[-61.72937988179861,16.02319837364753],[-61.730591232219815,16.023106797146912],[-61.730972300601934,16.02391605099923],[-61.7310681049303,16.02317537123111],[-61.731805635192444,16.02308271755059],[-61.731844259963076,16.021583269395773],[-61.732638971141206,16.021416050748062],[-61.732713425921744,16.020698151466444],[-61.7366726429006,16.023392667372157],[-61.73885221446254,16.022229315116316],[-61.7424375189532,16.016754985430914],[-61.744448782272826,16.015885136392214],[-61.7466264751196,16.01589597551698],[-61.74662647735527,16.017249382398923],[-61.74745352630556,16.017504009613276],[-61.747459819832805,16.022805478451954],[-61.74839333333071,16.025063584165412],[-61.748286885277565,16.033460774055936],[-61.74700754643839,16.033691321532054],[-61.74440917087494,16.036037876766393]],[[-61.73513892597257,16.048916051145152],[-61.73515301841229,16.044973896061567],[-61.73597226600837,16.0447493842809],[-61.73598635555432,16.04247389602335],[-61.73763893791464,16.04141605067645],[-61.73763894000463,16.040121427757178],[-61.734126518498684,16.043355438671604],[-61.733367825485814,16.046416051302202],[-61.73407139217341,16.046556641906076],[-61.73412495018622,16.047596732057393],[-61.73329319248624,16.047882066983078],[-61.733234827592135,16.049749384682656],[-61.73347854486372,16.04917067672117],[-61.73513892597257,16.048916051145152]],[[-61.73513891842112,16.053531098324417],[-61.73513891949492,16.052882067028683],[-61.73495986750777,16.052882067008404],[-61.73513891842112,16.053531098324417]],[[-61.73513891778649,16.053927605781713],[-61.734959870558264,16.05474938464331],[-61.73597224967683,16.054749384528662],[-61.73513891778649,16.053927605781713]],[[-61.73930563020838,16.02558271676285],[-61.739305631894084,16.024548735093564],[-61.73879939412253,16.025382067956482],[-61.73703777532775,16.025368445993568],[-61.73680563219634,16.024548734810924],[-61.73579315469879,16.024548734696303],[-61.73579315601983,16.025359632676775],[-61.73930563020838,16.02558271676285]],[[-61.738472273867366,16.03974938387431],[-61.73847227419482,16.039548734508827],[-61.73832009765705,16.03954873450119],[-61.738472273867366,16.03974938387431]],[[-61.73995984526998,16.038916050352352],[-61.741805608158316,16.038916050144177],[-61.74180560848575,16.038715401578923],[-61.73995984526998,16.038916050352352]],[[-61.741805604405705,16.04121540149712],[-61.74162651587696,16.041215401476936],[-61.74162651620445,16.04141605022628],[-61.741805604405705,16.04121540149712]],[[-61.74245984827143,16.040582716778406],[-61.74263893867124,16.040582716758234],[-61.742638940358724,16.039548734978876],[-61.74245984827143,16.040582716778406]]],[[[-61.73067357064122,16.02898785662225],[-61.73071891456107,16.03026641000448],[-61.729550273672345,16.030371473224903],[-61.730114521240964,16.03003611300509],[-61.72930562543836,16.029232391972414],[-61.73067357064122,16.02898785662225]]]]}},{"type":"Feature","properties":{"feature_id":"AEP_MORNEHOUE__P1","layer_key":"eau_aep","layer_label":"Eau AEP","economic_unit_id":"AEP_MORNEHOUE__P1","economic_state":"S3","economic_exposure_eur":81134780.0,"economic_damage_eur":17293899.0,"economic_damage_ratio_pct":21.315,"economic_asset_count":800,"criticality_territory":"guadeloupe","criticality_family":"aep","criticality_scenario":"rp1000","criticality_period_years":"1000","criticality_hazard":"storm_cmcc"},"geometry":{"type":"MultiPolygon","coordinates":[[[[-61.67673292763008,16.009548728358403],[-61.67755150617923,16.00761034071981],[-61.67889265943354,16.006390656218123],[-61.681074156278505,16.005708158700333],[-61.68324310037125,16.006066574234975],[-61.682459785333,16.006215395793227],[-61.68225788774556,16.007024648799803],[-61.68079311982631,16.007048728902515],[-61.68059122152691,16.00785798192584],[-61.67829312088745,16.007882061912905],[-61.67827904000922,16.009324219411724],[-61.67673292763008,16.009548728358403]]],[[[-61.73513899424309,16.007048735194015],[-61.734254117535926,16.007048735109016],[-61.731626460430945,16.007897446289387],[-61.731481103138755,16.008662087465208],[-61.73020261579967,16.00871540120973],[-61.729814437123785,16.009495420617714],[-61.72884785540312,16.009548734100566],[-61.72349433987056,16.012841602125995],[-61.71975043763982,16.01643755106122],[-61.71995352348042,16.017627440249044],[-61.71912647526854,16.01788206634739],[-61.71905223427276,16.020266409381524],[-61.718293145913705,16.02038206617008],[-61.71722767608931,16.022035110608787],[-61.71611767282056,16.021995418945828],[-61.71589146718647,16.021215399218676],[-61.71442573518596,16.023221758689907],[-61.714295219228795,16.02429530782421],[-61.71185811019899,16.025774974315492],[-61.71069439548031,16.025543126692675],[-61.70357446244315,16.027305100981586],[-61.70309123547313,16.028691317060282],[-61.6999598240472,16.028715397111124],[-61.699757902519714,16.029524650009964],[-61.69745982511487,16.029548730125814],[-61.69719654145667,16.030375984561843],[-61.69412649275129,16.030382063042502],[-61.693863208323215,16.031209317486375],[-61.689959826955686,16.03121539586044],[-61.689727679973565,16.032035107237814],[-61.68867421702856,16.032024648726274],[-61.68847229331498,16.03159604902086],[-61.68617609492209,16.032718287974987],[-61.680755306324556,16.03376128129082],[-61.679782694986145,16.033276045057516],[-61.679935112618594,16.031040242572313],[-61.680669662078095,16.030374617439307],[-61.68122698564175,16.02828501959063],[-61.68277830196312,16.028886131811024],[-61.68294706503249,16.02649437499946],[-61.681964658797185,16.02551914854655],[-61.68293632454642,16.020380648805737],[-61.681991402378365,16.01538206194779],[-61.68106811798945,16.015289408561372],[-61.680972323418885,16.013715395373012],[-61.67931194320277,16.01262743928721],[-61.67942523851697,16.01148786092844],[-61.680972327164255,16.011416056487324],[-61.68017761390819,16.01104817830173],[-61.68021323668026,16.009865043745624],[-61.683746548952335,16.008253581186356],[-61.68568785971723,16.010500762497937],[-61.687277354013176,16.011456778586915],[-61.69030181500959,16.008516939988674],[-61.688959932317324,16.007163159069567],[-61.688689475349484,16.005111701308216],[-61.69097233853243,16.003660566806627],[-61.69101095862304,16.00241660477049],[-61.69180567406127,16.002249388319616],[-61.69180567574423,16.001215397055653],[-61.691117693440276,16.001162083777935],[-61.69097234387153,16.000382063651774],[-61.6901405858971,16.00009673179166],[-61.69013901281271,15.999043512182872],[-61.69158513030212,15.998291442030101],[-61.693508583196746,15.998085821207662],[-61.697938203780055,15.998957732303325],[-61.700401548583166,16.00030464022478],[-61.70290268817859,15.9984880149174],[-61.70495977442225,15.997894401824695],[-61.70486398545153,15.99862274430542],[-61.70412644232774,15.998715398574666],[-61.70492115862848,15.999083270579598],[-61.7049348828762,16.000186783098126],[-61.70329311160996,16.000382065090175],[-61.703293113292816,16.001416053625068],[-61.70513900708985,16.00141605341074],[-61.705234800741295,15.999842039616867],[-61.7063943308733,15.999763007469365],[-61.70662644511759,16.00025656910205],[-61.707639010365384,15.99919687621921],[-61.70771324868007,15.998198374871917],[-61.708472345435126,15.998082719608936],[-61.70620445618003,15.99786844347884],[-61.70597234742702,15.997048732176545],[-61.70530503117403,15.997048731965743],[-61.70709850005026,15.99369738849004],[-61.70889224191066,15.992316250644672],[-61.71173124588112,15.9918054940248],[-61.714905020933365,15.98956404686447],[-61.7165380655347,15.986267059822472],[-61.71922827894323,15.98391605137159],[-61.71988552172442,15.984031707071654],[-61.71995975477159,15.984749384623187],[-61.72231441365901,15.984802696853526],[-61.72245975706817,15.985996905359286],[-61.72506945849047,15.986589584853988],[-61.730811744099256,15.991810195103431],[-61.73176409869517,15.993905770819332],[-61.73162643903107,15.994749383537634],[-61.733218870886915,15.995698372938314],[-61.73329310995415,15.99724938341004],[-61.73412015956009,15.997504009874776],[-61.73267722503856,15.999054027536397],[-61.73279501073376,16.000822529428337],[-61.735944854859824,16.001608474932144],[-61.73822387832229,16.003911018691543],[-61.738846706454176,16.006045295912397],[-61.73835580042462,16.00821153658325],[-61.73647714567286,16.010139677982803],[-61.73513898839486,16.010638383870052],[-61.73513899424309,16.007048735194015]],[[-61.694959798533795,16.013435834617777],[-61.69651782308297,16.015296062859978],[-61.69659294127708,16.017249388112837],[-61.698213867241144,16.0173596772898],[-61.69871145145416,16.01617835649341],[-61.700141085574636,16.014924047124243],[-61.69854062707041,16.012569752059193],[-61.698722037470915,16.010260706020112],[-61.694959798533795,16.013435834617777]],[[-61.69762999555207,16.018745832939757],[-61.69764281570754,16.01871539716586],[-61.697596708709746,16.018715397175598],[-61.69762999555207,16.018745832939757]],[[-61.70180567449684,16.0012153982234],[-61.70079311267565,16.001215398105565],[-61.69993896046485,16.00267576879182],[-61.70263900604368,16.002249387054974],[-61.70200756839946,16.002024651080742],[-61.70180567449684,16.0012153982234]],[[-61.72364846285687,16.006933068817997],[-61.721532900070464,16.00731176255252],[-61.719161663541215,16.008930741016165],[-61.71970760489512,16.010359451097656],[-61.723472327038984,16.00824401864236],[-61.72364846285687,16.006933068817997]]],[[[-61.68984020530774,16.000310257513597],[-61.68863394115661,16.00033816926678],[-61.689958199932825,15.999201385457264],[-61.68984020530774,16.000310257513597]]],[[[-61.69763895675112,16.0328820633712],[-61.696068096468316,16.032789409382715],[-61.69597229213534,16.031732391963665],[-61.69680562591295,16.03141605512105],[-61.69695100036174,16.030636033553712],[-61.697638960501564,16.030582721669877],[-61.69773476685012,16.029842040721213],[-61.698894344827856,16.029763009006004],[-61.699126493662156,16.030582721496437],[-61.700697354906545,16.03067537378849],[-61.70069735684835,16.03195607648682],[-61.697653040689,16.033490886362515],[-61.69763895675112,16.0328820633712]]]]}},{"type":"Feature","properties":{"feature_id":"AEP_MORNEHOUE__P2","layer_key":"eau_aep","layer_label":"Eau AEP","economic_unit_id":"AEP_MORNEHOUE__P2","economic_state":"S0","economic_exposure_eur":89358.0,"economic_damage_eur":1949.0,"economic_damage_ratio_pct":2.181,"economic_asset_count":1,"criticality_territory":"guadeloupe","criticality_family":"aep","criticality_scenario":"rp1000","criticality_period_years":"1000","criticality_hazard":"storm_cmcc"},"geometry":{"type":"Polygon","coordinates":[[[-61.69712922043609,16.002843352980957],[-61.69652756680422,16.002733338049676],[-61.69612937203859,16.001478732380352],[-61.69628826498707,16.001035982693686],[-61.697014514098946,16.001063801647835],[-61.6974024044347,16.00227065270559],[-61.69712922043609,16.002843352980957]]]}},{"type":"Feature","properties":{"feature_id":"AEP_MOUSTIQUE__P1","layer_key":"eau_aep","layer_label":"Eau AEP","economic_unit_id":"AEP_MOUSTIQUE__P1","economic_state":"S3","economic_exposure_eur":66591569.0,"economic_damage_eur":14194010.0,"economic_damage_ratio_pct":21.315,"economic_asset_count":854,"criticality_territory":"guadeloupe","criticality_family":"aep","criticality_scenario":"rp1000","criticality_period_years":"1000","criticality_hazard":"storm_cmcc"},"geometry":{"type":"MultiPolygon","coordinates":[[[[-61.6403117551877,16.178678033010115],[-61.64013872670731,16.177634623939777],[-61.637185475132476,16.178133632678694],[-61.63688604982621,16.176428179968205],[-61.637536506134566,16.17439953382034],[-61.63704260520568,16.17274539695874],[-61.634629515195726,16.174691495343232],[-61.63215827701623,16.174581749029176],[-61.63079339042384,16.175939147388124],[-61.63067371864113,16.177810247373593],[-61.629478423190086,16.1778446985347],[-61.6291500486893,16.17704871713346],[-61.62426496493658,16.182114384339048],[-61.62079340115391,16.18318379268412],[-61.62079340236759,16.18391606802446],[-61.62160181857141,16.184111339193013],[-61.62157157065367,16.185241464725014],[-61.620793404784756,16.185382049157155],[-61.620591330733575,16.186191303114757],[-61.61903751020183,16.186215382190202],[-61.61844698652081,16.187827340962322],[-61.61586749243503,16.19060342642985],[-61.616625175896374,16.194263396359588],[-61.61559610106257,16.195608991579338],[-61.615793423741934,16.197249402307065],[-61.61661266129893,16.197473900721242],[-61.61660184135828,16.19935344272276],[-61.61537103053059,16.199535093369715],[-61.6151386952385,16.19871538135407],[-61.614186361105546,16.198715381252786],[-61.61321198673345,16.199749402639213],[-61.616805359978315,16.199749402244013],[-61.6170074501755,16.19894014691528],[-61.618896325400854,16.198916068409673],[-61.618253439201766,16.200348205177068],[-61.616144158369615,16.202040728307647],[-61.61236993954847,16.20232888458858],[-61.609951056991996,16.20370974191872],[-61.6065524660036,16.211099729924573],[-61.60412677868067,16.211215379574718],[-61.60386326440276,16.212042634320152],[-61.6026453880276,16.211795730657816],[-61.6012844796983,16.214072173832385],[-61.59861750664869,16.213662068517245],[-61.59852772436534,16.212389280668763],[-61.59732126479988,16.211658077932714],[-61.598892612527514,16.209463663851686],[-61.59691985437172,16.207581820585244],[-61.59728936625811,16.20488172149805],[-61.595369116824656,16.2033435935575],[-61.59293306896251,16.20342266700013],[-61.59175106924812,16.20469833234249],[-61.58825000909405,16.20615150868902],[-61.58501647820302,16.204548710741467],[-61.58349694298319,16.204353440986736],[-61.58349694602191,16.202444674551824],[-61.58429693417931,16.20224940637767],[-61.58513869545942,16.200997142824303],[-61.585689881407134,16.197759905868246],[-61.587642100372136,16.19498728795492],[-61.58685109919416,16.190740040167682],[-61.587638722278534,16.184548711712303],[-61.58692506589032,16.184476909627225],[-61.58680539043151,16.183715378300978],[-61.58517737680301,16.18271483647139],[-61.585152823575754,16.180807235208817],[-61.58597206270573,16.18038204497147],[-61.585213030167196,16.18026639553194],[-61.58513873223194,16.178715378253973],[-61.58430697561048,16.178430062637375],[-61.58434405146681,16.177416612568788],[-61.58513873464799,16.17724940564744],[-61.585384388871525,16.176426461992378],[-61.585288585098205,16.17488511950392],[-61.5861727687125,16.174699191867486],[-61.58518583596614,16.173232027749982],[-61.5852799474236,16.170382045105224],[-61.58431170235183,16.170127435499143],[-61.58434406357509,16.16908327915598],[-61.585003494574416,16.16891607213848],[-61.584069605923396,16.163963724740082],[-61.58457288797271,16.163117874617075],[-61.58568002988621,16.1632187649763],[-61.58763875913759,16.16217786682409],[-61.58766367562717,16.160778007392086],[-61.58847209531289,16.160382045942217],[-61.58773462546441,16.16028939696672],[-61.587638763463474,16.159548712530892],[-61.58716480889217,16.16038052215793],[-61.58293397931161,16.160380521624298],[-61.58299899999754,16.15983705110344],[-61.58597895591585,16.15947495586589],[-61.58747074543728,16.15802340631461],[-61.589286688690784,16.157372998264048],[-61.58992137489854,16.15741661197975],[-61.59013876416817,16.158916071228067],[-61.59023462912238,16.157342052025903],[-61.5914792373281,16.157557559206893],[-61.59329335697795,16.158462181873976],[-61.59323819901012,16.159408129948606],[-61.59246002535222,16.15954871313902],[-61.59327926603071,16.15997390140302],[-61.59329336274632,16.16195529184043],[-61.59444881880349,16.16199391997693],[-61.59460064698643,16.16058426009786],[-61.59564789855574,16.160636046320942],[-61.59579336217973,16.161416070578245],[-61.598924646561024,16.161440148137565],[-61.59912669730428,16.162249403514007],[-61.599507474761154,16.16144014808042],[-61.60142464667505,16.161440147848335],[-61.601626698142134,16.16258655204919],[-61.60379441554573,16.16263147334225],[-61.60446179779768,16.164659407008962],[-61.60642189689807,16.167003708358017],[-61.60776991222077,16.166177943857576],[-61.609264446096766,16.164273786324213],[-61.6118788845673,16.163596459301832],[-61.613631079875425,16.16253886434168],[-61.622104915579975,16.16192217737859],[-61.62227269143339,16.162736372908125],[-61.62519444007564,16.16397499404458],[-61.62921933068579,16.16717739878473],[-61.62993293312639,16.167187180330313],[-61.631997325808115,16.165498147817257],[-61.632365912038246,16.16349370465811],[-61.63391229003427,16.161563374238817],[-61.63684794099791,16.161577031592895],[-61.63763875376825,16.16141606540001],[-61.637871049274196,16.160596352380246],[-61.63972773850233,16.160596352158173],[-61.639960035269695,16.161994849266595],[-61.642018854151594,16.16173528700708],[-61.642679828088774,16.162235729444316],[-61.642573500282566,16.16324722473206],[-61.644808346593756,16.166878184998353],[-61.643640132077586,16.16856585344634],[-61.64162672287181,16.174581020165096],[-61.64162043957911,16.178460770231066],[-61.6403117551877,16.178678033010115]],[[-61.59568128181556,16.180312188957583],[-61.59389635303331,16.180480819097433],[-61.59454849938002,16.181235136285782],[-61.59514221408909,16.18253667786391],[-61.59568128181556,16.180312188957583]],[[-61.605734004771506,16.179611474957007],[-61.6040296142798,16.18013740277845],[-61.60201056021067,16.17973437191962],[-61.60181909482609,16.181874553741856],[-61.603691929699096,16.182671330822316],[-61.60513872319739,16.18255059296614],[-61.605734004771506,16.179611474957007]],[[-61.60748109430099,16.188978727575435],[-61.604003134046756,16.188741342336332],[-61.60267296199574,16.19058273708942],[-61.60680695357679,16.190034719644363],[-61.60748109430099,16.188978727575435]],[[-61.612287027693284,16.17451136344489],[-61.61057732999653,16.17479390876149],[-61.60943333631986,16.17699585785064],[-61.613129187390484,16.177186735997836],[-61.61431809095281,16.176611152795267],[-61.61271791945597,16.173773775428167],[-61.612287027693284,16.17451136344489]],[[-61.61013869006698,16.202249403132758],[-61.610138690840444,16.201763195031273],[-61.60996009725096,16.20184489235712],[-61.61013869006698,16.202249403132758]],[[-61.61097202472297,16.20138198492523],[-61.61089751506749,16.201416069702674],[-61.61097202466551,16.201416069675165],[-61.61097202472297,16.20138198492523]],[[-61.62329338574825,16.173647403751968],[-61.62409435516104,16.172820376858716],[-61.62437526017614,16.17128319390717],[-61.62213046152915,16.170416934427237],[-61.620771478436595,16.171566130467028],[-61.6188884759685,16.17178450511745],[-61.620138735616315,16.173830687473153],[-61.62037104401343,16.1730963547284],[-61.62309132167277,16.17310681229367],[-61.62329338574825,16.173647403751968]]],[[[-61.59743519487398,16.214111340552687],[-61.59725801529597,16.216191299513564],[-61.59642664868657,16.215008304302714],[-61.596299393368234,16.213916071427768],[-61.59743519487398,16.214111340552687]]],[[[-61.600673758201985,16.217810243450458],[-61.59930638573498,16.21758643239498],[-61.59942503186475,16.216487872189944],[-61.60064795005533,16.216469380246],[-61.600673758201985,16.217810243450458]]],[[[-61.60347200226445,16.215582737628196],[-61.60367410754566,16.21477348213781],[-61.60525047482583,16.21474940397573],[-61.60413242163341,16.216474731635795],[-61.602638665938784,16.21745036317105],[-61.60269384437214,16.215723319349923],[-61.60347200226445,16.215582737628196]]],[[[-61.62405241878371,16.172766398821118],[-61.62275840834452,16.172810246724108],[-61.62271303776716,16.171531717111947],[-61.6239812437127,16.171469376940596],[-61.62405241878371,16.172766398821118]]],[[[-61.62665611102411,16.181416067250982],[-61.62597205389151,16.182487726437852],[-61.62597205512446,16.181732391363866],[-61.62665611102411,16.181416067250982]]]]}},{"type":"Feature","properties":{"feature_id":"AEP_MOUSTIQUE__P2","layer_key":"eau_aep","layer_label":"Eau AEP","economic_unit_id":"AEP_MOUSTIQUE__P2","economic_state":"S0","economic_exposure_eur":9578151.0,"economic_damage_eur":209683.0,"economic_damage_ratio_pct":2.189,"economic_asset_count":139,"criticality_territory":"guadeloupe","criticality_family":"aep","criticality_scenario":"rp1000","criticality_period_years":"1000","criticality_hazard":"storm_cmcc"},"geometry":{"type":"MultiPolygon","coordinates":[[[[-61.60263866687811,16.216884652115308],[-61.60120212939053,16.21685350235543],[-61.60121891663382,16.21808273772441],[-61.60326853524346,16.218278006969406],[-61.60329346072228,16.220582737774897],[-61.6041205036101,16.220837346580474],[-61.60412679829285,16.22308273773309],[-61.60559135246108,16.223106815428647],[-61.60579346654578,16.22391607087931],[-61.60643092365364,16.22394299880988],[-61.60520572267045,16.225795767648535],[-61.60513865251092,16.2253820459024],[-61.60281172127433,16.225344694224983],[-61.602638654221835,16.22454871228442],[-61.60106788266381,16.224456063253605],[-61.60097198915535,16.22371537877012],[-61.599478389456756,16.22367802723978],[-61.59930532408903,16.22288204525557],[-61.59856788485131,16.222789396406327],[-61.59847199210641,16.222133668462774],[-61.59809099779346,16.222273360637114],[-61.598091353939054,16.22452463268781],[-61.59690121639565,16.224456062884524],[-61.5968053237817,16.22326145297292],[-61.596189339763754,16.224077851371703],[-61.594906211704725,16.223381154952467],[-61.59381577374681,16.223916849427038],[-61.59412522229832,16.224201386325156],[-61.59396519708061,16.22635202499067],[-61.59314234335771,16.22668931544617],[-61.59162680127657,16.225854334493793],[-61.5899601379097,16.22795926702981],[-61.589960138682486,16.228444257405613],[-61.59245856639482,16.23086805300438],[-61.59243522279446,16.232686774400655],[-61.591626812942614,16.23289063883325],[-61.59242148553235,16.23324994588937],[-61.59244605008637,16.234324213588845],[-61.591174094795946,16.23452463156774],[-61.59092251035208,16.233715377195352],[-61.59079348395802,16.23558273971598],[-61.59153091713923,16.235675386486],[-61.59162681877565,16.236416072965124],[-61.59345665525966,16.236416072740806],[-61.59199552112263,16.238001560684797],[-61.58943902124301,16.23949545560711],[-61.58697563987107,16.239560270425894],[-61.58502984534334,16.238606748904687],[-61.58242401349184,16.23474940740105],[-61.58275834828537,16.233987874132858],[-61.58347197463341,16.233916073932527],[-61.58356787461833,16.23317538719447],[-61.58430530923299,16.233082740472963],[-61.58431941529701,16.2283072354457],[-61.58513865072478,16.228082740243146],[-61.58528416249804,16.227302715425235],[-61.585971985323916,16.227249406783713],[-61.58598608834187,16.224140568699667],[-61.58680532405692,16.22391607326216],[-61.58695083286464,16.2231360485002],[-61.58763865865578,16.223082739802855],[-61.587712977617116,16.221531720595262],[-61.58847199463225,16.22141607298954],[-61.58870435590683,16.220596359629827],[-61.59133148409016,16.220584261986183],[-61.59162679516608,16.22214082822741],[-61.59225633488513,16.221972347398275],[-61.59357256717622,16.222445759782218],[-61.59493505844795,16.221770699890698],[-61.59580985720566,16.222215030547993],[-61.5968053271971,16.22120392399106],[-61.596901222259966,16.2198420524543],[-61.59763866282376,16.219749405128375],[-61.59767732256614,16.21908327884147],[-61.59847199742305,16.218916071669877],[-61.598617503232695,16.218136047179836],[-61.599734783960166,16.21808273794321],[-61.599319430143495,16.217657547295126],[-61.599311625092476,16.216670680116916],[-61.59978208404868,16.21641607129402],[-61.59982874902195,16.214771715138305],[-61.60044443128211,16.213919324336775],[-61.601375496967165,16.214285076527172],[-61.60126409671434,16.21540843111479],[-61.60347200276754,16.21527401640812],[-61.603767304746256,16.214750926957585],[-61.60732640263542,16.214749403695162],[-61.60905909174057,16.214334300869048],[-61.609679867984546,16.214658205383824],[-61.60971433052398,16.215400873397314],[-61.60830524794747,16.215831131608855],[-61.6082547969375,16.216881503967127],[-61.607460122068915,16.21704871313204],[-61.60728706111961,16.21784469495412],[-61.60293396967851,16.21788052225073],[-61.60263866687811,16.216884652115308]],[[-61.592263104782845,16.224522308661506],[-61.59263865536158,16.224669706035762],[-61.59275835790933,16.22398787297398],[-61.59360074551573,16.223916072312438],[-61.59262294495133,16.2236545132948],[-61.592263104782845,16.224522308661506]]],[[[-61.59625319340736,16.23141607195432],[-61.59571259565483,16.23371537773316],[-61.594360487150446,16.233574795151718],[-61.59433023347336,16.231611340899725],[-61.59625319340736,16.23141607195432]]],[[[-61.59743519487398,16.214111340552687],[-61.59725801529597,16.216191299513564],[-61.59595463287034,16.216215378394274],[-61.596299393368234,16.213916071427768],[-61.59743519487398,16.214111340552687]]],[[[-61.60079344768299,16.212882045770158],[-61.60052993153582,16.213709300524403],[-61.59847829703804,16.21346076876341],[-61.59854632152731,16.212365052933087],[-61.59930534166125,16.212249404732997],[-61.59945084262252,16.21146938029324],[-61.60013867625992,16.211416071274595],[-61.600138678103036,16.210297196601267],[-61.60201130132542,16.21044992393933],[-61.60412677915015,16.21150276269139],[-61.60392467963182,16.21202463374529],[-61.60290219028485,16.212042634199822],[-61.602460111805264,16.211215379366575],[-61.60244601700833,16.21265754755453],[-61.60079344768299,16.212882045770158]]],[[[-61.60969659759099,16.211209301726445],[-61.60829344586804,16.21121538009397],[-61.60806109644643,16.212035092111943],[-61.6068194384095,16.211824214306258],[-61.606805342832075,16.210916492580576],[-61.60996011218558,16.21089905791402],[-61.60969659759099,16.211209301726445]]],[[[-61.61025836142906,16.218643577655754],[-61.610212980596565,16.217365052080776],[-61.61150709128747,16.217321204344213],[-61.61158813306496,16.21854817079962],[-61.61025836142906,16.218643577655754]]]]}},{"type":"Feature","properties":{"feature_id":"AEP_MOUSTIQUE__P3","layer_key":"eau_aep","layer_label":"Eau AEP","economic_unit_id":"AEP_MOUSTIQUE__P3","economic_state":"S0","economic_exposure_eur":95487059.0,"economic_damage_eur":2090701.0,"economic_damage_ratio_pct":2.189,"economic_asset_count":1942,"criticality_territory":"guadeloupe","criticality_family":"aep","criticality_scenario":"rp1000","criticality_period_years":"1000","criticality_hazard":"storm_cmcc"},"geometry":{"type":"MultiPolygon","coordinates":[[[[-61.55534689934303,16.228143465191206],[-61.55412680230442,16.22937146650701],[-61.55412680366955,16.23019732051355],[-61.55750804443393,16.230412206630668],[-61.56007284880651,16.233276803683754],[-61.56309135735609,16.233940153976246],[-61.563293478580256,16.23445775429354],[-61.5661166287628,16.234475478253692],[-61.56936727655346,16.236386501383322],[-61.57180530606615,16.236009969258202],[-61.57293396868985,16.234750931324214],[-61.582638640033814,16.234749407392147],[-61.58356787461833,16.23317538719447],[-61.58430530923299,16.233082740472963],[-61.584305313477174,16.230518375135652],[-61.58545119403236,16.230579233912756],[-61.59021213907427,16.232757278573928],[-61.59166577241859,16.234548710592676],[-61.59106787192606,16.23445606212166],[-61.59079348086817,16.233715377164046],[-61.59079348395802,16.23558273971598],[-61.59153091713923,16.235675386486],[-61.59162681877565,16.236416072965124],[-61.593953740725176,16.23645342256426],[-61.5941268204702,16.237249406004743],[-61.595138634214585,16.23724940587764],[-61.596145047836465,16.235620088986305],[-61.59850450751724,16.235041041615315],[-61.60184592388086,16.23534960677185],[-61.60376330459011,16.23632802141043],[-61.607460153437835,16.23602696540091],[-61.60745386732735,16.239294102158514],[-61.60662682619968,16.239763732820794],[-61.60763812277179,16.239710110976613],[-61.60806821536413,16.240582737463264],[-61.60930529347511,16.24058273752398],[-61.60945081583641,16.239802713155495],[-61.610971961300166,16.239749403962822],[-61.61104628614371,16.239031718991626],[-61.61165240942676,16.23891607053348],[-61.612990785573345,16.240977070692523],[-61.61489409764283,16.24189651024228],[-61.616262392215596,16.243715379693235],[-61.61496016711318,16.243715379853406],[-61.61478708299009,16.245344694964242],[-61.61329350299914,16.2453820462588],[-61.614112737462946,16.245807234355155],[-61.61403093375846,16.247789397195277],[-61.612639925079264,16.247591491072267],[-61.61162919356337,16.248418281191352],[-61.6116205548043,16.25179410213864],[-61.61079351372994,16.25204871239602],[-61.610793515443035,16.253082737650804],[-61.61161274905368,16.253307234477855],[-61.611530941350644,16.254456063479633],[-61.609960184434826,16.25454871221028],[-61.609632727980554,16.255382045084406],[-61.608591656409324,16.255310243195805],[-61.60847193712276,16.254548712025287],[-61.607460184123056,16.25454871189941],[-61.607364275297904,16.25528939642648],[-61.605793520009954,16.25621537830371],[-61.606588187835705,16.256583278611046],[-61.606571668766605,16.257741462237856],[-61.604960189334534,16.257882044811673],[-61.60496019239279,16.25972669563093],[-61.60263859435716,16.26070327031796],[-61.601860449592266,16.26024146180521],[-61.60180526331981,16.259382316422744],[-61.59913243657022,16.260755616679013],[-61.59932798156768,16.26204262755348],[-61.596626866645266,16.264943187275453],[-61.59621365435222,16.266161165312187],[-61.58619904128906,16.272407439098284],[-61.58339969104178,16.274892432027492],[-61.58304179777558,16.275808855314445],[-61.58037099515251,16.27620175341203],[-61.58013857415378,16.274713076725313],[-61.57885205213546,16.272791497206494],[-61.57999191051114,16.271413979339655],[-61.580231770822344,16.269179351639288],[-61.57856783310941,16.26862272683487],[-61.57768923651112,16.266614820710373],[-61.57791930748387,16.263755111324667],[-61.579558477269,16.262193124793743],[-61.57809047661325,16.26217333576369],[-61.57548473245569,16.26543212477577],[-61.5738632812509,16.266209295524483],[-61.57203766698683,16.26620175271418],[-61.57180525742847,16.26538204038252],[-61.57021292312119,16.26526639242498],[-61.570138595134054,16.26288204025185],[-61.56830967212498,16.26185953440527],[-61.56846186853074,16.261215373429575],[-61.56690117637226,16.26112272596591],[-61.565971935943196,16.258715373188895],[-61.56329351875808,16.258715372845316],[-61.56326733565112,16.25935600823929],[-61.56014275851567,16.259280191532838],[-61.559305271563034,16.257886954799275],[-61.55629963075552,16.257048704942534],[-61.553617470282795,16.25699539587421],[-61.553471942773996,16.255627523415065],[-61.55215277047344,16.25485287310531],[-61.55180527950805,16.253715371528525],[-61.55101061101763,16.253548166494948],[-61.55099687373475,16.25244467649612],[-61.55180528193686,16.25224941177612],[-61.55193762116029,16.251478834742088],[-61.551460267693315,16.249067501602422],[-61.55170016315914,16.246394748362274],[-61.55095541808096,16.246517221491427],[-61.550138628254835,16.244548704946844],[-61.54931939444049,16.244324211779983],[-61.54955685736223,16.242258391157314],[-61.54894597472873,16.240398107927053],[-61.54986883881146,16.239925929789962],[-61.54969381734543,16.238838488989042],[-61.547802392178674,16.235591847658036],[-61.54682813077556,16.235652910112485],[-61.5459428608322,16.233669325857456],[-61.54516041947554,16.233212432729054],[-61.54550459516296,16.232046258008715],[-61.54352716190835,16.23190812490463],[-61.543471986444466,16.230065724506236],[-61.544305320221454,16.229749412190454],[-61.544478389796055,16.22895342800063],[-61.54597198803547,16.22891607861968],[-61.546145057000054,16.228120094458312],[-61.54763865584966,16.228082745049146],[-61.54763865893794,16.226215371890422],[-61.545971992999235,16.225893566206906],[-61.54875153559277,16.22391607783279],[-61.54978706173607,16.223953427269123],[-61.54996012746691,16.224749411331885],[-61.55077936344267,16.2249739032588],[-61.55077936644318,16.226824212138613],[-61.5499601316011,16.227249411393945],[-61.55107023281665,16.226958114913035],[-61.5511175000132,16.22563605236188],[-61.55225801823778,16.22560682174493],[-61.55534689934303,16.228143465191206]],[[-61.54912679540304,16.225582744793964],[-61.549305326420225,16.225582744770808],[-61.54930532675211,16.225382038800674],[-61.54912679540304,16.225582744793964]],[[-61.55796606151954,16.248916077173195],[-61.55852014041256,16.248916077466998],[-61.55789789642106,16.248877335078788],[-61.55796606151954,16.248916077173195]],[[-61.55912683669733,16.24974941076869],[-61.55984045464879,16.24982120998747],[-61.55996017151878,16.250582744015475],[-61.560793505723694,16.25105174051462],[-61.56680528187227,16.251036293338487],[-61.56755712285667,16.250582743058935],[-61.566078216946146,16.249510948271034],[-61.565227882420196,16.247962570899574],[-61.5615623981811,16.249105469266908],[-61.5589813103841,16.24896938529297],[-61.55912683669733,16.24974941076869]],[[-61.57523819348454,16.24627565436936],[-61.57449986109364,16.246469212761568],[-61.57388663551882,16.25057112082298],[-61.57475130841182,16.250420727451807],[-61.57609166623022,16.24864357354382],[-61.57523819348454,16.24627565436936]],[[-61.58110054105847,16.261939883519393],[-61.58153334309122,16.261931741620405],[-61.5814695965517,16.261752928394266],[-61.58110054105847,16.261939883519393]],[[-61.59121517971748,16.247052141212404],[-61.59110066646121,16.246180454513382],[-61.59122932396481,16.248090315132348],[-61.59121517971748,16.247052141212404]],[[-61.604890077850634,16.249749404927744],[-61.605138613896045,16.24871537846878],[-61.60475803674291,16.249524632690257],[-61.603236811538,16.249548711505984],[-61.604424992936906,16.246706506068012],[-61.60407632448255,16.245469601180897],[-61.6026489758066,16.245603280356615],[-61.60156636042531,16.24790443458473],[-61.59936774693039,16.24929742902696],[-61.60152888018666,16.250512734308945],[-61.60245825119574,16.25003245310172],[-61.60246017830769,16.25141607198033],[-61.60430527737052,16.25070452828767],[-61.60430685520841,16.250034719603622],[-61.604890077850634,16.249749404927744]],[[-61.60263862079683,16.244749405125194],[-61.60268860479043,16.244065035054494],[-61.601626832836374,16.244164471163362],[-61.60162683382853,16.244749405251614],[-61.60263862079683,16.244749405125194]],[[-61.603978234354095,16.257048711268524],[-61.603791358503095,16.257249404917463],[-61.60430526653468,16.257249405228844],[-61.603978234354095,16.257048711268524]],[[-61.60442500673532,16.239476909878753],[-61.60412682415253,16.238715378671383],[-61.6041268258919,16.239766727961243],[-61.6051386290737,16.23954871210352],[-61.60442500673532,16.239476909878753]]],[[[-61.548256084016835,16.253715371049523],[-61.548891219117515,16.251416078569314],[-61.54972777900122,16.251429698454853],[-61.54994607392621,16.25265754512057],[-61.54912684058926,16.252882037875555],[-61.5491127418104,16.253490878412244],[-61.548256084016835,16.253715371049523]]],[[[-61.609424989889376,16.255654538609377],[-61.610797330690815,16.25558273771427],[-61.60930526579966,16.25729066928613],[-61.609424989889376,16.255654538609377]]],[[[-61.613293515723164,16.253063658306786],[-61.611924991209456,16.25364357689318],[-61.61187960232386,16.252365052450255],[-61.6130913712721,16.25227348189564],[-61.613293515723164,16.253063658306786]]],[[[-61.61597824091156,16.246670679760108],[-61.61657581406585,16.246416070073746],[-61.61650539499813,16.247882046488247],[-61.61597824091156,16.246670679760108]]]]}},{"type":"Feature","properties":{"feature_id":"AEP_PALMISTEB__P1","layer_key":"eau_aep","layer_label":"Eau AEP","economic_unit_id":"AEP_PALMISTEB__P1","economic_state":"S3","economic_exposure_eur":41698667.0,"economic_damage_eur":8888082.0,"economic_damage_ratio_pct":21.315,"economic_asset_count":628,"criticality_territory":"guadeloupe","criticality_family":"aep","criticality_scenario":"rp1000","criticality_period_years":"1000","criticality_hazard":"storm_cmcc"},"geometry":{"type":"MultiPolygon","coordinates":[[[[-61.708704468007,15.974763006634307],[-61.709840179894215,15.97482119081989],[-61.710793073490876,15.976405614619459],[-61.71281338662989,15.975800608027564],[-61.71662580753266,15.981720409050164],[-61.72319021480691,15.985440432738462],[-61.723210953607555,15.986494742346547],[-61.722459759122266,15.987249384398316],[-61.72469652716238,15.987255462059702],[-61.72495976076285,15.988082717466249],[-61.726525436557864,15.98817080787368],[-61.72338013840202,15.992421085344724],[-61.720468176966456,15.99357353066127],[-61.71690840278691,15.996398241522051],[-61.7143941479291,15.997585961990294],[-61.71139509580258,16.000583262587206],[-61.70725429022571,16.00161756286479],[-61.70655845543242,16.00362455801676],[-61.70490662263831,16.0051625046207],[-61.701585737804834,16.005666150176193],[-61.69795657544389,16.007882063856837],[-61.692638999280334,16.00717073939188],[-61.692639000833935,16.00621539699027],[-61.69245978804043,16.007154838899417],[-61.69109967783864,16.0067814347611],[-61.69013900115278,16.006211777498464],[-61.69015308613037,16.00497389739722],[-61.6909723367627,16.00474938847896],[-61.690972338285135,16.00381541218121],[-61.690237135615135,16.003966853624657],[-61.69000215562953,16.001918407504988],[-61.690880277773715,16.00038206365965],[-61.69021324741452,16.00026640765864],[-61.68995977501726,15.999345687087132],[-61.68975788391187,16.000357983151968],[-61.68775858214692,16.000310257296444],[-61.687663909286236,15.99827800159178],[-61.688698571519836,15.998082721701433],[-61.68579310309661,15.996407634645484],[-61.68567353489508,15.99697692388871],[-61.6849597707079,15.997048729720193],[-61.68576820989739,15.99744466826779],[-61.68579310736093,15.999033065530677],[-61.686737767546774,15.99932289698749],[-61.688241922540364,16.001617974276872],[-61.687475942750915,16.004838802863496],[-61.6828044630616,16.006313895650422],[-61.68059122152691,16.00785798192584],[-61.678842060324115,16.00788206167086],[-61.67809122245849,16.009524648268457],[-61.67460066868461,16.00954720439905],[-61.674305667056124,16.007907286642673],[-61.67192524235923,16.007810255652437],[-61.66847234196427,16.003289617385146],[-61.66734445747782,16.002651411008838],[-61.6675185691018,16.000382060892534],[-61.66537112327122,16.00036843879862],[-61.66513901516173,15.999548727285488],[-61.66446592271698,15.99950404847532],[-61.66610038769135,15.997249391147786],[-61.66725788011744,15.997273470054338],[-61.66745977031436,15.998082724430791],[-61.66820196034044,15.99818033368706],[-61.66967730032764,15.997912700054332],[-61.67034146678742,15.99737488401912],[-61.670354835231834,15.996601626985587],[-61.66816428767654,15.994317399791624],[-61.66540225806594,15.994542648691445],[-61.66513902465292,15.993715394142095],[-61.66437992501593,15.993599739196831],[-61.664425259538106,15.992321195295085],[-61.665591210265916,15.992273470126378],[-61.66579309531378,15.993082724506909],[-61.66635885407368,15.993088179449892],[-61.6662208004035,15.99221988151504],[-61.66556334596899,15.991215394055606],[-61.66436081025704,15.99107480476948],[-61.66430569820305,15.989548727511355],[-61.66269414602233,15.989408138025047],[-61.66280002939551,15.987249391260935],[-61.66556099035727,15.98726301177849],[-61.66579308718195,15.988082724383917],[-61.66653273693921,15.988177617658986],[-61.66659071884692,15.987565867608442],[-61.66784104779262,15.987156503801502],[-61.67097350141757,15.984254619070652],[-61.67106815727211,15.982342042174006],[-61.67263904234239,15.982249390090631],[-61.67269415584285,15.981556645146036],[-61.67347237692437,15.981416056637695],[-61.67447857395917,15.979786741760549],[-61.67680571254387,15.979749389534247],[-61.677068930485596,15.978922133967172],[-61.67930571358186,15.978916055884213],[-61.67942527377736,15.977321193643819],[-61.68145354524882,15.97728674096369],[-61.68162640614243,15.978082722255923],[-61.68289714156436,15.978916055197196],[-61.683953546659325,15.978953407405362],[-61.68412640914584,15.979749388668468],[-61.68486396176169,15.97984204094161],[-61.68495974500131,15.981240309625841],[-61.68586883958866,15.981730740312477],[-61.68477068566222,15.98344127990602],[-61.6847584552104,15.985698022694324],[-61.683119650390275,15.988067272777402],[-61.684760236398326,15.98891605531018],[-61.68581167099822,15.988082722015212],[-61.685066229620716,15.985189028150966],[-61.68556714412063,15.98379546184222],[-61.686688014318044,15.98279485484533],[-61.687358415202894,15.982534310958098],[-61.69027281452957,15.984106474111721],[-61.69132152731377,15.984075830768674],[-61.693174773965445,15.982872879904418],[-61.69427762622605,15.986256510541558],[-61.693603943836486,15.988508635985484],[-61.69388741271214,15.9889766535086],[-61.70014045160898,15.99170427276844],[-61.70212942640104,15.991416053134971],[-61.70355363102891,15.988691842139946],[-61.70114234769651,15.988548775470518],[-61.69963573475197,15.98765708935364],[-61.696344315326556,15.98081544269427],[-61.69825840519582,15.979572908987787],[-61.699150471216186,15.978215844615173],[-61.70606644601092,15.977392064108871],[-61.70709293628175,15.979869345244072],[-61.705722066893955,15.982991272750747],[-61.70690946810483,15.982612054718514],[-61.707889593152856,15.980042407963266],[-61.71031516489921,15.979063492452726],[-61.709507266958205,15.97704873305943],[-61.70864523986922,15.977011379414842],[-61.708704468007,15.974763006634307]],[[-61.67930567931949,15.99997303429536],[-61.679305681485666,15.998651517891696],[-61.67883308198084,15.999796557517424],[-61.67930567931949,15.99997303429536]],[[-61.68138137426977,15.998082722535107],[-61.68129735744031,15.999191241704638],[-61.682421155120444,15.998249938479416],[-61.68243487919699,15.999353448769977],[-61.68162644104944,15.999548729245431],[-61.68153065213127,16.000289408999908],[-61.68027671270223,16.000382062290477],[-61.68147120098366,16.001700848679697],[-61.68353645549373,15.999419866344219],[-61.68347234927909,15.99762354149183],[-61.68445474212662,15.99738620304941],[-61.68347863486378,15.996670677768808],[-61.68430568449584,15.996416055724257],[-61.684349511100216,15.995741532479036],[-61.68267510586434,15.994968911297214],[-61.68014597358558,15.996615574050878],[-61.67953432447787,15.998097543663704],[-61.68138137426977,15.998082722535107]],[[-61.69412645201381,16.00538206385827],[-61.694126453697265,16.006416054817205],[-61.69445102317184,16.00563603330144],[-61.69546605964877,16.005582720921097],[-61.696481097541835,16.005636033083157],[-61.69680566665336,16.00641605450403],[-61.69683056486565,16.00494466789334],[-61.69763900292291,16.004548730962558],[-61.69495978408792,16.00454873064959],[-61.694958210073246,16.005096731907035],[-61.69412645201381,16.00538206385827]],[[-61.69829311678043,16.003916054268792],[-61.70097233687117,16.003916053956615],[-61.70104657636808,16.003198375433747],[-61.701805671457436,16.003082720505763],[-61.70187991066917,16.002365042027105],[-61.702639006370276,16.002048731626466],[-61.699904663147706,16.002741473588706],[-61.69829311678043,16.003916054268792]],[[-61.7035258181797,16.001049676913958],[-61.70335996559623,16.001416053634788],[-61.70513900708985,16.00141605341074],[-61.70523630966852,15.99984071680139],[-61.7035258181797,16.001049676913958]],[[-61.706481092895324,15.999802698666988],[-61.70662644565642,16.00058271988437],[-61.70847234136675,16.000582719670593],[-61.70766390398212,16.00018678314998],[-61.707639011658124,15.998399058763763],[-61.70847234576163,15.997882065772316],[-61.705371123003914,15.999763007588353],[-61.706481092895324,15.999802698666988]],[[-61.72180569372035,15.987882067633699],[-61.72173307146089,15.987882067643392],[-61.72162642704859,15.988082717847638],[-61.72180569372035,15.987882067633699]]],[[[-61.66488551975469,15.98609973944616],[-61.66412641727959,15.986215394265043],[-61.66395355254938,15.987011374496888],[-61.66284419475868,15.987048727234217],[-61.663733008123174,15.985214418562407],[-61.66475787222949,15.984773470050596],[-61.66488551975469,15.98609973944616]]],[[[-61.671453568991666,16.00895340934766],[-61.6715878380306,16.010214844564587],[-61.669478550038846,16.01034470771518],[-61.669344284806364,16.00908327270862],[-61.671453568991666,16.00895340934766]]],[[[-61.674840216256314,16.01197692250644],[-61.67263899491171,16.011400506863392],[-61.67275857411748,16.00982119484297],[-61.674814433264864,16.009802701953657],[-61.674840216256314,16.01197692250644]]],[[[-61.67956892010196,16.011422134458115],[-61.68023051887434,16.011416056517298],[-61.67930565980738,16.01196615558937],[-61.67956892010196,16.011422134458115]]],[[[-61.681506844501165,15.974821193380082],[-61.6815521753753,15.97609974092463],[-61.680258607687,15.976143590577264],[-61.68017766593435,15.974916605112233],[-61.681506844501165,15.974821193380082]]],[[[-61.68225788854908,16.009773468688984],[-61.68245979270889,16.010752571706004],[-61.680340897112366,16.01119131512056],[-61.68017761572688,16.009916605443216],[-61.68225788854908,16.009773468688984]]],[[[-61.70892453531098,15.97452465266917],[-61.70840003355717,15.974548733209202],[-61.70912640203245,15.97358022054255],[-61.70892453531098,15.97452465266917]]]]}},{"type":"Feature","properties":{"feature_id":"AEP_PALMISTEB__P2","layer_key":"eau_aep","layer_label":"Eau AEP","economic_unit_id":"AEP_PALMISTEB__P2","economic_state":"S0","economic_exposure_eur":494851.0,"economic_damage_eur":10790.0,"economic_damage_ratio_pct":2.18,"economic_asset_count":1,"criticality_territory":"guadeloupe","criticality_family":"aep","criticality_scenario":"rp1000","criticality_period_years":"1000","criticality_hazard":"storm_cmcc"},"geometry":{"type":"MultiPolygon","coordinates":[[[[-61.689664783676534,15.997880539882264],[-61.68787112356204,15.997868441430404],[-61.68763901608035,15.997233632344916],[-61.68688505978139,15.996847638577426],[-61.685591456361486,15.997273578811559],[-61.68579310494806,15.99756572533316],[-61.68563294093896,15.998413277047849],[-61.684268583565554,15.998653492403761],[-61.68347234836178,15.998197385956457],[-61.683472600368276,15.996727476904146],[-61.683107347376136,15.99607852528983],[-61.68372749591407,15.99571192116497],[-61.68430568490435,15.99616336687599],[-61.68447856120683,15.995620074385737],[-61.68549811538698,15.995584245033314],[-61.68579310272169,15.996178469016506],[-61.68700949615415,15.995806851921717],[-61.68819284694975,15.996416055201422],[-61.68930568386749,15.996416055135878],[-61.68930568419397,15.996215396925294],[-61.688546586152036,15.996099740960181],[-61.68847235232099,15.99538206352121],[-61.68692525404264,15.995310257351358],[-61.68680568694729,15.994716648195034],[-61.68728241171805,15.994754883407671],[-61.6893578112661,15.995783948702115],[-61.68977849473311,15.996102373393663],[-61.690197427657516,15.996977747062255],[-61.68995977129584,15.997048730308274],[-61.68995348812934,15.997627439763106],[-61.689664783676534,15.997880539882264]]],[[[-61.68793400485841,15.998084244809826],[-61.68984923044716,15.998162440866148],[-61.688776615623865,15.99874188838725],[-61.68763901415092,15.998399058764535],[-61.68793400485841,15.998084244809826]]]]}},{"type":"Feature","properties":{"feature_id":"AEP_PALMISTE__P1","layer_key":"eau_aep","layer_label":"Eau AEP","economic_unit_id":"AEP_PALMISTE__P1","economic_state":"S3","economic_exposure_eur":2257961.0,"economic_damage_eur":481285.0,"economic_damage_ratio_pct":21.315,"economic_asset_count":34,"criticality_territory":"guadeloupe","criticality_family":"aep","criticality_scenario":"rp1000","criticality_period_years":"1000","criticality_hazard":"storm_cmcc"},"geometry":{"type":"MultiPolygon","coordinates":[[[[-61.69180567574423,16.001215397055653],[-61.691117693440276,16.001162083777935],[-61.69097234387153,16.000382063651774],[-61.69013901115195,16.00005069312768],[-61.68854991182026,16.00066250072023],[-61.688194567239464,16.001214945132613],[-61.685852682436455,16.001903081196897],[-61.68576821915799,16.00352011552458],[-61.6849597815578,16.003715396169575],[-61.68466478470065,16.004547205747013],[-61.683568130239365,16.00445607569963],[-61.6828606213432,16.002742477552395],[-61.68441393808272,16.00148428496593],[-61.68471430282671,16.000723440047746],[-61.68545500880965,16.00044759745826],[-61.68768726736841,15.997730394659929],[-61.68773480614049,15.99650870767512],[-61.68907954371118,15.996215396874055],[-61.68852746760101,15.996074806262897],[-61.68847235232099,15.99538206352121],[-61.68695103234503,15.995328750199814],[-61.68680568691973,15.994733279152447],[-61.6880435791363,15.994235517134474],[-61.689188433697446,15.992363151172453],[-61.6907854281927,15.991746708156489],[-61.69233449194611,15.991988919324776],[-61.69537590644867,15.99373197725396],[-61.69626367188898,15.994724361908895],[-61.69664148048962,15.995901974679349],[-61.6965473213436,15.998746651864723],[-61.69594106033257,16.000071814144835],[-61.69277861129205,16.001889822403935],[-61.69180567423797,16.002142046584947],[-61.69180567574423,16.001215397055653]]],[[[-61.68373558929978,15.999542650666832],[-61.68347234739218,15.998798854437815],[-61.685183293404556,15.998180692173097],[-61.68552986290778,15.997255466757947],[-61.68578682364248,15.999294106318324],[-61.68373558929978,15.999542650666832]]]]}},{"type":"Feature","properties":{"feature_id":"AEP_PALMISTE__P2","layer_key":"eau_aep","layer_label":"Eau AEP","economic_unit_id":"AEP_PALMISTE__P2","economic_state":"S0","economic_exposure_eur":141840.0,"economic_damage_eur":3092.0,"economic_damage_ratio_pct":2.18,"economic_asset_count":1,"criticality_territory":"guadeloupe","criticality_family":"aep","criticality_scenario":"rp1000","criticality_period_years":"1000","criticality_hazard":"storm_cmcc"},"geometry":{"type":"Polygon","coordinates":[[[-61.709869741824924,15.989473684164013],[-61.70929014403546,15.989664575391659],[-61.70867811548451,15.988528044954654],[-61.71031132780953,15.987691396259324],[-61.710602707594084,15.988335436280671],[-61.70985421284647,15.988870427330573],[-61.709869741824924,15.989473684164013]]]}},{"type":"Feature","properties":{"feature_id":"AEP_PERRIN","layer_key":"eau_aep","layer_label":"Eau AEP","economic_unit_id":"AEP_PERRIN","economic_state":"S3","economic_exposure_eur":30083611.0,"economic_damage_eur":6412330.0,"economic_damage_ratio_pct":21.315,"economic_asset_count":253,"criticality_territory":"guadeloupe","criticality_family":"aep","criticality_scenario":"rp1000","criticality_period_years":"1000","criticality_hazard":"storm_cmcc"},"geometry":{"type":"MultiPolygon","coordinates":[[[[-61.45863923814915,16.363956750112017],[-61.45992166191291,16.364083288697866],[-61.459855531342185,16.365297132614955],[-61.462979807038884,16.36724942611463],[-61.46347176985505,16.36724942641399],[-61.46373547897579,16.366422170092314],[-61.466507236642656,16.366487888370248],[-61.46648141421194,16.367828716482727],[-61.46412702063648,16.367966274976425],[-61.46513843401686,16.36859825844715],[-61.465340684461566,16.36810683568012],[-61.46639449899231,16.36809637850406],[-61.46662702256539,16.36891609268988],[-61.468120503675145,16.368953439969843],[-61.46829369085352,16.369749425815996],[-61.469088338282944,16.369916621495133],[-61.469127025834325,16.370670520934937],[-61.47180509478382,16.371547963806616],[-61.47099670184977,16.371020099474165],[-61.47104613313706,16.36986506577511],[-61.47317390741316,16.369821221060864],[-61.47327958718854,16.371824207352454],[-61.47233576198044,16.372048690322035],[-61.47245102248469,16.372590537720274],[-61.47478875278536,16.37254869571881],[-61.47890010652863,16.3742170254777],[-61.48263842322538,16.373533403012505],[-61.482677113226494,16.37158328737755],[-61.48389450125514,16.3714297096369],[-61.48496036536968,16.373082756966173],[-61.48809144228609,16.37310683292445],[-61.48829370054846,16.37391608987003],[-61.48986440382432,16.374008731460616],[-61.49079370352956,16.375495809775412],[-61.49739306063913,16.377790421804345],[-61.497088053106516,16.378957821911868],[-61.49162704664655,16.3812818507558],[-61.49142478241969,16.382024615038308],[-61.48996038123926,16.382170151759954],[-61.48903108225034,16.38362271576921],[-61.4882937169278,16.383715358858773],[-61.48819775080866,16.38528938231556],[-61.48662705282166,16.385382025245544],[-61.48567392725411,16.386976894089113],[-61.484600610804435,16.387047168053822],[-61.48430506846835,16.386215358237557],[-61.48275819614177,16.386143560440466],[-61.482638403435644,16.385382024706097],[-61.48192486377002,16.38531022704187],[-61.481805071450374,16.384649172580904],[-61.47966408635885,16.382831996925514],[-61.480544568669075,16.38008553551],[-61.47769881992446,16.380318984329197],[-61.47114494401431,16.377844674549223],[-61.47086811578864,16.377048690065234],[-61.469117039354565,16.3770486898033],[-61.465595745314424,16.37954481117515],[-61.4595995430118,16.38029784840177],[-61.46059211016543,16.383091490158602],[-61.45988600723224,16.384433047194744],[-61.4591270479914,16.384749427447098],[-61.45986441375676,16.384842067859314],[-61.45996038283361,16.385582760686653],[-61.46031160679297,16.3847867746049],[-61.46148142889859,16.384802732129177],[-61.46197385463429,16.386416093625012],[-61.460425459991725,16.388340431825938],[-61.457842220590194,16.389234311121296],[-61.45513840210147,16.38856597288489],[-61.45597173613294,16.38808276129796],[-61.45597174064973,16.385382021063077],[-61.455234374834696,16.38528937909467],[-61.45513840883225,16.384548687642297],[-61.453546115935666,16.384433046589063],[-61.45349668541932,16.383278015742775],[-61.45430507807247,16.383082761403035],[-61.454305078960914,16.382532250660756],[-61.45193126963092,16.38038202057875],[-61.45106771451732,16.380289378810183],[-61.45097175113766,16.379548687231466],[-61.448293704421985,16.37952801509279],[-61.44799817668925,16.38038049662037],[-61.44620428400685,16.380368399732784],[-61.445971751404436,16.3798271177118],[-61.44466484332226,16.380380496160353],[-61.43108416760099,16.38174422498773],[-61.430621136651105,16.38121535086742],[-61.429450698905505,16.381162045151825],[-61.42930508628955,16.3803820175209],[-61.42847175391157,16.379878855136578],[-61.423660292338,16.377507048724876],[-61.42229103315794,16.377359850696656],[-61.42203870006263,16.376499060608754],[-61.422761356930216,16.375780355094154],[-61.4233045405483,16.373462442688044],[-61.42546797301363,16.37304643578322],[-61.42777807549782,16.37369030659021],[-61.43278628393507,16.377601956968252],[-61.43633618442052,16.377124033393205],[-61.43349026775196,16.379614923159167],[-61.43513842039405,16.379393038177863],[-61.43543394760692,16.378917619837896],[-61.448471754734946,16.377597518825958],[-61.44847175609613,16.37678531183139],[-61.44735683181995,16.3756399206395],[-61.44984581994145,16.37530465307835],[-61.448721981886095,16.373024559367398],[-61.44567613322771,16.373913260099037],[-61.443861237649706,16.372048686212295],[-61.442134539969764,16.372048685862527],[-61.44091405352574,16.373117024791405],[-61.439527091507685,16.372061099073193],[-61.4374603572848,16.37217333389009],[-61.43731474998227,16.372828712991524],[-61.43626728065969,16.37288049524195],[-61.435971765546746,16.372254159730716],[-61.43293088049089,16.3716203845448],[-61.42579098041228,16.36285125621184],[-61.425971785473976,16.36121535101576],[-61.425591432969675,16.362024607284024],[-61.42436032996495,16.361908113331317],[-61.424360331889424,16.360723334251407],[-61.42585045314968,16.359749431467137],[-61.42519366666424,16.35940811344655],[-61.42459860846626,16.35788201727011],[-61.423546153840746,16.357766377865012],[-61.42347179280332,16.357048684134245],[-61.42187948844376,16.35693304440136],[-61.42180512916793,16.355382017287557],[-61.42019367307277,16.355241446472125],[-61.42007973141412,16.352048683836962],[-61.421492102678755,16.350664335413292],[-61.42320432065175,16.350003667978086],[-61.42409386644606,16.349927980804008],[-61.42412698602265,16.35058276479863],[-61.42513847000964,16.350582764656362],[-61.42513949644998,16.350045567685935],[-61.426821605934464,16.350781169609764],[-61.42829365636976,16.352446549869857],[-61.42746032366387,16.352882018164934],[-61.42744788778677,16.354317776458636],[-61.431202877051824,16.359740586661573],[-61.43314435603667,16.357516130131962],[-61.43387972261573,16.355786580071744],[-61.43552513022189,16.354278623156546],[-61.43681370683091,16.354302898010054],[-61.437007362375965,16.353106838959587],[-61.43819770757704,16.353175402793962],[-61.43827723727054,16.354330459178808],[-61.441820339339614,16.353875800882403],[-61.44269948781552,16.354532295360503],[-61.44490847870437,16.354866318092743],[-61.44315031622144,16.358437389884067],[-61.44330500662151,16.36458231958282],[-61.444599543250014,16.365277337369033],[-61.44541492854245,16.366456280541453],[-61.44696629940193,16.367013004139864],[-61.447857431016395,16.365122316281365],[-61.4499759880568,16.364216150913872],[-61.45182401262414,16.364710246116864],[-61.453031207361896,16.366153634038415],[-61.45530030650369,16.36649710527105],[-61.4549061494641,16.365689254409297],[-61.45309625315803,16.365279762309232],[-61.45181735011799,16.363900317891552],[-61.45168406894388,16.362882021227513],[-61.450978074375406,16.362627430192873],[-61.451026994090434,16.361556665527967],[-61.45195777375192,16.36141609440062],[-61.45249056139249,16.360354607501485],[-61.45155026454892,16.357950566106002],[-61.45238810390722,16.356215354817834],[-61.45042558956019,16.35621263374255],[-61.453189915028936,16.353168580994314],[-61.45329366234462,16.353916094149284],[-61.45571930049475,16.354031733497518],[-61.45576872748469,16.355186765662292],[-61.45496033202404,16.35558276062742],[-61.45564806805808,16.35563606554611],[-61.45579366644928,16.35616932549358],[-61.458254984001684,16.356583288733944],[-61.45823845757055,16.357741449429657],[-61.456834794410014,16.358715355377477],[-61.457405726319784,16.36058276038471],[-61.45827956753218,16.360807240767706],[-61.45809143386062,16.36227350312279],[-61.45863923814915,16.363956750112017]],[[-61.42263846932869,16.35121535087494],[-61.422460320175006,16.35121535084985],[-61.42246032050992,16.351416098387283],[-61.42263846932869,16.35121535087494]],[[-61.426626989157214,16.352249431155254],[-61.42680513364648,16.352249431130236],[-61.42680513398141,16.352048684766935],[-61.426626989157214,16.352249431155254]],[[-61.43710866585874,16.36589311998522],[-61.43674186234767,16.362783773088395],[-61.43547561881675,16.365140106896042],[-61.43622991456736,16.36602099016038],[-61.43710866585874,16.36589311998522]],[[-61.45917948822721,16.372882021931503],[-61.45604446789449,16.372882021440905],[-61.45749996153327,16.374427817978066],[-61.45917948822721,16.372882021931503]],[[-61.46187520678959,16.37242322726693],[-61.459960360885134,16.372464475672935],[-61.46157475927934,16.372703995884955],[-61.46300653798994,16.37374865737189],[-61.4646547656904,16.373539085339306],[-61.46187520678959,16.37242322726693]]],[[[-61.43716484079651,16.373084286119116],[-61.437460359528224,16.373527698617945],[-61.43597176303608,16.373757876158564],[-61.43716484079651,16.373084286119116]]],[[[-61.45543395025398,16.352880498543037],[-61.45513846244518,16.35244057694064],[-61.45625474553637,16.352405526250553],[-61.45662699384947,16.352565724017563],[-61.45543395025398,16.352880498543037]]],[[[-61.458591564416395,16.355310225369937],[-61.458471793180024,16.353715355781805],[-61.457758232926096,16.353643558658494],[-61.457638461359295,16.35288202236113],[-61.456805128786925,16.352484815580038],[-61.45887345570469,16.35345627060177],[-61.459960331816205,16.355065724007392],[-61.458591564416395,16.355310225369937]]],[[[-61.491531080497566,16.382342064772345],[-61.491531082487164,16.38362271600737],[-61.49023437317181,16.38362271584276],[-61.49017709630353,16.38241662033734],[-61.491531080497566,16.382342064772345]]]]}},{"type":"Feature","properties":{"feature_id":"AEP_PORTBLANC__P1","layer_key":"eau_aep","layer_label":"Eau AEP","economic_unit_id":"AEP_PORTBLANC__P1","economic_state":"S3","economic_exposure_eur":43780288.0,"economic_damage_eur":9331780.0,"economic_damage_ratio_pct":21.315,"economic_asset_count":471,"criticality_territory":"guadeloupe","criticality_family":"aep","criticality_scenario":"rp1000","criticality_period_years":"1000","criticality_hazard":"storm_cmcc"},"geometry":{"type":"MultiPolygon","coordinates":[[[[-61.47606785999836,16.254456050973914],[-61.47597195690527,16.253715361456603],[-61.47442500351255,16.253643563052847],[-61.47347196002951,16.25204869450368],[-61.47162682906871,16.252186459047333],[-61.470673785162994,16.253643562689692],[-61.469568847554726,16.253709282411567],[-61.469306871185715,16.25170138800357],[-61.469803892659876,16.251416089212583],[-61.46710043667909,16.25028234512776],[-61.46367822375704,16.2509393919231],[-61.463498302073,16.250530627792557],[-61.46259930336626,16.251299891796638],[-61.459163673934654,16.25244779258925],[-61.458953746839036,16.25367801008122],[-61.45668899761094,16.253715358830647],[-61.4564813087084,16.254495385177478],[-61.45412683170321,16.255243860504798],[-61.454935241185794,16.25577801469114],[-61.45496016848705,16.257249424853566],[-61.45640773668364,16.25724942444809],[-61.45588709461022,16.258453194447135],[-61.45376865284528,16.260272330294825],[-61.45329350539977,16.259548691487343],[-61.45309136964995,16.26035794727022],[-61.450971949159246,16.26059351417763],[-61.45097195503554,16.257048691247952],[-61.450140198957854,16.256763393687084],[-61.45013863287144,16.250382024683788],[-61.449635512352174,16.25038202422851],[-61.451626820556896,16.248719308080496],[-61.453028142057626,16.249755244596056],[-61.45518489025226,16.249564785189175],[-61.456249009834885,16.248718303792394],[-61.45187962421035,16.248599716138557],[-61.45426894160607,16.247935302261048],[-61.45417051279174,16.24677788584439],[-61.45134066388981,16.247273060009913],[-61.44931159710014,16.24667068402996],[-61.452638639072205,16.246416091573114],[-61.452712961532626,16.245698398936835],[-61.45347197366298,16.24558275810396],[-61.45347197397134,16.24539694224685],[-61.4518741004909,16.245723786163147],[-61.451299185034586,16.243715358005186],[-61.450340763592216,16.2436912807494],[-61.449960144421816,16.243144510410307],[-61.44975802557963,16.24369128068624],[-61.44870434990189,16.243701737711778],[-61.44847197887167,16.24288202469785],[-61.44767704322937,16.242714288925253],[-61.447227772596676,16.243701737522276],[-61.44617409717104,16.243691280215472],[-61.44597197878229,16.24315613404734],[-61.44496014414601,16.243418330145925],[-61.444727772902866,16.244535070497104],[-61.44104592669442,16.244432565667598],[-61.44059135950098,16.24535794612518],[-61.43774155693288,16.245295523353093],[-61.43731463291805,16.246162049864534],[-61.436235517708944,16.24620927813226],[-61.43606022654548,16.24485022108696],[-61.431883176643844,16.239248255569937],[-61.43079346753543,16.238598532828654],[-61.43071915095512,16.239433047857606],[-61.429126803594414,16.240382022079977],[-61.42893933318506,16.242017920803338],[-61.42736563863242,16.240136972899034],[-61.427712972953,16.239031734387225],[-61.428471988406955,16.23891609475633],[-61.42697717882474,16.238490299753856],[-61.42726790179262,16.23673227618067],[-61.428293461466346,16.235153675499333],[-61.42829346219975,16.23558276136584],[-61.42910187391503,16.235778015927984],[-61.429126798409186,16.237249427956577],[-61.43064795689983,16.23730273274888],[-61.43079346707713,16.238332469984602],[-61.43180532451474,16.23693405619454],[-61.43195083387028,16.235636065922495],[-61.43453699300089,16.235582760266272],[-61.43681329431586,16.234300559299278],[-61.43681942874011,16.23247390783568],[-61.43763866507248,16.232048690210544],[-61.4368796472665,16.231933048518744],[-61.43680533462026,16.230382023481845],[-61.43597829252785,16.23012743106171],[-61.43674161687525,16.22944769500479],[-61.436243522195426,16.227509747806753],[-61.43663541292229,16.225582759953706],[-61.43827935153064,16.22664057432443],[-61.438238275668155,16.227741450490324],[-61.437460117418496,16.22788202365489],[-61.43746012050735,16.229749426604478],[-61.43825479593695,16.2299166221657],[-61.43829345671496,16.231416093195904],[-61.43909003126045,16.231587168708675],[-61.440058180712064,16.228715357342246],[-61.43852717909984,16.228574783766877],[-61.43852718215259,16.22655666487894],[-61.44061606408635,16.22645146344704],[-61.442957189500724,16.22420297448744],[-61.44507353370702,16.22414950314415],[-61.44674461694595,16.22540529185389],[-61.447211809955775,16.227400255107366],[-61.44623602961601,16.22925284622492],[-61.447560169439306,16.229942419005173],[-61.44998775389211,16.2296275676017],[-61.45143460665774,16.23046592131089],[-61.452713629890916,16.23026707506675],[-61.45266359034495,16.228278014702543],[-61.453763983219936,16.228082757307273],[-61.45383267824197,16.227273473094588],[-61.451015041553234,16.22520363906937],[-61.450290728909415,16.22231720093144],[-61.44897118840763,16.220856684858155],[-61.44681719234188,16.22190732843151],[-61.4445429927417,16.22118473120741],[-61.44562194717596,16.219548691589107],[-61.442460104341116,16.21954869129075],[-61.4424601060505,16.220582759014356],[-61.44327934297104,16.22080724076388],[-61.44329344208572,16.2221450391481],[-61.44075038784106,16.218199310796184],[-61.44026307676695,16.216032515325455],[-61.44168106000078,16.21291417307975],[-61.444668406524826,16.21162334002897],[-61.44742143821737,16.21241662139846],[-61.4474538060314,16.21429409829552],[-61.44662676332722,16.214548692033276],[-61.446626765035994,16.215582758311598],[-61.45013869044895,16.215582757824414],[-61.45021300124721,16.214865065386277],[-61.4518053596241,16.2139160908858],[-61.451860532163955,16.213223330357106],[-61.453472030063985,16.21148140350237],[-61.452693868069076,16.211074785209828],[-61.45263869867352,16.210382026335875],[-61.451112746332576,16.21032529725766],[-61.45081264255868,16.206416090845508],[-61.453061087222906,16.20642970979005],[-61.45347203705852,16.207249423824113],[-61.45356791890438,16.206508732269572],[-61.454305371645546,16.206416090355024],[-61.45430537335321,16.205382026729428],[-61.45275838960683,16.20531022868511],[-61.45263870932055,16.203934799329264],[-61.45441069457783,16.20297971109621],[-61.45632218488613,16.2026771917788],[-61.45817373052884,16.203154552945534],[-61.45829341405487,16.2039160897429],[-61.459112652062366,16.204140573389676],[-61.45912675163204,16.206416089689714],[-61.45942540192785,16.203987639448947],[-61.46060860271374,16.20584839189847],[-61.462925517653574,16.205204491967724],[-61.46600029211623,16.205854874901277],[-61.46917324705649,16.20810349590224],[-61.47319273135684,16.208840676191983],[-61.475462655041625,16.210957283086074],[-61.478725355962546,16.21053556578606],[-61.4820960311352,16.21204869666346],[-61.4807934322919,16.213082753556893],[-61.48245381053584,16.21417068299049],[-61.482404930208766,16.215241454116423],[-61.481626769538245,16.21538203014552],[-61.48246010380211,16.215899057781808],[-61.48243518656205,16.217686769125145],[-61.481626773669845,16.217882030063848],[-61.481626779703994,16.221537924086434],[-61.48253350050071,16.22288201065867],[-61.48255076805397,16.22408314782379],[-61.481059368752845,16.22496138941875],[-61.47996012226295,16.22724942068696],[-61.48069756388239,16.227342063270697],[-61.4807934570884,16.228082753927694],[-61.482459039278524,16.228377717366],[-61.48177540775786,16.228523522380094],[-61.48084365626182,16.230382029564176],[-61.47940122127896,16.230289385216107],[-61.47912679131455,16.228759273112992],[-61.47912679570787,16.23141608756995],[-61.479478392973604,16.23062010232859],[-61.48086743556013,16.23058275399773],[-61.48106886759671,16.232785323257012],[-61.48063336319363,16.234511354661834],[-61.47927609663982,16.23652320630179],[-61.479511189238366,16.23704869563],[-61.478981295056315,16.237828721537706],[-61.47829347295999,16.23788202895718],[-61.47829347467154,16.23891608786882],[-61.47960164945174,16.237250895552133],[-61.48024274425343,16.239293385435644],[-61.48229550765701,16.241393724748992],[-61.4827173092285,16.243715362652807],[-61.48079348295843,16.24371536243948],[-61.481601893383,16.244111346546834],[-61.48145374174348,16.245344679705457],[-61.47947838067732,16.245344679451595],[-61.47912681330457,16.242048695600893],[-61.47875009020835,16.242882028556114],[-61.479120528365385,16.24596076550525],[-61.478293486756606,16.246215362017956],[-61.478615297694766,16.247681396302127],[-61.477522904063065,16.248500159893727],[-61.47738583646364,16.250266385040046],[-61.47579349469621,16.25121536151409],[-61.475793496409345,16.252249421872516],[-61.47611748228693,16.251469394495277],[-61.47713272717477,16.25141608794514],[-61.478924697703675,16.25144016465064],[-61.47930529218461,16.25224942139468],[-61.480234531134414,16.250675397070054],[-61.48097196137137,16.250582754460343],[-61.48104628737924,16.24903172985405],[-61.482133168123056,16.24891610813019],[-61.48005645409889,16.252203321347576],[-61.476805288159035,16.254890737562448],[-61.47606785999836,16.254456050973914]],[[-61.44347184358689,16.23695738474223],[-61.44367486220459,16.23693835916075],[-61.44351063277901,16.236889743119516],[-61.44347184358689,16.23695738474223]],[[-61.45263862250522,16.256416091820405],[-61.45263862254967,16.256389916613557],[-61.45262503993547,16.256416091827575],[-61.45263862250522,16.256416091820405]],[[-61.45574758714365,16.244749424411403],[-61.45566522917152,16.24409753172391],[-61.45456491837201,16.24474942433059],[-61.45574758714365,16.244749424411403]],[[-61.4594120439579,16.2227694332818],[-61.459018801228304,16.22288796458461],[-61.45901536471482,16.22291713255243],[-61.4594120439579,16.2227694332818]],[[-61.469302460229486,16.217088119315015],[-61.470295241057634,16.218663638196997],[-61.470439369771334,16.220779064566734],[-61.47384846669909,16.217044738134863],[-61.469302460229486,16.217088119315015]],[[-61.470793485554516,16.246114755004832],[-61.47079348606057,16.246416089077037],[-61.47081714382094,16.246416089082445],[-61.470793485554516,16.246114755004832]],[[-61.47847197691349,16.24141608790642],[-61.478471977245796,16.24121536220577],[-61.477285627263136,16.24121536189902],[-61.47847197691349,16.24141608790642]],[[-61.47746013019189,16.232249421150605],[-61.47763865887158,16.23224942112631],[-61.47763865920366,16.232048695725474],[-61.47746013019189,16.232249421150605]],[[-61.4784719879477,16.23474942107478],[-61.47847198827986,16.234548695757116],[-61.47829346744361,16.234548695732833],[-61.4784719879477,16.23474942107478]],[[-61.47930531978142,16.23558275431542],[-61.47930532011358,16.235382029176513],[-61.47912680226987,16.235382029152248],[-61.47930531978142,16.23558275431542]]],[[[-61.43329190464749,16.246701388386818],[-61.4332515781302,16.247720053259087],[-61.43252933216108,16.246416094390135],[-61.43329190464749,16.246701388386818]]],[[[-61.437196604707225,16.24892217084468],[-61.43746015315581,16.249475407102654],[-61.43598368154749,16.249394546460692],[-61.43519381826925,16.24905666540553],[-61.437196604707225,16.24892217084468]]],[[[-61.441145049362675,16.247286774003022],[-61.443156532069594,16.247308867909084],[-61.4416827403021,16.248445811986073],[-61.440971970805975,16.24839905776987],[-61.441145049362675,16.247286774003022]]],[[[-61.44321916083545,16.246099715483837],[-61.44192501446447,16.246143559787185],[-61.44187963051208,16.244865066545636],[-61.443120404747816,16.24478677368956],[-61.44321916083545,16.246099715483837]]],[[[-61.44306109576552,16.22286840428984],[-61.442138501669476,16.22288202409139],[-61.44284917596411,16.22263166577475],[-61.443293442740334,16.222565724540242],[-61.44306109576552,16.22286840428984]]],[[[-61.44784075581497,16.256191280047634],[-61.44746016434768,16.255382024149057],[-61.44711293330501,16.25621535705385],[-61.44755069010002,16.253082759128194],[-61.449088165889094,16.254083288351723],[-61.449071649258975,16.25607478409526],[-61.44784075581497,16.256191280047634]]],[[[-61.45684395319868,16.25574995460108],[-61.45763862315157,16.255582757776143],[-61.457784147402755,16.254802729983535],[-61.459305290954795,16.254749424192582],[-61.45942500513985,16.253987887101207],[-61.460971958758215,16.253916090609266],[-61.46120434585314,16.25309637648202],[-61.46240497991659,16.253223329963866],[-61.46245914765287,16.254252385950736],[-61.46162683160219,16.254548692799624],[-61.46153092856168,16.255289382922065],[-61.45996016608578,16.255382025876447],[-61.461448036368886,16.255617495654434],[-61.46075443476406,16.256149531008486],[-61.458988441935844,16.256820596275226],[-61.4568052879971,16.25673239106913],[-61.45684395319868,16.25574995460108]]],[[[-61.46817378582435,16.25447689573684],[-61.46680529091434,16.254102040735123],[-61.46692500530951,16.253154552956357],[-61.468147974306305,16.25313606207536],[-61.46817378582435,16.25447689573684]]],[[[-61.469126834437795,16.255637375060584],[-61.46781578812475,16.25478490692325],[-61.46879939387451,16.254749422498215],[-61.469126834437795,16.255637375060584]]],[[[-61.4802129573405,16.246531729890336],[-61.48142469465905,16.246440164224204],[-61.48180530010557,16.247249420931357],[-61.48230004975464,16.246416087382315],[-61.48220114710998,16.248715362199487],[-61.48028415050177,16.248662054691483],[-61.4802129573405,16.246531729890336]]],[[[-61.48181940262336,16.24497390608926],[-61.48260305244357,16.244749420773225],[-61.48236252721235,16.246215362507026],[-61.48181940262336,16.24497390608926]]],[[[-61.48373659157356,16.21641608629696],[-61.48359757318331,16.217882030241224],[-61.48269385525354,16.217741454027482],[-61.48267734036737,16.21658328589564],[-61.48373659157356,16.21641608629696]]],[[[-61.484126789984614,16.22756620058127],[-61.48263866462811,16.228318090166855],[-61.48275836429133,16.227321217484647],[-61.484126789984614,16.22756620058127]]],[[[-61.48359170432248,16.220310231557075],[-61.48347201337765,16.218935329965895],[-61.484636829264296,16.21968681192069],[-61.48496011102957,16.22006572454868],[-61.48359170432248,16.220310231557075]]],[[[-61.486252562895835,16.224749419468203],[-61.48558623579792,16.226215363473152],[-61.48515276548431,16.225990876202744],[-61.48519384540313,16.224889994626455],[-61.486252562895835,16.224749419468203]]]]}},{"type":"Feature","properties":{"feature_id":"AEP_PORTBLANC__P2","layer_key":"eau_aep","layer_label":"Eau AEP","economic_unit_id":"AEP_PORTBLANC__P2","economic_state":"S0","economic_exposure_eur":5000.0,"economic_damage_eur":109.0,"economic_damage_ratio_pct":2.188,"economic_asset_count":1,"criticality_territory":"guadeloupe","criticality_family":"aep","criticality_scenario":"rp1000","criticality_period_years":"1000","criticality_hazard":"storm_cmcc"},"geometry":{"type":"Polygon","coordinates":[[[-61.468550618018476,16.253611875127024],[-61.46916745738363,16.253171493554966],[-61.46962381023083,16.253719010238225],[-61.4690573787494,16.25416224187624],[-61.468550618018476,16.253611875127024]]]}},{"type":"Feature","properties":{"feature_id":"AEP_PORTBLANC__P3","layer_key":"eau_aep","layer_label":"Eau AEP","economic_unit_id":"AEP_PORTBLANC__P3","economic_state":"S0","economic_exposure_eur":5000.0,"economic_damage_eur":109.0,"economic_damage_ratio_pct":2.189,"economic_asset_count":1,"criticality_territory":"guadeloupe","criticality_family":"aep","criticality_scenario":"rp1000","criticality_period_years":"1000","criticality_hazard":"storm_cmcc"},"geometry":{"type":"Polygon","coordinates":[[[-61.47785362691957,16.238653746283617],[-61.47728697491923,16.239142368526988],[-61.476784264719804,16.238634179308352],[-61.47730044279208,16.23814684677619],[-61.47785362691957,16.238653746283617]]]}},{"type":"Feature","properties":{"feature_id":"AEP_SAINTLOUI","layer_key":"eau_aep","layer_label":"Eau AEP","economic_unit_id":"AEP_SAINTLOUI","economic_state":"S3","economic_exposure_eur":17541823.0,"economic_damage_eur":3739044.0,"economic_damage_ratio_pct":21.315,"economic_asset_count":208,"criticality_territory":"guadeloupe","criticality_family":"aep","criticality_scenario":"rp1000","criticality_period_years":"1000","criticality_hazard":"storm_cmcc"},"geometry":{"type":"MultiPolygon","coordinates":[[[[-61.732314880968154,16.013969678997476],[-61.735138988579585,16.010527583060245],[-61.73513899465404,16.006781650704642],[-61.73628356464641,16.006840075701934],[-61.737888248723635,16.005822363173326],[-61.739699698507394,16.005505020259857],[-61.7418293227414,16.00603622532461],[-61.74342162034323,16.00737248909794],[-61.744814435373236,16.007302695176428],[-61.74495979692737,16.008916049046807],[-61.7457545104087,16.009083268476967],[-61.74579313306844,16.010582715660995],[-61.74657134475082,16.01072330736165],[-61.747199175697794,16.012550678546827],[-61.74789805916366,16.018974058493257],[-61.74745982300568,16.024749382490945],[-61.74825453340663,16.024916601828675],[-61.74825453522722,16.02604818179553],[-61.7474598253958,16.026215402623677],[-61.747459826817064,16.027086376668905],[-61.745183098526496,16.028663807753833],[-61.742885957218064,16.02928907846843],[-61.74109811497609,16.02898338524935],[-61.74180562447153,16.028916049896598],[-61.74200755107714,16.028106796074784],[-61.74347229229631,16.028082716354923],[-61.74440143326578,16.026508703552402],[-61.74513896148002,16.02641604945952],[-61.7443798763614,16.02609974436824],[-61.744305629932725,16.02538206896323],[-61.744052244844994,16.0269330777018],[-61.74329315962036,16.02704873546145],[-61.74309123660459,16.027857987979502],[-61.74162649412503,16.027882068579775],[-61.74129939411271,16.028715401462925],[-61.73927241155521,16.02791315594306],[-61.73701293425832,16.0281567776443],[-61.734809689206564,16.02747929292685],[-61.734305626786075,16.02805334306597],[-61.73447853387797,16.027286736626674],[-61.73597229456075,16.027249383847707],[-61.73617421906765,16.02644012997936],[-61.73847229561705,16.026416050210948],[-61.73852742257148,16.02572330809447],[-61.73930563081218,16.02520449774519],[-61.73579315584346,16.025255717143764],[-61.73569735292115,16.026122746136647],[-61.73412649056072,16.02621540111961],[-61.73383145534174,16.02704721067341],[-61.7327585509989,16.02697692728513],[-61.73180563144402,16.025382067550083],[-61.731363207720584,16.027042655195253],[-61.730340884744194,16.02702465332918],[-61.73013896362131,16.026215400666704],[-61.72879127258399,16.026043678433506],[-61.72681861941889,16.027113788998008],[-61.72168111664564,16.033082718968565],[-61.72242120949204,16.033249936620315],[-61.722364028141165,16.034456078194015],[-61.721174213846695,16.034524652133413],[-61.720972285531005,16.033906223753533],[-61.718834793606064,16.034894701770227],[-61.719071377941475,16.036908140804364],[-61.71826729710396,16.037048732276794],[-61.7167808366776,16.039552646405575],[-61.71326479006468,16.042363549836455],[-61.71176849308046,16.04014952770183],[-61.714366822461265,16.034462328569806],[-61.714344246279765,16.032416603776156],[-61.71636441773164,16.031416052585282],[-61.7245405235349,16.023097062763785],[-61.72597711941285,16.023116266631167],[-61.72886214175523,16.020806676825824],[-61.73070410876234,16.020385404197224],[-61.72798165469741,16.019256569334736],[-61.7294430163306,16.017625543693274],[-61.72956582379426,16.01669484870228],[-61.73054781322763,16.016215400797375],[-61.73014526502579,16.015960773741064],[-61.73016388060457,16.014111333152393],[-61.732314880968154,16.013969678997476]]],[[[-61.71658787259805,16.03104818001341],[-61.71531186456628,16.03117804517384],[-61.715177584316905,16.029083270365888],[-61.716424568607884,16.028940132108144],[-61.71658787259805,16.03104818001341]]],[[[-61.729425216418534,16.028987856759233],[-61.730718912639766,16.02903170692437],[-61.73079316214026,16.029462981263062],[-61.72931970882156,16.030157554130668],[-61.729425216418534,16.028987856759233]]],[[[-61.73290224667767,16.02808879546364],[-61.73427546289229,16.028082717404406],[-61.73263895854488,16.029131738820826],[-61.73290224667767,16.02808879546364]]]]}},{"type":"Feature","properties":{"feature_id":"AEP_SOFAIA","layer_key":"eau_aep","layer_label":"Eau AEP","economic_unit_id":"AEP_SOFAIA","economic_state":"S3","economic_exposure_eur":37476021.0,"economic_damage_eur":7988023.0,"economic_damage_ratio_pct":21.315,"economic_asset_count":471,"criticality_territory":"guadeloupe","criticality_family":"aep","criticality_scenario":"rp1000","criticality_period_years":"1000","criticality_hazard":"storm_cmcc"},"geometry":{"type":"MultiPolygon","coordinates":[[[[-61.64486434993072,16.31650871649457],[-61.64486435191128,16.317789398147976],[-61.64356776918369,16.317789398000013],[-61.64352703418866,16.31655665110782],[-61.64486434993072,16.31650871649457]]],[[[-61.726018025307106,16.292068065426886],[-61.72655746723995,16.291155399328694],[-61.729584274189385,16.29039481568541],[-61.72977772535165,16.290962456431526],[-61.72662693356725,16.295885027270163],[-61.72658825958849,16.29688150919219],[-61.72579360233347,16.297186911444342],[-61.725754928614634,16.29854817578457],[-61.72496027144378,16.29871539111171],[-61.724905071274634,16.299408135900165],[-61.72428177861361,16.299548724348725],[-61.72343953365018,16.300864471281542],[-61.72325493569446,16.303548175561552],[-61.7216269474272,16.304548723871697],[-61.72148137375253,16.305328744860542],[-61.720530144921746,16.30538205677665],[-61.71905260231403,16.30943306958025],[-61.717806880362275,16.30954872313104],[-61.71648925586736,16.310714570255694],[-61.71476982331775,16.310124301115643],[-61.71346369952633,16.310983236838617],[-61.71387755686561,16.313464517117858],[-61.71150258388227,16.317317888082922],[-61.711552613444546,16.318599735494683],[-61.710793636417385,16.31871538882684],[-61.71059141916524,16.319524642257964],[-61.708293637516014,16.31954872184442],[-61.708120480098536,16.32034470258632],[-61.706626972043864,16.320382054957744],[-61.706469814375005,16.322002108496594],[-61.705793641388546,16.32204872147291],[-61.70562048192939,16.32284470225738],[-61.70458893639263,16.322878857718678],[-61.70403103131948,16.324456069602807],[-61.70246031274004,16.325109707185867],[-61.702460314940645,16.3264160618203],[-61.703197699861896,16.32650871177624],[-61.703293649758336,16.327249395078077],[-61.70495873961614,16.327534718230158],[-61.70460744313315,16.328422519222045],[-61.70269255826747,16.329474015607538],[-61.69985751860281,16.329411285339432],[-61.69718540004857,16.327195210231693],[-61.694825857139016,16.32731292141019],[-61.69268186835129,16.326293248633622],[-61.69111670678117,16.323615734242875],[-61.69171188477324,16.32047612492694],[-61.68928766880958,16.323628040852686],[-61.68531163784457,16.325344700081523],[-61.68513847900327,16.323715385677875],[-61.68440109192088,16.323622734635695],[-61.68430514716206,16.322882052274235],[-61.682840700567155,16.322857972494283],[-61.68263848209234,16.32204871877251],[-61.68117403451579,16.32202463900546],[-61.6809718170228,16.321215385270555],[-61.68021284016352,16.321099733078974],[-61.680138487955766,16.318715385255086],[-61.67847811742516,16.317627436323967],[-61.6789123728846,16.31546863456321],[-61.67647710322794,16.313830203171033],[-61.67462510970108,16.311670932280993],[-61.67337753606421,16.310982391047695],[-61.67251944643477,16.312205239945087],[-61.66954422491261,16.31045403916291],[-61.66668258982795,16.31072126507477],[-61.66571430500926,16.307968030340323],[-61.66811843703487,16.301807176925124],[-61.667625272559164,16.3011052517329],[-61.666217163905735,16.30099188647409],[-61.65770862161626,16.308352177042615],[-61.65761422715425,16.310121869761414],[-61.6564422698272,16.311587159005217],[-61.651872595382116,16.312103619514005],[-61.65148137623627,16.312828737820617],[-61.64869533629864,16.314179030902423],[-61.64621227196205,16.31685713151869],[-61.64528611829948,16.316880830337745],[-61.644767845084345,16.31624208033683],[-61.645624630678554,16.31457111586377],[-61.64746568170216,16.306937543223082],[-61.64733114881231,16.305613020546495],[-61.65013851638544,16.303923917890852],[-61.65111742180503,16.302302710169574],[-61.65292152997502,16.302249400088254],[-61.654305186685626,16.301416066876598],[-61.65445075643359,16.30063604313576],[-61.65569138339875,16.30058273328797],[-61.660138525105104,16.29790667372047],[-61.6602840924192,16.297302709153517],[-61.66263852728536,16.29640222583208],[-61.662784093776004,16.29563604220471],[-61.66387685966222,16.295582731996976],[-61.668328868506904,16.290382051471898],[-61.66765263998756,16.29015754881884],[-61.66764483323182,16.2883373452698],[-61.66930520830719,16.287249398061437],[-61.66930521002432,16.28621538504704],[-61.6690071694341,16.286976914735238],[-61.668293578789914,16.287048718232526],[-61.66817383691696,16.28781024796989],[-61.66713272641615,16.28788205100837],[-61.666805210342375,16.286215384749532],[-61.66634384807978,16.286215384385738],[-61.66765859206419,16.284175563529857],[-61.66967276851179,16.283111125865155],[-61.67206214480482,16.283112063945886],[-61.67407542836121,16.284178086298763],[-61.67444278488393,16.2845487189423],[-61.6732935752333,16.284548718908894],[-61.67319764941358,16.285289401346102],[-61.6724602431847,16.28538205211589],[-61.67246024490173,16.28641606433255],[-61.673197650372764,16.286508713599176],[-61.67329357971792,16.287249397587974],[-61.67481468681217,16.28730270749249],[-61.67496024796627,16.288082730744776],[-61.67680520597255,16.28808273052652],[-61.67700739109981,16.287273475553015],[-61.678799393036336,16.287249396544922],[-61.67912691512613,16.28808273025229],[-61.68160198450196,16.288278003828662],[-61.68157172112721,16.290241466630448],[-61.67996025274125,16.29060187675819],[-61.68168084591116,16.291602606474807],[-61.679588897218565,16.293915215683942],[-61.6765542986931,16.29434056185671],[-61.6766187071334,16.295799124318297],[-61.675988059034495,16.297096131803887],[-61.68313596032224,16.29534173047829],[-61.688457463802045,16.29554378891848],[-61.691111111387954,16.297087012918638],[-61.69306113914508,16.297263015979098],[-61.69329359956594,16.297782140023013],[-61.69507187815648,16.29834850565248],[-61.69361945749329,16.301414262156676],[-61.69189353334954,16.30255767991211],[-61.68829360580295,16.301889957960405],[-61.68817385420117,16.302810249397886],[-61.687068825186735,16.302875974584683],[-61.68665748084353,16.301586464663192],[-61.68025263611499,16.302399254921802],[-61.68171376839831,16.303693827071626],[-61.68211156101462,16.30541403998164],[-61.68145270558343,16.30705777107299],[-61.67985145364718,16.3082169308677],[-61.68314584148684,16.310917670400833],[-61.68536765066824,16.313958407511908],[-61.686483788247585,16.314688877741766],[-61.69180516684838,16.310488430362643],[-61.69192492685986,16.3089878652354],[-61.69347183546998,16.309172772500542],[-61.69358503869497,16.30762759957901],[-61.694555831611375,16.30568172190011],[-61.699190947060465,16.302245010573483],[-61.702196335573746,16.301859105183834],[-61.704365184233104,16.300840060941706],[-61.70944653934912,16.30189326090421],[-61.71127303861155,16.301435604494337],[-61.71512364722095,16.298593380465686],[-61.71600094572702,16.29847550159828],[-61.716734412819235,16.297056829450828],[-61.718193603663586,16.295920068690133],[-61.71943470557517,16.29581830505549],[-61.72014481593997,16.295004010750617],[-61.726018025307106,16.292068065426886]],[[-61.67503693370666,16.297862681338675],[-61.67405998860465,16.29818654774942],[-61.674132903289674,16.298882402912675],[-61.67503693370666,16.297862681338675]],[[-61.69180514588785,16.323082729642884],[-61.691805146221945,16.322882053153016],[-61.69162697446099,16.322882053132197],[-61.69180514588785,16.323082729642884]],[[-61.694705605025426,16.31807892842253],[-61.69329363445799,16.318757412696602],[-61.69329363472071,16.318916062697593],[-61.694283892204375,16.31891606258996],[-61.694705605025426,16.31807892842253]],[[-61.71013848526783,16.318082727390024],[-61.71013848529131,16.318068911586767],[-61.71010766637412,16.318082727404335],[-61.71013848526783,16.318082727390024]],[[-61.71733480361236,16.302094735310018],[-61.71891871453218,16.301247162073537],[-61.7193916972085,16.300083385835823],[-61.71733480361236,16.302094735310018]]],[[[-61.65986432669659,16.29567538154031],[-61.65986432867431,16.296956066603155],[-61.65856779230027,16.2969560664568],[-61.65851053679391,16.29574994272864],[-61.65986432669659,16.29567538154031]]],[[[-61.67819768703019,16.317342047024418],[-61.67819768901085,16.318622734278065],[-61.677134844640754,16.318715384512302],[-61.67692491928209,16.317321200085424],[-61.67819768703019,16.317342047024418]]],[[[-61.68069765099204,16.286508712972392],[-61.6806976529685,16.287789401911457],[-61.67940113450555,16.287789401767366],[-61.67934388121151,16.286583274804947],[-61.68069765099204,16.286508712972392]]],[[[-61.68264482977803,16.289294103361296],[-61.68263853907313,16.287775909395027],[-61.683424041494476,16.289548719954656],[-61.68264482977803,16.289294103361296]]],[[[-61.71126728580989,16.320584250087894],[-61.713204360467756,16.320682480451612],[-61.7109718125324,16.321654763854834],[-61.71126728580989,16.320584250087894]]]]}},{"type":"Feature","properties":{"feature_id":"AEP_SOLITUDE","layer_key":"eau_aep","layer_label":"Eau AEP","economic_unit_id":"AEP_SOLITUDE","economic_state":"S3","economic_exposure_eur":23958428.0,"economic_damage_eur":5106745.0,"economic_damage_ratio_pct":21.315,"economic_asset_count":196,"criticality_territory":"guadeloupe","criticality_family":"aep","criticality_scenario":"rp1000","criticality_period_years":"1000","criticality_hazard":"storm_cmcc"},"geometry":{"type":"Polygon","coordinates":[[[-61.76263845983175,16.32954872765019],[-61.76186033717769,16.329408137547166],[-61.76180512798509,16.328715394252416],[-61.76136330554978,16.329542648687323],[-61.75956881457001,16.32954264849016],[-61.759305127585215,16.329123992079634],[-61.758148065763244,16.330328747584623],[-61.75687589979132,16.330382060275834],[-61.75398140116056,16.332828747129003],[-61.75329366482059,16.33288205983633],[-61.75321930303013,16.33359973814833],[-61.75246033287806,16.333771634076317],[-61.752405123415926,16.33524147022904],[-61.75128961474265,16.33538205915629],[-61.74822782127635,16.339593657470537],[-61.74785418131233,16.341282222655572],[-61.74971793355889,16.345646036892486],[-61.748931151477045,16.349232140311358],[-61.75279562922914,16.35037062816856],[-61.75392335470639,16.352444637542295],[-61.75991105262549,16.35318096756592],[-61.76453166959822,16.35229727734671],[-61.765256111262055,16.352708752657946],[-61.76535450426049,16.35359841329835],[-61.76473637920695,16.354148300223297],[-61.76016546186878,16.35506785476143],[-61.749269218403676,16.35635024874404],[-61.74485330468847,16.35808272438187],[-61.74576876563596,16.358278001509007],[-61.74579213161286,16.36009673004154],[-61.74463272610421,16.360382057561953],[-61.7444909660131,16.358114281427973],[-61.742460371121126,16.357383430627873],[-61.74162703853486,16.35788205770114],[-61.741481424338374,16.358662078568454],[-61.74037094890287,16.35870176910485],[-61.74013841732816,16.356644729609243],[-61.73296605948417,16.35704872302581],[-61.73263841896976,16.356215390076397],[-61.730793701212754,16.356224254547502],[-61.730591443909354,16.35702464320694],[-61.728617364972486,16.356995410720756],[-61.72847175280891,16.35621538960416],[-61.727677107063506,16.356048174805704],[-61.727638422357934,16.354548722898215],[-61.726901051816036,16.354456070682872],[-61.72680509050177,16.353724358887426],[-61.72187946415154,16.35109973546997],[-61.72180509767798,16.349786900282826],[-61.71762498668492,16.34591314468783],[-61.71682290877811,16.343320350800205],[-61.71224196462369,16.338433119006208],[-61.71170109470735,16.337236284908425],[-61.71025822857955,16.336976917113077],[-61.71013845511412,16.33618885676939],[-61.70860122434736,16.334548721288414],[-61.707734410413025,16.334456069623762],[-61.70750340068539,16.33371538796423],[-61.707227825294865,16.334535099601933],[-61.704424898354596,16.33447691665893],[-61.70430513078903,16.331215387663686],[-61.702460326368765,16.333286899722083],[-61.70141045404047,16.332703076285185],[-61.69989023067535,16.33104091024984],[-61.69936097935223,16.328883033070706],[-61.70019117522785,16.32635793859578],[-61.70246031201943,16.324660560369782],[-61.702460314940645,16.3264160618203],[-61.703197699861896,16.32650871177624],[-61.703293649758336,16.327249395078077],[-61.70481472566908,16.32730270538085],[-61.70496031785649,16.32799184189938],[-61.706235484561525,16.327255472417914],[-61.70995182647688,16.32684247978522],[-61.71013847011873,16.327183430976657],[-61.71031163626805,16.326453412163225],[-61.711424756010885,16.326440139397487],[-61.71162069144944,16.328460770392034],[-61.71097710340196,16.328715388514276],[-61.71318066004192,16.332740573603814],[-61.71449840566928,16.333944228383597],[-61.718120490490534,16.333953411520696],[-61.718292688150186,16.335918274899154],[-61.720639025225864,16.337099613618143],[-61.72167283003761,16.337031678585863],[-61.72434371689948,16.33902755509922],[-61.72788253465078,16.33912308262762],[-61.72863482180805,16.339792610127347],[-61.72975809860181,16.33977347110172],[-61.73007573852382,16.341074991134377],[-61.733672572589704,16.340357316267692],[-61.73348588756825,16.33914056407442],[-61.73430511428434,16.338916058490693],[-61.734507356407065,16.337273470556873],[-61.737998170923696,16.337250914141393],[-61.73829367106248,16.337647902990053],[-61.74104615137165,16.334031710603206],[-61.74263845678088,16.33281128229013],[-61.74271282217431,16.330698377102692],[-61.74430512696324,16.330582723821273],[-61.74576815390916,16.327131050878815],[-61.748572278499196,16.32738774876218],[-61.7504021503097,16.32642213414438],[-61.753542182398256,16.326587358470807],[-61.75688426069615,16.325486258231383],[-61.759034063529604,16.326515237955196],[-61.7601622518418,16.32647908711259],[-61.760420639594734,16.32724938830036],[-61.760971797192035,16.32724938854719],[-61.761144966597485,16.32645340710109],[-61.76263846504886,16.326416055008522],[-61.76278405904074,16.325636033250262],[-61.76386330316103,16.325588799322713],[-61.764247128695914,16.328258182278027],[-61.76296605936579,16.33038206059933],[-61.76263845983175,16.32954872765019]],[[-61.72374612434332,16.344686046265796],[-61.72318954100602,16.343263885599537],[-61.72260500905772,16.344092595753143],[-61.72374612434332,16.344686046265796]],[[-61.73960061340318,16.34538053420214],[-61.73930510362195,16.344941100189562],[-61.738436744878754,16.34558410329193],[-61.73590689224117,16.349674966774508],[-61.742155613476456,16.350773608746493],[-61.743387609287105,16.345615899381176],[-61.74308221411114,16.342782011137423],[-61.74355659389923,16.341063038017943],[-61.74079368168469,16.343838817563018],[-61.74078738861026,16.345127437543027],[-61.73960061340318,16.34538053420214]]]}},{"type":"Feature","properties":{"feature_id":"AEP_UPEPPERR","layer_key":"eau_aep","layer_label":"Eau AEP","economic_unit_id":"AEP_UPEPPERR","economic_state":"S3","economic_exposure_eur":64256350.0,"economic_damage_eur":13696258.0,"economic_damage_ratio_pct":21.315,"economic_asset_count":1156,"criticality_territory":"guadeloupe","criticality_family":"aep","criticality_scenario":"rp1000","criticality_period_years":"1000","criticality_hazard":"storm_cmcc"},"geometry":{"type":"MultiPolygon","coordinates":[[[[-61.507227799565904,16.29726303821707],[-61.50746024337354,16.298051176741403],[-61.50869647020977,16.297801273450833],[-61.50865336471719,16.296743936604024],[-61.50184387173414,16.29717220985126],[-61.50017297459298,16.29671124545152],[-61.495933085882434,16.296761944932378],[-61.49433655574328,16.29991894498647],[-61.494215224086204,16.303082753992527],[-61.49562045366969,16.30312010193645],[-61.495828218546784,16.30391608712271],[-61.495523683986285,16.30735455901598],[-61.494405627306044,16.30924356307888],[-61.4877342618971,16.312339321024638],[-61.48510625104594,16.31200483864163],[-61.48324489599366,16.310582755614938],[-61.485138527832824,16.310582755384736],[-61.48523446116846,16.309842064224114],[-61.48597186243233,16.309749421917946],[-61.48603610459497,16.30737822468692],[-61.48514011689743,16.303368054396636],[-61.4879760857486,16.303305443267718],[-61.48779682421356,16.30121536137802],[-61.48662691248606,16.301215361346028],[-61.48642157029138,16.302025709114154],[-61.48598926706054,16.29829837816925],[-61.48763854825807,16.298082754735965],[-61.487662254014765,16.29744798827524],[-61.486326634353645,16.296397410893277],[-61.48324301686735,16.296840313272554],[-61.48246023555633,16.29538202763998],[-61.48236431181105,16.296122717271444],[-61.481626903494195,16.296215360832985],[-61.481588233884,16.29771482811448],[-61.48097585719387,16.297882027354948],[-61.47763855433214,16.295292986118394],[-61.477638555574906,16.294548693679275],[-61.47698336994706,16.294548693439886],[-61.476169132180786,16.29198159951073],[-61.47677763635313,16.28975010048789],[-61.478674255276374,16.28796201583177],[-61.48090232693399,16.287427235497788],[-61.48318687550878,16.288001094345226],[-61.484584051992556,16.287347221520502],[-61.48428199166112,16.28531030588978],[-61.48479363837643,16.283599906307913],[-61.487736012377965,16.28088420262718],[-61.48721309844313,16.280582754110178],[-61.48763857732691,16.280582754301285],[-61.48763857904344,16.27954869552665],[-61.48690116289409,16.279456051404342],[-61.48680524721331,16.278715362107995],[-61.48608961168372,16.27954869523485],[-61.48517738203289,16.27735837691759],[-61.48624733422878,16.272700641214776],[-61.487362949130386,16.27094389690106],[-61.48640720649989,16.268486562512052],[-61.486477937179934,16.266329010090175],[-61.48430526974776,16.26534884764008],[-61.48450741582492,16.264773497596092],[-61.48597193716996,16.264749420800467],[-61.48597194164793,16.26204869587466],[-61.48519379416255,16.261908119999674],[-61.48513861022275,16.26095339911071],[-61.48374153151771,16.260382028675313],[-61.482734519139015,16.26028938480588],[-61.48292543554786,16.25871536192272],[-61.481924997556106,16.258643563710205],[-61.48097195065759,16.25704869536074],[-61.479507420104774,16.257024617372473],[-61.47912683677043,16.25621536180405],[-61.47912683855062,16.257290905545506],[-61.477895202307806,16.25500795534413],[-61.47837896655157,16.251880772179685],[-61.478924697703675,16.25144016465064],[-61.47930529218461,16.25224942139468],[-61.480234531134414,16.250675397070054],[-61.48097196137137,16.250582754460343],[-61.4809719627179,16.24976928417159],[-61.486793293954634,16.24921756640671],[-61.490535117442434,16.250939919703548],[-61.492377960410764,16.253337947564376],[-61.492705455667,16.257786312952188],[-61.49494234029491,16.258148157912306],[-61.49882145486577,16.255836157783207],[-61.50248904034098,16.25472004187165],[-61.50579350636803,16.255818192913118],[-61.50559137015322,16.25702462063011],[-61.50246017464923,16.257048698257204],[-61.50398131412161,16.257302724794034],[-61.50412684325381,16.258082751526786],[-61.50763861178883,16.258082751057877],[-61.50769799686652,16.25676752578574],[-61.50908865047773,16.25658425206578],[-61.509126842543424,16.257249417505474],[-61.50937147222353,16.256542324071418],[-61.51158586124678,16.256791917509798],[-61.51341561808081,16.25797511593751],[-61.514545024327575,16.2600358816542],[-61.5164346644298,16.261477309294108],[-61.51742167209789,16.262882033371877],[-61.516860455903384,16.262741455673627],[-61.51680527058283,16.262048700003913],[-61.51642470771515,16.262857955116583],[-61.51450741440264,16.262857954870643],[-61.51430527093619,16.262048699672278],[-61.51278413558556,16.26199539128341],[-61.51162684807029,16.260382032704317],[-61.51162685092609,16.26210359131387],[-61.51379864792547,16.26405924485475],[-61.51470302562406,16.265917422318708],[-61.514326425147615,16.26641608369822],[-61.51829352611874,16.266732390912374],[-61.51770625165092,16.268282272322924],[-61.515764705482866,16.270571181945233],[-61.5161596539938,16.272882032733904],[-61.51523450116009,16.272789387583977],[-61.514305255734,16.27121536603833],[-61.513381708132755,16.271215365934484],[-61.51328724833585,16.275960766110803],[-61.511943796015885,16.280469935126806],[-61.51457021757761,16.2888771004184],[-61.514585098399685,16.291367909254312],[-61.515424375439025,16.291219041832303],[-61.516166949111046,16.29325499797808],[-61.51693890382177,16.29380965159249],[-61.517531021208626,16.297997605801392],[-61.51984050225576,16.29815454823866],[-61.51995867130072,16.300096727759243],[-61.51829358202676,16.300382032276186],[-61.51821923923073,16.301099720716152],[-61.51746024996784,16.30121536547181],[-61.51695739310045,16.30204869859211],[-61.51696704877037,16.303082750806258],[-61.51745867637398,16.303368053864784],[-61.51746025861529,16.306416084287594],[-61.51829201533393,16.306701387183374],[-61.51722152434383,16.30765121730621],[-61.51734514101361,16.30871536513014],[-61.51611742559659,16.30866205701112],[-61.51513852942913,16.307048698305778],[-61.514390985511184,16.306945246514392],[-61.51412692760963,16.308082751437684],[-61.51567384579088,16.308154548848126],[-61.51575492170721,16.30938149673467],[-61.514960263492455,16.309548698199983],[-61.51395379525426,16.311178014948695],[-61.51217045423716,16.311215364120212],[-61.511425497803096,16.31381077699401],[-61.51076581686883,16.314313355777603],[-61.50969306860635,16.313860658936758],[-61.50960874867528,16.312629632217817],[-61.506642889368464,16.307420258630437],[-61.504126924231805,16.306866320279106],[-61.50395379203006,16.307844680539137],[-61.502652633472536,16.30765754254268],[-61.50269373070086,16.306556660961885],[-61.503558347526386,16.30641608608298],[-61.50542419377686,16.299532868464635],[-61.50620331229195,16.29871536383303],[-61.50521288739763,16.298599719625138],[-61.50517721936576,16.297416618572083],[-61.507227799565904,16.29726303821707]],[[-61.47847189260794,16.292249422499935],[-61.47847189294143,16.292048693874552],[-61.47829356278206,16.292048693850315],[-61.47847189260794,16.292249422499935]],[[-61.48829353127333,16.272249420672647],[-61.48930525758364,16.272249420536028],[-61.48903244080308,16.27038202928779],[-61.48746019472878,16.270382029136282],[-61.48812042776321,16.270620102132142],[-61.48829353127333,16.272249420672647]],[[-61.48829355202105,16.284749420982926],[-61.48847190362242,16.284749420958843],[-61.48847190533946,16.283715362169293],[-61.48746021685746,16.28371536203262],[-61.48829355202105,16.284749420982926]],[[-61.49079359252404,16.308916087912866],[-61.49180519631315,16.30891608777655],[-61.491805199419076,16.307048695186722],[-61.49162063176977,16.308460765232475],[-61.49079359252404,16.308916087912866]],[[-61.49975456951555,16.288189021490794],[-61.499664829024944,16.28954717326751],[-61.49864501147309,16.289511347102064],[-61.49807247450615,16.28871536308879],[-61.49816118510258,16.290661791536536],[-61.5082909888637,16.29067233755643],[-61.50782775987692,16.28613990030906],[-61.508245936686976,16.283641124090558],[-61.50396035539106,16.284113603072818],[-61.503219219496614,16.286933053100018],[-61.50162132936848,16.286675447539384],[-61.50162689295334,16.28824777382663],[-61.49975456951555,16.288189021490794]],[[-61.51496019566688,16.268715366207253],[-61.51496019599981,16.268916083686186],[-61.51513859276359,16.268916083662514],[-61.51496019566688,16.268715366207253]],[[-61.515099480252395,16.305582751259266],[-61.51513853186704,16.305582751241218],[-61.51513853199404,16.305507650779514],[-61.515099480252395,16.305582751259266]]],[[[-61.484088181724516,16.261881495571394],[-61.48329351367505,16.26204869551195],[-61.483197606098265,16.26278938483071],[-61.482460181609724,16.262882028705025],[-61.48246018332763,16.263918174190806],[-61.481998270398,16.263791911026544],[-61.48047491036137,16.262962919896378],[-61.47950457598606,16.261881506972678],[-61.47882652111733,16.25891737517232],[-61.479126842627934,16.25974942160474],[-61.479537675554404,16.258929707554078],[-61.48155251442434,16.25903172990172],[-61.48161274377941,16.260157542398595],[-61.48079351057097,16.260382028560727],[-61.48079351228521,16.26141608808631],[-61.48120434134449,16.260596374043335],[-61.48231464893246,16.260636060619508],[-61.482460179179306,16.261416087860166],[-61.482811702654615,16.260620102569362],[-61.48395375302096,16.26062010241563],[-61.484088181724516,16.261881495571394]],[[-61.48013860915663,16.26204869508389],[-61.479960179886845,16.262048695059654],[-61.47996018021963,16.26224942155347],[-61.48013860915663,16.26204869508389]],[[-61.48097194065504,16.263082754770075],[-61.48097194098784,16.262882028503096],[-61.48079351471563,16.26288202847888],[-61.48097194065504,16.263082754770075]]],[[[-61.50043395979106,16.289547173369378],[-61.50013856135672,16.289110710229096],[-61.501222765670626,16.289107988911727],[-61.501626894565376,16.289232390936885],[-61.50043395979106,16.289547173369378]]],[[[-61.50763851490763,16.316416085841567],[-61.50781165850745,16.314786767431418],[-61.51056114146686,16.31476303820555],[-61.5107936063086,16.31558275206738],[-61.51161283602911,16.315807238478467],[-61.511612839048766,16.317657542854906],[-61.50913286340795,16.317742852911227],[-61.50703764661198,16.316429705366932],[-61.50763851490763,16.316416085841567]]],[[[-61.51514486689862,16.280004015672194],[-61.51577983754334,16.279749417173804],[-61.51607382612428,16.281215365877298],[-61.51546606035411,16.281215365472555],[-61.51514486689862,16.280004015672194]]],[[[-61.519052575862,16.303599720730233],[-61.517758280199175,16.303643566239828],[-61.5177128815504,16.30236506082813],[-61.51895378777582,16.302286765841526],[-61.519052575862,16.303599720730233]]]]}},{"type":"Feature","properties":{"feature_id":"AEP_VANIBEL","layer_key":"eau_aep","layer_label":"Eau AEP","economic_unit_id":"AEP_VANIBEL","economic_state":"S3","economic_exposure_eur":18906625.0,"economic_damage_eur":4029952.0,"economic_damage_ratio_pct":21.315,"economic_asset_count":153,"criticality_territory":"guadeloupe","criticality_family":"aep","criticality_scenario":"rp1000","criticality_period_years":"1000","criticality_hazard":"storm_cmcc"},"geometry":{"type":"MultiPolygon","coordinates":[[[[-61.73079319356349,16.04871540000524],[-61.73242123328292,16.04908326956729],[-61.73225791740262,16.05119131946803],[-61.73037109667659,16.051201777789387],[-61.73013892418531,16.050382066542983],[-61.72939523700157,16.050282829104383],[-61.732061301788136,16.04641605117285],[-61.73245985802533,16.04724938474102],[-61.73284087340984,16.046440130779054],[-61.73408789651514,16.046583269454363],[-61.73410162416275,16.047686783665082],[-61.73329319248624,16.047882066983078],[-61.73325456612242,16.04854818060296],[-61.73079319356349,16.04871540000524]]],[[[-61.73104650941269,16.054031707298492],[-61.73234026331147,16.053987856930686],[-61.73238561291838,16.055266409568247],[-61.731145178356854,16.05534471272814],[-61.73104650941269,16.054031707298492]]],[[[-61.75297699067173,16.03788154985189],[-61.75408788769051,16.039083268322802],[-61.754959851030144,16.0414160487314],[-61.75642457804427,16.04144012820712],[-61.75662651924239,16.042249381899648],[-61.75738559841423,16.042365038544396],[-61.75745985538893,16.043916048514845],[-61.75823805768397,16.044056640368865],[-61.758293191535735,16.04558271513013],[-61.75903071016872,16.045675369340888],[-61.759126526322135,16.046416048391475],[-61.759956428025795,16.04558271494381],[-61.75763892314175,16.048992101824975],[-61.756830492322685,16.04852011789611],[-61.756805593085026,16.04704873631982],[-61.75487850199593,16.047048736055633],[-61.75526380341592,16.050705562321518],[-61.755981018141995,16.05249443082583],[-61.75763891782578,16.05224938203491],[-61.75769405339422,16.050723307198734],[-61.758879366877515,16.05059270552593],[-61.759126535848495,16.05224938186948],[-61.75992948779818,16.052249381765428],[-61.760184762846734,16.053965149702123],[-61.75904820634962,16.05796968542421],[-61.75639005635164,16.060118510169158],[-61.755258514728034,16.060310261700472],[-61.75514048206653,16.059201384745837],[-61.75763890693368,16.058916048866973],[-61.75763891134666,16.056215402778953],[-61.75690139755016,16.056122747055575],[-61.75680557947411,16.055382069380173],[-61.7557868281753,16.055382069263946],[-61.75573807518084,16.05690814270735],[-61.75461674721566,16.05704873539215],[-61.75324671640569,16.059215782742832],[-61.749209000323184,16.059147673444045],[-61.747488550729805,16.05996213654068],[-61.750861021205075,16.059658538197947],[-61.75242888719137,16.060582716140658],[-61.754827462294024,16.060645335613533],[-61.75488562432741,16.062766411006784],[-61.75412655266705,16.062882068835833],[-61.75395361618903,16.063678048095994],[-61.752459887176876,16.063715401955786],[-61.75234027615707,16.064476928032594],[-61.75147848498134,16.06454873503899],[-61.752392304252275,16.068082716307142],[-61.756803989468644,16.06809622068878],[-61.756746867546006,16.070313200841717],[-61.75545723635267,16.072397138333884],[-61.75643617564678,16.07538206851908],[-61.755311828186805,16.07534471453884],[-61.75495990517205,16.074548735212975],[-61.75398116571954,16.076162087687045],[-61.75245990762038,16.076215401546005],[-61.75245990931224,16.077249383232818],[-61.75392460035305,16.077273462607238],[-61.75430554265433,16.07808271638085],[-61.75437981106325,16.077365039297092],[-61.75513887725187,16.07724938293389],[-61.755213145373034,16.076531705892915],[-61.7559722118494,16.076416049487005],[-61.756423770815,16.075582715901696],[-61.755966932050065,16.077180491309182],[-61.75385870354687,16.07925369048969],[-61.75284085083001,16.07952465406613],[-61.75245991171125,16.078715401464027],[-61.75234029172263,16.079476927638268],[-61.75129939275645,16.07954873425317],[-61.75097221004776,16.077882067991744],[-61.747146043340365,16.0780508589511],[-61.744959907771275,16.076830965953505],[-61.74478695998124,16.077844713440637],[-61.74290222941373,16.077875988168728],[-61.7426775129229,16.07658326934217],[-61.74377280664162,16.07641605051556],[-61.74123556332368,16.0762093213717],[-61.74097221525119,16.075437155958245],[-61.73956572334813,16.07541149760466],[-61.73942479525583,16.07421512429927],[-61.74083421304761,16.07342225149915],[-61.74370578710586,16.069405802269113],[-61.74202872485688,16.063942583795964],[-61.74025232941452,16.059838249098227],[-61.73934197638371,16.058845349137677],[-61.736067026171156,16.057048733603438],[-61.734126540887424,16.057048733444212],[-61.73398114785142,16.05782875299605],[-61.73284086536062,16.057857985982597],[-61.732638912990794,16.05704873327547],[-61.73184420896657,16.05688151365504],[-61.731805581605734,16.055899058531875],[-61.73303794052755,16.054749384602374],[-61.732525449267484,16.054089409789295],[-61.7326638263244,16.04994466662662],[-61.733472258147025,16.04974938468807],[-61.73364518392791,16.0489534038387],[-61.73470966266555,16.048916050943117],[-61.73515301841229,16.044973896061567],[-61.73597226600837,16.0447493842809],[-61.735997170596875,16.042444666429585],[-61.73763893791464,16.04141605067645],[-61.73766384084657,16.03994466633995],[-61.73847227419482,16.039548734508827],[-61.736626512592956,16.039548734300112],[-61.736530702661085,16.04028941252527],[-61.73579318052544,16.040382067511846],[-61.73573805296011,16.0419081417596],[-61.73412651775071,16.042882067241212],[-61.73407138953091,16.044408141604727],[-61.73329318704375,16.044548733758827],[-61.73312026767629,16.04534471323405],[-61.73223707885551,16.045382066736114],[-61.73263450100629,16.043341243642335],[-61.73458372365706,16.039661335745738],[-61.737401962934115,16.037244034851803],[-61.73756577686859,16.03520691303058],[-61.73876547504976,16.0333169550984],[-61.74119510595753,16.03209284918383],[-61.74245983431778,16.032031022318527],[-61.742459836033994,16.033082716592684],[-61.74284088176966,16.032273462748584],[-61.744110325103826,16.0324682426165],[-61.74412650288798,16.03308271640507],[-61.74495983679983,16.033399058524868],[-61.74490471030359,16.034408142483976],[-61.74412650527951,16.03454873530991],[-61.74412650928032,16.037002251516565],[-61.74663827204403,16.036690155376974],[-61.74714014867343,16.037656438541383],[-61.74840920454916,16.03777466623471],[-61.7482211741408,16.036493457964824],[-61.751791803911715,16.035681719655813],[-61.75218743002171,16.03641604863015],[-61.75299812242241,16.036417571660525],[-61.75297699067173,16.03788154985189]],[[-61.742354482533564,16.04914260973572],[-61.74263892477246,16.049088588877883],[-61.74251038537258,16.048948038214967],[-61.742354482533564,16.04914260973572]],[[-61.743293170493104,16.033715401910065],[-61.74329317082042,16.033916049852817],[-61.74347228278224,16.03391604983265],[-61.743293170493104,16.033715401910065]],[[-61.745887668590036,16.060383676314377],[-61.745670727596234,16.060382260144543],[-61.74568911218977,16.060507818989404],[-61.745887668590036,16.060383676314377]],[[-61.74889766638627,16.066796065681224],[-61.74882468586467,16.066868674899055],[-61.749009044469524,16.066829771685388],[-61.74889766638627,16.066796065681224]],[[-61.751626552716324,16.06308271630757],[-61.75180556748631,16.06308271628756],[-61.75180556927251,16.061988160106342],[-61.751626552716324,16.06308271630757]],[[-61.752677519074275,16.07158326876556],[-61.75347222065559,16.07121540182299],[-61.75273471390048,16.071122746361226],[-61.75254570777163,16.070382068432195],[-61.75237138126264,16.073082716417222],[-61.752677519074275,16.07158326876556]]],[[[-61.74812025946597,16.033678048402177],[-61.74765273225593,16.033715402393778],[-61.7482931700009,16.03306959894751],[-61.74812025946597,16.033678048402177]]],[[[-61.75206889636799,16.079755461263904],[-61.75284790191193,16.079749383061973],[-61.75180553938154,16.080260545120957],[-61.75206889636799,16.079755461263904]]],[[[-61.75495989154266,16.066215402152856],[-61.75472769854179,16.06703511325321],[-61.75348631539767,16.066824221135303],[-61.753510860732405,16.065749935332615],[-61.754305563100516,16.065582716070445],[-61.75453775702105,16.064763003761108],[-61.755718961944225,16.06609974432471],[-61.75495989154266,16.066215402152856]]]]}},{"type":"Feature","properties":{"feature_id":"AEP_VERNOU__P1","layer_key":"eau_aep","layer_label":"Eau AEP","economic_unit_id":"AEP_VERNOU__P1","economic_state":"S3","economic_exposure_eur":43143813.0,"economic_damage_eur":9196115.0,"economic_damage_ratio_pct":21.315,"economic_asset_count":374,"criticality_territory":"guadeloupe","criticality_family":"aep","criticality_scenario":"rp1000","criticality_period_years":"1000","criticality_hazard":"storm_cmcc"},"geometry":{"type":"MultiPolygon","coordinates":[[[[-61.596830244125826,16.22435344132911],[-61.597272629669206,16.222249405074734],[-61.598268541028375,16.222444673904548],[-61.598238288689764,16.224408128995528],[-61.596830244125826,16.22435344132911]]],[[[-61.666446063142416,16.172014857861125],[-61.6647264959588,16.17204872136851],[-61.66468615578605,16.17338804756509],[-61.6620798201465,16.177191653149467],[-61.661588081419175,16.179381507696107],[-61.66084471603418,16.17954872089951],[-61.65746008045502,16.188132027534422],[-61.65746009359006,16.19609732969531],[-61.65827933151189,16.19664056591175],[-61.658291854468665,16.19843006349386],[-61.65746009791826,16.1987153865151],[-61.65731460560795,16.19949540825718],[-61.656574291977485,16.199548719686113],[-61.655158548467924,16.203916064327082],[-61.65575478321196,16.204083275271746],[-61.65577934475042,16.20515754954371],[-61.654960108622916,16.205382052662163],[-61.65645372019905,16.205620081794567],[-61.65662677719767,16.20641606422222],[-61.657446013879785,16.20664056598444],[-61.65746011338362,16.208082730830373],[-61.65785634621652,16.20808273057971],[-61.65646569069088,16.21011856877677],[-61.653899894528784,16.21120834964213],[-61.65174864422291,16.213200486721608],[-61.64763866577204,16.21398537510207],[-61.64573096525257,16.213606612055095],[-61.6436856979156,16.212269470443694],[-61.645138670343734,16.21141606573269],[-61.645166138227125,16.21077280428288],[-61.64412678280723,16.21073406204211],[-61.64389443095984,16.21203509632459],[-61.64279020776979,16.212112223219968],[-61.641189472722985,16.2113501353917],[-61.63935227341313,16.212728186517094],[-61.63931943599746,16.210807233386273],[-61.6401386723684,16.21058273298542],[-61.64014950031344,16.20998651430866],[-61.636626786308256,16.213418208225583],[-61.63650709167801,16.21531024693707],[-61.63528416903254,16.21532873890749],[-61.635138666656765,16.214428929590945],[-61.634126788310105,16.214797836684195],[-61.634112692694195,16.21599088198119],[-61.63329345721961,16.21621538301261],[-61.63329345892837,16.21724940065258],[-61.63370435604798,16.21642968751777],[-61.63653087243782,16.216416066841337],[-61.63414567740361,16.219415392093914],[-61.63246012929313,16.219548716134508],[-61.63244603505863,16.22182421518307],[-61.6316267999902,16.2220487159504],[-61.63162680109963,16.22272672345721],[-61.62855568781208,16.224088116513354],[-61.62513930011114,16.223915762096286],[-61.6239198854662,16.22543589745613],[-61.622303512035394,16.22629108821458],[-61.61976543731755,16.22666753354233],[-61.61796181288576,16.226337041866767],[-61.615442965315445,16.228166957390513],[-61.61031200377983,16.2285313992299],[-61.60768894267538,16.229366141118366],[-61.605138646072554,16.229256764422477],[-61.60528416020865,16.228136046686778],[-61.606805314489705,16.228082737523636],[-61.6068053175779,16.226215379416065],[-61.602183879569274,16.226933386651417],[-61.600591656863465,16.22782736292049],[-61.599514826116135,16.2272212702434],[-61.60097198915535,16.22371537877012],[-61.59950743453907,16.2236912995336],[-61.598471992244775,16.22204871184522],[-61.59731790391882,16.222048711593043],[-61.59904481628117,16.21950855831029],[-61.60105995559445,16.218651993673948],[-61.60329345775,16.218783368661573],[-61.60329346072228,16.220582737774897],[-61.605413455484005,16.22165914796202],[-61.61234808371971,16.22084290784622],[-61.614953097796395,16.21848834745221],[-61.619319854296926,16.218150527508417],[-61.621259941507745,16.216396811946495],[-61.620951773742625,16.21438267788242],[-61.622248911230585,16.211242157574674],[-61.61831912426933,16.213505465632945],[-61.61650186294966,16.213659341806274],[-61.612077763939126,16.210786464870615],[-61.611166750158354,16.20858146977383],[-61.610744881396215,16.20856413611004],[-61.609960108613095,16.208715380383328],[-61.61076852211447,16.209111339881122],[-61.610719132004334,16.21026639693862],[-61.60915274920771,16.210499237754956],[-61.607787299174795,16.212048713222416],[-61.60686051553903,16.211908129788725],[-61.60680534342665,16.210575782912585],[-61.60639442932439,16.211201758606354],[-61.6041267787257,16.21124204223421],[-61.60386326440276,16.212042634320152],[-61.60278417452886,16.211995402330718],[-61.602460111805264,16.211215379366575],[-61.60243724338975,16.212242822498936],[-61.60068800039979,16.210320082080838],[-61.6002831769306,16.20897009764946],[-61.6009720136115,16.208916071108167],[-61.60097201531931,16.207882045956595],[-61.600299274969736,16.207697619406403],[-61.60235746197342,16.201661134348367],[-61.6042717133614,16.19930597416712],[-61.606443659244626,16.198346184188953],[-61.60917902083261,16.19857840978778],[-61.61052992476972,16.195588813786053],[-61.61079185005296,16.19926339625469],[-61.60996009347801,16.199548714017542],[-61.60996009468115,16.200281482677486],[-61.61204707567756,16.19871538073166],[-61.61097202961104,16.198399057857063],[-61.61098612860908,16.196640567669874],[-61.6118053661409,16.196416069447384],[-61.611925052616314,16.195654537271032],[-61.613472033962026,16.195582735886557],[-61.613591720012934,16.19482120376262],[-61.61463272662935,16.19474940199888],[-61.614960087554806,16.195582735702143],[-61.61567751935649,16.195657850654932],[-61.61880846722499,16.194028089113644],[-61.62441191785024,16.190495787834823],[-61.62597204302701,16.18908193089139],[-61.626235531795935,16.188088811703302],[-61.63005710577417,16.188596541586605],[-61.62962999918996,16.19132281831178],[-61.626746879977084,16.193810889335357],[-61.6281844355417,16.194944405909368],[-61.63378240379167,16.19200475898448],[-61.632079759466855,16.188064395352036],[-61.63427973826204,16.18768837455905],[-61.635159354275956,16.187014266850458],[-61.636018816560764,16.18737430422782],[-61.63856797328378,16.186889904945204],[-61.6394803779101,16.187431542529428],[-61.640661329464336,16.18649209339383],[-61.6442132586435,16.185582731886935],[-61.646778445077715,16.183960097516966],[-61.64730654078823,16.184074749166786],[-61.65013871952133,16.181223370540508],[-61.650234597262894,16.17984204715645],[-61.650972055176524,16.179749397572177],[-61.651174127676235,16.178940142606287],[-61.65243039750384,16.17891606402772],[-61.659305401099516,16.171457897343693],[-61.65937970390618,16.16903171424805],[-61.66013873851493,16.168916062866977],[-61.66034080069987,16.1681068080093],[-61.66180540634079,16.168082729313284],[-61.661860570870964,16.167389981414367],[-61.66263874093996,16.167249395859493],[-61.6631094441818,16.166186134154987],[-61.66407953438751,16.165915677125778],[-61.664756932231555,16.16652552438974],[-61.66461350123851,16.16751279704995],[-61.6657698004364,16.17009726965621],[-61.66523828396125,16.17058272889999],[-61.66636325121357,16.170588806510438],[-61.666446063142416,16.172014857861125]],[[-61.60430536059152,16.20038204661921],[-61.604126760791594,16.200382046596918],[-61.60412676112287,16.200582737173463],[-61.60430536059152,16.20038204661921]],[[-61.6051386924383,16.201215380029172],[-61.60496009560481,16.201215380006897],[-61.60496009593611,16.20141607042352],[-61.6051386924383,16.201215380029172]],[[-61.613293472992645,16.227249403363338],[-61.61347198165046,16.22724940334121],[-61.61347198336044,16.226215380244405],[-61.613293472992645,16.227249403363338]],[[-61.61930531972551,16.2239160692033],[-61.61930532005732,16.223715381048134],[-61.61912680120576,16.223715381026096],[-61.61930531972551,16.2239160692033]],[[-61.624305323200915,16.22141606852495],[-61.624305323532674,16.221215381746365],[-61.624126797792066,16.22127581962278],[-61.624305323200915,16.22141606852495]],[[-61.64138884392401,16.19701460733018],[-61.64004012402739,16.195703663469207],[-61.634145556090125,16.19862564591241],[-61.63438369252629,16.200420546996106],[-61.63317976262361,16.203993138050357],[-61.63329343827983,16.20474940034123],[-61.634885793691375,16.20486504992815],[-61.63495853064161,16.205930063166537],[-61.632822144917085,16.20621538312725],[-61.63338516415293,16.207356302026827],[-61.635284178618704,16.205636043159664],[-61.63597201450131,16.205582733368285],[-61.636091707635956,16.20482120180645],[-61.63705206348206,16.20474939963548],[-61.639348250049395,16.202948559929496],[-61.640002473878134,16.200701238997734],[-61.6436760796324,16.197428864338246],[-61.64138884392401,16.19701460733018]],[[-61.64097200697005,16.20974939953003],[-61.64097200758304,16.20936982377827],[-61.64046573144358,16.20974941485288],[-61.64097200697005,16.20974939953003]],[[-61.64597200511934,16.21047894927026],[-61.64568739235285,16.210582732241033],[-61.64597200494585,16.210582732277665],[-61.64597200511934,16.21047894927026]]],[[[-61.61219659227503,16.19454263590263],[-61.611104718191456,16.194486226884294],[-61.61246008402574,16.193635094280122],[-61.61219659227503,16.19454263590263]]],[[[-61.61263870413929,16.193511424778922],[-61.614942345208114,16.191630737127188],[-61.614904914733145,16.193574797433765],[-61.614126751036835,16.193715381392778],[-61.61392466902748,16.194524635431033],[-61.61278418982554,16.1944954038559],[-61.61263870413929,16.193511424778922]]],[[[-61.61655244568702,16.19443306441741],[-61.61525838632006,16.194476912104736],[-61.61521301092705,16.193198384675437],[-61.616481263054254,16.193136044808966],[-61.61655244568702,16.19443306441741]]],[[[-61.61710063624518,16.217047190696746],[-61.61680533224762,16.216535163856914],[-61.618091167881715,16.21653743617232],[-61.61710063624518,16.217047190696746]]],[[[-61.63329049674205,16.220582734068074],[-61.632639879701856,16.221756479844128],[-61.63263865626402,16.220899057872955],[-61.63329049674205,16.220582734068074]]],[[[-61.635371843698614,16.202262823245402],[-61.63513868498996,16.203320646451743],[-61.63513868622407,16.202565724613162],[-61.635371843698614,16.202262823245402]]],[[[-61.63639442672034,16.203701762382398],[-61.63549100110904,16.20371538334925],[-61.63662676898642,16.202910878139672],[-61.63639442672034,16.203701762382398]]],[[[-61.63819338509282,16.21400505720108],[-61.637052233178785,16.215371948787755],[-61.63680690846537,16.21509672969436],[-61.636860509564464,16.21405665032007],[-61.63819338509282,16.21400505720108]]],[[[-61.63827933745679,16.201824215637664],[-61.63777615119748,16.202048717256147],[-61.63795117497478,16.20124614093507],[-61.638197546947794,16.20067538182631],[-61.63827933745679,16.201824215637664]]],[[[-61.659018050934336,16.20308273044526],[-61.65847201390905,16.204166912097502],[-61.65847201516659,16.203399057942242],[-61.659018050934336,16.20308273044526]]],[[[-61.66067373114916,16.18815453250895],[-61.66071911010379,16.189433067939603],[-61.65942505451056,16.18947691639745],[-61.65934402698087,16.188249941646124],[-61.66067373114916,16.18815453250895]]]]}},{"type":"Feature","properties":{"feature_id":"AEP_VERNOU__P2","layer_key":"eau_aep","layer_label":"Eau AEP","economic_unit_id":"AEP_VERNOU__P2","economic_state":"S0","economic_exposure_eur":2277012.0,"economic_damage_eur":49827.0,"economic_damage_ratio_pct":2.188,"economic_asset_count":12,"criticality_territory":"guadeloupe","criticality_family":"aep","criticality_scenario":"rp1000","criticality_period_years":"1000","criticality_hazard":"storm_cmcc"},"geometry":{"type":"MultiPolygon","coordinates":[[[[-61.637460127481695,16.218082733498317],[-61.63814795409826,16.218136043097562],[-61.638293462294016,16.218916066750943],[-61.63912310076337,16.21918758504372],[-61.63779475983758,16.219550982729288],[-61.635138655184754,16.22137598344586],[-61.635163579632305,16.219944672214783],[-61.63597199142863,16.219548716563335],[-61.63246012929313,16.219548716134508],[-61.6324214735177,16.221881505283584],[-61.6316267999902,16.2220487159504],[-61.63162680084668,16.222585292336657],[-61.63064055605277,16.223024533859594],[-61.62790401568725,16.222692511717156],[-61.62638946806781,16.220856778516183],[-61.62635506492512,16.219408113736147],[-61.62698413677495,16.218169036720308],[-61.63116376298699,16.215216284236337],[-61.634126788237644,16.21475255083599],[-61.634112692694195,16.21599088198119],[-61.63329345721961,16.21621538301261],[-61.63329345892837,16.21724940065258],[-61.63370435604798,16.21642968751777],[-61.63613526794887,16.21641606682011],[-61.63700743859095,16.215606811691107],[-61.63847199776371,16.215519656223098],[-61.63856789083542,16.21484204873062],[-61.63930533225968,16.214749399857272],[-61.639450837329946,16.213969376237543],[-61.640972000086826,16.213916066300527],[-61.6394783946804,16.21367803188899],[-61.639305335072955,16.21304739746245],[-61.64321211104703,16.2118403071886],[-61.64388978766894,16.21061914934504],[-61.64408302914522,16.210406922565074],[-61.644296200207656,16.210213328582938],[-61.64496011469943,16.20979512062447],[-61.64481461472875,16.210328740033123],[-61.6441267822367,16.21038205118962],[-61.64407160952613,16.211908132384576],[-61.64329345155528,16.212048717700423],[-61.643472001139486,16.213082732642928],[-61.64352717779662,16.2123899831829],[-61.64430533574161,16.21224939918777],[-61.64445083925554,16.21146937568266],[-61.645138670343734,16.21141606573269],[-61.64523456175059,16.210675381423048],[-61.64597200494585,16.210582732277665],[-61.64611750732899,16.209802708814777],[-61.646805339547925,16.209749398822705],[-61.64601143212139,16.209382744120784],[-61.64753747213235,16.208441000370748],[-61.65202086811866,16.207853523226163],[-61.65339037621619,16.20844411295186],[-61.65420983964973,16.209389259624057],[-61.65443714890259,16.211660879417938],[-61.65293540610903,16.21342245148742],[-61.64985970200479,16.214060520976812],[-61.648326117391896,16.215382051544726],[-61.647677322189445,16.215214839545403],[-61.647460121481046,16.213715384816958],[-61.647364230955006,16.21445606756226],[-61.646626789423586,16.214548718022073],[-61.646588133198094,16.216048172865168],[-61.64579345874317,16.216215384533065],[-61.645561100078886,16.2170350963595],[-61.64079345951259,16.217048717232487],[-61.640466061189386,16.217882050108365],[-61.63947839143466,16.217844698432728],[-61.639305328460175,16.21704871705155],[-61.63870173420628,16.217048716757123],[-61.63829345936496,16.217142515382317],[-61.638291883560385,16.217596729792984],[-61.637460127481695,16.218082733498317]]],[[[-61.63389443370629,16.220596354255004],[-61.634126799250595,16.221416067321297],[-61.63486324498028,16.221507846527086],[-61.63263865490868,16.22172019601125],[-61.63263865626402,16.220899057872955],[-61.63389443370629,16.220596354255004]]],[[[-61.63650709167801,16.21531024693707],[-61.635212980345834,16.215266398693917],[-61.635138667162494,16.21411751418129],[-61.63662678662593,16.213596732983152],[-61.63650709167801,16.21531024693707]]],[[[-61.63692502932979,16.215310246947272],[-61.6368796487895,16.214031716617384],[-61.63817375650679,16.213987868415664],[-61.63827935852978,16.215157548805564],[-61.63692502932979,16.215310246947272]]]]}},{"type":"Feature","properties":{"feature_id":"AEP_VERNOU__P3","layer_key":"eau_aep","layer_label":"Eau AEP","economic_unit_id":"AEP_VERNOU__P3","economic_state":"S0","economic_exposure_eur":626165.0,"economic_damage_eur":13697.0,"economic_damage_ratio_pct":2.188,"economic_asset_count":6,"criticality_territory":"guadeloupe","criticality_family":"aep","criticality_scenario":"rp1000","criticality_period_years":"1000","criticality_hazard":"storm_cmcc"},"geometry":{"type":"Polygon","coordinates":[[[-61.65690398824736,16.210498872592968],[-61.656400518540174,16.212164966483968],[-61.655819750344364,16.21289151264681],[-61.65491908790136,16.213183858698883],[-61.65360430685764,16.212604876401404],[-61.65327378047528,16.21126101974415],[-61.64967025274486,16.21114124627254],[-61.648817731415114,16.21054078926302],[-61.64852049794999,16.209668858952345],[-61.648972311326546,16.208540122775748],[-61.6501178286789,16.208050668114748],[-61.65512541240516,16.208093522636116],[-61.6559459923815,16.20851562479111],[-61.65690398824736,16.210498872592968]]]}},{"type":"Feature","properties":{"feature_id":"AEP_VERNOU__P4","layer_key":"eau_aep","layer_label":"Eau AEP","economic_unit_id":"AEP_VERNOU__P4","economic_state":"S3","economic_exposure_eur":59673339.0,"economic_damage_eur":12719388.0,"economic_damage_ratio_pct":21.315,"economic_asset_count":866,"criticality_territory":"guadeloupe","criticality_family":"aep","criticality_scenario":"rp1000","criticality_period_years":"1000","criticality_hazard":"storm_cmcc"},"geometry":{"type":"MultiPolygon","coordinates":[[[[-61.647057343059714,16.219749398785847],[-61.64682210891171,16.221587540822462],[-61.64589847137462,16.223128246729587],[-61.64263961128243,16.225084667733157],[-61.642638652006035,16.222699713453377],[-61.64248057925949,16.223531236538363],[-61.63973533436754,16.223699075170774],[-61.63934155445654,16.2268343688864],[-61.64077259202707,16.228051069352393],[-61.64097197543132,16.228832164581046],[-61.64102715745271,16.227389983532134],[-61.64211643849519,16.227249399468214],[-61.642701617513765,16.228694622456203],[-61.64531949634709,16.230871062115696],[-61.64582746220991,16.233715383972974],[-61.644379623717505,16.23276639900982],[-61.64430530301,16.232048717165227],[-61.64329348461843,16.232048717042556],[-61.64408815660363,16.23241660954091],[-61.64410189663243,16.233520110162214],[-61.64329348737579,16.233715383654364],[-61.64309136228821,16.234524637507242],[-61.64162682188527,16.234548716758027],[-61.6415881618321,16.236048172226422],[-61.64079349120834,16.236215383268615],[-61.640719171048325,16.238599731976333],[-61.63950742292855,16.238691303633626],[-61.63912682709678,16.237882049677808],[-61.63898130703905,16.23866207198249],[-61.637840756348844,16.238691303446238],[-61.63746015939066,16.237382350179],[-61.63738583740375,16.23859973171914],[-61.63588846077081,16.23871538260801],[-61.635719171647374,16.239433064904993],[-61.63246016754856,16.242684563417352],[-61.63240498637589,16.244408130942816],[-61.63169880706253,16.244548715237098],[-61.63059158374086,16.251319747253877],[-61.629918058870324,16.252249401916576],[-61.630738330254424,16.252389984475773],[-61.63078722650093,16.253460769249347],[-61.62967859937101,16.253715381030883],[-61.62959226250634,16.256416068433754],[-61.62996019138353,16.25724940205822],[-61.6302841322738,16.25646937801912],[-61.63133149024634,16.25641759126545],[-61.631626858254656,16.257249401854278],[-61.63243526512715,16.25744467253361],[-61.632385862541554,16.258599730884473],[-61.63079352862998,16.259548714614372],[-61.63155253038089,16.25986505097427],[-61.631626863779466,16.260582735270876],[-61.63263859060813,16.260582735147203],[-61.63269378143442,16.259056651144835],[-61.633672231164205,16.258966583368455],[-61.632104953571265,16.261990621094313],[-61.632445747991206,16.264082008478184],[-61.63194605746459,16.26579580135744],[-61.63080542533494,16.26719442114205],[-61.629108540823,16.26809192279317],[-61.630214687714904,16.272027674741345],[-61.62951071202973,16.274043133843527],[-61.628165673141595,16.275390522262775],[-61.6264683468852,16.276085027896297],[-61.624305232734145,16.276027840905105],[-61.624401155244215,16.27484205094254],[-61.62597190131871,16.27474940298452],[-61.6269011569649,16.27317538403131],[-61.627638570532284,16.27308273607168],[-61.62767724238254,16.271583277591514],[-61.62847190652151,16.27141606926119],[-61.62847190961905,16.269548714000628],[-61.62697835190337,16.269511362226485],[-61.626805244659295,16.26864898645641],[-61.6261667003672,16.27091210539165],[-61.62644053522779,16.271920183476347],[-61.6255611262642,16.272868425588488],[-61.623674068757914,16.272857967460144],[-61.6226385742862,16.271215379895946],[-61.621145017639975,16.27117802821131],[-61.6201385773797,16.269548712976206],[-61.61934391304251,16.269381503623258],[-61.61930653098749,16.267540487596456],[-61.61840124750791,16.266578156808027],[-61.61896763431566,16.26593820769361],[-61.61896944143615,16.26405134898363],[-61.61614502382463,16.263678027888623],[-61.61597192277875,16.26258536043846],[-61.61233746483426,16.26038204555943],[-61.611626860976536,16.260382045558572],[-61.61142471111006,16.26119129976452],[-61.61031169282111,16.261178027324878],[-61.61016352150529,16.259944673675033],[-61.610971928504945,16.259548712171387],[-61.609507411303184,16.25952463291888],[-61.60930526375031,16.25851852684001],[-61.60653214714354,16.257788114865598],[-61.604960189334534,16.257882044811673],[-61.60493526759236,16.261020107905463],[-61.60357830276024,16.261215377791416],[-61.60180526266767,16.259782566870904],[-61.60181155713259,16.258337346789784],[-61.602638598708936,16.258082738790975],[-61.60281169715606,16.257286755382154],[-61.604305266867286,16.25704871142408],[-61.60203767014072,16.25703508996292],[-61.60162685282173,16.256215377783757],[-61.601571668249555,16.257741461891413],[-61.60001449872804,16.258715377515813],[-61.598800939114895,16.25681774357757],[-61.59622543880913,16.256183748816802],[-61.59355127302551,16.253974822008583],[-61.59221251776417,16.250535792147815],[-61.5921576853184,16.248516643566393],[-61.59336823866788,16.245679348204817],[-61.59562675859513,16.24411947544326],[-61.59452859720793,16.243827452153127],[-61.59341448105176,16.24319785335638],[-61.59200893489453,16.241444688537555],[-61.59162484400182,16.239258458227955],[-61.5922164970467,16.236416072648304],[-61.59389443997734,16.236429692705574],[-61.5941268204702,16.237249406004743],[-61.595138634214585,16.23724940587764],[-61.59606787049043,16.23567538612108],[-61.598471972150556,16.234182421129475],[-61.59859168199527,16.23232120589359],[-61.60120009406302,16.23224940477484],[-61.605138645763546,16.229458601143374],[-61.605258352460645,16.228154538506516],[-61.606805314489705,16.228082737523636],[-61.6068053175779,16.226215379416065],[-61.60537101815387,16.22620175800397],[-61.60513865251092,16.2253820459024],[-61.604356592761484,16.22538204577708],[-61.605699139207125,16.223905826227],[-61.60680532137988,16.223916070753237],[-61.606815569204166,16.22332208853253],[-61.60974816686483,16.222249403483847],[-61.61347198991792,16.222249403216686],[-61.61349691432729,16.220778006574324],[-61.61430532589618,16.220582736405245],[-61.61440122059384,16.219842050911467],[-61.61680532694335,16.21974940274173],[-61.61703768886375,16.218929689537045],[-61.618924683760945,16.218940147139257],[-61.61912679464945,16.219749402454884],[-61.61940948985917,16.219001476339145],[-61.62034851687346,16.21962796935785],[-61.62400873319967,16.219209792932425],[-61.626636538178694,16.21662258946117],[-61.62875589597934,16.21604686693627],[-61.630739334449196,16.216390352919284],[-61.63354381403738,16.214443233195794],[-61.63412678754035,16.21434106623131],[-61.63412521364602,16.215930063088084],[-61.63329345721961,16.21621538301261],[-61.63329345892837,16.21724940065258],[-61.63373552245634,16.216422144824154],[-61.636805329830764,16.2164160668699],[-61.636978394132825,16.21562008410297],[-61.63847199765768,16.215582733312786],[-61.639450837329946,16.213969376237543],[-61.640972000086826,16.213916066300527],[-61.63942503086702,16.213643580559868],[-61.63930533566436,16.212678436992796],[-61.642039607454954,16.211735779199707],[-61.64329345111044,16.21179387973661],[-61.64329345326353,16.21308273266458],[-61.643645062973675,16.212286749983253],[-61.64480734660363,16.212324576909076],[-61.646822669803164,16.214548718037772],[-61.64660187017877,16.216020110542107],[-61.64579345874317,16.216215384533065],[-61.64564795423633,16.216995406596702],[-61.6428738253088,16.217138764863762],[-61.643041083118554,16.220582732625896],[-61.643704354043464,16.219763019765235],[-61.64481462273444,16.21980270912438],[-61.64496013252677,16.220582732649525],[-61.6451527541116,16.219973899887247],[-61.647057343059714,16.219749398785847]],[[-61.595971958112706,16.242882044180643],[-61.594960163232166,16.242882044053623],[-61.59496016494417,16.243916072732766],[-61.59569759392629,16.24400871958569],[-61.59579349976228,16.244749405982237],[-61.597638621429404,16.24477000797674],[-61.597638623176586,16.243715377695615],[-61.59623551359474,16.243709299024353],[-61.595971958112706,16.242882044180643]],[[-61.59525832947832,16.25031024203965],[-61.594960174272124,16.249548710501145],[-61.594960177365394,16.25141607291964],[-61.59597194397948,16.251416072792633],[-61.5959719456924,16.250382043934096],[-61.59525832947832,16.25031024203965]],[[-61.60246016279488,16.24204871168707],[-61.602287080329816,16.242844693667003],[-61.60079349729886,16.242882044784693],[-61.60157164797564,16.243223319702338],[-61.60162683289845,16.244205868558737],[-61.604677264816935,16.241915426683487],[-61.6038632738137,16.241209300043998],[-61.60246016279488,16.24204871168707]],[[-61.61008866377782,16.23634601948398],[-61.60996285793587,16.239647845644146],[-61.61461744523272,16.233691343268934],[-61.614007109182474,16.23364357764979],[-61.61008866377782,16.23634601948398]],[[-61.6145267924176,16.25034445129212],[-61.61442094486951,16.251816229209453],[-61.6126319294313,16.253985331305763],[-61.61389685940019,16.254311129211164],[-61.61648383112835,16.249692315521578],[-61.61534155111002,16.24870428869402],[-61.614827391333016,16.24736964376799],[-61.61385325061275,16.248942492122623],[-61.6145267924176,16.25034445129212]],[[-61.62763858020834,16.26724940259254],[-61.62763858277807,16.265695388380855],[-61.627330088842875,16.266788794999112],[-61.626624503825425,16.266867587010843],[-61.626879581563735,16.267365051491016],[-61.62763858020834,16.26724940259254]],[[-61.62847192034162,16.263082735719603],[-61.62847192123802,16.26252557029006],[-61.62836142945118,16.262995039575266],[-61.62847192034162,16.263082735719603]],[[-61.62878027710479,16.26121538062516],[-61.628731379553685,16.261423145446695],[-61.62930525632895,16.26141606890917],[-61.62878027710479,16.26121538062516]],[[-61.6294116438242,16.229587201050116],[-61.628981742223694,16.231470941108583],[-61.629366284001364,16.23144329225635],[-61.630152740157754,16.229973900461733],[-61.6294116438242,16.229587201050116]],[[-61.63829345920787,16.217048716928403],[-61.63829345948793,16.21721751275784],[-61.63879955021748,16.21704871660007],[-61.63829345920787,16.217048716928403]],[[-61.63847196320729,16.236416067165685],[-61.638471963519876,16.2362274590443],[-61.63828022532898,16.236379691069754],[-61.63847196320729,16.236416067165685]]],[[[-61.594478381985645,16.233678026391928],[-61.59430530896725,16.232421881056872],[-61.59645373696876,16.231453422180152],[-61.59658815329173,16.23354816965305],[-61.594478381985645,16.233678026391928]]],[[[-61.6148642837435,16.262342051531036],[-61.614960200650614,16.263958163063243],[-61.61347192224373,16.263124720620773],[-61.61347192313832,16.262565724372998],[-61.6148642837435,16.262342051531036]]],[[[-61.619052541835785,16.2694330629366],[-61.617758307393615,16.269476910366862],[-61.61771291476827,16.268198385552388],[-61.61895376687482,16.268120087165457],[-61.619052541835785,16.2694330629366]]],[[[-61.61905254397288,16.271099729565936],[-61.61775830563971,16.27114357698952],[-61.6177129126314,16.269865052242974],[-61.61895376817789,16.269786753867987],[-61.61905254397288,16.271099729565936]]],[[[-61.632638595574875,16.257565724286955],[-61.6327325202055,16.255677504241252],[-61.63366608867408,16.257882048182935],[-61.632638595574875,16.257565724286955]]],[[[-61.63290218000449,16.244755478947397],[-61.63472777867201,16.244763021396256],[-61.63496017266943,16.24558273448909],[-61.635478620082125,16.245583330096213],[-61.634486214824996,16.246675306796277],[-61.633786939202956,16.248714790552004],[-61.633471947636615,16.24621538204754],[-61.632840751858524,16.246191302652136],[-61.63290218000449,16.244755478947397]]],[[[-61.63531172697978,16.215344698058782],[-61.63513866681397,16.214326861355048],[-61.636626787974805,16.21441403294922],[-61.63662678902716,16.21506572456292],[-61.63531172697978,16.215344698058782]]],[[[-61.635976737257245,16.24454871573933],[-61.635258332197104,16.24447691268755],[-61.6352129450028,16.243198383830737],[-61.63645374832494,16.24312008473481],[-61.635976737257245,16.24454871573933]]],[[[-61.63821914098655,16.215266398972087],[-61.63692502932979,16.215310246947272],[-61.636805333382455,16.214247782420074],[-61.63812039234502,16.213953417262353],[-61.63821914098655,16.215266398972087]]]]}},{"type":"Feature","properties":{"feature_id":"AEP_VERNOU__P5","layer_key":"eau_aep","layer_label":"Eau AEP","economic_unit_id":"AEP_VERNOU__P5","economic_state":"S0","economic_exposure_eur":2473749.0,"economic_damage_eur":54180.0,"economic_damage_ratio_pct":2.19,"economic_asset_count":26,"criticality_territory":"guadeloupe","criticality_family":"aep","criticality_scenario":"rp1000","criticality_period_years":"1000","criticality_hazard":"storm_cmcc"},"geometry":{"type":"MultiPolygon","coordinates":[[[[-61.565971946657875,16.25224940995148],[-61.56604627486501,16.25153172277262],[-61.56680528125788,16.25141607649064],[-61.56686046693482,16.250723322289513],[-61.56763861585789,16.25058274302985],[-61.56763861642596,16.250232979859355],[-61.569900616763455,16.249884296163238],[-61.569960172806375,16.250582742732885],[-61.57153093292318,16.250675388524655],[-61.57162684106722,16.251416075874072],[-61.573953751276676,16.25145342511836],[-61.57412684276784,16.25224940890928],[-61.574305280690325,16.251139018214324],[-61.57466136999228,16.251345082226024],[-61.57574157632428,16.252640080659486],[-61.575958170366164,16.254143326231908],[-61.57480127132059,16.256133102529034],[-61.57203339164232,16.25691592490016],[-61.570542189819456,16.256755938998023],[-61.569370292273106,16.25600340802399],[-61.56152175675124,16.256585011776995],[-61.55845374141473,16.255773028968807],[-61.55663768352845,16.25605739158752],[-61.55526712050874,16.257048705106808],[-61.55379939353574,16.257048704619198],[-61.5534782327056,16.256794100559613],[-61.5534719431832,16.255382038356075],[-61.552758327948894,16.25531023772049],[-61.552638611345635,16.254548704942334],[-61.55195080604842,16.25449539576498],[-61.55180527950805,16.253715371528525],[-61.55114644636962,16.2536786653437],[-61.55195080952688,16.251469386120814],[-61.55597194940991,16.25141607788354],[-61.55604627700096,16.250698390243418],[-61.55680528400908,16.25058274442196],[-61.55686046922863,16.249889989660478],[-61.557638618608244,16.249749410960444],[-61.55793396664653,16.248917600255005],[-61.5589813103841,16.24896938529297],[-61.55912683669733,16.24974941076869],[-61.55992150621858,16.249916614664762],[-61.55996017151878,16.250582744015475],[-61.56071917847546,16.250698389813135],[-61.5607935077208,16.252249410616376],[-61.561507124076904,16.252321209867468],[-61.56162684218383,16.252866774207085],[-61.565971946657875,16.25224940995148]]],[[[-61.557998156263764,16.24871384890125],[-61.55616509891615,16.248687186724357],[-61.55829349987869,16.247718106682736],[-61.557998156263764,16.24871384890125]]]]}},{"type":"Feature","properties":{"feature_id":"AEP_VERNOU__P6","layer_key":"eau_aep","layer_label":"Eau AEP","economic_unit_id":"AEP_VERNOU__P6","economic_state":"S0","economic_exposure_eur":21956.0,"economic_damage_eur":481.0,"economic_damage_ratio_pct":2.189,"economic_asset_count":1,"criticality_territory":"guadeloupe","criticality_family":"aep","criticality_scenario":"rp1000","criticality_period_years":"1000","criticality_hazard":"storm_cmcc"},"geometry":{"type":"Polygon","coordinates":[[[-61.585746111815745,16.266587714429708],[-61.585736100866605,16.267056248827384],[-61.585377321451105,16.267302351632512],[-61.58477092109617,16.267241108038085],[-61.58457408289239,16.26656434643719],[-61.585297983646065,16.266315971734514],[-61.585746111815745,16.266587714429708]]]}},{"type":"Feature","properties":{"feature_id":"AEP_VERNOU__P7","layer_key":"eau_aep","layer_label":"Eau AEP","economic_unit_id":"AEP_VERNOU__P7","economic_state":"S0","economic_exposure_eur":166084.0,"economic_damage_eur":3637.0,"economic_damage_ratio_pct":2.19,"economic_asset_count":3,"criticality_territory":"guadeloupe","criticality_family":"aep","criticality_scenario":"rp1000","criticality_period_years":"1000","criticality_hazard":"storm_cmcc"},"geometry":{"type":"Polygon","coordinates":[[[-61.60084588806624,16.243025891832897],[-61.60019349932892,16.24271450298483],[-61.600075825230114,16.2405987248068],[-61.600428752058065,16.240164202099933],[-61.60107785711962,16.240481914930616],[-61.60118403189714,16.24243876968527],[-61.60084588806624,16.243025891832897]]]}},{"type":"Feature","properties":{"feature_id":"AEP_VIEUXFORT","layer_key":"eau_aep","layer_label":"Eau AEP","economic_unit_id":"AEP_VIEUXFORT","economic_state":"S3","economic_exposure_eur":16282135.0,"economic_damage_eur":3470541.0,"economic_damage_ratio_pct":21.315,"economic_asset_count":177,"criticality_territory":"guadeloupe","criticality_family":"aep","criticality_scenario":"rp1000","criticality_period_years":"1000","criticality_hazard":"storm_cmcc"},"geometry":{"type":"MultiPolygon","coordinates":[[[[-61.654958164768466,15.980034719220804],[-61.65481622316037,15.981160777625721],[-61.65454387261081,15.979749391965354],[-61.654958164768466,15.980034719220804]]],[[[-61.69790226878546,15.957875986965712],[-61.69763908012075,15.957048732509907],[-61.69293264570071,15.955712318049907],[-61.69122839053812,15.954499352653812],[-61.68979946550787,15.95488299313195],[-61.68579303426947,15.954047111890878],[-61.6855911890848,15.955357984068067],[-61.684451068628036,15.955328751066036],[-61.68430575248204,15.954568894017934],[-61.67821688997572,15.957915330195107],[-61.67724574091262,15.957757063977043],[-61.6772644334325,15.958438773267018],[-61.67412637657051,15.960418788440377],[-61.67405215691167,15.961933074007824],[-61.67245971370238,15.96288206268544],[-61.67403060839346,15.963175374911938],[-61.674071275492636,15.96440813933008],[-61.67151802197346,15.966215395725825],[-61.67097868533751,15.965960772875091],[-61.670891822367025,15.96288206251723],[-61.6682930531488,15.966956902010814],[-61.66910149635949,15.967444668815958],[-61.6691263894218,15.968703079789448],[-61.66795841932262,15.969128750837786],[-61.66817153107615,15.971145007260418],[-61.667007589356544,15.971191314873295],[-61.666805729032475,15.970382061767287],[-61.66618589016718,15.970362008336433],[-61.66423205514237,15.974177244866667],[-61.66508613055484,15.979739623404992],[-61.66374529633501,15.98123006417732],[-61.665781344639655,15.984267207901013],[-61.66702186384073,15.98974939074585],[-61.66763903078473,15.989749390871012],[-61.66784091303518,15.988106803127947],[-61.66898107996769,15.988136035436058],[-61.66912642226854,15.988916057339688],[-61.669478567883424,15.988120075795264],[-61.670708510030636,15.988187335793306],[-61.67128935882813,15.991888412214776],[-61.67102769898359,15.993715394814739],[-61.67015310636093,15.993490885913733],[-61.670177641968365,15.9924166058375],[-61.67097235995409,15.992048728225967],[-61.67023481249771,15.991956074884712],[-61.670139028082154,15.991215394820486],[-61.66975787786644,15.992024647886312],[-61.66796605975896,15.992048727482253],[-61.66735360374289,15.991215394417692],[-61.667560018790326,15.992127561421464],[-61.66657131529043,15.994408138236894],[-61.665284367994026,15.994495414752231],[-61.66502961108705,15.99371539414679],[-61.66433058571606,15.993520114629357],[-61.664640785796344,15.992249390921108],[-61.66263903310461,15.988715394005514],[-61.66225787598548,15.989524647134026],[-61.660997259038616,15.989353447872046],[-61.66101098231377,15.988249939648425],[-61.66180570090669,15.988082724861398],[-61.662102923591796,15.987250807349964],[-61.661010985277976,15.986048177662521],[-61.660328732091976,15.983756200642594],[-61.65912641261534,15.98371539374666],[-61.658863192798634,15.984542648245297],[-61.6566264136692,15.984548726752179],[-61.656626415333015,15.985571894354138],[-61.65622974518222,15.985030002952314],[-61.6552393621358,15.983082725462681],[-61.65597237509588,15.983916058793408],[-61.65597866354996,15.980837345051361],[-61.65680571374018,15.980582725277818],[-61.65680571542058,15.9795487269364],[-61.65609193957198,15.979476921593431],[-61.655972383548544,15.978715393529821],[-61.65455769140161,15.977873257952291],[-61.65563808329026,15.975813203427913],[-61.657389882501256,15.974620053038606],[-61.65844477908245,15.971814551133283],[-61.65791811914736,15.968615490388931],[-61.656197139331276,15.964864980107256],[-61.6563406859303,15.963089567799813],[-61.656805742163826,15.96308272484807],[-61.65724896426539,15.961416057896171],[-61.65847241132168,15.961416057939942],[-61.658617733059494,15.960636035947301],[-61.65975785699106,15.960606803397516],[-61.66079304461419,15.962249391014902],[-61.66157127126285,15.962389978937289],[-61.66162637974346,15.96330602529422],[-61.669101925038056,15.95871259834795],[-61.675865241569454,15.95294662170238],[-61.67680575593102,15.953027050911114],[-61.67700760150259,15.952273467985416],[-61.678221844336974,15.952368999226868],[-61.68117426899189,15.95060680082563],[-61.68246861761077,15.950120497557174],[-61.683472426090454,15.950352469799673],[-61.68370448076123,15.949763008847253],[-61.68495151329064,15.949996678670509],[-61.69983084618386,15.945864153598684],[-61.7061915383212,15.948639324207651],[-61.70751131347575,15.948657642975274],[-61.708598802293054,15.953023073035638],[-61.710035675040736,15.955678870449711],[-61.70968544445605,15.956965547785082],[-61.70829304266517,15.957613213452818],[-61.70806097924032,15.958701778252667],[-61.70687996480315,15.95859974314908],[-61.706805745380905,15.95721424715493],[-61.70486402270148,15.957282391128537],[-61.70481797557424,15.956607987578764],[-61.70245813411419,15.957596732316553],[-61.69790226878546,15.957875986965712]]],[[[-61.663291524720954,15.995868052436988],[-61.66329310200835,15.997387407989407],[-61.66157442686217,15.995582725045608],[-61.663291524720954,15.995868052436988]]],[[[-61.66430568567645,15.99724939145402],[-61.66447856180495,15.996453409831956],[-61.665498115358936,15.996417580749387],[-61.66579310209251,15.997249391276089],[-61.66725788011744,15.997273470054338],[-61.66745976992322,15.997843493249718],[-61.6654015098639,15.99809691900158],[-61.663486434379024,15.997473898283697],[-61.66430568567645,15.99724939145402]]]]}},{"type":"Feature","properties":{"feature_id":"hydraulic-native:aep-line-2454","layer_key":"eau_aep","layer_label":"Eau AEP","economic_unit_id":"hydraulic-native:aep-line-2454","economic_state":"S0","economic_exposure_eur":1077559.0,"economic_damage_eur":23585.0,"economic_damage_ratio_pct":2.189,"economic_asset_count":1,"criticality_territory":"guadeloupe","criticality_family":"aep","criticality_scenario":"rp1000","criticality_period_years":"1000","criticality_hazard":"storm_cmcc"},"geometry":{"type":"LineString","coordinates":[[-61.5108859199884,16.2861787552118],[-61.50911056297949,16.285918531562714],[-61.50913558676377,16.283362249176925],[-61.50808684595872,16.28336118105961],[-61.506958457710226,16.282101154484064],[-61.50561069161949,16.281936914429295],[-61.50518677056228,16.281127678215075],[-61.5048742892799,16.2811960533268],[-61.50361006360676,16.278406618991163]]}},{"type":"Feature","properties":{"feature_id":"hydraulic-native:aep-line-2455","layer_key":"eau_aep","layer_label":"Eau AEP","economic_unit_id":"hydraulic-native:aep-line-2455","economic_state":"S0","economic_exposure_eur":870218.0,"economic_damage_eur":19056.0,"economic_damage_ratio_pct":2.19,"economic_asset_count":1,"criticality_territory":"guadeloupe","criticality_family":"aep","criticality_scenario":"rp1000","criticality_period_years":"1000","criticality_hazard":"storm_cmcc"},"geometry":{"type":"LineString","coordinates":[[-61.50361006360676,16.278406618991163],[-61.50338810514971,16.27819854083226],[-61.5017534273088,16.276254832805698],[-61.50097439394601,16.2755754754973],[-61.500018771062976,16.27444488441479],[-61.499767115181584,16.27400875587146],[-61.49949088713536,16.273765043065946],[-61.4988628187406,16.27345159526092],[-61.498306142253625,16.27209255630223],[-61.497596994655325,16.2716638435269],[-61.49811386712852,16.27075128531189]]}},{"type":"Feature","properties":{"feature_id":"hydraulic-native:aep-line-2456","layer_key":"eau_aep","layer_label":"Eau AEP","economic_unit_id":"hydraulic-native:aep-line-2456","economic_state":"S0","economic_exposure_eur":870218.0,"economic_damage_eur":19056.0,"economic_damage_ratio_pct":2.19,"economic_asset_count":1,"criticality_territory":"guadeloupe","criticality_family":"aep","criticality_scenario":"rp1000","criticality_period_years":"1000","criticality_hazard":"storm_cmcc"},"geometry":{"type":"LineString","coordinates":[[-61.50361006360676,16.278406618991163],[-61.50338810514971,16.27819854083226],[-61.5017534273088,16.276254832805698],[-61.50097439394601,16.2755754754973],[-61.500018771062976,16.27444488441479],[-61.499767115181584,16.27400875587146],[-61.49949088713536,16.273765043065946],[-61.4988628187406,16.27345159526092],[-61.498306142253625,16.27209255630223],[-61.497596994655325,16.2716638435269],[-61.49811386712852,16.27075128531189]]}},{"type":"Feature","properties":{"feature_id":"hydraulic-native:aep-line-12401","layer_key":"eau_aep","layer_label":"Eau AEP","economic_unit_id":"hydraulic-native:aep-line-12401","economic_state":"S0","economic_exposure_eur":5418.0,"economic_damage_eur":119.0,"economic_damage_ratio_pct":2.189,"economic_asset_count":1,"criticality_territory":"guadeloupe","criticality_family":"aep","criticality_scenario":"rp1000","criticality_period_years":"1000","criticality_hazard":"storm_cmcc"},"geometry":{"type":"LineString","coordinates":[[-61.43967959561326,16.29164913949104],[-61.439697429733975,16.291709802186176]]}},{"type":"Feature","properties":{"feature_id":"hydraulic-native:aep-line-12410","layer_key":"eau_aep","layer_label":"Eau AEP","economic_unit_id":"hydraulic-native:aep-line-12410","economic_state":"S0","economic_exposure_eur":288884.0,"economic_damage_eur":6323.0,"economic_damage_ratio_pct":2.189,"economic_asset_count":1,"criticality_territory":"guadeloupe","criticality_family":"aep","criticality_scenario":"rp1000","criticality_period_years":"1000","criticality_hazard":"storm_cmcc"},"geometry":{"type":"LineString","coordinates":[[-61.439697429733975,16.291709802186176],[-61.439812076136135,16.292099760095574],[-61.44017358063877,16.29301847773288],[-61.440269841320514,16.29397058303831],[-61.44063036791798,16.29492624025599]]}},{"type":"Feature","properties":{"feature_id":"hydraulic-native:aep-line-17909","layer_key":"eau_aep","layer_label":"Eau AEP","economic_unit_id":"hydraulic-native:aep-line-17909","economic_state":"S0","economic_exposure_eur":389229.0,"economic_damage_eur":8515.0,"economic_damage_ratio_pct":2.188,"economic_asset_count":1,"criticality_territory":"guadeloupe","criticality_family":"aep","criticality_scenario":"rp1000","criticality_period_years":"1000","criticality_hazard":"storm_cmcc"},"geometry":{"type":"LineString","coordinates":[[-61.442107805762795,16.299091816236064],[-61.44222544241773,16.29922066997638],[-61.44262023072174,16.30001559283521],[-61.443329028693476,16.301732439880798],[-61.44357766837447,16.302431085556954],[-61.44368465413185,16.302897033878967],[-61.44388701494361,16.303259963208784]]}},{"type":"Feature","properties":{"feature_id":"hydraulic-native:aep-line-17912","layer_key":"eau_aep","layer_label":"Eau AEP","economic_unit_id":"hydraulic-native:aep-line-17912","economic_state":"S0","economic_exposure_eur":64039.0,"economic_damage_eur":1401.0,"economic_damage_ratio_pct":2.188,"economic_asset_count":1,"criticality_territory":"guadeloupe","criticality_family":"aep","criticality_scenario":"rp1000","criticality_period_years":"1000","criticality_hazard":"storm_cmcc"},"geometry":{"type":"LineString","coordinates":[[-61.44388701494361,16.303259963208784],[-61.44410868534668,16.303583324567533],[-61.44435299262212,16.303851636144003]]}},{"type":"Feature","properties":{"feature_id":"hydraulic-native:aep-line-17917","layer_key":"eau_aep","layer_label":"Eau AEP","economic_unit_id":"hydraulic-native:aep-line-17917","economic_state":"S0","economic_exposure_eur":208349.0,"economic_damage_eur":4558.0,"economic_damage_ratio_pct":2.188,"economic_asset_count":1,"criticality_territory":"guadeloupe","criticality_family":"aep","criticality_scenario":"rp1000","criticality_period_years":"1000","criticality_hazard":"storm_cmcc"},"geometry":{"type":"LineString","coordinates":[[-61.441346061802314,16.296884810750157],[-61.441461862803045,16.297060045266257],[-61.44155638043898,16.297781288050892],[-61.441788250667734,16.29789037012387],[-61.442107805762795,16.299091816236064]]}},{"type":"Feature","properties":{"feature_id":"hydraulic-native:aep-line-17936","layer_key":"eau_aep","layer_label":"Eau AEP","economic_unit_id":"hydraulic-native:aep-line-17936","economic_state":"S0","economic_exposure_eur":179175.0,"economic_damage_eur":3921.0,"economic_damage_ratio_pct":2.188,"economic_asset_count":1,"criticality_territory":"guadeloupe","criticality_family":"aep","criticality_scenario":"rp1000","criticality_period_years":"1000","criticality_hazard":"storm_cmcc"},"geometry":{"type":"LineString","coordinates":[[-61.44063036791798,16.29492624025599],[-61.44093330951348,16.29603197447518],[-61.441346061802314,16.296884810750157]]}},{"type":"Feature","properties":{"feature_id":"hydraulic-native:aep-line-18115","layer_key":"eau_aep","layer_label":"Eau AEP","economic_unit_id":"hydraulic-native:aep-line-18115","economic_state":"S0","economic_exposure_eur":5000.0,"economic_damage_eur":109.0,"economic_damage_ratio_pct":2.188,"economic_asset_count":1,"criticality_territory":"guadeloupe","criticality_family":"aep","criticality_scenario":"rp1000","criticality_period_years":"1000","criticality_hazard":"storm_cmcc"},"geometry":{"type":"LineString","coordinates":[[-61.44655514498548,16.324905266591593],[-61.44655287400793,16.324904027125626]]}},{"type":"Feature","properties":{"feature_id":"hydraulic-native:aep-line-18225","layer_key":"eau_aep","layer_label":"Eau AEP","economic_unit_id":"hydraulic-native:aep-line-18225","economic_state":"S0","economic_exposure_eur":119886.0,"economic_damage_eur":2623.0,"economic_damage_ratio_pct":2.188,"economic_asset_count":1,"criticality_territory":"guadeloupe","criticality_family":"aep","criticality_scenario":"rp1000","criticality_period_years":"1000","criticality_hazard":"storm_cmcc"},"geometry":{"type":"LineString","coordinates":[[-61.44657616009623,16.32632424317227],[-61.44698026177839,16.327410322315973],[-61.447118833616614,16.327608891645745]]}},{"type":"Feature","properties":{"feature_id":"hydraulic-native:aep-line-18227","layer_key":"eau_aep","layer_label":"Eau AEP","economic_unit_id":"hydraulic-native:aep-line-18227","economic_state":"S0","economic_exposure_eur":155434.0,"economic_damage_eur":3400.0,"economic_damage_ratio_pct":2.188,"economic_asset_count":1,"criticality_territory":"guadeloupe","criticality_family":"aep","criticality_scenario":"rp1000","criticality_period_years":"1000","criticality_hazard":"storm_cmcc"},"geometry":{"type":"LineString","coordinates":[[-61.44688261268375,16.31929592045761],[-61.447223448888316,16.321074969152612]]}},{"type":"Feature","properties":{"feature_id":"hydraulic-native:aep-line-18274","layer_key":"eau_aep","layer_label":"Eau AEP","economic_unit_id":"hydraulic-native:aep-line-18274","economic_state":"S0","economic_exposure_eur":5000.0,"economic_damage_eur":109.0,"economic_damage_ratio_pct":2.188,"economic_asset_count":1,"criticality_territory":"guadeloupe","criticality_family":"aep","criticality_scenario":"rp1000","criticality_period_years":"1000","criticality_hazard":"storm_cmcc"},"geometry":{"type":"LineString","coordinates":[[-61.446552202341685,16.324905174439703],[-61.44655514498548,16.324905266591593]]}},{"type":"Feature","properties":{"feature_id":"hydraulic-native:aep-line-18567","layer_key":"eau_aep","layer_label":"Eau AEP","economic_unit_id":"hydraulic-native:aep-line-18567","economic_state":"S0","economic_exposure_eur":197198.0,"economic_damage_eur":4313.0,"economic_damage_ratio_pct":2.187,"economic_asset_count":1,"criticality_territory":"guadeloupe","criticality_family":"aep","criticality_scenario":"rp1000","criticality_period_years":"1000","criticality_hazard":"storm_cmcc"},"geometry":{"type":"LineString","coordinates":[[-61.44595065469212,16.317253305337236],[-61.44639110854416,16.317732734475367],[-61.44667525847138,16.318213595734495],[-61.44688261268375,16.31929592045761]]}},{"type":"Feature","properties":{"feature_id":"hydraulic-native:aep-line-18588","layer_key":"eau_aep","layer_label":"Eau AEP","economic_unit_id":"hydraulic-native:aep-line-18588","economic_state":"S0","economic_exposure_eur":401286.0,"economic_damage_eur":8777.0,"economic_damage_ratio_pct":2.187,"economic_asset_count":1,"criticality_territory":"guadeloupe","criticality_family":"aep","criticality_scenario":"rp1000","criticality_period_years":"1000","criticality_hazard":"storm_cmcc"},"geometry":{"type":"LineString","coordinates":[[-61.44448001973836,16.313151562205746],[-61.44467459338786,16.313931831817683],[-61.44436579230938,16.315204515222984],[-61.44530439776886,16.316531690759017],[-61.44595065469212,16.317253305337236]]}},{"type":"Feature","properties":{"feature_id":"hydraulic-native:aep-line-18590","layer_key":"eau_aep","layer_label":"Eau AEP","economic_unit_id":"hydraulic-native:aep-line-18590","economic_state":"S0","economic_exposure_eur":341884.0,"economic_damage_eur":7481.0,"economic_damage_ratio_pct":2.188,"economic_asset_count":1,"criticality_territory":"guadeloupe","criticality_family":"aep","criticality_scenario":"rp1000","criticality_period_years":"1000","criticality_hazard":"storm_cmcc"},"geometry":{"type":"LineString","coordinates":[[-61.447223448888316,16.321074969152612],[-61.447307375931786,16.321516544770592],[-61.447272727071486,16.322325970984497],[-61.44738221848651,16.322690971602444],[-61.44728346055325,16.325028977102306]]}},{"type":"Feature","properties":{"feature_id":"hydraulic-native:aep-line-18621","layer_key":"eau_aep","layer_label":"Eau AEP","economic_unit_id":"hydraulic-native:aep-line-18621","economic_state":"S0","economic_exposure_eur":127997.0,"economic_damage_eur":2801.0,"economic_damage_ratio_pct":2.188,"economic_asset_count":1,"criticality_territory":"guadeloupe","criticality_family":"aep","criticality_scenario":"rp1000","criticality_period_years":"1000","criticality_hazard":"storm_cmcc"},"geometry":{"type":"LineString","coordinates":[[-61.44728346055325,16.325028977102306],[-61.44727238670043,16.325257468498865],[-61.44657616009623,16.32632424317227]]}},{"type":"Feature","properties":{"feature_id":"hydraulic-native:aep-line-18652","layer_key":"eau_aep","layer_label":"Eau AEP","economic_unit_id":"hydraulic-native:aep-line-18652","economic_state":"S0","economic_exposure_eur":874028.0,"economic_damage_eur":19122.0,"economic_damage_ratio_pct":2.188,"economic_asset_count":1,"criticality_territory":"guadeloupe","criticality_family":"aep","criticality_scenario":"rp1000","criticality_period_years":"1000","criticality_hazard":"storm_cmcc"},"geometry":{"type":"LineString","coordinates":[[-61.44435299262212,16.303851636144003],[-61.44515316743337,16.30544362128973],[-61.44515557136535,16.306522858895313],[-61.44470249451464,16.307229288303553],[-61.44459952645191,16.307570846042715],[-61.44440834165435,16.310483632176343],[-61.444342217588144,16.310738259752103],[-61.4435868925869,16.31166028545292],[-61.443574020662986,16.311923727878693],[-61.44388019177042,16.312426326321255],[-61.44448001973836,16.313151562205746]]}}],"metadata":{"source":"complete-analysis economic criticality reconstructed by generate_run_graphs","territory":"guadeloupe","family":"aep","scenario":"rp1000","scenario_label":"RP1000","period_years":"1000","hazard":"storm_cmcc","note":"Criticite economique reconstruite avec le moteur PML/interdependances utilise par state_damage_tables. Couleur: etat economique dominant par valeur exposee dans chaque zone hydraulique. Geometrie: geometries d'unites de service hydraulique. Epaisseur: valeur exposee pour les troncons lineaires. Controle carte: S0 12.2%, S1 0.0%, S2 0.0%, S3 87.8%; controle matrice: S0 12.2%, S1 0.0%, S2 0.0%, S3 87.8%. Unites cartographiees: 199/199 geometries, 199 unites economiques.","feature_count":199,"map_reference_pct":{"S0":12.155,"S1":0.0,"S2":0.0,"S3":87.845},"matrix_reference_pct":{"S0":12.155,"S1":0.0,"S2":0.0,"S3":87.845}}}