{"type":"FeatureCollection","features":[{"type":"Feature","properties":{"feature_id":"EU_BAIEMAHAULT_AGATHON","layer_key":"eau_eu","layer_label":"Eau EU","economic_unit_id":"EU_BAIEMAHAULT_AGATHON","economic_state":"S2","economic_exposure_eur":638541.0,"economic_damage_eur":77183.0,"economic_damage_ratio_pct":12.087,"economic_asset_count":27,"criticality_territory":"guadeloupe","criticality_family":"eu","criticality_scenario":"rp100","criticality_period_years":"100","criticality_hazard":"storm_cmcc"},"geometry":{"type":"Polygon","coordinates":[[[-61.55746018052787,16.256215372176925],[-61.55719661125402,16.257042627058702],[-61.55370433884563,16.257035084084357],[-61.553473517626,16.256763395046907],[-61.5534719431832,16.255382038356075],[-61.55278413854926,16.255328729164624],[-61.55263861094191,16.254791024482568],[-61.553796318724096,16.2535447675184],[-61.555332597470624,16.25340189082547],[-61.55790834401293,16.254986201189013],[-61.55833076728249,16.255970310169186],[-61.55832314266701,16.256215372298552],[-61.55746018052787,16.256215372176925]]]}},{"type":"Feature","properties":{"feature_id":"EU_BAIEMAHAULT_BIGLETTE","layer_key":"eau_eu","layer_label":"Eau EU","economic_unit_id":"EU_BAIEMAHAULT_BIGLETTE","economic_state":"S2","economic_exposure_eur":2313491.0,"economic_damage_eur":279640.0,"economic_damage_ratio_pct":12.087,"economic_asset_count":53,"criticality_territory":"guadeloupe","criticality_family":"eu","criticality_scenario":"rp100","criticality_period_years":"100","criticality_hazard":"storm_cmcc"},"geometry":{"type":"Polygon","coordinates":[[[-61.606805314489705,16.228082737523636],[-61.6068053175779,16.226215379416065],[-61.605714395689574,16.226215379232123],[-61.60779780324565,16.22409435156166],[-61.6090479030078,16.223542899262668],[-61.61180695787326,16.223229808359978],[-61.613763652699355,16.223710073120063],[-61.614861346377275,16.22451172529529],[-61.6168962923425,16.22773102374904],[-61.617186300537,16.229370377069387],[-61.616617195141394,16.230785052662426],[-61.615257397745786,16.231804928355835],[-61.61369771349756,16.23198688486076],[-61.61188877264862,16.231387277712972],[-61.60986852059156,16.232680812720048],[-61.60810441995803,16.23289261689058],[-61.606735747194534,16.232396124202502],[-61.60555936475158,16.231255547987683],[-61.60516413223811,16.230034969752424],[-61.60528416020865,16.228136046686778],[-61.606805314489705,16.228082737523636]],[[-61.61347198249813,16.226717611862544],[-61.61347198336044,16.226215380244405],[-61.613293471572675,16.22639018549168],[-61.61347198249813,16.226717611862544]]]}},{"type":"Feature","properties":{"feature_id":"EU_BAIEMAHAULT_CALVAIRE","layer_key":"eau_eu","layer_label":"Eau EU","economic_unit_id":"EU_BAIEMAHAULT_CALVAIRE","economic_state":"S2","economic_exposure_eur":2826776.0,"economic_damage_eur":341682.0,"economic_damage_ratio_pct":12.087,"economic_asset_count":34,"criticality_territory":"guadeloupe","criticality_family":"eu","criticality_scenario":"rp100","criticality_period_years":"100","criticality_hazard":"storm_cmcc"},"geometry":{"type":"MultiPolygon","coordinates":[[[[-61.63746015746863,16.23621538286312],[-61.63738583740375,16.23859973171914],[-61.63579349473578,16.238715382577723],[-61.635697592532125,16.239456065948733],[-61.63496016267985,16.239548715781982],[-61.63490498089325,16.240241464529475],[-61.634126830623956,16.240382048986184],[-61.63398130900752,16.241162071405633],[-61.63329349856805,16.241215382190315],[-61.63317378607106,16.241976912586043],[-61.63246016651218,16.242048715394393],[-61.63246016758723,16.242706362360064],[-61.62919123722044,16.242300166829708],[-61.62762663850606,16.240877445696725],[-61.62738487114886,16.238881979803775],[-61.62846593540732,16.237220367326252],[-61.62698236697331,16.235307238640637],[-61.627290315181156,16.23308273497619],[-61.629305303251535,16.23308273486862],[-61.6294250126976,16.23232120294021],[-61.630971971078935,16.232249401310405],[-61.63097197189027,16.231739193458633],[-61.63646122575317,16.23469977807328],[-61.63809136312284,16.236191303561345],[-61.63746015746863,16.23621538286312]],[[-61.63513863306565,16.234749400863617],[-61.635138633397716,16.234548715968298],[-61.634960154405334,16.234548715946524],[-61.63513863306565,16.234749400863617]]],[[[-61.63822353761901,16.236416067154934],[-61.638399709449885,16.23686083428643],[-61.638333928703524,16.23871538290039],[-61.637652725663024,16.238490881745374],[-61.63764492102841,16.236670679224336],[-61.63822353761901,16.236416067154934]]]]}},{"type":"Feature","properties":{"feature_id":"EU_BAIEMAHAULT_LESABRICO","layer_key":"eau_eu","layer_label":"Eau EU","economic_unit_id":"EU_BAIEMAHAULT_LESABRICO","economic_state":"S2","economic_exposure_eur":984342.0,"economic_damage_eur":118981.0,"economic_damage_ratio_pct":12.087,"economic_asset_count":44,"criticality_territory":"guadeloupe","criticality_family":"eu","criticality_scenario":"rp100","criticality_period_years":"100","criticality_hazard":"storm_cmcc"},"geometry":{"type":"MultiPolygon","coordinates":[[[[-61.62243525556208,16.251853442206432],[-61.62195557310243,16.25204871365972],[-61.62223317316831,16.2511809145924],[-61.62244607970713,16.250807234078533],[-61.62243525556208,16.251853442206432]]],[[[-61.62263860434696,16.253082736186386],[-61.62265270809936,16.250807234153726],[-61.62347194171235,16.250582736021432],[-61.62347923648042,16.250151645759708],[-61.62519923437196,16.250378470710416],[-61.626684950728674,16.251348012133374],[-61.62716655502898,16.25219296965865],[-61.6266550702879,16.254249550953695],[-61.625515004238494,16.255033988099413],[-61.62467361642882,16.2549657752748],[-61.623203529916545,16.254192208138267],[-61.622068844290254,16.253088813787286],[-61.62263860434696,16.253082736186386]]]]}},{"type":"Feature","properties":{"feature_id":"EU_BAIEMAHAULT_MINIBELLE","layer_key":"eau_eu","layer_label":"Eau EU","economic_unit_id":"EU_BAIEMAHAULT_MINIBELLE","economic_state":"S2","economic_exposure_eur":2351687.0,"economic_damage_eur":284257.0,"economic_damage_ratio_pct":12.087,"economic_asset_count":47,"criticality_territory":"guadeloupe","criticality_family":"eu","criticality_scenario":"rp100","criticality_period_years":"100","criticality_hazard":"storm_cmcc"},"geometry":{"type":"Polygon","coordinates":[[[-61.60246017688478,16.250556528480818],[-61.60096939978352,16.25317408825353],[-61.599268004400045,16.25423809926679],[-61.597671823917196,16.254449193282063],[-61.59639144105987,16.254108958672106],[-61.59523382781995,16.253216311028552],[-61.59359855296684,16.25050881961405],[-61.5933272611514,16.249096495471427],[-61.59386997548329,16.247085478498008],[-61.59474431356361,16.245996391497705],[-61.597259090121916,16.244773966791808],[-61.59763861870462,16.246416072459006],[-61.597638621673376,16.2446244564644],[-61.60004575435532,16.24390783106373],[-61.60162683321032,16.244383758440353],[-61.60162683382853,16.244749405251614],[-61.6023413850928,16.244860355147363],[-61.60327108957959,16.245997477972487],[-61.6034545004658,16.247931499221096],[-61.60295904912091,16.249548711125477],[-61.60246017521443,16.249548711440468],[-61.60246017688478,16.250556528480818]],[[-61.594960174272124,16.249548710501145],[-61.594960177365394,16.25141607291964],[-61.59597194397948,16.251416072792633],[-61.5959719456924,16.250382043934096],[-61.59543396453156,16.250380520251916],[-61.594960174272124,16.249548710501145]],[[-61.60013862008281,16.245382044620587],[-61.59996016800034,16.245382044598255],[-61.599960168332665,16.24558273881415],[-61.60013862008281,16.245382044620587]]]}},{"type":"Feature","properties":{"feature_id":"EU_BAIEMAHAULT_POINTEAD","layer_key":"eau_eu","layer_label":"Eau EU","economic_unit_id":"EU_BAIEMAHAULT_POINTEAD","economic_state":"S2","economic_exposure_eur":29660406.0,"economic_damage_eur":3585156.0,"economic_damage_ratio_pct":12.087,"economic_asset_count":291,"criticality_territory":"guadeloupe","criticality_family":"eu","criticality_scenario":"rp100","criticality_period_years":"100","criticality_hazard":"storm_cmcc"},"geometry":{"type":"MultiPolygon","coordinates":[[[[-61.61079348475615,16.234548712971538],[-61.6105913613649,16.23535796712944],[-61.60912681926071,16.235382046070377],[-61.60892469515055,16.23619130024583],[-61.60746015376509,16.23621537916898],[-61.60745386732735,16.239294102158514],[-61.60662682584441,16.239548712288975],[-61.60648130639987,16.240328735275877],[-61.605311709413336,16.240344694057793],[-61.6051386290737,16.23954871210352],[-61.60430562543041,16.239238862740436],[-61.604030925082604,16.241122729812695],[-61.60329349485303,16.241215378485194],[-61.602287080329816,16.242844693667003],[-61.60079349729886,16.242882044784693],[-61.60160190659119,16.243278007224756],[-61.6016268337552,16.244704222439385],[-61.60077406772417,16.24519990489942],[-61.59763861985237,16.245717198011846],[-61.597638623176586,16.243715377695615],[-61.59617408872059,16.243691298533737],[-61.59597195779522,16.243074020344814],[-61.59496016419465,16.243476840957193],[-61.59496016494417,16.243916072732766],[-61.59569759392629,16.24400871958569],[-61.59579349976228,16.244749405982237],[-61.597340452375406,16.244821206213654],[-61.59746016825071,16.24572946643697],[-61.592639320711804,16.245638095481905],[-61.591944406430706,16.247824146308183],[-61.59180528991267,16.24413392798615],[-61.59094853949139,16.244129686679404],[-61.591036503633404,16.245038886279904],[-61.58829350124284,16.246215376438187],[-61.58829350295526,16.24724940698834],[-61.589935246219916,16.248278007819977],[-61.589960173777,16.249629542872174],[-61.5876928440229,16.25075331141126],[-61.585138613108654,16.250797065246783],[-61.58515271684633,16.248307235502228],[-61.58597195117699,16.247882042756917],[-61.584126836808025,16.247882042523578],[-61.58412684159042,16.250779452935184],[-61.578393609785095,16.250088015829895],[-61.57763861609854,16.249617183136994],[-61.5777129434949,16.249031721792],[-61.578471950478246,16.24891607494006],[-61.578645039229606,16.24812009120324],[-61.58013861863178,16.247882042018155],[-61.57778414350929,16.247828732040382],[-61.57763862035063,16.24704870839466],[-61.576843950960544,16.24688150150942],[-61.57680528956082,16.24558109659319],[-61.576031415078205,16.244548708238955],[-61.57562041407931,16.2453446906273],[-61.5745555797714,16.245382041137145],[-61.574086181966145,16.243810760732355],[-61.571677176998136,16.244304351236206],[-61.56737712059386,16.244174797297184],[-61.563908723175714,16.244947620344973],[-61.563370341653055,16.246750935201415],[-61.56246016598806,16.24704870645474],[-61.56231464359411,16.24782873041945],[-61.558293500163245,16.24788203922459],[-61.55796606151951,16.248715372097397],[-61.55364503964834,16.248678021359744],[-61.55347195698822,16.24704870529628],[-61.5526527233713,16.246824211874422],[-61.552638626529834,16.245382038576533],[-61.551901196395384,16.245289391653532],[-61.55180529469137,16.2445487051627],[-61.55145374599461,16.245344687891002],[-61.55037101126592,16.24536841737371],[-61.550138628254835,16.244548704946844],[-61.54931158691194,16.24429410057483],[-61.549343961010614,16.242416615304695],[-61.550971966659596,16.241416078281386],[-61.55097196837134,16.24038203852483],[-61.550152734264664,16.240157545196332],[-61.550138638689475,16.23823821664982],[-61.550874177896446,16.23819626920004],[-61.5518434463726,16.234617546043378],[-61.55400779327659,16.232972761676173],[-61.556626808132286,16.232698889726645],[-61.557404962896264,16.233223322697032],[-61.557460143602775,16.233916077256524],[-61.55821915689844,16.234031723112754],[-61.55829347842283,16.234749410503134],[-61.56134150402595,16.234749409798653],[-61.56210063567553,16.233917599350843],[-61.56314796354684,16.23396938454799],[-61.5633452259473,16.234667991078872],[-61.571155761280586,16.234109491405846],[-61.57432288675689,16.233058249131034],[-61.57521200823456,16.233664198812953],[-61.582638640655055,16.234364787519297],[-61.58347197463341,16.233916073932527],[-61.58359168242077,16.233154540702692],[-61.58430530923299,16.233082740472963],[-61.58438260066611,16.230375450066397],[-61.58652594664692,16.230843741037376],[-61.59044323560854,16.23292830563113],[-61.591665362687216,16.234548710592524],[-61.59106787192606,16.23445606212166],[-61.59079348086817,16.233715377164046],[-61.59079348395802,16.23558273971598],[-61.59153091713923,16.235675386486],[-61.59162681877565,16.236416072965124],[-61.59407981762765,16.236569837362637],[-61.5941268204702,16.237249406004743],[-61.595138634214585,16.23724940587764],[-61.59523453626187,16.236508719542066],[-61.595971968815384,16.236416072418937],[-61.59723704160028,16.233256897282907],[-61.59847197392581,16.233124119573777],[-61.598704349889196,16.23226302536882],[-61.60134634954127,16.232249404671755],[-61.60513864536834,16.229701805244478],[-61.605258352460645,16.228154538506516],[-61.606805314489705,16.228082737523636],[-61.6068053175779,16.226215379416065],[-61.60537101815387,16.22620175800397],[-61.60513865251092,16.2253820459024],[-61.604070790112345,16.22538204573823],[-61.60607490826901,16.224591317420348],[-61.60897541222495,16.225044797336597],[-61.61106148537218,16.22711260858403],[-61.612037523231855,16.231264252431597],[-61.61179865481178,16.234234550297415],[-61.61079348475615,16.234548712971538]],[[-61.575861027887875,16.243082741811246],[-61.57595614020838,16.241991937222604],[-61.57579349270692,16.242021076511183],[-61.575861027887875,16.243082741811246]],[[-61.60013862526955,16.242249405375425],[-61.60013862560181,16.242048711396826],[-61.59912682904336,16.24204871127018],[-61.60013862526955,16.242249405375425]]],[[[-61.55895374844637,16.248953426759613],[-61.55912683702131,16.2499560950193],[-61.556805284641044,16.250191399329356],[-61.557638618608244,16.249749410960444],[-61.55766354465262,16.249111342809595],[-61.55895374844637,16.248953426759613]]],[[[-61.57736426287344,16.247342054611213],[-61.57736426484465,16.248622727254478],[-61.576742210028954,16.248715374909754],[-61.57604627913829,16.247365055236028],[-61.57736426287344,16.247342054611213]]],[[[-61.591204342594565,16.248096359977673],[-61.5917707859137,16.248082739915937],[-61.59097194878714,16.248918541829873],[-61.591204342594565,16.248096359977673]]],[[[-61.596571634456375,16.233574795362223],[-61.595058789156795,16.233715377719108],[-61.59565033984056,16.23269997576679],[-61.59662052025782,16.231670680114096],[-61.596571634456375,16.233574795362223]]],[[[-61.60347195539893,16.243916071667037],[-61.60361747987848,16.24313604715969],[-61.604305290001,16.243082738208944],[-61.60445081391517,16.242302713723223],[-61.60597195782554,16.242249404647055],[-61.606925005863594,16.24065453857486],[-61.607964532537736,16.240582737302947],[-61.60573863455491,16.243481496206115],[-61.603955307562515,16.244319811903196],[-61.60263862161832,16.244232391113716],[-61.60347195539893,16.243916071667037]]]]}},{"type":"Feature","properties":{"feature_id":"EU_BAIEMAHAULT_TRIONCELLE","layer_key":"eau_eu","layer_label":"Eau EU","economic_unit_id":"EU_BAIEMAHAULT_TRIONCELLE","economic_state":"S2","economic_exposure_eur":60211847.0,"economic_damage_eur":7278014.0,"economic_damage_ratio_pct":12.087,"economic_asset_count":911,"criticality_territory":"guadeloupe","criticality_family":"eu","criticality_scenario":"rp100","criticality_period_years":"100","criticality_hazard":"storm_cmcc"},"geometry":{"type":"MultiPolygon","coordinates":[[[[-61.60278412932408,16.26116206761888],[-61.60263859489784,16.260382044439737],[-61.601819362509104,16.260157546858654],[-61.601805264799225,16.25848484320834],[-61.60104374809151,16.258422198119618],[-61.59994824071505,16.26319406692097],[-61.597099324356584,16.265163492976587],[-61.596222555928485,16.266525014252377],[-61.59220562631816,16.267342055200643],[-61.58814900753422,16.268877586285157],[-61.587327109671726,16.269748986846427],[-61.5841268741018,16.27038204178385],[-61.584030958476255,16.2711227273021],[-61.58329354204499,16.271215374984305],[-61.58329235194618,16.274255888202152],[-61.58273805363187,16.274214767362462],[-61.58027982134421,16.273139130073925],[-61.58180524468134,16.27224940843187],[-61.58180524935942,16.269424105220388],[-61.58093277368248,16.268715374780303],[-61.578645022358714,16.26867802359553],[-61.57847192023044,16.26716772705572],[-61.57490409235881,16.26524265389569],[-61.574126864534804,16.265382040678578],[-61.57379939479049,16.26621537355144],[-61.57203766698683,16.26620175271418],[-61.57180525742847,16.26538204038252],[-61.57021292312119,16.26526639242498],[-61.570138595134054,16.26288204025185],[-61.56934392872541,16.26271483411248],[-61.56930526467742,16.26121537353344],[-61.56683019179748,16.2610201059871],[-61.56525138535462,16.257391047535677],[-61.56508535604646,16.254555594406575],[-61.566450081562245,16.251754958950553],[-61.56906519377571,16.250243568101563],[-61.571453750480266,16.250620092048397],[-61.57162684106722,16.251416075874072],[-61.57392470228242,16.251440153091917],[-61.57430527885537,16.252249408886545],[-61.57433020665954,16.250778008670068],[-61.5751386148365,16.25058274207223],[-61.5752583323122,16.249821208492275],[-61.57763861587758,16.249749408400046],[-61.57769380133074,16.2490566548346],[-61.57847195097679,16.248610933780405],[-61.58300877030052,16.248825243282866],[-61.584126837727,16.248452662733023],[-61.584126842039225,16.25104821862916],[-61.58513861348274,16.25058274080321],[-61.58514264142606,16.24835211375459],[-61.588099634197526,16.248448795694653],[-61.588831488391776,16.24725092962575],[-61.589960172481966,16.248847769733292],[-61.59180528361203,16.247951631081936],[-61.591805290510386,16.243785848733726],[-61.593522746442716,16.243464195648624],[-61.59496016453987,16.24367319789291],[-61.595719173360834,16.24403172023018],[-61.59579349976228,16.244749405982237],[-61.59693781000536,16.244849956995],[-61.59746016939854,16.246416072481367],[-61.5976600390847,16.24578747229605],[-61.59793840261303,16.246345167031958],[-61.598268120474685,16.248139447413955],[-61.602079292964696,16.248200729852034],[-61.60419419712756,16.249270339902317],[-61.604484526569635,16.249548711541816],[-61.60246017521443,16.249548711440468],[-61.60246017830769,16.25141607198033],[-61.60319760336679,16.251508719045027],[-61.60329351312593,16.252249405230387],[-61.60359166143577,16.25148787242796],[-61.6043052762001,16.251416071750022],[-61.60466159384203,16.249749404661177],[-61.605583757484375,16.251481635477674],[-61.607872270507094,16.252358194422413],[-61.609597966040695,16.254169468340223],[-61.611626850494105,16.25406339546745],[-61.61139445030394,16.254535091162914],[-61.609960184434826,16.25454871221028],[-61.60966482447101,16.255380521857518],[-61.60861746758761,16.255328735053702],[-61.60847193712276,16.254548712025287],[-61.607460184123056,16.25454871189941],[-61.60740499874118,16.255241462345708],[-61.60662685269988,16.255773803709452],[-61.61597193441632,16.25558273707144],[-61.61597193701869,16.25400874971061],[-61.619120733902676,16.252249063366826],[-61.61996018140762,16.25197488791304],[-61.61990499658047,16.252741463256164],[-61.61912684981082,16.253082736619234],[-61.62139444890677,16.25309635649147],[-61.621805269742495,16.253916069643136],[-61.62190118088125,16.25317538413692],[-61.62263860434696,16.253082736186386],[-61.62263860628787,16.25190494845815],[-61.62342285404551,16.25209179194128],[-61.6257080308339,16.253711940994332],[-61.62661853403145,16.25621538087549],[-61.62412685561905,16.256215380573053],[-61.62403094536071,16.256956064510142],[-61.62329352356393,16.25704871377645],[-61.62296147942605,16.258916286656714],[-61.623981324036855,16.258969378690185],[-61.624126861476135,16.25974940283641],[-61.62640336277586,16.259749402344603],[-61.627460196989055,16.26083064703865],[-61.62746020074567,16.26308273584365],[-61.62828165650355,16.26308273573758],[-61.62803679440912,16.265011491000724],[-61.62927705920781,16.266893185076775],[-61.63011478961682,16.27094816066149],[-61.62958997640446,16.273751497354063],[-61.62738860249853,16.275734357380742],[-61.624305232762424,16.276009428391717],[-61.62437957220206,16.2748650517935],[-61.62597190131871,16.27474940298452],[-61.6269011569649,16.27317538403131],[-61.627638570532284,16.27308273607168],[-61.62769376474708,16.27155665163585],[-61.62847190652151,16.27141606926119],[-61.62847190961905,16.269548714000628],[-61.62680682052381,16.269263395869515],[-61.626830174649264,16.2674446729401],[-61.62763858020834,16.26724940259254],[-61.62763858468678,16.26454871406319],[-61.62662686974046,16.264548713939067],[-61.62639445601367,16.26536842592439],[-61.62496020425038,16.265382047040287],[-61.624960207181715,16.267148463282194],[-61.62575880150211,16.26815675547934],[-61.62641609383147,16.27152793362658],[-61.62562043841951,16.272844695329855],[-61.62373550336352,16.272875968097107],[-61.6226385742862,16.271215379895946],[-61.621145017639975,16.27117802821131],[-61.620971909221076,16.27038204638481],[-61.61933017250917,16.26935344172204],[-61.61931153995107,16.267504013046842],[-61.619768734979196,16.26724940339313],[-61.61884534994433,16.26611578716691],[-61.61974775972144,16.264438440312958],[-61.617398762833496,16.263582934346545],[-61.616091647005874,16.263643577028287],[-61.61597192277168,16.262590097778784],[-61.61416801064552,16.2603820458869],[-61.611626860976536,16.260382045558572],[-61.61148132591106,16.26116206854139],[-61.61043396252177,16.261213855093967],[-61.61015269514477,16.25997390130958],[-61.61097192817336,16.2597487732001],[-61.605536701727836,16.259330586095853],[-61.604960192396796,16.259729159804653],[-61.60494609385017,16.260990880378642],[-61.60278412932408,16.26116206761888]],[[-61.61930526764253,16.255382046673233],[-61.61912685362057,16.255382046651214],[-61.61912108749975,16.255957349960287],[-61.61930526764253,16.255382046673233]]],[[[-61.61359164919018,16.26232120499864],[-61.61488586534289,16.262365052310763],[-61.614960200784985,16.26404318106164],[-61.61347192175671,16.26339905770299],[-61.61359164919018,16.26232120499864]]],[[[-61.619007147009604,16.269821204589093],[-61.61905254397288,16.271099729565936],[-61.61775830563971,16.27114357698952],[-61.61766350526764,16.269944673389876],[-61.619007147009604,16.269821204589093]]],[[[-61.619052541835785,16.2694330629366],[-61.617758307393615,16.269476910366862],[-61.61771291476827,16.268198385552388],[-61.618924714911266,16.268106814922252],[-61.619052541835785,16.2694330629366]]]]}},{"type":"Feature","properties":{"feature_id":"EU_BAILLIF_BAILLIF","layer_key":"eau_eu","layer_label":"Eau EU","economic_unit_id":"EU_BAILLIF_BAILLIF","economic_state":"S2","economic_exposure_eur":14911420.0,"economic_damage_eur":1802395.0,"economic_damage_ratio_pct":12.087,"economic_asset_count":254,"criticality_territory":"guadeloupe","criticality_family":"eu","criticality_scenario":"rp100","criticality_period_years":"100","criticality_hazard":"storm_cmcc"},"geometry":{"type":"MultiPolygon","coordinates":[[[[-61.732445721769494,16.01515755449533],[-61.73179458687122,16.015382067879955],[-61.73204724096202,16.01452437700254],[-61.732314440643364,16.013969363149947],[-61.732445721769494,16.01515755449533]]],[[[-61.74745982300568,16.024749382490945],[-61.748293156917065,16.02506572522513],[-61.748238032645055,16.026074809525074],[-61.7474598253958,16.026215402623677],[-61.74745982694183,16.027162459278316],[-61.743472292292395,16.028085064825653],[-61.74356809904353,16.027342036965624],[-61.74513896148002,16.02641604945952],[-61.7443798763614,16.02609974436824],[-61.744305629932725,16.02538206896323],[-61.744052244844994,16.0269330777018],[-61.74329315962036,16.02704873546145],[-61.74312025472701,16.02784471474462],[-61.742149203269186,16.027863914166886],[-61.73847229603907,16.026155382453442],[-61.738617668643144,16.025636029474775],[-61.73930563020838,16.02558271676285],[-61.739305631894084,16.024548735093564],[-61.73895358592627,16.025344714403563],[-61.73769655234072,16.025382068186023],[-61.736556718125186,16.02306271067912],[-61.73416633947345,16.022863458280362],[-61.73207640720568,16.02142105396577],[-61.73347230573159,16.020582717299533],[-61.73359189223811,16.019821189559945],[-61.73430564032197,16.019749383851078],[-61.73442522636766,16.018987856138402],[-61.735098428706515,16.018916050420362],[-61.73513897659723,16.017882068173428],[-61.73431192853255,16.017627440484166],[-61.73431193142521,16.015837343316612],[-61.73597231493367,16.01474938353859],[-61.73597231797552,16.012882068431214],[-61.73514526975604,16.012627440550713],[-61.73513898889799,16.01032956981052],[-61.73731628109447,16.008056240210568],[-61.73929299743809,16.00732928675759],[-61.74205717154939,16.00747092425305],[-61.743515997807016,16.006416049124805],[-61.74490467341644,16.00738997409261],[-61.74495979692737,16.008916049046807],[-61.74567355101818,16.0089878549482],[-61.746389793164234,16.010024606732394],[-61.746854719529985,16.01209910012298],[-61.74803996772746,16.013723490046136],[-61.747486267368416,16.014826998402327],[-61.74745982300568,16.024749382490945]]]]}},{"type":"Feature","properties":{"feature_id":"EU_BASSETERRE_BAILLIF","layer_key":"eau_eu","layer_label":"Eau EU","economic_unit_id":"EU_BASSETERRE_BAILLIF","economic_state":"S2","economic_exposure_eur":29734205.0,"economic_damage_eur":3594076.0,"economic_damage_ratio_pct":12.087,"economic_asset_count":482,"criticality_territory":"guadeloupe","criticality_family":"eu","criticality_scenario":"rp100","criticality_period_years":"100","criticality_hazard":"storm_cmcc"},"geometry":{"type":"MultiPolygon","coordinates":[[[[-61.74662647362602,16.014971389788947],[-61.741688580886034,16.015086583507937],[-61.737739016249456,16.014012316489275],[-61.7351389856519,16.012321844881928],[-61.73513899187066,16.00849479879886],[-61.73244758476012,16.007650315796436],[-61.731626460405344,16.007882068101498],[-61.73142455750935,16.008691320678675],[-61.72995979490638,16.00871540121808],[-61.729757891293666,16.009524653811454],[-61.72706891827042,16.009542655275975],[-61.726805659208964,16.00871540085871],[-61.72599722269576,16.008520117165553],[-61.72597232869117,16.007048734151365],[-61.72434428170079,16.006881514130022],[-61.72402077946704,16.00454873393994],[-61.722459787267354,16.00454873383145],[-61.72219653399177,16.005375988199493],[-61.71995978833786,16.00538206685113],[-61.71912645706653,16.00672609039343],[-61.71645999216523,16.00554590061394],[-61.71246545375874,16.002571485105484],[-61.71021708054035,15.999748688808122],[-61.70994622519933,15.997546572504389],[-61.711107156090016,15.992757108585561],[-61.71282031688596,15.990902863190987],[-61.71536811389749,15.989407008778436],[-61.71717484552386,15.986898269789323],[-61.72012776744522,15.98574502881442],[-61.720735506520555,15.984749384502502],[-61.722286886480816,15.984786736933216],[-61.722459759122266,15.987249384398316],[-61.72489820228391,15.986684916763284],[-61.730902496306605,15.992507395282539],[-61.73379137197264,15.99691475789768],[-61.74321888328263,16.004865039017766],[-61.74645357420149,16.010620068398893],[-61.74662647362602,16.014971389788947]],[[-61.72162642672233,15.98788206761316],[-61.72162642704859,15.988082717847638],[-61.72180569339409,15.988082717827105],[-61.72162642672233,15.98788206761316]],[[-61.74097231737117,16.01288206899635],[-61.7407931362515,16.012882068976133],[-61.74079313657833,16.0130827162858],[-61.74097231737117,16.01288206899635]],[[-61.74180564924655,16.01371540239643],[-61.7416264710361,16.013715402376228],[-61.741626471362956,16.01391604954575],[-61.74180564924655,16.01371540239643]],[[-61.743472314028,16.014749382691733],[-61.74347231435487,16.014548735890276],[-61.74245980582074,16.014548735776245],[-61.743472314028,16.014749382691733]]],[[[-61.72484021449741,16.007321190076027],[-61.724885553424826,16.008599743397703],[-61.723591904005715,16.008643593624626],[-61.723486411614765,16.00747389628576],[-61.72484021449741,16.007321190076027]]]]}},{"type":"Feature","properties":{"feature_id":"EU_BOUILLANTE_FONTAINEC","layer_key":"eau_eu","layer_label":"Eau EU","economic_unit_id":"EU_BOUILLANTE_FONTAINEC","economic_state":"S2","economic_exposure_eur":20015481.0,"economic_damage_eur":2419341.0,"economic_damage_ratio_pct":12.087,"economic_asset_count":500,"criticality_territory":"guadeloupe","criticality_family":"eu","criticality_scenario":"rp100","criticality_period_years":"100","criticality_hazard":"storm_cmcc"},"geometry":{"type":"MultiPolygon","coordinates":[[[[-61.75407152077309,16.13940814094982],[-61.75319027931899,16.13954873281268],[-61.753634159499924,16.138804133485902],[-61.75410176321117,16.13827799958915],[-61.75407152077309,16.13940814094982]]],[[[-61.753546396459626,16.141531706939787],[-61.75484035584417,16.141487856573555],[-61.75488572570231,16.142766409220297],[-61.75367414436729,16.142857985541887],[-61.753546396459626,16.141531706939787]]],[[[-61.763478407234764,16.13262744001389],[-61.76361757147913,16.130636029244016],[-61.76659253276905,16.1307591553908],[-61.765978410971954,16.13012744009205],[-61.76597212678807,16.127565724909367],[-61.766805460572904,16.127249382884337],[-61.76680546227074,16.126215401496832],[-61.766027283025096,16.12607480857163],[-61.76597213089305,16.12506572491941],[-61.76680546500721,16.124548734884975],[-61.764621275723904,16.12454819048403],[-61.76620895469603,16.12224938259486],[-61.770138801721835,16.122249382392287],[-61.77023465450094,16.121508703073157],[-61.77097213632486,16.12141604894649],[-61.77097213802199,16.12038206881441],[-61.77021308821637,16.12026641075877],[-61.7701388062836,16.11946752132125],[-61.77329331425717,16.119542805932486],[-61.77329331869986,16.122249382045528],[-61.77407149907899,16.12238997367078],[-61.774126653981384,16.123399058259146],[-61.773293321106465,16.123715402293197],[-61.77377998150018,16.126180905992143],[-61.773323049881135,16.12704925430765],[-61.773533854640185,16.12919864346165],[-61.77278679185501,16.129626291420266],[-61.77286548056221,16.130523744712377],[-61.77337798962895,16.134293107427897],[-61.77405852602679,16.13454812478702],[-61.77501895236875,16.13882037839267],[-61.77472351058528,16.14086321317065],[-61.775633602803715,16.148359450442296],[-61.77628205157775,16.149259359418664],[-61.77587086106898,16.150261958445405],[-61.777160136063486,16.156158680734233],[-61.776996208507434,16.168785667880737],[-61.77757311712826,16.170030035491887],[-61.776910708583024,16.17334867228305],[-61.775793403608944,16.17371540092067],[-61.775529922376386,16.174542655263647],[-61.772693882934355,16.174408141341022],[-61.7726938848338,16.17322330775043],[-61.773472051069554,16.17308271662879],[-61.77354635539052,16.17236503931163],[-61.7743053860083,16.172048734145914],[-61.77356792842811,16.171956078859516],[-61.77347205414557,16.171215400748657],[-61.771879690119796,16.17109974307044],[-61.771811680682234,16.169170676078267],[-61.77263872469736,16.168916049949367],[-61.772638726400174,16.167882067433744],[-61.771901266754604,16.167789412165614],[-61.771805394537196,16.167048734036342],[-61.77015282314567,16.166824220431145],[-61.770152827446275,16.16414056211183],[-61.771805401067134,16.163082716561714],[-61.77181169413914,16.160837342731323],[-61.77263873841766,16.160582716407685],[-61.772638740119476,16.159548734375033],[-61.77190127645568,16.15945607903653],[-61.771805408255695,16.15871540097762],[-61.76976592565422,16.1587154005834],[-61.77050158306555,16.157256916849303],[-61.76976042344936,16.155569431497394],[-61.76953845412272,16.15278605001647],[-61.765276964418376,16.150390936564172],[-61.76347209000815,16.150131313226478],[-61.76430542389214,16.1497493837219],[-61.764537716588066,16.148929671353066],[-61.76768201151242,16.148916049972417],[-61.76496002451981,16.146650008691203],[-61.7632933583438,16.147048733756566],[-61.76306107060033,16.147868444914973],[-61.76117414086113,16.147857986158588],[-61.76097209539533,16.147048733499478],[-61.76014033861734,16.146763398241003],[-61.76016367944342,16.14494466611124],[-61.760972099505956,16.14454873358176],[-61.75953771784217,16.14453511130842],[-61.75930543440731,16.143715400090944],[-61.75829335230959,16.143715399978554],[-61.7590880398573,16.144083269065778],[-61.759120399158384,16.14512743988087],[-61.75790220741249,16.145375987632544],[-61.75763876656883,16.144548733211717],[-61.75617414319847,16.144524652414653],[-61.75597210147071,16.143715399720406],[-61.75514505741245,16.143460773061783],[-61.755177417583525,16.141583269304885],[-61.756805439854354,16.140582717658212],[-61.75599702033522,16.14018678314654],[-61.75606796871362,16.139008704469518],[-61.7584721090619,16.138916050764692],[-61.75852726745237,16.138223308197663],[-61.75930544366564,16.138082717318028],[-61.760371056041045,16.136429671498647],[-61.76145367199152,16.136453402948394],[-61.76180544473817,16.137249383686633],[-61.76186060387005,16.135723307962035],[-61.76347211531503,16.134749383439733],[-61.76359177140502,16.133987855711514],[-61.76430544991876,16.13391604999344],[-61.764401308115,16.13317537038653],[-61.766331472562946,16.132880544167502],[-61.763478407234764,16.13262744001389]],[[-61.76079334332833,16.13808271715294],[-61.760972110134325,16.138082717133113],[-61.76097211046406,16.137882067134456],[-61.76079334332833,16.13808271715294]],[[-61.76829336333637,16.1497493832817],[-61.768472090066275,16.149749383262005],[-61.76847209020861,16.149663958479962],[-61.76829336333637,16.1497493832817]]],[[[-61.769958472406984,16.160930065005743],[-61.76955684011066,16.16121540039398],[-61.76948030887854,16.160065471286313],[-61.769632726013256,16.159749382995038],[-61.769958472406984,16.160930065005743]]],[[[-61.779305379599975,16.17558271605288],[-61.77947841729512,16.174786735372233],[-61.78045860685438,16.174749382198],[-61.77847204456409,16.176662780817377],[-61.7784720458127,16.175899058048078],[-61.779305379599975,16.17558271605288]]]]}},{"type":"Feature","properties":{"feature_id":"EU_CAPESTERREBELLEEAU_DUMANOIR","layer_key":"eau_eu","layer_label":"Eau EU","economic_unit_id":"EU_CAPESTERREBELLEEAU_DUMANOIR","economic_state":"S2","economic_exposure_eur":32491399.0,"economic_damage_eur":3927348.0,"economic_damage_ratio_pct":12.087,"economic_asset_count":536,"criticality_territory":"guadeloupe","criticality_family":"eu","criticality_scenario":"rp100","criticality_period_years":"100","criticality_hazard":"storm_cmcc"},"geometry":{"type":"MultiPolygon","coordinates":[[[[-61.57661241599046,16.044324215354855],[-61.57495983460821,16.04454871467256],[-61.57486402817434,16.045289398641735],[-61.57412650252879,16.045382047872394],[-61.57465814708172,16.046878527635336],[-61.57323804808092,16.050241464050295],[-61.57245984381378,16.050382047496797],[-61.572286930012105,16.05117802928167],[-61.570284237804074,16.051215380414632],[-61.56894295461587,16.052249404469197],[-61.56993494626623,16.05244467409385],[-61.569959850627434,16.054749404555775],[-61.57097227091535,16.05474940442616],[-61.571479406105546,16.053916070895404],[-61.57085882728925,16.05566664001488],[-61.56928082375355,16.057517298984244],[-61.567118641273275,16.058478571016195],[-61.56278818535482,16.058664310724783],[-61.56266383660946,16.05661134122322],[-61.56430560412612,16.055382046288678],[-61.55771319166525,16.05526639607645],[-61.557638941097736,16.05371537881706],[-61.5559971765891,16.052686775246716],[-61.555997179595664,16.05077800817898],[-61.55680561299639,16.050582739479175],[-61.55697852777076,16.049786756094374],[-61.55787461945677,16.04974940575905],[-61.559748828305885,16.04703627000205],[-61.5601940824954,16.044889986978955],[-61.56183186215215,16.04391607198769],[-61.56347229364194,16.041459368950907],[-61.56431192364659,16.034170680697176],[-61.565138972710145,16.033721379644057],[-61.56521322012969,16.032365053066563],[-61.56597230833044,16.03224940451465],[-61.56602743438214,16.03072331972759],[-61.56680564426835,16.03058273770007],[-61.56700755907919,16.029773482266574],[-61.56847231206638,16.029749404132446],[-61.56848639834809,16.028307235170946],[-61.56930564800398,16.028082737318055],[-61.569451013611086,16.026469379785738],[-61.57139433907811,16.026429690512074],[-61.571805649021876,16.02724940364415],[-61.57180565070795,16.026215381532147],[-61.57028434647527,16.02616207075698],[-61.57013898610767,16.02506572532862],[-61.57097231987845,16.02474940368945],[-61.57111768241301,16.023969379559013],[-61.57180565445677,16.023916070229028],[-61.57180565585656,16.023058001275214],[-61.57366189171023,16.023865356147965],[-61.575002396791035,16.025382048647987],[-61.57486400606071,16.026122732438864],[-61.57412647125559,16.026215381828838],[-61.57492118420654,16.026583278303907],[-61.57492118602743,16.027714838640296],[-61.57367422566625,16.027857969158216],[-61.573293139174325,16.027048715028613],[-61.57319734116673,16.027789398914695],[-61.57245980709307,16.027882048228328],[-61.572184237499776,16.03029242257365],[-61.5727771461407,16.032249403540355],[-61.57328686312009,16.032504013708667],[-61.573291066508105,16.035933402067133],[-61.57448844236425,16.03928231084014],[-61.57412665699623,16.039749403654397],[-61.57486402142136,16.039842051459054],[-61.57495982813404,16.04058273690175],[-61.5763943459583,16.040596356897478],[-61.57661241599046,16.044324215354855]],[[-61.56579318887161,16.058082738505423],[-61.567638932590285,16.058082738268514],[-61.56763893291825,16.05788204663543],[-61.56579318887161,16.058082738505423]],[[-61.56847227125653,16.05474940474639],[-61.56847227472051,16.05261225695969],[-61.567459848397405,16.053586776209347],[-61.56745985030607,16.054749404876226],[-61.56847227125653,16.05474940474639]]],[[[-61.57263894007778,16.053082737505356],[-61.57278432401922,16.051469379923642],[-61.57490471643594,16.051556652618565],[-61.574934947348446,16.0526867762545],[-61.57412651540571,16.05327658488937],[-61.57180560630586,16.05339905854809],[-61.57263894007778,16.053082737505356]]],[[[-61.57356810598528,16.034456065414663],[-61.57356810984991,16.03150871814706],[-61.57650379028386,16.03148564422403],[-61.57662019976794,16.03429410337437],[-61.57356810598528,16.034456065414663]]],[[[-61.57514526729743,16.02679410331521],[-61.57518352496776,16.02574039318079],[-61.57575498821459,16.02704871532365],[-61.57514526729743,16.02679410331521]]],[[[-61.57763894925322,16.047048714932863],[-61.57681970160667,16.04682421524634],[-61.57703777357861,16.044763023588743],[-61.57792947397776,16.044749402973718],[-61.57820174780489,16.045411394090838],[-61.57838868113488,16.047131801643403],[-61.57796606011515,16.047882047894234],[-61.57763894925322,16.047048714932863]]],[[[-61.5768798760967,16.039865052224606],[-61.57817357040112,16.039821204358766],[-61.57784753294331,16.04121538162717],[-61.57700755049299,16.041191302479586],[-61.5768798760967,16.039865052224606]]]]}},{"type":"Feature","properties":{"feature_id":"EU_CAPESTERREBELLEEAU_MINIARCE","layer_key":"eau_eu","layer_label":"Eau EU","economic_unit_id":"EU_CAPESTERREBELLEEAU_MINIARCE","economic_state":"S2","economic_exposure_eur":1476545.0,"economic_damage_eur":178475.0,"economic_damage_ratio_pct":12.087,"economic_asset_count":12,"criticality_territory":"guadeloupe","criticality_family":"eu","criticality_scenario":"rp100","criticality_period_years":"100","criticality_hazard":"storm_cmcc"},"geometry":{"type":"MultiPolygon","coordinates":[[[[-61.570786967040036,16.097504013871994],[-61.5707869699496,16.09929410260544],[-61.569959923938214,16.099548712242385],[-61.5699057994652,16.10023982238078],[-61.56623556055429,16.100375966574],[-61.56579325673573,16.09954871170824],[-61.56579325836916,16.100544443131394],[-61.56516284564808,16.099916031327904],[-61.565096101152896,16.098565483544167],[-61.56563489772851,16.097562898002693],[-61.566257658178145,16.097069422407824],[-61.56646628880667,16.095954407959564],[-61.5671279414426,16.09536296045705],[-61.56910596722837,16.094878330354973],[-61.570371017570345,16.095287093234795],[-61.570793250945556,16.095624617239412],[-61.570786964591925,16.095960769304124],[-61.569959918475455,16.09621537901772],[-61.569959920169914,16.09724940560182],[-61.570786967040036,16.097504013871994]]],[[[-61.57158468077443,16.098916072080026],[-61.57097219699857,16.09991076190416],[-61.570972198087695,16.09923239169736],[-61.57158468077443,16.098916072080026]]]]}},{"type":"Feature","properties":{"feature_id":"EU_CAPESTERREBELLEEAU_MINIOR","layer_key":"eau_eu","layer_label":"Eau EU","economic_unit_id":"EU_CAPESTERREBELLEEAU_MINIOR","economic_state":"S2","economic_exposure_eur":1299305.0,"economic_damage_eur":157051.0,"economic_damage_ratio_pct":12.087,"economic_asset_count":33,"criticality_territory":"guadeloupe","criticality_family":"eu","criticality_scenario":"rp100","criticality_period_years":"100","criticality_hazard":"storm_cmcc"},"geometry":{"type":"Polygon","coordinates":[[[-61.575718928800285,16.05319838579194],[-61.575793184708374,16.054749403810234],[-61.57648113414788,16.05480271290745],[-61.576543217665595,16.05526642188708],[-61.575765246819095,16.057479100329914],[-61.57514713171852,16.057962006715822],[-61.574366583720064,16.05810613777721],[-61.571680639883,16.057112636498022],[-61.57117596044419,16.056514545416217],[-61.57102424545776,16.055756690623245],[-61.57175736667054,16.05451699848411],[-61.57198538856227,16.05350625589431],[-61.57263894007778,16.053082737505356],[-61.572890203488036,16.052503996366315],[-61.57378058707384,16.052184968125147],[-61.574959847406646,16.052392039109478],[-61.57481446625815,16.05282873718833],[-61.57412651477769,16.052882047628426],[-61.57412651510554,16.053082737315297],[-61.575718928800285,16.05319838579194]]]}},{"type":"Feature","properties":{"feature_id":"EU_CAPESTERREBELLEEAU_MINIPRIVE","layer_key":"eau_eu","layer_label":"Eau EU","economic_unit_id":"EU_CAPESTERREBELLEEAU_MINIPRIVE","economic_state":"S2","economic_exposure_eur":560864.0,"economic_damage_eur":67794.0,"economic_damage_ratio_pct":12.087,"economic_asset_count":30,"criticality_territory":"guadeloupe","criticality_family":"eu","criticality_scenario":"rp100","criticality_period_years":"100","criticality_hazard":"storm_cmcc"},"geometry":{"type":"Polygon","coordinates":[[[-61.58534090284885,16.011440146363327],[-61.58763900601289,16.011416067907696],[-61.587639006465764,16.01113506481515],[-61.588145112140765,16.011910313678605],[-61.58820566246412,16.012779557034445],[-61.58745978455811,16.012882050623983],[-61.587385547034096,16.013599732786275],[-61.58662645247658,16.013715383824746],[-61.586571334217524,16.014408132371216],[-61.58579312039505,16.014548717025445],[-61.58579312107222,16.014977187867665],[-61.58469979171725,16.014880843395954],[-61.583472335720685,16.013984695260724],[-61.58347862239621,16.01250401351876],[-61.58373558925514,16.012255479334772],[-61.5851390052005,16.012123188796448],[-61.58534090284885,16.011440146363327]]]}},{"type":"Feature","properties":{"feature_id":"EU_CAPESTERREBELLEEAU_POIRIER","layer_key":"eau_eu","layer_label":"Eau EU","economic_unit_id":"EU_CAPESTERREBELLEEAU_POIRIER","economic_state":"S2","economic_exposure_eur":2237430.0,"economic_damage_eur":270446.0,"economic_damage_ratio_pct":12.087,"economic_asset_count":20,"criticality_territory":"guadeloupe","criticality_family":"eu","criticality_scenario":"rp100","criticality_period_years":"100","criticality_hazard":"storm_cmcc"},"geometry":{"type":"Polygon","coordinates":[[[-61.56495831862,16.081701386858818],[-61.56484017165523,16.083916072513013],[-61.565647826562795,16.083969381302484],[-61.565793232492055,16.08474940582809],[-61.566612478292285,16.08497390206326],[-61.56662657031286,16.087433790740885],[-61.56552560747386,16.088223124199803],[-61.56404768793049,16.088463972819195],[-61.56220553401185,16.087689525371502],[-61.561200990871555,16.085568373874853],[-61.56013888968634,16.08493016834908],[-61.56013889714697,16.080382044938613],[-61.559344195080165,16.080214836713147],[-61.5591439235653,16.07871537820448],[-61.55933047600456,16.074944674847647],[-61.56013890636468,16.074749406309493],[-61.56013890810396,16.073685416784485],[-61.56071830192866,16.072822796609387],[-61.562265430494016,16.071951540440967],[-61.56372131809398,16.071959170445492],[-61.56550150750827,16.072725612036557],[-61.564959879628965,16.072882045803286],[-61.564959884047546,16.07558273904284],[-61.56703145214948,16.07558273856304],[-61.56723460497012,16.076147905353743],[-61.567131255832614,16.077899115087426],[-61.56624351069863,16.07917159042798],[-61.56694846060675,16.08121537901301],[-61.564632726833466,16.081416072174502],[-61.56495831862,16.081701386858818]]]}},{"type":"Feature","properties":{"feature_id":"EU_DESHAIES_BASVERT","layer_key":"eau_eu","layer_label":"Eau EU","economic_unit_id":"EU_DESHAIES_BASVERT","economic_state":"S2","economic_exposure_eur":1012534.0,"economic_damage_eur":122388.0,"economic_damage_ratio_pct":12.087,"economic_asset_count":17,"criticality_territory":"guadeloupe","criticality_family":"eu","criticality_scenario":"rp100","criticality_period_years":"100","criticality_hazard":"storm_cmcc"},"geometry":{"type":"Polygon","coordinates":[[[-61.77579210851755,16.34420138409916],[-61.77573969588022,16.34562335285822],[-61.7748287600581,16.346972675328303],[-61.774617642182434,16.34820874382904],[-61.77408996928396,16.348715394920493],[-61.77370428583481,16.34870177296495],[-61.77329369203027,16.347882061546596],[-61.773197731893376,16.348622741181188],[-61.77236130465341,16.348713521997805],[-61.77071354657113,16.346705085511804],[-61.77090992306397,16.344871144605616],[-61.770411195210265,16.343726461704705],[-61.770645073881695,16.342498710839305],[-61.771452748406354,16.34184224456582],[-61.77246034841854,16.341785817906032],[-61.77246034921397,16.342249387660907],[-61.773238468275245,16.342389976391694],[-61.77329368402776,16.34308272092399],[-61.7748317772569,16.343151226858705],[-61.77496035226603,16.343916054095963],[-61.77552997599888,16.34392213185132],[-61.77579210851755,16.34420138409916]]]}},{"type":"Feature","properties":{"feature_id":"EU_DESHAIES_GUYONNEAU","layer_key":"eau_eu","layer_label":"Eau EU","economic_unit_id":"EU_DESHAIES_GUYONNEAU","economic_state":"S2","economic_exposure_eur":432822.0,"economic_damage_eur":52317.0,"economic_damage_ratio_pct":12.087,"economic_asset_count":5,"criticality_territory":"guadeloupe","criticality_family":"eu","criticality_scenario":"rp100","criticality_period_years":"100","criticality_hazard":"storm_cmcc"},"geometry":{"type":"Polygon","coordinates":[[[-61.789232372247085,16.313634856828912],[-61.78856309210114,16.313137272245953],[-61.787638487686074,16.311045541595583],[-61.78763848880123,16.310382064354936],[-61.7873381499691,16.31038206423555],[-61.78724377936439,16.310090069246698],[-61.78743258658163,16.30816713138016],[-61.7879227945555,16.307561828626195],[-61.788600939800205,16.307260189555297],[-61.7895474673982,16.307345362131514],[-61.79025420004691,16.30788018519182],[-61.79071782357102,16.308741955092007],[-61.7906154447281,16.309688738115465],[-61.79171344971549,16.311199949044887],[-61.791722724902975,16.311968340736346],[-61.791280365087474,16.3129670141954],[-61.79013848296609,16.313715397848018],[-61.789232372247085,16.313634856828912]]]}},{"type":"Feature","properties":{"feature_id":"EU_DESHAIES_LEROUX","layer_key":"eau_eu","layer_label":"Eau EU","economic_unit_id":"EU_DESHAIES_LEROUX","economic_state":"S2","economic_exposure_eur":276916.0,"economic_damage_eur":33472.0,"economic_damage_ratio_pct":12.087,"economic_asset_count":6,"criticality_territory":"guadeloupe","criticality_family":"eu","criticality_scenario":"rp100","criticality_period_years":"100","criticality_hazard":"storm_cmcc"},"geometry":{"type":"Polygon","coordinates":[[[-61.808839643583994,16.27265272113702],[-61.80846503374562,16.27321385281024],[-61.806809855226724,16.273520201861242],[-61.80571641066802,16.272904910780166],[-61.80606541037016,16.272287982423084],[-61.80834871789804,16.27223683161425],[-61.808839643583994,16.27265272113702]]]}},{"type":"Feature","properties":{"feature_id":"EU_DESHAIES_POINTEB","layer_key":"eau_eu","layer_label":"Eau EU","economic_unit_id":"EU_DESHAIES_POINTEB","economic_state":"S2","economic_exposure_eur":48011.0,"economic_damage_eur":5803.0,"economic_damage_ratio_pct":12.087,"economic_asset_count":2,"criticality_territory":"guadeloupe","criticality_family":"eu","criticality_scenario":"rp100","criticality_period_years":"100","criticality_hazard":"storm_cmcc"},"geometry":{"type":"Polygon","coordinates":[[[-61.80001077259809,16.30295538998376],[-61.79982254451393,16.30343310133907],[-61.79878323069826,16.303293795412593],[-61.79885572187168,16.30246418676331],[-61.79966325764535,16.302569881820702],[-61.80001077259809,16.30295538998376]]]}},{"type":"Feature","properties":{"feature_id":"EU_DESHAIES_RESMAR","layer_key":"eau_eu","layer_label":"Eau EU","economic_unit_id":"EU_DESHAIES_RESMAR","economic_state":"S2","economic_exposure_eur":773334.0,"economic_damage_eur":93476.0,"economic_damage_ratio_pct":12.087,"economic_asset_count":13,"criticality_territory":"guadeloupe","criticality_family":"eu","criticality_scenario":"rp100","criticality_period_years":"100","criticality_hazard":"storm_cmcc"},"geometry":{"type":"Polygon","coordinates":[[[-61.79526485726079,16.305382065253166],[-61.79496029615158,16.308916051041145],[-61.79562156306092,16.30895403332347],[-61.79526852791095,16.309504880014906],[-61.79459629373995,16.309916053319785],[-61.79343570677031,16.310110670165738],[-61.79215638461759,16.309681388453413],[-61.791403503732,16.308626929329705],[-61.791268264175194,16.307765517940684],[-61.791783972335985,16.306784077219405],[-61.79289727325993,16.30627588727253],[-61.793001358857516,16.303916050800467],[-61.79429189260569,16.303916050992036],[-61.79430516749542,16.30267544576349],[-61.79523616049918,16.302769761943257],[-61.79610040388249,16.303582612208757],[-61.79639448050161,16.305368443379464],[-61.79526485726079,16.305382065253166]]]}},{"type":"Feature","properties":{"feature_id":"EU_DESHAIES_RIFLET","layer_key":"eau_eu","layer_label":"Eau EU","economic_unit_id":"EU_DESHAIES_RIFLET","economic_state":"S2","economic_exposure_eur":1463594.0,"economic_damage_eur":176910.0,"economic_damage_ratio_pct":12.087,"economic_asset_count":15,"criticality_territory":"guadeloupe","criticality_family":"eu","criticality_scenario":"rp100","criticality_period_years":"100","criticality_hazard":"storm_cmcc"},"geometry":{"type":"Polygon","coordinates":[[[-61.78873477998418,16.33371539675664],[-61.78802467549915,16.33534798990393],[-61.785599470356786,16.337471883107142],[-61.785175357624205,16.338291237666606],[-61.78362592087763,16.33851341941789],[-61.78136330916439,16.339542650512584],[-61.77996034553105,16.33954872921856],[-61.77996034590601,16.339774326988085],[-61.7788569681271,16.33900404333559],[-61.778670491085016,16.337807254331338],[-61.779415057053825,16.336833675658553],[-61.78044672122859,16.336617340190873],[-61.78182242663775,16.33708305152195],[-61.784577386955434,16.335582719213253],[-61.78513844713801,16.335582719443128],[-61.7851384479303,16.335091470395692],[-61.78627250061973,16.3340985139018],[-61.786863537614295,16.332909894345203],[-61.786660446280536,16.33224938587196],[-61.78697829452201,16.331453404715454],[-61.78917740122187,16.331497483201215],[-61.789346515628964,16.332308936320235],[-61.78912700291379,16.333399057415072],[-61.78873477998418,16.33371539675664]]]}},{"type":"Feature","properties":{"feature_id":"EU_GOURBEYRE_BAILLIF","layer_key":"eau_eu","layer_label":"Eau EU","economic_unit_id":"EU_GOURBEYRE_BAILLIF","economic_state":"S2","economic_exposure_eur":4198289.0,"economic_damage_eur":507462.0,"economic_damage_ratio_pct":12.087,"economic_asset_count":59,"criticality_territory":"guadeloupe","criticality_family":"eu","criticality_scenario":"rp100","criticality_period_years":"100","criticality_hazard":"storm_cmcc"},"geometry":{"type":"Polygon","coordinates":[[[-61.72495976076285,15.988082717466249],[-61.7264535559177,15.988120069917276],[-61.72662642897466,15.98891605062982],[-61.72719461869303,15.988921854570009],[-61.72624564714847,15.98997209629095],[-61.7248488322042,15.990495945019891],[-61.72315084310473,15.990233913429055],[-61.72131479530992,15.988686163527483],[-61.71977286573059,15.988175215093523],[-61.715836259198824,15.988825848650785],[-61.71389544193178,15.987944702836659],[-61.71294729397273,15.986852683486958],[-61.70894113185174,15.985622207441802],[-61.70761710420694,15.983916052700117],[-61.70930570170592,15.983916052496632],[-61.7084972622647,15.983520116769903],[-61.70847394674066,15.98170138536064],[-61.70930570576949,15.98141605243504],[-61.709507582264514,15.980606798435716],[-61.71059120492152,15.980606798310449],[-61.7107930816324,15.98141605226308],[-61.7118057054608,15.981416052146121],[-61.71206892899208,15.980588796657543],[-61.7157872917264,15.980523680289762],[-61.71693059655225,15.98223504926183],[-61.71930191986258,15.98391605134634],[-61.72331383758191,15.985406371062549],[-61.7251292924988,15.987203149382543],[-61.72495976076285,15.988082717466249]],[[-61.72180569372035,15.987882067633699],[-61.72162642672233,15.98788206761316],[-61.72162642704859,15.988082717847638],[-61.72180569372035,15.987882067633699]],[[-61.722459759122266,15.987249384398316],[-61.72313753161477,15.987249384199579],[-61.72254407499319,15.986670480193675],[-61.722459759122266,15.987249384398316]]]}},{"type":"Feature","properties":{"feature_id":"EU_GOURBEYRE_CHAMPFLEUR","layer_key":"eau_eu","layer_label":"Eau EU","economic_unit_id":"EU_GOURBEYRE_CHAMPFLEUR","economic_state":"S2","economic_exposure_eur":596776.0,"economic_damage_eur":72134.0,"economic_damage_ratio_pct":12.087,"economic_asset_count":11,"criticality_territory":"guadeloupe","criticality_family":"eu","criticality_scenario":"rp100","criticality_period_years":"100","criticality_hazard":"storm_cmcc"},"geometry":{"type":"Polygon","coordinates":[[[-61.677419496187156,15.992295039269196],[-61.676523606618325,15.992205008956752],[-61.67561096875571,15.991312729479128],[-61.67497517945324,15.989055078148306],[-61.67533134225738,15.988237679954258],[-61.67605532829468,15.987744248627797],[-61.67700369463155,15.987703361275674],[-61.678770672772835,15.988396359665536],[-61.679912905929505,15.989452729993735],[-61.6799767309278,15.99078501490097],[-61.67959180883044,15.991622134762823],[-61.67873149405539,15.992126930606663],[-61.677665547406626,15.992258892247724],[-61.677639025775235,15.992048729017977],[-61.677419496187156,15.992295039269196]]]}},{"type":"Feature","properties":{"feature_id":"EU_GOURBEYRE_GILLARDIN","layer_key":"eau_eu","layer_label":"Eau EU","economic_unit_id":"EU_GOURBEYRE_GILLARDIN","economic_state":"S2","economic_exposure_eur":580718.0,"economic_damage_eur":70193.0,"economic_damage_ratio_pct":12.087,"economic_asset_count":12,"criticality_territory":"guadeloupe","criticality_family":"eu","criticality_scenario":"rp100","criticality_period_years":"100","criticality_hazard":"storm_cmcc"},"geometry":{"type":"Polygon","coordinates":[[[-61.67872676386966,15.987249389234467],[-61.67857419483446,15.989239920135965],[-61.67820170650666,15.989971690571133],[-61.6769704510791,15.990512201235118],[-61.675139029458386,15.989967539154573],[-61.67430569932953,15.988073438348158],[-61.674305701362975,15.986809664927067],[-61.674550069888475,15.986426703758246],[-61.677227657001104,15.98642967709642],[-61.67758818912406,15.987249389641175],[-61.67872676386966,15.987249389234467]]]}},{"type":"Feature","properties":{"feature_id":"EU_GOURBEYRE_GROSMORNE","layer_key":"eau_eu","layer_label":"Eau EU","economic_unit_id":"EU_GOURBEYRE_GROSMORNE","economic_state":"S2","economic_exposure_eur":474795.0,"economic_damage_eur":57390.0,"economic_damage_ratio_pct":12.087,"economic_asset_count":9,"criticality_territory":"guadeloupe","criticality_family":"eu","criticality_scenario":"rp100","criticality_period_years":"100","criticality_hazard":"storm_cmcc"},"geometry":{"type":"Polygon","coordinates":[[[-61.676530650759474,15.999456075268354],[-61.67579310702546,15.999548728554773],[-61.675793107352014,15.999749390146548],[-61.67661220571023,15.99997348468784],[-61.67539367379639,16.000991596775187],[-61.673870796797985,16.001068843510563],[-61.672887614770175,16.00019014430312],[-61.67274783468555,15.997939825905846],[-61.67451647017706,15.996376632849115],[-61.67551206794413,15.996321068194357],[-61.67632276979785,15.996798434693677],[-61.676996901755594,15.998715395226476],[-61.67662643910151,15.998715395347439],[-61.676530650759474,15.999456075268354]]]}},{"type":"Feature","properties":{"feature_id":"EU_GOURBEYRE_PLUMBAGO","layer_key":"eau_eu","layer_label":"Eau EU","economic_unit_id":"EU_GOURBEYRE_PLUMBAGO","economic_state":"S2","economic_exposure_eur":241182.0,"economic_damage_eur":29153.0,"economic_damage_ratio_pct":12.087,"economic_asset_count":8,"criticality_territory":"guadeloupe","criticality_family":"eu","criticality_scenario":"rp100","criticality_period_years":"100","criticality_hazard":"storm_cmcc"},"geometry":{"type":"Polygon","coordinates":[[[-61.70678017451054,15.990496663072635],[-61.707094651461475,15.991336022813902],[-61.706764347474014,15.991616402635715],[-61.7056002886956,15.991722123251332],[-61.70514232271313,15.991331739623396],[-61.70512433626126,15.990789076805898],[-61.70547655701527,15.99039162149016],[-61.70678017451054,15.990496663072635]]]}},{"type":"Feature","properties":{"feature_id":"EU_GOURBEYRE_SAINTCHAR","layer_key":"eau_eu","layer_label":"Eau EU","economic_unit_id":"EU_GOURBEYRE_SAINTCHAR","economic_state":"S2","economic_exposure_eur":322504.0,"economic_damage_eur":38982.0,"economic_damage_ratio_pct":12.087,"economic_asset_count":12,"criticality_territory":"guadeloupe","criticality_family":"eu","criticality_scenario":"rp100","criticality_period_years":"100","criticality_hazard":"storm_cmcc"},"geometry":{"type":"Polygon","coordinates":[[[-61.69974232754913,15.997205845565066],[-61.70013796084151,15.997956672308696],[-61.698851416935305,15.999040247178119],[-61.698093802899436,15.999208349934051],[-61.697804464794146,15.998563446804896],[-61.698634648676034,15.997928600004192],[-61.698922462603996,15.99723459656477],[-61.69974232754913,15.997205845565066]]]}},{"type":"Feature","properties":{"feature_id":"EU_GOYAVE_CORIANDRE","layer_key":"eau_eu","layer_label":"Eau EU","economic_unit_id":"EU_GOYAVE_CORIANDRE","economic_state":"S2","economic_exposure_eur":497643.0,"economic_damage_eur":60152.0,"economic_damage_ratio_pct":12.087,"economic_asset_count":6,"criticality_territory":"guadeloupe","criticality_family":"eu","criticality_scenario":"rp100","criticality_period_years":"100","criticality_hazard":"storm_cmcc"},"geometry":{"type":"Polygon","coordinates":[[[-61.60464458888339,16.12454815215396],[-61.60162663574164,16.124612197641994],[-61.60100549197231,16.123769151685927],[-61.60106170354584,16.12272465243892],[-61.601375775994505,16.122249401989375],[-61.60180548954242,16.122249402188256],[-61.601805490185406,16.121847278998544],[-61.60227590351759,16.12141606861891],[-61.60475795499844,16.121440146561973],[-61.60495838893087,16.121701386315245],[-61.60495839312479,16.124263396696648],[-61.60464458888339,16.12454815215396]]]}},{"type":"Feature","properties":{"feature_id":"EU_GOYAVE_CYTHERE","layer_key":"eau_eu","layer_label":"Eau EU","economic_unit_id":"EU_GOYAVE_CYTHERE","economic_state":"S2","economic_exposure_eur":325168.0,"economic_damage_eur":39304.0,"economic_damage_ratio_pct":12.087,"economic_asset_count":4,"criticality_territory":"guadeloupe","criticality_family":"eu","criticality_scenario":"rp100","criticality_period_years":"100","criticality_hazard":"storm_cmcc"},"geometry":{"type":"Polygon","coordinates":[[[-61.589263300084085,16.157526469311428],[-61.58965398376827,16.15811942641543],[-61.589290302313685,16.15849047356586],[-61.5879641087773,16.158483646784436],[-61.586822010826204,16.158992092588775],[-61.58593098115192,16.158548696929184],[-61.58608037067224,16.157860713642428],[-61.58681340156286,16.157949379385354],[-61.58731931082253,16.1576709775101],[-61.589263300084085,16.157526469311428]]]}},{"type":"Feature","properties":{"feature_id":"EU_GOYAVE_GOYAVE__P1","layer_key":"eau_eu","layer_label":"Eau EU","economic_unit_id":"EU_GOYAVE_GOYAVE__P1","economic_state":"S2","economic_exposure_eur":14631265.0,"economic_damage_eur":1768532.0,"economic_damage_ratio_pct":12.087,"economic_asset_count":204,"criticality_territory":"guadeloupe","criticality_family":"eu","criticality_scenario":"rp100","criticality_period_years":"100","criticality_hazard":"storm_cmcc"},"geometry":{"type":"Polygon","coordinates":[[[-61.5719509114538,16.137828734496654],[-61.57169125176251,16.13704871125728],[-61.570234654298005,16.136956062627533],[-61.5701388069485,16.134548711123117],[-61.569311762166635,16.13429410213755],[-61.569311769111195,16.130004014054503],[-61.57013881483274,16.129749406380782],[-61.570597842847846,16.128916072796592],[-61.566204399778144,16.12870175633841],[-61.56597215228609,16.127565724917076],[-61.56763881927991,16.12724940663921],[-61.567638820977955,16.126215377741723],[-61.56681177592659,16.125960768821756],[-61.56695092517725,16.123969381977957],[-61.57013882441208,16.123916072903395],[-61.57043398676772,16.12308426222682],[-61.57347215865946,16.123082739123447],[-61.57271310460682,16.12276639580257],[-61.5726388271371,16.122048711850887],[-61.569568886853546,16.12204263296422],[-61.56930549551779,16.12128255328451],[-61.570966993626364,16.12045625374019],[-61.57350051893154,16.12012197730537],[-61.576110503379404,16.12093009593622],[-61.57662662869535,16.122249405367263],[-61.57826838775376,16.123278007511026],[-61.578238149596416,16.124408129593547],[-61.57745996591007,16.12454871238407],[-61.577421328220474,16.126048170402456],[-61.576626635206964,16.126215378890194],[-61.57662663827355,16.12808273884468],[-61.577037734366996,16.12726302551704],[-61.579006994677094,16.127321205860422],[-61.57912664133003,16.129749405234364],[-61.57986412606379,16.12984205246787],[-61.57995997613839,16.13058273848236],[-61.580972145325234,16.130582738353787],[-61.581204399666184,16.129763025068648],[-61.582638813135176,16.129749404788342],[-61.58285981659351,16.1289335824366],[-61.58401280435454,16.13068356410268],[-61.584603828269245,16.133690202504162],[-61.584492025577816,16.13454871279049],[-61.58245998297215,16.134548712692787],[-61.58228699559601,16.135344694608538],[-61.58079331746258,16.135382045787352],[-61.58073816693222,16.13690812952052],[-61.579126654691756,16.137882045493882],[-61.57988570353703,16.1381983866575],[-61.579959989830755,16.138916072021686],[-61.5816017455078,16.139111340792496],[-61.581626658518225,16.14003449066882],[-61.580411618206206,16.140712674803996],[-61.57597212760819,16.141758377833636],[-61.57601077356394,16.139916612710852],[-61.577638797381624,16.139749405670802],[-61.57763879908116,16.138715378610726],[-61.57373554805467,16.13870929961764],[-61.57347213425432,16.137941507570506],[-61.5719509114538,16.137828734496654]]]}},{"type":"Feature","properties":{"feature_id":"EU_GOYAVE_GOYAVE__P2","layer_key":"eau_eu","layer_label":"Eau EU","economic_unit_id":"EU_GOYAVE_GOYAVE__P2","economic_state":"S2","economic_exposure_eur":115004.0,"economic_damage_eur":13901.0,"economic_damage_ratio_pct":12.087,"economic_asset_count":3,"criticality_territory":"guadeloupe","criticality_family":"eu","criticality_scenario":"rp100","criticality_period_years":"100","criticality_hazard":"storm_cmcc"},"geometry":{"type":"Polygon","coordinates":[[[-61.57079517871124,16.126011209440197],[-61.56997491031301,16.125861274408958],[-61.569507562461624,16.12560888507889],[-61.56942075666478,16.12514782107411],[-61.56981826918216,16.124810820864685],[-61.570924420753315,16.124810944887553],[-61.57127641106025,16.125133208873198],[-61.571227904993506,16.125696342754445],[-61.57079517871124,16.126011209440197]]]}},{"type":"Feature","properties":{"feature_id":"EU_GOYAVE_JARDMOR","layer_key":"eau_eu","layer_label":"Eau EU","economic_unit_id":"EU_GOYAVE_JARDMOR","economic_state":"S2","economic_exposure_eur":601999.0,"economic_damage_eur":72766.0,"economic_damage_ratio_pct":12.087,"economic_asset_count":8,"criticality_territory":"guadeloupe","criticality_family":"eu","criticality_scenario":"rp100","criticality_period_years":"100","criticality_hazard":"storm_cmcc"},"geometry":{"type":"Polygon","coordinates":[[[-61.599864127850076,16.129456065501262],[-61.599126643532536,16.129548714957927],[-61.59889439041791,16.130368426926573],[-61.59802573967964,16.13038204784588],[-61.59751390807813,16.130079456368314],[-61.59647003433583,16.127632475580377],[-61.59687433317529,16.12633808315145],[-61.597795886036614,16.125842599717174],[-61.5997881746544,16.125795922678048],[-61.60079330566491,16.126675731314073],[-61.600591292567245,16.127024635961536],[-61.59995997286476,16.127048715144085],[-61.599864127850076,16.129456065501262]]]}},{"type":"Feature","properties":{"feature_id":"EU_GOYAVE_TIRACOON","layer_key":"eau_eu","layer_label":"Eau EU","economic_unit_id":"EU_GOYAVE_TIRACOON","economic_state":"S2","economic_exposure_eur":1100695.0,"economic_damage_eur":133045.0,"economic_damage_ratio_pct":12.087,"economic_asset_count":15,"criticality_territory":"guadeloupe","criticality_family":"eu","criticality_scenario":"rp100","criticality_period_years":"100","criticality_hazard":"storm_cmcc"},"geometry":{"type":"Polygon","coordinates":[[[-61.58829331020098,16.130382046900703],[-61.58806105711557,16.131201758928867],[-61.58362270057807,16.131725777554543],[-61.58259797352171,16.131030456931946],[-61.58238204058837,16.129838399464564],[-61.582638813135176,16.129749404788342],[-61.582775950051996,16.128975332472315],[-61.583472147724564,16.128916071328746],[-61.58367416325381,16.128106815839587],[-61.585793305409766,16.127669345351215],[-61.585793306107504,16.12808273768082],[-61.58680548197655,16.128082737552774],[-61.586810195534696,16.12751427866569],[-61.58850840826275,16.12766632357387],[-61.58950453665929,16.1283221121565],[-61.58985647708136,16.12964942528904],[-61.58956913664926,16.130677962695344],[-61.58879939340172,16.131215379882367],[-61.58829331020098,16.130382046900703]]]}},{"type":"Feature","properties":{"feature_id":"EU_LAMENTIN_BAGUATELLE","layer_key":"eau_eu","layer_label":"Eau EU","economic_unit_id":"EU_LAMENTIN_BAGUATELLE","economic_state":"S2","economic_exposure_eur":312886.0,"economic_damage_eur":37820.0,"economic_damage_ratio_pct":12.087,"economic_asset_count":7,"criticality_territory":"guadeloupe","criticality_family":"eu","criticality_scenario":"rp100","criticality_period_years":"100","criticality_hazard":"storm_cmcc"},"geometry":{"type":"Polygon","coordinates":[[[-61.65602601667866,16.241521562792858],[-61.655361486745036,16.241808019484605],[-61.65503811955335,16.24122884026842],[-61.65448258837507,16.24093008753993],[-61.65429965072425,16.239383340728242],[-61.65500171639285,16.239198480654238],[-61.65594576944342,16.240251067407456],[-61.65602601667866,16.241521562792858]]]}},{"type":"Feature","properties":{"feature_id":"EU_LAMENTIN_BLACHON2","layer_key":"eau_eu","layer_label":"Eau EU","economic_unit_id":"EU_LAMENTIN_BLACHON2","economic_state":"S2","economic_exposure_eur":19209861.0,"economic_damage_eur":2321962.0,"economic_damage_ratio_pct":12.087,"economic_asset_count":583,"criticality_territory":"guadeloupe","criticality_family":"eu","criticality_scenario":"rp100","criticality_period_years":"100","criticality_hazard":"storm_cmcc"},"geometry":{"type":"MultiPolygon","coordinates":[[[[-61.623471906264164,16.271963331330063],[-61.62472127442234,16.271552004666443],[-61.62579131228907,16.269197122312406],[-61.6257548803766,16.27271483733403],[-61.62370432829236,16.272868425364347],[-61.623471906264164,16.271963331330063]]],[[[-61.64430523723567,16.271732390897164],[-61.64434391078547,16.269083276609436],[-61.645971908391914,16.26891606706759],[-61.64606782771058,16.268175382297382],[-61.646805242999676,16.268082733612612],[-61.64680524471453,16.267048716314957],[-61.64598601304218,16.266824215020442],[-61.64597191474371,16.265065724361705],[-61.64680524852736,16.264749400195903],[-61.64680525024181,16.26371538309151],[-61.6460678325769,16.26362273287703],[-61.645971918397805,16.262882049684837],[-61.644960202550806,16.262882049562375],[-61.64538211018574,16.26456599422005],[-61.644946107815926,16.2668242150651],[-61.644126876025226,16.267048715990754],[-61.64405254311462,16.268599731560926],[-61.6432935453548,16.268715382501476],[-61.64325487981828,16.271048171703008],[-61.64246021606698,16.271215382317994],[-61.642460217782336,16.272249400909754],[-61.643279449850695,16.272473900101993],[-61.64323836099678,16.273574797755213],[-61.6412043271787,16.273701760717653],[-61.640793551962496,16.272882048727404],[-61.6403095552636,16.27508375813],[-61.636626890977425,16.276622826635208],[-61.636571699408044,16.277741463888006],[-61.635793559649436,16.27788204795418],[-61.63579356136561,16.278916068553876],[-61.63661279299416,16.27914056703295],[-61.63645377822383,16.280344696276615],[-61.6344249612463,16.280310244995785],[-61.63430522698099,16.278715381078516],[-61.63306376534051,16.27871538070526],[-61.63144336046949,16.280155129102326],[-61.63162061144916,16.285127435629544],[-61.63017157540785,16.285247382718758],[-61.62912834202258,16.281399409576892],[-61.628280209617586,16.28038204694736],[-61.62690114814467,16.280289397483507],[-61.62680522657804,16.279548713466674],[-61.62599682303513,16.2793534418851],[-61.62597189612019,16.277882046752662],[-61.62528411227296,16.277828736134474],[-61.62513856427915,16.27704871334446],[-61.624306808466876,16.276763395787892],[-61.62437957220206,16.2748650517935],[-61.625795983251216,16.274749403007124],[-61.62763857100653,16.272793694459196],[-61.62771290946963,16.271531718152637],[-61.62847190652151,16.27141606926119],[-61.62847190961905,16.269548714000628],[-61.62680682052381,16.269263395869515],[-61.626830174649264,16.2674446729401],[-61.62763858020834,16.26724940259254],[-61.62763858468678,16.26454871406319],[-61.62662686974046,16.264548713939067],[-61.62649184780989,16.265321202308616],[-61.62620697420142,16.263948170095368],[-61.6263517529507,16.260636802450744],[-61.62765540499907,16.25803270951603],[-61.62941205408761,16.256791556407496],[-61.62993485779709,16.2566105105705],[-61.63013859645953,16.257249402036372],[-61.63020510407671,16.256541908735652],[-61.63145375845741,16.256453418893354],[-61.631626858254656,16.257249401854278],[-61.63242152519422,16.25741661045057],[-61.632453901494216,16.258460769240713],[-61.63079352896262,16.25974940201867],[-61.63263859060813,16.260582735147203],[-61.63265269363095,16.259140567167236],[-61.63347192659531,16.258916068337093],[-61.633471928309085,16.257882048330032],[-61.63269378296887,16.257741463972895],[-61.6326385971621,16.256618218634117],[-61.63438836994556,16.257556447690124],[-61.63724073886618,16.26054375987887],[-61.640832352937274,16.26039911419569],[-61.64246019716606,16.259819297902737],[-61.642314660530545,16.26032873837715],[-61.64162686466806,16.26038204924062],[-61.641626866382126,16.26141606740663],[-61.64263858792623,16.261416067283857],[-61.6437624700237,16.25970826282818],[-61.647478685735955,16.26108033908825],[-61.648951244286835,16.2633153574997],[-61.64895483614581,16.266218419159127],[-61.64788469845991,16.268157678295964],[-61.64434454531279,16.271359633894207],[-61.64430523723567,16.271732390897164]],[[-61.62847192034162,16.263082735719603],[-61.628510590244446,16.26158327744701],[-61.62930525632895,16.26141606890917],[-61.62778412744544,16.26116207019139],[-61.627638591594526,16.260382047533767],[-61.62746020074567,16.26308273584365],[-61.62847192034162,16.263082735719603]],[[-61.640591378841485,16.262273479005177],[-61.64097191871264,16.26308273419449],[-61.64097192042689,16.262048715772835],[-61.63829353369152,16.262048715447218],[-61.640591378841485,16.262273479005177]]]]}},{"type":"Feature","properties":{"feature_id":"EU_LAMENTIN_BOISILET","layer_key":"eau_eu","layer_label":"Eau EU","economic_unit_id":"EU_LAMENTIN_BOISILET","economic_state":"S2","economic_exposure_eur":1725192.0,"economic_damage_eur":208530.0,"economic_damage_ratio_pct":12.087,"economic_asset_count":42,"criticality_territory":"guadeloupe","criticality_family":"eu","criticality_scenario":"rp100","criticality_period_years":"100","criticality_hazard":"storm_cmcc"},"geometry":{"type":"Polygon","coordinates":[[[-61.65930524863403,16.263715384596132],[-61.65626729469822,16.26371386058266],[-61.656023518898905,16.26343852660045],[-61.655971917109625,16.262882050890404],[-61.65573066390896,16.262882050825596],[-61.654309278178246,16.25990544430379],[-61.65450335878382,16.258602327466118],[-61.65517324637684,16.257814724993157],[-61.65794691773347,16.25709431480076],[-61.65871548593507,16.25729247678332],[-61.65932335162477,16.257858588816795],[-61.659909963644985,16.260074286000993],[-61.66017865328976,16.26289227867033],[-61.65994293607304,16.263733217800443],[-61.659311540041394,16.264294103062092],[-61.65930524863403,16.263715384596132]]]}},{"type":"Feature","properties":{"feature_id":"EU_LAMENTIN_CAILLOUX","layer_key":"eau_eu","layer_label":"Eau EU","economic_unit_id":"EU_LAMENTIN_CAILLOUX","economic_state":"S2","economic_exposure_eur":1040593.0,"economic_damage_eur":125780.0,"economic_damage_ratio_pct":12.087,"economic_asset_count":8,"criticality_territory":"guadeloupe","criticality_family":"eu","criticality_scenario":"rp100","criticality_period_years":"100","criticality_hazard":"storm_cmcc"},"geometry":{"type":"Polygon","coordinates":[[[-61.6682935428356,16.265382052281097],[-61.66866481226739,16.26606774165479],[-61.66783541600865,16.26834277959948],[-61.66663066623814,16.26900235684797],[-61.664305574142325,16.268405623821423],[-61.66430524108569,16.267882051723277],[-61.66343425396838,16.267882051631798],[-61.66287263128903,16.266886377573822],[-61.66286861593089,16.26611797586649],[-61.66320692852916,16.26547528513096],[-61.664004034566354,16.26497537358675],[-61.664852775159275,16.264959895435883],[-61.66541681111618,16.263501193167638],[-61.66632186885309,16.26286400756029],[-61.667839352797095,16.262972422566364],[-61.66861710272411,16.26341358680024],[-61.669063937645845,16.264387640105475],[-61.66879939402743,16.26538205194999],[-61.6682935428356,16.265382052281097]]]}},{"type":"Feature","properties":{"feature_id":"EU_LAMENTIN_JAULA","layer_key":"eau_eu","layer_label":"Eau EU","economic_unit_id":"EU_LAMENTIN_JAULA","economic_state":"S2","economic_exposure_eur":10286546.0,"economic_damage_eur":1243370.0,"economic_damage_ratio_pct":12.087,"economic_asset_count":85,"criticality_territory":"guadeloupe","criticality_family":"eu","criticality_scenario":"rp100","criticality_period_years":"100","criticality_hazard":"storm_cmcc"},"geometry":{"type":"MultiPolygon","coordinates":[[[[-61.66995863227784,16.265096729839524],[-61.66924178641601,16.26538205241113],[-61.67020994498214,16.267105212340425],[-61.670882612669175,16.2674690999328],[-61.67093435064441,16.26847001638531],[-61.67258108673702,16.270819330821592],[-61.672373759567016,16.271596629178216],[-61.67021012047657,16.272669130519844],[-61.66662689264296,16.275432526228993],[-61.66662689565642,16.277249398129552],[-61.6684718916811,16.277249397909884],[-61.668485996090794,16.27580723265176],[-61.669305227674236,16.275582731102343],[-61.66937956873787,16.274031714995804],[-61.6701385636671,16.27391606429486],[-61.670177235090414,16.273249941854573],[-61.670971898277195,16.27308273084165],[-61.671117448028156,16.272302707576326],[-61.67263856611491,16.272249397289638],[-61.67273448802323,16.27150871342646],[-61.673471900725026,16.27141606383661],[-61.673471902440255,16.27038205273114],[-61.67264486221973,16.270127436649478],[-61.67263857385083,16.26756572435064],[-61.67347190763597,16.267249397065573],[-61.6734719093507,16.266215386201992],[-61.67190116061017,16.266122735005144],[-61.67197835357706,16.264786748115235],[-61.67339262411234,16.26474939703092],[-61.67403708241272,16.265523522489293],[-61.67471751055806,16.267700487023074],[-61.67611311713403,16.269623397673293],[-61.676312578078104,16.271723808469694],[-61.67580309824758,16.27315896367572],[-61.674728043123345,16.274407093823356],[-61.67314944453356,16.275445186097468],[-61.67024938669358,16.276393618060375],[-61.66893618133315,16.278516807348154],[-61.66665873195647,16.279596073396277],[-61.663569994005165,16.27911651498296],[-61.66152160220567,16.277558142098986],[-61.66131864882304,16.2772493984087],[-61.66180522586441,16.277249398705038],[-61.66190114981136,16.276508714421343],[-61.66263856047419,16.27641606525123],[-61.662652664793,16.27497389951684],[-61.66317216703522,16.274749398393062],[-61.6616268900323,16.274239633773984],[-61.66145377568554,16.27534469908609],[-61.659126891660016,16.275382050856553],[-61.65898134287644,16.276162072935932],[-61.65784073152798,16.27619130452476],[-61.657638562829845,16.27538205067813],[-61.65683015905427,16.27518677671462],[-61.656805232368775,16.27371538396647],[-61.65528411389867,16.27366207261585],[-61.6551385672986,16.272882050460467],[-61.65442496747168,16.272810247066925],[-61.65430523531986,16.272131264729584],[-61.65359163508454,16.27197691367814],[-61.653095888551135,16.271215383427503],[-61.651924969433274,16.271143580211728],[-61.65170061440761,16.27038205014748],[-61.65079354902791,16.27038205001993],[-61.65079355514395,16.274075767346833],[-61.644305241168794,16.269373378046005],[-61.64453766371344,16.268929687500297],[-61.645971908391914,16.26891606706759],[-61.646273499358756,16.268083962031],[-61.64479632075496,16.26700602672082],[-61.644126876025226,16.267048715990754],[-61.64405254311462,16.268599731560926],[-61.6432935453548,16.268715382501476],[-61.64329354802022,16.270324202368553],[-61.640847816036825,16.27124138614114],[-61.6394620549097,16.27113160043174],[-61.63787211386181,16.27042050870031],[-61.63668494245307,16.269175837726078],[-61.636093234737814,16.267657088891184],[-61.63644279080574,16.265093236186416],[-61.63662751286331,16.264749401431562],[-61.63763858304891,16.26474940130815],[-61.6367591665505,16.264548715192426],[-61.63716594084146,16.264029166569095],[-61.63894295717275,16.262249400929566],[-61.640591378841485,16.262273479005177],[-61.64097191871264,16.26308273419449],[-61.64097192042689,16.262048715772835],[-61.6391440368641,16.262048715557224],[-61.640910448818104,16.26036389926277],[-61.64246019687204,16.259638333003142],[-61.642364284167144,16.260289399345062],[-61.64162686466806,16.26038204924062],[-61.641626866382126,16.26141606740663],[-61.64263858792623,16.261416067283857],[-61.64269377804976,16.260723317155026],[-61.64347192253301,16.260582733828638],[-61.643471924327365,16.25949866160518],[-61.64383875244938,16.259499924693923],[-61.648065039826704,16.26095636283936],[-61.65245777785059,16.264268937728282],[-61.6516268731205,16.264749399613876],[-61.652421538294796,16.26491660937949],[-61.65246020931808,16.266416066221858],[-61.65319762523516,16.266508714958086],[-61.65329354452246,16.267497383575208],[-61.65501662195805,16.26882082030479],[-61.65597190738582,16.268746674414192],[-61.655971908818735,16.267882050725515],[-61.65516350408028,16.26768677675141],[-61.65513857746571,16.26673239102132],[-61.65597191158269,16.266215384113814],[-61.655184324005084,16.266059577302016],[-61.656626873427996,16.2645709895628],[-61.65743527940973,16.26494467142873],[-61.65746020992021,16.266416065620874],[-61.65892471562202,16.26644014372303],[-61.65912687816903,16.267249398775235],[-61.65966152447573,16.267250764814943],[-61.66061331086171,16.26641288486628],[-61.662261380868884,16.267775400311855],[-61.66265303839338,16.269553549233905],[-61.66352359184537,16.269749398283775],[-61.66419333961091,16.26788205172749],[-61.66284073656165,16.267857972001277],[-61.66263857601381,16.267048718218376],[-61.66181153566177,16.26679410309635],[-61.66186043576071,16.26572331593258],[-61.66263857844483,16.26558273164662],[-61.66263858015936,16.264548718300844],[-61.66231466644197,16.26532874023917],[-61.66126729434656,16.265380527790956],[-61.66097191370571,16.26454871810153],[-61.659311540041394,16.264294103062092],[-61.65940581455745,16.263869018025925],[-61.66119802457631,16.264368381352845],[-61.66087169944942,16.262249836380114],[-61.661657082571544,16.26020973755463],[-61.663637668155886,16.25867894307342],[-61.66587047825905,16.25838627391392],[-61.67065944244816,16.26032054065507],[-61.669960201411385,16.26038205264427],[-61.66981466308841,16.26116207443307],[-61.669126869360184,16.26121538585103],[-61.66969661389285,16.26142214166842],[-61.66995863227784,16.265096729839524]],[[-61.645971918397805,16.262882049684837],[-61.644960202550806,16.262882049562375],[-61.64496020391563,16.263705513216394],[-61.646805248783494,16.26459581863063],[-61.64680525024181,16.26371538309151],[-61.64629939316688,16.263715382639056],[-61.645971918397805,16.262882049684837]],[[-61.664126871526406,16.262882051866928],[-61.66412687223103,16.263319710160268],[-61.66430524890679,16.26316267133404],[-61.664126871526406,16.262882051866928]],[[-61.66496020252906,16.26141606459843],[-61.66513858503393,16.261416064577148],[-61.66513858674796,16.26038205207012],[-61.66496020252906,16.26141606459843]]],[[[-61.654864300838675,16.27400871494002],[-61.65496022344264,16.274749399463005],[-61.65576862788276,16.274944671576026],[-61.65569763719459,16.276122733428092],[-61.653567817223475,16.276122733210375],[-61.6534860005749,16.27414056649918],[-61.654864300838675,16.27400871494002]]]]}},{"type":"Feature","properties":{"feature_id":"EU_LAMENTIN_MONTALEGRE","layer_key":"eau_eu","layer_label":"Eau EU","economic_unit_id":"EU_LAMENTIN_MONTALEGRE","economic_state":"S2","economic_exposure_eur":5863737.0,"economic_damage_eur":708770.0,"economic_damage_ratio_pct":12.087,"economic_asset_count":153,"criticality_territory":"guadeloupe","criticality_family":"eu","criticality_scenario":"rp100","criticality_period_years":"100","criticality_hazard":"storm_cmcc"},"geometry":{"type":"MultiPolygon","coordinates":[[[[-61.667460190397954,16.25391606411275],[-61.66821919296976,16.254031714751072],[-61.66829352659222,16.25558273072191],[-61.668874771909486,16.255591589249335],[-61.66795353166931,16.256967321328844],[-61.66652503588805,16.257645266793933],[-61.663830361114805,16.257439298291576],[-61.66027584779559,16.256384322980274],[-61.6591838657414,16.255390495694133],[-61.65804948343299,16.252966631457088],[-61.658000947962805,16.252249398209678],[-61.6584719344102,16.252249398478476],[-61.65847193612315,16.251215384908367],[-61.65802206071443,16.25121538456617],[-61.658479491915294,16.249168139859144],[-61.66079351140415,16.246958623599934],[-61.66157165979047,16.247389982343257],[-61.6616268467043,16.248082731329784],[-61.66376308658097,16.247947878270224],[-61.665268822865855,16.24879976746626],[-61.66646055120464,16.248815191627518],[-61.66703331123078,16.250142713038137],[-61.666871921582256,16.25141606408173],[-61.667164823064105,16.25141758683627],[-61.667460190397954,16.25391606411275]]],[[[-61.66620433900757,16.247035097776134],[-61.66597194309771,16.246425444753132],[-61.666812114151156,16.24655598898033],[-61.66745388668592,16.24679410350963],[-61.66620433900757,16.247035097776134]]]]}},{"type":"Feature","properties":{"feature_id":"EU_LANSEBERTRAND_CHAPELLE","layer_key":"eau_eu","layer_label":"Eau EU","economic_unit_id":"EU_LANSEBERTRAND_CHAPELLE","economic_state":"S2","economic_exposure_eur":12030411.0,"economic_damage_eur":1454157.0,"economic_damage_ratio_pct":12.087,"economic_asset_count":170,"criticality_territory":"guadeloupe","criticality_family":"eu","criticality_scenario":"rp100","criticality_period_years":"100","criticality_hazard":"storm_cmcc"},"geometry":{"type":"MultiPolygon","coordinates":[[[[-61.48829385189258,16.464229319636356],[-61.49680493126729,16.466952580979353],[-61.49703757421417,16.466429710206935],[-61.498471598604574,16.466416090819273],[-61.4985268432122,16.465723329861255],[-61.49930493322034,16.46558275735345],[-61.49934363981476,16.46491662055419],[-61.50013826783609,16.464749423887685],[-61.500311541411,16.463953438196725],[-61.50180493566638,16.463916090310608],[-61.502037575619944,16.46309637615389],[-61.50386334266759,16.46308883379487],[-61.504127186873035,16.46391609000059],[-61.506507343681804,16.463987885989955],[-61.50662718860953,16.464749423021658],[-61.507435570380906,16.46494468010846],[-61.50746052470431,16.466323860375645],[-61.508553930174905,16.46701690454467],[-61.50883654347991,16.46553376172519],[-61.51602881466011,16.466186324274396],[-61.51684174701281,16.465868159603026],[-61.51736893528559,16.46632184108558],[-61.517606108570156,16.467795325435176],[-61.51650716342184,16.47005046880928],[-61.51579386595295,16.470370060657466],[-61.515674019334895,16.471143561628587],[-61.515012126557885,16.47121535955555],[-61.51484068682169,16.471976894854524],[-61.51355053394333,16.47193788118506],[-61.50687756752738,16.47722393548712],[-61.50634953131356,16.47814734160282],[-61.50556122197619,16.478701737670352],[-61.50456877314561,16.478709279760615],[-61.50430491321936,16.477048691257288],[-61.50284061148534,16.477024613510324],[-61.50263824819227,16.476215357729153],[-61.501843622786026,16.47604815950936],[-61.50180491778217,16.474548691006376],[-61.50097788369802,16.474294097106768],[-61.50115294407391,16.47311641910608],[-61.49879234346027,16.47121535699855],[-61.49692477105077,16.471143559666242],[-61.496804925505614,16.470382023808543],[-61.4960102988451,16.470214825911384],[-61.49597159404609,16.46932611825159],[-61.48662718707525,16.465440649589464],[-61.48657194735863,16.467741449360442],[-61.485793857732496,16.467882022409892],[-61.4856205843803,16.468678006943858],[-61.48453757260927,16.468701735283037],[-61.48430493430739,16.4662153555972],[-61.48197820677243,16.466178006566526],[-61.48180493606924,16.46538202195324],[-61.481091445407124,16.46531022483829],[-61.48075175421319,16.464548688482715],[-61.48123544737293,16.46142217007359],[-61.4832194425718,16.461531732659143],[-61.48329385072312,16.46391609279904],[-61.48351031219818,16.462416621534416],[-61.48430494097588,16.462249425953814],[-61.48456878060182,16.46142216963128],[-61.48562057783375,16.461453439866755],[-61.48585608345361,16.46224942576143],[-61.48725816609885,16.462273501727616],[-61.48746051655518,16.463082758881992],[-61.48809150000958,16.463106834976173],[-61.48829385189258,16.464229319636356]]],[[[-61.48263827982233,16.459102870485616],[-61.48356242964371,16.458583754220452],[-61.48576889066472,16.458278014505435],[-61.48559149851788,16.45952461192243],[-61.48287091049154,16.459535068692606],[-61.48263827982233,16.459102870485616]]],[[[-61.4982938678351,16.472882023925287],[-61.4980915082525,16.473691279704457],[-61.49682987296966,16.473520099261382],[-61.4968298747707,16.472444680783894],[-61.49763825557842,16.47224942441085],[-61.4978406163037,16.471440167300813],[-61.49903118694499,16.47150873219979],[-61.499102248175845,16.472686766137315],[-61.4982938678351,16.472882023925287]]],[[[-61.50988611614266,16.464433049686548],[-61.50859144376017,16.46447689438064],[-61.50854600803176,16.46319839724512],[-61.509758167740344,16.463106832296692],[-61.50988611614266,16.464433049686548]]]]}},{"type":"Feature","properties":{"feature_id":"EU_LANSEBERTRAND_GUERY","layer_key":"eau_eu","layer_label":"Eau EU","economic_unit_id":"EU_LANSEBERTRAND_GUERY","economic_state":"S2","economic_exposure_eur":759095.0,"economic_damage_eur":91754.0,"economic_damage_ratio_pct":12.087,"economic_asset_count":16,"criticality_territory":"guadeloupe","criticality_family":"eu","criticality_scenario":"rp100","criticality_period_years":"100","criticality_hazard":"storm_cmcc"},"geometry":{"type":"Polygon","coordinates":[[[-61.48157192466654,16.451908115971168],[-61.480793830466645,16.452066093230915],[-61.480648161042105,16.45282871569675],[-61.47976464374219,16.453001224609018],[-61.477689423177054,16.451887069083437],[-61.47670423620438,16.45060944502176],[-61.47653620275839,16.44981016301359],[-61.47675034102279,16.449119479921006],[-61.47730240064366,16.448565830379824],[-61.47828532702845,16.448328878784082],[-61.47847163089049,16.448916093075976],[-61.47847669446516,16.448345386135752],[-61.47961747000168,16.447967703091084],[-61.48077538719841,16.448477540908947],[-61.481627159624,16.449514128272362],[-61.48157192466654,16.451908115971168]]]}},{"type":"Feature","properties":{"feature_id":"EU_LEGOSIER_MINIBELL","layer_key":"eau_eu","layer_label":"Eau EU","economic_unit_id":"EU_LEGOSIER_MINIBELL","economic_state":"S2","economic_exposure_eur":401149.0,"economic_damage_eur":48488.0,"economic_damage_ratio_pct":12.087,"economic_asset_count":9,"criticality_territory":"guadeloupe","criticality_family":"eu","criticality_scenario":"rp100","criticality_period_years":"100","criticality_hazard":"storm_cmcc"},"geometry":{"type":"Polygon","coordinates":[[[-61.45079342393686,16.21052960967512],[-61.449481266599186,16.21150175454704],[-61.44792672839805,16.211584890315695],[-61.44695359364008,16.210553104496274],[-61.447208563543235,16.208538595468777],[-61.4484226195737,16.207249424538528],[-61.45013870421611,16.20724942428555],[-61.450138704735124,16.206929759179562],[-61.45068581035527,16.20727073375063],[-61.4511774137917,16.208330040454968],[-61.451224329085875,16.209548692577894],[-61.45079342231464,16.209548692774273],[-61.45079342393686,16.21052960967512]],[[-61.45013870146331,16.208916090993316],[-61.45013870179488,16.20871535937741],[-61.449994440963025,16.208715359369098],[-61.45013870146331,16.208916090993316]]]}},{"type":"Feature","properties":{"feature_id":"EU_LEGOSIER_MINIHAV1","layer_key":"eau_eu","layer_label":"Eau EU","economic_unit_id":"EU_LEGOSIER_MINIHAV1","economic_state":"S2","economic_exposure_eur":308824.0,"economic_damage_eur":37329.0,"economic_damage_ratio_pct":12.087,"economic_asset_count":2,"criticality_territory":"guadeloupe","criticality_family":"eu","criticality_scenario":"rp100","criticality_period_years":"100","criticality_hazard":"storm_cmcc"},"geometry":{"type":"Polygon","coordinates":[[[-61.425717861759594,16.21155153959339],[-61.42523413005939,16.21158534688747],[-61.42448420189917,16.210877065904175],[-61.42382875181754,16.2108254161777],[-61.423639902398435,16.210055262237592],[-61.42403731210053,16.20978665874979],[-61.42501683875151,16.20997533831264],[-61.425661654351536,16.209774432482075],[-61.42596355346436,16.210141178282186],[-61.425717861759594,16.21155153959339]]]}},{"type":"Feature","properties":{"feature_id":"EU_LEGOSIER_MINIHAV2","layer_key":"eau_eu","layer_label":"Eau EU","economic_unit_id":"EU_LEGOSIER_MINIHAV2","economic_state":"S2","economic_exposure_eur":128240.0,"economic_damage_eur":15501.0,"economic_damage_ratio_pct":12.087,"economic_asset_count":3,"criticality_territory":"guadeloupe","criticality_family":"eu","criticality_scenario":"rp100","criticality_period_years":"100","criticality_hazard":"storm_cmcc"},"geometry":{"type":"Polygon","coordinates":[[[-61.42803446403221,16.212306812061577],[-61.42754143229413,16.21254068086374],[-61.42675355083931,16.21211470828929],[-61.42750642216522,16.211093187354873],[-61.42800355393427,16.211267721012316],[-61.42803446403221,16.212306812061577]]]}},{"type":"Feature","properties":{"feature_id":"EU_LEGOSIER_MINIIMPM","layer_key":"eau_eu","layer_label":"Eau EU","economic_unit_id":"EU_LEGOSIER_MINIIMPM","economic_state":"S2","economic_exposure_eur":86675.0,"economic_damage_eur":10477.0,"economic_damage_ratio_pct":12.087,"economic_asset_count":1,"criticality_territory":"guadeloupe","criticality_family":"eu","criticality_scenario":"rp100","criticality_period_years":"100","criticality_hazard":"storm_cmcc"},"geometry":{"type":"Polygon","coordinates":[[[-61.43643596217224,16.21502119277331],[-61.43704462446528,16.215090690502127],[-61.43737930877424,16.216134017552598],[-61.43724344709278,16.216538263929664],[-61.436516239203634,16.216559088977565],[-61.436190442749094,16.21556377708393],[-61.43643596217224,16.21502119277331]]]}},{"type":"Feature","properties":{"feature_id":"EU_LEGOSIER_MINIOS","layer_key":"eau_eu","layer_label":"Eau EU","economic_unit_id":"EU_LEGOSIER_MINIOS","economic_state":"S0","economic_exposure_eur":92053.0,"economic_damage_eur":1825.0,"economic_damage_ratio_pct":1.983,"economic_asset_count":1,"criticality_territory":"guadeloupe","criticality_family":"eu","criticality_scenario":"rp100","criticality_period_years":"100","criticality_hazard":"storm_cmcc"},"geometry":{"type":"Polygon","coordinates":[[[-61.455524061430715,16.20161325089496],[-61.45582496767588,16.202082809406424],[-61.454947461939334,16.202819836683023],[-61.45410427346973,16.202025717388256],[-61.45443275655577,16.2015737440339],[-61.455524061430715,16.20161325089496]]]}},{"type":"Feature","properties":{"feature_id":"EU_LEGOSIER_MINIRES7","layer_key":"eau_eu","layer_label":"Eau EU","economic_unit_id":"EU_LEGOSIER_MINIRES7","economic_state":"S2","economic_exposure_eur":135950.0,"economic_damage_eur":16433.0,"economic_damage_ratio_pct":12.087,"economic_asset_count":3,"criticality_territory":"guadeloupe","criticality_family":"eu","criticality_scenario":"rp100","criticality_period_years":"100","criticality_hazard":"storm_cmcc"},"geometry":{"type":"Polygon","coordinates":[[[-61.45393265436836,16.201818461197465],[-61.453578603054844,16.201566241916492],[-61.453991260660516,16.200320384574493],[-61.45443111941213,16.20032338972676],[-61.45517649430371,16.20092122523288],[-61.45517292262131,16.201346240015205],[-61.454742062238495,16.20175573330145],[-61.45393265436836,16.201818461197465]]]}},{"type":"Feature","properties":{"feature_id":"EU_LEGOSIER_MINIRESG","layer_key":"eau_eu","layer_label":"Eau EU","economic_unit_id":"EU_LEGOSIER_MINIRESG","economic_state":"S2","economic_exposure_eur":81128.0,"economic_damage_eur":9806.0,"economic_damage_ratio_pct":12.087,"economic_asset_count":3,"criticality_territory":"guadeloupe","criticality_family":"eu","criticality_scenario":"rp100","criticality_period_years":"100","criticality_hazard":"storm_cmcc"},"geometry":{"type":"Polygon","coordinates":[[[-61.49231188273036,16.219827340743137],[-61.49288328363776,16.219843239036276],[-61.493228378940415,16.22104754497487],[-61.49280113863535,16.221269388930395],[-61.49225541856063,16.22109334731156],[-61.49207801323218,16.220331299232043],[-61.49231188273036,16.219827340743137]]]}},{"type":"Feature","properties":{"feature_id":"EU_LEGOSIER_MINIVANIL","layer_key":"eau_eu","layer_label":"Eau EU","economic_unit_id":"EU_LEGOSIER_MINIVANIL","economic_state":"S2","economic_exposure_eur":223531.0,"economic_damage_eur":27019.0,"economic_damage_ratio_pct":12.087,"economic_asset_count":5,"criticality_territory":"guadeloupe","criticality_family":"eu","criticality_scenario":"rp100","criticality_period_years":"100","criticality_hazard":"storm_cmcc"},"geometry":{"type":"Polygon","coordinates":[[[-61.5070116530999,16.229358906142455],[-61.507352080617984,16.22985136973813],[-61.50709907079295,16.231027450573375],[-61.50631512581633,16.231383022111807],[-61.505670466123654,16.23064319250822],[-61.50642504539837,16.229530680334317],[-61.5070116530999,16.229358906142455]]]}},{"type":"Feature","properties":{"feature_id":"EU_LEGOSIER_MONTAUBAN","layer_key":"eau_eu","layer_label":"Eau EU","economic_unit_id":"EU_LEGOSIER_MONTAUBAN","economic_state":"S2","economic_exposure_eur":36712675.0,"economic_damage_eur":4437588.0,"economic_damage_ratio_pct":12.087,"economic_asset_count":504,"criticality_territory":"guadeloupe","criticality_family":"eu","criticality_scenario":"rp100","criticality_period_years":"100","criticality_hazard":"storm_cmcc"},"geometry":{"type":"Polygon","coordinates":[[[-61.49097202092518,16.21371536479807],[-61.48996010125184,16.213715364661493],[-61.489727760170275,16.214535077341445],[-61.48784077987356,16.21452461971454],[-61.487638689448076,16.212882031041737],[-61.48662676608869,16.21288203090485],[-61.48639442631508,16.213701743603156],[-61.48445084899591,16.213662056137878],[-61.48430535659512,16.212882030590503],[-61.48347360018524,16.212596727771114],[-61.48352719726093,16.21155666125967],[-61.484305359017036,16.211416086372555],[-61.48412676092802,16.209977866841736],[-61.48329342817126,16.210382030534987],[-61.483219121386476,16.211933053061827],[-61.481626764030565,16.212048696921073],[-61.48144493862291,16.21284869192853],[-61.479053441449096,16.210990211986292],[-61.475978416398874,16.210312074987012],[-61.47391946528685,16.212401878820554],[-61.4712793485528,16.213233276118686],[-61.469382507922795,16.213070303559416],[-61.46769642042956,16.21218767689716],[-61.46560710645202,16.212626986793968],[-61.4574828058377,16.212630644423918],[-61.45576230615141,16.211993276405213],[-61.45442523309634,16.210768265924692],[-61.45367513928188,16.209142116766706],[-61.453626206954155,16.207362400858795],[-61.45485393402717,16.204993791504556],[-61.4575975809969,16.203618474204426],[-61.45908809417165,16.204083287225828],[-61.45930537091146,16.20641608966511],[-61.45937968069699,16.20403173109608],[-61.46013870825099,16.203916089488665],[-61.46040219865571,16.20308883325338],[-61.46329131505336,16.20336465156894],[-61.46513871142295,16.201545877206897],[-61.465163631901554,16.199944680513042],[-61.465972047610165,16.19974942191754],[-61.46617412523241,16.198940165089393],[-61.47219658941698,16.198922164897027],[-61.47252431286932,16.199749421037957],[-61.473894418138286,16.19976304022833],[-61.47412674353072,16.200262170278425],[-61.47790776786172,16.20141608671086],[-61.48056108584976,16.201429706065348],[-61.48079341439954,16.20224941995597],[-61.48163783463888,16.20201169644714],[-61.4828456326173,16.202736110947505],[-61.49180862045312,16.204190481577086],[-61.493083344210014,16.20386818771789],[-61.4947277542337,16.203929704290655],[-61.49496008659699,16.2044376998101],[-61.49905535813329,16.204364249958484],[-61.501453710557605,16.204786765812234],[-61.501626756062066,16.205582750561],[-61.50549814754,16.20558427270295],[-61.505793424665136,16.20641608335746],[-61.50809133732746,16.20644016000801],[-61.507949334580964,16.20980927553586],[-61.50907477266754,16.211673637343864],[-61.50852534910301,16.212010133020733],[-61.509452211259564,16.21229888057902],[-61.512362096489255,16.216416082665415],[-61.51347201325372,16.21641608258172],[-61.51364506960359,16.21478676460755],[-61.51584604151085,16.21474941557413],[-61.51621013735382,16.218746134421387],[-61.51516841076004,16.22082272655106],[-61.513298333372795,16.222108234454492],[-61.5109720037356,16.222382599540556],[-61.510193846236284,16.22190812266519],[-61.51013867246017,16.22121536712227],[-61.50867410779939,16.221191288761876],[-61.50829344807571,16.220382033570274],[-61.50823827444682,16.22107478926345],[-61.506626783940796,16.222048699960023],[-61.506492508008066,16.22282068199478],[-61.50406842487584,16.222852370877643],[-61.50234281498337,16.222130066807406],[-61.49992887081396,16.219856457557476],[-61.498158748688255,16.220945204047183],[-61.495972007880276,16.221173032077218],[-61.49597201194518,16.2187153653081],[-61.49567375141768,16.219476899539046],[-61.49496011156965,16.219548698478075],[-61.49492158111328,16.22104790956098],[-61.49203406809968,16.220214921834742],[-61.490723413285146,16.218950319282097],[-61.48999391139301,16.21715322365964],[-61.48847201622744,16.216755691854],[-61.49052992881804,16.216422162877553],[-61.49097201508515,16.21724941894865],[-61.49114506986459,16.216453433966787],[-61.49263868288976,16.21641608536997],[-61.49263868490935,16.215182984894525],[-61.49129939378661,16.2145486977581],[-61.49097202092518,16.21371536479807]],[[-61.50662677980802,16.219548700041802],[-61.506626780139804,16.219749416909423],[-61.50680534202357,16.219749416885584],[-61.50662677980802,16.219548700041802]],[[-61.51246011287684,16.218916082778158],[-61.51263867590654,16.218916082754408],[-61.51263867623829,16.218715367536777],[-61.51246011287684,16.218916082778158]]]}},{"type":"Feature","properties":{"feature_id":"EU_LEGOSIER_POINTEAD__P1","layer_key":"eau_eu","layer_label":"Eau EU","economic_unit_id":"EU_LEGOSIER_POINTEAD__P1","economic_state":"S2","economic_exposure_eur":4325441.0,"economic_damage_eur":522831.0,"economic_damage_ratio_pct":12.087,"economic_asset_count":59,"criticality_territory":"guadeloupe","criticality_family":"eu","criticality_scenario":"rp100","criticality_period_years":"100","criticality_hazard":"storm_cmcc"},"geometry":{"type":"Polygon","coordinates":[[[-61.52847201114061,16.216416080598194],[-61.528674111125056,16.215606824373065],[-61.52986422152443,16.215675391768794],[-61.52996011244672,16.217249413756505],[-61.53073827157897,16.21738999110191],[-61.530793448644665,16.218916080354983],[-61.53148128085996,16.218969387668203],[-61.531626783465356,16.219749413599544],[-61.532183988414026,16.219753683784393],[-61.53180180227061,16.220189587235716],[-61.530153993625866,16.220994189473643],[-61.52996011762452,16.220382036438814],[-61.52983691927188,16.22102894962887],[-61.52683658707818,16.221031219401706],[-61.5250694818153,16.220031167630175],[-61.52430533814151,16.220600694373204],[-61.52442503587305,16.218987879690438],[-61.52680534057588,16.218916080879552],[-61.526805341137745,16.218569318317236],[-61.52348173329164,16.218329755620108],[-61.521626780764635,16.21891608156282],[-61.522340419221,16.21898787987157],[-61.522460115586036,16.21974941480668],[-61.52314794769404,16.219802721930332],[-61.523293450407444,16.22058274805061],[-61.52406570576621,16.22071563507783],[-61.522321379229425,16.220929822343784],[-61.52032396206116,16.220102963506612],[-61.518926348013636,16.22027716734438],[-61.51769713118652,16.22133022066933],[-61.516156775849424,16.221627915551988],[-61.511348532151686,16.220865582532603],[-61.510048530098544,16.219775545148785],[-61.509565452884985,16.218403796022695],[-61.509808697121855,16.216974003495654],[-61.510771435212575,16.21578588238452],[-61.51079344185546,16.216416082938036],[-61.51347201325372,16.21641608258172],[-61.51347243307587,16.215057511257132],[-61.519305348778055,16.214592339896132],[-61.51960063978268,16.21308427102146],[-61.52309134227029,16.21310682498561],[-61.52329343900188,16.21368248829185],[-61.52481460912479,16.213969388298125],[-61.52790219225574,16.2164221579949],[-61.52847201114061,16.216416080598194]],[[-61.51263867590654,16.218916082754408],[-61.51263867603851,16.218837541112006],[-61.51246011277366,16.218852478570028],[-61.51263867590654,16.218916082754408]],[[-61.52829344831452,16.218916080683652],[-61.529007086438185,16.218987879192365],[-61.52930533884791,16.219749413904538],[-61.52930534050198,16.218749481575564],[-61.52829344831452,16.218916080683652]]]}},{"type":"Feature","properties":{"feature_id":"EU_LEGOSIER_POINTEAD__P2","layer_key":"eau_eu","layer_label":"Eau EU","economic_unit_id":"EU_LEGOSIER_POINTEAD__P2","economic_state":"S2","economic_exposure_eur":3313343.0,"economic_damage_eur":400495.0,"economic_damage_ratio_pct":12.087,"economic_asset_count":39,"criticality_territory":"guadeloupe","criticality_family":"eu","criticality_scenario":"rp100","criticality_period_years":"100","criticality_hazard":"storm_cmcc"},"geometry":{"type":"Polygon","coordinates":[[[-61.52442503587305,16.218987879690438],[-61.525633998040554,16.218496472302164],[-61.52680534115841,16.218555899060025],[-61.52684400025459,16.217416616452606],[-61.52763867654693,16.21724941406185],[-61.52787102717031,16.216429700368714],[-61.529023055536726,16.216743906585133],[-61.53002446903647,16.217822534088146],[-61.530809717493995,16.219661212461467],[-61.53064874331656,16.221215369725098],[-61.53021298395501,16.221099723454742],[-61.52996011762452,16.220382036438814],[-61.52975801529337,16.22119129135153],[-61.5279721658157,16.22121536910495],[-61.52784206486873,16.2222494139759],[-61.5298853022777,16.222364521863263],[-61.53026643440369,16.22453360412599],[-61.52987166146879,16.226222147268334],[-61.52857241759236,16.227414218474447],[-61.52703526130988,16.227727225382814],[-61.525348545508464,16.22714318037887],[-61.524079198516,16.225309846937023],[-61.519305335473064,16.222625232208877],[-61.52013866966841,16.222048701755824],[-61.51912678561078,16.222048701621908],[-61.51912678635474,16.22251554412329],[-61.51822844430084,16.221610969586028],[-61.51649401055657,16.220872200278592],[-61.515650472698226,16.219674146882937],[-61.51549108115199,16.21823337176903],[-61.51640259518637,16.216502484327656],[-61.517996815398426,16.21571249096601],[-61.521156762843454,16.215848719600977],[-61.523309897110465,16.217509402136184],[-61.524752030951085,16.216402784160447],[-61.526626776839024,16.216142484788058],[-61.52645372305421,16.217844685820324],[-61.5232934459434,16.217882035642486],[-61.523120390168906,16.21867801874147],[-61.52162678043289,16.21871536872838],[-61.522385800790765,16.21903172586495],[-61.522460115586036,16.21974941480668],[-61.5232485546959,16.21989249405647],[-61.52430534001645,16.219463678573955],[-61.52442503587305,16.218987879690438]],[[-61.52829344831452,16.218916080683652],[-61.529007086438185,16.218987879192365],[-61.52930533884791,16.219749413904538],[-61.529305340557094,16.218715369740636],[-61.52829344831452,16.218916080683652]]]}},{"type":"Feature","properties":{"feature_id":"EU_LEMOULE_CHATEAUGA","layer_key":"eau_eu","layer_label":"Eau EU","economic_unit_id":"EU_LEMOULE_CHATEAUGA","economic_state":"S2","economic_exposure_eur":433266.0,"economic_damage_eur":52370.0,"economic_damage_ratio_pct":12.087,"economic_asset_count":8,"criticality_territory":"guadeloupe","criticality_family":"eu","criticality_scenario":"rp100","criticality_period_years":"100","criticality_hazard":"storm_cmcc"},"geometry":{"type":"Polygon","coordinates":[[[-61.401210068782405,16.311652627231755],[-61.400617833348576,16.31206125544832],[-61.39996025039137,16.311257777462668],[-61.39981469073302,16.31199537695694],[-61.398835816109894,16.312048681789285],[-61.397727067859655,16.310382930655933],[-61.397786856769024,16.30917423154156],[-61.39861175618072,16.308399715377995],[-61.40079357826993,16.30790692080705],[-61.40107031927949,16.30981748644238],[-61.400793582540565,16.310473435147852],[-61.401080664855726,16.310686095065126],[-61.401210068782405,16.311652627231755]]]}},{"type":"Feature","properties":{"feature_id":"EU_LEMOULE_GUENETTE","layer_key":"eau_eu","layer_label":"Eau EU","economic_unit_id":"EU_LEMOULE_GUENETTE","economic_state":"S2","economic_exposure_eur":7259486.0,"economic_damage_eur":877479.0,"economic_damage_ratio_pct":12.087,"economic_asset_count":99,"criticality_territory":"guadeloupe","criticality_family":"eu","criticality_scenario":"rp100","criticality_period_years":"100","criticality_hazard":"storm_cmcc"},"geometry":{"type":"Polygon","coordinates":[[[-61.3304021646662,16.321422187718966],[-61.33513853197236,16.321689958274373],[-61.33513853590785,16.319332025281227],[-61.33715761782554,16.320064903117547],[-61.33817731593027,16.321213080040035],[-61.338896172443455,16.323247919976676],[-61.341220394983054,16.32397819474527],[-61.34251592151324,16.325408272186483],[-61.3433456503691,16.330854516176515],[-61.342662121914536,16.332683187560793],[-61.34263851356989,16.332048673282564],[-61.34181928473954,16.331824202326846],[-61.341805185920855,16.328715339934675],[-61.341626937563035,16.328715339908282],[-61.34176836239584,16.329275715001234],[-61.340793608454405,16.33132452356373],[-61.34076867754206,16.332686759709798],[-61.339960277589036,16.332882006192],[-61.339758076979116,16.333691263366614],[-61.3351214876497,16.334106101770608],[-61.33424191227405,16.333715338666273],[-61.330078080134946,16.333715338045792],[-61.329277656390246,16.332558295406265],[-61.32895320244447,16.330751099175],[-61.32715087208922,16.328082777949348],[-61.32763852254638,16.328082778234236],[-61.327436318731976,16.323082778129667],[-61.33006970553198,16.323082777765965],[-61.3304021646662,16.321422187718966]],[[-61.332337495507794,16.322812372827375],[-61.33263852869362,16.323916110719196],[-61.33271287631873,16.323198410968274],[-61.33347186366481,16.322852308251953],[-61.332337495507794,16.322812372827375]],[[-61.336626928822035,16.323916110126024],[-61.33742158757743,16.32408329656974],[-61.33746026445579,16.32523061148555],[-61.340187907874615,16.32606540411227],[-61.34013852506848,16.325382006463215],[-61.338546205900904,16.325266370792086],[-61.33847186143995,16.323715339603773],[-61.33778409351649,16.32366203575842],[-61.33763852962565,16.32288200617393],[-61.33690112812764,16.322789368634787],[-61.33680519781136,16.322048672744042],[-61.335858084423485,16.32204867262072],[-61.336626928822035,16.323916110126024]],[[-61.34097185688274,16.326215339892844],[-61.34022995550793,16.326117906096215],[-61.340259914247866,16.327249442916305],[-61.340971855160404,16.327249442897045],[-61.34097185688274,16.326215339892844]]]}},{"type":"Feature","properties":{"feature_id":"EU_LEMOULE_SERGENT","layer_key":"eau_eu","layer_label":"Eau EU","economic_unit_id":"EU_LEMOULE_SERGENT","economic_state":"S2","economic_exposure_eur":33279415.0,"economic_damage_eur":4022598.0,"economic_damage_ratio_pct":12.087,"economic_asset_count":459,"criticality_territory":"guadeloupe","criticality_family":"eu","criticality_scenario":"rp100","criticality_period_years":"100","criticality_hazard":"storm_cmcc"},"geometry":{"type":"MultiPolygon","coordinates":[[[[-61.359305206433646,16.31474943988716],[-61.35947833654698,16.313953452382325],[-61.36062045344829,16.31395345221617],[-61.360793585030905,16.315473788888596],[-61.361326170052074,16.315389309300983],[-61.36163942223252,16.316696652172336],[-61.35792705711048,16.320535896064882],[-61.35736112060427,16.324005933444397],[-61.35778185412135,16.326416106956017],[-61.35829360426442,16.327249440344175],[-61.35930518562296,16.327249440195917],[-61.359600624260885,16.326417629341154],[-61.361544900314435,16.32641610646344],[-61.361525056044655,16.326998947744283],[-61.362449622232766,16.326653899375206],[-61.362460271546176,16.327249439734086],[-61.36292251706513,16.32655553178931],[-61.3658752576066,16.326749163017684],[-61.36915204965125,16.328239957332514],[-61.37044871971056,16.329548677086326],[-61.36912694441175,16.33038201055925],[-61.36895380167436,16.331177996561653],[-61.3674602788886,16.331215343622492],[-61.3674602806115,16.33224943912767],[-61.369102015527005,16.333278019888315],[-61.36903101236775,16.334456038404362],[-61.3674602844427,16.33454867684687],[-61.36639448073578,16.336201723601416],[-61.363293619971685,16.33623359546862],[-61.36299816870786,16.337047152661643],[-61.357200341291424,16.336094535133494],[-61.355001410229384,16.334930798586953],[-61.35144574669344,16.33451500684995],[-61.34972781299763,16.335368387955995],[-61.34829361633101,16.33538200734254],[-61.34806114666688,16.336201721027972],[-61.34540215820087,16.336209262433105],[-61.345138507622494,16.33538200687676],[-61.34433010815596,16.335186759785522],[-61.34430517759313,16.333460425477153],[-61.343448321084956,16.333431461300076],[-61.34184385690682,16.331881484761748],[-61.34157928480849,16.329395948745372],[-61.34079360549338,16.329548673090976],[-61.34073840891249,16.332741440603662],[-61.339960277589036,16.332882006192],[-61.33978713499488,16.333677992708605],[-61.3388929451932,16.333715339111095],[-61.337149801882845,16.327602915575262],[-61.335242566539065,16.325621171924087],[-61.334005823922844,16.32224944372198],[-61.33562045828579,16.322286788979206],[-61.336626928822035,16.323916110126024],[-61.337385915411645,16.32403174381682],[-61.337460266443586,16.32641611006395],[-61.33819766600133,16.326508745867564],[-61.33829360128962,16.327249443294154],[-61.340971855160404,16.327249442897045],[-61.3408855880497,16.326267590339903],[-61.340234457160435,16.326122702236937],[-61.34001052802344,16.32538200645949],[-61.33856779166274,16.32528936874905],[-61.33847186143995,16.323715339603773],[-61.33690112812764,16.322789368634787],[-61.33680519781136,16.322048672744042],[-61.33521287726783,16.321933037218614],[-61.3352344665733,16.31900874610236],[-61.336805203026486,16.318916109976207],[-61.3370376536849,16.318096394999607],[-61.338471870817386,16.318082776374883],[-61.33870432067318,16.317263061410017],[-61.34097187181056,16.317249442650297],[-61.341046217207165,16.316531743421937],[-61.341805206399705,16.31641610917297],[-61.34187955151047,16.315698409998493],[-61.34263854098883,16.315582775695695],[-61.342693739216884,16.314890006921093],[-61.34430521016704,16.31391610874134],[-61.34442495405652,16.313154567535275],[-61.346332084303874,16.31308277475745],[-61.348293580553396,16.31389714356414],[-61.348173838300006,16.31447688097393],[-61.34746024817942,16.314548674566357],[-61.3482549088742,16.314916629060598],[-61.348254910732244,16.316048152230035],[-61.34662691749571,16.316215341055614],[-61.34662691837458,16.31676417138785],[-61.34854841504936,16.316866828548616],[-61.349979611396606,16.31939421587649],[-61.34947692478313,16.32058277466652],[-61.349960259982126,16.321416108091633],[-61.35097186330462,16.321416107942603],[-61.351067796166326,16.320675411139234],[-61.351805197894954,16.320582774466004],[-61.350996796937814,16.320186760387063],[-61.35109161389163,16.318987900213834],[-61.351805200669475,16.31891610775819],[-61.35319844104864,16.317342913097033],[-61.35329358964832,16.3189161075392],[-61.353851056203744,16.318920431581894],[-61.356534790373026,16.316149274758477],[-61.358471871382186,16.315842046450303],[-61.35848597582932,16.314973911448174],[-61.359305206433646,16.31474943988716]],[[-61.36329360916665,16.329749439674064],[-61.363471847477186,16.329749439648012],[-61.363471847811645,16.329548676428143],[-61.36329360916665,16.329749439674064]]],[[[-61.368767755369035,16.338525760599765],[-61.36775825753402,16.338643549192383],[-61.367663436054045,16.336611353412202],[-61.368471835593226,16.336416105749983],[-61.368591595408844,16.33482123185307],[-61.370138504779455,16.334749438799403],[-61.37023444499905,16.3340087427051],[-61.37098792705989,16.333916105314444],[-61.37064066186048,16.33647012045721],[-61.36962406717726,16.337882010010407],[-61.368767755369035,16.338525760599765]]]]}},{"type":"Feature","properties":{"feature_id":"EU_LESABYMES_POINTEAD__P1","layer_key":"eau_eu","layer_label":"Eau EU","economic_unit_id":"EU_LESABYMES_POINTEAD__P1","economic_state":"S2","economic_exposure_eur":109137661.0,"economic_damage_eur":13191847.0,"economic_damage_ratio_pct":12.087,"economic_asset_count":2775,"criticality_territory":"guadeloupe","criticality_family":"eu","criticality_scenario":"rp100","criticality_period_years":"100","criticality_hazard":"storm_cmcc"},"geometry":{"type":"MultiPolygon","coordinates":[[[[-61.54329350925622,16.25454870372961],[-61.54412684398218,16.255325336391525],[-61.54223392579171,16.257294367655827],[-61.541122543442995,16.257831664998537],[-61.540793513071876,16.257048703321825],[-61.54079351454041,16.25793375843594],[-61.53968823524633,16.25810722064359],[-61.53940732769259,16.258628104107697],[-61.539126843424775,16.255382036492385],[-61.539007128601945,16.257810236304426],[-61.536626847239724,16.257882036083675],[-61.53657166250125,16.258574790591297],[-61.53496018311645,16.259548702477563],[-61.53484046422289,16.260310235817556],[-61.53329351761178,16.260382035565225],[-61.533219189421224,16.26109972286251],[-61.53246018588288,16.26141608119114],[-61.53405252408982,16.262365058842104],[-61.53412685625147,16.263526429851733],[-61.533040098106625,16.264548701803427],[-61.53117407907386,16.26452462351888],[-61.53097193249478,16.263715368484657],[-61.528799393635026,16.264548701113906],[-61.52847193246669,16.263942634257717],[-61.52738879928756,16.263715367971567],[-61.519255341012666,16.26315932008091],[-61.518495917506534,16.263471556803072],[-61.52068904960677,16.266621866825293],[-61.520732151445706,16.268082749532915],[-61.521530948878535,16.26817539340297],[-61.521626863553564,16.268916082803507],[-61.52195079655374,16.26813605638175],[-61.522966060324755,16.268082748881216],[-61.52329353044135,16.26891608258345],[-61.525418352982804,16.268916082000402],[-61.52695052135374,16.271215367598806],[-61.52428556894112,16.271215367366203],[-61.52345104127301,16.272249415986632],[-61.52486428740797,16.272342059826848],[-61.52488587126996,16.27359972188879],[-61.524126871846974,16.273715367255846],[-61.523831493479925,16.27454717695599],[-61.52284073986016,16.274524622198918],[-61.52263858374405,16.273715367059477],[-61.52213424005357,16.273832485788063],[-61.520183784516405,16.27611542195871],[-61.5175243725942,16.27591653964563],[-61.51597059674535,16.27516706991696],[-61.515338197992456,16.275568774432834],[-61.51507012071077,16.277361616765095],[-61.51382286810068,16.27922922848712],[-61.514598643403225,16.2806655195494],[-61.51469308725526,16.282541672835475],[-61.512515413588176,16.285090231232633],[-61.512413917276234,16.28641608443471],[-61.51326862910284,16.286611345217853],[-61.51329198445793,16.28843006108612],[-61.51223789828866,16.288715364978735],[-61.51213949674212,16.2900007160878],[-61.50760405695569,16.290790473958666],[-61.50725702444042,16.289032106203006],[-61.50823308590046,16.28713176435308],[-61.50839898447894,16.28350925678269],[-61.506673079579464,16.284124446139742],[-61.50517812356692,16.284025352488193],[-61.50501887169788,16.28705542119686],[-61.50419515882087,16.288372617453586],[-61.502832111380535,16.289226874137093],[-61.50105096229502,16.292580218404858],[-61.49412655491035,16.295072572388953],[-61.492998163379916,16.29621383882497],[-61.48790216655143,16.296209283485727],[-61.48763855413128,16.29454869503479],[-61.485771431799925,16.29454869477188],[-61.485973659902,16.291624875782766],[-61.485073256427526,16.28994950911091],[-61.48493976220903,16.28817382301565],[-61.48687362803527,16.28326668430408],[-61.49039646657962,16.280157251292007],[-61.493601747316916,16.279339476189737],[-61.4926080930515,16.278169091074453],[-61.48917862612552,16.27748544015798],[-61.48726630173194,16.275239952660908],[-61.48690943887625,16.27307178681602],[-61.487603377373965,16.270582754069792],[-61.4882686017188,16.270778013054485],[-61.48829353127333,16.272249420672647],[-61.48930525758364,16.272249420536028],[-61.48930526068161,16.270382029385495],[-61.48759386950596,16.27038202916847],[-61.48834903380539,16.2671876907379],[-61.49091155663443,16.264967189142407],[-61.493510815290264,16.264240741249974],[-61.49542752336325,16.26435811488035],[-61.49579263070011,16.262455640900853],[-61.49793644525698,16.25889205081909],[-61.49976589526265,16.25770842558038],[-61.50168350434085,16.257431871329608],[-61.50508996693714,16.254854316884927],[-61.504568174623905,16.2513074125711],[-61.50558617972857,16.248847597312174],[-61.50853173201369,16.246866449110655],[-61.51079349142132,16.24637644837805],[-61.510673781541534,16.246976900368644],[-61.50996015908835,16.2470486995861],[-61.51013862820372,16.247962537425426],[-61.5113527700657,16.24633590567266],[-61.51140870360408,16.24394834134992],[-61.510794707907465,16.24251528615672],[-61.50761908418911,16.244139422688335],[-61.50406704337234,16.244865706194698],[-61.5034719676961,16.24481217212854],[-61.50359167820258,16.243987882285218],[-61.50680530204257,16.24391608415098],[-61.50680530395424,16.24275587493504],[-61.50487541770616,16.243293006706008],[-61.5046821771251,16.242878021698903],[-61.50287101453624,16.2428684114665],[-61.50263863906086,16.24204869877237],[-61.50109167996495,16.241976899478797],[-61.5009719740115,16.24121536524313],[-61.49996014808628,16.241215365107507],[-61.49960593095068,16.242048698026228],[-61.49939596839933,16.239073429842318],[-61.501217504859184,16.23655243624995],[-61.512223091995054,16.2321609913054],[-61.51403551651689,16.232159847904843],[-61.516188076774625,16.233163406655052],[-61.51728706693319,16.233120097888985],[-61.517638649014344,16.23474941581636],[-61.51771296916081,16.234031726520133],[-61.51930531843085,16.232946557949916],[-61.521934278337724,16.234647163473976],[-61.522735979442594,16.234413461252554],[-61.52374762494736,16.233082748005312],[-61.52430531612083,16.233916081580958],[-61.524379636161626,16.233198392615694],[-61.52513865071587,16.233082748117056],[-61.525193830329705,16.232389991745674],[-61.525971985951635,16.23185154583335],[-61.52886023813047,16.23195882219923],[-61.53315620654648,16.23529453851762],[-61.53742621342915,16.243517808548766],[-61.54056289886007,16.244031625597465],[-61.545312588065336,16.24785202054246],[-61.54616775147039,16.251007572189014],[-61.54542678692861,16.253715370383702],[-61.54329350925622,16.25454870372961]],[[-61.48829355202105,16.284749420982926],[-61.48847190362242,16.284749420958843],[-61.48847190533946,16.283715362169293],[-61.48746021685746,16.28371536203262],[-61.488091385453004,16.283940164236647],[-61.48829355202105,16.284749420982926]],[[-61.496626851580906,16.263715363923254],[-61.49662685191372,16.263916086009953],[-61.49680527032971,16.26391608598599],[-61.496626851580906,16.263715363923254]],[[-61.49763856930784,16.28454869670946],[-61.49681125622802,16.284292322059628],[-61.49662688704035,16.285103343708467],[-61.49712610341897,16.285765858021254],[-61.49763856930784,16.28454869670946]],[[-61.504126842624906,16.257711926622],[-61.50463396663395,16.25704869815919],[-61.50246017464923,16.257048698257204],[-61.504126842624906,16.257711926622]],[[-61.50329347530374,16.237249417788338],[-61.50403091112328,16.237342061210388],[-61.50412681012833,16.238082751030866],[-61.50513864526978,16.238082750895614],[-61.50513864836031,16.236215365964327],[-61.504126807037785,16.236215365829075],[-61.50412523132055,16.236763394653554],[-61.50329347530374,16.237249417788338]],[[-61.5057934946236,16.24871536564249],[-61.50579349495606,16.24891608441004],[-61.50597196054735,16.248916084386206],[-61.5057934946236,16.24871536564249]],[[-61.505793505668485,16.255382032090765],[-61.505793507820655,16.256699440791532],[-61.507019645213745,16.255156974190193],[-61.506677263884086,16.254548698917958],[-61.506620546910305,16.255127432805363],[-61.505793505668485,16.255382032090765]]],[[[-61.48763854825807,16.298082754735965],[-61.487870990047305,16.29726304070949],[-61.48975806067809,16.297273497663628],[-61.49079357589634,16.298916087664214],[-61.491571713127655,16.299056661641153],[-61.49162691070571,16.29973577175327],[-61.48907387913217,16.299495419908517],[-61.48700739450477,16.29810683137012],[-61.48763854825807,16.298082754735965]]],[[[-61.51017722606467,16.292416618209852],[-61.51097188795245,16.292249418129476],[-61.51126729387735,16.29141760738639],[-61.513148012951035,16.29146939112655],[-61.51329356922958,16.29308275117494],[-61.514000810527065,16.293149998466788],[-61.51090336167829,16.29393806113912],[-61.51013855193181,16.29393728650479],[-61.51017722606467,16.292416618209852]]],[[[-61.51515267586377,16.279973904941635],[-61.51594570869974,16.27974941716746],[-61.51627514256729,16.28121536562623],[-61.51546606035411,16.281215365472555],[-61.51515267586377,16.279973904941635]]],[[[-61.51975804890669,16.276440160156458],[-61.5199516968312,16.277636000066025],[-61.51763857817089,16.277484504653145],[-61.517638579405414,16.276732390986457],[-61.51975804890669,16.276440160156458]]]]}},{"type":"Feature","properties":{"feature_id":"EU_LESABYMES_POINTEAD__P10","layer_key":"eau_eu","layer_label":"Eau EU","economic_unit_id":"EU_LESABYMES_POINTEAD__P10","economic_state":"S0","economic_exposure_eur":66116.0,"economic_damage_eur":1313.0,"economic_damage_ratio_pct":1.986,"economic_asset_count":3,"criticality_territory":"guadeloupe","criticality_family":"eu","criticality_scenario":"rp100","criticality_period_years":"100","criticality_hazard":"storm_cmcc"},"geometry":{"type":"Polygon","coordinates":[[[-61.53073971754297,16.233940034950766],[-61.53066808344004,16.234528174098514],[-61.529685003199155,16.234751966005046],[-61.52927585440856,16.234595703567955],[-61.52929975976475,16.233893134268097],[-61.5302276441723,16.233694473697575],[-61.53073971754297,16.233940034950766]]]}},{"type":"Feature","properties":{"feature_id":"EU_LESABYMES_POINTEAD__P2","layer_key":"eau_eu","layer_label":"Eau EU","economic_unit_id":"EU_LESABYMES_POINTEAD__P2","economic_state":"S0","economic_exposure_eur":1260946.0,"economic_damage_eur":25031.0,"economic_damage_ratio_pct":1.985,"economic_asset_count":34,"criticality_territory":"guadeloupe","criticality_family":"eu","criticality_scenario":"rp100","criticality_period_years":"100","criticality_hazard":"storm_cmcc"},"geometry":{"type":"Polygon","coordinates":[[[-61.53079346209067,16.227048702996633],[-61.53079346242262,16.227249413894924],[-61.53155247903738,16.227365058551186],[-61.5316267972441,16.228082747139503],[-61.532227184724086,16.228096225803604],[-61.53159326988232,16.2289451719805],[-61.530313671091626,16.22921168684995],[-61.529097148609935,16.228614279065727],[-61.52873912239295,16.22876744241836],[-61.52823222157571,16.23008996888572],[-61.52695212958716,16.23051525920489],[-61.526202487745536,16.230258594678254],[-61.52566660057287,16.229690832314812],[-61.525431368547295,16.22793788392286],[-61.52491142426711,16.227293667424966],[-61.524789107729795,16.22653443704238],[-61.525146426633235,16.225683860709893],[-61.52645336441341,16.224411305049095],[-61.52768122187877,16.224001490993583],[-61.52843591579464,16.224243875396965],[-61.52919594533655,16.225023430064095],[-61.53163261469618,16.226376721055825],[-61.5321648191767,16.22704717959915],[-61.53079346209067,16.227048702996633]]]}},{"type":"Feature","properties":{"feature_id":"EU_LESABYMES_POINTEAD__P3","layer_key":"eau_eu","layer_label":"Eau EU","economic_unit_id":"EU_LESABYMES_POINTEAD__P3","economic_state":"S0","economic_exposure_eur":359101.0,"economic_damage_eur":7129.0,"economic_damage_ratio_pct":1.985,"economic_asset_count":9,"criticality_territory":"guadeloupe","criticality_family":"eu","criticality_scenario":"rp100","criticality_period_years":"100","criticality_hazard":"storm_cmcc"},"geometry":{"type":"Polygon","coordinates":[[[-61.53069653003133,16.23595458992288],[-61.5301518332443,16.236725891123267],[-61.52916940474804,16.237213715076955],[-61.52869830580296,16.237102016353152],[-61.52848834016796,16.235951179292954],[-61.52812712392501,16.235586774365533],[-61.52825189482773,16.2351339176754],[-61.52871096755208,16.23498254815975],[-61.530321089886975,16.235394101672497],[-61.53069653003133,16.23595458992288]]]}},{"type":"Feature","properties":{"feature_id":"EU_LESABYMES_POINTEAD__P4","layer_key":"eau_eu","layer_label":"Eau EU","economic_unit_id":"EU_LESABYMES_POINTEAD__P4","economic_state":"S2","economic_exposure_eur":310641.0,"economic_damage_eur":37548.0,"economic_damage_ratio_pct":12.087,"economic_asset_count":5,"criticality_territory":"guadeloupe","criticality_family":"eu","criticality_scenario":"rp100","criticality_period_years":"100","criticality_hazard":"storm_cmcc"},"geometry":{"type":"Polygon","coordinates":[[[-61.52919640465933,16.232049708229344],[-61.52861572305241,16.231339081781528],[-61.53003089325388,16.23041222365613],[-61.53150195888703,16.23047056023396],[-61.53189261376385,16.230748350240763],[-61.53164998079725,16.231411064705956],[-61.530024598809185,16.231593614611466],[-61.52919640465933,16.232049708229344]]]}},{"type":"Feature","properties":{"feature_id":"EU_LESABYMES_POINTEAD__P5","layer_key":"eau_eu","layer_label":"Eau EU","economic_unit_id":"EU_LESABYMES_POINTEAD__P5","economic_state":"S2","economic_exposure_eur":44096.0,"economic_damage_eur":5330.0,"economic_damage_ratio_pct":12.087,"economic_asset_count":1,"criticality_territory":"guadeloupe","criticality_family":"eu","criticality_scenario":"rp100","criticality_period_years":"100","criticality_hazard":"storm_cmcc"},"geometry":{"type":"Polygon","coordinates":[[[-61.52763862401627,16.22498958481885],[-61.52718115136928,16.225246207036314],[-61.526405663449495,16.224417403497245],[-61.52692725324001,16.223927309986923],[-61.52759051252308,16.22443924088873],[-61.52763862401627,16.22498958481885]]]}},{"type":"Feature","properties":{"feature_id":"EU_LESABYMES_POINTEAD__P6","layer_key":"eau_eu","layer_label":"Eau EU","economic_unit_id":"EU_LESABYMES_POINTEAD__P6","economic_state":"S0","economic_exposure_eur":337524.0,"economic_damage_eur":6702.0,"economic_damage_ratio_pct":1.986,"economic_asset_count":2,"criticality_territory":"guadeloupe","criticality_family":"eu","criticality_scenario":"rp100","criticality_period_years":"100","criticality_hazard":"storm_cmcc"},"geometry":{"type":"Polygon","coordinates":[[[-61.53182581502251,16.230327341227806],[-61.531148308695734,16.230583676317767],[-61.53084000053198,16.230118575204465],[-61.53112429740167,16.227956014665338],[-61.531754595781926,16.227682356287247],[-61.532105767394974,16.228220619109358],[-61.53182581502251,16.230327341227806]]]}},{"type":"Feature","properties":{"feature_id":"EU_LESABYMES_POINTEAD__P7","layer_key":"eau_eu","layer_label":"Eau EU","economic_unit_id":"EU_LESABYMES_POINTEAD__P7","economic_state":"S0","economic_exposure_eur":109593.0,"economic_damage_eur":2176.0,"economic_damage_ratio_pct":1.985,"economic_asset_count":6,"criticality_territory":"guadeloupe","criticality_family":"eu","criticality_scenario":"rp100","criticality_period_years":"100","criticality_hazard":"storm_cmcc"},"geometry":{"type":"Polygon","coordinates":[[[-61.537322716253165,16.24897841847729],[-61.5368379566245,16.248996237547306],[-61.53629097532878,16.248356763703182],[-61.536297986975114,16.247931776038488],[-61.53669231678863,16.247542577153105],[-61.53713218881202,16.2475524254445],[-61.53765050814961,16.248043433296818],[-61.537322716253165,16.24897841847729]]]}},{"type":"Feature","properties":{"feature_id":"EU_LESABYMES_POINTEAD__P8","layer_key":"eau_eu","layer_label":"Eau EU","economic_unit_id":"EU_LESABYMES_POINTEAD__P8","economic_state":"S0","economic_exposure_eur":87638.0,"economic_damage_eur":1739.0,"economic_damage_ratio_pct":1.984,"economic_asset_count":2,"criticality_territory":"guadeloupe","criticality_family":"eu","criticality_scenario":"rp100","criticality_period_years":"100","criticality_hazard":"storm_cmcc"},"geometry":{"type":"Polygon","coordinates":[[[-61.498759219028,16.281032011190018],[-61.49816029432754,16.281283182462637],[-61.49732082714952,16.280523694099223],[-61.49722644131634,16.280108552436133],[-61.497843141850375,16.279735294066185],[-61.498658998596966,16.28044778984228],[-61.498759219028,16.281032011190018]]]}},{"type":"Feature","properties":{"feature_id":"EU_LESABYMES_POINTEAD__P9","layer_key":"eau_eu","layer_label":"Eau EU","economic_unit_id":"EU_LESABYMES_POINTEAD__P9","economic_state":"S0","economic_exposure_eur":50910.0,"economic_damage_eur":1010.0,"economic_damage_ratio_pct":1.985,"economic_asset_count":1,"criticality_territory":"guadeloupe","criticality_family":"eu","criticality_scenario":"rp100","criticality_period_years":"100","criticality_hazard":"storm_cmcc"},"geometry":{"type":"Polygon","coordinates":[[[-61.52691140862054,16.252166897767754],[-61.527425639712035,16.252287072969395],[-61.52736265782195,16.253339107430634],[-61.52663499085314,16.25334478193992],[-61.526559285615726,16.252548339785104],[-61.52691140862054,16.252166897767754]]]}},{"type":"Feature","properties":{"feature_id":"EU_MORNEALEAU_GEDEON","layer_key":"eau_eu","layer_label":"Eau EU","economic_unit_id":"EU_MORNEALEAU_GEDEON","economic_state":"S2","economic_exposure_eur":15864201.0,"economic_damage_eur":1917561.0,"economic_damage_ratio_pct":12.087,"economic_asset_count":233,"criticality_territory":"guadeloupe","criticality_family":"eu","criticality_scenario":"rp100","criticality_period_years":"100","criticality_hazard":"storm_cmcc"},"geometry":{"type":"MultiPolygon","coordinates":[[[[-61.46867404076741,16.330357947095617],[-61.468293623794466,16.329548691256406],[-61.468197683986546,16.33028938174004],[-61.467460291734575,16.330382024448372],[-61.46740508946568,16.331908117313382],[-61.46662696106306,16.332048690946245],[-61.467783472935004,16.332761021497966],[-61.46829205553958,16.335034721140723],[-61.468345499715944,16.33610250078547],[-61.46692215753535,16.337249425112105],[-61.46829206106816,16.338368054470084],[-61.46826870468017,16.339353433224115],[-61.46746030700989,16.339548690814027],[-61.46736436235664,16.34028938141514],[-61.46531164060178,16.34034467495201],[-61.46513848309407,16.339174700464472],[-61.462460306169866,16.33946201203263],[-61.46246031073555,16.342196159000935],[-61.461521615819315,16.34288202315278],[-61.459126978082836,16.342882022894454],[-61.458863304045714,16.34454261137774],[-61.454537634328666,16.344535068636567],[-61.45430514380485,16.343715355535988],[-61.45287096814122,16.343701735109384],[-61.452638478772705,16.342882021999873],[-61.45097810710353,16.342627430385896],[-61.4510104984756,16.339083289109652],[-61.452227817669986,16.338929713013076],[-61.452460305268396,16.339749427245273],[-61.45323433136457,16.339749427104927],[-61.45329320093152,16.337602362950346],[-61.45441991925033,16.33690636201943],[-61.45430431644338,16.336151243923094],[-61.45334216775604,16.335816371020247],[-61.453376922541686,16.334548689060817],[-61.45184383963824,16.3335481588249],[-61.4518051637078,16.3319927079348],[-61.44864498166936,16.332011339838807],[-61.44847183355233,16.33038202183359],[-61.44690110827226,16.329456046310774],[-61.44680516990791,16.328715354990546],[-61.44537097574042,16.32870173458951],[-61.445138504875494,16.32788202145325],[-61.443617413823304,16.32782871495624],[-61.442638508021126,16.326215354493815],[-61.44186037746867,16.326074782076525],[-61.44180517619897,16.325382021071874],[-61.43870431099078,16.325368400473828],[-61.4376385129256,16.32371535387926],[-61.435713784796945,16.323715353561717],[-61.43562528373039,16.32093192754698],[-61.43745662396648,16.318417178930762],[-61.43972780712566,16.318096380848736],[-61.43996027159344,16.320582761836857],[-61.44021286885369,16.319031734413397],[-61.44145379601795,16.318953442142792],[-61.44246027194383,16.320582761488815],[-61.444071737687125,16.320723332178115],[-61.44411283686116,16.32182420680826],[-61.443293607834356,16.32204868805485],[-61.44329360955605,16.323082761435],[-61.44430517965762,16.323082761294415],[-61.44440111738742,16.3223420683881],[-61.44513851425524,16.322249427824637],[-61.44513851736414,16.32038202169916],[-61.44433011712201,16.320186765500758],[-61.44430518715504,16.318572224477837],[-61.44606651936388,16.32069689075995],[-61.44819767025474,16.32067540127935],[-61.44829360747981,16.321416094032944],[-61.449921599422396,16.322416622282173],[-61.450138510742306,16.323916093839518],[-61.45040216016232,16.323088837507594],[-61.4543051781834,16.323082759909543],[-61.45273444884188,16.32278938037788],[-61.452638513483485,16.322048689350133],[-61.45102704992626,16.321074782883443],[-61.450971850257304,16.32011147937855],[-61.454573076177844,16.319825818784604],[-61.456604473693766,16.32104106984659],[-61.458388861692484,16.32388377641202],[-61.460484640389254,16.3240421290554],[-61.462175824771066,16.324956368650277],[-61.462614015153115,16.325382023957086],[-61.462460284439004,16.32641609220296],[-61.462638506422536,16.325409161206846],[-61.46503330793086,16.328829618811007],[-61.46808238051997,16.328802570472018],[-61.4705611485889,16.33036840452943],[-61.46867404076741,16.330357947095617]],[[-61.46013848266582,16.339880545469462],[-61.45912697334525,16.340062872109637],[-61.45912697424952,16.340582759680107],[-61.46097181471673,16.340582759426432],[-61.46013848266582,16.339880545469462]],[[-61.46579362517264,16.33058275851605],[-61.46597183065093,16.330582758491637],[-61.465971832373505,16.32954869093858],[-61.46496029000179,16.329548690799967],[-61.46579362517264,16.33058275851605]]],[[[-61.44930518363278,16.320245122699298],[-61.450793605726844,16.320166444761934],[-61.4506738545582,16.321143558790975],[-61.44953764584256,16.321201735379237],[-61.44930518363278,16.320245122699298]]],[[[-61.452435365477236,16.336853432429194],[-61.451174037539595,16.337024611334304],[-61.45168207971024,16.336534669653012],[-61.4509718242226,16.335751560618565],[-61.45099676029717,16.334944682202053],[-61.452258082678895,16.33477350324315],[-61.452435365477236,16.336853432429194]]],[[[-61.45562048387457,16.344786774298303],[-61.4557936505782,16.346670787652734],[-61.45319508865546,16.346186715827994],[-61.45263847378121,16.345857111052617],[-61.452638475093174,16.345065724047814],[-61.45562048387457,16.344786774298303]]]]}},{"type":"Feature","properties":{"feature_id":"EU_MORNEALEAU_LASSERRE","layer_key":"eau_eu","layer_label":"Eau EU","economic_unit_id":"EU_MORNEALEAU_LASSERRE","economic_state":"S2","economic_exposure_eur":777753.0,"economic_damage_eur":94010.0,"economic_damage_ratio_pct":12.087,"economic_asset_count":16,"criticality_territory":"guadeloupe","criticality_family":"eu","criticality_scenario":"rp100","criticality_period_years":"100","criticality_hazard":"storm_cmcc"},"geometry":{"type":"Polygon","coordinates":[[[-61.42680518953061,16.31871535252625],[-61.42613950251266,16.31867482577322],[-61.42580049391848,16.316663487694274],[-61.425972454134936,16.31591331424616],[-61.4269669581311,16.31510539925393],[-61.428596315709825,16.314705816907388],[-61.42952878575063,16.314883896459836],[-61.430373171778506,16.316016895206005],[-61.430128013251085,16.317144975386416],[-61.430395349481444,16.318219997996525],[-61.430237770685856,16.318973113111568],[-61.42928125584222,16.32024380425634],[-61.42859316369019,16.3206639838947],[-61.42711418785288,16.32078173922733],[-61.42680518631914,16.32064234774996],[-61.42680518953061,16.31871535252625]]]}},{"type":"Feature","properties":{"feature_id":"EU_PETITBOURG_JARDMONT","layer_key":"eau_eu","layer_label":"Eau EU","economic_unit_id":"EU_PETITBOURG_JARDMONT","economic_state":"S2","economic_exposure_eur":105025.0,"economic_damage_eur":12695.0,"economic_damage_ratio_pct":12.087,"economic_asset_count":1,"criticality_territory":"guadeloupe","criticality_family":"eu","criticality_scenario":"rp100","criticality_period_years":"100","criticality_hazard":"storm_cmcc"},"geometry":{"type":"Polygon","coordinates":[[[-61.58872933806903,16.172768162357116],[-61.58840331689952,16.172482848598722],[-61.588386694175895,16.17183678329151],[-61.588689730976434,16.171520518433052],[-61.590003107918115,16.172085597299784],[-61.58983693248729,16.172655621995826],[-61.58872933806903,16.172768162357116]]]}},{"type":"Feature","properties":{"feature_id":"EU_PETITBOURG_NEMO","layer_key":"eau_eu","layer_label":"Eau EU","economic_unit_id":"EU_PETITBOURG_NEMO","economic_state":"S2","economic_exposure_eur":100340.0,"economic_damage_eur":12128.0,"economic_damage_ratio_pct":12.087,"economic_asset_count":2,"criticality_territory":"guadeloupe","criticality_family":"eu","criticality_scenario":"rp100","criticality_period_years":"100","criticality_hazard":"storm_cmcc"},"geometry":{"type":"Polygon","coordinates":[[[-61.58795842182135,16.18254120622254],[-61.587690368625005,16.183073764962014],[-61.586445531581916,16.183131883370525],[-61.58608263177197,16.182891698758535],[-61.58626746910508,16.18221180138548],[-61.58750886009326,16.182138733898984],[-61.58795842182135,16.18254120622254]]]}},{"type":"Feature","properties":{"feature_id":"EU_PETITBOURG_OREEDUPA","layer_key":"eau_eu","layer_label":"Eau EU","economic_unit_id":"EU_PETITBOURG_OREEDUPA","economic_state":"S2","economic_exposure_eur":1242116.0,"economic_damage_eur":150139.0,"economic_damage_ratio_pct":12.087,"economic_asset_count":11,"criticality_territory":"guadeloupe","criticality_family":"eu","criticality_scenario":"rp100","criticality_period_years":"100","criticality_hazard":"storm_cmcc"},"geometry":{"type":"Polygon","coordinates":[[[-61.65827933151189,16.19664056591175],[-61.65819754671183,16.198622735538866],[-61.65746009791826,16.1987153865151],[-61.65744638497437,16.19932274050639],[-61.65714408077866,16.199386928285932],[-61.65564052042035,16.19940300960002],[-61.654745253481,16.198985521774933],[-61.6541009937605,16.197983406772483],[-61.6531465975529,16.197625861594176],[-61.65259166516072,16.19675895462415],[-61.65265694806625,16.195843112823045],[-61.65317117833061,16.195126103973237],[-61.652958757815625,16.194249890450887],[-61.65328771010867,16.193388665400306],[-61.654829900799804,16.1924934011634],[-61.65618241763395,16.192796562320606],[-61.65736309206666,16.194443935655976],[-61.65746009412367,16.196416063872913],[-61.65827933151189,16.19664056591175]]]}},{"type":"Feature","properties":{"feature_id":"EU_PETITBOURG_PETITBOUR__P1","layer_key":"eau_eu","layer_label":"Eau EU","economic_unit_id":"EU_PETITBOURG_PETITBOUR__P1","economic_state":"S2","economic_exposure_eur":32965069.0,"economic_damage_eur":3984602.0,"economic_damage_ratio_pct":12.087,"economic_asset_count":305,"criticality_territory":"guadeloupe","criticality_family":"eu","criticality_scenario":"rp100","criticality_period_years":"100","criticality_hazard":"storm_cmcc"},"geometry":{"type":"MultiPolygon","coordinates":[[[[-61.61912678054774,16.211215381436787],[-61.61895372390191,16.212011363068495],[-61.61746011505128,16.212048714536845],[-61.61739363235375,16.2127561968816],[-61.61957775780819,16.211893382678916],[-61.62180533674182,16.2134008965759],[-61.621843996110385,16.21241661069433],[-61.622638671901754,16.212249401835102],[-61.62278417419701,16.211469377883784],[-61.624305339726085,16.21141606827588],[-61.62523456458943,16.209842049802063],[-61.626805342151144,16.20974940126049],[-61.62700744332966,16.208940146003346],[-61.62847200997588,16.208916067701892],[-61.62847201168365,16.20788204936291],[-61.62662677596772,16.20788204913646],[-61.626424678538626,16.20869130308807],[-61.62463272658892,16.208715381807306],[-61.62430534556333,16.207882048851143],[-61.623569251510034,16.207790582531203],[-61.62779675238304,16.20583621355377],[-61.630792362857164,16.205877876434265],[-61.630754784813774,16.206881505452113],[-61.629960108666005,16.207249400811335],[-61.630673748949306,16.20732120233474],[-61.630793443477884,16.208082734063364],[-61.632404937489916,16.20905665050742],[-61.632460113101644,16.20974940056761],[-61.63321913325139,16.209865050128755],[-61.63329344791356,16.21058273381983],[-61.63405246772692,16.210698383409436],[-61.63412678272549,16.21141606707211],[-61.634885802202426,16.21153171669015],[-61.63495382875998,16.213460769735075],[-61.634126786524114,16.21371538319659],[-61.634112692694195,16.21599088198119],[-61.633293457889295,16.21663189912448],[-61.62849305796841,16.217197128757416],[-61.62640436135021,16.218559539550952],[-61.62249117393983,16.218954034278582],[-61.61776796704723,16.220704298123845],[-61.61347199164925,16.221201730665076],[-61.61445083383845,16.21980271223955],[-61.61680532694335,16.21974940274173],[-61.61703768886375,16.218929689537045],[-61.618924683760945,16.218940147139257],[-61.61930532661363,16.219749402432843],[-61.620258361667815,16.218154536885276],[-61.62180532903917,16.21808273541635],[-61.62187964606195,16.21736505116478],[-61.62263866364013,16.21724940195961],[-61.62271298037439,16.216531717754396],[-61.62347199857272,16.21621538180817],[-61.6227345570169,16.216122732025543],[-61.6226386665855,16.215468287130456],[-61.62085150533826,16.215696143522795],[-61.618029932980235,16.217042635884184],[-61.611626790438905,16.217769579502985],[-61.61133148520283,16.218713856598164],[-61.61028416784145,16.21866206958763],[-61.610138664151684,16.21793964967692],[-61.60329683386006,16.218721427321622],[-61.603328049345684,16.22058273778231],[-61.6041205036101,16.220837346580474],[-61.60412679829285,16.22308273773309],[-61.60556110063479,16.223096357659827],[-61.60579346654578,16.22391607087931],[-61.60668245896803,16.223916070784654],[-61.605138651687064,16.225863048462376],[-61.60513865251092,16.2253820459024],[-61.60290218598508,16.225375967102327],[-61.602638654221835,16.22454871228442],[-61.6011450553655,16.2245113607325],[-61.60097198915535,16.22371537877012],[-61.599478389456756,16.22367802723978],[-61.598471992244775,16.22204871184522],[-61.59692502574616,16.22197690961442],[-61.59684398811676,16.219916612232065],[-61.59847199742305,16.218916071669877],[-61.59859169685592,16.218154538967788],[-61.59932849113249,16.21808273819751],[-61.599756118562794,16.213715378762483],[-61.59856789556422,16.213622729963557],[-61.59848610518579,16.21247390152516],[-61.60012138991461,16.211416071283328],[-61.600256421741925,16.207882045784903],[-61.599450845272266,16.207828735434028],[-61.599305350251484,16.207048712441996],[-61.5984969373026,16.206853441672717],[-61.598472022786055,16.20355511423754],[-61.59773315884479,16.203273615206637],[-61.59764635101462,16.202632718968786],[-61.58996009646945,16.20288204473764],[-61.589696594748276,16.203709299512557],[-61.58579343065081,16.203715377517515],[-61.58549814934949,16.204547187173038],[-61.58348611992521,16.20432421354766],[-61.58352719816731,16.202389987196565],[-61.58513869478743,16.201416072913737],[-61.585234580074555,16.19984205316644],[-61.58663172337347,16.199566968917278],[-61.58910348849933,16.190359165421164],[-61.589128370609906,16.189548711737203],[-61.58847362394243,16.189263395948405],[-61.588472054125546,16.185382045123553],[-61.587758398279504,16.18531024302006],[-61.587638722278534,16.184548711712303],[-61.58602722341865,16.183574795569857],[-61.58597205858445,16.182882044889585],[-61.58556230852792,16.182882044615084],[-61.586102711397125,16.182209101220423],[-61.58812415953583,16.180980406524608],[-61.590793393666026,16.180930947515158],[-61.591626729307606,16.182249404952287],[-61.59238576094925,16.182365052949113],[-61.592460064120054,16.18308273820136],[-61.59321909542517,16.1831983862278],[-61.5932933989325,16.183916071450493],[-61.593591733939164,16.183154538813966],[-61.59428742807916,16.183082737978246],[-61.59566748204473,16.18510038664005],[-61.597702684273244,16.185200270931755],[-61.59980006582058,16.18639245483562],[-61.60489488579837,16.1877545188655],[-61.60162673985403,16.187882046694533],[-61.60064792600477,16.189495402760848],[-61.59878551384908,16.18954871258798],[-61.59974492014077,16.1900551970821],[-61.6014246645408,16.189773481821568],[-61.6016267443085,16.190582737237364],[-61.60680537642872,16.190582736590923],[-61.607043534621226,16.189761611907205],[-61.60760999638199,16.192037027206027],[-61.609155430179655,16.193477309878066],[-61.609899037931555,16.19571766325099],[-61.61079342124121,16.196114598296926],[-61.610787136224076,16.19929410262538],[-61.60996009347801,16.199548714017542],[-61.610138690136154,16.202208342860185],[-61.61106790996282,16.200675384223167],[-61.61180535926403,16.20058273621764],[-61.611950852379515,16.199802712097785],[-61.6136426694836,16.199749402495375],[-61.613917511511794,16.203557963771253],[-61.61279277609129,16.20622987336627],[-61.611626772734795,16.20704871397841],[-61.61150708189772,16.207810244757283],[-61.610793440673945,16.207882047180895],[-61.610571601383775,16.20869812688389],[-61.60760054409114,16.20973418137093],[-61.6069861515799,16.21118157137517],[-61.60662677761673,16.210382046580484],[-61.606481279603884,16.211162069426678],[-61.605451068447685,16.211215379378697],[-61.60395148971144,16.214749404068147],[-61.60806109672044,16.21476302383174],[-61.608293454172106,16.216240821662822],[-61.61573691258661,16.215392178274566],[-61.61417722604595,16.213467809142372],[-61.61707504788508,16.21288204751043],[-61.61531173020583,16.21284469596442],[-61.61513867357888,16.21182019258367],[-61.61996011209915,16.210092209341674],[-61.61996011342747,16.210899057913633],[-61.61912678054774,16.211215381436787]],[[-61.58847206099514,16.181215378593404],[-61.588293393848005,16.18121537857085],[-61.58829339417884,16.181416072018653],[-61.58847206099514,16.181215378593404]],[[-61.599305381882914,16.187882046403974],[-61.59912673954021,16.1878820463816],[-61.5991267398712,16.18808273748821],[-61.599305381882914,16.187882046403974]],[[-61.606468258665785,16.196215380233244],[-61.606805366322135,16.1966915896636],[-61.60680536713565,16.196215380400982],[-61.606468258665785,16.196215380233244]],[[-61.60720024366719,16.19724940310593],[-61.60763869865183,16.197249403319457],[-61.60763869898303,16.197048713810773],[-61.60720024366719,16.19724940310593]],[[-61.611626765854794,16.202882047448515],[-61.611626766186134,16.203082736301965],[-61.612638688359915,16.203082736176384],[-61.611626765854794,16.202882047448515]],[[-61.62763866606976,16.215382049014245],[-61.62746012179329,16.215382048992335],[-61.62746012212491,16.215582734658717],[-61.62763866606976,16.215382049014245]]],[[[-61.597404943816436,16.2160747957713],[-61.595616829942976,16.216215378197482],[-61.59577243786064,16.21391607187424],[-61.59725801295062,16.213940149517022],[-61.597404943816436,16.2160747957713]]],[[[-61.596843981410906,16.22438150309753],[-61.59697839151093,16.22228675527485],[-61.59825480371001,16.222416612107057],[-61.598254806771145,16.224381503246484],[-61.596843981410906,16.22438150309753]]],[[[-61.61219145624525,16.197181863224127],[-61.613321510121494,16.19871538113883],[-61.61106791188865,16.19862273143264],[-61.61098612860908,16.196640567669874],[-61.61219145624525,16.197181863224127]]],[[[-61.62219659731643,16.209542636630818],[-61.621567274716604,16.209548715092566],[-61.62246011016962,16.208718875973904],[-61.62219659731643,16.209542636630818]]],[[[-61.623091345056196,16.20869130270939],[-61.622463303122146,16.208715381931686],[-61.623293442371995,16.20797064837526],[-61.623091345056196,16.20869130270939]]],[[[-61.63456885630442,16.211209304729216],[-61.634305340125614,16.21038204999461],[-61.63354632023407,16.210266398676538],[-61.63359170522735,16.20732120208814],[-61.634443520752235,16.207312125469024],[-61.63583429766526,16.208480159875645],[-61.636612685081204,16.210990882131714],[-61.63456885630442,16.211209304729216]]],[[[-61.63517732668418,16.213249943264586],[-61.63642402138254,16.213106583705574],[-61.63584799585766,16.214499002597485],[-61.635258362803185,16.215310246790143],[-61.63517732668418,16.213249943264586]]]]}},{"type":"Feature","properties":{"feature_id":"EU_PETITBOURG_PETITBOUR__P2","layer_key":"eau_eu","layer_label":"Eau EU","economic_unit_id":"EU_PETITBOURG_PETITBOUR__P2","economic_state":"S0","economic_exposure_eur":658098.0,"economic_damage_eur":13057.0,"economic_damage_ratio_pct":1.984,"economic_asset_count":11,"criticality_territory":"guadeloupe","criticality_family":"eu","criticality_scenario":"rp100","criticality_period_years":"100","criticality_hazard":"storm_cmcc"},"geometry":{"type":"Polygon","coordinates":[[[-61.63301248691887,16.21566372286018],[-61.632470032823264,16.21622564549493],[-61.63171746897763,16.216474150895696],[-61.63078833418875,16.216282208735507],[-61.6299034154629,16.215346585928383],[-61.629017309182586,16.2150251791347],[-61.62837811095457,16.21387233166724],[-61.628593868603815,16.21297831266464],[-61.62950437199358,16.21200833132883],[-61.63178670690326,16.211257667532667],[-61.632611268689104,16.211432408793865],[-61.63320800754403,16.211940359655756],[-61.63348003475761,16.212611741716234],[-61.63301248691887,16.21566372286018]]]}},{"type":"Feature","properties":{"feature_id":"EU_PETITBOURG_POINTEAD","layer_key":"eau_eu","layer_label":"Eau EU","economic_unit_id":"EU_PETITBOURG_POINTEAD","economic_state":"S2","economic_exposure_eur":4092349.0,"economic_damage_eur":494656.0,"economic_damage_ratio_pct":12.087,"economic_asset_count":39,"criticality_territory":"guadeloupe","criticality_family":"eu","criticality_scenario":"rp100","criticality_period_years":"100","criticality_hazard":"storm_cmcc"},"geometry":{"type":"Polygon","coordinates":[[[-61.59079348086817,16.233715377164046],[-61.59079348331569,16.235203318698748],[-61.590118365921754,16.236006935530956],[-61.58756843100255,16.237440432503185],[-61.58583921465073,16.237918352476523],[-61.583463399814086,16.237847666237542],[-61.5818337023121,16.236599072688797],[-61.58142297512365,16.23558274071649],[-61.58180530543422,16.23558274085182],[-61.58186048702601,16.23488998770379],[-61.582638640033814,16.234749407392147],[-61.58278415656329,16.233969382488194],[-61.58347197463341,16.233916073932527],[-61.58359168242077,16.233154540702692],[-61.58430530923299,16.233082740472963],[-61.584311608151936,16.22833734717125],[-61.58513865072478,16.228082740243146],[-61.58528416249804,16.227302715425235],[-61.585971985323916,16.227249406783713],[-61.585971986863484,16.22631975179462],[-61.587402517517106,16.226254409289787],[-61.58995665077495,16.22706528545097],[-61.58996013949017,16.228916072988415],[-61.59067376856241,16.22898787323814],[-61.590793474307205,16.229749406237467],[-61.59148129501029,16.229802714802258],[-61.59162680912427,16.23058273948659],[-61.59240496315586,16.230723320190577],[-61.59244604744758,16.23265754694285],[-61.59162681292805,16.23288204396302],[-61.59206544043445,16.23308273922453],[-61.59111748808241,16.234495400483546],[-61.59079348086817,16.233715377164046]]]}},{"type":"Feature","properties":{"feature_id":"EU_PETITBOURG_VERSAILLAI","layer_key":"eau_eu","layer_label":"Eau EU","economic_unit_id":"EU_PETITBOURG_VERSAILLAI","economic_state":"S2","economic_exposure_eur":1094091.0,"economic_damage_eur":132247.0,"economic_damage_ratio_pct":12.087,"economic_asset_count":24,"criticality_territory":"guadeloupe","criticality_family":"eu","criticality_scenario":"rp100","criticality_period_years":"100","criticality_hazard":"storm_cmcc"},"geometry":{"type":"Polygon","coordinates":[[[-61.64763869341114,16.197249398410477],[-61.64765887263816,16.196343527638277],[-61.65013869747285,16.194593283533177],[-61.6516002044256,16.194672820590558],[-61.65246039413387,16.19561330331905],[-61.65248047590461,16.196531109881743],[-61.65179727742304,16.197993608105765],[-61.649363349026494,16.199651500910246],[-61.6484134916082,16.19967054451971],[-61.647687171714644,16.199254946682817],[-61.64702000035758,16.19824648458946],[-61.647068861583556,16.19725547610142],[-61.64763869341114,16.197249398410477]]]}},{"type":"Feature","properties":{"feature_id":"EU_PETITCANAL_ANPALETUV","layer_key":"eau_eu","layer_label":"Eau EU","economic_unit_id":"EU_PETITCANAL_ANPALETUV","economic_state":"S2","economic_exposure_eur":514939.0,"economic_damage_eur":62242.0,"economic_damage_ratio_pct":12.087,"economic_asset_count":13,"criticality_territory":"guadeloupe","criticality_family":"eu","criticality_scenario":"rp100","criticality_period_years":"100","criticality_hazard":"storm_cmcc"},"geometry":{"type":"Polygon","coordinates":[[[-61.492460373350355,16.377249422725182],[-61.493293707645435,16.377762603398207],[-61.49329371122967,16.3799096208362],[-61.492082660627574,16.380551058149962],[-61.490157384557634,16.38012676614765],[-61.489542891322635,16.379567066734424],[-61.48908759703952,16.378446304072085],[-61.48925890377069,16.375572592675088],[-61.489791169901736,16.375001342039706],[-61.490561169782595,16.374763042187766],[-61.490793703672594,16.37558275624127],[-61.49148142261404,16.37563606188709],[-61.49162703851145,16.37641608948319],[-61.492196647392845,16.37642216654071],[-61.492460373350355,16.377249422725182]]]}},{"type":"Feature","properties":{"feature_id":"EU_PETITCANAL_BAZIN","layer_key":"eau_eu","layer_label":"Eau EU","economic_unit_id":"EU_PETITCANAL_BAZIN","economic_state":"S2","economic_exposure_eur":2573359.0,"economic_damage_eur":311051.0,"economic_damage_ratio_pct":12.087,"economic_asset_count":31,"criticality_territory":"guadeloupe","criticality_family":"eu","criticality_scenario":"rp100","criticality_period_years":"100","criticality_hazard":"storm_cmcc"},"geometry":{"type":"Polygon","coordinates":[[[-61.44549817529862,16.3720471632151],[-61.44114495074742,16.372011337741906],[-61.4409717693248,16.369548686173047],[-61.4405914390678,16.370357942300057],[-61.43893764044508,16.370382019030387],[-61.43925278215349,16.368250480306713],[-61.44019322088991,16.36724942960074],[-61.44180510637515,16.367249429406726],[-61.441806247217684,16.36670998791558],[-61.4439071840664,16.366544441971417],[-61.44412701805026,16.368082762438085],[-61.44513843782354,16.368082762297668],[-61.44528404446994,16.367302733662914],[-61.446363309988996,16.367255505792798],[-61.4466270183996,16.368082762091156],[-61.447405137263516,16.368223332491237],[-61.44746035318437,16.368881280232856],[-61.447758219972194,16.36732122374793],[-61.449305105267115,16.367249428366037],[-61.44942488736349,16.3664878902209],[-61.45046606060938,16.3664160944577],[-61.45079368425535,16.367249428160086],[-61.453148078690305,16.36730273273286],[-61.453293685994986,16.36808276116873],[-61.45642477083724,16.36810683680048],[-61.45662702118308,16.368916094063103],[-61.45699201528431,16.36728050636792],[-61.458100068238714,16.36888687029217],[-61.45803255214084,16.370616652045026],[-61.45666700368453,16.372680510577705],[-61.455370953894715,16.37286840118328],[-61.45513842972537,16.372048688053393],[-61.45412702606918,16.37204868791388],[-61.454905143914196,16.372389998632094],[-61.45496036165202,16.373342544690278],[-61.45084129062331,16.372475294716264],[-61.44867528133409,16.37285838074434],[-61.448471764039745,16.372048687132104],[-61.44690105813748,16.37195604527271],[-61.44680509901121,16.37121535359521],[-61.44579369035092,16.371314621323226],[-61.44549817529862,16.3720471632151]]]}},{"type":"Feature","properties":{"feature_id":"EU_PETITCANAL_CORNET","layer_key":"eau_eu","layer_label":"Eau EU","economic_unit_id":"EU_PETITCANAL_CORNET","economic_state":"S2","economic_exposure_eur":846381.0,"economic_damage_eur":102305.0,"economic_damage_ratio_pct":12.087,"economic_asset_count":16,"criticality_territory":"guadeloupe","criticality_family":"eu","criticality_scenario":"rp100","criticality_period_years":"100","criticality_hazard":"storm_cmcc"},"geometry":{"type":"Polygon","coordinates":[[[-61.48195069066187,16.38532871771858],[-61.48180507161609,16.38454869128733],[-61.48106770646374,16.384456048279485],[-61.48097620704913,16.383665336229782],[-61.481860297042694,16.380723330079878],[-61.48263841145989,16.380582757467682],[-61.48263841233958,16.38003720459579],[-61.483499615224794,16.379932659588196],[-61.48556684543789,16.380998498998625],[-61.4860165863198,16.382325209384806],[-61.48459042034366,16.38533672128101],[-61.483527871632724,16.38576387829136],[-61.48263840308103,16.385593754887562],[-61.482638403435644,16.385382024706097],[-61.48195069066187,16.38532871771858]]]}},{"type":"Feature","properties":{"feature_id":"EU_PETITCANAL_DEBARCADER","layer_key":"eau_eu","layer_label":"Eau EU","economic_unit_id":"EU_PETITCANAL_DEBARCADER","economic_state":"S2","economic_exposure_eur":598212.0,"economic_damage_eur":72308.0,"economic_damage_ratio_pct":12.087,"economic_asset_count":8,"criticality_territory":"guadeloupe","criticality_family":"eu","criticality_scenario":"rp100","criticality_period_years":"100","criticality_hazard":"storm_cmcc"},"geometry":{"type":"Polygon","coordinates":[[[-61.4877862344063,16.37308275646991],[-61.488691493166954,16.374187655287393],[-61.48861238428262,16.3751651455454],[-61.48748011832321,16.376815669330277],[-61.48730169265691,16.37770382296153],[-61.48618409026604,16.378518621741325],[-61.48528416770564,16.378454160875318],[-61.48459366229106,16.377984256796985],[-61.48404850749612,16.376192230930624],[-61.48327315506103,16.375116787433086],[-61.48363457338583,16.373810575969205],[-61.48496036536968,16.373082756966173],[-61.4877862344063,16.37308275646991]]]}},{"type":"Feature","properties":{"feature_id":"EU_PETITCANAL_SAINTEAME","layer_key":"eau_eu","layer_label":"Eau EU","economic_unit_id":"EU_PETITCANAL_SAINTEAME","economic_state":"S2","economic_exposure_eur":656871.0,"economic_damage_eur":79398.0,"economic_damage_ratio_pct":12.087,"economic_asset_count":14,"criticality_territory":"guadeloupe","criticality_family":"eu","criticality_scenario":"rp100","criticality_period_years":"100","criticality_hazard":"storm_cmcc"},"geometry":{"type":"Polygon","coordinates":[[[-61.48975811620386,16.382857948138565],[-61.48912704898088,16.382882025665296],[-61.488981430582484,16.383662051913262],[-61.4882937169278,16.383715358858773],[-61.48829226599745,16.384260918465973],[-61.48637366437772,16.383583740071533],[-61.485914323746414,16.382956255512326],[-61.48581563501948,16.382193836499834],[-61.48612852593843,16.380955495217158],[-61.48673791183596,16.379948722356605],[-61.48796353006893,16.379391647331747],[-61.48980945699295,16.379830193654524],[-61.490387590236885,16.380954310287972],[-61.49037947475495,16.38121535898216],[-61.48996037964081,16.38121535916587],[-61.48975811620386,16.382857948138565]]]}},{"type":"Feature","properties":{"feature_id":"EU_POINTEAPITRE_POINTEAD__P1","layer_key":"eau_eu","layer_label":"Eau EU","economic_unit_id":"EU_POINTEAPITRE_POINTEAD__P1","economic_state":"S2","economic_exposure_eur":29607985.0,"economic_damage_eur":3578820.0,"economic_damage_ratio_pct":12.087,"economic_asset_count":1118,"criticality_territory":"guadeloupe","criticality_family":"eu","criticality_scenario":"rp100","criticality_period_years":"100","criticality_hazard":"storm_cmcc"},"geometry":{"type":"MultiPolygon","coordinates":[[[[-61.549178913633604,16.25141607877784],[-61.54993524659045,16.25161134313214],[-61.549864267250314,16.25278939132337],[-61.54912684058926,16.252882037875555],[-61.54886327665849,16.253709292776115],[-61.544126841317684,16.253715370532085],[-61.54403093533832,16.254456057413762],[-61.54329350925622,16.25454870372961],[-61.544071657958185,16.254889990582875],[-61.544126844518416,16.255649362001723],[-61.53951123981623,16.253773546179847],[-61.53798119938708,16.252563858022278],[-61.53559744189161,16.25238240228928],[-61.5319162340154,16.25087854172335],[-61.53003224646115,16.249527646843383],[-61.52504535323447,16.24071618462694],[-61.524564008546136,16.238997585241748],[-61.52615001904855,16.23145116228686],[-61.52680531990592,16.23141608118944],[-61.52622015885505,16.231205573275307],[-61.526834541067075,16.22880424854278],[-61.52835764508437,16.22660137720144],[-61.53079496715841,16.225597344729927],[-61.53328540964136,16.225967555727955],[-61.53246012759898,16.22621536990938],[-61.53228706388284,16.22701135289396],[-61.53079346242262,16.227249413894924],[-61.53150709538447,16.227321212423625],[-61.5316267972441,16.228082747139503],[-61.53323828788978,16.2290566577259],[-61.53329346688713,16.229749413628863],[-61.53405248248617,16.2298650583788],[-61.53412680308721,16.23141608022765],[-61.5349049581763,16.231556657634517],[-61.53495870940507,16.232593827047868],[-61.539071631027575,16.235723324048422],[-61.53965942408749,16.237002744139247],[-61.53977892001604,16.239749412874854],[-61.54160189440528,16.239944676797986],[-61.541902538453,16.243159004847584],[-61.550971966659596,16.241416078281386],[-61.55097196837134,16.24038203852483],[-61.550152734264664,16.240157545196332],[-61.5501386386893,16.238238318616578],[-61.55252149515722,16.23850539757243],[-61.55445443984421,16.239861264300593],[-61.55532307136808,16.241431522379386],[-61.55550356370462,16.243203376884228],[-61.55387299698128,16.246223460188173],[-61.55271033090523,16.24692964856902],[-61.552638626529834,16.245382038576533],[-61.55192500519857,16.24531023790031],[-61.55162682711192,16.2445487051396],[-61.55153092528414,16.24528939165911],[-61.55048171312802,16.2453820379366],[-61.55032667650593,16.245903293485437],[-61.546772287568984,16.2464480797221],[-61.54839601774062,16.247031016064057],[-61.54961601776048,16.248292588484556],[-61.549178913633604,16.25141607877784]],[[-61.5433838551266,16.245438375075494],[-61.54554017248729,16.244523141247925],[-61.542522054512744,16.244985671682887],[-61.5433838551266,16.245438375075494]],[[-61.55246015365526,16.24038203871748],[-61.552460153987504,16.240582744734684],[-61.55347196769419,16.240582744603813],[-61.55246015365526,16.24038203871748]]],[[[-61.55180527950805,16.253715371528525],[-61.55101061101763,16.253548166494948],[-61.55099687373475,16.25244467649612],[-61.55180528193686,16.25224941177612],[-61.55200742047204,16.251440155703175],[-61.553319351746865,16.25141607823551],[-61.55305015108639,16.253416803410957],[-61.55213272687582,16.25454870448579],[-61.55180527950805,16.253715371528525]]]]}},{"type":"Feature","properties":{"feature_id":"EU_POINTEAPITRE_POINTEAD__P2","layer_key":"eau_eu","layer_label":"Eau EU","economic_unit_id":"EU_POINTEAPITRE_POINTEAD__P2","economic_state":"S2","economic_exposure_eur":612869.0,"economic_damage_eur":74080.0,"economic_damage_ratio_pct":12.087,"economic_asset_count":19,"criticality_territory":"guadeloupe","criticality_family":"eu","criticality_scenario":"rp100","criticality_period_years":"100","criticality_hazard":"storm_cmcc"},"geometry":{"type":"Polygon","coordinates":[[[-61.53153090198249,16.227342058471088],[-61.53165236099987,16.22808274714537],[-61.531033833685775,16.2287597866395],[-61.5302265947112,16.228998485072434],[-61.52877349967062,16.228415915361012],[-61.52802609727721,16.22734107431408],[-61.528129154352236,16.226363353547768],[-61.52896143609949,16.225234569157433],[-61.52852389825317,16.224511925005086],[-61.528556115484676,16.22359448887396],[-61.52898787435876,16.222949205677363],[-61.52979082323399,16.222552806739202],[-61.52996012208933,16.22308274723443],[-61.53073827959651,16.223223324505007],[-61.530793456910466,16.22391608047894],[-61.53225801623031,16.223940157448563],[-61.532460125174836,16.22474941361415],[-61.533225269196635,16.224873039276012],[-61.53317332720844,16.22614388108817],[-61.53246012759898,16.22621536990938],[-61.53236423541192,16.226956057006817],[-61.53082871641547,16.22704870301317],[-61.53079346242262,16.227249413894924],[-61.53153090198249,16.227342058471088]]]}},{"type":"Feature","properties":{"feature_id":"EU_POINTEAPITRE_POINTEAD__P3","layer_key":"eau_eu","layer_label":"Eau EU","economic_unit_id":"EU_POINTEAPITRE_POINTEAD__P3","economic_state":"S2","economic_exposure_eur":1070390.0,"economic_damage_eur":129382.0,"economic_damage_ratio_pct":12.087,"economic_asset_count":19,"criticality_territory":"guadeloupe","criticality_family":"eu","criticality_scenario":"rp100","criticality_period_years":"100","criticality_hazard":"storm_cmcc"},"geometry":{"type":"Polygon","coordinates":[[[-61.52966481820771,16.221213846129448],[-61.52777216227743,16.221215369358923],[-61.52746011909883,16.221475808301832],[-61.52746012038124,16.222249414209273],[-61.52843801699133,16.222249414092158],[-61.52793882400764,16.223103371314718],[-61.52723516998857,16.223553959468283],[-61.525985526276045,16.22347142955222],[-61.52516230410532,16.22255935227984],[-61.52568875938717,16.21891608095679],[-61.52680534057588,16.218916080879552],[-61.52687517243255,16.217370899899905],[-61.527892006586484,16.217355553511723],[-61.529512869022135,16.216448135251156],[-61.52996011116066,16.216473202206938],[-61.52996011244672,16.217249413756505],[-61.53073827157897,16.21738999110191],[-61.530793448644665,16.218916080354983],[-61.5313107049239,16.2189166167631],[-61.530916068101604,16.219414479676914],[-61.531431032075105,16.220448348453633],[-61.53115471749564,16.221479701695134],[-61.530972002035966,16.221694606820336],[-61.53097200285791,16.221215369877793],[-61.52994712395811,16.220986624862107],[-61.52966481820771,16.221213846129448]]]}},{"type":"Feature","properties":{"feature_id":"EU_POINTEAPITRE_POINTEAD__P4","layer_key":"eau_eu","layer_label":"Eau EU","economic_unit_id":"EU_POINTEAPITRE_POINTEAD__P4","economic_state":"S2","economic_exposure_eur":143220.0,"economic_damage_eur":17312.0,"economic_damage_ratio_pct":12.087,"economic_asset_count":9,"criticality_territory":"guadeloupe","criticality_family":"eu","criticality_scenario":"rp100","criticality_period_years":"100","criticality_hazard":"storm_cmcc"},"geometry":{"type":"Polygon","coordinates":[[[-61.53188145829565,16.228648704821452],[-61.53139917072608,16.228698733219773],[-61.531041084189674,16.22814323343528],[-61.530305134921825,16.228008547205803],[-61.530177837076884,16.227470110473163],[-61.53054396135659,16.227162717866065],[-61.531377645314954,16.227187554256066],[-61.53215335319597,16.22818626537535],[-61.53188145829565,16.228648704821452]]]}},{"type":"Feature","properties":{"feature_id":"EU_POINTEAPITRE_POINTEAD__P5","layer_key":"eau_eu","layer_label":"Eau EU","economic_unit_id":"EU_POINTEAPITRE_POINTEAD__P5","economic_state":"S0","economic_exposure_eur":6171.0,"economic_damage_eur":123.0,"economic_damage_ratio_pct":1.986,"economic_asset_count":1,"criticality_territory":"guadeloupe","criticality_family":"eu","criticality_scenario":"rp100","criticality_period_years":"100","criticality_hazard":"storm_cmcc"},"geometry":{"type":"Polygon","coordinates":[[[-61.5290244819402,16.226735833945355],[-61.5282684280792,16.226901094574455],[-61.528073038264964,16.226223966544097],[-61.52878394838307,16.22603685767969],[-61.5290244819402,16.226735833945355]]]}},{"type":"Feature","properties":{"feature_id":"EU_POINTEAPITRE_POINTEAD__P6","layer_key":"eau_eu","layer_label":"Eau EU","economic_unit_id":"EU_POINTEAPITRE_POINTEAD__P6","economic_state":"S0","economic_exposure_eur":95596.0,"economic_damage_eur":1898.0,"economic_damage_ratio_pct":1.985,"economic_asset_count":2,"criticality_territory":"guadeloupe","criticality_family":"eu","criticality_scenario":"rp100","criticality_period_years":"100","criticality_hazard":"storm_cmcc"},"geometry":{"type":"Polygon","coordinates":[[[-61.52785382948431,16.225984653262756],[-61.52724106575458,16.22596984233323],[-61.52669474657756,16.224889484625685],[-61.52679336704346,16.22443064847482],[-61.52751802107166,16.224367623802173],[-61.528028225227054,16.225376913981506],[-61.52785382948431,16.225984653262756]]]}},{"type":"Feature","properties":{"feature_id":"EU_POINTENOIRE_POINTENOI","layer_key":"eau_eu","layer_label":"Eau EU","economic_unit_id":"EU_POINTENOIRE_POINTENOI","economic_state":"S2","economic_exposure_eur":6986598.0,"economic_damage_eur":844494.0,"economic_damage_ratio_pct":12.087,"economic_asset_count":193,"criticality_territory":"guadeloupe","criticality_family":"eu","criticality_scenario":"rp100","criticality_period_years":"100","criticality_hazard":"storm_cmcc"},"geometry":{"type":"MultiPolygon","coordinates":[[[[-61.794960175878366,16.236416049214277],[-61.795738324135854,16.236556640410726],[-61.795793510680234,16.237249382478822],[-61.79661274445658,16.237473894859995],[-61.79657166059754,16.238574808204003],[-61.795793513106375,16.238715400944727],[-61.79662684735501,16.23923239103354],[-61.79657166289115,16.24024147483701],[-61.79579351586486,16.240382067556226],[-61.795793517576364,16.24141604925026],[-61.7966237607719,16.241691524942347],[-61.794157621967024,16.24236499235819],[-61.7934719345243,16.242244245849957],[-61.79354626528106,16.241531705594657],[-61.794305269464196,16.24121540070168],[-61.79356784599475,16.241122745365406],[-61.793471937606576,16.24038206730609],[-61.790402175985534,16.240375988042018],[-61.790138606038546,16.239548733640337],[-61.78856784836079,16.239456078357623],[-61.788471943237354,16.237327500781685],[-61.78749326393924,16.23621540014224],[-61.786879605797296,16.23609974265005],[-61.78675991689987,16.23538206675987],[-61.78453767342545,16.235368444382544],[-61.78430528165726,16.234548733173384],[-61.7840071232395,16.23531025955368],[-61.783206238285686,16.23538206630497],[-61.782846526815774,16.233163056216995],[-61.783632260715905,16.23146080260394],[-61.7843052871717,16.23121539995031],[-61.783507393382706,16.231215399845688],[-61.782077963017514,16.228981274294203],[-61.78194554346932,16.227306473417492],[-61.78263862725873,16.227249383651422],[-61.78270141001017,16.225747146031548],[-61.779637555327916,16.22604180806507],[-61.77846742487906,16.225382066175733],[-61.777007424533785,16.225357985380903],[-61.77680529907307,16.224548732686454],[-61.77599688996018,16.22435344938587],[-61.77602714923067,16.223223308152754],[-61.78097196815413,16.222790472951306],[-61.78111748638925,16.222302696154532],[-61.781805302289584,16.222249383616614],[-61.78192501186982,16.22148785576537],[-61.7826386369032,16.22141605017163],[-61.782638638750704,16.22029556690418],[-61.78412681408127,16.219919154750887],[-61.78412681787333,16.222205493015803],[-61.78508774394506,16.22235478056131],[-61.78519311078172,16.22331775482332],[-61.787946102652526,16.22848217996088],[-61.79018758046455,16.231388373315262],[-61.79098512820624,16.231671528752887],[-61.79105009932907,16.232395226221456],[-61.793442622588664,16.23558271603388],[-61.79469660791007,16.235588793809974],[-61.794960175878366,16.236416049214277]]],[[[-61.77817377552256,16.22197692608248],[-61.776879624820104,16.22193307561082],[-61.77680530436303,16.22134985905555],[-61.7782934817144,16.22089905786737],[-61.77817377552256,16.22197692608248]]],[[[-61.79162685027293,16.241301135782958],[-61.78930526972933,16.241405255886356],[-61.78950741521454,16.240606796053058],[-61.79139444812863,16.240596337385032],[-61.79162685027293,16.241301135782958]]]]}},{"type":"Feature","properties":{"feature_id":"EU_PORTLOUIS_LALANE","layer_key":"eau_eu","layer_label":"Eau EU","economic_unit_id":"EU_PORTLOUIS_LALANE","economic_state":"S2","economic_exposure_eur":20952656.0,"economic_damage_eur":2532620.0,"economic_damage_ratio_pct":12.087,"economic_asset_count":252,"criticality_territory":"guadeloupe","criticality_family":"eu","criticality_scenario":"rp100","criticality_period_years":"100","criticality_hazard":"storm_cmcc"},"geometry":{"type":"MultiPolygon","coordinates":[[[[-61.508567671101694,16.411956050217295],[-61.50882761574397,16.40974942100787],[-61.510697781507474,16.409842063413148],[-61.51077965608084,16.41182420831887],[-61.508567671101694,16.411956050217295]]],[[[-61.5098860557695,16.418198396432885],[-61.50984063047536,16.4194768957336],[-61.509547209659324,16.419400453588207],[-61.508617325347174,16.418136060858128],[-61.5098860557695,16.418198396432885]]],[[[-61.52412712623287,16.426215362232554],[-61.52389453076721,16.42703507497413],[-61.52162423972494,16.427048695207272],[-61.521241946328445,16.42640726888923],[-61.52100776594161,16.423095862650758],[-61.52263833461083,16.42308275318708],[-61.52273432450609,16.42234206253374],[-61.5234716692242,16.422249419723038],[-61.523471673751594,16.419548695699927],[-61.522693571389375,16.41940811961934],[-61.52263834332888,16.41788202897853],[-61.52106766391427,16.41695605126591],[-61.52097167968983,16.416215362147124],[-61.51662710847314,16.41621536157297],[-61.51744633124668,16.41664057203],[-61.517421748094115,16.417714828256532],[-61.51662711160275,16.41808275385557],[-61.51740521471054,16.418223327829285],[-61.51746044704706,16.419291792590112],[-61.5153483763793,16.420360619347093],[-61.51513834298908,16.418715361293252],[-61.51412711232999,16.418715361159236],[-61.513894526759046,16.4195350739484],[-61.51273432845896,16.419456050424657],[-61.51266329005379,16.418278012923725],[-61.51347167795472,16.41788202776652],[-61.5127343304343,16.417789383798933],[-61.51263834599624,16.417133353326786],[-61.51097325817025,16.416763393402405],[-61.510973263840654,16.41336805392613],[-61.51157898165322,16.413082754373544],[-61.51163747829765,16.41213982487922],[-61.5151383552204,16.411416087218864],[-61.51537093434635,16.409763039853104],[-61.51987025832512,16.409848249137642],[-61.52322635777847,16.406995215273028],[-61.52480979532575,16.408089764684327],[-61.530969819751235,16.41007765629582],[-61.53387418277062,16.414427346950802],[-61.53437257970443,16.418354051296063],[-61.53525525300378,16.419875613640954],[-61.53329379179444,16.424838245781054],[-61.533293793048585,16.425582751850513],[-61.5341021795471,16.425778011817375],[-61.53411301643122,16.426824209024158],[-61.531950647861954,16.426995388751262],[-61.53180499613751,16.425382029935058],[-61.53097166370319,16.42490781019619],[-61.52545517438537,16.425382028728023],[-61.52412712623287,16.426215362232554]]]]}},{"type":"Feature","properties":{"feature_id":"EU_SAINTCLAUDE_BAILLIF__P1","layer_key":"eau_eu","layer_label":"Eau EU","economic_unit_id":"EU_SAINTCLAUDE_BAILLIF__P1","economic_state":"S2","economic_exposure_eur":22319101.0,"economic_damage_eur":2697787.0,"economic_damage_ratio_pct":12.087,"economic_asset_count":360,"criticality_territory":"guadeloupe","criticality_family":"eu","criticality_scenario":"rp100","criticality_period_years":"100","criticality_hazard":"storm_cmcc"},"geometry":{"type":"MultiPolygon","coordinates":[[[[-61.72430566629824,16.004548734042604],[-61.722459787267354,16.00454873383145],[-61.7223144328925,16.005328753355375],[-61.72103512329412,16.005382066939028],[-61.7190228263734,16.00900183400849],[-61.719087842904905,16.010214847180922],[-61.71829312962175,16.01038206649662],[-61.718545783364725,16.014032721797964],[-61.72062024210143,16.013953404388246],[-61.72079156258856,16.01509673213098],[-61.71952177063582,16.015382066275368],[-61.71995980679238,16.016732391924176],[-61.71964289265063,16.01881922863481],[-61.71907135534312,16.020241474470495],[-61.717459813842936,16.02121539938047],[-61.71731444766701,16.02199541908087],[-61.71611767282056,16.021995418945828],[-61.7159723068379,16.02121539920945],[-61.71412648053104,16.02146510320099],[-61.71410158437617,16.022686783166176],[-61.71329314941375,16.022882065513166],[-61.7132682534645,16.024353449771123],[-61.71245981870136,16.024548732029306],[-61.71222767751387,16.025368443286332],[-61.70495981919292,16.025382064467827],[-61.70486401712577,16.026122743637565],[-61.7032931550503,16.027048730886587],[-61.703061012142975,16.02870177549926],[-61.6999598240472,16.028715397111124],[-61.699757902519714,16.029524650009964],[-61.69745982511487,16.029548730125814],[-61.69719654145667,16.030375984561843],[-61.69412649275129,16.030382063042502],[-61.69383145570014,16.03121387261794],[-61.690116895376974,16.03121539588695],[-61.68949509942861,16.03049885659444],[-61.68869211595406,16.028082722451067],[-61.6893056322872,16.028082722583477],[-61.689507554715775,16.026440134950967],[-61.69062025012798,16.026453407722023],[-61.69097230010382,16.027249389034008],[-61.69097230178976,16.026215396142433],[-61.690145253887074,16.025960772741826],[-61.69013897399509,16.02288206282013],[-61.688546552581904,16.022766407035178],[-61.6884723102541,16.021215396012146],[-61.687653061392226,16.020990886176534],[-61.68774397659298,16.0199654929958],[-61.6923567263191,16.016548087274213],[-61.694123386798154,16.01585822442441],[-61.69412018854703,16.018460772991418],[-61.69329314030067,16.01871539665913],[-61.69329314198572,16.01974938857697],[-61.69376733477474,16.018917577972477],[-61.69552986998689,16.01892213279553],[-61.695793142232645,16.019720959116754],[-61.69654625356552,16.01954873029714],[-61.69597859716276,16.01929410627268],[-61.696027438232505,16.01738997737608],[-61.69799811894259,16.0172509107724],[-61.6982790565452,16.018490886647033],[-61.697459807454166,16.018715397146142],[-61.69743812369693,16.019344764896836],[-61.698281070810125,16.019151984042793],[-61.69930564385156,16.020215075424556],[-61.69930564889802,16.017126875804944],[-61.7018056511011,16.015582720814162],[-61.7018056530439,16.01438287245338],[-61.70273869051023,16.013924416535275],[-61.70296886957823,16.011416053529175],[-61.70430565757816,16.011416053754154],[-61.70430565926221,16.010382064881558],[-61.70360685809117,16.010308883425772],[-61.70493336699637,16.009108207040036],[-61.704959793720164,16.00974938697044],[-61.70763899321296,16.009749386659887],[-61.70765307884869,16.008307230152102],[-61.70847232915732,16.008082719855622],[-61.70847233128288,16.006760384207013],[-61.71072640370073,16.006241548877526],[-61.7115435444785,16.003529659467816],[-61.71456654396172,16.000533334190425],[-61.72000493905337,15.997925810157426],[-61.721845749849784,15.997890113287168],[-61.72358358799905,15.998552835143174],[-61.72579757078712,16.00050069276807],[-61.72655320124127,16.002594450492296],[-61.72599797776546,16.005188854590628],[-61.72434428170079,16.006881514130022],[-61.72430566629824,16.004548734042604]],[[-61.71180566783285,16.004548732606768],[-61.71162645268987,16.004548732586077],[-61.71162645437321,16.00558271942937],[-61.71180566783285,16.004548732606768]],[[-61.712459784762714,16.003715399376105],[-61.712459785089344,16.00391605262541],[-61.71263900209336,16.003916052604737],[-61.712459784762714,16.003715399376105]]],[[[-61.6960109161572,16.031583271437732],[-61.69680562591295,16.03141605512105],[-61.697840885550086,16.029773467458224],[-61.698894344827856,16.029763009006004],[-61.699126493662156,16.030582721496437],[-61.70076826168381,16.030778001160805],[-61.69906861952985,16.03242228570463],[-61.69604653924472,16.0327664073706],[-61.6960109161572,16.031583271437732]]]]}},{"type":"Feature","properties":{"feature_id":"EU_SAINTCLAUDE_BAILLIF__P2","layer_key":"eau_eu","layer_label":"Eau EU","economic_unit_id":"EU_SAINTCLAUDE_BAILLIF__P2","economic_state":"S2","economic_exposure_eur":3773147.0,"economic_damage_eur":456073.0,"economic_damage_ratio_pct":12.087,"economic_asset_count":41,"criticality_territory":"guadeloupe","criticality_family":"eu","criticality_scenario":"rp100","criticality_period_years":"100","criticality_hazard":"storm_cmcc"},"geometry":{"type":"Polygon","coordinates":[[[-61.71061778952474,16.004682139732765],[-61.70925737679574,16.004075064765424],[-61.706748328244856,16.000582719886516],[-61.70847234136675,16.000582719670593],[-61.70766390398212,16.00018678314998],[-61.707639011658124,15.998399058763763],[-61.70847234576163,15.997882065772316],[-61.70658964934476,15.997882065535768],[-61.707221045122395,15.99680562054766],[-61.70847724705841,15.995844691745031],[-61.71244393171648,15.994624169348532],[-61.714074868406506,15.994724535616115],[-61.71653640764571,15.995784107633627],[-61.717621435499154,15.997425960014263],[-61.719634974193994,15.998077520911234],[-61.72128362789383,16.000149162299408],[-61.72140556353967,16.00242842732038],[-61.71982549689027,16.004123498109635],[-61.71705406794064,16.00451868048668],[-61.71357649946152,16.0037123874644],[-61.71061778952474,16.004682139732765]],[[-61.712459785089344,16.00391605262541],[-61.71263900209336,16.003916052604737],[-61.71263900242,16.00371539939678],[-61.712459785089344,16.00391605262541]]]}},{"type":"Feature","properties":{"feature_id":"EU_SAINTCLAUDE_DUGOMMIER","layer_key":"eau_eu","layer_label":"Eau EU","economic_unit_id":"EU_SAINTCLAUDE_DUGOMMIER","economic_state":"S2","economic_exposure_eur":453971.0,"economic_damage_eur":54873.0,"economic_damage_ratio_pct":12.087,"economic_asset_count":12,"criticality_territory":"guadeloupe","criticality_family":"eu","criticality_scenario":"rp100","criticality_period_years":"100","criticality_hazard":"storm_cmcc"},"geometry":{"type":"Polygon","coordinates":[[[-61.681878502833015,16.015382062049607],[-61.6809723221325,16.01450367776921],[-61.680972323418885,16.013715395373012],[-61.68068711497122,16.013715395268864],[-61.681013346403745,16.012651066310063],[-61.68232929616804,16.011608200466554],[-61.68312309267642,16.011575828657985],[-61.68387713516494,16.01191909881168],[-61.68483503708975,16.01348745156232],[-61.68486819658284,16.01430248604611],[-61.684385707528854,16.01522007080756],[-61.68347231965122,16.015821719331626],[-61.683472320388475,16.015382062280487],[-61.681878502833015,16.015382062049607]]]}},{"type":"Feature","properties":{"feature_id":"EU_SAINTCLAUDE_MINIPALME","layer_key":"eau_eu","layer_label":"Eau EU","economic_unit_id":"EU_SAINTCLAUDE_MINIPALME","economic_state":"S2","economic_exposure_eur":1076359.0,"economic_damage_eur":130103.0,"economic_damage_ratio_pct":12.087,"economic_asset_count":18,"criticality_territory":"guadeloupe","criticality_family":"eu","criticality_scenario":"rp100","criticality_period_years":"100","criticality_hazard":"storm_cmcc"},"geometry":{"type":"Polygon","coordinates":[[[-61.70030953711512,16.00689952698046],[-61.69935317630334,16.005463437387395],[-61.69923763545577,16.004160310920774],[-61.69935315557261,16.003916054120143],[-61.70097233687117,16.003916053956615],[-61.701068130608896,16.00317537334673],[-61.701805671457436,16.003082720505763],[-61.70190146482719,16.002342039931307],[-61.702602412747034,16.00224938707138],[-61.70443871470964,16.004139234525617],[-61.70460345963324,16.005481985521836],[-61.70315410646359,16.006891584950274],[-61.70160040919456,16.00737385219048],[-61.700972331360354,16.007299392930612],[-61.70097233177097,16.007048731269496],[-61.70030953711512,16.00689952698046]]]}},{"type":"Feature","properties":{"feature_id":"EU_SAINTCLAUDE_MINIRTEM","layer_key":"eau_eu","layer_label":"Eau EU","economic_unit_id":"EU_SAINTCLAUDE_MINIRTEM","economic_state":"S2","economic_exposure_eur":355300.0,"economic_damage_eur":42946.0,"economic_damage_ratio_pct":12.087,"economic_asset_count":4,"criticality_territory":"guadeloupe","criticality_family":"eu","criticality_scenario":"rp100","criticality_period_years":"100","criticality_hazard":"storm_cmcc"},"geometry":{"type":"Polygon","coordinates":[[[-61.705832452264566,16.001677682412257],[-61.70626979843021,16.00111618353461],[-61.70800675073455,16.00231354706545],[-61.70812950220728,16.00293993428476],[-61.70646687900309,16.004239459051725],[-61.70602599899646,16.003725708661264],[-61.706513696163036,16.00267514956522],[-61.705832452264566,16.001677682412257]]]}},{"type":"Feature","properties":{"feature_id":"EU_SAINTCLAUDE_MORNESM","layer_key":"eau_eu","layer_label":"Eau EU","economic_unit_id":"EU_SAINTCLAUDE_MORNESM","economic_state":"S2","economic_exposure_eur":122347.0,"economic_damage_eur":14789.0,"economic_damage_ratio_pct":12.087,"economic_asset_count":5,"criticality_territory":"guadeloupe","criticality_family":"eu","criticality_scenario":"rp100","criticality_period_years":"100","criticality_hazard":"storm_cmcc"},"geometry":{"type":"Polygon","coordinates":[[[-61.696214432016134,16.042393189149358],[-61.695761980979576,16.041987850810106],[-61.69556674075938,16.04124873306917],[-61.69580616531434,16.040841256349932],[-61.69633456130986,16.04082937771721],[-61.69695208381951,16.041475134136043],[-61.696761097458804,16.042233122182388],[-61.696214432016134,16.042393189149358]]]}},{"type":"Feature","properties":{"feature_id":"EU_SAINTCLAUDE_NEPTUNE","layer_key":"eau_eu","layer_label":"Eau EU","economic_unit_id":"EU_SAINTCLAUDE_NEPTUNE","economic_state":"S2","economic_exposure_eur":312745.0,"economic_damage_eur":37803.0,"economic_damage_ratio_pct":12.087,"economic_asset_count":4,"criticality_territory":"guadeloupe","criticality_family":"eu","criticality_scenario":"rp100","criticality_period_years":"100","criticality_hazard":"storm_cmcc"},"geometry":{"type":"Polygon","coordinates":[[[-61.6994825635519,16.006694086001232],[-61.698298820614966,16.006917430678012],[-61.697772091759575,16.0064329999007],[-61.698101092364226,16.005551247731336],[-61.69959031308625,16.005101399711677],[-61.70011652271349,16.005533533333026],[-61.6994825635519,16.006694086001232]]]}},{"type":"Feature","properties":{"feature_id":"EU_SAINTEANNE_FRENCH__P1","layer_key":"eau_eu","layer_label":"Eau EU","economic_unit_id":"EU_SAINTEANNE_FRENCH__P1","economic_state":"S2","economic_exposure_eur":441693.0,"economic_damage_eur":53389.0,"economic_damage_ratio_pct":12.087,"economic_asset_count":6,"criticality_territory":"guadeloupe","criticality_family":"eu","criticality_scenario":"rp100","criticality_period_years":"100","criticality_hazard":"storm_cmcc"},"geometry":{"type":"Polygon","coordinates":[[[-61.381246878481925,16.23788201504215],[-61.37793459543155,16.237762740675013],[-61.377375201742446,16.236630063605926],[-61.37752009211473,16.234574860020505],[-61.377901891334844,16.23384749435323],[-61.37914099944794,16.233321125951235],[-61.38084112677062,16.23391882392011],[-61.381354785263795,16.23474299377951],[-61.38162679125919,16.237048682084954],[-61.381246878481925,16.23788201504215]]]}},{"type":"Feature","properties":{"feature_id":"EU_SAINTEANNE_FRENCH__P2","layer_key":"eau_eu","layer_label":"Eau EU","economic_unit_id":"EU_SAINTEANNE_FRENCH__P2","economic_state":"S2","economic_exposure_eur":32151303.0,"economic_damage_eur":3886239.0,"economic_damage_ratio_pct":12.087,"economic_asset_count":323,"criticality_territory":"guadeloupe","criticality_family":"eu","criticality_scenario":"rp100","criticality_period_years":"100","criticality_hazard":"storm_cmcc"},"geometry":{"type":"MultiPolygon","coordinates":[[[[-61.32434165399132,16.247048673308356],[-61.32401480884825,16.246430325285544],[-61.32372807781424,16.243916109819793],[-61.32412679547613,16.244749443376513],[-61.3249352072311,16.244944688437947],[-61.32493521027921,16.24685342675885],[-61.32434165399132,16.247048673308356]]],[[[-61.40228705505868,16.226178003876598],[-61.40079344277888,16.226215351860745],[-61.40222274658678,16.226428503473592],[-61.40135449605364,16.227829023386427],[-61.39902502195672,16.229226233178633],[-61.39847200876355,16.229335069597255],[-61.39847201256678,16.227048684834827],[-61.39600711862929,16.22687423613557],[-61.394925912716594,16.227465129579308],[-61.39365981370554,16.228916099292135],[-61.394112682802685,16.229140576149035],[-61.394071607233485,16.230241446967234],[-61.39246011651319,16.231215350503494],[-61.39234042217062,16.23197688810198],[-61.39162678443791,16.232048683689907],[-61.39153089528888,16.232789376508308],[-61.38909057940142,16.232882016612848],[-61.38579345562712,16.235296888881184],[-61.38575479848591,16.236048156209556],[-61.38496012369857,16.23621534926045],[-61.38475801797185,16.237024605727388],[-61.38162679125919,16.237048682084954],[-61.38139443391801,16.23786839544336],[-61.379154440152675,16.237882015043073],[-61.375505995571196,16.23642904010556],[-61.374478394801955,16.237011333341886],[-61.37430533584855,16.235363217940495],[-61.37278396725648,16.23788201399747],[-61.37327505700583,16.24070144021569],[-61.37150981801582,16.24149027949736],[-61.37162680449392,16.245944578167652],[-61.368570426476424,16.24583107341739],[-61.36860111884572,16.247882013080066],[-61.367758353285076,16.247810218235724],[-61.367460139075526,16.247048679701212],[-61.36728706963696,16.247844665453737],[-61.36496014008791,16.247882012642368],[-61.36469660397883,16.248709268024385],[-61.36246014109981,16.24871534558297],[-61.36219660418427,16.249542600972397],[-61.36012436879321,16.249548678552625],[-61.35828330073894,16.247980400021376],[-61.357380537690666,16.246434885446075],[-61.35023805352152,16.24779244110228],[-61.350138654659446,16.246406565261868],[-61.34912680303107,16.2470486770112],[-61.34912680484841,16.248148526755617],[-61.34543396926547,16.248713819627774],[-61.344960137124176,16.24788200970188],[-61.344814628703176,16.249495372046166],[-61.34180531663119,16.250012272675516],[-61.3418053196033,16.248228859998502],[-61.34021787191178,16.247853042909778],[-61.33957724490926,16.247048675309],[-61.3374601349555,16.2472494414487],[-61.338197573025866,16.247342077918674],[-61.338293469793925,16.248082774678704],[-61.33984043375461,16.248154566849546],[-61.34079347305663,16.249830060615686],[-61.339321443618886,16.249114840676917],[-61.33870384564518,16.2485792987932],[-61.33840445984461,16.248237480855657],[-61.33834666894107,16.2481629565217],[-61.33814267549474,16.24787107317975],[-61.33513865477168,16.24775735009167],[-61.335138657263485,16.246260127795775],[-61.334126799435566,16.24623059880269],[-61.33398129218752,16.246995370778762],[-61.332460133872786,16.247048674539663],[-61.332364240075705,16.24778937002044],[-61.331626801794485,16.247882007721692],[-61.332385817479874,16.24819840988507],[-61.33246013701244,16.24894516485726],[-61.32930531946554,16.24951059069556],[-61.329305322165546,16.247882007375296],[-61.32851064874951,16.247714818633035],[-61.32847199172489,16.246215340638322],[-61.32775835907416,16.24614354704609],[-61.32763865990392,16.24538200720754],[-61.32692502670149,16.245310213638167],[-61.32680532808293,16.24454867377669],[-61.32609169432882,16.24447688023019],[-61.325971996261934,16.243715340345773],[-61.32431162242978,16.242627427783777],[-61.32463272911575,16.241416109494775],[-61.33466481824509,16.241417630925724],[-61.33496012610175,16.242127864497466],[-61.33847199693049,16.242117822857704],[-61.33861750329022,16.241469410572282],[-61.33966481830057,16.24141763018618],[-61.33996012694625,16.24218565632891],[-61.34071854373668,16.242249440797437],[-61.341805329518344,16.24224944068112],[-61.34195083632595,16.24146941016111],[-61.34299815167076,16.24141762969439],[-61.34329346088107,16.242249440460665],[-61.347573302577565,16.24282581662617],[-61.35180532816705,16.24211895189888],[-61.35206885650728,16.241422182647046],[-61.35362590136433,16.24181483806418],[-61.35592438030278,16.240941978276716],[-61.35894854334341,16.237882011937568],[-61.35829345587965,16.23788201199149],[-61.358061100056275,16.238701725496895],[-61.35684399152497,16.23854815410565],[-61.35686051097446,16.237390004841004],[-61.35763866864778,16.237249438222822],[-61.35816858952652,16.236416104701867],[-61.35972776466209,16.23642972321481],[-61.35996012116181,16.23690418169756],[-61.36232486123442,16.235849351026644],[-61.36374916219693,16.234302656446236],[-61.36639739403554,16.23321891727945],[-61.36601530306305,16.232742507677038],[-61.35833856505393,16.230640061880496],[-61.3578201919206,16.228302002824904],[-61.35709066633695,16.22747237578301],[-61.357786987375086,16.226473972779637],[-61.36486658874513,16.228353769822206],[-61.36959898673509,16.227542066279256],[-61.370490801465635,16.228407996962133],[-61.37138182619474,16.227236243056442],[-61.375138683965204,16.226351453212658],[-61.37606790582738,16.22484207366749],[-61.376805353021915,16.22474943511821],[-61.376901240043274,16.224008740235156],[-61.3776386876048,16.223916101643514],[-61.377734574259165,16.223175406802856],[-61.37847202218764,16.22308276816886],[-61.37864507344671,16.222286781307307],[-61.38327775798894,16.221945232743078],[-61.38797512559109,16.220762392434946],[-61.390933932111174,16.220937716204286],[-61.39072779340052,16.22006918917859],[-61.39430536020396,16.218783044971968],[-61.3945688628883,16.217255509339065],[-61.3956203802164,16.217286779024448],[-61.395793428611924,16.21808276554834],[-61.3965524530263,16.218198403512275],[-61.396626764820546,16.219749432136517],[-61.398219122007,16.219865070050982],[-61.39829343448293,16.221416098605406],[-61.39903088238303,16.22150873789568],[-61.39912676931416,16.22224943183994],[-61.39930535541916,16.22121535181073],[-61.39849694214475,16.22102009784658],[-61.39848612203057,16.219140576020425],[-61.400340018056156,16.218951142084357],[-61.401959590931064,16.222347773261994],[-61.40228705505868,16.226178003876598]]],[[[-61.36597197860601,16.250582770663783],[-61.36611749318485,16.24980274070258],[-61.36680531319058,16.24974943718829],[-61.36692501937718,16.24898789715203],[-61.367638647775124,16.248916103712848],[-61.36775835350302,16.248154563709637],[-61.36855260489381,16.248082770176392],[-61.36714827233243,16.250314103177207],[-61.3651386441332,16.251349980329717],[-61.36597197860601,16.250582770663783]]],[[[-61.38075480208028,16.239083292771387],[-61.38079346187574,16.23950975730067],[-61.37999300855155,16.23891610168246],[-61.38075480208028,16.239083292771387]]],[[[-61.3846648183842,16.238917623569222],[-61.384960129548155,16.23974943430687],[-61.38566105190411,16.239812121273964],[-61.38278507557214,16.2402239245038],[-61.380971995044774,16.23923239114234],[-61.3846648183842,16.238917623569222]]],[[[-61.39195083806061,16.234802737294128],[-61.39360338861701,16.234749432843333],[-61.39285051847275,16.235388469096478],[-61.391805332234696,16.23589905769801],[-61.39195083806061,16.234802737294128]]],[[[-61.39317375623619,16.2331545605599],[-61.393219140447876,16.234433044592254],[-61.39192503156156,16.234476887956117],[-61.39184399467234,16.23324995870434],[-61.39317375623619,16.2331545605599]]],[[[-61.39484271702718,16.231416099264166],[-61.39467792941747,16.23288201712771],[-61.39431162796308,16.232627429884698],[-61.394343996766544,16.23158329185258],[-61.39484271702718,16.231416099264166]]]]}},{"type":"Feature","properties":{"feature_id":"EU_SAINTEANNE_FRENCH__P3","layer_key":"eau_eu","layer_label":"Eau EU","economic_unit_id":"EU_SAINTEANNE_FRENCH__P3","economic_state":"S2","economic_exposure_eur":591769.0,"economic_damage_eur":71529.0,"economic_damage_ratio_pct":12.087,"economic_asset_count":10,"criticality_territory":"guadeloupe","criticality_family":"eu","criticality_scenario":"rp100","criticality_period_years":"100","criticality_hazard":"storm_cmcc"},"geometry":{"type":"Polygon","coordinates":[[[-61.34986424092939,16.24695603854169],[-61.34912680303107,16.2470486770112],[-61.34912680460061,16.24799478069693],[-61.347137068794574,16.248556230415165],[-61.34589360367011,16.24780742022265],[-61.3454464206367,16.245888733795802],[-61.346094057123224,16.24474944002112],[-61.348471990997915,16.244749439756454],[-61.34851065145927,16.244083295116795],[-61.34897684057414,16.243916106211895],[-61.349725584929054,16.244251941169093],[-61.3502919871558,16.244975501596887],[-61.35032709374682,16.24621534371879],[-61.34996013510813,16.246215343827895],[-61.34986424092939,16.24695603854169]]]}},{"type":"Feature","properties":{"feature_id":"EU_SAINTEANNE_MARLY","layer_key":"eau_eu","layer_label":"Eau EU","economic_unit_id":"EU_SAINTEANNE_MARLY","economic_state":"S2","economic_exposure_eur":784789.0,"economic_damage_eur":94860.0,"economic_damage_ratio_pct":12.087,"economic_asset_count":13,"criticality_territory":"guadeloupe","criticality_family":"eu","criticality_scenario":"rp100","criticality_period_years":"100","criticality_hazard":"storm_cmcc"},"geometry":{"type":"Polygon","coordinates":[[[-61.34390572067651,16.277635603436085],[-61.34327985595299,16.278230162719037],[-61.339122791571526,16.279533318068133],[-61.33780144807134,16.279087307912306],[-61.337089619286395,16.277663105898167],[-61.337233255311524,16.27675576934886],[-61.3378745775955,16.2760784219442],[-61.342091285792456,16.274716890884008],[-61.34283418821879,16.27478620480883],[-61.343503121282346,16.275201934228484],[-61.34412332294001,16.276848038943466],[-61.34390572067651,16.277635603436085]]]}},{"type":"Feature","properties":{"feature_id":"EU_SAINTEROSE_BELLEVUE","layer_key":"eau_eu","layer_label":"Eau EU","economic_unit_id":"EU_SAINTEROSE_BELLEVUE","economic_state":"S2","economic_exposure_eur":285005.0,"economic_damage_eur":34450.0,"economic_damage_ratio_pct":12.087,"economic_asset_count":6,"criticality_territory":"guadeloupe","criticality_family":"eu","criticality_scenario":"rp100","criticality_period_years":"100","criticality_hazard":"storm_cmcc"},"geometry":{"type":"Polygon","coordinates":[[[-61.70180943790436,16.30716107939637],[-61.70176164942526,16.307862554383863],[-61.70060925720144,16.30861446806539],[-61.699496792154264,16.308467901916757],[-61.69938522038924,16.308052648729497],[-61.6998443351045,16.306948194161702],[-61.70180943790436,16.30716107939637]]]}},{"type":"Feature","properties":{"feature_id":"EU_SAINTEROSE_BOISRADA","layer_key":"eau_eu","layer_label":"Eau EU","economic_unit_id":"EU_SAINTEROSE_BOISRADA","economic_state":"S2","economic_exposure_eur":169563.0,"economic_damage_eur":20496.0,"economic_damage_ratio_pct":12.087,"economic_asset_count":2,"criticality_territory":"guadeloupe","criticality_family":"eu","criticality_scenario":"rp100","criticality_period_years":"100","criticality_hazard":"storm_cmcc"},"geometry":{"type":"Polygon","coordinates":[[[-61.674768975023305,16.273753438074234],[-61.674051359016794,16.273870675991674],[-61.673838984009656,16.273402540097994],[-61.67428853508305,16.271773700691014],[-61.67499638880888,16.27160067996662],[-61.67534656946491,16.272095410405118],[-61.674768975023305,16.273753438074234]]]}},{"type":"Feature","properties":{"feature_id":"EU_SAINTEROSE_BONE","layer_key":"eau_eu","layer_label":"Eau EU","economic_unit_id":"EU_SAINTEROSE_BONE","economic_state":"S2","economic_exposure_eur":1038833.0,"economic_damage_eur":125567.0,"economic_damage_ratio_pct":12.087,"economic_asset_count":16,"criticality_territory":"guadeloupe","criticality_family":"eu","criticality_scenario":"rp100","criticality_period_years":"100","criticality_hazard":"storm_cmcc"},"geometry":{"type":"Polygon","coordinates":[[[-61.68475804819053,16.262024641257337],[-61.684126872518,16.262048720930856],[-61.684007145100615,16.262810250079337],[-61.68329354065253,16.26299213004549],[-61.68150178279976,16.261922486501035],[-61.68118037424358,16.261160808089066],[-61.68126424367885,16.26017442621115],[-61.68151385196251,16.258788147247593],[-61.68207640610289,16.25805398938174],[-61.68290995348861,16.257746959050518],[-61.684668008293734,16.25782918583533],[-61.68579326668144,16.258456802369786],[-61.68578724381392,16.260127437136326],[-61.68501381607198,16.260611885605748],[-61.68475804819053,16.262024641257337]]]}},{"type":"Feature","properties":{"feature_id":"EU_SAINTEROSE_BOURG__P1","layer_key":"eau_eu","layer_label":"Eau EU","economic_unit_id":"EU_SAINTEROSE_BOURG__P1","economic_state":"S2","economic_exposure_eur":12528634.0,"economic_damage_eur":1514379.0,"economic_damage_ratio_pct":12.087,"economic_asset_count":135,"criticality_territory":"guadeloupe","criticality_family":"eu","criticality_scenario":"rp100","criticality_period_years":"100","criticality_hazard":"storm_cmcc"},"geometry":{"type":"MultiPolygon","coordinates":[[[[-61.715258225538825,16.339476917490945],[-61.71513845028945,16.33871538866326],[-61.71434380091209,16.338548174398994],[-61.71430511844737,16.33788205526193],[-61.71356773930365,16.337789403349916],[-61.713471786605254,16.337048721860523],[-61.710284051448255,16.336995409543736],[-61.7101384564597,16.335382054865672],[-61.70940107595049,16.335289403072494],[-61.70930512461767,16.33454872146395],[-61.70778405393846,16.334495409374778],[-61.70763845954521,16.333715387966024],[-61.707227825294865,16.334535099601933],[-61.70445072083998,16.334495409054515],[-61.70430512991967,16.33171927571611],[-61.70329365775219,16.332048720852328],[-61.70321929760942,16.332766401232142],[-61.702460325710526,16.332882054061503],[-61.702385965275354,16.333599734485478],[-61.70179103175426,16.333715387295133],[-61.70153104387688,16.335289402464447],[-61.69975604316339,16.33603878067512],[-61.69839517514607,16.335382053525322],[-61.69700735855297,16.335357973638885],[-61.696805125373466,16.33501073722069],[-61.69633150488395,16.33538052960376],[-61.69284069209533,16.335357973190234],[-61.69263846002013,16.334548719530563],[-61.69186033738312,16.334408133022958],[-61.691805128179375,16.333715386127523],[-61.69099673210551,16.333520110713764],[-61.69097180050325,16.33038205280723],[-61.69023441687982,16.330289401621833],[-61.69013846866223,16.32954871940405],[-61.68859172823804,16.32952150869595],[-61.69011154965024,16.326683487228834],[-61.691731980114774,16.32527118386518],[-61.693777027833264,16.32476367298591],[-61.69586321539394,16.325229178334567],[-61.69726747934763,16.324682779956913],[-61.69893043693459,16.32308272863816],[-61.70059142010063,16.323106807144363],[-61.70097181002513,16.32391606192995],[-61.70097601181881,16.322517648750363],[-61.70281329670417,16.322817408644006],[-61.704126977024956,16.323554834500236],[-61.703981390382815,16.324495409312807],[-61.702460311831274,16.3245487210043],[-61.702460314940645,16.3264160618203],[-61.703197699861896,16.32650871177624],[-61.70333334881628,16.327249395086508],[-61.70472782065939,16.327263015397552],[-61.70496031758136,16.327829384571498],[-61.705971802536084,16.328042144472413],[-61.70620429980087,16.32726301523963],[-61.710138470007145,16.327249394287506],[-61.710284061886696,16.326469371526514],[-61.711424756010885,16.326440139397487],[-61.71162069144944,16.328460770392034],[-61.71082153271545,16.3287153885086],[-61.710614428343135,16.33034747004423],[-61.71153103877354,16.33067537783195],[-61.711681580358636,16.33141606089748],[-61.71236437315533,16.33150871111136],[-61.71246032572415,16.332195845982977],[-61.71427196550749,16.33400987102771],[-61.71821930018991,16.334031712203448],[-61.71823845471684,16.336074801402443],[-61.71662699956504,16.336215388916866],[-61.71662700406579,16.338916060502665],[-61.717340560593556,16.33898786349027],[-61.71746033862122,16.339591190369195],[-61.715971781476384,16.339933526596855],[-61.71597178213154,16.33954872206453],[-61.715258225538825,16.339476917490945]]],[[[-61.71793394951606,16.338084249764307],[-61.71983706753901,16.33815202899604],[-61.71763844859841,16.339545849217092],[-61.71793394951606,16.338084249764307]]]]}},{"type":"Feature","properties":{"feature_id":"EU_SAINTEROSE_BOURG__P2","layer_key":"eau_eu","layer_label":"Eau EU","economic_unit_id":"EU_SAINTEROSE_BOURG__P2","economic_state":"S2","economic_exposure_eur":4019725.0,"economic_damage_eur":485878.0,"economic_damage_ratio_pct":12.087,"economic_asset_count":30,"criticality_territory":"guadeloupe","criticality_family":"eu","criticality_scenario":"rp100","criticality_period_years":"100","criticality_hazard":"storm_cmcc"},"geometry":{"type":"Polygon","coordinates":[[[-61.70329364925296,16.32694943221089],[-61.702921423237484,16.327978985938937],[-61.70175942658673,16.32937790064012],[-61.70050218821513,16.329848424644037],[-61.69779434517794,16.330022283650653],[-61.69590438126444,16.33113664392824],[-61.691782923960744,16.33076558148881],[-61.69066099284234,16.329910523301354],[-61.690044082399595,16.328589563123916],[-61.69025213326045,16.326870081834567],[-61.69243891726939,16.32273161225726],[-61.694029474463655,16.32093927991701],[-61.69539565082556,16.32033982363112],[-61.69746030471116,16.320622053744884],[-61.697364360188736,16.321122735804654],[-61.69662697260433,16.32141606237196],[-61.697364360169445,16.321508712172008],[-61.69746030742199,16.32224939562928],[-61.69825496065175,16.3224166073803],[-61.6982936422397,16.32308272888668],[-61.70056115185035,16.323096349093337],[-61.700793643917784,16.323916061950623],[-61.70111739972026,16.32230270565668],[-61.70267630495489,16.32272837045179],[-61.70375863932806,16.324548720838624],[-61.702460311831274,16.3245487210043],[-61.702460314940645,16.3264160618203],[-61.702966059605,16.326416061369052],[-61.70329364925296,16.32694943221089]]]}},{"type":"Feature","properties":{"feature_id":"EU_SAINTEROSE_CANNESEN","layer_key":"eau_eu","layer_label":"Eau EU","economic_unit_id":"EU_SAINTEROSE_CANNESEN","economic_state":"S2","economic_exposure_eur":2515733.0,"economic_damage_eur":304085.0,"economic_damage_ratio_pct":12.087,"economic_asset_count":34,"criticality_territory":"guadeloupe","criticality_family":"eu","criticality_scenario":"rp100","criticality_period_years":"100","criticality_hazard":"storm_cmcc"},"geometry":{"type":"Polygon","coordinates":[[[-61.677068833836586,16.27704264093661],[-61.676762018733584,16.276215386275194],[-61.676507159456776,16.276976915687424],[-61.675793563080134,16.277048719452658],[-61.67562044507423,16.27784470049836],[-61.673293564166585,16.277882052462385],[-61.67403097399275,16.278175380058364],[-61.67412689898043,16.278714542351846],[-61.671710750568835,16.27862536403087],[-61.670561435221465,16.278028357721574],[-61.669706155645294,16.276884762799966],[-61.66941755080614,16.275474272597766],[-61.66969026854067,16.27391606406214],[-61.6701385636671,16.27391606429486],[-61.670284113987016,16.27313604100874],[-61.670971898277195,16.27308273084165],[-61.671117448028156,16.272302707576326],[-61.67263856611491,16.272249397289638],[-61.67268102039594,16.271577178451953],[-61.67369056362348,16.27119165132234],[-61.67650219713197,16.27074678294481],[-61.67890212512478,16.271037680122735],[-61.68037858087769,16.272048719922065],[-61.67912688884468,16.27224939652194],[-61.680524498761294,16.272249396072613],[-61.68121981746389,16.273557294624247],[-61.68136785579694,16.275652202193964],[-61.680466060398075,16.277048719612978],[-61.677068833836586,16.27704264093661]],[[-61.67829355403041,16.271416063266106],[-61.67847190009254,16.271416063245045],[-61.67847190042543,16.27121538662853],[-61.67829355403041,16.271416063266106]]]}},{"type":"Feature","properties":{"feature_id":"EU_SAINTEROSE_CITELEGIT","layer_key":"eau_eu","layer_label":"Eau EU","economic_unit_id":"EU_SAINTEROSE_CITELEGIT","economic_state":"S2","economic_exposure_eur":174953.0,"economic_damage_eur":21147.0,"economic_damage_ratio_pct":12.087,"economic_asset_count":5,"criticality_territory":"guadeloupe","criticality_family":"eu","criticality_scenario":"rp100","criticality_period_years":"100","criticality_hazard":"storm_cmcc"},"geometry":{"type":"Polygon","coordinates":[[[-61.68534889691508,16.32054027510856],[-61.68474010397142,16.320611841622696],[-61.68394930827083,16.319986953667613],[-61.68371170047373,16.319115629881686],[-61.684114311932255,16.318853952337044],[-61.68507503756148,16.31900665996694],[-61.68547509711693,16.320001554327376],[-61.68534889691508,16.32054027510856]]]}},{"type":"Feature","properties":{"feature_id":"EU_SAINTEROSE_FONDDOR","layer_key":"eau_eu","layer_label":"Eau EU","economic_unit_id":"EU_SAINTEROSE_FONDDOR","economic_state":"S2","economic_exposure_eur":746877.0,"economic_damage_eur":90278.0,"economic_damage_ratio_pct":12.087,"economic_asset_count":9,"criticality_territory":"guadeloupe","criticality_family":"eu","criticality_scenario":"rp100","criticality_period_years":"100","criticality_hazard":"storm_cmcc"},"geometry":{"type":"Polygon","coordinates":[[[-61.66826421745287,16.286498714044704],[-61.6674738498228,16.286410768983618],[-61.665608976226814,16.284929252866675],[-61.66513854817643,16.283629738436503],[-61.66513854963077,16.28275147914416],[-61.66528410589752,16.282302708354788],[-61.66597188370015,16.282249398332898],[-61.666061151638786,16.281515809907894],[-61.66791842266208,16.280941976235386],[-61.668683869369005,16.281151434205654],[-61.669256708064005,16.28168466799084],[-61.66990770099466,16.28307006162792],[-61.66999736476264,16.28487232183465],[-61.66976427254093,16.28565627731845],[-61.66826421745287,16.286498714044704]]]}},{"type":"Feature","properties":{"feature_id":"EU_SAINTEROSE_NOLIVIER","layer_key":"eau_eu","layer_label":"Eau EU","economic_unit_id":"EU_SAINTEROSE_NOLIVIER","economic_state":"S2","economic_exposure_eur":5465278.0,"economic_damage_eur":660607.0,"economic_damage_ratio_pct":12.087,"economic_asset_count":47,"criticality_territory":"guadeloupe","criticality_family":"eu","criticality_scenario":"rp100","criticality_period_years":"100","criticality_hazard":"storm_cmcc"},"geometry":{"type":"Polygon","coordinates":[[[-61.67322738613553,16.293588500896494],[-61.673533444870095,16.29557574956944],[-61.67331994915049,16.296215385202697],[-61.67162692774782,16.29621538499244],[-61.671588255191395,16.297714839498894],[-61.67079359708516,16.29788205150511],[-61.67064803105753,16.29866207345919],[-61.66996026503767,16.29871538471191],[-61.66981469844007,16.29949540668672],[-61.66787098032175,16.29953509629727],[-61.66763852280316,16.298715384435813],[-61.66717494082373,16.29871538406762],[-61.663832975393674,16.30058446680934],[-61.66411283230029,16.301824215297657],[-61.663293603116294,16.302048717141016],[-61.66319766914248,16.30278940007493],[-61.660793604202325,16.302882050148014],[-61.66071925732047,16.304433065362943],[-61.65912694010681,16.3045487165601],[-61.65905259157185,16.305266398551016],[-61.65829360805908,16.30538204976606],[-61.658238407379564,16.306074798104504],[-61.65746027601136,16.30621538297195],[-61.657460276660956,16.306615785610738],[-61.655650557830874,16.306093127120835],[-61.65295907564667,16.303846845018054],[-61.65241230787384,16.30224940043286],[-61.65347185207406,16.30224940033104],[-61.65354620167875,16.301531716593338],[-61.654305186685626,16.301416066876598],[-61.6543795359994,16.30069838318441],[-61.65551549455119,16.300051773085585],[-61.65701813827334,16.3005827329994],[-61.658471854203015,16.30058273302226],[-61.65854620331999,16.299865049521756],[-61.65930518881482,16.29974939956819],[-61.65937953764082,16.299031716113067],[-61.660138523426596,16.29891606611418],[-61.66013852454738,16.298235159707176],[-61.66128837221505,16.297249398897566],[-61.66180519265011,16.297249399206343],[-61.66186884767001,16.29654564023037],[-61.66263852726184,16.296416065752524],[-61.66275827663451,16.295654534320082],[-61.664305195100546,16.295582732199286],[-61.664401128056575,16.294842047846245],[-61.665138529712316,16.29474939874564],[-61.66517720514869,16.29408327567001],[-61.665932970233,16.29391606530952],[-61.66701188011969,16.291730095880155],[-61.66855971871465,16.291680689497877],[-61.66950727169835,16.293082731335215],[-61.67013853184518,16.29308273144203],[-61.66933013073226,16.29268677702148],[-61.669305201719915,16.29121538488188],[-61.66861743012092,16.291162073448547],[-61.6684718698768,16.29038205147697],[-61.66769373435996,16.29024146566439],[-61.6676385384204,16.289302540001312],[-61.66990922463389,16.289835027463564],[-61.67322738613553,16.293588500896494]]]}},{"type":"Feature","properties":{"feature_id":"EU_SAINTEROSE_VIARD","layer_key":"eau_eu","layer_label":"Eau EU","economic_unit_id":"EU_SAINTEROSE_VIARD","economic_state":"S2","economic_exposure_eur":184388.0,"economic_damage_eur":22288.0,"economic_damage_ratio_pct":12.087,"economic_asset_count":4,"criticality_territory":"guadeloupe","criticality_family":"eu","criticality_scenario":"rp100","criticality_period_years":"100","criticality_hazard":"storm_cmcc"},"geometry":{"type":"Polygon","coordinates":[[[-61.68497426813299,16.32155316153208],[-61.684115893837216,16.32154909736974],[-61.683775532659624,16.3211576838871],[-61.68393387320506,16.320714679297982],[-61.68509335553911,16.320035629908507],[-61.685633719904416,16.32031571606607],[-61.68555663714234,16.32092158694515],[-61.68497426813299,16.32155316153208]]]}},{"type":"Feature","properties":{"feature_id":"EU_SAINTEROSE_ZACDELA","layer_key":"eau_eu","layer_label":"Eau EU","economic_unit_id":"EU_SAINTEROSE_ZACDELA","economic_state":"S2","economic_exposure_eur":2810450.0,"economic_damage_eur":339709.0,"economic_damage_ratio_pct":12.087,"economic_asset_count":34,"criticality_territory":"guadeloupe","criticality_family":"eu","criticality_scenario":"rp100","criticality_period_years":"100","criticality_hazard":"storm_cmcc"},"geometry":{"type":"Polygon","coordinates":[[[-61.674052557812004,16.278198381326085],[-61.674126899314935,16.278916063946948],[-61.67495394017328,16.279170678330853],[-61.67493530610287,16.281020110856865],[-61.67412690313153,16.2812153857844],[-61.674126904848045,16.282249397363845],[-61.67502103132012,16.282249397274853],[-61.67428501417066,16.283682384788243],[-61.67327467270122,16.284658355249267],[-61.670753092106786,16.285888472323357],[-61.669328028046294,16.28599020077404],[-61.66813692110652,16.285546620881117],[-61.66681657616746,16.2844173437899],[-61.66600049830058,16.282587625361483],[-61.66601055669637,16.281583275502282],[-61.66680521864388,16.281215384914635],[-61.665975341112194,16.281215384814264],[-61.66561711139659,16.278892613222297],[-61.666509908408614,16.27683143567524],[-61.66662689565642,16.277249398129552],[-61.6684718916811,16.277249397909884],[-61.668567816847265,16.275675380511935],[-61.67047799523136,16.275165771653526],[-61.67412550741183,16.275908600998818],[-61.67510493579053,16.276699349267744],[-61.67566954840085,16.277813313831263],[-61.673293564166585,16.277882052462385],[-61.674052557812004,16.278198381326085]],[[-61.66746023290533,16.279548718381008],[-61.66746023323842,16.27974939809294],[-61.66763855430457,16.279749398071708],[-61.66746023290533,16.279548718381008]]]}},{"type":"Feature","properties":{"feature_id":"EU_SAINTFRANCOIS_CAYENNESF__P1","layer_key":"eau_eu","layer_label":"Eau EU","economic_unit_id":"EU_SAINTFRANCOIS_CAYENNESF__P1","economic_state":"S2","economic_exposure_eur":34603588.0,"economic_damage_eur":4182655.0,"economic_damage_ratio_pct":12.087,"economic_asset_count":470,"criticality_territory":"guadeloupe","criticality_family":"eu","criticality_scenario":"rp100","criticality_period_years":"100","criticality_hazard":"storm_cmcc"},"geometry":{"type":"MultiPolygon","coordinates":[[[[-61.25986424007337,16.25484208645864],[-61.259864242045815,16.256122695347003],[-61.25898318566617,16.256215329608256],[-61.25856788411175,16.254842086648697],[-61.25986424007337,16.25484208645864]]],[[[-61.29829346511126,16.248916114044462],[-61.29990495458622,16.249056676306164],[-61.29992147457514,16.25021481663773],[-61.29912680133344,16.250582780625248],[-61.29986423953373,16.25067541537743],[-61.29996013601871,16.25132010833589],[-61.295351354119894,16.251792778475103],[-61.29342015758444,16.251459705072428],[-61.295133963142575,16.25371533536676],[-61.29495385037096,16.255127426910626],[-61.29412680851789,16.255382001823925],[-61.29395373776495,16.256177988895413],[-61.292460142975855,16.25621533487601],[-61.29236424655844,16.256956032200115],[-61.29162681089537,16.257048668055106],[-61.291626813990845,16.25891611530526],[-61.29195082627827,16.257302750059836],[-61.29513864544953,16.257249448062183],[-61.29561334678849,16.256416114483535],[-61.294028640215444,16.260009296711875],[-61.292366584154195,16.261538482389128],[-61.29181198496803,16.261795591752787],[-61.291805306081436,16.261215334613794],[-61.29079348434083,16.2612153344593],[-61.29062040875518,16.262011321610203],[-61.289141137000314,16.262048667518638],[-61.28597197338171,16.261404564242792],[-61.28611749041126,16.260636084200314],[-61.28713272793145,16.260582782308436],[-61.28763863975783,16.26141611597607],[-61.28763864285383,16.25954866736441],[-61.28728707388374,16.260344654542617],[-61.286117490000855,16.260328697704914],[-61.285996900402054,16.25911135754919],[-61.28680531103731,16.25871533393057],[-61.28445082502274,16.258662030872035],[-61.284305314806495,16.25666871538914],[-61.282458186231466,16.255932520359572],[-61.28162680796922,16.256215333217654],[-61.281626811064505,16.25808278348266],[-61.28317377220917,16.258154573638983],[-61.283293479370684,16.258916116580583],[-61.284101889828314,16.259111357568724],[-61.28411271628976,16.260157534119376],[-61.28345921387694,16.26038200003538],[-61.2822822124418,16.25946673515829],[-61.28100614159126,16.256773205080485],[-61.279580049709814,16.258574227618812],[-61.28045573367609,16.261303621899255],[-61.27991506237672,16.26371533268756],[-61.27931159568511,16.263460759583744],[-61.2793053094957,16.260381999392433],[-61.27829348102563,16.26038199923681],[-61.27812040721831,16.261177986611127],[-61.27662681548167,16.26121533228656],[-61.276626817196274,16.262249451020228],[-61.277404970087126,16.262390011708025],[-61.27745386126844,16.263460759641884],[-61.27662681962697,16.263715332205482],[-61.276601898190194,16.265186757011115],[-61.27579348892802,16.265381998689723],[-61.27562041094902,16.266177986126074],[-61.27246015648255,16.2662297389202],[-61.272132729326046,16.267048664346266],[-61.270371013908715,16.267035045294463],[-61.27013863446168,16.26633396532451],[-61.26912682260477,16.266215330966915],[-61.268894443334844,16.267035045083247],[-61.264126823205245,16.26704866349879],[-61.26400711441422,16.267810205680266],[-61.2629645930393,16.267881996236195],[-61.26239086898581,16.26588589189184],[-61.262761267850316,16.263916119784298],[-61.2659719724866,16.26391611937359],[-61.266067873461296,16.263175419292427],[-61.2668053070648,16.26308278589078],[-61.26604629527503,16.262766365198917],[-61.265971975583184,16.262048663946945],[-61.26521296311649,16.261933031802023],[-61.265138643768594,16.26121533051147],[-61.26434397176989,16.261048147127166],[-61.26437963397847,16.259031749988296],[-61.26600944879955,16.258916119226356],[-61.26527739901777,16.25788199720372],[-61.264379635229574,16.2577663651453],[-61.26432863755507,16.256615687242586],[-61.26226127975917,16.254198152839948],[-61.26267731815967,16.25241663465775],[-61.26347199223686,16.252249452809288],[-61.263645059568866,16.251453463809742],[-61.265138660009946,16.251416119197053],[-61.26531172675359,16.250620130230875],[-61.266805327783224,16.250582785585067],[-61.26697839393838,16.24978679665223],[-61.26936345939659,16.249632244335462],[-61.27026481178935,16.248821839479636],[-61.27190296556392,16.249749451379248],[-61.2746831797884,16.249956751203012],[-61.28114088636685,16.2491384705772],[-61.2838012079384,16.248154034533574],[-61.28531172907388,16.245620127406678],[-61.28858032761334,16.245582782037634],[-61.29554712598376,16.242537649968018],[-61.29706196854666,16.242933387119457],[-61.30263866851838,16.24256877996583],[-61.30561622719619,16.241847609609145],[-61.30671650871349,16.242192291342132],[-61.30716073078564,16.243082778885423],[-61.31100206118722,16.243082778627777],[-61.31089792447796,16.245275634771744],[-61.30996012770801,16.24538200455118],[-61.31074227797485,16.24572977807918],[-61.309922666953184,16.247048671138977],[-61.3077841669602,16.246995367482917],[-61.3076386630971,16.245382004200284],[-61.30695083523627,16.2453287007576],[-61.30680533082433,16.244819485004633],[-61.305793460405745,16.245382003921033],[-61.30579346625935,16.248916112906333],[-61.30629026238356,16.248916112457827],[-61.30469609055262,16.25038200331663],[-61.304305324778525,16.248715336920743],[-61.303567885687826,16.24862270022674],[-61.30347199295968,16.247882003488137],[-61.29995383893614,16.2476274271307],[-61.29829346511126,16.248916114044462]],[[-61.2774601447999,16.258715332495957],[-61.27746014513274,16.258916117476993],[-61.27847197872853,16.258916117321284],[-61.2774601447999,16.258715332495957]],[[-61.29162679876413,16.24972706960168],[-61.29162679880017,16.249749448414097],[-61.2918053250838,16.249749448386837],[-61.29162679876413,16.24972706960168]]],[[[-61.26567377488858,16.262321242466314],[-61.265719163070024,16.263599698539842],[-61.26442501392716,16.263643539134936],[-61.26433023190982,16.26244469218399],[-61.26567377488858,16.262321242466314]]],[[[-61.27186047794181,16.269408102673083],[-61.27180687410416,16.2683680574759],[-61.27263863114862,16.26808278511124],[-61.272784152168086,16.267302752702548],[-61.273981305202234,16.267302752521246],[-61.27412682648165,16.268082784881642],[-61.27680529713357,16.2680827844689],[-61.27687962170131,16.267365082212862],[-61.277638631713025,16.267249450986885],[-61.27769381468881,16.26655667846812],[-61.278471966292464,16.26641611750492],[-61.27886408207353,16.26558278381693],[-61.278195049627996,16.26760259503352],[-61.27687316452283,16.268970769080564],[-61.27482691603883,16.26975590723275],[-61.272638628044675,16.269941949467402],[-61.27186047794181,16.269408102673083]]],[[[-61.30886326757749,16.24725552244019],[-61.309126798183065,16.2477639153164],[-61.30764525339795,16.248461934895698],[-61.307652757440096,16.24747391335889],[-61.30886326757749,16.24725552244019]]]]}},{"type":"Feature","properties":{"feature_id":"EU_SAINTFRANCOIS_CAYENNESF__P2","layer_key":"eau_eu","layer_label":"Eau EU","economic_unit_id":"EU_SAINTFRANCOIS_CAYENNESF__P2","economic_state":"S2","economic_exposure_eur":567270.0,"economic_damage_eur":68568.0,"economic_damage_ratio_pct":12.087,"economic_asset_count":7,"criticality_territory":"guadeloupe","criticality_family":"eu","criticality_scenario":"rp100","criticality_period_years":"100","criticality_hazard":"storm_cmcc"},"geometry":{"type":"Polygon","coordinates":[[[-61.25972777106291,16.256201710727645],[-61.258671053042626,16.25618986181379],[-61.257460138097116,16.256565445848448],[-61.25746013924465,16.257249453866077],[-61.258252176606774,16.25741238678917],[-61.25701907792107,16.25783545780048],[-61.25579074948313,16.257598305794406],[-61.25509579567229,16.256591604792895],[-61.25507092658798,16.256416120902408],[-61.255971986569456,16.256416120744216],[-61.25617410238813,16.25560686144624],[-61.25717465389418,16.255585718814217],[-61.25847198827639,16.255117362901824],[-61.25870435477605,16.254763071590187],[-61.2594910683062,16.254749453329104],[-61.26136958923316,16.25407125027865],[-61.26184583079813,16.254160204005846],[-61.26204918161515,16.25462741240295],[-61.26175673786798,16.255041515351085],[-61.25996013709841,16.25572539496051],[-61.25972777106291,16.256201710727645]]]}},{"type":"Feature","properties":{"feature_id":"EU_SAINTFRANCOIS_CAYENNESF__P3","layer_key":"eau_eu","layer_label":"Eau EU","economic_unit_id":"EU_SAINTFRANCOIS_CAYENNESF__P3","economic_state":"S2","economic_exposure_eur":442269.0,"economic_damage_eur":53459.0,"economic_damage_ratio_pct":12.087,"economic_asset_count":9,"criticality_territory":"guadeloupe","criticality_family":"eu","criticality_scenario":"rp100","criticality_period_years":"100","criticality_hazard":"storm_cmcc"},"geometry":{"type":"Polygon","coordinates":[[[-61.27662681962697,16.263715332205482],[-61.276601898190194,16.265186757011115],[-61.27579348892802,16.265381998689723],[-61.27562041094902,16.266177986126074],[-61.274080201682,16.266215331707134],[-61.27334426968843,16.265531265185007],[-61.27312627798982,16.264556947187078],[-61.27350657072278,16.26314721669575],[-61.27454627691468,16.262025083340898],[-61.275613774609525,16.261774464958496],[-61.276585783246524,16.262004264320765],[-61.27726706216767,16.262644399390688],[-61.27745386126844,16.263460759641884],[-61.27662681962697,16.263715332205482]]]}},{"type":"Feature","properties":{"feature_id":"EU_SAINTFRANCOIS_MINIBRAGE","layer_key":"eau_eu","layer_label":"Eau EU","economic_unit_id":"EU_SAINTFRANCOIS_MINIBRAGE","economic_state":"S2","economic_exposure_eur":329627.0,"economic_damage_eur":39843.0,"economic_damage_ratio_pct":12.087,"economic_asset_count":3,"criticality_territory":"guadeloupe","criticality_family":"eu","criticality_scenario":"rp100","criticality_period_years":"100","criticality_hazard":"storm_cmcc"},"geometry":{"type":"Polygon","coordinates":[[[-61.306670452437736,16.269511204804882],[-61.3052576750565,16.268894103609984],[-61.30500154495852,16.268236207437845],[-61.30580991064763,16.26772085540185],[-61.30680187197693,16.267868328378714],[-61.30750592243556,16.26862233266301],[-61.30722415080042,16.269257068770575],[-61.306670452437736,16.269511204804882]]]}},{"type":"Feature","properties":{"feature_id":"EU_SAINTFRANCOIS_MINIDUBED","layer_key":"eau_eu","layer_label":"Eau EU","economic_unit_id":"EU_SAINTFRANCOIS_MINIDUBED","economic_state":"S2","economic_exposure_eur":331729.0,"economic_damage_eur":40097.0,"economic_damage_ratio_pct":12.087,"economic_asset_count":5,"criticality_territory":"guadeloupe","criticality_family":"eu","criticality_scenario":"rp100","criticality_period_years":"100","criticality_hazard":"storm_cmcc"},"geometry":{"type":"Polygon","coordinates":[[[-61.2867013991046,16.296821405579713],[-61.28709197669818,16.296476654507142],[-61.288048995128584,16.29669648017852],[-61.2883434281132,16.29706890457609],[-61.287543657794735,16.299115414429597],[-61.28717349273304,16.299379549299562],[-61.28658445253054,16.29917155164261],[-61.28628701069163,16.298306329630428],[-61.286832097908345,16.297316591841167],[-61.2867013991046,16.296821405579713]]]}},{"type":"Feature","properties":{"feature_id":"EU_SAINTFRANCOIS_MINIKARUK__P1","layer_key":"eau_eu","layer_label":"Eau EU","economic_unit_id":"EU_SAINTFRANCOIS_MINIKARUK__P1","economic_state":"S2","economic_exposure_eur":1003889.0,"economic_damage_eur":121344.0,"economic_damage_ratio_pct":12.087,"economic_asset_count":15,"criticality_territory":"guadeloupe","criticality_family":"eu","criticality_scenario":"rp100","criticality_period_years":"100","criticality_hazard":"storm_cmcc"},"geometry":{"type":"MultiPolygon","coordinates":[[[[-61.2107934623359,16.255555995868505],[-61.21079343700694,16.256732926580085],[-61.21038265089183,16.25674960819182],[-61.20859104774211,16.25584583286202],[-61.20763866370636,16.2549707656907],[-61.207638665812276,16.253715321692066],[-61.207264822594226,16.253641565445914],[-61.207881951816105,16.251981487436094],[-61.208407615384125,16.25141612815397],[-61.20998603200898,16.251272371436723],[-61.211306794392456,16.251567797368935],[-61.21162521424321,16.252534724962484],[-61.2116252171022,16.254263390336924],[-61.21092123875915,16.254548655539097],[-61.21103071039957,16.255248586150937],[-61.2107934623359,16.255555995868505]]],[[[-61.211811624544424,16.252504024293252],[-61.212667289895585,16.252249460795035],[-61.21218135451993,16.25358787397565],[-61.21214754181742,16.255357550600387],[-61.2118605046772,16.2560747643656],[-61.211811624544424,16.252504024293252]]]]}},{"type":"Feature","properties":{"feature_id":"EU_SAINTFRANCOIS_MINIKARUK__P2","layer_key":"eau_eu","layer_label":"Eau EU","economic_unit_id":"EU_SAINTFRANCOIS_MINIKARUK__P2","economic_state":"S0","economic_exposure_eur":184144.0,"economic_damage_eur":3651.0,"economic_damage_ratio_pct":1.983,"economic_asset_count":3,"criticality_territory":"guadeloupe","criticality_family":"eu","criticality_scenario":"rp100","criticality_period_years":"100","criticality_hazard":"storm_cmcc"},"geometry":{"type":"Polygon","coordinates":[[[-61.21065561050127,16.255919052891606],[-61.21007398672347,16.25627947988651],[-61.20885481249496,16.255924294357477],[-61.20839233042167,16.254929283936676],[-61.20900389372134,16.254548512217745],[-61.2096373167713,16.255138218967023],[-61.210293263895686,16.25530956551401],[-61.21065561050127,16.255919052891606]]]}},{"type":"Feature","properties":{"feature_id":"EU_SAINTFRANCOIS_MINIPOMBI","layer_key":"eau_eu","layer_label":"Eau EU","economic_unit_id":"EU_SAINTFRANCOIS_MINIPOMBI","economic_state":"S2","economic_exposure_eur":514734.0,"economic_damage_eur":62218.0,"economic_damage_ratio_pct":12.087,"economic_asset_count":5,"criticality_territory":"guadeloupe","criticality_family":"eu","criticality_scenario":"rp100","criticality_period_years":"100","criticality_hazard":"storm_cmcc"},"geometry":{"type":"Polygon","coordinates":[[[-61.30523450524412,16.288622699438026],[-61.3051385930092,16.28788200244113],[-61.30246019710326,16.287911744519374],[-61.30231466130742,16.288662032332844],[-61.30120433525946,16.288701715802475],[-61.300973502903695,16.288430058010096],[-61.30097192839741,16.28704866850323],[-61.300200175476704,16.286916429154495],[-61.30111767364715,16.285690207042695],[-61.301970060337766,16.285284362598237],[-61.30625033052909,16.285880475551753],[-61.30712270593264,16.286532238712095],[-61.30736896381556,16.287570578256965],[-61.30684033881933,16.28855734680982],[-61.30597192443416,16.28894901868517],[-61.30597192482431,16.288715335873505],[-61.30523450524412,16.288622699438026]]]}},{"type":"Feature","properties":{"feature_id":"EU_SAINTFRANCOIS_MINIRENNE","layer_key":"eau_eu","layer_label":"Eau EU","economic_unit_id":"EU_SAINTFRANCOIS_MINIRENNE","economic_state":"S2","economic_exposure_eur":179037.0,"economic_damage_eur":21641.0,"economic_damage_ratio_pct":12.087,"economic_asset_count":4,"criticality_territory":"guadeloupe","criticality_family":"eu","criticality_scenario":"rp100","criticality_period_years":"100","criticality_hazard":"storm_cmcc"},"geometry":{"type":"Polygon","coordinates":[[[-61.30589220715243,16.285425641002735],[-61.30572789551241,16.2859114009461],[-61.30453924165436,16.286518270445868],[-61.30402789245331,16.286386997760886],[-61.30389374048247,16.285936692455085],[-61.304334875828225,16.285098225215744],[-61.30547679996271,16.285046166585598],[-61.30589220715243,16.285425641002735]]]}},{"type":"Feature","properties":{"feature_id":"EU_TERREDEHAUT_ANSEFIGUI","layer_key":"eau_eu","layer_label":"Eau EU","economic_unit_id":"EU_TERREDEHAUT_ANSEFIGUI","economic_state":"S2","economic_exposure_eur":7720118.0,"economic_damage_eur":933157.0,"economic_damage_ratio_pct":12.087,"economic_asset_count":115,"criticality_territory":"guadeloupe","criticality_family":"eu","criticality_scenario":"rp100","criticality_period_years":"100","criticality_hazard":"storm_cmcc"},"geometry":{"type":"MultiPolygon","coordinates":[[[[-61.583732541765734,15.867048721274793],[-61.58339731473822,15.870295833265157],[-61.58394312202887,15.872452353725496],[-61.58372300822614,15.873082731443747],[-61.58494548469832,15.8733072338214],[-61.5848143068591,15.875328743155155],[-61.583645325350844,15.875344702322575],[-61.583292893121346,15.874548721241073],[-61.58323781294548,15.875241468225472],[-61.582459561026134,15.875382054441566],[-61.5822578021419,15.876191308101701],[-61.578767358117055,15.876213863631484],[-61.57847256109515,15.875382053933784],[-61.57769430914805,15.875241467776242],[-61.577639229603506,15.87429512443356],[-61.5770362021083,15.87380005870641],[-61.57355520247273,15.873715386642534],[-61.57331924106506,15.872008603672253],[-61.57384403115647,15.870586065086375],[-61.574126220231115,15.87141606620918],[-61.575139234611775,15.871416066079624],[-61.575284487626334,15.869802709429527],[-61.57763923712967,15.869645203977207],[-61.57763923997038,15.867882054069371],[-61.57680590722593,15.867565260006346],[-61.577325971004306,15.867506649714452],[-61.57838299406336,15.86629636709834],[-61.57863153575256,15.864752821590649],[-61.57995015206968,15.863365479348225],[-61.580098155980615,15.86151511107716],[-61.58099189819812,15.860068937277854],[-61.5816262021063,15.859577103627938],[-61.5816262037257,15.860582731655684],[-61.582639251057735,15.860582731526788],[-61.58278449600285,15.859802708439526],[-61.583831426312564,15.859750920787231],[-61.58412620404411,15.860582731337782],[-61.585139250719514,15.860582731209119],[-61.585151919163025,15.859146000595018],[-61.58554845737668,15.859386799703316],[-61.58558533614057,15.85891606425972],[-61.58636315049755,15.858922142017205],[-61.58661992536246,15.860960771946118],[-61.58579287217826,15.86136077571506],[-61.58680591598069,15.861316519430055],[-61.5869254013384,15.860654533648779],[-61.58771097992618,15.86058273084125],[-61.58791548549008,15.859166670369065],[-61.58842022894591,15.858691285101857],[-61.58916264998469,15.858881760238283],[-61.589959538118165,15.860582730598182],[-61.59064762675688,15.860636040937216],[-61.590792872899954,15.861416063846363],[-61.591601329412036,15.861611338398736],[-61.59137926422808,15.863715389038795],[-61.590792876605704,15.863715389208062],[-61.59064763088809,15.864495410734687],[-61.58995954451004,15.864548722409104],[-61.58972759825455,15.865368434111089],[-61.588617823264556,15.865328743808794],[-61.58847257712254,15.864604625302647],[-61.58692024311671,15.86484021259778],[-61.58424596498187,15.866157481977364],[-61.583732541765734,15.867048721274793]]],[[[-61.574814300940446,15.869495408923031],[-61.574490050301314,15.869548720125103],[-61.57495954926322,15.868683483307485],[-61.574814300940446,15.869495408923031]]]]}},{"type":"Feature","properties":{"feature_id":"EU_TROISRIVIERES_CHEMINNEU","layer_key":"eau_eu","layer_label":"Eau EU","economic_unit_id":"EU_TROISRIVIERES_CHEMINNEU","economic_state":"S2","economic_exposure_eur":430878.0,"economic_damage_eur":52082.0,"economic_damage_ratio_pct":12.087,"economic_asset_count":20,"criticality_territory":"guadeloupe","criticality_family":"eu","criticality_scenario":"rp100","criticality_period_years":"100","criticality_hazard":"storm_cmcc"},"geometry":{"type":"Polygon","coordinates":[[[-61.62245973606027,15.980382056055092],[-61.62245973638642,15.980582729465352],[-61.62347449532693,15.980582729339226],[-61.623508865551344,15.981270503517662],[-61.62327711455295,15.982048722761254],[-61.62245973876914,15.982048722667615],[-61.62237872432144,15.982773646917297],[-61.61995973981435,15.982882055664954],[-61.61995974015108,15.98308938954679],[-61.619129638163116,15.982393790466382],[-61.618851834609785,15.981557407174414],[-61.61903802948561,15.980707563814782],[-61.62013905184587,15.980582729752108],[-61.620139053403214,15.9796256911725],[-61.62094817637331,15.979083549143583],[-61.62180572111617,15.978846648424685],[-61.62255731256043,15.97900262565162],[-61.62325590206742,15.979623979594207],[-61.623286785678744,15.980127438367393],[-61.62245973606027,15.980382056055092]]]}},{"type":"Feature","properties":{"feature_id":"EU_TROISRIVIERES_ROBIN","layer_key":"eau_eu","layer_label":"Eau EU","economic_unit_id":"EU_TROISRIVIERES_ROBIN","economic_state":"S2","economic_exposure_eur":13998122.0,"economic_damage_eur":1692001.0,"economic_damage_ratio_pct":12.087,"economic_asset_count":330,"criticality_territory":"guadeloupe","criticality_family":"eu","criticality_scenario":"rp100","criticality_period_years":"100","criticality_hazard":"storm_cmcc"},"geometry":{"type":"MultiPolygon","coordinates":[[[[-61.63490462292714,15.977741469774909],[-61.63369105961011,15.97788205731498],[-61.634029116966715,15.97567406126176],[-61.63412639771821,15.976416061262162],[-61.63472765091619,15.976429681762195],[-61.63490462292714,15.977741469774909]]],[[[-61.6347578659646,15.97535797782048],[-61.63416906903718,15.975382057670624],[-61.63495972771567,15.974313007838683],[-61.6347578659646,15.97535797782048]]],[[[-61.6488432250969,15.967677604254042],[-61.650142446255735,15.967774652219331],[-61.650446794281514,15.967086142346313],[-61.65237732770726,15.967041393816164],[-61.65375604512211,15.9663143568869],[-61.65597240746537,15.96398725325061],[-61.65606818065884,15.963175376468294],[-61.656805742163826,15.96308272484807],[-61.65687996640742,15.961531711497372],[-61.65847241132168,15.961416057939942],[-61.658735603474355,15.960588802341027],[-61.66004923984677,15.960447585935894],[-61.66513907329225,15.96378466118193],[-61.665402269161746,15.963088801616747],[-61.66847240733801,15.963082723449439],[-61.66862887643378,15.961462905885092],[-61.66974765739457,15.963820644545729],[-61.66977655924905,15.96451609306976],[-61.66829304924454,15.964548728801287],[-61.668254441009644,15.966048178483367],[-61.66745971851745,15.96621539531426],[-61.66821882845364,15.966531710660457],[-61.668293053629114,15.967249390239854],[-61.66912010432434,15.967504011301429],[-61.66935260417383,15.968916056796393],[-61.668311010476664,15.9703513743993],[-61.66697858022322,15.971178041929809],[-61.666805729032475,15.970382061767287],[-61.66606817111171,15.970289408391036],[-61.66597239715877,15.969548728361442],[-61.66525861578659,15.969476922704997],[-61.66495972227776,15.968715394934078],[-61.66492111329322,15.970214844889474],[-61.664126391551214,15.970382061446788],[-61.66407128350758,15.971074805201608],[-61.66356914427441,15.971215394624206],[-61.66263906232717,15.970727331938827],[-61.66263906425135,15.969548727962358],[-61.66162638989818,15.969548727840918],[-61.66162639371332,15.971904067910716],[-61.66117428622308,15.973059024126167],[-61.66004546119908,15.974352044759689],[-61.658420401682115,15.975147816539826],[-61.65508394847309,15.97524180650999],[-61.65430572316246,15.97497018117384],[-61.65430572386609,15.974548726797753],[-61.65359194493349,15.97447692149082],[-61.6532930623291,15.973715393369321],[-61.65317170107962,15.975837067427385],[-61.6515025176828,15.977542607353385],[-61.649358425859404,15.978525694544315],[-61.64937627275501,15.980382059304786],[-61.646626405687385,15.980382059012575],[-61.649376813928555,15.980582726133207],[-61.64874646062752,15.982641582822373],[-61.64745974318519,15.98288205903233],[-61.64731440853052,15.983662079942084],[-61.64453779864424,15.983701770251303],[-61.644126409447004,15.98288205862777],[-61.644071298401,15.983574803613124],[-61.643293077366906,15.983715391832721],[-61.64296606116934,15.984548724714092],[-61.64192526893074,15.984476920136911],[-61.641805710585594,15.983715391651769],[-61.6407930770624,15.98371539152846],[-61.64046606117931,15.984548724409764],[-61.63753685922496,15.98449026758928],[-61.63570187963581,15.983718034977391],[-61.63431539822969,15.982091904438734],[-61.63431199963699,15.980837345565348],[-61.63680571632784,15.980582727703405],[-61.636805719362485,15.978715391204545],[-61.63611771777164,15.97866207892561],[-61.635972387491925,15.977882057796442],[-61.635163946318684,15.97768678018125],[-61.635145342160214,15.975004012203094],[-61.635972392581685,15.974749394328756],[-61.63611772268818,15.973969371811632],[-61.63680572716015,15.973916060873139],[-61.636892369541975,15.973185128101392],[-61.63908859248898,15.973038337339668],[-61.63784167683329,15.970606546009295],[-61.63847239902399,15.970582727254499],[-61.63854662446447,15.969865046358034],[-61.639305733602235,15.969749393799043],[-61.639360842978164,15.969056647229602],[-61.64013906818048,15.968916060343675],[-61.64019417734601,15.968223313829954],[-61.6409724027587,15.968082726888351],[-61.641204474216785,15.967263014131255],[-61.643887180685994,15.966843047935651],[-61.64474042807482,15.96721831069697],[-61.648098205589086,15.967140557707163],[-61.6488432250969,15.967677604254042]],[[-61.63829306354074,15.975582727399068],[-61.638472390902166,15.975582727377178],[-61.638472391228184,15.975382058183037],[-61.63829306354074,15.975582727399068]],[[-61.639959723316565,15.971215391833168],[-61.639959726349595,15.973082727134427],[-61.6406477312415,15.973136037980296],[-61.640793061138254,15.973916060386657],[-61.641130165125055,15.973916060221967],[-61.64146627318778,15.973593395321283],[-61.6406202058059,15.971178039140154],[-61.639959723316565,15.971215391833168]],[[-61.649126400899895,15.97724939278972],[-61.64930572012298,15.977249392768016],[-61.649305721803,15.976215392806042],[-61.649126400899895,15.97724939278972]],[[-61.651626394433336,15.973082725718331],[-61.651805726569535,15.97308272569666],[-61.65180572771261,15.97237390545085],[-61.651626394433336,15.973082725718331]]]]}},{"type":"Feature","properties":{"feature_id":"EU_VIEUXFORT_MINIENC1","layer_key":"eau_eu","layer_label":"Eau EU","economic_unit_id":"EU_VIEUXFORT_MINIENC1","economic_state":"S2","economic_exposure_eur":178517.0,"economic_damage_eur":21578.0,"economic_damage_ratio_pct":12.087,"economic_asset_count":6,"criticality_territory":"guadeloupe","criticality_family":"eu","criticality_scenario":"rp100","criticality_period_years":"100","criticality_hazard":"storm_cmcc"},"geometry":{"type":"Polygon","coordinates":[[[-61.70090780629538,15.947223239346474],[-61.69979606431266,15.947670226167999],[-61.69970600350499,15.948449729978437],[-61.699281900478155,15.948754506602327],[-61.69886811650955,15.948611591800047],[-61.698725874295874,15.948151361063546],[-61.69770826077048,15.947270011952257],[-61.6978867808776,15.947027010117548],[-61.698810405137245,15.94707855976499],[-61.69929583808577,15.946378766349454],[-61.700790576892075,15.94688090705441],[-61.70090780629538,15.947223239346474]]]}},{"type":"Feature","properties":{"feature_id":"EU_VIEUXFORT_MINIENC2","layer_key":"eau_eu","layer_label":"Eau EU","economic_unit_id":"EU_VIEUXFORT_MINIENC2","economic_state":"S2","economic_exposure_eur":151986.0,"economic_damage_eur":18371.0,"economic_damage_ratio_pct":12.087,"economic_asset_count":5,"criticality_territory":"guadeloupe","criticality_family":"eu","criticality_scenario":"rp100","criticality_period_years":"100","criticality_hazard":"storm_cmcc"},"geometry":{"type":"Polygon","coordinates":[[[-61.70122265844067,15.947168493920078],[-61.70093681057777,15.947546865525908],[-61.69987436512782,15.947752009314645],[-61.69942915924785,15.94747684529489],[-61.69974800974001,15.946437185113497],[-61.701056296422095,15.94672833118728],[-61.70122265844067,15.947168493920078]]]}},{"type":"Feature","properties":{"feature_id":"EU_VIEUXHABITANTS_BOUCHU","layer_key":"eau_eu","layer_label":"Eau EU","economic_unit_id":"EU_VIEUXHABITANTS_BOUCHU","economic_state":"S2","economic_exposure_eur":18908555.0,"economic_damage_eur":2285543.0,"economic_damage_ratio_pct":12.087,"economic_asset_count":417,"criticality_territory":"guadeloupe","criticality_family":"eu","criticality_scenario":"rp100","criticality_period_years":"100","criticality_hazard":"storm_cmcc"},"geometry":{"type":"MultiPolygon","coordinates":[[[[-61.76829321702401,16.06050829655473],[-61.76643604890303,16.0634837524673],[-61.764743293917796,16.06441856653859],[-61.7655254841891,16.065039687429607],[-61.76433621592042,16.067063333225427],[-61.764360810466705,16.06974938169321],[-61.76562028735063,16.06978673444536],[-61.7657932332181,16.07058271491909],[-61.76662028045366,16.070837342615867],[-61.76650695244551,16.072810262363216],[-61.76531182953391,16.072844715591437],[-61.7649599021907,16.07204873640531],[-61.764959906847324,16.074901427560956],[-61.76637076747693,16.078082714781644],[-61.767286960526654,16.078120067794746],[-61.76745991370199,16.07891604827546],[-61.7682791588333,16.079140561726543],[-61.76797768226257,16.083429598802482],[-61.76912030636702,16.086794107326345],[-61.76745992837959,16.087882069495272],[-61.76728696947382,16.088678048664942],[-61.76495992946864,16.088715402525104],[-61.76488565890346,16.089433077782825],[-61.764126597408044,16.089548735738912],[-61.76407145461695,16.090241475886806],[-61.76329326599432,16.090786427494127],[-61.76102939669117,16.088134552082927],[-61.76097219385052,16.087048735471505],[-61.76053651173516,16.08704873516154],[-61.7606538811156,16.084132597959048],[-61.75966832960678,16.083167263735795],[-61.75764028291634,16.082537884011984],[-61.759305535239264,16.082249382594494],[-61.759450949881206,16.08146936197868],[-61.76097220340036,16.081215402329587],[-61.76023470169023,16.08112274670782],[-61.760138871529946,16.080382068931115],[-61.75940136939233,16.080289413329385],[-61.75930553965952,16.079548735532587],[-61.75859182791833,16.079476928150097],[-61.758293245693544,16.07871540211409],[-61.75819741628211,16.07945607995565],[-61.75745991363147,16.079548735327407],[-61.757453630407966,16.08179410712295],[-61.75694080027165,16.082048735088254],[-61.75548386158725,16.079756251958496],[-61.75551781286696,16.07641604924506],[-61.75680554677516,16.075382068724583],[-61.75552846124539,16.075382068307718],[-61.75591514782526,16.073780223334687],[-61.753987035855246,16.07147610867888],[-61.75348611798302,16.068871343528816],[-61.753650580131975,16.068082716056665],[-61.75680555871458,16.06808271585392],[-61.75692517456811,16.06732118839744],[-61.757935821871705,16.06724938204395],[-61.758034293237145,16.066215402230284],[-61.757459891820616,16.066215402431297],[-61.75722769861545,16.06703511351971],[-61.7560108586424,16.06688151476112],[-61.755972233107514,16.063399058500824],[-61.758229231497,16.061416048827038],[-61.7580920716831,16.06038206918091],[-61.75745988228483,16.06038206928917],[-61.75725792466838,16.061191321758443],[-61.756267325809254,16.06121387873472],[-61.75597223806971,16.060382069123534],[-61.75516380823131,16.06018678431624],[-61.755311841620184,16.05895340190355],[-61.75763890693368,16.058916048866973],[-61.75763891134666,16.056215402778953],[-61.75690139755016,16.056122747055575],[-61.75680557947411,16.055382069380173],[-61.75495987383646,16.055382069174527],[-61.75575457852104,16.055749935060895],[-61.75573807518084,16.05690814270735],[-61.753858018203665,16.05704873538305],[-61.754551953859014,16.052877888684783],[-61.754945175261426,16.052249382328313],[-61.75569738427554,16.05234203637868],[-61.75579320350616,16.053082715594424],[-61.756174201966644,16.05227346181989],[-61.75763891782578,16.05224938203491],[-61.75790223884875,16.0505887932524],[-61.7590714001448,16.050723307063834],[-61.759126535848495,16.05224938186948],[-61.76136321517947,16.05225545958002],[-61.76162653677629,16.052658666371233],[-61.761844213604085,16.05158326809343],[-61.762638918592714,16.05141604812568],[-61.7627843109962,16.05063602772319],[-61.76478693920973,16.05062006745005],[-61.76886920843842,16.055485278874247],[-61.76969340659998,16.05928448925505],[-61.76829321702401,16.06050829655473]],[[-61.75745990168854,16.072249382551224],[-61.75763888513408,16.072249382531307],[-61.757638885462285,16.072048735593295],[-61.75745990168854,16.072249382551224]]],[[[-61.75412074864188,16.06704873536277],[-61.75556102979699,16.064763003646718],[-61.75577913699966,16.06599088796124],[-61.75495989154266,16.066215402152856],[-61.7549458048816,16.066824221257324],[-61.75412074864188,16.06704873536277]]],[[[-61.754578096524035,16.062882068598768],[-61.754337990913655,16.060582715926728],[-61.75494579539707,16.060807228742387],[-61.754578096524035,16.062882068598768]]],[[[-61.76031184716069,16.050344715764755],[-61.76017755071361,16.04908326815679],[-61.760972256206834,16.048916048248493],[-61.76136660202079,16.048082714584424],[-61.76228693716016,16.048120067640777],[-61.76244577961377,16.05015755503879],[-61.76031184716069,16.050344715764755]]],[[[-61.765972186105614,16.091416048750563],[-61.76620441098226,16.090596336464255],[-61.7697290560624,16.0905968020185],[-61.767712950803784,16.09173471423068],[-61.76513885232215,16.091732391719997],[-61.765972186105614,16.091416048750563]]]]}},{"type":"Feature","properties":{"feature_id":"hydraulic-native:eu-line-46","layer_key":"eau_eu","layer_label":"Eau EU","economic_unit_id":"hydraulic-native:eu-line-46","economic_state":"S0","economic_exposure_eur":78131.0,"economic_damage_eur":1551.0,"economic_damage_ratio_pct":1.985,"economic_asset_count":1,"criticality_territory":"guadeloupe","criticality_family":"eu","criticality_scenario":"rp100","criticality_period_years":"100","criticality_hazard":"storm_cmcc"},"geometry":{"type":"LineString","coordinates":[[-61.56910101666666,16.247431470333332],[-61.56986456316667,16.24744528533333]]}},{"type":"Feature","properties":{"feature_id":"hydraulic-native:eu-line-160","layer_key":"eau_eu","layer_label":"Eau EU","economic_unit_id":"hydraulic-native:eu-line-160","economic_state":"S0","economic_exposure_eur":236743.0,"economic_damage_eur":4699.0,"economic_damage_ratio_pct":1.985,"economic_asset_count":1,"criticality_territory":"guadeloupe","criticality_family":"eu","criticality_scenario":"rp100","criticality_period_years":"100","criticality_hazard":"storm_cmcc"},"geometry":{"type":"LineString","coordinates":[[-61.570068447666664,16.243964781],[-61.56988454335858,16.24387417440077],[-61.56969518986868,16.24389319660324],[-61.5695788823842,16.24400442762963],[-61.56947206323284,16.244221537996054],[-61.56942551025427,16.24484538851096],[-61.569442680175605,16.245378332079284],[-61.56974205888192,16.245426399279964]]}},{"type":"Feature","properties":{"feature_id":"hydraulic-native:eu-line-161","layer_key":"eau_eu","layer_label":"Eau EU","economic_unit_id":"hydraulic-native:eu-line-161","economic_state":"S0","economic_exposure_eur":405577.0,"economic_damage_eur":8010.0,"economic_damage_ratio_pct":1.975,"economic_asset_count":1,"criticality_territory":"guadeloupe","criticality_family":"eu","criticality_scenario":"rp100","criticality_period_years":"100","criticality_hazard":"storm_cmcc"},"geometry":{"type":"LineString","coordinates":[[-61.624039875658944,15.858457128145783],[-61.62364213490296,15.858198016959413],[-61.623353814008325,15.85773626342517],[-61.62317980726289,15.857605012602647],[-61.623023179531245,15.857535739163504],[-61.62218985404979,15.85730170977603],[-61.62143864454137,15.85683677763264],[-61.62085927266924,15.856636791315138],[-61.6207146651402,15.856617094242443]]}},{"type":"Feature","properties":{"feature_id":"hydraulic-native:eu-line-172","layer_key":"eau_eu","layer_label":"Eau EU","economic_unit_id":"hydraulic-native:eu-line-172","economic_state":"S0","economic_exposure_eur":27758.0,"economic_damage_eur":551.0,"economic_damage_ratio_pct":1.983,"economic_asset_count":1,"criticality_territory":"guadeloupe","criticality_family":"eu","criticality_scenario":"rp100","criticality_period_years":"100","criticality_hazard":"storm_cmcc"},"geometry":{"type":"LineString","coordinates":[[-61.58102583,16.14063657],[-61.58075960184697,16.14068640440396]]}},{"type":"Feature","properties":{"feature_id":"hydraulic-native:eu-line-190","layer_key":"eau_eu","layer_label":"Eau EU","economic_unit_id":"hydraulic-native:eu-line-190","economic_state":"S0","economic_exposure_eur":39102.0,"economic_damage_eur":777.0,"economic_damage_ratio_pct":1.987,"economic_asset_count":1,"criticality_territory":"guadeloupe","criticality_family":"eu","criticality_scenario":"rp100","criticality_period_years":"100","criticality_hazard":"storm_cmcc"},"geometry":{"type":"LineString","coordinates":[[-61.688369701290455,16.328061734653186],[-61.688106783405324,16.328329819573838]]}},{"type":"Feature","properties":{"feature_id":"hydraulic-native:eu-line-228","layer_key":"eau_eu","layer_label":"Eau EU","economic_unit_id":"hydraulic-native:eu-line-228","economic_state":"S0","economic_exposure_eur":7802.0,"economic_damage_eur":155.0,"economic_damage_ratio_pct":1.988,"economic_asset_count":1,"criticality_territory":"guadeloupe","criticality_family":"eu","criticality_scenario":"rp100","criticality_period_years":"100","criticality_hazard":"storm_cmcc"},"geometry":{"type":"LineString","coordinates":[[-61.688177876686574,16.325242632645594],[-61.6881239721418,16.325294770789576]]}},{"type":"Feature","properties":{"feature_id":"hydraulic-native:eu-line-368","layer_key":"eau_eu","layer_label":"Eau EU","economic_unit_id":"hydraulic-native:eu-line-368","economic_state":"S0","economic_exposure_eur":42817.0,"economic_damage_eur":850.0,"economic_damage_ratio_pct":1.984,"economic_asset_count":1,"criticality_territory":"guadeloupe","criticality_family":"eu","criticality_scenario":"rp100","criticality_period_years":"100","criticality_hazard":"storm_cmcc"},"geometry":{"type":"LineString","coordinates":[[-61.32367395716667,16.326690563499998],[-61.32366322267563,16.327094675778795]]}},{"type":"Feature","properties":{"feature_id":"hydraulic-native:eu-line-1077","layer_key":"eau_eu","layer_label":"Eau EU","economic_unit_id":"hydraulic-native:eu-line-1077","economic_state":"S0","economic_exposure_eur":61763.0,"economic_damage_eur":1224.0,"economic_damage_ratio_pct":1.981,"economic_asset_count":1,"criticality_territory":"guadeloupe","criticality_family":"eu","criticality_scenario":"rp100","criticality_period_years":"100","criticality_hazard":"storm_cmcc"},"geometry":{"type":"LineString","coordinates":[[-61.56165010666668,16.095857456666668],[-61.561279464216874,16.095931755869543],[-61.56130147000001,16.09614795166667]]}},{"type":"Feature","properties":{"feature_id":"hydraulic-native:eu-line-1137","layer_key":"eau_eu","layer_label":"Eau EU","economic_unit_id":"hydraulic-native:eu-line-1137","economic_state":"S0","economic_exposure_eur":84305.0,"economic_damage_eur":1670.0,"economic_damage_ratio_pct":1.98,"economic_asset_count":1,"criticality_territory":"guadeloupe","criticality_family":"eu","criticality_scenario":"rp100","criticality_period_years":"100","criticality_hazard":"storm_cmcc"},"geometry":{"type":"LineString","coordinates":[[-61.56170157,16.097269038333334],[-61.561729059040616,16.097683034577113],[-61.56133852333334,16.09773554666666]]}},{"type":"Feature","properties":{"feature_id":"hydraulic-native:eu-line-1171","layer_key":"eau_eu","layer_label":"Eau EU","economic_unit_id":"hydraulic-native:eu-line-1171","economic_state":"S0","economic_exposure_eur":46802.0,"economic_damage_eur":929.0,"economic_damage_ratio_pct":1.985,"economic_asset_count":1,"criticality_territory":"guadeloupe","criticality_family":"eu","criticality_scenario":"rp100","criticality_period_years":"100","criticality_hazard":"storm_cmcc"},"geometry":{"type":"LineString","coordinates":[[-61.67236993198099,16.27408004600086],[-61.67219504337633,16.27367166686663]]}},{"type":"Feature","properties":{"feature_id":"hydraulic-native:eu-line-1300","layer_key":"eau_eu","layer_label":"Eau EU","economic_unit_id":"hydraulic-native:eu-line-1300","economic_state":"S0","economic_exposure_eur":45787.0,"economic_damage_eur":907.0,"economic_damage_ratio_pct":1.981,"economic_asset_count":1,"criticality_territory":"guadeloupe","criticality_family":"eu","criticality_scenario":"rp100","criticality_period_years":"100","criticality_hazard":"storm_cmcc"},"geometry":{"type":"LineString","coordinates":[[-61.56283930833333,16.096018618333332],[-61.56285764587288,16.096160141382747],[-61.56281420194703,16.09637500628123],[-61.56276063333333,16.096423254999998]]}},{"type":"Feature","properties":{"feature_id":"hydraulic-native:eu-line-1316","layer_key":"eau_eu","layer_label":"Eau EU","economic_unit_id":"hydraulic-native:eu-line-1316","economic_state":"S0","economic_exposure_eur":72366.0,"economic_damage_eur":1436.0,"economic_damage_ratio_pct":1.985,"economic_asset_count":1,"criticality_territory":"guadeloupe","criticality_family":"eu","criticality_scenario":"rp100","criticality_period_years":"100","criticality_hazard":"storm_cmcc"},"geometry":{"type":"LineString","coordinates":[[-61.57077575966667,16.243966743833333],[-61.570068447666664,16.243964781]]}},{"type":"Feature","properties":{"feature_id":"hydraulic-native:eu-line-1360","layer_key":"eau_eu","layer_label":"Eau EU","economic_unit_id":"hydraulic-native:eu-line-1360","economic_state":"S0","economic_exposure_eur":33461.0,"economic_damage_eur":665.0,"economic_damage_ratio_pct":1.987,"economic_asset_count":1,"criticality_territory":"guadeloupe","criticality_family":"eu","criticality_scenario":"rp100","criticality_period_years":"100","criticality_hazard":"storm_cmcc"},"geometry":{"type":"LineString","coordinates":[[-61.6881239721418,16.325294770789576],[-61.68789748204181,16.325522794477774]]}},{"type":"Feature","properties":{"feature_id":"hydraulic-native:eu-line-1509","layer_key":"eau_eu","layer_label":"Eau EU","economic_unit_id":"hydraulic-native:eu-line-1509","economic_state":"S0","economic_exposure_eur":50420.0,"economic_damage_eur":1001.0,"economic_damage_ratio_pct":1.985,"economic_asset_count":1,"criticality_territory":"guadeloupe","criticality_family":"eu","criticality_scenario":"rp100","criticality_period_years":"100","criticality_hazard":"storm_cmcc"},"geometry":{"type":"LineString","coordinates":[[-61.671731630377536,16.27383387803935],[-61.67219504337633,16.27367166686663]]}},{"type":"Feature","properties":{"feature_id":"hydraulic-native:eu-line-1901","layer_key":"eau_eu","layer_label":"Eau EU","economic_unit_id":"hydraulic-native:eu-line-1901","economic_state":"S0","economic_exposure_eur":31807.0,"economic_damage_eur":630.0,"economic_damage_ratio_pct":1.981,"economic_asset_count":1,"criticality_territory":"guadeloupe","criticality_family":"eu","criticality_scenario":"rp100","criticality_period_years":"100","criticality_hazard":"storm_cmcc"},"geometry":{"type":"LineString","coordinates":[[-61.56130147000001,16.09614795166667],[-61.56133951000001,16.096446028333336]]}},{"type":"Feature","properties":{"feature_id":"hydraulic-native:eu-line-2096","layer_key":"eau_eu","layer_label":"Eau EU","economic_unit_id":"hydraulic-native:eu-line-2096","economic_state":"S0","economic_exposure_eur":34553.0,"economic_damage_eur":687.0,"economic_damage_ratio_pct":1.988,"economic_asset_count":1,"criticality_territory":"guadeloupe","criticality_family":"eu","criticality_scenario":"rp100","criticality_period_years":"100","criticality_hazard":"storm_cmcc"},"geometry":{"type":"LineString","coordinates":[[-61.68789748204181,16.325522794477774],[-61.68769984153918,16.325787421492898]]}},{"type":"Feature","properties":{"feature_id":"hydraulic-native:eu-line-2222","layer_key":"eau_eu","layer_label":"Eau EU","economic_unit_id":"hydraulic-native:eu-line-2222","economic_state":"S0","economic_exposure_eur":88298.0,"economic_damage_eur":1755.0,"economic_damage_ratio_pct":1.988,"economic_asset_count":1,"criticality_territory":"guadeloupe","criticality_family":"eu","criticality_scenario":"rp100","criticality_period_years":"100","criticality_hazard":"storm_cmcc"},"geometry":{"type":"LineString","coordinates":[[-61.68808814818704,16.32669823549183],[-61.68800288746364,16.326171299303713],[-61.687767725377405,16.325974591679405]]}},{"type":"Feature","properties":{"feature_id":"hydraulic-native:eu-line-2418","layer_key":"eau_eu","layer_label":"Eau EU","economic_unit_id":"hydraulic-native:eu-line-2418","economic_state":"S0","economic_exposure_eur":29489.0,"economic_damage_eur":584.0,"economic_damage_ratio_pct":1.981,"economic_asset_count":1,"criticality_territory":"guadeloupe","criticality_family":"eu","criticality_scenario":"rp100","criticality_period_years":"100","criticality_hazard":"storm_cmcc"},"geometry":{"type":"LineString","coordinates":[[-61.56193701666667,16.095833118333335],[-61.56165010666668,16.095857456666668]]}},{"type":"Feature","properties":{"feature_id":"hydraulic-native:eu-line-3092","layer_key":"eau_eu","layer_label":"Eau EU","economic_unit_id":"hydraulic-native:eu-line-3092","economic_state":"S0","economic_exposure_eur":20264.0,"economic_damage_eur":402.0,"economic_damage_ratio_pct":1.983,"economic_asset_count":1,"criticality_territory":"guadeloupe","criticality_family":"eu","criticality_scenario":"rp100","criticality_period_years":"100","criticality_hazard":"storm_cmcc"},"geometry":{"type":"LineString","coordinates":[[-61.58078696396683,16.1408759084516],[-61.58075960184697,16.14068640440396]]}},{"type":"Feature","properties":{"feature_id":"hydraulic-native:eu-line-3134","layer_key":"eau_eu","layer_label":"Eau EU","economic_unit_id":"hydraulic-native:eu-line-3134","economic_state":"S0","economic_exposure_eur":56944.0,"economic_damage_eur":1132.0,"economic_damage_ratio_pct":1.987,"economic_asset_count":1,"criticality_territory":"guadeloupe","criticality_family":"eu","criticality_scenario":"rp100","criticality_period_years":"100","criticality_hazard":"storm_cmcc"},"geometry":{"type":"LineString","coordinates":[[-61.688106783405324,16.328329819573838],[-61.6877218924017,16.32871839869792]]}},{"type":"Feature","properties":{"feature_id":"hydraulic-native:eu-line-3247","layer_key":"eau_eu","layer_label":"Eau EU","economic_unit_id":"hydraulic-native:eu-line-3247","economic_state":"S0","economic_exposure_eur":122573.0,"economic_damage_eur":2429.0,"economic_damage_ratio_pct":1.981,"economic_asset_count":1,"criticality_territory":"guadeloupe","criticality_family":"eu","criticality_scenario":"rp100","criticality_period_years":"100","criticality_hazard":"storm_cmcc"},"geometry":{"type":"LineString","coordinates":[[-61.56306187666667,16.09509238],[-61.561871528333334,16.095215534999994]]}},{"type":"Feature","properties":{"feature_id":"hydraulic-native:eu-line-3252","layer_key":"eau_eu","layer_label":"Eau EU","economic_unit_id":"hydraulic-native:eu-line-3252","economic_state":"S0","economic_exposure_eur":35642.0,"economic_damage_eur":707.0,"economic_damage_ratio_pct":1.985,"economic_asset_count":1,"criticality_territory":"guadeloupe","criticality_family":"eu","criticality_scenario":"rp100","criticality_period_years":"100","criticality_hazard":"storm_cmcc"},"geometry":{"type":"LineString","coordinates":[[-61.570981045166675,16.244757483333334],[-61.570951345833336,16.245092800500004]]}},{"type":"Feature","properties":{"feature_id":"hydraulic-native:eu-line-3302","layer_key":"eau_eu","layer_label":"Eau EU","economic_unit_id":"hydraulic-native:eu-line-3302","economic_state":"S0","economic_exposure_eur":21336.0,"economic_damage_eur":423.0,"economic_damage_ratio_pct":1.985,"economic_asset_count":1,"criticality_territory":"guadeloupe","criticality_family":"eu","criticality_scenario":"rp100","criticality_period_years":"100","criticality_hazard":"storm_cmcc"},"geometry":{"type":"LineString","coordinates":[[-61.32418050133333,16.3269168785],[-61.323972554,16.3269008875]]}},{"type":"Feature","properties":{"feature_id":"hydraulic-native:eu-line-3348","layer_key":"eau_eu","layer_label":"Eau EU","economic_unit_id":"hydraulic-native:eu-line-3348","economic_state":"S0","economic_exposure_eur":45385.0,"economic_damage_eur":899.0,"economic_damage_ratio_pct":1.981,"economic_asset_count":1,"criticality_territory":"guadeloupe","criticality_family":"eu","criticality_scenario":"rp100","criticality_period_years":"100","criticality_hazard":"storm_cmcc"},"geometry":{"type":"LineString","coordinates":[[-61.562373275,16.095757193333334],[-61.56193701666667,16.095833118333335]]}},{"type":"Feature","properties":{"feature_id":"hydraulic-native:eu-line-3374","layer_key":"eau_eu","layer_label":"Eau EU","economic_unit_id":"hydraulic-native:eu-line-3374","economic_state":"S0","economic_exposure_eur":23163.0,"economic_damage_eur":459.0,"economic_damage_ratio_pct":1.981,"economic_asset_count":1,"criticality_territory":"guadeloupe","criticality_family":"eu","criticality_scenario":"rp100","criticality_period_years":"100","criticality_hazard":"storm_cmcc"},"geometry":{"type":"LineString","coordinates":[[-61.56183416166667,16.094999825],[-61.561871528333334,16.095215534999994]]}},{"type":"Feature","properties":{"feature_id":"hydraulic-native:eu-line-3578","layer_key":"eau_eu","layer_label":"Eau EU","economic_unit_id":"hydraulic-native:eu-line-3578","economic_state":"S0","economic_exposure_eur":11628.0,"economic_damage_eur":231.0,"economic_damage_ratio_pct":1.983,"economic_asset_count":1,"criticality_territory":"guadeloupe","criticality_family":"eu","criticality_scenario":"rp100","criticality_period_years":"100","criticality_hazard":"storm_cmcc"},"geometry":{"type":"LineString","coordinates":[[-61.58075960184697,16.14068640440396],[-61.580765940588385,16.14057678334581]]}},{"type":"Feature","properties":{"feature_id":"hydraulic-native:eu-line-3620","layer_key":"eau_eu","layer_label":"Eau EU","economic_unit_id":"hydraulic-native:eu-line-3620","economic_state":"S0","economic_exposure_eur":138552.0,"economic_damage_eur":2753.0,"economic_damage_ratio_pct":1.987,"economic_asset_count":1,"criticality_territory":"guadeloupe","criticality_family":"eu","criticality_scenario":"rp100","criticality_period_years":"100","criticality_hazard":"storm_cmcc"},"geometry":{"type":"LineString","coordinates":[[-61.689343979433104,16.326207248904513],[-61.68808814818704,16.32669823549183]]}},{"type":"Feature","properties":{"feature_id":"hydraulic-native:eu-line-3725","layer_key":"eau_eu","layer_label":"Eau EU","economic_unit_id":"hydraulic-native:eu-line-3725","economic_state":"S0","economic_exposure_eur":97273.0,"economic_damage_eur":1933.0,"economic_damage_ratio_pct":1.987,"economic_asset_count":1,"criticality_territory":"guadeloupe","criticality_family":"eu","criticality_scenario":"rp100","criticality_period_years":"100","criticality_hazard":"storm_cmcc"},"geometry":{"type":"LineString","coordinates":[[-61.68846431602715,16.32615565711624],[-61.68847746385433,16.32595254288862],[-61.688056251085136,16.32558060942621],[-61.68789748204181,16.325522794477774]]}},{"type":"Feature","properties":{"feature_id":"hydraulic-native:eu-line-3756","layer_key":"eau_eu","layer_label":"Eau EU","economic_unit_id":"hydraulic-native:eu-line-3756","economic_state":"S0","economic_exposure_eur":104116.0,"economic_damage_eur":2069.0,"economic_damage_ratio_pct":1.987,"economic_asset_count":1,"criticality_territory":"guadeloupe","criticality_family":"eu","criticality_scenario":"rp100","criticality_period_years":"100","criticality_hazard":"storm_cmcc"},"geometry":{"type":"LineString","coordinates":[[-61.68895512263686,16.325877633539356],[-61.688177876686574,16.325242632645594]]}},{"type":"Feature","properties":{"feature_id":"hydraulic-native:eu-line-3803","layer_key":"eau_eu","layer_label":"Eau EU","economic_unit_id":"hydraulic-native:eu-line-3803","economic_state":"S0","economic_exposure_eur":68931.0,"economic_damage_eur":1366.0,"economic_damage_ratio_pct":1.981,"economic_asset_count":1,"criticality_territory":"guadeloupe","criticality_family":"eu","criticality_scenario":"rp100","criticality_period_years":"100","criticality_hazard":"storm_cmcc"},"geometry":{"type":"LineString","coordinates":[[-61.563042465,16.095685938333336],[-61.562373275,16.095757193333334]]}},{"type":"Feature","properties":{"feature_id":"hydraulic-native:eu-line-3815","layer_key":"eau_eu","layer_label":"Eau EU","economic_unit_id":"hydraulic-native:eu-line-3815","economic_state":"S0","economic_exposure_eur":220347.0,"economic_damage_eur":4379.0,"economic_damage_ratio_pct":1.987,"economic_asset_count":1,"criticality_territory":"guadeloupe","criticality_family":"eu","criticality_scenario":"rp100","criticality_period_years":"100","criticality_hazard":"storm_cmcc"},"geometry":{"type":"LineString","coordinates":[[-61.68958565235645,16.327836088933406],[-61.68880225415634,16.327817153243725],[-61.688558911851544,16.327568448231357],[-61.68808814818704,16.32669823549183]]}},{"type":"Feature","properties":{"feature_id":"hydraulic-native:eu-line-3920","layer_key":"eau_eu","layer_label":"Eau EU","economic_unit_id":"hydraulic-native:eu-line-3920","economic_state":"S0","economic_exposure_eur":34015.0,"economic_damage_eur":675.0,"economic_damage_ratio_pct":1.983,"economic_asset_count":1,"criticality_territory":"guadeloupe","criticality_family":"eu","criticality_scenario":"rp100","criticality_period_years":"100","criticality_hazard":"storm_cmcc"},"geometry":{"type":"LineString","coordinates":[[-61.58042758072007,16.14069940109891],[-61.58075960184697,16.14068640440396]]}},{"type":"Feature","properties":{"feature_id":"hydraulic-native:eu-line-4052","layer_key":"eau_eu","layer_label":"Eau EU","economic_unit_id":"hydraulic-native:eu-line-4052","economic_state":"S0","economic_exposure_eur":35413.0,"economic_damage_eur":703.0,"economic_damage_ratio_pct":1.985,"economic_asset_count":1,"criticality_territory":"guadeloupe","criticality_family":"eu","criticality_scenario":"rp100","criticality_period_years":"100","criticality_hazard":"storm_cmcc"},"geometry":{"type":"LineString","coordinates":[[-61.570951345833336,16.245092800500004],[-61.57093341283334,16.245426728833333]]}},{"type":"Feature","properties":{"feature_id":"hydraulic-native:eu-line-4097","layer_key":"eau_eu","layer_label":"Eau EU","economic_unit_id":"hydraulic-native:eu-line-4097","economic_state":"S0","economic_exposure_eur":12942.0,"economic_damage_eur":257.0,"economic_damage_ratio_pct":1.987,"economic_asset_count":1,"criticality_territory":"guadeloupe","criticality_family":"eu","criticality_scenario":"rp100","criticality_period_years":"100","criticality_hazard":"storm_cmcc"},"geometry":{"type":"LineString","coordinates":[[-61.68827187328565,16.32507366090481],[-61.688232081097276,16.325189669565344]]}},{"type":"Feature","properties":{"feature_id":"hydraulic-native:eu-line-4541","layer_key":"eau_eu","layer_label":"Eau EU","economic_unit_id":"hydraulic-native:eu-line-4541","economic_state":"S0","economic_exposure_eur":113485.0,"economic_damage_eur":2255.0,"economic_damage_ratio_pct":1.987,"economic_asset_count":1,"criticality_territory":"guadeloupe","criticality_family":"eu","criticality_scenario":"rp100","criticality_period_years":"100","criticality_hazard":"storm_cmcc"},"geometry":{"type":"LineString","coordinates":[[-61.68917396792717,16.32858644943488],[-61.68862366807157,16.3285279724724],[-61.688106783405324,16.328329819573838]]}},{"type":"Feature","properties":{"feature_id":"hydraulic-native:eu-line-4746","layer_key":"eau_eu","layer_label":"Eau EU","economic_unit_id":"hydraulic-native:eu-line-4746","economic_state":"S0","economic_exposure_eur":75559.0,"economic_damage_eur":1496.0,"economic_damage_ratio_pct":1.98,"economic_asset_count":1,"criticality_territory":"guadeloupe","criticality_family":"eu","criticality_scenario":"rp100","criticality_period_years":"100","criticality_hazard":"storm_cmcc"},"geometry":{"type":"LineString","coordinates":[[-61.56133852333334,16.09773554666666],[-61.561308255,16.098448405]]}},{"type":"Feature","properties":{"feature_id":"hydraulic-native:eu-line-4752","layer_key":"eau_eu","layer_label":"Eau EU","economic_unit_id":"hydraulic-native:eu-line-4752","economic_state":"S0","economic_exposure_eur":65748.0,"economic_damage_eur":1303.0,"economic_damage_ratio_pct":1.981,"economic_asset_count":1,"criticality_territory":"guadeloupe","criticality_family":"eu","criticality_scenario":"rp100","criticality_period_years":"100","criticality_hazard":"storm_cmcc"},"geometry":{"type":"LineString","coordinates":[[-61.561871528333334,16.095215534999994],[-61.56193701666667,16.095833118333335]]}},{"type":"Feature","properties":{"feature_id":"hydraulic-native:eu-line-5142","layer_key":"eau_eu","layer_label":"Eau EU","economic_unit_id":"hydraulic-native:eu-line-5142","economic_state":"S0","economic_exposure_eur":82915.0,"economic_damage_eur":1646.0,"economic_damage_ratio_pct":1.985,"economic_asset_count":1,"criticality_territory":"guadeloupe","criticality_family":"eu","criticality_scenario":"rp100","criticality_period_years":"100","criticality_hazard":"storm_cmcc"},"geometry":{"type":"LineString","coordinates":[[-61.324785145666674,16.329249924666666],[-61.32460573632528,16.32966521792098],[-61.32441538833334,16.329942704666667]]}},{"type":"Feature","properties":{"feature_id":"hydraulic-native:eu-line-5573","layer_key":"eau_eu","layer_label":"Eau EU","economic_unit_id":"hydraulic-native:eu-line-5573","economic_state":"S0","economic_exposure_eur":51056.0,"economic_damage_eur":1013.0,"economic_damage_ratio_pct":1.985,"economic_asset_count":1,"criticality_territory":"guadeloupe","criticality_family":"eu","criticality_scenario":"rp100","criticality_period_years":"100","criticality_hazard":"storm_cmcc"},"geometry":{"type":"LineString","coordinates":[[-61.570806766333334,16.2462071715],[-61.570912680333336,16.24573606966666]]}},{"type":"Feature","properties":{"feature_id":"hydraulic-native:eu-line-5690","layer_key":"eau_eu","layer_label":"Eau EU","economic_unit_id":"hydraulic-native:eu-line-5690","economic_state":"S0","economic_exposure_eur":158361.0,"economic_damage_eur":3143.0,"economic_damage_ratio_pct":1.985,"economic_asset_count":1,"criticality_territory":"guadeloupe","criticality_family":"eu","criticality_scenario":"rp100","criticality_period_years":"100","criticality_hazard":"storm_cmcc"},"geometry":{"type":"LineString","coordinates":[[-61.570039729,16.244430285499995],[-61.57003049383236,16.245033982864193],[-61.570951345833336,16.245092800500004]]}},{"type":"Feature","properties":{"feature_id":"hydraulic-native:eu-line-5737","layer_key":"eau_eu","layer_label":"Eau EU","economic_unit_id":"hydraulic-native:eu-line-5737","economic_state":"S0","economic_exposure_eur":173617.0,"economic_damage_eur":3446.0,"economic_damage_ratio_pct":1.985,"economic_asset_count":1,"criticality_territory":"guadeloupe","criticality_family":"eu","criticality_scenario":"rp100","criticality_period_years":"100","criticality_hazard":"storm_cmcc"},"geometry":{"type":"LineString","coordinates":[[-61.32441538833334,16.329942704666667],[-61.32467345233062,16.330088168375518],[-61.3260709265,16.330144732333327]]}},{"type":"Feature","properties":{"feature_id":"hydraulic-native:eu-line-5952","layer_key":"eau_eu","layer_label":"Eau EU","economic_unit_id":"hydraulic-native:eu-line-5952","economic_state":"S0","economic_exposure_eur":37130.0,"economic_damage_eur":737.0,"economic_damage_ratio_pct":1.985,"economic_asset_count":1,"criticality_territory":"guadeloupe","criticality_family":"eu","criticality_scenario":"rp100","criticality_period_years":"100","criticality_hazard":"storm_cmcc"},"geometry":{"type":"LineString","coordinates":[[-61.57071000016667,16.246545066166668],[-61.570806766333334,16.2462071715]]}},{"type":"Feature","properties":{"feature_id":"hydraulic-native:eu-line-5992","layer_key":"eau_eu","layer_label":"Eau EU","economic_unit_id":"hydraulic-native:eu-line-5992","economic_state":"S0","economic_exposure_eur":28033.0,"economic_damage_eur":557.0,"economic_damage_ratio_pct":1.985,"economic_asset_count":1,"criticality_territory":"guadeloupe","criticality_family":"eu","criticality_scenario":"rp100","criticality_period_years":"100","criticality_hazard":"storm_cmcc"},"geometry":{"type":"LineString","coordinates":[[-61.57097807700001,16.247633775666664],[-61.57070717983334,16.2475940175]]}},{"type":"Feature","properties":{"feature_id":"hydraulic-native:eu-line-6084","layer_key":"eau_eu","layer_label":"Eau EU","economic_unit_id":"hydraulic-native:eu-line-6084","economic_state":"S0","economic_exposure_eur":5000.0,"economic_damage_eur":99.0,"economic_damage_ratio_pct":1.985,"economic_asset_count":1,"criticality_territory":"guadeloupe","criticality_family":"eu","criticality_scenario":"rp100","criticality_period_years":"100","criticality_hazard":"storm_cmcc"},"geometry":{"type":"LineString","coordinates":[[-61.56986456316667,16.24744528533333],[-61.569888434,16.247480154833337]]}},{"type":"Feature","properties":{"feature_id":"hydraulic-native:eu-line-6254","layer_key":"eau_eu","layer_label":"Eau EU","economic_unit_id":"hydraulic-native:eu-line-6254","economic_state":"S0","economic_exposure_eur":40768.0,"economic_damage_eur":808.0,"economic_damage_ratio_pct":1.981,"economic_asset_count":1,"criticality_territory":"guadeloupe","criticality_family":"eu","criticality_scenario":"rp100","criticality_period_years":"100","criticality_hazard":"storm_cmcc"},"geometry":{"type":"LineString","coordinates":[[-61.56244116666667,16.09602373166667],[-61.56283930833333,16.096018618333332]]}},{"type":"Feature","properties":{"feature_id":"hydraulic-native:eu-line-6291","layer_key":"eau_eu","layer_label":"Eau EU","economic_unit_id":"hydraulic-native:eu-line-6291","economic_state":"S0","economic_exposure_eur":26063.0,"economic_damage_eur":517.0,"economic_damage_ratio_pct":1.985,"economic_asset_count":1,"criticality_territory":"guadeloupe","criticality_family":"eu","criticality_scenario":"rp100","criticality_period_years":"100","criticality_hazard":"storm_cmcc"},"geometry":{"type":"LineString","coordinates":[[-61.570644888833336,16.246782988666666],[-61.57071000016667,16.246545066166668]]}},{"type":"Feature","properties":{"feature_id":"hydraulic-native:eu-line-6431","layer_key":"eau_eu","layer_label":"Eau EU","economic_unit_id":"hydraulic-native:eu-line-6431","economic_state":"S0","economic_exposure_eur":146069.0,"economic_damage_eur":2900.0,"economic_damage_ratio_pct":1.985,"economic_asset_count":1,"criticality_territory":"guadeloupe","criticality_family":"eu","criticality_scenario":"rp100","criticality_period_years":"100","criticality_hazard":"storm_cmcc"},"geometry":{"type":"LineString","coordinates":[[-61.67229209852006,16.274385731072883],[-61.6717991627673,16.27457019779235],[-61.67151915615355,16.27374470554388]]}},{"type":"Feature","properties":{"feature_id":"hydraulic-native:eu-line-6450","layer_key":"eau_eu","layer_label":"Eau EU","economic_unit_id":"hydraulic-native:eu-line-6450","economic_state":"S0","economic_exposure_eur":37657.0,"economic_damage_eur":748.0,"economic_damage_ratio_pct":1.987,"economic_asset_count":1,"criticality_territory":"guadeloupe","criticality_family":"eu","criticality_scenario":"rp100","criticality_period_years":"100","criticality_hazard":"storm_cmcc"},"geometry":{"type":"LineString","coordinates":[[-61.68962268196513,16.326439642552888],[-61.689343979433104,16.326207248904513]]}},{"type":"Feature","properties":{"feature_id":"hydraulic-native:eu-line-6520","layer_key":"eau_eu","layer_label":"Eau EU","economic_unit_id":"hydraulic-native:eu-line-6520","economic_state":"S0","economic_exposure_eur":56286.0,"economic_damage_eur":1117.0,"economic_damage_ratio_pct":1.985,"economic_asset_count":1,"criticality_territory":"guadeloupe","criticality_family":"eu","criticality_scenario":"rp100","criticality_period_years":"100","criticality_hazard":"storm_cmcc"},"geometry":{"type":"LineString","coordinates":[[-61.569888434,16.247480154833337],[-61.570438251646124,16.247498771023395]]}},{"type":"Feature","properties":{"feature_id":"hydraulic-native:eu-line-6667","layer_key":"eau_eu","layer_label":"Eau EU","economic_unit_id":"hydraulic-native:eu-line-6667","economic_state":"S0","economic_exposure_eur":100635.0,"economic_damage_eur":1998.0,"economic_damage_ratio_pct":1.985,"economic_asset_count":1,"criticality_territory":"guadeloupe","criticality_family":"eu","criticality_scenario":"rp100","criticality_period_years":"100","criticality_hazard":"storm_cmcc"},"geometry":{"type":"LineString","coordinates":[[-61.324091144,16.330232835333334],[-61.32385978697441,16.330598909560706],[-61.323484889666666,16.33097395583334]]}},{"type":"Feature","properties":{"feature_id":"hydraulic-native:eu-line-6789","layer_key":"eau_eu","layer_label":"Eau EU","economic_unit_id":"hydraulic-native:eu-line-6789","economic_state":"S0","economic_exposure_eur":198103.0,"economic_damage_eur":3914.0,"economic_damage_ratio_pct":1.976,"economic_asset_count":1,"criticality_territory":"guadeloupe","criticality_family":"eu","criticality_scenario":"rp100","criticality_period_years":"100","criticality_hazard":"storm_cmcc"},"geometry":{"type":"LineString","coordinates":[[-61.63985169535876,15.845424899595876],[-61.63864212581242,15.844605292718546],[-61.638244364717856,15.844390839512707]]}},{"type":"Feature","properties":{"feature_id":"hydraulic-native:eu-line-6795","layer_key":"eau_eu","layer_label":"Eau EU","economic_unit_id":"hydraulic-native:eu-line-6795","economic_state":"S0","economic_exposure_eur":196298.0,"economic_damage_eur":3877.0,"economic_damage_ratio_pct":1.975,"economic_asset_count":1,"criticality_territory":"guadeloupe","criticality_family":"eu","criticality_scenario":"rp100","criticality_period_years":"100","criticality_hazard":"storm_cmcc"},"geometry":{"type":"LineString","coordinates":[[-61.62493749179364,15.856900776280522],[-61.624679658385546,15.857314957735479],[-61.624350211358276,15.85758697305875],[-61.62422116542212,15.858018220656826],[-61.62421589421302,15.858248837182533],[-61.624039875658944,15.858457128145783]]}},{"type":"Feature","properties":{"feature_id":"hydraulic-native:eu-line-6806","layer_key":"eau_eu","layer_label":"Eau EU","economic_unit_id":"hydraulic-native:eu-line-6806","economic_state":"S0","economic_exposure_eur":307455.0,"economic_damage_eur":6074.0,"economic_damage_ratio_pct":1.976,"economic_asset_count":1,"criticality_territory":"guadeloupe","criticality_family":"eu","criticality_scenario":"rp100","criticality_period_years":"100","criticality_hazard":"storm_cmcc"},"geometry":{"type":"LineString","coordinates":[[-61.624932771475606,15.860834296510301],[-61.62513730037449,15.860097768722218],[-61.62511218905732,15.859896190177608],[-61.62500413272092,15.859570466101808],[-61.624791201693775,15.859041845619798],[-61.62464940632718,15.858869620117794],[-61.62444193348193,15.85872940923836],[-61.62415791723286,15.858703707879245],[-61.624089565153085,15.858631582137543],[-61.624039875658944,15.858457128145783]]}},{"type":"Feature","properties":{"feature_id":"hydraulic-native:eu-line-6882","layer_key":"eau_eu","layer_label":"Eau EU","economic_unit_id":"hydraulic-native:eu-line-6882","economic_state":"S0","economic_exposure_eur":178944.0,"economic_damage_eur":3551.0,"economic_damage_ratio_pct":1.985,"economic_asset_count":1,"criticality_territory":"guadeloupe","criticality_family":"eu","criticality_scenario":"rp100","criticality_period_years":"100","criticality_hazard":"storm_cmcc"},"geometry":{"type":"LineString","coordinates":[[-61.56889727050445,16.246753035895974],[-61.56976471992514,16.246744038924124],[-61.570644888833336,16.246782988666666]]}},{"type":"Feature","properties":{"feature_id":"hydraulic-native:eu-line-7057","layer_key":"eau_eu","layer_label":"Eau EU","economic_unit_id":"hydraulic-native:eu-line-7057","economic_state":"S0","economic_exposure_eur":92693.0,"economic_damage_eur":1840.0,"economic_damage_ratio_pct":1.985,"economic_asset_count":1,"criticality_territory":"guadeloupe","criticality_family":"eu","criticality_scenario":"rp100","criticality_period_years":"100","criticality_hazard":"storm_cmcc"},"geometry":{"type":"LineString","coordinates":[[-61.570645755874665,16.245473090090528],[-61.56974205888192,16.245426399279964]]}},{"type":"Feature","properties":{"feature_id":"hydraulic-native:eu-line-7147","layer_key":"eau_eu","layer_label":"Eau EU","economic_unit_id":"hydraulic-native:eu-line-7147","economic_state":"S0","economic_exposure_eur":23067.0,"economic_damage_eur":458.0,"economic_damage_ratio_pct":1.984,"economic_asset_count":1,"criticality_territory":"guadeloupe","criticality_family":"eu","criticality_scenario":"rp100","criticality_period_years":"100","criticality_hazard":"storm_cmcc"},"geometry":{"type":"LineString","coordinates":[[-61.324285717166674,16.32636150183333],[-61.32406621133333,16.326411506333326]]}},{"type":"Feature","properties":{"feature_id":"hydraulic-native:eu-line-7155","layer_key":"eau_eu","layer_label":"Eau EU","economic_unit_id":"hydraulic-native:eu-line-7155","economic_state":"S0","economic_exposure_eur":29305.0,"economic_damage_eur":582.0,"economic_damage_ratio_pct":1.985,"economic_asset_count":1,"criticality_territory":"guadeloupe","criticality_family":"eu","criticality_scenario":"rp100","criticality_period_years":"100","criticality_hazard":"storm_cmcc"},"geometry":{"type":"LineString","coordinates":[[-61.57070717983334,16.2475940175],[-61.570438251646124,16.247498771023395]]}},{"type":"Feature","properties":{"feature_id":"hydraulic-native:eu-line-7861","layer_key":"eau_eu","layer_label":"Eau EU","economic_unit_id":"hydraulic-native:eu-line-7861","economic_state":"S0","economic_exposure_eur":32830.0,"economic_damage_eur":652.0,"economic_damage_ratio_pct":1.985,"economic_asset_count":1,"criticality_territory":"guadeloupe","criticality_family":"eu","criticality_scenario":"rp100","criticality_period_years":"100","criticality_hazard":"storm_cmcc"},"geometry":{"type":"LineString","coordinates":[[-61.57093341283334,16.245426728833333],[-61.570912680333336,16.24573606966666]]}},{"type":"Feature","properties":{"feature_id":"hydraulic-native:eu-line-8639","layer_key":"eau_eu","layer_label":"Eau EU","economic_unit_id":"hydraulic-native:eu-line-8639","economic_state":"S0","economic_exposure_eur":22240.0,"economic_damage_eur":442.0,"economic_damage_ratio_pct":1.986,"economic_asset_count":1,"criticality_territory":"guadeloupe","criticality_family":"eu","criticality_scenario":"rp100","criticality_period_years":"100","criticality_hazard":"storm_cmcc"},"geometry":{"type":"LineString","coordinates":[[-61.59477166093173,16.246439937528088],[-61.59466133997972,16.24625898691534]]}},{"type":"Feature","properties":{"feature_id":"hydraulic-native:eu-line-8640","layer_key":"eau_eu","layer_label":"Eau EU","economic_unit_id":"hydraulic-native:eu-line-8640","economic_state":"S0","economic_exposure_eur":13463.0,"economic_damage_eur":267.0,"economic_damage_ratio_pct":1.985,"economic_asset_count":1,"criticality_territory":"guadeloupe","criticality_family":"eu","criticality_scenario":"rp100","criticality_period_years":"100","criticality_hazard":"storm_cmcc"},"geometry":{"type":"LineString","coordinates":[[-61.59446470984807,16.245466394220994],[-61.59434713776625,16.245409296582707]]}},{"type":"Feature","properties":{"feature_id":"hydraulic-native:eu-line-8664","layer_key":"eau_eu","layer_label":"Eau EU","economic_unit_id":"hydraulic-native:eu-line-8664","economic_state":"S0","economic_exposure_eur":16342.0,"economic_damage_eur":324.0,"economic_damage_ratio_pct":1.986,"economic_asset_count":1,"criticality_territory":"guadeloupe","criticality_family":"eu","criticality_scenario":"rp100","criticality_period_years":"100","criticality_hazard":"storm_cmcc"},"geometry":{"type":"LineString","coordinates":[[-61.59489942067565,16.246532550854642],[-61.59477166093173,16.246439937528088]]}},{"type":"Feature","properties":{"feature_id":"hydraulic-native:eu-line-8665","layer_key":"eau_eu","layer_label":"Eau EU","economic_unit_id":"hydraulic-native:eu-line-8665","economic_state":"S0","economic_exposure_eur":13166.0,"economic_damage_eur":261.0,"economic_damage_ratio_pct":1.985,"economic_asset_count":1,"criticality_territory":"guadeloupe","criticality_family":"eu","criticality_scenario":"rp100","criticality_period_years":"100","criticality_hazard":"storm_cmcc"},"geometry":{"type":"LineString","coordinates":[[-61.59457968815753,16.24552223212913],[-61.59446470984807,16.245466394220994]]}},{"type":"Feature","properties":{"feature_id":"hydraulic-native:eu-line-8670","layer_key":"eau_eu","layer_label":"Eau EU","economic_unit_id":"hydraulic-native:eu-line-8670","economic_state":"S0","economic_exposure_eur":30285.0,"economic_damage_eur":601.0,"economic_damage_ratio_pct":1.985,"economic_asset_count":1,"criticality_territory":"guadeloupe","criticality_family":"eu","criticality_scenario":"rp100","criticality_period_years":"100","criticality_hazard":"storm_cmcc"},"geometry":{"type":"LineString","coordinates":[[-61.59484416165196,16.24565067032784],[-61.59457968815753,16.24552223212913]]}},{"type":"Feature","properties":{"feature_id":"hydraulic-native:eu-line-8671","layer_key":"eau_eu","layer_label":"Eau EU","economic_unit_id":"hydraulic-native:eu-line-8671","economic_state":"S0","economic_exposure_eur":12691.0,"economic_damage_eur":252.0,"economic_damage_ratio_pct":1.985,"economic_asset_count":1,"criticality_territory":"guadeloupe","criticality_family":"eu","criticality_scenario":"rp100","criticality_period_years":"100","criticality_hazard":"storm_cmcc"},"geometry":{"type":"LineString","coordinates":[[-61.59495499527565,16.24570449512848],[-61.59484416165196,16.24565067032784]]}},{"type":"Feature","properties":{"feature_id":"hydraulic-native:eu-line-8672","layer_key":"eau_eu","layer_label":"Eau EU","economic_unit_id":"hydraulic-native:eu-line-8672","economic_state":"S0","economic_exposure_eur":30003.0,"economic_damage_eur":596.0,"economic_damage_ratio_pct":1.985,"economic_asset_count":1,"criticality_territory":"guadeloupe","criticality_family":"eu","criticality_scenario":"rp100","criticality_period_years":"100","criticality_hazard":"storm_cmcc"},"geometry":{"type":"LineString","coordinates":[[-61.595217009310886,16.245831738247112],[-61.59495499527565,16.24570449512848]]}},{"type":"Feature","properties":{"feature_id":"hydraulic-native:eu-line-8673","layer_key":"eau_eu","layer_label":"Eau EU","economic_unit_id":"hydraulic-native:eu-line-8673","economic_state":"S0","economic_exposure_eur":5844.0,"economic_damage_eur":116.0,"economic_damage_ratio_pct":1.984,"economic_asset_count":1,"criticality_territory":"guadeloupe","criticality_family":"eu","criticality_scenario":"rp100","criticality_period_years":"100","criticality_hazard":"storm_cmcc"},"geometry":{"type":"LineString","coordinates":[[-61.56997041575321,16.2459345933602],[-61.569964424571005,16.245989467078083]]}},{"type":"Feature","properties":{"feature_id":"hydraulic-native:eu-line-8674","layer_key":"eau_eu","layer_label":"Eau EU","economic_unit_id":"hydraulic-native:eu-line-8674","economic_state":"S0","economic_exposure_eur":18374.0,"economic_damage_eur":365.0,"economic_damage_ratio_pct":1.988,"economic_asset_count":1,"criticality_territory":"guadeloupe","criticality_family":"eu","criticality_scenario":"rp100","criticality_period_years":"100","criticality_hazard":"storm_cmcc"},"geometry":{"type":"LineString","coordinates":[[-61.68766891900855,16.32561650683358],[-61.68769984153918,16.325787421492898]]}},{"type":"Feature","properties":{"feature_id":"hydraulic-native:eu-line-8693","layer_key":"eau_eu","layer_label":"Eau EU","economic_unit_id":"hydraulic-native:eu-line-8693","economic_state":"S0","economic_exposure_eur":31023.0,"economic_damage_eur":616.0,"economic_damage_ratio_pct":1.984,"economic_asset_count":1,"criticality_territory":"guadeloupe","criticality_family":"eu","criticality_scenario":"rp100","criticality_period_years":"100","criticality_hazard":"storm_cmcc"},"geometry":{"type":"LineString","coordinates":[[-61.323948169666664,16.326608941],[-61.323972554,16.3269008875]]}},{"type":"Feature","properties":{"feature_id":"hydraulic-native:eu-line-8815","layer_key":"eau_eu","layer_label":"Eau EU","economic_unit_id":"hydraulic-native:eu-line-8815","economic_state":"S0","economic_exposure_eur":15688.0,"economic_damage_eur":312.0,"economic_damage_ratio_pct":1.987,"economic_asset_count":1,"criticality_territory":"guadeloupe","criticality_family":"eu","criticality_scenario":"rp100","criticality_period_years":"100","criticality_hazard":"storm_cmcc"},"geometry":{"type":"LineString","coordinates":[[-61.688232081097276,16.325189669565344],[-61.6881239721418,16.325294770789576]]}},{"type":"Feature","properties":{"feature_id":"hydraulic-native:eu-line-8840","layer_key":"eau_eu","layer_label":"Eau EU","economic_unit_id":"hydraulic-native:eu-line-8840","economic_state":"S0","economic_exposure_eur":143926.0,"economic_damage_eur":2860.0,"economic_damage_ratio_pct":1.987,"economic_asset_count":1,"criticality_territory":"guadeloupe","criticality_family":"eu","criticality_scenario":"rp100","criticality_period_years":"100","criticality_hazard":"storm_cmcc"},"geometry":{"type":"LineString","coordinates":[[-61.688080072881654,16.324107717875748],[-61.6868471898222,16.32476318719032]]}},{"type":"Feature","properties":{"feature_id":"hydraulic-native:eu-line-8953","layer_key":"eau_eu","layer_label":"Eau EU","economic_unit_id":"hydraulic-native:eu-line-8953","economic_state":"S0","economic_exposure_eur":17343.0,"economic_damage_eur":344.0,"economic_damage_ratio_pct":1.984,"economic_asset_count":1,"criticality_territory":"guadeloupe","criticality_family":"eu","criticality_scenario":"rp100","criticality_period_years":"100","criticality_hazard":"storm_cmcc"},"geometry":{"type":"LineString","coordinates":[[-61.32276791599999,16.3297382515],[-61.3226089407375,16.329681287672507]]}},{"type":"Feature","properties":{"feature_id":"hydraulic-native:eu-line-9202","layer_key":"eau_eu","layer_label":"Eau EU","economic_unit_id":"hydraulic-native:eu-line-9202","economic_state":"S0","economic_exposure_eur":30086.0,"economic_damage_eur":596.0,"economic_damage_ratio_pct":1.981,"economic_asset_count":1,"criticality_territory":"guadeloupe","criticality_family":"eu","criticality_scenario":"rp100","criticality_period_years":"100","criticality_hazard":"storm_cmcc"},"geometry":{"type":"LineString","coordinates":[[-61.561308255,16.098448405],[-61.56101456172291,16.098457671424768]]}},{"type":"Feature","properties":{"feature_id":"hydraulic-native:eu-line-9256","layer_key":"eau_eu","layer_label":"Eau EU","economic_unit_id":"hydraulic-native:eu-line-9256","economic_state":"S0","economic_exposure_eur":116657.0,"economic_damage_eur":2311.0,"economic_damage_ratio_pct":1.981,"economic_asset_count":1,"criticality_territory":"guadeloupe","criticality_family":"eu","criticality_scenario":"rp100","criticality_period_years":"100","criticality_hazard":"storm_cmcc"},"geometry":{"type":"LineString","coordinates":[[-61.56276063333333,16.096423254999998],[-61.56162198946215,16.09646261279296]]}},{"type":"Feature","properties":{"feature_id":"hydraulic-native:eu-line-9331","layer_key":"eau_eu","layer_label":"Eau EU","economic_unit_id":"hydraulic-native:eu-line-9331","economic_state":"S0","economic_exposure_eur":41833.0,"economic_damage_eur":830.0,"economic_damage_ratio_pct":1.985,"economic_asset_count":1,"criticality_territory":"guadeloupe","criticality_family":"eu","criticality_scenario":"rp100","criticality_period_years":"100","criticality_hazard":"storm_cmcc"},"geometry":{"type":"LineString","coordinates":[[-61.67151915615355,16.27374470554388],[-61.67137179412926,16.273376230302244]]}},{"type":"Feature","properties":{"feature_id":"hydraulic-native:eu-line-9406","layer_key":"eau_eu","layer_label":"Eau EU","economic_unit_id":"hydraulic-native:eu-line-9406","economic_state":"S0","economic_exposure_eur":29053.0,"economic_damage_eur":577.0,"economic_damage_ratio_pct":1.985,"economic_asset_count":1,"criticality_territory":"guadeloupe","criticality_family":"eu","criticality_scenario":"rp100","criticality_period_years":"100","criticality_hazard":"storm_cmcc"},"geometry":{"type":"LineString","coordinates":[[-61.570912680333336,16.24573606966666],[-61.570633490000006,16.24578617166667]]}},{"type":"Feature","properties":{"feature_id":"hydraulic-native:eu-line-9408","layer_key":"eau_eu","layer_label":"Eau EU","economic_unit_id":"hydraulic-native:eu-line-9408","economic_state":"S0","economic_exposure_eur":20601.0,"economic_damage_eur":409.0,"economic_damage_ratio_pct":1.988,"economic_asset_count":1,"criticality_territory":"guadeloupe","criticality_family":"eu","criticality_scenario":"rp100","criticality_period_years":"100","criticality_hazard":"storm_cmcc"},"geometry":{"type":"LineString","coordinates":[[-61.68769984153918,16.325787421492898],[-61.68750575925098,16.32583954060325]]}},{"type":"Feature","properties":{"feature_id":"hydraulic-native:eu-line-9410","layer_key":"eau_eu","layer_label":"Eau EU","economic_unit_id":"hydraulic-native:eu-line-9410","economic_state":"S0","economic_exposure_eur":41131.0,"economic_damage_eur":817.0,"economic_damage_ratio_pct":1.987,"economic_asset_count":1,"criticality_territory":"guadeloupe","criticality_family":"eu","criticality_scenario":"rp100","criticality_period_years":"100","criticality_hazard":"storm_cmcc"},"geometry":{"type":"LineString","coordinates":[[-61.689639376057706,16.32702079459373],[-61.689577304185704,16.327404524316485]]}},{"type":"Feature","properties":{"feature_id":"hydraulic-native:eu-line-9445","layer_key":"eau_eu","layer_label":"Eau EU","economic_unit_id":"hydraulic-native:eu-line-9445","economic_state":"S0","economic_exposure_eur":47351.0,"economic_damage_eur":940.0,"economic_damage_ratio_pct":1.985,"economic_asset_count":1,"criticality_territory":"guadeloupe","criticality_family":"eu","criticality_scenario":"rp100","criticality_period_years":"100","criticality_hazard":"storm_cmcc"},"geometry":{"type":"LineString","coordinates":[[-61.67219504337633,16.27367166686663],[-61.672036598780146,16.273251555806798]]}},{"type":"Feature","properties":{"feature_id":"hydraulic-native:eu-line-9461","layer_key":"eau_eu","layer_label":"Eau EU","economic_unit_id":"hydraulic-native:eu-line-9461","economic_state":"S0","economic_exposure_eur":28975.0,"economic_damage_eur":574.0,"economic_damage_ratio_pct":1.981,"economic_asset_count":1,"criticality_territory":"guadeloupe","criticality_family":"eu","criticality_scenario":"rp100","criticality_period_years":"100","criticality_hazard":"storm_cmcc"},"geometry":{"type":"LineString","coordinates":[[-61.56133951000001,16.096446028333336],[-61.56162198946215,16.09646261279296]]}},{"type":"Feature","properties":{"feature_id":"hydraulic-native:eu-line-9464","layer_key":"eau_eu","layer_label":"Eau EU","economic_unit_id":"hydraulic-native:eu-line-9464","economic_state":"S0","economic_exposure_eur":31266.0,"economic_damage_eur":621.0,"economic_damage_ratio_pct":1.985,"economic_asset_count":1,"criticality_territory":"guadeloupe","criticality_family":"eu","criticality_scenario":"rp100","criticality_period_years":"100","criticality_hazard":"storm_cmcc"},"geometry":{"type":"LineString","coordinates":[[-61.67284628587221,16.273925597600453],[-61.67308462928829,16.273740763731897]]}},{"type":"Feature","properties":{"feature_id":"hydraulic-native:eu-line-9467","layer_key":"eau_eu","layer_label":"Eau EU","economic_unit_id":"hydraulic-native:eu-line-9467","economic_state":"S0","economic_exposure_eur":17981.0,"economic_damage_eur":357.0,"economic_damage_ratio_pct":1.988,"economic_asset_count":1,"criticality_territory":"guadeloupe","criticality_family":"eu","criticality_scenario":"rp100","criticality_period_years":"100","criticality_hazard":"storm_cmcc"},"geometry":{"type":"LineString","coordinates":[[-61.687767725377405,16.325974591679405],[-61.68760226903829,16.32591712108373]]}},{"type":"Feature","properties":{"feature_id":"hydraulic-native:eu-line-9472","layer_key":"eau_eu","layer_label":"Eau EU","economic_unit_id":"hydraulic-native:eu-line-9472","economic_state":"S0","economic_exposure_eur":51853.0,"economic_damage_eur":1030.0,"economic_damage_ratio_pct":1.985,"economic_asset_count":1,"criticality_territory":"guadeloupe","criticality_family":"eu","criticality_scenario":"rp100","criticality_period_years":"100","criticality_hazard":"storm_cmcc"},"geometry":{"type":"LineString","coordinates":[[-61.674469129563015,16.27236234498816],[-61.67397270224924,16.272263261369172]]}},{"type":"Feature","properties":{"feature_id":"hydraulic-native:eu-line-9474","layer_key":"eau_eu","layer_label":"Eau EU","economic_unit_id":"hydraulic-native:eu-line-9474","economic_state":"S0","economic_exposure_eur":37713.0,"economic_damage_eur":748.0,"economic_damage_ratio_pct":1.985,"economic_asset_count":1,"criticality_territory":"guadeloupe","criticality_family":"eu","criticality_scenario":"rp100","criticality_period_years":"100","criticality_hazard":"storm_cmcc"},"geometry":{"type":"LineString","coordinates":[[-61.323972554,16.3269008875],[-61.32366322267563,16.327094675778795]]}},{"type":"Feature","properties":{"feature_id":"hydraulic-native:eu-line-9537","layer_key":"eau_eu","layer_label":"Eau EU","economic_unit_id":"hydraulic-native:eu-line-9537","economic_state":"S0","economic_exposure_eur":5000.0,"economic_damage_eur":99.0,"economic_damage_ratio_pct":1.984,"economic_asset_count":1,"criticality_territory":"guadeloupe","criticality_family":"eu","criticality_scenario":"rp100","criticality_period_years":"100","criticality_hazard":"storm_cmcc"},"geometry":{"type":"LineString","coordinates":[[-61.580765940588385,16.14057678334581],[-61.580768656251436,16.140531032157035]]}},{"type":"Feature","properties":{"feature_id":"hydraulic-native:eu-line-9725","layer_key":"eau_eu","layer_label":"Eau EU","economic_unit_id":"hydraulic-native:eu-line-9725","economic_state":"S0","economic_exposure_eur":8057.0,"economic_damage_eur":160.0,"economic_damage_ratio_pct":1.986,"economic_asset_count":1,"criticality_territory":"guadeloupe","criticality_family":"eu","criticality_scenario":"rp100","criticality_period_years":"100","criticality_hazard":"storm_cmcc"},"geometry":{"type":"LineString","coordinates":[[-61.6868471898222,16.32476318719032],[-61.686904077268295,16.324815825362922]]}},{"type":"Feature","properties":{"feature_id":"hydraulic-native:eu-line-9726","layer_key":"eau_eu","layer_label":"Eau EU","economic_unit_id":"hydraulic-native:eu-line-9726","economic_state":"S0","economic_exposure_eur":49388.0,"economic_damage_eur":980.0,"economic_damage_ratio_pct":1.985,"economic_asset_count":1,"criticality_territory":"guadeloupe","criticality_family":"eu","criticality_scenario":"rp100","criticality_period_years":"100","criticality_hazard":"storm_cmcc"},"geometry":{"type":"LineString","coordinates":[[-61.570068447666664,16.243964781],[-61.570039729,16.244430285499995]]}},{"type":"Feature","properties":{"feature_id":"hydraulic-native:eu-line-9811","layer_key":"eau_eu","layer_label":"Eau EU","economic_unit_id":"hydraulic-native:eu-line-9811","economic_state":"S0","economic_exposure_eur":31028.0,"economic_damage_eur":616.0,"economic_damage_ratio_pct":1.984,"economic_asset_count":1,"criticality_territory":"guadeloupe","criticality_family":"eu","criticality_scenario":"rp100","criticality_period_years":"100","criticality_hazard":"storm_cmcc"},"geometry":{"type":"LineString","coordinates":[[-61.32406621133333,16.326411506333326],[-61.32392924647478,16.32645694227429],[-61.323948169666664,16.326608941]]}},{"type":"Feature","properties":{"feature_id":"hydraulic-native:eu-line-9818","layer_key":"eau_eu","layer_label":"Eau EU","economic_unit_id":"hydraulic-native:eu-line-9818","economic_state":"S0","economic_exposure_eur":153753.0,"economic_damage_eur":3056.0,"economic_damage_ratio_pct":1.987,"economic_asset_count":1,"criticality_territory":"guadeloupe","criticality_family":"eu","criticality_scenario":"rp100","criticality_period_years":"100","criticality_hazard":"storm_cmcc"},"geometry":{"type":"LineString","coordinates":[[-61.68763823236548,16.327574580512035],[-61.687148009929885,16.32620208834386]]}},{"type":"Feature","properties":{"feature_id":"hydraulic-native:eu-line-9913","layer_key":"eau_eu","layer_label":"Eau EU","economic_unit_id":"hydraulic-native:eu-line-9913","economic_state":"S0","economic_exposure_eur":18726.0,"economic_damage_eur":372.0,"economic_damage_ratio_pct":1.986,"economic_asset_count":1,"criticality_territory":"guadeloupe","criticality_family":"eu","criticality_scenario":"rp100","criticality_period_years":"100","criticality_hazard":"storm_cmcc"},"geometry":{"type":"LineString","coordinates":[[-61.59466133997972,16.24625898691534],[-61.594482557814075,16.246296873181983]]}},{"type":"Feature","properties":{"feature_id":"hydraulic-native:eu-line-9922","layer_key":"eau_eu","layer_label":"Eau EU","economic_unit_id":"hydraulic-native:eu-line-9922","economic_state":"S0","economic_exposure_eur":13868.0,"economic_damage_eur":275.0,"economic_damage_ratio_pct":1.986,"economic_asset_count":1,"criticality_territory":"guadeloupe","criticality_family":"eu","criticality_scenario":"rp100","criticality_period_years":"100","criticality_hazard":"storm_cmcc"},"geometry":{"type":"LineString","coordinates":[[-61.59459542955437,16.24693403152766],[-61.594507752173456,16.2468341667027]]}},{"type":"Feature","properties":{"feature_id":"hydraulic-native:eu-line-9927","layer_key":"eau_eu","layer_label":"Eau EU","economic_unit_id":"hydraulic-native:eu-line-9927","economic_state":"S0","economic_exposure_eur":17777.0,"economic_damage_eur":353.0,"economic_damage_ratio_pct":1.986,"economic_asset_count":1,"criticality_territory":"guadeloupe","criticality_family":"eu","criticality_scenario":"rp100","criticality_period_years":"100","criticality_hazard":"storm_cmcc"},"geometry":{"type":"LineString","coordinates":[[-61.59522828803646,16.24638819263961],[-61.5951470702838,16.246536580281862]]}},{"type":"Feature","properties":{"feature_id":"hydraulic-native:eu-line-9935","layer_key":"eau_eu","layer_label":"Eau EU","economic_unit_id":"hydraulic-native:eu-line-9935","economic_state":"S0","economic_exposure_eur":15673.0,"economic_damage_eur":311.0,"economic_damage_ratio_pct":1.985,"economic_asset_count":1,"criticality_territory":"guadeloupe","criticality_family":"eu","criticality_scenario":"rp100","criticality_period_years":"100","criticality_hazard":"storm_cmcc"},"geometry":{"type":"LineString","coordinates":[[-61.595353880756235,16.245898207588333],[-61.595217009310886,16.245831738247112]]}},{"type":"Feature","properties":{"feature_id":"hydraulic-native:eu-line-9946","layer_key":"eau_eu","layer_label":"Eau EU","economic_unit_id":"hydraulic-native:eu-line-9946","economic_state":"S0","economic_exposure_eur":18811.0,"economic_damage_eur":373.0,"economic_damage_ratio_pct":1.986,"economic_asset_count":1,"criticality_territory":"guadeloupe","criticality_family":"eu","criticality_scenario":"rp100","criticality_period_years":"100","criticality_hazard":"storm_cmcc"},"geometry":{"type":"LineString","coordinates":[[-61.59442893806827,16.246065188160326],[-61.59424588081176,16.24608184589265]]}},{"type":"Feature","properties":{"feature_id":"hydraulic-native:eu-line-9947","layer_key":"eau_eu","layer_label":"Eau EU","economic_unit_id":"hydraulic-native:eu-line-9947","economic_state":"S0","economic_exposure_eur":13710.0,"economic_damage_eur":272.0,"economic_damage_ratio_pct":1.986,"economic_asset_count":1,"criticality_territory":"guadeloupe","criticality_family":"eu","criticality_scenario":"rp100","criticality_period_years":"100","criticality_hazard":"storm_cmcc"},"geometry":{"type":"LineString","coordinates":[[-61.59508056118168,16.246170147828888],[-61.59494966760551,16.246197886185954]]}},{"type":"Feature","properties":{"feature_id":"hydraulic-native:eu-line-9962","layer_key":"eau_eu","layer_label":"Eau EU","economic_unit_id":"hydraulic-native:eu-line-9962","economic_state":"S0","economic_exposure_eur":419923.0,"economic_damage_eur":8294.0,"economic_damage_ratio_pct":1.975,"economic_asset_count":1,"criticality_territory":"guadeloupe","criticality_family":"eu","criticality_scenario":"rp100","criticality_period_years":"100","criticality_hazard":"storm_cmcc"},"geometry":{"type":"LineString","coordinates":[[-61.62044097409163,15.856562169566462],[-61.61935485808581,15.856273154495527],[-61.61810749375692,15.855834385700529],[-61.617095505322176,15.855658940458593],[-61.61674841331877,15.855488826097972],[-61.616600663418616,15.855325980818854]]}},{"type":"Feature","properties":{"feature_id":"hydraulic-native:eu-line-9996","layer_key":"eau_eu","layer_label":"Eau EU","economic_unit_id":"hydraulic-native:eu-line-9996","economic_state":"S0","economic_exposure_eur":71122.0,"economic_damage_eur":1412.0,"economic_damage_ratio_pct":1.985,"economic_asset_count":1,"criticality_territory":"guadeloupe","criticality_family":"eu","criticality_scenario":"rp100","criticality_period_years":"100","criticality_hazard":"storm_cmcc"},"geometry":{"type":"LineString","coordinates":[[-61.570662109205884,16.246001662977527],[-61.56997041575321,16.2459345933602]]}},{"type":"Feature","properties":{"feature_id":"hydraulic-native:eu-line-9998","layer_key":"eau_eu","layer_label":"Eau EU","economic_unit_id":"hydraulic-native:eu-line-9998","economic_state":"S0","economic_exposure_eur":80191.0,"economic_damage_eur":1592.0,"economic_damage_ratio_pct":1.985,"economic_asset_count":1,"criticality_territory":"guadeloupe","criticality_family":"eu","criticality_scenario":"rp100","criticality_period_years":"100","criticality_hazard":"storm_cmcc"},"geometry":{"type":"LineString","coordinates":[[-61.56974205888192,16.245426399279964],[-61.56971720579657,16.245938380794325],[-61.56997041575321,16.2459345933602]]}},{"type":"Feature","properties":{"feature_id":"hydraulic-native:eu-line-10012","layer_key":"eau_eu","layer_label":"Eau EU","economic_unit_id":"hydraulic-native:eu-line-10012","economic_state":"S0","economic_exposure_eur":65095.0,"economic_damage_eur":1292.0,"economic_damage_ratio_pct":1.985,"economic_asset_count":1,"criticality_territory":"guadeloupe","criticality_family":"eu","criticality_scenario":"rp100","criticality_period_years":"100","criticality_hazard":"storm_cmcc"},"geometry":{"type":"LineString","coordinates":[[-61.67431677516755,16.272759224035056],[-61.67370706618226,16.272583185301432]]}},{"type":"Feature","properties":{"feature_id":"hydraulic-native:eu-line-10083","layer_key":"eau_eu","layer_label":"Eau EU","economic_unit_id":"hydraulic-native:eu-line-10083","economic_state":"S0","economic_exposure_eur":13623.0,"economic_damage_eur":270.0,"economic_damage_ratio_pct":1.986,"economic_asset_count":1,"criticality_territory":"guadeloupe","criticality_family":"eu","criticality_scenario":"rp100","criticality_period_years":"100","criticality_hazard":"storm_cmcc"},"geometry":{"type":"LineString","coordinates":[[-61.5368645688008,16.251329756580176],[-61.53677740050001,16.2514269975]]}},{"type":"Feature","properties":{"feature_id":"hydraulic-native:eu-line-10170","layer_key":"eau_eu","layer_label":"Eau EU","economic_unit_id":"hydraulic-native:eu-line-10170","economic_state":"S0","economic_exposure_eur":57937.0,"economic_damage_eur":1151.0,"economic_damage_ratio_pct":1.987,"economic_asset_count":1,"criticality_territory":"guadeloupe","criticality_family":"eu","criticality_scenario":"rp100","criticality_period_years":"100","criticality_hazard":"storm_cmcc"},"geometry":{"type":"LineString","coordinates":[[-61.688616674025965,16.326895280755068],[-61.68808814818704,16.32669823549183]]}},{"type":"Feature","properties":{"feature_id":"hydraulic-native:eu-line-10171","layer_key":"eau_eu","layer_label":"Eau EU","economic_unit_id":"hydraulic-native:eu-line-10171","economic_state":"S0","economic_exposure_eur":23349.0,"economic_damage_eur":464.0,"economic_damage_ratio_pct":1.985,"economic_asset_count":1,"criticality_territory":"guadeloupe","criticality_family":"eu","criticality_scenario":"rp100","criticality_period_years":"100","criticality_hazard":"storm_cmcc"},"geometry":{"type":"LineString","coordinates":[[-61.67236784744281,16.27430051060837],[-61.67236993198099,16.27408004600086]]}},{"type":"Feature","properties":{"feature_id":"hydraulic-native:eu-line-10172","layer_key":"eau_eu","layer_label":"Eau EU","economic_unit_id":"hydraulic-native:eu-line-10172","economic_state":"S0","economic_exposure_eur":40684.0,"economic_damage_eur":807.0,"economic_damage_ratio_pct":1.984,"economic_asset_count":1,"criticality_territory":"guadeloupe","criticality_family":"eu","criticality_scenario":"rp100","criticality_period_years":"100","criticality_hazard":"storm_cmcc"},"geometry":{"type":"LineString","coordinates":[[-61.32367464273845,16.326306458566034],[-61.32367395716667,16.326690563499998]]}},{"type":"Feature","properties":{"feature_id":"hydraulic-native:eu-line-10173","layer_key":"eau_eu","layer_label":"Eau EU","economic_unit_id":"hydraulic-native:eu-line-10173","economic_state":"S0","economic_exposure_eur":49877.0,"economic_damage_eur":990.0,"economic_damage_ratio_pct":1.984,"economic_asset_count":1,"criticality_territory":"guadeloupe","criticality_family":"eu","criticality_scenario":"rp100","criticality_period_years":"100","criticality_hazard":"storm_cmcc"},"geometry":{"type":"LineString","coordinates":[[-61.32291409129848,16.329294703729076],[-61.32287329931933,16.32953599824899],[-61.32276791599999,16.3297382515]]}},{"type":"Feature","properties":{"feature_id":"hydraulic-native:eu-line-10174","layer_key":"eau_eu","layer_label":"Eau EU","economic_unit_id":"hydraulic-native:eu-line-10174","economic_state":"S0","economic_exposure_eur":92571.0,"economic_damage_eur":1837.0,"economic_damage_ratio_pct":1.985,"economic_asset_count":1,"criticality_territory":"guadeloupe","criticality_family":"eu","criticality_scenario":"rp100","criticality_period_years":"100","criticality_hazard":"storm_cmcc"},"geometry":{"type":"LineString","coordinates":[[-61.32352727319611,16.33021356379147],[-61.32276791599999,16.3297382515]]}},{"type":"Feature","properties":{"feature_id":"hydraulic-native:eu-line-10175","layer_key":"eau_eu","layer_label":"Eau EU","economic_unit_id":"hydraulic-native:eu-line-10175","economic_state":"S0","economic_exposure_eur":187099.0,"economic_damage_eur":3713.0,"economic_damage_ratio_pct":1.985,"economic_asset_count":1,"criticality_territory":"guadeloupe","criticality_family":"eu","criticality_scenario":"rp100","criticality_period_years":"100","criticality_hazard":"storm_cmcc"},"geometry":{"type":"LineString","coordinates":[[-61.3226089407375,16.329681287672507],[-61.322568368166664,16.330156409833332],[-61.32312833537883,16.33049648874738],[-61.32349584132366,16.3307761611418],[-61.323484889666666,16.33097395583334]]}},{"type":"Feature","properties":{"feature_id":"hydraulic-native:eu-line-10176","layer_key":"eau_eu","layer_label":"Eau EU","economic_unit_id":"hydraulic-native:eu-line-10176","economic_state":"S0","economic_exposure_eur":234641.0,"economic_damage_eur":4658.0,"economic_damage_ratio_pct":1.985,"economic_asset_count":1,"criticality_territory":"guadeloupe","criticality_family":"eu","criticality_scenario":"rp100","criticality_period_years":"100","criticality_hazard":"storm_cmcc"},"geometry":{"type":"LineString","coordinates":[[-61.32559418628073,16.33173469058807],[-61.325462696020026,16.331754236121807],[-61.324737221912194,16.331575665388552],[-61.3242077887051,16.331395468095153],[-61.32403740619474,16.33130089538475],[-61.323946847462985,16.331209469436477],[-61.323484889666666,16.33097395583334]]}},{"type":"Feature","properties":{"feature_id":"hydraulic-native:eu-line-10179","layer_key":"eau_eu","layer_label":"Eau EU","economic_unit_id":"hydraulic-native:eu-line-10179","economic_state":"S0","economic_exposure_eur":194766.0,"economic_damage_eur":3865.0,"economic_damage_ratio_pct":1.985,"economic_asset_count":1,"criticality_territory":"guadeloupe","criticality_family":"eu","criticality_scenario":"rp100","criticality_period_years":"100","criticality_hazard":"storm_cmcc"},"geometry":{"type":"LineString","coordinates":[[-61.32366322267563,16.327094675778795],[-61.32392866007719,16.32891554655976]]}},{"type":"Feature","properties":{"feature_id":"hydraulic-native:eu-line-10180","layer_key":"eau_eu","layer_label":"Eau EU","economic_unit_id":"hydraulic-native:eu-line-10180","economic_state":"S0","economic_exposure_eur":20049.0,"economic_damage_eur":398.0,"economic_damage_ratio_pct":1.986,"economic_asset_count":1,"criticality_territory":"guadeloupe","criticality_family":"eu","criticality_scenario":"rp100","criticality_period_years":"100","criticality_hazard":"storm_cmcc"},"geometry":{"type":"LineString","coordinates":[[-61.594852757841714,16.24621842279365],[-61.59466133997972,16.24625898691534]]}},{"type":"Feature","properties":{"feature_id":"hydraulic-native:eu-line-10181","layer_key":"eau_eu","layer_label":"Eau EU","economic_unit_id":"hydraulic-native:eu-line-10181","economic_state":"S0","economic_exposure_eur":8528.0,"economic_damage_eur":169.0,"economic_damage_ratio_pct":1.986,"economic_asset_count":1,"criticality_territory":"guadeloupe","criticality_family":"eu","criticality_scenario":"rp100","criticality_period_years":"100","criticality_hazard":"storm_cmcc"},"geometry":{"type":"LineString","coordinates":[[-61.59435690391247,16.24632350077761],[-61.594275487658194,16.24634075383134]]}},{"type":"Feature","properties":{"feature_id":"hydraulic-native:eu-line-10182","layer_key":"eau_eu","layer_label":"Eau EU","economic_unit_id":"hydraulic-native:eu-line-10182","economic_state":"S0","economic_exposure_eur":11001.0,"economic_damage_eur":218.0,"economic_damage_ratio_pct":1.985,"economic_asset_count":1,"criticality_territory":"guadeloupe","criticality_family":"eu","criticality_scenario":"rp100","criticality_period_years":"100","criticality_hazard":"storm_cmcc"},"geometry":{"type":"LineString","coordinates":[[-61.59425504361905,16.246238774937872],[-61.594275487658194,16.24634075383134]]}},{"type":"Feature","properties":{"feature_id":"hydraulic-native:eu-line-10183","layer_key":"eau_eu","layer_label":"Eau EU","economic_unit_id":"hydraulic-native:eu-line-10183","economic_state":"S0","economic_exposure_eur":21618.0,"economic_damage_eur":429.0,"economic_damage_ratio_pct":1.986,"economic_asset_count":1,"criticality_territory":"guadeloupe","criticality_family":"eu","criticality_scenario":"rp100","criticality_period_years":"100","criticality_hazard":"storm_cmcc"},"geometry":{"type":"LineString","coordinates":[[-61.594333088727225,16.2465371434788],[-61.594275487658194,16.24634075383134]]}},{"type":"Feature","properties":{"feature_id":"hydraulic-native:eu-line-10184","layer_key":"eau_eu","layer_label":"Eau EU","economic_unit_id":"hydraulic-native:eu-line-10184","economic_state":"S0","economic_exposure_eur":13161.0,"economic_damage_eur":261.0,"economic_damage_ratio_pct":1.985,"economic_asset_count":1,"criticality_territory":"guadeloupe","criticality_family":"eu","criticality_scenario":"rp100","criticality_period_years":"100","criticality_hazard":"storm_cmcc"},"geometry":{"type":"LineString","coordinates":[[-61.594482557814075,16.246296873181983],[-61.59435690391247,16.24632350077761]]}},{"type":"Feature","properties":{"feature_id":"hydraulic-native:eu-line-10185","layer_key":"eau_eu","layer_label":"Eau EU","economic_unit_id":"hydraulic-native:eu-line-10185","economic_state":"S0","economic_exposure_eur":16646.0,"economic_damage_eur":331.0,"economic_damage_ratio_pct":1.986,"economic_asset_count":1,"criticality_territory":"guadeloupe","criticality_family":"eu","criticality_scenario":"rp100","criticality_period_years":"100","criticality_hazard":"storm_cmcc"},"geometry":{"type":"LineString","coordinates":[[-61.59424588081176,16.24608184589265],[-61.59425504361905,16.246238774937872]]}},{"type":"Feature","properties":{"feature_id":"hydraulic-native:eu-line-10186","layer_key":"eau_eu","layer_label":"Eau EU","economic_unit_id":"hydraulic-native:eu-line-10186","economic_state":"S0","economic_exposure_eur":24099.0,"economic_damage_eur":478.0,"economic_damage_ratio_pct":1.986,"economic_asset_count":1,"criticality_territory":"guadeloupe","criticality_family":"eu","criticality_scenario":"rp100","criticality_period_years":"100","criticality_hazard":"storm_cmcc"},"geometry":{"type":"LineString","coordinates":[[-61.594426327983044,16.246746108212726],[-61.594333088727225,16.2465371434788]]}},{"type":"Feature","properties":{"feature_id":"hydraulic-native:eu-line-10187","layer_key":"eau_eu","layer_label":"Eau EU","economic_unit_id":"hydraulic-native:eu-line-10187","economic_state":"S0","economic_exposure_eur":12505.0,"economic_damage_eur":248.0,"economic_damage_ratio_pct":1.986,"economic_asset_count":1,"criticality_territory":"guadeloupe","criticality_family":"eu","criticality_scenario":"rp100","criticality_period_years":"100","criticality_hazard":"storm_cmcc"},"geometry":{"type":"LineString","coordinates":[[-61.594507752173456,16.2468341667027],[-61.594426327983044,16.246746108212726]]}},{"type":"Feature","properties":{"feature_id":"hydraulic-native:eu-line-10188","layer_key":"eau_eu","layer_label":"Eau EU","economic_unit_id":"hydraulic-native:eu-line-10188","economic_state":"S0","economic_exposure_eur":11510.0,"economic_damage_eur":229.0,"economic_damage_ratio_pct":1.985,"economic_asset_count":1,"criticality_territory":"guadeloupe","criticality_family":"eu","criticality_scenario":"rp100","criticality_period_years":"100","criticality_hazard":"storm_cmcc"},"geometry":{"type":"LineString","coordinates":[[-61.59499665939697,16.246587211380202],[-61.59489942067565,16.246532550854642]]}},{"type":"Feature","properties":{"feature_id":"hydraulic-native:eu-line-10570","layer_key":"eau_eu","layer_label":"Eau EU","economic_unit_id":"hydraulic-native:eu-line-10570","economic_state":"S0","economic_exposure_eur":90645.0,"economic_damage_eur":1799.0,"economic_damage_ratio_pct":1.985,"economic_asset_count":1,"criticality_territory":"guadeloupe","criticality_family":"eu","criticality_scenario":"rp100","criticality_period_years":"100","criticality_hazard":"storm_cmcc"},"geometry":{"type":"LineString","coordinates":[[-61.32392866007719,16.32891554655976],[-61.324458640994216,16.328889543399654],[-61.32479057529718,16.32876636196099]]}},{"type":"Feature","properties":{"feature_id":"hydraulic-native:eu-line-10572","layer_key":"eau_eu","layer_label":"Eau EU","economic_unit_id":"hydraulic-native:eu-line-10572","economic_state":"S0","economic_exposure_eur":51222.0,"economic_damage_eur":1017.0,"economic_damage_ratio_pct":1.985,"economic_asset_count":1,"criticality_territory":"guadeloupe","criticality_family":"eu","criticality_scenario":"rp100","criticality_period_years":"100","criticality_hazard":"storm_cmcc"},"geometry":{"type":"LineString","coordinates":[[-61.32479057529718,16.32876636196099],[-61.324785145666674,16.329249924666666]]}},{"type":"Feature","properties":{"feature_id":"hydraulic-native:eu-line-10909","layer_key":"eau_eu","layer_label":"Eau EU","economic_unit_id":"hydraulic-native:eu-line-10909","economic_state":"S0","economic_exposure_eur":38395.0,"economic_damage_eur":763.0,"economic_damage_ratio_pct":1.987,"economic_asset_count":1,"criticality_territory":"guadeloupe","criticality_family":"eu","criticality_scenario":"rp100","criticality_period_years":"100","criticality_hazard":"storm_cmcc"},"geometry":{"type":"LineString","coordinates":[[-61.68982392252266,16.326705064314098],[-61.689639376057706,16.32702079459373]]}},{"type":"Feature","properties":{"feature_id":"hydraulic-native:eu-line-10935","layer_key":"eau_eu","layer_label":"Eau EU","economic_unit_id":"hydraulic-native:eu-line-10935","economic_state":"S0","economic_exposure_eur":78699.0,"economic_damage_eur":1562.0,"economic_damage_ratio_pct":1.985,"economic_asset_count":1,"criticality_territory":"guadeloupe","criticality_family":"eu","criticality_scenario":"rp100","criticality_period_years":"100","criticality_hazard":"storm_cmcc"},"geometry":{"type":"LineString","coordinates":[[-61.570438251646124,16.247498771023395],[-61.570644888833336,16.246782988666666]]}},{"type":"Feature","properties":{"feature_id":"hydraulic-native:eu-line-11095","layer_key":"eau_eu","layer_label":"Eau EU","economic_unit_id":"hydraulic-native:eu-line-11095","economic_state":"S0","economic_exposure_eur":27804.0,"economic_damage_eur":552.0,"economic_damage_ratio_pct":1.985,"economic_asset_count":1,"criticality_territory":"guadeloupe","criticality_family":"eu","criticality_scenario":"rp100","criticality_period_years":"100","criticality_hazard":"storm_cmcc"},"geometry":{"type":"LineString","coordinates":[[-61.67242144712332,16.274337833974357],[-61.67236993198099,16.27408004600086]]}},{"type":"Feature","properties":{"feature_id":"hydraulic-native:eu-line-11125","layer_key":"eau_eu","layer_label":"Eau EU","economic_unit_id":"hydraulic-native:eu-line-11125","economic_state":"S0","economic_exposure_eur":26739.0,"economic_damage_eur":531.0,"economic_damage_ratio_pct":1.987,"economic_asset_count":1,"criticality_territory":"guadeloupe","criticality_family":"eu","criticality_scenario":"rp100","criticality_period_years":"100","criticality_hazard":"storm_cmcc"},"geometry":{"type":"LineString","coordinates":[[-61.68775493768115,16.327800519795638],[-61.68763823236548,16.327574580512035]]}},{"type":"Feature","properties":{"feature_id":"hydraulic-native:eu-line-11564","layer_key":"eau_eu","layer_label":"Eau EU","economic_unit_id":"hydraulic-native:eu-line-11564","economic_state":"S0","economic_exposure_eur":60951.0,"economic_damage_eur":1211.0,"economic_damage_ratio_pct":1.987,"economic_asset_count":1,"criticality_territory":"guadeloupe","criticality_family":"eu","criticality_scenario":"rp100","criticality_period_years":"100","criticality_hazard":"storm_cmcc"},"geometry":{"type":"LineString","coordinates":[[-61.68865490681896,16.324784038267396],[-61.688232081097276,16.325189669565344]]}},{"type":"Feature","properties":{"feature_id":"hydraulic-native:eu-line-11994","layer_key":"eau_eu","layer_label":"Eau EU","economic_unit_id":"hydraulic-native:eu-line-11994","economic_state":"S0","economic_exposure_eur":7717.0,"economic_damage_eur":153.0,"economic_damage_ratio_pct":1.985,"economic_asset_count":1,"criticality_territory":"guadeloupe","criticality_family":"eu","criticality_scenario":"rp100","criticality_period_years":"100","criticality_hazard":"storm_cmcc"},"geometry":{"type":"LineString","coordinates":[[-61.67243861554747,16.274110198161296],[-61.67236993198099,16.27408004600086]]}},{"type":"Feature","properties":{"feature_id":"hydraulic-native:eu-line-12971","layer_key":"eau_eu","layer_label":"Eau EU","economic_unit_id":"hydraulic-native:eu-line-12971","economic_state":"S0","economic_exposure_eur":85793.0,"economic_damage_eur":1699.0,"economic_damage_ratio_pct":1.981,"economic_asset_count":1,"criticality_territory":"guadeloupe","criticality_family":"eu","criticality_scenario":"rp100","criticality_period_years":"100","criticality_hazard":"storm_cmcc"},"geometry":{"type":"LineString","coordinates":[[-61.56162198946215,16.09646261279296],[-61.56170157,16.097269038333334]]}},{"type":"Feature","properties":{"feature_id":"hydraulic-native:eu-line-13644","layer_key":"eau_eu","layer_label":"Eau EU","economic_unit_id":"hydraulic-native:eu-line-13644","economic_state":"S0","economic_exposure_eur":10150.0,"economic_damage_eur":202.0,"economic_damage_ratio_pct":1.986,"economic_asset_count":1,"criticality_territory":"guadeloupe","criticality_family":"eu","criticality_scenario":"rp100","criticality_period_years":"100","criticality_hazard":"storm_cmcc"},"geometry":{"type":"LineString","coordinates":[[-61.59494966760551,16.246197886185954],[-61.594852757841714,16.24621842279365]]}},{"type":"Feature","properties":{"feature_id":"hydraulic-native:eu-line-13645","layer_key":"eau_eu","layer_label":"Eau EU","economic_unit_id":"hydraulic-native:eu-line-13645","economic_state":"S0","economic_exposure_eur":5194.0,"economic_damage_eur":103.0,"economic_damage_ratio_pct":1.986,"economic_asset_count":1,"criticality_territory":"guadeloupe","criticality_family":"eu","criticality_scenario":"rp100","criticality_period_years":"100","criticality_hazard":"storm_cmcc"},"geometry":{"type":"LineString","coordinates":[[-61.5951470702838,16.246536580281862],[-61.59512824747337,16.246582126121417]]}},{"type":"Feature","properties":{"feature_id":"hydraulic-native:eu-line-13648","layer_key":"eau_eu","layer_label":"Eau EU","economic_unit_id":"hydraulic-native:eu-line-13648","economic_state":"S0","economic_exposure_eur":13473.0,"economic_damage_eur":268.0,"economic_damage_ratio_pct":1.985,"economic_asset_count":1,"criticality_territory":"guadeloupe","criticality_family":"eu","criticality_scenario":"rp100","criticality_period_years":"100","criticality_hazard":"storm_cmcc"},"geometry":{"type":"LineString","coordinates":[[-61.59512824747337,16.246582126121417],[-61.59499665939697,16.246587211380202]]}},{"type":"Feature","properties":{"feature_id":"hydraulic-native:eu-line-13737","layer_key":"eau_eu","layer_label":"Eau EU","economic_unit_id":"hydraulic-native:eu-line-13737","economic_state":"S0","economic_exposure_eur":6546.0,"economic_damage_eur":129.0,"economic_damage_ratio_pct":1.976,"economic_asset_count":1,"criticality_territory":"guadeloupe","criticality_family":"eu","criticality_scenario":"rp100","criticality_period_years":"100","criticality_hazard":"storm_cmcc"},"geometry":{"type":"LineString","coordinates":[[-61.616600663418616,15.855325980818854],[-61.61662372526645,15.855268343154796]]}},{"type":"Feature","properties":{"feature_id":"hydraulic-native:eu-line-13771","layer_key":"eau_eu","layer_label":"Eau EU","economic_unit_id":"hydraulic-native:eu-line-13771","economic_state":"S0","economic_exposure_eur":825494.0,"economic_damage_eur":16368.0,"economic_damage_ratio_pct":1.983,"economic_asset_count":1,"criticality_territory":"guadeloupe","criticality_family":"eu","criticality_scenario":"rp100","criticality_period_years":"100","criticality_hazard":"storm_cmcc"},"geometry":{"type":"LineString","coordinates":[[-61.587004375043335,16.130726380556272],[-61.58641566268476,16.13065330944957],[-61.58606976571255,16.130692224889387],[-61.5857494794235,16.130769574098295],[-61.58548197865159,16.130917915071013],[-61.58504407058191,16.131263806531045],[-61.584768862147584,16.13142534079611],[-61.58456743327318,16.13148875956407],[-61.58417577630834,16.131539141824348],[-61.58354707055757,16.1315231939833],[-61.58259716599796,16.131712621382007],[-61.5824277610126,16.131768892304372],[-61.58222687479009,16.13196991735482],[-61.581449061701136,16.132153124678666],[-61.58065732745954,16.132580540274738],[-61.58028004057028,16.131468359996074]]}},{"type":"Feature","properties":{"feature_id":"hydraulic-native:eu-line-13772","layer_key":"eau_eu","layer_label":"Eau EU","economic_unit_id":"hydraulic-native:eu-line-13772","economic_state":"S0","economic_exposure_eur":912694.0,"economic_damage_eur":18105.0,"economic_damage_ratio_pct":1.984,"economic_asset_count":1,"criticality_territory":"guadeloupe","criticality_family":"eu","criticality_scenario":"rp100","criticality_period_years":"100","criticality_hazard":"storm_cmcc"},"geometry":{"type":"LineString","coordinates":[[-61.25670126169981,16.256284608140206],[-61.2560081073734,16.256538175133873],[-61.25537343918209,16.25664772542661],[-61.253227668410744,16.25675364632177],[-61.25246179253356,16.256541319439748],[-61.25148451829081,16.256118292609163],[-61.25048738134497,16.255874619944862],[-61.249404427002574,16.25568909335083],[-61.24867350080379,16.255659507518022],[-61.24802662205627,16.2557718776939]]}},{"type":"Feature","properties":{"feature_id":"hydraulic-native:eu-line-13774","layer_key":"eau_eu","layer_label":"Eau EU","economic_unit_id":"hydraulic-native:eu-line-13774","economic_state":"S0","economic_exposure_eur":439762.0,"economic_damage_eur":8700.0,"economic_damage_ratio_pct":1.978,"economic_asset_count":1,"criticality_territory":"guadeloupe","criticality_family":"eu","criticality_scenario":"rp100","criticality_period_years":"100","criticality_hazard":"storm_cmcc"},"geometry":{"type":"LineString","coordinates":[[-61.73512305810561,15.999913974071298],[-61.73530012463135,16.000052783894304],[-61.73558377489105,16.000198203605475],[-61.73573849321451,16.00012218876966],[-61.73500444072432,15.999299243695953],[-61.73344350474978,15.997693003788996],[-61.7332909352919,15.997752907515231]]}},{"type":"Feature","properties":{"feature_id":"hydraulic-native:eu-line-13775","layer_key":"eau_eu","layer_label":"Eau EU","economic_unit_id":"hydraulic-native:eu-line-13775","economic_state":"S0","economic_exposure_eur":171361.0,"economic_damage_eur":3400.0,"economic_damage_ratio_pct":1.984,"economic_asset_count":1,"criticality_territory":"guadeloupe","criticality_family":"eu","criticality_scenario":"rp100","criticality_period_years":"100","criticality_hazard":"storm_cmcc"},"geometry":{"type":"LineString","coordinates":[[-61.6316845651071,16.212344738796126],[-61.631773494843095,16.21246535775948],[-61.63186023940266,16.212837282272393],[-61.63180671397882,16.213714248758205],[-61.63183916912619,16.213922145165345]]}},{"type":"Feature","properties":{"feature_id":"hydraulic-native:eu-line-13778","layer_key":"eau_eu","layer_label":"Eau EU","economic_unit_id":"hydraulic-native:eu-line-13778","economic_state":"S0","economic_exposure_eur":138481.0,"economic_damage_eur":2748.0,"economic_damage_ratio_pct":1.984,"economic_asset_count":1,"criticality_territory":"guadeloupe","criticality_family":"eu","criticality_scenario":"rp100","criticality_period_years":"100","criticality_hazard":"storm_cmcc"},"geometry":{"type":"LineString","coordinates":[[-61.49837628430936,16.27901343044734],[-61.497580124241665,16.28007049841246]]}},{"type":"Feature","properties":{"feature_id":"hydraulic-native:eu-line-13779","layer_key":"eau_eu","layer_label":"Eau EU","economic_unit_id":"hydraulic-native:eu-line-13779","economic_state":"S0","economic_exposure_eur":613587.0,"economic_damage_eur":12145.0,"economic_damage_ratio_pct":1.979,"economic_asset_count":1,"criticality_territory":"guadeloupe","criticality_family":"eu","criticality_scenario":"rp100","criticality_period_years":"100","criticality_hazard":"storm_cmcc"},"geometry":{"type":"LineString","coordinates":[[-61.6979380378577,15.947245141457705],[-61.69773920353207,15.947398561386182],[-61.6977011121047,15.948231788729338],[-61.698167732089935,15.948607197719468],[-61.69868196635936,15.949348857316773],[-61.69918667777195,15.94938548241098],[-61.699405703479286,15.949870764277579],[-61.699215246342476,15.950360623083657],[-61.69925333776983,15.950607841092038],[-61.698862900639334,15.951477679809154],[-61.698900992066704,15.951967534688483]]}},{"type":"Feature","properties":{"feature_id":"hydraulic-native:eu-line-13780","layer_key":"eau_eu","layer_label":"Eau EU","economic_unit_id":"hydraulic-native:eu-line-13780","economic_state":"S0","economic_exposure_eur":22732.0,"economic_damage_eur":450.0,"economic_damage_ratio_pct":1.98,"economic_asset_count":1,"criticality_territory":"guadeloupe","criticality_family":"eu","criticality_scenario":"rp100","criticality_period_years":"100","criticality_hazard":"storm_cmcc"},"geometry":{"type":"LineString","coordinates":[[-61.698862900639334,15.951477679809154],[-61.698643874931975,15.951509726426632]]}},{"type":"Feature","properties":{"feature_id":"hydraulic-native:eu-line-13781","layer_key":"eau_eu","layer_label":"Eau EU","economic_unit_id":"hydraulic-native:eu-line-13781","economic_state":"S0","economic_exposure_eur":17611.0,"economic_damage_eur":348.0,"economic_damage_ratio_pct":1.979,"economic_asset_count":1,"criticality_territory":"guadeloupe","criticality_family":"eu","criticality_scenario":"rp100","criticality_period_years":"100","criticality_hazard":"storm_cmcc"},"geometry":{"type":"LineString","coordinates":[[-61.700291128997904,15.94717907081623],[-61.700121554483374,15.947167363075641]]}},{"type":"Feature","properties":{"feature_id":"hydraulic-native:eu-line-13782","layer_key":"eau_eu","layer_label":"Eau EU","economic_unit_id":"hydraulic-native:eu-line-13782","economic_state":"S0","economic_exposure_eur":36780.0,"economic_damage_eur":728.0,"economic_damage_ratio_pct":1.979,"economic_asset_count":1,"criticality_territory":"guadeloupe","criticality_family":"eu","criticality_scenario":"rp100","criticality_period_years":"100","criticality_hazard":"storm_cmcc"},"geometry":{"type":"LineString","coordinates":[[-61.699303118002554,15.94731045488231],[-61.699662076640784,15.947313865006327]]}},{"type":"Feature","properties":{"feature_id":"hydraulic-native:eu-line-13788","layer_key":"eau_eu","layer_label":"Eau EU","economic_unit_id":"hydraulic-native:eu-line-13788","economic_state":"S0","economic_exposure_eur":31256.0,"economic_damage_eur":618.0,"economic_damage_ratio_pct":1.978,"economic_asset_count":1,"criticality_territory":"guadeloupe","criticality_family":"eu","criticality_scenario":"rp100","criticality_period_years":"100","criticality_hazard":"storm_cmcc"},"geometry":{"type":"LineString","coordinates":[[-61.69996264180983,15.94685604611749],[-61.69965791039091,15.94686978069936]]}},{"type":"Feature","properties":{"feature_id":"hydraulic-native:eu-line-13789","layer_key":"eau_eu","layer_label":"Eau EU","economic_unit_id":"hydraulic-native:eu-line-13789","economic_state":"S0","economic_exposure_eur":83894.0,"economic_damage_eur":1660.0,"economic_damage_ratio_pct":1.979,"economic_asset_count":1,"criticality_territory":"guadeloupe","criticality_family":"eu","criticality_scenario":"rp100","criticality_period_years":"100","criticality_hazard":"storm_cmcc"},"geometry":{"type":"LineString","coordinates":[[-61.699962641809826,15.94685604611749],[-61.70009060519863,15.946837161065885],[-61.70041557268835,15.946913845809863],[-61.70071390593786,15.94709897639556]]}},{"type":"Feature","properties":{"feature_id":"hydraulic-native:eu-line-13790","layer_key":"eau_eu","layer_label":"Eau EU","economic_unit_id":"hydraulic-native:eu-line-13790","economic_state":"S0","economic_exposure_eur":50222.0,"economic_damage_eur":994.0,"economic_damage_ratio_pct":1.979,"economic_asset_count":1,"criticality_territory":"guadeloupe","criticality_family":"eu","criticality_scenario":"rp100","criticality_period_years":"100","criticality_hazard":"storm_cmcc"},"geometry":{"type":"LineString","coordinates":[[-61.69932138147969,15.947130733919689],[-61.69883120738136,15.947131309849706]]}},{"type":"Feature","properties":{"feature_id":"hydraulic-native:eu-line-13791","layer_key":"eau_eu","layer_label":"Eau EU","economic_unit_id":"hydraulic-native:eu-line-13791","economic_state":"S0","economic_exposure_eur":40116.0,"economic_damage_eur":794.0,"economic_damage_ratio_pct":1.979,"economic_asset_count":1,"criticality_territory":"guadeloupe","criticality_family":"eu","criticality_scenario":"rp100","criticality_period_years":"100","criticality_hazard":"storm_cmcc"},"geometry":{"type":"LineString","coordinates":[[-61.699294466047036,15.947444673767052],[-61.69919307594134,15.947561659043899],[-61.69895976594871,15.947547924509397]]}},{"type":"Feature","properties":{"feature_id":"hydraulic-native:eu-line-13792","layer_key":"eau_eu","layer_label":"Eau EU","economic_unit_id":"hydraulic-native:eu-line-13792","economic_state":"S0","economic_exposure_eur":17958.0,"economic_damage_eur":355.0,"economic_damage_ratio_pct":1.979,"economic_asset_count":1,"criticality_territory":"guadeloupe","criticality_family":"eu","criticality_scenario":"rp100","criticality_period_years":"100","criticality_hazard":"storm_cmcc"},"geometry":{"type":"LineString","coordinates":[[-61.699284748742286,15.947617958837197],[-61.6994597159329,15.94762804261396]]}},{"type":"Feature","properties":{"feature_id":"hydraulic-native:eu-line-13793","layer_key":"eau_eu","layer_label":"Eau EU","economic_unit_id":"hydraulic-native:eu-line-13793","economic_state":"S0","economic_exposure_eur":20664.0,"economic_damage_eur":409.0,"economic_damage_ratio_pct":1.979,"economic_asset_count":1,"criticality_territory":"guadeloupe","criticality_family":"eu","criticality_scenario":"rp100","criticality_period_years":"100","criticality_hazard":"storm_cmcc"},"geometry":{"type":"LineString","coordinates":[[-61.6992589942706,15.947984429296445],[-61.6994597159329,15.948003452734525]]}},{"type":"Feature","properties":{"feature_id":"hydraulic-native:eu-line-13794","layer_key":"eau_eu","layer_label":"Eau EU","economic_unit_id":"hydraulic-native:eu-line-13794","economic_state":"S0","economic_exposure_eur":49739.0,"economic_damage_eur":984.0,"economic_damage_ratio_pct":1.979,"economic_asset_count":1,"criticality_territory":"guadeloupe","criticality_family":"eu","criticality_scenario":"rp100","criticality_period_years":"100","criticality_hazard":"storm_cmcc"},"geometry":{"type":"LineString","coordinates":[[-61.6992589942706,15.947984429296445],[-61.698774070240326,15.947962249219062]]}},{"type":"Feature","properties":{"feature_id":"hydraulic-native:eu-line-13795","layer_key":"eau_eu","layer_label":"Eau EU","economic_unit_id":"hydraulic-native:eu-line-13795","economic_state":"S0","economic_exposure_eur":438630.0,"economic_damage_eur":8680.0,"economic_damage_ratio_pct":1.979,"economic_asset_count":1,"criticality_territory":"guadeloupe","criticality_family":"eu","criticality_scenario":"rp100","criticality_period_years":"100","criticality_hazard":"storm_cmcc"},"geometry":{"type":"LineString","coordinates":[[-61.70071390593786,15.94709897639556],[-61.700414977509766,15.946908409205838],[-61.70008495100237,15.946822281933047],[-61.69933978745454,15.946858907488775],[-61.69920408674458,15.94851735142451],[-61.69904934032091,15.948611203604267],[-61.698844598898816,15.94867529775057],[-61.69842559319778,15.948570000213683],[-61.69820180606203,15.948560843903524],[-61.698167732089935,15.948607197719468]]}}],"metadata":{"source":"complete-analysis economic criticality reconstructed by generate_run_graphs","territory":"guadeloupe","family":"eu","scenario":"rp100","scenario_label":"RP100","period_years":"100","hazard":"storm_cmcc","note":"Criticite economique reconstruite avec le moteur PML/interdependances utilise par state_damage_tables. Couleur: etat economique dominant par valeur exposee dans chaque zone hydraulique. Geometrie: geometries d'unites de service hydraulique. Epaisseur: valeur exposee pour les troncons lineaires. Controle carte: S0 2.0%, S1 0.0%, S2 98.0%, S3 0.0%; controle matrice: S0 2.0%, S1 0.0%, S2 98.0%, S3 0.0%. Unites cartographiees: 270/270 geometries, 270 unites economiques.","feature_count":270,"map_reference_pct":{"S0":1.953,"S1":0.0,"S2":98.047,"S3":0.0},"matrix_reference_pct":{"S0":1.953,"S1":0.0,"S2":98.047,"S3":0.0}}}