{"type":"FeatureCollection","features":[{"type":"Feature","properties":{"feature_id":"EU_080000197202__P1","layer_key":"eau_eu","layer_label":"Eau EU","economic_unit_id":"EU_080000197202__P1","economic_state":"S2","economic_exposure_eur":13224270.0,"economic_damage_eur":2054756.0,"economic_damage_ratio_pct":15.538,"economic_asset_count":391,"criticality_territory":"martinique","criticality_family":"eu","criticality_scenario":"rp100","criticality_period_years":"100","criticality_hazard":"storm_cmcc"},"geometry":{"type":"MultiPolygon","coordinates":[[[[-61.06947159705204,14.485418427951938],[-61.06824851684081,14.485503268254508],[-61.068879489753975,14.484352936751984],[-61.069344887320604,14.484092232313207],[-61.06947159705204,14.485418427951938]]],[[[-61.0844502138168,14.493774761339344],[-61.08357079730455,14.493867400931736],[-61.08356241637947,14.494593661687858],[-61.08213490633252,14.494579661900467],[-61.08165822314378,14.495254935905875],[-61.08207165456476,14.496718502783937],[-61.08377979930467,14.496359109936664],[-61.083974968471246,14.497401487923991],[-61.0845069694897,14.497568679037627],[-61.08454530711259,14.500447569202597],[-61.08537864583917,14.504041013003642],[-61.08647934120206,14.505734820996452],[-61.08699060117596,14.505875388990225],[-61.08704531648076,14.506568154296684],[-61.08851156777226,14.506592229657477],[-61.08871198465349,14.507401487358178],[-61.08947162430956,14.507517124460557],[-61.089314905216234,14.508853781723321],[-61.08579308415268,14.508853781129364],[-61.0855626709645,14.508034067627257],[-61.084784052298446,14.507893498199632],[-61.08472933899885,14.507200734173338],[-61.08313636589264,14.507085095633967],[-61.08306267733282,14.503982612891907],[-61.08200623726584,14.50220073382709],[-61.08063637188462,14.502085095457982],[-61.080562682815305,14.500534066976124],[-61.07811739574385,14.500393497689444],[-61.07806268691748,14.498034066612966],[-61.077254065690994,14.497838815513322],[-61.07722935629186,14.496275660920015],[-61.07609970371415,14.494559854162457],[-61.07612102788019,14.493867399675807],[-61.07561740420539,14.493726830900625],[-61.07556269466225,14.493034066322515],[-61.074754072847014,14.492838815414537],[-61.074729364318635,14.491054800559267],[-61.07402507344649,14.48970073273173],[-61.073206974003334,14.489647427871487],[-61.07306270119114,14.488867399340316],[-61.072373641430936,14.48881409443765],[-61.07222936922473,14.488034065885392],[-61.0714207468095,14.487838815259565],[-61.071410015996776,14.48679263038172],[-61.07222937181496,14.486247728364413],[-61.072267704408844,14.485068680037104],[-61.07306270725886,14.48470073279577],[-61.06999066389596,14.48469465441697],[-61.0697293757521,14.48386739890237],[-61.06931911943069,14.48386739863284],[-61.07218035256268,14.48207104661214],[-61.074545278049214,14.481703161056034],[-61.074545280292185,14.48323482264546],[-61.07532390555909,14.483375389894222],[-61.07537861619845,14.484901489201858],[-61.07611686999948,14.48499412722068],[-61.07621195089148,14.485734822407204],[-61.07925247940831,14.485736344488183],[-61.0798042889744,14.486386981406621],[-61.08148854838457,14.486483761554783],[-61.08163674897864,14.488300184798828],[-61.08324681356392,14.486584781306734],[-61.085701905667236,14.486725814689763],[-61.08651898043747,14.48637444099519],[-61.087076988152305,14.486668695334169],[-61.08711315384496,14.487471221205446],[-61.086151916549376,14.488178785186468],[-61.083592379572075,14.491997015306357],[-61.08358771259072,14.492401487847172],[-61.08434489293539,14.492425563385211],[-61.0844502138168,14.493774761339344]]],[[[-61.07447160898778,14.495418428306893],[-61.0731813805093,14.495462271091935],[-61.07313638218536,14.494183792838662],[-61.074314897324754,14.494081775005379],[-61.07447160898778,14.495418428306893]]],[[[-61.07755399405576,14.48303406661235],[-61.077229376103915,14.48265582318301],[-61.07871194641619,14.48235850881942],[-61.07871194688966,14.482717777368824],[-61.07755399405576,14.48303406661235]]]]}},{"type":"Feature","properties":{"feature_id":"EU_080000197202__P2","layer_key":"eau_eu","layer_label":"Eau EU","economic_unit_id":"EU_080000197202__P2","economic_state":"S2","economic_exposure_eur":682162.0,"economic_damage_eur":105993.0,"economic_damage_ratio_pct":15.538,"economic_asset_count":41,"criticality_territory":"martinique","criticality_family":"eu","criticality_scenario":"rp100","criticality_period_years":"100","criticality_hazard":"storm_cmcc"},"geometry":{"type":"Polygon","coordinates":[[[-61.090378678194824,14.525613530811759],[-61.09023437994979,14.526314096116876],[-61.08954534581466,14.526367401114255],[-61.089373717353084,14.527163386687809],[-61.08751194912939,14.527197733800554],[-61.08726764946218,14.525902012459909],[-61.08806264467221,14.525734821197128],[-61.088117364559544,14.525042055818703],[-61.08889597936997,14.52469641035915],[-61.08906760798882,14.524105500871189],[-61.09104038132882,14.5241055005473],[-61.09120577243886,14.525279482320064],[-61.090378678194824,14.525613530811759]]]}},{"type":"Feature","properties":{"feature_id":"EU_080000197204","layer_key":"eau_eu","layer_label":"Eau EU","economic_unit_id":"EU_080000197204","economic_state":"S2","economic_exposure_eur":19722362.0,"economic_damage_eur":3064415.0,"economic_damage_ratio_pct":15.538,"economic_asset_count":538,"criticality_territory":"martinique","criticality_family":"eu","criticality_scenario":"rp100","criticality_period_years":"100","criticality_hazard":"storm_cmcc"},"geometry":{"type":"MultiPolygon","coordinates":[[[[-61.16332960287032,14.708862149361076],[-61.163259762505795,14.706593698559091],[-61.165283777519186,14.706660786244482],[-61.16534058871293,14.708700211638476],[-61.16332960287032,14.708862149361076]]],[[[-61.165283780137024,14.709160786280087],[-61.16537896327794,14.710734812049905],[-61.166157529555264,14.710875383600701],[-61.16621229839111,14.711871023703248],[-61.16446630647778,14.710768744796756],[-61.16389569428756,14.709384443121756],[-61.165283780137024,14.709160786280087]]],[[[-61.176310511803905,14.70386741058808],[-61.17240080884374,14.703830061059232],[-61.17228380270665,14.701708716347886],[-61.17306237097085,14.701568143906565],[-61.17326297290781,14.700758886860969],[-61.17472903858057,14.700734810278858],[-61.17487346013371,14.699121449119946],[-61.17639570742374,14.699068143299849],[-61.17649088501691,14.698327451527456],[-61.17722904184531,14.698234809810435],[-61.17725377937664,14.696763400056915],[-61.178062377499906,14.696568142969548],[-61.17818118234061,14.69580660592757],[-61.180234526083346,14.695788114961758],[-61.18037894480011,14.696568142586798],[-61.18118754301517,14.696763399710168],[-61.18453163188946,14.70512595876243],[-61.18513747619349,14.71259434299602],[-61.18449087019772,14.714560170551653],[-61.18371230568055,14.714798674073442],[-61.18365753880376,14.716226837111396],[-61.18204564229486,14.717200744453063],[-61.18187385751594,14.718830062059592],[-61.17999059258498,14.718861332639056],[-61.179729012089766,14.718034077379187],[-61.17820677699772,14.717980770289117],[-61.17806234694767,14.717200743795356],[-61.17730278082828,14.71708510152121],[-61.17722901529298,14.716148664792527],[-61.1752344508019,14.714056573191693],[-61.172842498285,14.71478799189791],[-61.16989682446066,14.716558685446753],[-61.16844558072722,14.71652952996998],[-61.16804640298987,14.715315713458782],[-61.16939784348474,14.714308783388407],[-61.16877398332945,14.712237441954066],[-61.174904150708066,14.709500946650628],[-61.17094345885804,14.708980366673561],[-61.170373229845275,14.709326095942806],[-61.170207184721896,14.711330060558145],[-61.169067470555866,14.711330060370269],[-61.168712296870105,14.71053407577801],[-61.168511688794524,14.711343331693048],[-61.1666572619159,14.711361330692007],[-61.16639569219263,14.710534075392852],[-61.165576352267394,14.710309592787638],[-61.16558709977834,14.70759673419484],[-61.16701513625373,14.707401478357413],[-61.16813612955651,14.705017118457372],[-61.169729033284526,14.70490147786583],[-61.16995966386247,14.704081763702899],[-61.173481658162,14.704081763136053],[-61.173920435184996,14.705096733650365],[-61.176310511803905,14.70386741058808]],[[-61.177045618016564,14.701367410766172],[-61.177045621100305,14.70346971533955],[-61.17722903457684,14.703147514292807],[-61.177045618016564,14.701367410766172]]],[[[-61.16568116397331,14.716295611381488],[-61.165636118447466,14.715017118844875],[-61.166926822932936,14.714973274303121],[-61.167007265422946,14.716200211647626],[-61.16568116397331,14.716295611381488]]],[[[-61.16606787221208,14.712147435460384],[-61.16594150507205,14.712195995322146],[-61.1661821139345,14.71201669606841],[-61.16606787221208,14.712147435460384]]],[[[-61.168355475716844,14.702199219155023],[-61.16806329870331,14.701902817852071],[-61.16954561697243,14.701502874433464],[-61.16950724728553,14.702033545406303],[-61.168355475716844,14.702199219155023]]],[[[-61.16984784191749,14.703795612216881],[-61.169802798857596,14.70251711825078],[-61.17109347829032,14.70247327356868],[-61.17117391637218,14.703700212176365],[-61.16984784191749,14.703795612216881]]],[[[-61.17514833219045,14.718853789662843],[-61.17430925843476,14.718179593177195],[-61.17306234532715,14.718881983583664],[-61.173062346583066,14.718034076276219],[-61.17267835996943,14.718843332122743],[-61.171409672809204,14.718642926306497],[-61.17143405414838,14.717568673930103],[-61.172229014332544,14.717401477724284],[-61.17245965835473,14.716581763564925],[-61.173567875951406,14.71662144957595],[-61.17371230787699,14.717401477478418],[-61.17511739428038,14.717407554388522],[-61.17514833219045,14.718853789662843]]],[[[-61.176212276209554,14.69573480992403],[-61.1770316177191,14.695959292423021],[-61.176971852302444,14.697918435272783],[-61.173608543853405,14.698034076898864],[-61.176173905660455,14.69506867329032],[-61.176212276209554,14.69573480992403]]]]}},{"type":"Feature","properties":{"feature_id":"EU_080000197205__P1","layer_key":"eau_eu","layer_label":"Eau EU","economic_unit_id":"EU_080000197205__P1","economic_state":"S0","economic_exposure_eur":712734.0,"economic_damage_eur":17608.0,"economic_damage_ratio_pct":2.47,"economic_asset_count":39,"criticality_territory":"martinique","criticality_family":"eu","criticality_scenario":"rp100","criticality_period_years":"100","criticality_hazard":"storm_cmcc"},"geometry":{"type":"Polygon","coordinates":[[[-61.112854102474444,14.625930070360972],[-61.11287883010562,14.626568152420177],[-61.1151482889245,14.626581770941081],[-61.11555191637392,14.627401485317765],[-61.115575220291575,14.62853964287718],[-61.115167635157064,14.62934202697179],[-61.11489309795034,14.631283370623386],[-61.11421238633568,14.632381860523887],[-61.11322512520398,14.632840970634545],[-61.11244413011854,14.63273111108884],[-61.11180854428616,14.632275757203352],[-61.11127026546654,14.630397625167639],[-61.11170330340494,14.628400524094292],[-61.11139076852918,14.62699803068849],[-61.111914422895836,14.626105967043417],[-61.11255399391019,14.6257348187697],[-61.112854102474444,14.625930070360972]]]}},{"type":"Feature","properties":{"feature_id":"EU_080000197205__P2","layer_key":"eau_eu","layer_label":"Eau EU","economic_unit_id":"EU_080000197205__P2","economic_state":"S2","economic_exposure_eur":19426343.0,"economic_damage_eur":3018420.0,"economic_damage_ratio_pct":15.538,"economic_asset_count":705,"criticality_territory":"martinique","criticality_family":"eu","criticality_scenario":"rp100","criticality_period_years":"100","criticality_hazard":"storm_cmcc"},"geometry":{"type":"MultiPolygon","coordinates":[[[[-61.145283714243895,14.647941431968798],[-61.1445455337908,14.64803407359414],[-61.144344985287155,14.648843329696362],[-61.14287886807088,14.648867406621877],[-61.14287887082421,14.65073481451171],[-61.14389578452724,14.650734814340312],[-61.144157281507184,14.649907558027225],[-61.14537262791858,14.65015607011851],[-61.14537887246492,14.651560628294382],[-61.14389101007359,14.653399596896895],[-61.13974459138837,14.655059928187564],[-61.13556244810902,14.653827725895486],[-61.137229116881514,14.652200738902346],[-61.1364205136553,14.652005483949571],[-61.136395786472455,14.650298377684354],[-61.13502215056308,14.650532548454807],[-61.13405642705237,14.649961258898822],[-61.133848711866925,14.646367405183726],[-61.13143415323735,14.646200209875479],[-61.131409783609364,14.645125961244286],[-61.13222912853231,14.644901482852365],[-61.13222913005635,14.643867404969539],[-61.13121219205421,14.643867404797053],[-61.130981631669265,14.644687118038178],[-61.129545526331825,14.64470073782279],[-61.1293427304678,14.64551077863222],[-61.129238695520826,14.645066921614667],[-61.129415374530815,14.642811177001835],[-61.13056246584706,14.642401483080862],[-61.13065761748116,14.640827456143844],[-61.13264829579909,14.640748435046051],[-61.13306246662948,14.641568149305424],[-61.13306246815313,14.640534071876324],[-61.13149095155619,14.639608097120846],[-61.13139580423889,14.638867404976441],[-61.1311170372102,14.639608097127326],[-61.130496925078006,14.639700738149173],[-61.130191889854295,14.638772659559537],[-61.130154689280815,14.636985709654919],[-61.13119055298933,14.633234816099273],[-61.13195036367896,14.633327455831473],[-61.13204551109305,14.634068149315182],[-61.13306247767754,14.634068149142754],[-61.133323953374244,14.633240892802979],[-61.135283697409285,14.633327455432104],[-61.13537884602586,14.634767681925094],[-61.13778370117781,14.636660788513474],[-61.13787885032698,14.637401481733034],[-61.13867382526691,14.637568675779264],[-61.13871218625683,14.639068148295014],[-61.13953927795765,14.63932273696614],[-61.13935330493163,14.64083971819921],[-61.14091583981823,14.642628605151858],[-61.141938794766624,14.642994595863989],[-61.14223464110646,14.643993924370513],[-61.14445037731713,14.64499412116917],[-61.14454553162984,14.646568147473669],[-61.14505399377981,14.646568147032806],[-61.145283714243895,14.647941431968798]],[[-61.14056244962304,14.652200739465515],[-61.14037887256268,14.652200739434527],[-61.14037887285871,14.652401481636346],[-61.14056244962304,14.652200739465515]]],[[[-61.130130787894174,14.648024721858416],[-61.13030850764571,14.647253429288515],[-61.12980623972048,14.646568149923064],[-61.13035413358682,14.646763402673315],[-61.13035413516588,14.647838817047742],[-61.130130787894174,14.648024721858416]]],[[[-61.13068123201964,14.647962275136319],[-61.130636201322,14.646683788402052],[-61.1319267551761,14.646639944427285],[-61.13203154250486,14.647809591982135],[-61.13068123201964,14.647962275136319]]],[[[-61.133136196226936,14.650850454850827],[-61.13526009276116,14.650806610723372],[-61.13530512887627,14.65291843176641],[-61.13329302014565,14.653020451500446],[-61.133136196226936,14.650850454850827]]]]}},{"type":"Feature","properties":{"feature_id":"EU_080000197207","layer_key":"eau_eu","layer_label":"Eau EU","economic_unit_id":"EU_080000197207","economic_state":"S2","economic_exposure_eur":43262696.0,"economic_damage_eur":6722057.0,"economic_damage_ratio_pct":15.538,"economic_asset_count":1756,"criticality_territory":"martinique","criticality_family":"eu","criticality_scenario":"rp100","criticality_period_years":"100","criticality_hazard":"storm_cmcc"},"geometry":{"type":"MultiPolygon","coordinates":[[[[-60.970734094750085,14.56527214478878],[-60.974210083627014,14.567402014917393],[-60.97722927116749,14.567401508567864],[-60.97818132729608,14.565806630860356],[-60.97937373418777,14.565772185560238],[-60.979531404130846,14.567809585084303],[-60.97871205385401,14.56823484164658],[-60.980981590834666,14.568248459180989],[-60.981212055536254,14.56906817453891],[-60.98458798940531,14.56906817393317],[-60.98528925122575,14.57040325253593],[-60.98687373770119,14.569938851091282],[-60.98703141129484,14.571976252102239],[-60.98621206134221,14.572401507027532],[-60.98690107341552,14.572454807469907],[-60.98704539567718,14.572982987159866],[-60.989373740215555,14.573272184082734],[-60.99101176200883,14.574901506039144],[-60.99526000655804,14.574973295211574],[-60.99534039034876,14.576200199807479],[-60.99454540201854,14.57636738274547],[-60.994507060114515,14.578700199696023],[-60.99371207219879,14.578867382520322],[-60.99345068342268,14.579694638251585],[-60.99018257350025,14.579700715025751],[-60.98984613951952,14.580341083750568],[-60.988712073799064,14.580581977692427],[-60.98848159771689,14.5813537624781],[-60.98507911606937,14.581367380560035],[-60.98434493734935,14.582176638886493],[-60.98287874176552,14.582200713776293],[-60.9826782710372,14.583009971914931],[-60.98094385091149,14.583034046470743],[-60.98037874404464,14.58406817501192],[-60.98199068187512,14.58504206687023],[-60.98204541487172,14.586703684824245],[-60.98075388475204,14.587071572940436],[-60.97573424125062,14.586330033855052],[-60.97472924628363,14.584700712206839],[-60.97393425906866,14.584533531065492],[-60.97389591527475,14.583226353644132],[-60.97249794447126,14.582620613047334],[-60.97175249294135,14.583032521717419],[-60.9675221639474,14.58303252094003],[-60.96722925140087,14.5822007108978],[-60.96621207201713,14.582200710709943],[-60.96606774717482,14.582980742865123],[-60.96505399449976,14.583034043451029],[-60.96472925188517,14.58220071043591],[-60.96371207155264,14.582200710247811],[-60.96365734335942,14.582893484840195],[-60.9628787398514,14.583435804574822],[-60.961921710410195,14.583042747345829],[-60.95783949630839,14.58060125993278],[-60.95642834060697,14.578336947548818],[-60.95634298121441,14.576467431094725],[-60.95716936625558,14.574533292846736],[-60.956069816132214,14.572401512483648],[-60.956420656034446,14.570096747500225],[-60.95722927137611,14.569901512314509],[-60.9572292728917,14.568867376103567],[-60.956395940133426,14.568551110203321],[-60.957291075790785,14.566877497110111],[-60.95705973648261,14.56626859377967],[-60.95639594347256,14.566303325094609],[-60.95639594460495,14.565534042713027],[-60.9556577186586,14.56544140999384],[-60.95556261261156,14.5647313054802],[-60.954545377714155,14.564829689510606],[-60.95450703744852,14.566200196426847],[-60.95371204671284,14.566528187837337],[-60.95045099072586,14.565469766582924],[-60.94878911403574,14.56283848707373],[-60.94865399106083,14.559821360592432],[-60.94989659401966,14.557731386080512],[-60.95187235217076,14.55660202269056],[-60.95554091929877,14.556699225099939],[-60.95621203203925,14.55620496151723],[-60.956990643507666,14.55670873581425],[-60.95704536729827,14.557401512082595],[-60.95889595603028,14.557401511739256],[-60.95904026580778,14.5566214781661],[-60.96050103829031,14.55656817810677],[-60.96130869502104,14.55584278231922],[-60.964314918004916,14.55574846186625],[-60.96482320593384,14.559438907110094],[-60.96568064910754,14.56090872994971],[-60.967516493992136,14.562403852512526],[-60.96889594676841,14.562401509995844],[-60.96932853982305,14.561568176379016],[-60.96951993330533,14.563672422281575],[-60.97035530230876,14.563668581124821],[-60.96871204560491,14.563867378374814],[-60.96950703718975,14.564235355949345],[-60.969520663430906,14.565338807288436],[-60.970734094750085,14.56527214478878]],[[-60.949545370483804,14.560534041585152],[-60.94954537321908,14.56240151358357],[-60.95028360070442,14.56249414435975],[-60.95037870792914,14.563234846779421],[-60.95222928211842,14.56323484643499],[-60.951420666647316,14.562838805929387],[-60.951402191389796,14.56098941020433],[-60.953062620465694,14.55970070893083],[-60.952324391830444,14.55960807634996],[-60.95222928851523,14.558867375466836],[-60.95121203502162,14.558867375277536],[-60.95118732018126,14.560338806057322],[-60.949545370483804,14.560534041585152]],[[-60.95871206206628,14.576367376159217],[-60.95868734516799,14.577838806350739],[-60.957878731316164,14.578234845704845],[-60.959729258672574,14.578234845361722],[-60.95934493236471,14.576343301457847],[-60.95871206206628,14.576367376159217]],[[-60.96389592115826,14.580534043663938],[-60.9637120691078,14.580534043629939],[-60.963712069402334,14.580734844677599],[-60.96389592115826,14.580534043663938]]],[[[-60.957823976630614,14.556226818055023],[-60.956540265714764,14.556314075365888],[-60.95688702345778,14.5549015119429],[-60.95755399453082,14.554901511581809],[-60.957823976630614,14.556226818055023]]],[[[-60.96222929511003,14.553034044159974],[-60.96145068369626,14.552893485072962],[-60.961395963240214,14.55214143743561],[-60.96516508836996,14.55266370328983],[-60.967129898818186,14.553867378393166],[-60.96690105752336,14.554647410369299],[-60.965887327830984,14.554700711101397],[-60.96556262657708,14.553867378085606],[-60.96245973881964,14.553853758665628],[-60.96222929511003,14.553034044159974]]],[[[-60.964784009388715,14.558726818643754],[-60.96487359850184,14.556621477267944],[-60.96699064504863,14.55670873478573],[-60.96702065285408,14.55783880721462],[-60.96621203659733,14.558034044750459],[-60.9661736963376,14.558700197565173],[-60.964784009388715,14.558726818643754]]],[[[-60.96646965777935,14.55918380580042],[-60.9677599886647,14.559139965529992],[-60.9678050009263,14.560418414833913],[-60.96656759329147,14.560496699711845],[-60.96646965777935,14.55918380580042]]],[[[-60.96839208418817,14.556568176286444],[-60.96835168090078,14.557741763829496],[-60.96901539267875,14.558867378499555],[-60.96725400277131,14.55867214044354],[-60.96725400433986,14.557596746661691],[-60.96806262091884,14.557401510043167],[-60.96839208418817,14.556568176286444]]],[[[-60.9715402413686,14.58495481006005],[-60.972824013807035,14.58504206780567],[-60.9728787466199,14.586786423808132],[-60.97139591156212,14.586051110291262],[-60.9715402413686,14.58495481006005]]],[[[-60.982522164332096,14.585736363836263],[-60.9835927124313,14.585806170849734],[-60.982229242027344,14.586614761685711],[-60.982522164332096,14.585736363836263]]],[[[-60.98838732774005,14.584068173191797],[-60.98868518846198,14.584258942755842],[-60.987229244081256,14.584552552077046],[-60.98838732774005,14.584068173191797]]]]}},{"type":"Feature","properties":{"feature_id":"EU_080000197208","layer_key":"eau_eu","layer_label":"Eau EU","economic_unit_id":"EU_080000197208","economic_state":"S2","economic_exposure_eur":714586.0,"economic_damage_eur":111031.0,"economic_damage_ratio_pct":15.538,"economic_asset_count":19,"criticality_territory":"martinique","criticality_family":"eu","criticality_scenario":"rp100","criticality_period_years":"100","criticality_hazard":"storm_cmcc"},"geometry":{"type":"Polygon","coordinates":[[[-61.13693036765007,14.74023628753098],[-61.13630262844078,14.739888619535954],[-61.13720406294543,14.738417794785276],[-61.13810120573277,14.738712892291062],[-61.137798374655354,14.739511128511923],[-61.13693036765007,14.74023628753098]]]}},{"type":"Feature","properties":{"feature_id":"EU_080000197209__P1","layer_key":"eau_eu","layer_label":"Eau EU","economic_unit_id":"EU_080000197209__P1","economic_state":"S2","economic_exposure_eur":35465401.0,"economic_damage_eur":5510532.0,"economic_damage_ratio_pct":15.538,"economic_asset_count":1125,"criticality_territory":"martinique","criticality_family":"eu","criticality_scenario":"rp100","criticality_period_years":"100","criticality_hazard":"storm_cmcc"},"geometry":{"type":"MultiPolygon","coordinates":[[[[-61.03472918590789,14.618034055433455],[-61.033533125954044,14.617619661305293],[-61.03225101787851,14.61503148638038],[-61.03266237129667,14.611983004156494],[-61.03371212613833,14.610662786113691],[-61.03472919664165,14.610734832414614],[-61.034959711656,14.60991511735521],[-61.03604043614705,14.609938843994971],[-61.0363958629963,14.610734832117286],[-61.036490995174994,14.60999413396515],[-61.0372291973988,14.609901498617482],[-61.03728393754535,14.608375394966213],[-61.03889586742856,14.607401498266803],[-61.03895060700689,14.60587539477589],[-61.04056253745788,14.604901497916364],[-61.03976755544839,14.60453353636513],[-61.039729207024166,14.603034056766367],[-61.03895061040166,14.6028934919907],[-61.0389021162475,14.60182274046382],[-61.03972920917782,14.601568164659746],[-61.0397539339935,14.60009674186958],[-61.04056254480383,14.599901497808938],[-61.04065767254235,14.599160799955449],[-61.042124750162834,14.598870834807512],[-61.04264198749166,14.597161380828625],[-61.04228816076491,14.595179522169454],[-61.04273908058332,14.594477667672365],[-61.0466573015369,14.593240906704114],[-61.048895886374346,14.593234829519172],[-61.04730294060891,14.592918423240931],[-61.04722922317523,14.591051110268237],[-61.048895890530986,14.590393699430727],[-61.050378768169146,14.591899184158688],[-61.050378771814316,14.594384443588078],[-61.04871210536381,14.594700725273979],[-61.04871210810601,14.596568162956691],[-61.04945031549239,14.596660798762858],[-61.04954544281144,14.597401496160286],[-61.052678282983706,14.597425570563964],[-61.052878777961155,14.598234828921552],[-61.05411824298212,14.59658461677925],[-61.05520005949651,14.598923502326208],[-61.055031810827714,14.601373060529573],[-61.05685410090522,14.604822675606162],[-61.05805101610368,14.610727911696607],[-61.05581037866634,14.61574179865868],[-61.053445244251016,14.617778127649828],[-61.04387583446438,14.62033442746239],[-61.036365469203275,14.619321776649432],[-61.034157294865786,14.618240909410183],[-61.03472918590789,14.618034055433455]],[[-61.034545462174634,14.612401499149888],[-61.035260046024874,14.612473290223832],[-61.03556252614327,14.61323483231965],[-61.03556252888898,14.611367389111807],[-61.034545462174634,14.612401499149888]]],[[[-61.03782417444591,14.598034056546307],[-61.03860371570813,14.597480751601653],[-61.03859037198852,14.594901497972979],[-61.03949070272147,14.595042061200303],[-61.0395454410278,14.597401497936294],[-61.04037721096457,14.597686775903307],[-61.04032404194358,14.599560158932954],[-61.0391263815204,14.599687104027014],[-61.03782417444591,14.598034056546307]]],[[[-61.046990698743514,14.59087539375109],[-61.04690109669074,14.592980754783206],[-61.04561728824152,14.592893492831065],[-61.04556879729702,14.590989406888758],[-61.046990698743514,14.59087539375109]]]]}},{"type":"Feature","properties":{"feature_id":"EU_080000197209__P2","layer_key":"eau_eu","layer_label":"Eau EU","economic_unit_id":"EU_080000197209__P2","economic_state":"S0","economic_exposure_eur":360788.0,"economic_damage_eur":8910.0,"economic_damage_ratio_pct":2.47,"economic_asset_count":8,"criticality_territory":"martinique","criticality_family":"eu","criticality_scenario":"rp100","criticality_period_years":"100","criticality_hazard":"storm_cmcc"},"geometry":{"type":"Polygon","coordinates":[[[-61.042854757136304,14.615508126920135],[-61.04255560735316,14.615875158884412],[-61.042035289556196,14.615808456344391],[-61.041818303989025,14.615245537406695],[-61.04128126714267,14.616102384968084],[-61.04056261281701,14.615872684849538],[-61.04166069861667,14.613584488102218],[-61.04235036359583,14.613696181468969],[-61.042854757136304,14.615508126920135]]]}},{"type":"Feature","properties":{"feature_id":"EU_080000197209__P3","layer_key":"eau_eu","layer_label":"Eau EU","economic_unit_id":"EU_080000197209__P3","economic_state":"S0","economic_exposure_eur":939605.0,"economic_damage_eur":23199.0,"economic_damage_ratio_pct":2.469,"economic_asset_count":13,"criticality_territory":"martinique","criticality_family":"eu","criticality_scenario":"rp100","criticality_period_years":"100","criticality_hazard":"storm_cmcc"},"geometry":{"type":"Polygon","coordinates":[[[-61.05725548959294,14.613621882013053],[-61.05617801415764,14.613806092551462],[-61.05346262823837,14.612911340638119],[-61.05268642302008,14.61202502609992],[-61.052702586255656,14.610959898888321],[-61.05374918258974,14.609250791600411],[-61.05525812765326,14.60738272670457],[-61.0559137467546,14.60695529858764],[-61.057154925645555,14.607013566628776],[-61.057990267007575,14.607909404154183],[-61.058037385007204,14.608826137853073],[-61.057456461197525,14.609767205318194],[-61.05843533738034,14.610368127865533],[-61.05881298552702,14.611367886539643],[-61.058574169227384,14.612207369173431],[-61.05725548959294,14.613621882013053]]]}},{"type":"Feature","properties":{"feature_id":"EU_080000197209__P4","layer_key":"eau_eu","layer_label":"Eau EU","economic_unit_id":"EU_080000197209__P4","economic_state":"S0","economic_exposure_eur":75899.0,"economic_damage_eur":1874.0,"economic_damage_ratio_pct":2.469,"economic_asset_count":1,"criticality_territory":"martinique","criticality_family":"eu","criticality_scenario":"rp100","criticality_period_years":"100","criticality_hazard":"storm_cmcc"},"geometry":{"type":"Polygon","coordinates":[[[-61.0532391775965,14.612186091910962],[-61.05355897127067,14.611682445470471],[-61.0546223601314,14.61182011564533],[-61.05494167582138,14.612109847172128],[-61.0546562707162,14.61275545453336],[-61.0536412926355,14.612630287152362],[-61.0532391775965,14.612186091910962]]]}},{"type":"Feature","properties":{"feature_id":"EU_080000197210","layer_key":"eau_eu","layer_label":"Eau EU","economic_unit_id":"EU_080000197210","economic_state":"S2","economic_exposure_eur":26600791.0,"economic_damage_eur":4133169.0,"economic_damage_ratio_pct":15.538,"economic_asset_count":948,"criticality_territory":"martinique","criticality_family":"eu","criticality_scenario":"rp100","criticality_period_years":"100","criticality_hazard":"storm_cmcc"},"geometry":{"type":"MultiPolygon","coordinates":[[[[-60.88450708940224,14.61536685607702],[-60.883234229838195,14.615496684414122],[-60.88355143705389,14.614364516146324],[-60.884344947019166,14.613258932895594],[-60.88450708940224,14.61536685607702]]],[[[-60.91204544931829,14.619068188503828],[-60.91365738069723,14.620042074295535],[-60.91371211998093,14.621568188241213],[-60.91447172908081,14.621683812652087],[-60.91454545592558,14.623234854785544],[-60.9151080785825,14.623239590578489],[-60.91408359134771,14.62555032557057],[-60.91226851654236,14.627035098382889],[-60.912229197286585,14.626367365980904],[-60.90984794567375,14.62629557829841],[-60.909729200236754,14.62470069888881],[-60.90890255018793,14.624447859640568],[-60.90592820229447,14.625930533051383],[-60.90511736076339,14.627194620747268],[-60.90237354729916,14.627147398456854],[-60.902229200958296,14.625194674054244],[-60.90132076569997,14.624700697307276],[-60.90037878870869,14.624700697110216],[-60.90014827865951,14.625520412117677],[-60.898712122948815,14.625534030101326],[-60.89851162288962,14.626343289518884],[-60.89749063044483,14.626361286008578],[-60.897243188727366,14.624292640102478],[-60.89889586999485,14.624068191111087],[-60.89844081507322,14.62303692313118],[-60.894408719728446,14.62084988407457],[-60.89176263797169,14.62076742180277],[-60.888959129507136,14.622767308449244],[-60.887373553083215,14.622147396197878],[-60.88640211742595,14.621112807360584],[-60.886397446959705,14.616853445479636],[-60.88690095610864,14.616367361340762],[-60.88640212464033,14.616112807405287],[-60.88656756395872,14.614938868514633],[-60.8901173556977,14.614907602145735],[-60.89037877400827,14.616051505433127],[-60.89472921519698,14.616568191747294],[-60.89495971779156,14.61491514221468],[-60.89954969782631,14.614901524126358],[-60.8997675680599,14.613402029268121],[-60.900562552265676,14.61323485722947],[-60.90156756539862,14.61077219924212],[-60.904048896705405,14.610734856401598],[-60.90913511899961,14.609289628142411],[-60.909733459721295,14.610220133756608],[-60.91203145256776,14.610959305781643],[-60.91204544173422,14.613910574015561],[-60.912854053171145,14.614263417432541],[-60.912878778320696,14.616051110173064],[-60.91181994754621,14.616367365997675],[-60.91204544931829,14.619068188503828]]],[[[-60.896752496143996,14.613032506839561],[-60.89570226096075,14.612977385891869],[-60.89704543603631,14.6120062687602],[-60.896752496143996,14.613032506839561]]],[[[-60.89730294120259,14.612517148017291],[-60.89942669689646,14.61247330960373],[-60.899471719136194,14.614585072279674],[-60.89742970778028,14.61467662296476],[-60.89730294120259,14.612517148017291]]],[[[-60.900940460512864,14.628758816440683],[-60.90056253171764,14.627200697072144],[-60.899743184403654,14.626976246620211],[-60.89987354931321,14.625788155259398],[-60.901011621910285,14.62575893019056],[-60.9012121249506,14.626568190722653],[-60.90199072034189,14.626708742260032],[-60.90202073762976,14.628672134913465],[-60.900940460512864,14.628758816440683]]],[[[-60.90838732925056,14.606367365482296],[-60.90643804917521,14.606206375703287],[-60.90858178484996,14.605607182383068],[-60.90838732925056,14.606367365482296]]],[[[-60.90662637734183,14.629915140389036],[-60.90738004879638,14.629901522844879],[-60.90639585922534,14.630352171923848],[-60.90662637734183,14.629915140389036]]],[[[-60.90975394543846,14.60867213563721],[-60.909783959104786,14.607542074662797],[-60.91056255884853,14.607401521870123],[-60.90975394770183,14.60700546899335],[-60.90992971263932,14.605758928252735],[-60.91263262305563,14.607190898573254],[-60.911212099599716,14.608034032990835],[-60.91118737873025,14.608672135853823],[-60.90975394543846,14.60867213563721]]],[[[-60.91473078319704,14.61102011162484],[-60.915199555228895,14.610734854255897],[-60.91574941995917,14.613034033555689],[-60.91505399469771,14.613034033218188],[-60.91473078319704,14.61102011162484]]],[[[-60.91475393590593,14.61509675074518],[-60.91576454507827,14.614901520876652],[-60.91551203375954,14.616367366909731],[-60.91505399469757,14.616367366453957],[-60.91475393590593,14.61509675074518]]],[[[-60.91473544661598,14.620156078268838],[-60.915627759628286,14.619901521141449],[-60.91556177447437,14.621259192086525],[-60.915053994697274,14.62303403292546],[-60.91473544661598,14.620156078268838]]]]}},{"type":"Feature","properties":{"feature_id":"EU_080000197213__P1","layer_key":"eau_eu","layer_label":"Eau EU","economic_unit_id":"EU_080000197213__P1","economic_state":"S2","economic_exposure_eur":27762664.0,"economic_damage_eur":4313698.0,"economic_damage_ratio_pct":15.538,"economic_asset_count":858,"criticality_territory":"martinique","criticality_family":"eu","criticality_scenario":"rp100","criticality_period_years":"100","criticality_hazard":"storm_cmcc"},"geometry":{"type":"MultiPolygon","coordinates":[[[[-60.98472919538848,14.618034046397096],[-60.98390984818551,14.617809584626322],[-60.98389586589225,14.615534046317983],[-60.98307651852417,14.615309584610483],[-60.98306410081191,14.612686777038936],[-60.98389587049876,14.612401508306473],[-60.984040218249454,14.611621475272708],[-60.984729204897356,14.611568174802763],[-60.9848735521731,14.610788141798313],[-60.98588548343775,14.610734840888862],[-60.98659637198133,14.608258915103368],[-60.98891504927464,14.608339607248968],[-60.992655254559295,14.60727384294443],[-60.993445989041156,14.60756318084477],[-60.997733764577426,14.606287911444483],[-60.9985314527696,14.605505014423992],[-60.999625783999036,14.60587710602052],[-61.001395877367294,14.605447379822415],[-61.00154022248432,14.604121472492038],[-61.00306254575104,14.604068171302139],[-61.00329304965741,14.603248456004417],[-61.00468323573852,14.603234837670746],[-61.008315146252436,14.608594680014964],[-61.00848417190041,14.611879633067623],[-61.00704545691386,14.612200717296474],[-61.007805065338495,14.612517134914379],[-61.00787879172832,14.613103126826692],[-61.00704545936454,14.61386738391414],[-61.00667572466489,14.616367383495183],[-61.00537879607128,14.61636738353888],[-61.00537879855044,14.618052205564508],[-61.00365849381383,14.619700716435142],[-61.002878799293306,14.618867383012288],[-61.00287880109524,14.620109756179001],[-60.99972918619046,14.622337989929955],[-60.99972918761597,14.621367382367167],[-60.99871213554456,14.621367382182388],[-60.99871213775692,14.622881976217869],[-60.99339350165295,14.624273375073075],[-60.992218987596935,14.626290296687868],[-60.9916077614102,14.629831578904245],[-60.990405912794536,14.631173065936458],[-60.988768294912774,14.631964604869806],[-60.986395841176645,14.631984053064604],[-60.98639584579312,14.628867379716988],[-60.98474316728402,14.627809584556674],[-60.98473075618213,14.620186776997494],[-60.98556588878629,14.61990150816011],[-60.98472919538848,14.618034046397096]]],[[[-60.996971721806304,14.604585084003666],[-60.99484795525521,14.604628924361414],[-60.99531015423496,14.603389299775047],[-60.996720661039404,14.602401505397472],[-60.996971721806304,14.604585084003666]]]]}},{"type":"Feature","properties":{"feature_id":"EU_080000197213__P2","layer_key":"eau_eu","layer_label":"Eau EU","economic_unit_id":"EU_080000197213__P2","economic_state":"S2","economic_exposure_eur":47039.0,"economic_damage_eur":7309.0,"economic_damage_ratio_pct":15.538,"economic_asset_count":3,"criticality_territory":"martinique","criticality_family":"eu","criticality_scenario":"rp100","criticality_period_years":"100","criticality_hazard":"storm_cmcc"},"geometry":{"type":"Polygon","coordinates":[[[-61.00505688241789,14.614186447845006],[-61.00441077138722,14.6149441802927],[-61.003659084614576,14.614083322287044],[-61.00304975400333,14.613952067532697],[-61.002784292288126,14.613603138882933],[-61.00290067827325,14.613021961173319],[-61.00350164069794,14.612941061970218],[-61.00505688241789,14.614186447845006]]]}},{"type":"Feature","properties":{"feature_id":"EU_080000197213__P3","layer_key":"eau_eu","layer_label":"Eau EU","economic_unit_id":"EU_080000197213__P3","economic_state":"S0","economic_exposure_eur":1010876.0,"economic_damage_eur":24957.0,"economic_damage_ratio_pct":2.469,"economic_asset_count":40,"criticality_territory":"martinique","criticality_family":"eu","criticality_scenario":"rp100","criticality_period_years":"100","criticality_hazard":"storm_cmcc"},"geometry":{"type":"Polygon","coordinates":[[[-60.98875079481133,14.613499316131787],[-60.98792661173232,14.61458719568097],[-60.984927498028355,14.615162035733803],[-60.98416906915196,14.614950303704958],[-60.983548245210045,14.614323173728165],[-60.98328875384608,14.61340570040655],[-60.98339075206922,14.612401508050542],[-60.98389587049876,14.612401508306473],[-60.984040218249454,14.611621475272708],[-60.984729204897356,14.611568174802763],[-60.98490089086605,14.610772185514945],[-60.98639587246941,14.6107348411467],[-60.98639870527096,14.610178452422241],[-60.987391249351425,14.610264513480724],[-60.98809863101267,14.610620842715589],[-60.98854422533976,14.611254854210104],[-60.98787878551942,14.611367380502143],[-60.98787878581464,14.611568174226818],[-60.98862905701317,14.611568174042187],[-60.98875079481133,14.613499316131787]]]}},{"type":"Feature","properties":{"feature_id":"EU_080000197218","layer_key":"eau_eu","layer_label":"Eau EU","economic_unit_id":"EU_080000197218","economic_state":"S2","economic_exposure_eur":4425523.0,"economic_damage_eur":687627.0,"economic_damage_ratio_pct":15.538,"economic_asset_count":210,"criticality_territory":"martinique","criticality_family":"eu","criticality_scenario":"rp100","criticality_period_years":"100","criticality_hazard":"storm_cmcc"},"geometry":{"type":"MultiPolygon","coordinates":[[[[-61.14197194822333,14.78541842977833],[-61.141212403657065,14.78553406893703],[-61.14106793113434,14.786314096752363],[-61.140379071424086,14.786367402104982],[-61.140379077015155,14.790139736043457],[-61.13714852390395,14.790898554508724],[-61.1355622454126,14.790553889352099],[-61.135562246682916,14.789700734525507],[-61.135259606846816,14.790462718141605],[-61.133895580592444,14.789497364223427],[-61.13395036799731,14.788375387479759],[-61.13472891568197,14.788234818889375],[-61.13472892094683,14.78470073453403],[-61.13395037247146,14.784560164501137],[-61.133457249343955,14.782808319015006],[-61.13392148849484,14.781298698743448],[-61.134936245717775,14.780277814493367],[-61.137688056445235,14.779212700643289],[-61.14187389650772,14.779938830978296],[-61.14197194822333,14.78541842977833]]],[[[-61.14306850075039,14.783489403786582],[-61.14376612164376,14.783234817270138],[-61.14349737645975,14.784830665740298],[-61.14323408748186,14.785496721236063],[-61.14306850075039,14.783489403786582]]]]}},{"type":"Feature","properties":{"feature_id":"EU_080000197220__P1","layer_key":"eau_eu","layer_label":"Eau EU","economic_unit_id":"EU_080000197220__P1","economic_state":"S2","economic_exposure_eur":3524757.0,"economic_damage_eur":547669.0,"economic_damage_ratio_pct":15.538,"economic_asset_count":162,"criticality_territory":"martinique","criticality_family":"eu","criticality_scenario":"rp100","criticality_period_years":"100","criticality_hazard":"storm_cmcc"},"geometry":{"type":"MultiPolygon","coordinates":[[[[-60.901067656575016,14.479647401960744],[-60.900702884851974,14.479700701297874],[-60.901211908914306,14.478976986535406],[-60.901067656575016,14.479647401960744]]],[[[-60.912045249447324,14.48250824420565],[-60.911567406283005,14.483304502606856],[-60.91204525128053,14.48376678909296],[-60.912020546616105,14.486172137586399],[-60.91121192158471,14.486367369868537],[-60.91118721537864,14.487838804169852],[-60.910378590519656,14.488034036328532],[-60.91025991721773,14.488795581631955],[-60.90820877131028,14.489239562086269],[-60.90722939955797,14.488913582602649],[-60.90722940205058,14.487200702420692],[-60.906211921842726,14.487200702227057],[-60.90612990385973,14.48792737401053],[-60.90561149500798,14.485893278918317],[-60.903438633264386,14.484926035488876],[-60.90151317232545,14.483308031011688],[-60.90222940882333,14.48323485416051],[-60.9022294115422,14.481367368304184],[-60.90142078596323,14.48117213676968],[-60.90140231802608,14.479322745305495],[-60.90222941518134,14.478867368376713],[-60.90132167458506,14.478867368220927],[-60.90320993632094,14.478023036637287],[-60.90639608193712,14.478234853261315],[-60.90733364302643,14.477401519668017],[-60.90856765497274,14.477454818009818],[-60.9087119092671,14.478234852820734],[-60.91056274777389,14.47823485246897],[-60.90976774099204,14.477866860435162],[-60.909735653297545,14.47682274499347],[-60.91095065026689,14.476574262058783],[-60.91121190853181,14.47740151899478],[-60.91217300629878,14.477401518827639],[-60.912838122358146,14.47870365477769],[-60.912045244157646,14.478867370244489],[-60.9120069198366,14.480366860694573],[-60.91121191309125,14.480534036704555],[-60.91175247629111,14.480736374761717],[-60.912045249447324,14.48250824420565]]]]}},{"type":"Feature","properties":{"feature_id":"EU_080000197220__P2","layer_key":"eau_eu","layer_label":"Eau EU","economic_unit_id":"EU_080000197220__P2","economic_state":"S0","economic_exposure_eur":1958941.0,"economic_damage_eur":48077.0,"economic_damage_ratio_pct":2.454,"economic_asset_count":7,"criticality_territory":"martinique","criticality_family":"eu","criticality_scenario":"rp100","criticality_period_years":"100","criticality_hazard":"storm_cmcc"},"geometry":{"type":"MultiPolygon","coordinates":[[[[-60.90621033051173,14.467686778521282],[-60.906211896868896,14.470054027501268],[-60.90659645602935,14.469092259546354],[-60.90854032821339,14.469105528809699],[-60.9087118971423,14.469901519311923],[-60.9095312550262,14.470125972124444],[-60.90954367060764,14.471915442821818],[-60.90787856699412,14.472200702979462],[-60.9077069993342,14.47466335891822],[-60.906567658043066,14.474663358703033],[-60.90611123956985,14.473867369200443],[-60.90468726101185,14.474680476271242],[-60.90537233529738,14.47598941168173],[-60.90537857449169,14.477717777395648],[-60.904545241803234,14.478234853613774],[-60.90639608193712,14.478234853261315],[-60.906514751470034,14.477473306524473],[-60.907471715647986,14.477401519485785],[-60.90547026075563,14.481107579980819],[-60.90646745163872,14.483222401309137],[-60.906311483722085,14.48579205496429],[-60.904921693402834,14.48727568444448],[-60.90310588016318,14.487599391942473],[-60.90131763763303,14.486742281939673],[-60.900442713202985,14.48492347927322],[-60.90065781076109,14.484160816621827],[-60.90139607444312,14.484068187670365],[-60.90149114483369,14.48332748316463],[-60.90222940882333,14.48323485416051],[-60.90140231544159,14.481112809170254],[-60.90139608120993,14.479384444055746],[-60.90222941518134,14.478867368376713],[-60.90121190875158,14.478867368182598],[-60.900981550066845,14.479687083030345],[-60.89938764695682,14.479700701028849],[-60.901008128115244,14.476568187418215],[-60.90306275169444,14.476568187194562],[-60.903117453658886,14.475875407391745],[-60.90358592870219,14.475734853660795],[-60.90323061966697,14.474700701896067],[-60.90146976285367,14.474585075245804],[-60.90146976457013,14.47335047918742],[-60.90341914176194,14.473236376182602],[-60.903711901558374,14.473619272313735],[-60.90426870438707,14.472959628880357],[-60.90587634711524,14.472322694367609],[-60.90640314876054,14.471261335283033],[-60.90618685207232,14.470339502227056],[-60.903848922571015,14.470534035607606],[-60.903829829067256,14.47019458489263],[-60.90434093744684,14.468553223152353],[-60.905887328073746,14.467401519445525],[-60.90621033051173,14.467686778521282]]],[[[-60.90662644518875,14.46802041771055],[-60.90639609790254,14.467262644784027],[-60.907878559752746,14.467221264519075],[-60.90787856042182,14.467717777435713],[-60.90662644518875,14.46802041771055]]],[[[-60.90896976825031,14.468751742934923],[-60.90889609712175,14.46745234309264],[-60.910435469110894,14.468867370244336],[-60.90896976825031,14.468751742934923]]]]}},{"type":"Feature","properties":{"feature_id":"EU_080000197220__P3","layer_key":"eau_eu","layer_label":"Eau EU","economic_unit_id":"EU_080000197220__P3","economic_state":"S0","economic_exposure_eur":7297.0,"economic_damage_eur":179.0,"economic_damage_ratio_pct":2.455,"economic_asset_count":1,"criticality_territory":"martinique","criticality_family":"eu","criticality_scenario":"rp100","criticality_period_years":"100","criticality_hazard":"storm_cmcc"},"geometry":{"type":"Polygon","coordinates":[[[-60.906071894150394,14.480358783436055],[-60.9064386873835,14.48102649641339],[-60.90582341859126,14.481393359914598],[-60.90544731403374,14.480773565563084],[-60.906071894150394,14.480358783436055]]]}},{"type":"Feature","properties":{"feature_id":"EU_080000197220__P4","layer_key":"eau_eu","layer_label":"Eau EU","economic_unit_id":"EU_080000197220__P4","economic_state":"S0","economic_exposure_eur":1874119.0,"economic_damage_eur":46008.0,"economic_damage_ratio_pct":2.455,"economic_asset_count":122,"criticality_territory":"martinique","criticality_family":"eu","criticality_scenario":"rp100","criticality_period_years":"100","criticality_hazard":"storm_cmcc"},"geometry":{"type":"Polygon","coordinates":[[[-60.906083424429475,14.488220520700683],[-60.90542708946073,14.48901403699199],[-60.90289614119892,14.48932850353697],[-60.900508310331496,14.488636841184702],[-60.899721613880686,14.48766730726797],[-60.89954760124892,14.486869668390536],[-60.90016467953523,14.485708523166506],[-60.90236816616938,14.484252485382019],[-60.90324208477959,14.484069028553295],[-60.904582968195704,14.484317620683116],[-60.905277510670615,14.484772630739894],[-60.906145847404666,14.487275865832451],[-60.906083424429475,14.488220520700683]]]}},{"type":"Feature","properties":{"feature_id":"EU_080000197221__P1","layer_key":"eau_eu","layer_label":"Eau EU","economic_unit_id":"EU_080000197221__P1","economic_state":"S2","economic_exposure_eur":1626806.0,"economic_damage_eur":252769.0,"economic_damage_ratio_pct":15.538,"economic_asset_count":37,"criticality_territory":"martinique","criticality_family":"eu","criticality_scenario":"rp100","criticality_period_years":"100","criticality_hazard":"storm_cmcc"},"geometry":{"type":"Polygon","coordinates":[[[-60.83056266944058,14.543034019284729],[-60.82909642015777,14.543009945995372],[-60.82889600433692,14.542200685646879],[-60.82829308528865,14.542187067774117],[-60.82806423484155,14.54191544066721],[-60.82806267414989,14.54014310156226],[-60.82916625480214,14.538723531474838],[-60.83010954305173,14.538282839187431],[-60.831425595631195,14.538711598687525],[-60.832045317641416,14.53990153562546],[-60.83287865162728,14.540263429811326],[-60.832878652358595,14.540734868812178],[-60.83408606386295,14.540734868422543],[-60.834956115606644,14.541101553904298],[-60.83654534564021,14.542492609797128],[-60.8369376207265,14.543437330761455],[-60.83652745063276,14.544579354807846],[-60.835408378979395,14.545104370309472],[-60.83449281761884,14.544887666808282],[-60.83332188141672,14.543875064227196],[-60.83220553360658,14.543818914527654],[-60.83152440428855,14.54345631438259],[-60.83073428454919,14.543830010609128],[-60.83056266944058,14.543034019284729]]]}},{"type":"Feature","properties":{"feature_id":"EU_080000197221__P2","layer_key":"eau_eu","layer_label":"Eau EU","economic_unit_id":"EU_080000197221__P2","economic_state":"S2","economic_exposure_eur":503436.0,"economic_damage_eur":78223.0,"economic_damage_ratio_pct":15.538,"economic_asset_count":6,"criticality_territory":"martinique","criticality_family":"eu","criticality_scenario":"rp100","criticality_period_years":"100","criticality_hazard":"storm_cmcc"},"geometry":{"type":"Polygon","coordinates":[[[-60.98370574858163,14.521822742202744],[-60.98371198894461,14.523234839771087],[-60.984217989728634,14.523234839330621],[-60.98393574679314,14.523789579263328],[-60.98327062261321,14.52428477162585],[-60.98240539433429,14.524385679271806],[-60.98223880981959,14.525667228225158],[-60.981602234416556,14.526405836526816],[-60.98069363796541,14.526648802845955],[-60.97979960186957,14.526359080759772],[-60.979118094283905,14.525181444114944],[-60.979258322612786,14.522455988483053],[-60.97954888369084,14.521726649751972],[-60.98056067032919,14.520917833133433],[-60.98133470114936,14.520689982976048],[-60.98328544344442,14.521367382104248],[-60.982878652730804,14.521367382223078],[-60.982878653023995,14.521568173221723],[-60.98370574858163,14.521822742202744]]]}},{"type":"Feature","properties":{"feature_id":"EU_080000197221__P3","layer_key":"eau_eu","layer_label":"Eau EU","economic_unit_id":"EU_080000197221__P3","economic_state":"S2","economic_exposure_eur":6876344.0,"economic_damage_eur":1068430.0,"economic_damage_ratio_pct":15.538,"economic_asset_count":313,"criticality_territory":"martinique","criticality_family":"eu","criticality_scenario":"rp100","criticality_period_years":"100","criticality_hazard":"storm_cmcc"},"geometry":{"type":"MultiPolygon","coordinates":[[[[-60.97117805192668,14.521568175357203],[-60.973872222916086,14.521568174884667],[-60.97411155999743,14.522191475323124],[-60.973994919877356,14.523986504714077],[-60.97264572900732,14.525505590989555],[-60.96891671255538,14.526161249347682],[-60.968896000695295,14.52553404619582],[-60.96810100312185,14.525366864834611],[-60.96806266874042,14.524700712732955],[-60.96728405053121,14.524560152850425],[-60.9672293373554,14.523457342222981],[-60.96704532163085,14.524901509539912],[-60.96780496057234,14.525017138498853],[-60.967878656666265,14.525984617239176],[-60.967102895600384,14.525579535155845],[-60.9647894705294,14.52561554277758],[-60.96333556605729,14.524620626138171],[-60.96271955371114,14.523226817814951],[-60.96295154806321,14.521568176910236],[-60.965148236880445,14.521581794364087],[-60.96537865070156,14.522195011407279],[-60.96695441459752,14.521175085941987],[-60.96691921080227,14.51886737927522],[-60.96437138982773,14.518867378754747],[-60.963207106560155,14.516844723430886],[-60.962803209792035,14.513351094645213],[-60.96393865338243,14.511355361965999],[-60.96621196745479,14.510729555881323],[-60.966211968678074,14.511568176077557],[-60.96703132347038,14.51179263580055],[-60.96704530459815,14.513234842625572],[-60.96774075039817,14.512996870784871],[-60.968811130834055,14.513500581074117],[-60.96954609085533,14.514444776846975],[-60.97095928559288,14.514959970733825],[-60.97117805192668,14.521568175357203]]],[[[-60.96665732711763,14.51136130205862],[-60.966396022750324,14.510756763321998],[-60.96787863442396,14.510724619265995],[-60.967878634849406,14.51105111059267],[-60.96665732711763,14.51136130205862]]],[[[-60.96990095847597,14.513830034814061],[-60.96976768615618,14.512568688948809],[-60.97164312518305,14.512647897630432],[-60.97204530497936,14.51287298374449],[-60.97202059406054,14.513672141505108],[-60.96990095847597,14.513830034814061]]],[[[-60.97224332887584,14.514292635652316],[-60.97309667914901,14.514068174844281],[-60.973355261677014,14.516367380321523],[-60.97245975414265,14.516353761489052],[-60.97224332887584,14.514292635652316]]]]}},{"type":"Feature","properties":{"feature_id":"EU_080000197221__P4","layer_key":"eau_eu","layer_label":"Eau EU","economic_unit_id":"EU_080000197221__P4","economic_state":"S2","economic_exposure_eur":5757150.0,"economic_damage_eur":894533.0,"economic_damage_ratio_pct":15.538,"economic_asset_count":218,"criticality_territory":"martinique","criticality_family":"eu","criticality_scenario":"rp100","criticality_period_years":"100","criticality_hazard":"storm_cmcc"},"geometry":{"type":"Polygon","coordinates":[[[-60.97972932341548,14.5313673813531],[-60.97899108412181,14.531274747122332],[-60.9788959914603,14.53053404789109],[-60.97740094630446,14.530496702261237],[-60.97722932633232,14.52970071427586],[-60.97412641505842,14.529687094740854],[-60.97389599485948,14.528867380353605],[-60.97240094791762,14.528830034826798],[-60.972229330949546,14.527200713428604],[-60.971926627401515,14.527962256300277],[-60.97113683667618,14.528034046494636],[-60.9714465116767,14.525438669768018],[-60.973535209136564,14.521930239792441],[-60.97380610666423,14.521568174906765],[-60.97472933869337,14.521568174718732],[-60.97472933972629,14.520852880758373],[-60.97615862578109,14.520283238179447],[-60.97793474995669,14.520329121343893],[-60.97923914607259,14.521158680909274],[-60.98115574703674,14.52382123372448],[-60.98266106637437,14.527661808252507],[-60.982789673033174,14.528818297657548],[-60.98220194374478,14.53123620231246],[-60.98118126672008,14.532289990039542],[-60.97973088472792,14.532748776897032],[-60.97972932341548,14.5313673813531]]]}},{"type":"Feature","properties":{"feature_id":"EU_080000197221__P5","layer_key":"eau_eu","layer_label":"Eau EU","economic_unit_id":"EU_080000197221__P5","economic_state":"S0","economic_exposure_eur":44989.0,"economic_damage_eur":1109.0,"economic_damage_ratio_pct":2.465,"economic_asset_count":1,"criticality_territory":"martinique","criticality_family":"eu","criticality_scenario":"rp100","criticality_period_years":"100","criticality_hazard":"storm_cmcc"},"geometry":{"type":"Polygon","coordinates":[[[-60.830207347833486,14.539616190934437],[-60.83010705440377,14.539072719362903],[-60.831198101494564,14.538700070212395],[-60.83146183676271,14.539354228604335],[-60.830713745408005,14.53974948779142],[-60.830207347833486,14.539616190934437]]]}},{"type":"Feature","properties":{"feature_id":"EU_080000197221__P6","layer_key":"eau_eu","layer_label":"Eau EU","economic_unit_id":"EU_080000197221__P6","economic_state":"S2","economic_exposure_eur":908571.0,"economic_damage_eur":141172.0,"economic_damage_ratio_pct":15.538,"economic_asset_count":1,"criticality_territory":"martinique","criticality_family":"eu","criticality_scenario":"rp100","criticality_period_years":"100","criticality_hazard":"storm_cmcc"},"geometry":{"type":"Polygon","coordinates":[[[-60.97714909097466,14.54303404722251],[-60.97612108219754,14.544165282243833],[-60.976093310781486,14.545462256481338],[-60.974908125622534,14.545500013621563],[-60.972045353936544,14.54636737950131],[-60.97204535522826,14.547248742972602],[-60.969505717642825,14.547576498004329],[-60.968742414353976,14.54724148526699],[-60.96827065976204,14.546625787863304],[-60.968248611986446,14.545461199291129],[-60.96895514636274,14.544648170621095],[-60.97380401941373,14.543755607382334],[-60.976052705026746,14.542541225257201],[-60.976596410144865,14.541592248838754],[-60.97778358272725,14.541660807141417],[-60.97786470214644,14.542809585279537],[-60.97714909097466,14.54303404722251]]]}},{"type":"Feature","properties":{"feature_id":"EU_080000197221__P7","layer_key":"eau_eu","layer_label":"Eau EU","economic_unit_id":"EU_080000197221__P7","economic_state":"S0","economic_exposure_eur":235321.0,"economic_damage_eur":5803.0,"economic_damage_ratio_pct":2.466,"economic_asset_count":7,"criticality_territory":"martinique","criticality_family":"eu","criticality_scenario":"rp100","criticality_period_years":"100","criticality_hazard":"storm_cmcc"},"geometry":{"type":"Polygon","coordinates":[[[-60.8343019275623,14.545050571184593],[-60.83389628926863,14.545302358278198],[-60.83299002605262,14.544698616840954],[-60.83283104863083,14.542829724452014],[-60.83310269455613,14.542392604078136],[-60.83379220765124,14.542599550537485],[-60.83392342323296,14.544104366851473],[-60.83433277924572,14.544626686170757],[-60.8343019275623,14.545050571184593]]]}},{"type":"Feature","properties":{"feature_id":"EU_080000197223__P1","layer_key":"eau_eu","layer_label":"Eau EU","economic_unit_id":"EU_080000197223__P1","economic_state":"S2","economic_exposure_eur":9812595.0,"economic_damage_eur":1524658.0,"economic_damage_ratio_pct":15.538,"economic_asset_count":351,"criticality_territory":"martinique","criticality_family":"eu","criticality_scenario":"rp100","criticality_period_years":"100","criticality_hazard":"storm_cmcc"},"geometry":{"type":"MultiPolygon","coordinates":[[[[-60.925364718111375,14.560959304885241],[-60.925378701094814,14.561805946805256],[-60.924658488209694,14.560734851562845],[-60.925364718111375,14.560959304885241]]],[[[-60.92778359342018,14.55832748061423],[-60.9277835960295,14.560441406474057],[-60.92565772803171,14.560441406133922],[-60.92557660915294,14.558459304990802],[-60.92778359342018,14.55832748061423]]],[[[-60.92722928824376,14.562401517763334],[-60.92745973854565,14.561581801907614],[-60.92869805321627,14.561792638039195],[-60.92848158683716,14.563020419013553],[-60.92771855279301,14.563152262724525],[-60.926046833977956,14.562401517862662],[-60.92722928824376,14.562401517763334]]],[[[-60.92704538089872,14.570534037078788],[-60.92695027380968,14.57127473945974],[-60.926197656356045,14.571367370222012],[-60.92659888900046,14.568833311663225],[-60.927878709323,14.567084616193508],[-60.92787871224137,14.569068184449307],[-60.928657320991114,14.569208738880569],[-60.928687329812426,14.57033880430968],[-60.92704538089872,14.570534037078788]]],[[[-60.92976761941772,14.569533527429906],[-60.929730843544505,14.567686778080434],[-60.931395946763466,14.567401517085703],[-60.93139594949983,14.565534038043205],[-60.9306577221494,14.565441406690248],[-60.930562617551594,14.564700704577564],[-60.92890993335798,14.56447624893411],[-60.92890993718465,14.561792638152795],[-60.92972928897133,14.561568183941809],[-60.92990458516886,14.560770510083259],[-60.92889626474965,14.559639398205878],[-60.92809545173751,14.559342573402398],[-60.9281581595055,14.558427428676902],[-60.92972929414717,14.55803403794878],[-60.92815773026881,14.55794140652152],[-60.928181342067916,14.556639971239495],[-60.93014824992917,14.55658180131418],[-60.93037869562364,14.557401517064562],[-60.93192664957815,14.557473303996574],[-60.9320453638255,14.558234850102318],[-60.93389595969926,14.558234849754779],[-60.933100967243746,14.557866861244227],[-60.93306419201673,14.556853444702341],[-60.933895962139665,14.55656818305273],[-60.934040269245365,14.55578814869699],[-60.93639596286822,14.555734849232692],[-60.93656760066981,14.554938859056291],[-60.93889596359727,14.554901515413215],[-60.938991066416676,14.554160812458855],[-60.93972929798701,14.55406818190616],[-60.939729300720565,14.55220070666212],[-60.93895068837695,14.552060149426108],[-60.93889753270724,14.551020111270603],[-60.93972930286598,14.550734848502039],[-60.94002217043898,14.549903037578673],[-60.94184491552083,14.549925588271359],[-60.942045354730276,14.550734848068723],[-60.94351158276997,14.550758921332926],[-60.94371202292971,14.551568181108244],[-60.94445025538834,14.551660811645851],[-60.944531378047884,14.553642916698395],[-60.943712026295096,14.553867374024941],[-60.94371202674137,14.554179638899926],[-60.944694000382775,14.554901514340193],[-60.944824398934955,14.554160811687476],[-60.94556263017747,14.55406818081576],[-60.94568134295767,14.553306635318734],[-60.946720661240725,14.553234846895435],[-60.94704536054786,14.55406818053909],[-60.9485115849837,14.554092253868502],[-60.948712028746826,14.554901513579384],[-60.94947165852365,14.555017141015377],[-60.94945026124158,14.556274742767483],[-60.94787869769743,14.556568180436813],[-60.95033372342941,14.556568179957342],[-60.95013375222403,14.557504640167181],[-60.94720381187242,14.561901700928356],[-60.94532422040565,14.56311463067074],[-60.943362322931115,14.563442448445207],[-60.940098981043114,14.566914430614718],[-60.93979723886728,14.568034039509172],[-60.93820692491001,14.567980738898],[-60.9380626136345,14.566367372603029],[-60.93704537668128,14.566367372412438],[-60.937039141751505,14.569446143168879],[-60.936212048075696,14.569700705492199],[-60.93621204959143,14.570734849585882],[-60.93665731267122,14.569907592565897],[-60.93845067778524,14.569907592232438],[-60.93871204926731,14.570225827951687],[-60.93618969532212,14.573615874960899],[-60.93139593462577,14.5756835495959],[-60.93139593728624,14.573867371133174],[-60.93065771351302,14.573774739841422],[-60.93056260533877,14.57303403766756],[-60.92889750298377,14.572748775709407],[-60.928950668367925,14.570042072275221],[-60.93088732884069,14.569700704139064],[-60.92976761941772,14.569533527429906]],[[-60.94806262114751,14.559901513806718],[-60.94806262144158,14.559700707999847],[-60.94704536879493,14.559700707810157],[-60.94806262114751,14.559901513806718]]],[[[-60.93014825772614,14.574915135016399],[-60.930378722488996,14.575736163185212],[-60.92921674455,14.57551423722187],[-60.92815771302086,14.574994147518176],[-60.93014825772614,14.574915135016399]]]]}},{"type":"Feature","properties":{"feature_id":"EU_080000197223__P2","layer_key":"eau_eu","layer_label":"Eau EU","economic_unit_id":"EU_080000197223__P2","economic_state":"S0","economic_exposure_eur":142065.0,"economic_damage_eur":3506.0,"economic_damage_ratio_pct":2.467,"economic_asset_count":1,"criticality_territory":"martinique","criticality_family":"eu","criticality_scenario":"rp100","criticality_period_years":"100","criticality_hazard":"storm_cmcc"},"geometry":{"type":"Polygon","coordinates":[[[-60.95355938248844,14.560646384340023],[-60.95359586490772,14.561275953398159],[-60.95229556886249,14.562089152269769],[-60.951773081559104,14.562042771818108],[-60.95166200105922,14.561348303203316],[-60.952918305926346,14.560558411526637],[-60.95355938248844,14.560646384340023]]]}},{"type":"Feature","properties":{"feature_id":"EU_080000197224__P1","layer_key":"eau_eu","layer_label":"Eau EU","economic_unit_id":"EU_080000197224__P1","economic_state":"S2","economic_exposure_eur":5822933.0,"economic_damage_eur":904754.0,"economic_damage_ratio_pct":15.538,"economic_asset_count":157,"criticality_territory":"martinique","criticality_family":"eu","criticality_scenario":"rp100","criticality_period_years":"100","criticality_hazard":"storm_cmcc"},"geometry":{"type":"Polygon","coordinates":[[[-61.04400935463613,14.669901498631342],[-61.04463687630081,14.671926469049785],[-61.04410987302274,14.675270455396952],[-61.04229290356546,14.676605658714431],[-61.040029551478696,14.676348400189198],[-61.03947303044457,14.677941693155747],[-61.03806999539286,14.679004987737251],[-61.036399187289334,14.67925328472402],[-61.034807391248194,14.678649777324416],[-61.03388162179692,14.677515341960328],[-61.033611161879854,14.6762074732234],[-61.03234965672692,14.675565755110679],[-61.03149795991229,14.6743776095941],[-61.03142698573847,14.67206005551787],[-61.03207942201441,14.67087886033216],[-61.033076070227416,14.670149658193612],[-61.033340702638846,14.667474891592963],[-61.034222133925404,14.666372467392353],[-61.03551249670362,14.665719193346641],[-61.03621220745779,14.665559155957776],[-61.0362122089461,14.666568166685755],[-61.03806244709482,14.666568166356118],[-61.03730285860195,14.666251753964776],[-61.03722911533786,14.665607826587978],[-61.039151546596486,14.665559271895143],[-61.04225879036189,14.666170718817046],[-61.04371221181539,14.6676223073323],[-61.04371221520846,14.669901498756794],[-61.04400935463613,14.669901498631342]],[[-61.038712210327425,14.6672007213598],[-61.03871221062386,14.66740149959175],[-61.03889577904208,14.667401499559075],[-61.038712210327425,14.6672007213598]],[[-61.04389577225262,14.671367388824876],[-61.04371221737332,14.671367388792282],[-61.04371221766985,14.671568165459457],[-61.04389577225262,14.671367388824876]]]}},{"type":"Feature","properties":{"feature_id":"EU_080000197224__P2","layer_key":"eau_eu","layer_label":"Eau EU","economic_unit_id":"EU_080000197224__P2","economic_state":"S0","economic_exposure_eur":1263957.0,"economic_damage_eur":31316.0,"economic_damage_ratio_pct":2.478,"economic_asset_count":46,"criticality_territory":"martinique","criticality_family":"eu","criticality_scenario":"rp100","criticality_period_years":"100","criticality_hazard":"storm_cmcc"},"geometry":{"type":"Polygon","coordinates":[[[-61.04026489108828,14.682553402701554],[-61.038715511653784,14.682178846441849],[-61.038062424519275,14.681826674589436],[-61.038062425233385,14.681367387492163],[-61.037611498077254,14.681367387151976],[-61.037187609161286,14.680768893984657],[-61.03504629272619,14.679728652859303],[-61.03439808176666,14.678421163354557],[-61.03497898437769,14.67700423612758],[-61.037077842821574,14.675603704622258],[-61.037866722650755,14.675581023299495],[-61.038573437698226,14.675923030186283],[-61.03904863671863,14.676594645941323],[-61.0394146539747,14.67820619110359],[-61.04123580172278,14.679306220707687],[-61.04174389376164,14.67995462391393],[-61.041859289239255,14.68134342433735],[-61.04121223293348,14.682200721361236],[-61.04026489108828,14.682553402701554]]]}},{"type":"Feature","properties":{"feature_id":"EU_080000197224__P3","layer_key":"eau_eu","layer_label":"Eau EU","economic_unit_id":"EU_080000197224__P3","economic_state":"S2","economic_exposure_eur":191130.0,"economic_damage_eur":29697.0,"economic_damage_ratio_pct":15.538,"economic_asset_count":5,"criticality_territory":"martinique","criticality_family":"eu","criticality_scenario":"rp100","criticality_period_years":"100","criticality_hazard":"storm_cmcc"},"geometry":{"type":"Polygon","coordinates":[[[-61.038413127731715,14.674139163951295],[-61.03781647757226,14.674433766262755],[-61.036881905827215,14.67398763454066],[-61.03667604515351,14.673581125156236],[-61.037385514939956,14.67299155285518],[-61.038301384175355,14.673132738286467],[-61.03857808847188,14.673604634210207],[-61.038413127731715,14.674139163951295]]]}},{"type":"Feature","properties":{"feature_id":"EU_080000197224__P4","layer_key":"eau_eu","layer_label":"Eau EU","economic_unit_id":"EU_080000197224__P4","economic_state":"S2","economic_exposure_eur":51655.0,"economic_damage_eur":8026.0,"economic_damage_ratio_pct":15.538,"economic_asset_count":2,"criticality_territory":"martinique","criticality_family":"eu","criticality_scenario":"rp100","criticality_period_years":"100","criticality_hazard":"storm_cmcc"},"geometry":{"type":"Polygon","coordinates":[[[-61.03435835143934,14.674711641554143],[-61.03560080351825,14.67500538735395],[-61.03582741607801,14.675368644145308],[-61.035718985584694,14.67601693022045],[-61.03501309690835,14.676164697243294],[-61.034192825737634,14.675085983633254],[-61.03435835143934,14.674711641554143]]]}},{"type":"Feature","properties":{"feature_id":"EU_080000197225","layer_key":"eau_eu","layer_label":"Eau EU","economic_unit_id":"EU_080000197225","economic_state":"S2","economic_exposure_eur":16781003.0,"economic_damage_eur":2607393.0,"economic_damage_ratio_pct":15.538,"economic_asset_count":493,"criticality_territory":"martinique","criticality_family":"eu","criticality_scenario":"rp100","criticality_period_years":"100","criticality_hazard":"storm_cmcc"},"geometry":{"type":"MultiPolygon","coordinates":[[[[-61.16350071151607,14.747200740302633],[-61.16453801578154,14.745983882089478],[-61.164545683378655,14.746884442971133],[-61.16350071151607,14.747200740302633]]],[[[-61.168907290908585,14.755602553842568],[-61.16787902953647,14.755129408736096],[-61.16776019577923,14.756295610727332],[-61.16621236445888,14.756367407327627],[-61.16621236599591,14.757401479599668],[-61.1670317036427,14.757625959785866],[-61.167045701747824,14.758933275135963],[-61.164499127006344,14.756665097142108],[-61.16403167489249,14.754849660112368],[-61.16435328580906,14.75300945688859],[-61.163869075498525,14.75240147988901],[-61.16453944654547,14.752656069597059],[-61.1645456965737,14.75573481317376],[-61.166657250826795,14.753240889868067],[-61.167824248878816,14.75337538388664],[-61.16787902938257,14.755014216847025],[-61.168105147429344,14.75393351926889],[-61.167577303497765,14.752199626301723],[-61.16621235950505,14.753034074093897],[-61.16604054746177,14.753830058807088],[-61.164735207239126,14.753612815905576],[-61.16478374317725,14.750875384215663],[-61.166395632557006,14.750734812756338],[-61.16651446760719,14.748306608261549],[-61.16806230264617,14.748234812424489],[-61.16645041303259,14.747893501539053],[-61.16640963492889,14.745959293219126],[-61.16806230635937,14.745734812369681],[-61.16832391984605,14.74490755608477],[-61.171303775421116,14.744901478498143],[-61.17175396309156,14.743867408321618],[-61.17142038422032,14.742596734029373],[-61.172228977248544,14.742401478271749],[-61.17142038491616,14.742005484943801],[-61.1713956472573,14.740217776330955],[-61.1722289809601,14.739901478216954],[-61.172242979126246,14.737625959575333],[-61.173895652283925,14.736568144534383],[-61.173969428680266,14.734183784871004],[-61.175085849771115,14.734069666936254],[-61.17537900077198,14.734901477585593],[-61.176157560723524,14.73504204959582],[-61.176212335480294,14.735734810799286],[-61.17786500908747,14.736792625858715],[-61.177211435431616,14.74014662414013],[-61.17816949659221,14.746273652141406],[-61.17871235321602,14.747401477308454],[-61.17950730811563,14.747568673459671],[-61.17954568907433,14.749006780608932],[-61.18030524448138,14.749183784331018],[-61.18037902415013,14.750103482887821],[-61.18212519855711,14.752401476872803],[-61.18280524862715,14.752517117444226],[-61.1828790292387,14.753234810082306],[-61.18449091886452,14.75420871569733],[-61.184545699678246,14.755586803195056],[-61.18532425437125,14.755875382305106],[-61.18704570526353,14.759068142857856],[-61.18851171629633,14.75909221901709],[-61.18871237344388,14.759901475935605],[-61.190379040914635,14.760279085923411],[-61.187707223370005,14.764663395008407],[-61.186514449456745,14.764628946217409],[-61.18639717523407,14.763520106674212],[-61.18806227841387,14.76220074409862],[-61.18704570992106,14.762200743931524],[-61.18678407553198,14.763027999107708],[-61.18454571074758,14.763034076828605],[-61.184345053389904,14.764676665956015],[-61.18162630286597,14.764687122692786],[-61.181395610423316,14.76386740961793],[-61.180576274016985,14.763642926227732],[-61.18056384660629,14.7610201067723],[-61.1822289485687,14.760534076521735],[-61.17973051455083,14.760248778836893],[-61.17973519880897,14.757656069232624],[-61.18056228684814,14.757401477222496],[-61.18056228838515,14.75636740970482],[-61.17723520145555,14.756112816287825],[-61.17732415970074,14.754160785560396],[-61.17972895891196,14.75386740964205],[-61.1762123624077,14.753867409060934],[-61.17598168100048,14.75468712209662],[-61.17211848895857,14.754700741708858],[-61.17203945162441,14.755279482915912],[-61.168907290908585,14.755602553842568]],[[-61.18037903130182,14.754901477197846],[-61.18043117793987,14.754901477204045],[-61.18037903117609,14.75481504224756],[-61.18037903130182,14.754901477197846]]],[[[-61.16980275301752,14.742517118746079],[-61.1710935159098,14.742473274207521],[-61.17113857074417,14.743751767056786],[-61.16992961452883,14.743843330989892],[-61.16980275301752,14.742517118746079]]],[[[-61.17063609197526,14.737517118596315],[-61.171926844621275,14.737473274020727],[-61.17197189844574,14.738751767246693],[-61.17076295064535,14.738843331257328],[-61.17063609197526,14.737517118596315]]],[[[-61.173638562456894,14.736251767473032],[-61.172879002531985,14.736367409031928],[-61.17267837037553,14.73717666494427],[-61.17151447705119,14.737128944963757],[-61.17146942806345,14.735017118477602],[-61.173481671427254,14.73491509710877],[-61.173638562456894,14.736251767473032]]],[[[-61.17651447884517,14.734628945664074],[-61.17646942929746,14.733350451264783],[-61.177760174638465,14.733306606540944],[-61.17785426095498,14.734505485554195],[-61.17651447884517,14.734628945664074]]],[[[-61.17742962016435,14.733009999107084],[-61.17722899158873,14.732150503444828],[-61.178259483369224,14.732405791404947],[-61.17934503508314,14.733009999413031],[-61.17742962016435,14.733009999107084]]]]}},{"type":"Feature","properties":{"feature_id":"EU_080000197226","layer_key":"eau_eu","layer_label":"Eau EU","economic_unit_id":"EU_080000197226","economic_state":"S2","economic_exposure_eur":15828313.0,"economic_damage_eur":2459366.0,"economic_damage_ratio_pct":15.538,"economic_asset_count":591,"criticality_territory":"martinique","criticality_family":"eu","criticality_scenario":"rp100","criticality_period_years":"100","criticality_hazard":"storm_cmcc"},"geometry":{"type":"MultiPolygon","coordinates":[[[[-60.88786452217048,14.425309581700748],[-60.885462670476144,14.430181530712945],[-60.88523278524146,14.431984827983273],[-60.88309904779099,14.433968664565793],[-60.88154594709003,14.437527609113241],[-60.88203954807429,14.443212158137378],[-60.88286454753339,14.444292640187763],[-60.88287852372134,14.445734857080721],[-60.883687154086,14.44593008529015],[-60.883711859635824,14.447401523621917],[-60.88453895763846,14.447656079101462],[-60.884545194912796,14.448649171465858],[-60.88371060131766,14.44968710372697],[-60.882373693085015,14.450480733003392],[-60.88222946281101,14.44886736541248],[-60.88149118280547,14.448774735944292],[-60.88139613085586,14.448034031942719],[-60.87987369538669,14.447980732664718],[-60.87972946570989,14.447219132551016],[-60.87701453529946,14.447017733463314],[-60.876211857890404,14.447200697633374],[-60.8760115214995,14.44800995704543],[-60.87418885207944,14.448032507303026],[-60.873896134318514,14.446684884343936],[-60.87287650538832,14.446160197698344],[-60.867878521016685,14.445891568616291],[-60.86764820088776,14.446353744490738],[-60.86621185473383,14.4463673623881],[-60.86604031068692,14.447996685885228],[-60.863711856665745,14.448034028521187],[-60.86354031217355,14.450496685392123],[-60.86229224184392,14.450517232841433],[-60.860479345966915,14.449333452337205],[-60.85978589073117,14.448373138799676],[-60.8605628014538,14.448234861452459],[-60.860617497069235,14.445875411645021],[-60.86139613824744,14.445734861238023],[-60.86237370111353,14.444121491537881],[-60.863409283605414,14.44406819383221],[-60.86484812245515,14.442473312182596],[-60.86556280895699,14.442367328580866],[-60.86573435203063,14.4416055355924],[-60.867678183183614,14.441592265915213],[-60.86792116807862,14.44271911369061],[-60.87183072748984,14.443785369589268],[-60.87348907013362,14.4436965380613],[-60.87396980350546,14.442517148841151],[-60.87458357275916,14.442401525289727],[-60.87469125633601,14.441719901384689],[-60.8722519934985,14.436866081800115],[-60.87121184044531,14.43585991270899],[-60.87095063850352,14.436361286443187],[-60.8697310464443,14.43608210881814],[-60.86982453238053,14.434994153477898],[-60.87139615247479,14.434515613017352],[-60.87142085575649,14.433430086241723],[-60.87222948752005,14.43323485887455],[-60.872254191166896,14.431763419504124],[-60.873062823101854,14.43156819201175],[-60.873157869505654,14.430827486298236],[-60.875148193800975,14.430748475503293],[-60.87537850171027,14.431568191563997],[-60.87662646365101,14.43074847523896],[-60.877940112272604,14.43094175686873],[-60.88222949198269,14.428756108083403],[-60.88378791874435,14.426520754192252],[-60.885085838937194,14.42615899390522],[-60.886514803179885,14.424139975333503],[-60.88767817490732,14.424092262015774],[-60.88786452217048,14.425309581700748]]],[[[-60.86476778425624,14.450366856793298],[-60.86482451856465,14.449160821022978],[-60.86695013932166,14.449160820672583],[-60.86704519319362,14.449783566330401],[-60.865562797097624,14.45053402880839],[-60.86476778425624,14.450366856793298]]],[[[-60.86725417938117,14.441172134796473],[-60.86725418205307,14.439263419916301],[-60.868441339178496,14.438475897102332],[-60.86811750585316,14.437542077420423],[-60.87190095214901,14.437454823188698],[-60.87199048735011,14.438726811128165],[-60.870378511326436,14.438867363412596],[-60.870353810979516,14.440338801819209],[-60.86954518024941,14.440534029869681],[-60.869531207413225,14.441142913829584],[-60.86725417938117,14.441172134796473]]],[[[-60.869426531294906,14.437128910114629],[-60.86765809154561,14.43720069607741],[-60.86734812826644,14.435806645039289],[-60.869314862259635,14.43574847668273],[-60.869426531294906,14.437128910114629]]]]}},{"type":"Feature","properties":{"feature_id":"EU_080000197227","layer_key":"eau_eu","layer_label":"Eau EU","economic_unit_id":"EU_080000197227","economic_state":"S2","economic_exposure_eur":36574988.0,"economic_damage_eur":5682937.0,"economic_damage_ratio_pct":15.538,"economic_asset_count":984,"criticality_territory":"martinique","criticality_family":"eu","criticality_scenario":"rp100","criticality_period_years":"100","criticality_hazard":"storm_cmcc"},"geometry":{"type":"MultiPolygon","coordinates":[[[[-60.90303422777474,14.470534035447997],[-60.9033405831745,14.468563906810024],[-60.90454385976579,14.46685736130831],[-60.904545226042465,14.467401520052416],[-60.90618718716656,14.467596750429134],[-60.90618719096404,14.470338804044275],[-60.90303422777474,14.470534035447997]]],[[[-60.90675247526827,14.46636584632503],[-60.90520524497609,14.466367369174648],[-60.907045224056986,14.465705948845713],[-60.90675247526827,14.46636584632503]]],[[[-60.95823431866209,14.476330033892497],[-60.95792125338017,14.475541933902177],[-60.95687722853497,14.475563220913475],[-60.95554503181849,14.474109139255486],[-60.953594673998964,14.473034044814819],[-60.952373667077794,14.472980743467849],[-60.952082932431665,14.47220071131126],[-60.94823432246003,14.47216336569352],[-60.94722941841179,14.470534043776471],[-60.94576311803225,14.47050996866203],[-60.94556275328329,14.469700710156145],[-60.944746048366035,14.469483472876071],[-60.94204523626419,14.469548002930223],[-60.94200691307148,14.471200196837904],[-60.94121190543732,14.471367375960744],[-60.941211906728974,14.472253622475694],[-60.940174370748345,14.472589792079983],[-60.938918619468666,14.472832894587214],[-60.938896085499266,14.471367375526983],[-60.937878571476446,14.471367375336245],[-60.937759905865654,14.472962252681171],[-60.935763117415576,14.47300996686415],[-60.93560107891771,14.47090202495449],[-60.93722942037214,14.470534041905395],[-60.93454523630235,14.470534041401617],[-60.93431488162749,14.47135375596949],[-60.932020973822624,14.471367374225617],[-60.928711904746166,14.472521987095037],[-60.928511539129985,14.47300996561987],[-60.92704523862493,14.4731035033459],[-60.92704524245067,14.475734849297373],[-60.92782387419785,14.475875404705993],[-60.92787234089233,14.476946143658969],[-60.92608901119338,14.477698323100547],[-60.92472941248701,14.477626073801456],[-60.9247294179865,14.473867372790309],[-60.92389951843713,14.473594395539155],[-60.92121190529349,14.47386737212602],[-60.92113823254341,14.47625174431953],[-60.91918884699634,14.476365848383445],[-60.918896083382734,14.475534038306343],[-60.9180767266604,14.475309582682748],[-60.9180627536184,14.473196019940927],[-60.91618493397137,14.472736946994445],[-60.91599480547582,14.472266698297416],[-60.90954523283142,14.471410115788757],[-60.90937366443293,14.472163359262957],[-60.90787856699412,14.472200702979462],[-60.90755399591493,14.4747007024938],[-60.90652943401383,14.474639523515306],[-60.90639608829267,14.473867369315688],[-60.90565782032111,14.473774738675555],[-60.90556431968921,14.47268677867744],[-60.9063960904253,14.472401519805148],[-60.9065403405589,14.471621484933099],[-60.9072294248048,14.471568186295666],[-60.906410068016115,14.471142915419884],[-60.906514759161325,14.469139973063402],[-60.910309435454984,14.468867370167725],[-60.90899115832403,14.468774739232686],[-60.908896097491734,14.46720070331801],[-60.90815782682293,14.467108072490142],[-60.90722943336457,14.465684288835538],[-60.91204522363327,14.464756810688243],[-60.91203899152857,14.467779476490282],[-60.911211894903786,14.468034037067262],[-60.91114862761075,14.46873807287035],[-60.91806656207372,14.467672079835681],[-60.91897044572514,14.466963998189243],[-60.920365009530705,14.467038822668593],[-60.92626620654421,14.46501447409741],[-60.931823224510644,14.461240042583537],[-60.93349450651074,14.462021096215029],[-60.93408208576021,14.461681099093337],[-60.93538749030092,14.45859034901129],[-60.94104493321013,14.453974863917841],[-60.94175503930562,14.454398442016979],[-60.94181299725264,14.455336689090727],[-60.94314702049715,14.457060827713763],[-60.94021884946155,14.463136620531769],[-60.94573247312967,14.463666743657893],[-60.94797936736298,14.465198861352677],[-60.94918622273916,14.464865721658313],[-60.95127111233075,14.466853665538833],[-60.953062756806226,14.46626389848757],[-60.95329311093008,14.46574846202408],[-60.95472942395657,14.465715255316807],[-60.95495977784943,14.464915128377372],[-60.9569217584369,14.464993546873552],[-60.95756570643715,14.466155861454686],[-60.96126685744222,14.46906817610801],[-60.962676527468346,14.4695772759755],[-60.963762265653784,14.472401509048753],[-60.96450691835375,14.472568688997681],[-60.964545251913904,14.477401508995252],[-60.96618721216466,14.478430079515814],[-60.966138244665096,14.481251749556469],[-60.96318140694077,14.481295589436938],[-60.96306273532242,14.479700713120256],[-60.96146974897571,14.478751748989252],[-60.961396072220815,14.477469677709966],[-60.95823431866209,14.476330033892497]]],[[[-60.90646977128999,14.466683811837134],[-60.90775989594843,14.466639972796758],[-60.90780488788596,14.46791840954835],[-60.906567662614755,14.467996692210294],[-60.90646977128999,14.466683811837134]]],[[[-60.93621190806241,14.473821572774213],[-60.93389608304339,14.47372011754878],[-60.9341573403101,14.473240924361578],[-60.93604033347454,14.473272190970059],[-60.93621190806241,14.473821572774213]]],[[[-60.96111685113213,14.480827475143684],[-60.961148824976874,14.482071182651525],[-60.96040461528201,14.481449304187025],[-60.95987366055512,14.480788143420463],[-60.96111685113213,14.480827475143684]]]]}},{"type":"Feature","properties":{"feature_id":"EU_080000197229__P1","layer_key":"eau_eu","layer_label":"Eau EU","economic_unit_id":"EU_080000197229__P1","economic_state":"S2","economic_exposure_eur":6127181.0,"economic_damage_eur":952027.0,"economic_damage_ratio_pct":15.538,"economic_asset_count":79,"criticality_territory":"martinique","criticality_family":"eu","criticality_scenario":"rp100","criticality_period_years":"100","criticality_hazard":"storm_cmcc"},"geometry":{"type":"Polygon","coordinates":[[[-61.110207117467205,14.622438832781677],[-61.11037882476991,14.62323481944339],[-61.11115741442809,14.623375387863623],[-61.111212161228934,14.62528336026415],[-61.10855258893297,14.626475302495644],[-61.108098553644574,14.628233294172066],[-61.106695168471184,14.62940302348095],[-61.10492758999733,14.62958793636848],[-61.10278405470916,14.628724757395233],[-61.10172478611871,14.627420293769918],[-61.10139582926144,14.6255340669072],[-61.100587222567235,14.625338815308467],[-61.100562499758,14.623034066837436],[-61.10037690277584,14.625251135289982],[-61.10007304534891,14.624672507647862],[-61.09986398788362,14.621373552792159],[-61.09784192511929,14.621079467035834],[-61.096453207209485,14.619593857666773],[-61.09631056977891,14.617013089420412],[-61.095385224999205,14.616037479230052],[-61.09500536084795,14.614934533190766],[-61.09562018689573,14.612732532784118],[-61.096584920229375,14.611934199649975],[-61.09795348314791,14.611575963233236],[-61.098712139040444,14.611648910801799],[-61.09871214015343,14.61240148788401],[-61.10023445041169,14.612454791411496],[-61.10037880955939,14.614068154299023],[-61.101040444295606,14.614105500684339],[-61.102098735017286,14.614901487368723],[-61.10361700786506,14.614994125663463],[-61.10371214592026,14.615734820427189],[-61.10453149305368,14.61595929569748],[-61.10454548291565,14.618124867961264],[-61.106569150302796,14.620714453941053],[-61.1092206605903,14.62240148593612],[-61.110207117467205,14.622438832781677]]]}},{"type":"Feature","properties":{"feature_id":"EU_080000197229__P10","layer_key":"eau_eu","layer_label":"Eau EU","economic_unit_id":"EU_080000197229__P10","economic_state":"S0","economic_exposure_eur":136569.0,"economic_damage_eur":3369.0,"economic_damage_ratio_pct":2.467,"economic_asset_count":6,"criticality_territory":"martinique","criticality_family":"eu","criticality_scenario":"rp100","criticality_period_years":"100","criticality_hazard":"storm_cmcc"},"geometry":{"type":"Polygon","coordinates":[[[-61.09259437076537,14.608828633966162],[-61.09291200251038,14.609286157876872],[-61.09247121784311,14.610400819360832],[-61.09204366817383,14.610615862085622],[-61.09162251697347,14.610389162941718],[-61.091478065447106,14.609722645642368],[-61.09169128907162,14.60912084370471],[-61.09259437076537,14.608828633966162]]]}},{"type":"Feature","properties":{"feature_id":"EU_080000197229__P11","layer_key":"eau_eu","layer_label":"Eau EU","economic_unit_id":"EU_080000197229__P11","economic_state":"S0","economic_exposure_eur":81001.0,"economic_damage_eur":1999.0,"economic_damage_ratio_pct":2.468,"economic_asset_count":2,"criticality_territory":"martinique","criticality_family":"eu","criticality_scenario":"rp100","criticality_period_years":"100","criticality_hazard":"storm_cmcc"},"geometry":{"type":"Polygon","coordinates":[[[-61.094779187456176,14.610886956531843],[-61.09413939103554,14.610940321308686],[-61.09366562093388,14.610410009210211],[-61.09476850537059,14.609499496009018],[-61.09523208598177,14.609882726809019],[-61.094779187456176,14.610886956531843]]]}},{"type":"Feature","properties":{"feature_id":"EU_080000197229__P12","layer_key":"eau_eu","layer_label":"Eau EU","economic_unit_id":"EU_080000197229__P12","economic_state":"S0","economic_exposure_eur":109227.0,"economic_damage_eur":2698.0,"economic_damage_ratio_pct":2.47,"economic_asset_count":2,"criticality_territory":"martinique","criticality_family":"eu","criticality_scenario":"rp100","criticality_period_years":"100","criticality_hazard":"storm_cmcc"},"geometry":{"type":"Polygon","coordinates":[[[-61.09791705179172,14.616251063385297],[-61.09774205296371,14.616776382179392],[-61.0962685821454,14.616669018144295],[-61.09634151909286,14.615969715208614],[-61.09693474120138,14.615551435283841],[-61.09743830407619,14.615682330974023],[-61.09791705179172,14.616251063385297]]]}},{"type":"Feature","properties":{"feature_id":"EU_080000197229__P13","layer_key":"eau_eu","layer_label":"Eau EU","economic_unit_id":"EU_080000197229__P13","economic_state":"S2","economic_exposure_eur":513683.0,"economic_damage_eur":79815.0,"economic_damage_ratio_pct":15.538,"economic_asset_count":28,"criticality_territory":"martinique","criticality_family":"eu","criticality_scenario":"rp100","criticality_period_years":"100","criticality_hazard":"storm_cmcc"},"geometry":{"type":"Polygon","coordinates":[[[-61.089729202401166,14.599901489169035],[-61.08987822509304,14.599118730947978],[-61.09039565900509,14.59980081726523],[-61.090509594844406,14.60079283949476],[-61.08980524236693,14.601843804031455],[-61.08843979227134,14.602456154059745],[-61.087653554575496,14.602520208327407],[-61.085863375320955,14.60127326215923],[-61.08546449165698,14.599948623379115],[-61.08592096888262,14.599069940027194],[-61.08619813323623,14.599292629894174],[-61.08621211961022,14.599901489779784],[-61.08811921303875,14.59961917869706],[-61.089729202401166,14.599901489169035]]]}},{"type":"Feature","properties":{"feature_id":"EU_080000197229__P14","layer_key":"eau_eu","layer_label":"Eau EU","economic_unit_id":"EU_080000197229__P14","economic_state":"S0","economic_exposure_eur":120078.0,"economic_damage_eur":2966.0,"economic_damage_ratio_pct":2.47,"economic_asset_count":6,"criticality_territory":"martinique","criticality_family":"eu","criticality_scenario":"rp100","criticality_period_years":"100","criticality_hazard":"storm_cmcc"},"geometry":{"type":"Polygon","coordinates":[[[-61.09602955379733,14.618980075537076],[-61.09556166739234,14.619089671379289],[-61.09466001073417,14.618595626406302],[-61.094531237408354,14.618100204516473],[-61.09488346671145,14.617686800234075],[-61.09555849907792,14.617580988535995],[-61.096105032277,14.617960421043632],[-61.09602955379733,14.618980075537076]]]}},{"type":"Feature","properties":{"feature_id":"EU_080000197229__P15","layer_key":"eau_eu","layer_label":"Eau EU","economic_unit_id":"EU_080000197229__P15","economic_state":"S0","economic_exposure_eur":76373.0,"economic_damage_eur":1886.0,"economic_damage_ratio_pct":2.469,"economic_asset_count":2,"criticality_territory":"martinique","criticality_family":"eu","criticality_scenario":"rp100","criticality_period_years":"100","criticality_hazard":"storm_cmcc"},"geometry":{"type":"Polygon","coordinates":[[[-61.0898926277163,14.615173388947253],[-61.08961432890018,14.615555671795358],[-61.08861260825471,14.6152301089516],[-61.08893615250193,14.614192605630858],[-61.0894606172536,14.61421133560486],[-61.0898926277163,14.615173388947253]]]}},{"type":"Feature","properties":{"feature_id":"EU_080000197229__P16","layer_key":"eau_eu","layer_label":"Eau EU","economic_unit_id":"EU_080000197229__P16","economic_state":"S0","economic_exposure_eur":39606.0,"economic_damage_eur":979.0,"economic_damage_ratio_pct":2.471,"economic_asset_count":1,"criticality_territory":"martinique","criticality_family":"eu","criticality_scenario":"rp100","criticality_period_years":"100","criticality_hazard":"storm_cmcc"},"geometry":{"type":"Polygon","coordinates":[[[-61.106860464149776,14.623028517747171],[-61.10706963850076,14.62349722373718],[-61.10617136366217,14.624123349021726],[-61.105731414886954,14.623566068271405],[-61.10629357482459,14.623010926936665],[-61.106860464149776,14.623028517747171]]]}},{"type":"Feature","properties":{"feature_id":"EU_080000197229__P17","layer_key":"eau_eu","layer_label":"Eau EU","economic_unit_id":"EU_080000197229__P17","economic_state":"S0","economic_exposure_eur":78039.0,"economic_damage_eur":1928.0,"economic_damage_ratio_pct":2.47,"economic_asset_count":3,"criticality_territory":"martinique","criticality_family":"eu","criticality_scenario":"rp100","criticality_period_years":"100","criticality_hazard":"storm_cmcc"},"geometry":{"type":"Polygon","coordinates":[[[-61.10957883473615,14.625620906347924],[-61.109249061271235,14.626018478987552],[-61.10824073533572,14.625922531648062],[-61.10790078234891,14.625590851107555],[-61.10799514552063,14.625131352404653],[-61.10848416075554,14.624872531168995],[-61.10933232313967,14.625123526432898],[-61.10957883473615,14.625620906347924]]]}},{"type":"Feature","properties":{"feature_id":"EU_080000197229__P18","layer_key":"eau_eu","layer_label":"Eau EU","economic_unit_id":"EU_080000197229__P18","economic_state":"S0","economic_exposure_eur":25807.0,"economic_damage_eur":637.0,"economic_damage_ratio_pct":2.468,"economic_asset_count":1,"criticality_territory":"martinique","criticality_family":"eu","criticality_scenario":"rp100","criticality_period_years":"100","criticality_hazard":"storm_cmcc"},"geometry":{"type":"Polygon","coordinates":[[[-61.08647746099031,14.614238406376304],[-61.08618423421292,14.613866857223016],[-61.08680264813245,14.613146754249277],[-61.08738970178376,14.613555756846916],[-61.08699879493284,14.614179629691264],[-61.08647746099031,14.614238406376304]]]}},{"type":"Feature","properties":{"feature_id":"EU_080000197229__P19","layer_key":"eau_eu","layer_label":"Eau EU","economic_unit_id":"EU_080000197229__P19","economic_state":"S0","economic_exposure_eur":122234.0,"economic_damage_eur":3018.0,"economic_damage_ratio_pct":2.469,"economic_asset_count":1,"criticality_territory":"martinique","criticality_family":"eu","criticality_scenario":"rp100","criticality_period_years":"100","criticality_hazard":"storm_cmcc"},"geometry":{"type":"Polygon","coordinates":[[[-61.09026109725302,14.61507028046414],[-61.090473034708815,14.614474387947382],[-61.09188490925481,14.614227439146651],[-61.092300174219744,14.614464223153027],[-61.092131945020896,14.615147766743782],[-61.090819949239304,14.61538894182931],[-61.09026109725302,14.61507028046414]]]}},{"type":"Feature","properties":{"feature_id":"EU_080000197229__P2","layer_key":"eau_eu","layer_label":"Eau EU","economic_unit_id":"EU_080000197229__P2","economic_state":"S0","economic_exposure_eur":74922.0,"economic_damage_eur":1850.0,"economic_damage_ratio_pct":2.47,"economic_asset_count":2,"criticality_territory":"martinique","criticality_family":"eu","criticality_scenario":"rp100","criticality_period_years":"100","criticality_hazard":"storm_cmcc"},"geometry":{"type":"Polygon","coordinates":[[[-61.110839059433616,14.624662677802702],[-61.110309398324326,14.625025589623542],[-61.1093445187448,14.624428502645387],[-61.10916622072051,14.624040563666359],[-61.109687273489406,14.623554079495275],[-61.110567818221845,14.624082154893896],[-61.110839059433616,14.624662677802702]]]}},{"type":"Feature","properties":{"feature_id":"EU_080000197229__P20","layer_key":"eau_eu","layer_label":"Eau EU","economic_unit_id":"EU_080000197229__P20","economic_state":"S0","economic_exposure_eur":7503.0,"economic_damage_eur":185.0,"economic_damage_ratio_pct":2.47,"economic_asset_count":1,"criticality_territory":"martinique","criticality_family":"eu","criticality_scenario":"rp100","criticality_period_years":"100","criticality_hazard":"storm_cmcc"},"geometry":{"type":"Polygon","coordinates":[[[-61.096403273260435,14.619013849244235],[-61.097093603985094,14.619366295668444],[-61.096796838936285,14.620007049882403],[-61.096126511245544,14.619699319873758],[-61.096403273260435,14.619013849244235]]]}},{"type":"Feature","properties":{"feature_id":"EU_080000197229__P3","layer_key":"eau_eu","layer_label":"Eau EU","economic_unit_id":"EU_080000197229__P3","economic_state":"S2","economic_exposure_eur":31809406.0,"economic_damage_eur":4942471.0,"economic_damage_ratio_pct":15.538,"economic_asset_count":682,"criticality_territory":"martinique","criticality_family":"eu","criticality_scenario":"rp100","criticality_period_years":"100","criticality_hazard":"storm_cmcc"},"geometry":{"type":"Polygon","coordinates":[[[-61.07393255317378,14.60090544894146],[-61.075981609368604,14.600748443561114],[-61.0762121200722,14.601405690278053],[-61.077187255899986,14.601496706138997],[-61.07740088941932,14.600772170743785],[-61.07898761080136,14.60073482433497],[-61.07995971337575,14.599915109554377],[-61.08306253695104,14.599901490327682],[-61.08332396509572,14.599074233839652],[-61.08598160913776,14.599081775192602],[-61.08621211961022,14.599901489779784],[-61.089729202401166,14.599901489169035],[-61.08987355060298,14.599121459369636],[-61.09101161973934,14.599092231061375],[-61.09204545518385,14.60073482211872],[-61.09365738543552,14.601708722651294],[-61.09537879521807,14.60490148829817],[-61.096157389867024,14.605042055778274],[-61.09621213114526,14.60656815485669],[-61.09784044684722,14.607568678825709],[-61.097878801775394,14.609068154622614],[-61.09870589446318,14.609322738295942],[-61.09871214015343,14.61240148788401],[-61.099963049952976,14.612401487458522],[-61.09861348401217,14.613647791254946],[-61.09689206155799,14.614280252400508],[-61.096149009123835,14.615826845264829],[-61.09480946422965,14.617038449753586],[-61.09306250898508,14.617663514624029],[-61.09306250970076,14.617200732380379],[-61.09204547938681,14.617200732204214],[-61.092011592768046,14.617857678027482],[-61.089074402589326,14.619293826918256],[-61.08670810534771,14.61941821511692],[-61.08255867389626,14.617944007703787],[-61.08104499985857,14.616945570313613],[-61.079354187408356,14.614685364632969],[-61.076679819403694,14.61355497415063],[-61.075214070641145,14.61161167342412],[-61.07210474993802,14.610520360824404],[-61.0678095296596,14.605741527313306],[-61.067330963930765,14.60392899844],[-61.06764763084274,14.600748287676835],[-61.067878785510764,14.601568159684197],[-61.07014827610951,14.601581777888347],[-61.070378787175194,14.602401492597062],[-61.071175235188136,14.602401492440057],[-61.07118148529181,14.601849649238387],[-61.07305636099834,14.600475676477407],[-61.07393255317378,14.60090544894146]]]}},{"type":"Feature","properties":{"feature_id":"EU_080000197229__P4","layer_key":"eau_eu","layer_label":"Eau EU","economic_unit_id":"EU_080000197229__P4","economic_state":"S0","economic_exposure_eur":14723.0,"economic_damage_eur":364.0,"economic_damage_ratio_pct":2.47,"economic_asset_count":2,"criticality_territory":"martinique","criticality_family":"eu","criticality_scenario":"rp100","criticality_period_years":"100","criticality_hazard":"storm_cmcc"},"geometry":{"type":"Polygon","coordinates":[[[-61.0978019201056,14.618199544651027],[-61.09712146626533,14.617964908421227],[-61.097035754813696,14.61744187499649],[-61.09736402240498,14.617070548040202],[-61.09784509502797,14.617082522446024],[-61.09810279383198,14.61750568848258],[-61.0978019201056,14.618199544651027]]]}},{"type":"Feature","properties":{"feature_id":"EU_080000197229__P5","layer_key":"eau_eu","layer_label":"Eau EU","economic_unit_id":"EU_080000197229__P5","economic_state":"S0","economic_exposure_eur":172549.0,"economic_damage_eur":4262.0,"economic_damage_ratio_pct":2.47,"economic_asset_count":2,"criticality_territory":"martinique","criticality_family":"eu","criticality_scenario":"rp100","criticality_period_years":"100","criticality_hazard":"storm_cmcc"},"geometry":{"type":"Polygon","coordinates":[[[-61.097592309731944,14.617864311143553],[-61.098100312317705,14.618255453700757],[-61.09815166973373,14.619344631307692],[-61.09738296800588,14.619844512057991],[-61.09670650152032,14.619483102388758],[-61.096473602795136,14.618815840883608],[-61.09663471968014,14.618374291389284],[-61.097592309731944,14.617864311143553]]]}},{"type":"Feature","properties":{"feature_id":"EU_080000197229__P6","layer_key":"eau_eu","layer_label":"Eau EU","economic_unit_id":"EU_080000197229__P6","economic_state":"S0","economic_exposure_eur":23440.0,"economic_damage_eur":579.0,"economic_damage_ratio_pct":2.47,"economic_asset_count":1,"criticality_territory":"martinique","criticality_family":"eu","criticality_scenario":"rp100","criticality_period_years":"100","criticality_hazard":"storm_cmcc"},"geometry":{"type":"Polygon","coordinates":[[[-61.096682140409875,14.619596774274978],[-61.097160490001265,14.61954553706573],[-61.09745727533875,14.619857179026962],[-61.09744690161314,14.620413121193259],[-61.09678317168459,14.620689486804842],[-61.09646013429489,14.620012523939986],[-61.096682140409875,14.619596774274978]]]}},{"type":"Feature","properties":{"feature_id":"EU_080000197229__P7","layer_key":"eau_eu","layer_label":"Eau EU","economic_unit_id":"EU_080000197229__P7","economic_state":"S0","economic_exposure_eur":34467.0,"economic_damage_eur":851.0,"economic_damage_ratio_pct":2.468,"economic_asset_count":1,"criticality_territory":"martinique","criticality_family":"eu","criticality_scenario":"rp100","criticality_period_years":"100","criticality_hazard":"storm_cmcc"},"geometry":{"type":"Polygon","coordinates":[[[-61.082575994428645,14.611169671167028],[-61.08205389398178,14.611117826270267],[-61.08196799342233,14.610097219314172],[-61.082682369341654,14.609996481861868],[-61.082869064766676,14.610745737724269],[-61.082575994428645,14.611169671167028]]]}},{"type":"Feature","properties":{"feature_id":"EU_080000197229__P8","layer_key":"eau_eu","layer_label":"Eau EU","economic_unit_id":"EU_080000197229__P8","economic_state":"S0","economic_exposure_eur":59034.0,"economic_damage_eur":1459.0,"economic_damage_ratio_pct":2.471,"economic_asset_count":3,"criticality_territory":"martinique","criticality_family":"eu","criticality_scenario":"rp100","criticality_period_years":"100","criticality_hazard":"storm_cmcc"},"geometry":{"type":"Polygon","coordinates":[[[-61.099295166278026,14.622432039238571],[-61.09887826160899,14.622557906361141],[-61.09851385765628,14.622323954073183],[-61.0983996264,14.621741420593617],[-61.099030355946965,14.621236997444692],[-61.09957827764357,14.6218872929114],[-61.099295166278026,14.622432039238571]]]}},{"type":"Feature","properties":{"feature_id":"EU_080000197229__P9","layer_key":"eau_eu","layer_label":"Eau EU","economic_unit_id":"EU_080000197229__P9","economic_state":"S2","economic_exposure_eur":1354299.0,"economic_damage_eur":210428.0,"economic_damage_ratio_pct":15.538,"economic_asset_count":16,"criticality_territory":"martinique","criticality_family":"eu","criticality_scenario":"rp100","criticality_period_years":"100","criticality_hazard":"storm_cmcc"},"geometry":{"type":"Polygon","coordinates":[[[-61.09871214015343,14.61240148788401],[-61.0998396386922,14.612401487619664],[-61.099425183154324,14.613336373552428],[-61.096907162115826,14.615513943729614],[-61.09547891632741,14.615633630906],[-61.094524791587205,14.614651488393777],[-61.09466248565657,14.612528674067873],[-61.09373981153994,14.611439294211731],[-61.09374822420806,14.610274459851656],[-61.09438192168863,14.609533237963458],[-61.09566025118034,14.609165421792742],[-61.09647613374782,14.60821384629489],[-61.0978738095086,14.608150642088647],[-61.097878801775394,14.609068154622614],[-61.09870589446318,14.609322738295942],[-61.09871214015343,14.61240148788401]]]}},{"type":"Feature","properties":{"feature_id":"EU_080000197230__P2","layer_key":"eau_eu","layer_label":"Eau EU","economic_unit_id":"EU_080000197230__P2","economic_state":"S2","economic_exposure_eur":55975768.0,"economic_damage_eur":8697385.0,"economic_damage_ratio_pct":15.538,"economic_asset_count":1359,"criticality_territory":"martinique","criticality_family":"eu","criticality_scenario":"rp100","criticality_period_years":"100","criticality_hazard":"storm_cmcc"},"geometry":{"type":"MultiPolygon","coordinates":[[[[-60.97266141128426,14.750228204092867],[-60.97431797578727,14.75301938700638],[-60.97068115250221,14.75296225075584],[-60.97057632781625,14.751792636537024],[-60.97139566719578,14.75156818026015],[-60.971395668732406,14.750534040046565],[-60.97104052993873,14.751330028750134],[-60.96954565593347,14.751497848802444],[-60.97037899199955,14.753234847149908],[-60.97202092131356,14.754263414005425],[-60.97187411798268,14.756329882273727],[-60.97276933055201,14.757401513397326],[-60.973617140556485,14.757494144028836],[-60.97371233338163,14.758234846644935],[-60.97453167247352,14.75845930289286],[-60.97445047752254,14.760441408213401],[-60.9720456706214,14.761095879593528],[-60.972045671363105,14.761568180356724],[-60.972865010255255,14.761792636326415],[-60.97258585235559,14.763032516588865],[-60.971540094635785,14.762980739138303],[-60.97139565138993,14.762200706368287],[-60.96990078600684,14.762163361587263],[-60.96972898619685,14.76142801524914],[-60.967418983423784,14.76125260304468],[-60.96572561579212,14.756903222743064],[-60.965930349795975,14.755939133551621],[-60.962861679004575,14.748219167684029],[-60.962213344353906,14.747678159352287],[-60.95998926650497,14.747540869993372],[-60.96085703444034,14.745165177168234],[-60.96001623866758,14.740442586023692],[-60.957107099644475,14.739358700261755],[-60.955462389702404,14.740541374406149],[-60.95517345553428,14.747243523044988],[-60.95284539768735,14.747099743688104],[-60.95204564680706,14.74756026320643],[-60.95181500132703,14.749687084573345],[-60.94912632243241,14.749687084086434],[-60.94871231480991,14.748867369232498],[-60.948511696197876,14.749676628167405],[-60.94537898209028,14.749700701920606],[-60.945234549118936,14.750480735437682],[-60.94418880689565,14.750532511723645],[-60.94390966966836,14.749292637963435],[-60.944729009723616,14.748867368490728],[-60.94329298980583,14.748853749737027],[-60.94306234422354,14.748298096994459],[-60.94037897928078,14.748461766190786],[-60.94023454791829,14.749647401349755],[-60.93835547381666,14.74969917733091],[-60.93734371551321,14.748027919515444],[-60.93784714726128,14.745433711914075],[-60.94012424990478,14.742555201456325],[-60.94119453906096,14.742416253150017],[-60.94389568940914,14.740182901100857],[-60.94389569264155,14.7380340353216],[-60.94313612393317,14.737918408286909],[-60.94306236194525,14.736367368548642],[-60.94243377526935,14.736344735701262],[-60.94544356760199,14.735323832551368],[-60.94342853015593,14.733234851425985],[-60.94389569976448,14.733234851625536],[-60.94390969571574,14.73095930456805],[-60.944729036644276,14.73073485141633],[-60.94492963975215,14.729925591249021],[-60.94639570422144,14.729901517754456],[-60.94557636411028,14.72947624796245],[-60.94556237500107,14.727240004536863],[-60.94787894800523,14.726422320506654],[-60.94947185502066,14.727517143097774],[-60.94954561766982,14.728234850465588],[-60.95028377355582,14.728327480002013],[-60.950378952395226,14.729068183661886],[-60.95113852383794,14.729183809588145],[-60.95117884356683,14.73035672270746],[-60.954917924296915,14.731597648049293],[-60.95764832622036,14.731581799948083],[-60.957878958740736,14.732401515675187],[-60.959851367477135,14.733234848580409],[-60.96056236318335,14.733234848529746],[-60.96085547694627,14.732403037598264],[-60.965981660339,14.732415131824132],[-60.966212294860085,14.733234847486003],[-60.96702089187501,14.733430080904311],[-60.967045630821346,14.734901514034915],[-60.9693149949192,14.734915131287197],[-60.96954563252151,14.735734846925512],[-60.96974572091961,14.735118619004954],[-60.972689152535935,14.737622781836533],[-60.97366151568488,14.739627804296115],[-60.97354786690387,14.741842156005259],[-60.972045646295776,14.744700707005194],[-60.97266141128426,14.750228204092867]],[[-60.94704562833016,14.735734851092353],[-60.94776015155971,14.735806637820344],[-60.94787896278773,14.736386422013807],[-60.94826296951579,14.735758924122802],[-60.95034340763178,14.735803558967527],[-60.95086599521327,14.73512186394115],[-60.95034772618755,14.734194467205894],[-60.94787895940085,14.73410705862808],[-60.947872716963225,14.735279475408896],[-60.94704562833016,14.735734851092353]],[[-60.948712285416725,14.729068183971885],[-60.94889570496946,14.729068183937757],[-60.94889570526735,14.728867369856614],[-60.948712285416725,14.729068183971885]]],[[[-60.94287898387699,14.751228667330206],[-60.94240403389332,14.750906393323802],[-60.940681157032934,14.75212891314249],[-60.94063611075844,14.75001714448564],[-60.94264833334929,14.749915136324477],[-60.94287898387699,14.751228667330206]]],[[[-60.94730277641118,14.750017143696912],[-60.94859349833667,14.74997330458974],[-60.948638549139986,14.75125174207038],[-60.94742962655539,14.75134329458676],[-60.94730277641118,14.750017143696912]]],[[[-60.975762951772865,14.763258919965836],[-60.97627009069916,14.763234846299069],[-60.975562314876406,14.763794598784783],[-60.975762951772865,14.763258919965836]]],[[[-60.97722898979414,14.758034040896439],[-60.97640190179545,14.757779476099124],[-60.976657257278156,14.756574255861796],[-60.97797891007323,14.758626849492728],[-60.9780071542856,14.760498012084767],[-60.97755399444238,14.760534040524236],[-60.97722898979414,14.758034040896439]]]]}},{"type":"Feature","properties":{"feature_id":"EU_080000197231","layer_key":"eau_eu","layer_label":"Eau EU","economic_unit_id":"EU_080000197231","economic_state":"S2","economic_exposure_eur":39611775.0,"economic_damage_eur":6154785.0,"economic_damage_ratio_pct":15.538,"economic_asset_count":1569,"criticality_territory":"martinique","criticality_family":"eu","criticality_scenario":"rp100","criticality_period_years":"100","criticality_hazard":"storm_cmcc"},"geometry":{"type":"MultiPolygon","coordinates":[[[[-61.02534034349262,14.53620020300199],[-61.024067604663614,14.53633004291885],[-61.02393431577444,14.534235351136477],[-61.02517824566084,14.534092240524966],[-61.02534034349262,14.53620020300199]]],[[[-61.0278239561721,14.530875395044418],[-61.02773437932182,14.532980753449602],[-61.0264506976462,14.532893492018468],[-61.02640996236158,14.530959299513487],[-61.0278239561721,14.530875395044418]]],[[[-61.03556943539407,14.541948347127425],[-61.03433057211232,14.54251519556519],[-61.03240093322047,14.542163377415278],[-61.03222765101794,14.54143058856526],[-61.02983215269935,14.541325740220767],[-61.02686144759318,14.536353225561315],[-61.027254026406645,14.533430075678194],[-61.028062644825326,14.533234831946686],[-61.0280766287281,14.530959299426696],[-61.02889598165537,14.530734831743993],[-61.02901468768166,14.529973289841271],[-61.03101157705164,14.529925572811765],[-61.03121200853996,14.530734831329363],[-61.03267824429474,14.530758905885849],[-61.03306264632222,14.531568164349535],[-61.03399107841305,14.52999413316552],[-61.03472931511183,14.52990149734947],[-61.033934319997826,14.529533537074292],[-61.03395965735177,14.528363632201124],[-61.037045339550495,14.528446575460809],[-61.03703136161602,14.530309588529752],[-61.0362120094371,14.530734830435888],[-61.03778358003723,14.531660799322681],[-61.03871201353811,14.533234830043426],[-61.0409506706593,14.53324090644054],[-61.04121201520316,14.534068162949273],[-61.04270705096519,14.534105508219525],[-61.04371201808577,14.53573482920684],[-61.04449063138732,14.53587539344252],[-61.04458145910268,14.536568162414863],[-61.04903086479752,14.537374751951123],[-61.050836365023166,14.540472821974493],[-61.050979387444116,14.542972574765928],[-61.05263097868878,14.543077885141068],[-61.054436273221825,14.544674584957479],[-61.056227411763345,14.544619634466885],[-61.05818416739569,14.54552995620421],[-61.0586548820702,14.545246036694566],[-61.05791366228325,14.543220621302533],[-61.058289875996294,14.541022477003988],[-61.057243277038594,14.540309589339097],[-61.05717097637647,14.537900761848462],[-61.0580626331377,14.537401493367316],[-61.05829307486598,14.536581778569428],[-61.06036413604247,14.536791074101327],[-61.06112768518409,14.534700729183793],[-61.06056887576666,14.534446147730916],[-61.06058735511282,14.532596740071664],[-61.062229306368906,14.53238358455711],[-61.06222930907056,14.530534062881843],[-61.06142069123833,14.530338814003361],[-61.06139597864488,14.528628209806156],[-61.06454534448826,14.528483508788359],[-61.06454534659268,14.5299014920646],[-61.06528358174081,14.529994129189902],[-61.06537868129072,14.530734825269233],[-61.06639597467472,14.530734825090422],[-61.066430939823704,14.52924229956877],[-61.06806264346929,14.52906815809531],[-61.06811736357226,14.528375391126866],[-61.06863181235389,14.528234824598982],[-61.0708171183075,14.52835663737112],[-61.07287868096139,14.529610577955538],[-61.07280498157491,14.53041842741762],[-61.07204534883848,14.530534064606114],[-61.07199063103104,14.532060163264417],[-61.07121201779395,14.53220073107778],[-61.07121202295909,14.53573482435229],[-61.07199063542017,14.53587539074713],[-61.072043794609606,14.53691544530303],[-61.07121202510196,14.537200730930875],[-61.071205789311435,14.539446148179817],[-61.070651167399156,14.539700730707553],[-61.070109741484764,14.542392592657704],[-61.06737206745843,14.542508514563494],[-61.065749463530544,14.54607404608373],[-61.06975485462291,14.546608124088099],[-61.0700308293549,14.549697295426283],[-61.06931163691514,14.550485234317259],[-61.064397559163574,14.549929918344464],[-61.0603787095423,14.550657369241744],[-61.05928401099701,14.552194650623603],[-61.05823425733374,14.552163381197982],[-61.05806261232286,14.551628663550826],[-61.05595774047684,14.553633773046169],[-61.054530535568254,14.555956943714923],[-61.05447167684771,14.557918424817618],[-61.052982452457904,14.558034060459747],[-61.05267826262331,14.559676650868285],[-61.051567586087714,14.55966337996067],[-61.051212053265374,14.558867393437483],[-61.05023440387135,14.560480756092387],[-61.048934277744536,14.560366871173578],[-61.048978677086545,14.551809555189255],[-61.04879024427266,14.551367393246418],[-61.047878708359676,14.551367393067094],[-61.04764825491686,14.552187106830909],[-61.045600955719586,14.552033537694683],[-61.04556261869005,14.548867392729454],[-61.044545370773825,14.548867392548752],[-61.04452227322494,14.549501073007553],[-61.043975939931094,14.547042795333741],[-61.04306262333885,14.545985578211223],[-61.043068864821166,14.544322740265091],[-61.043895959355034,14.54406816268573],[-61.04382316399306,14.542873649355423],[-61.04107889699185,14.54362077859514],[-61.03951355973825,14.542200725167872],[-61.03556943539407,14.541948347127425]]],[[[-61.04389754060413,14.531853442751208],[-61.04427163650096,14.531568162084117],[-61.04537711718209,14.532748778203327],[-61.044096409061034,14.533009983513514],[-61.04389754060413,14.531853442751208]]],[[[-61.04639597484888,14.533154162320972],[-61.04785560714235,14.533667681460814],[-61.04758582029395,14.533865870134566],[-61.046596408410544,14.533843317234272],[-61.04639597484888,14.533154162320972]]]]}},{"type":"Feature","properties":{"feature_id":"EU_080000197232__P1","layer_key":"eau_eu","layer_label":"Eau EU","economic_unit_id":"EU_080000197232__P1","economic_state":"S2","economic_exposure_eur":16017177.0,"economic_damage_eur":2488712.0,"economic_damage_ratio_pct":15.538,"economic_asset_count":700,"criticality_territory":"martinique","criticality_family":"eu","criticality_scenario":"rp100","criticality_period_years":"100","criticality_hazard":"storm_cmcc"},"geometry":{"type":"MultiPolygon","coordinates":[[[[-60.83530379903142,14.551399850585314],[-60.83566070027376,14.55056496101527],[-60.836679513660805,14.550255470199504],[-60.83717080218368,14.549089179175413],[-60.83694450864163,14.548034020334502],[-60.83446387701091,14.546260066593337],[-60.8323480302248,14.54629556858995],[-60.832229332106195,14.545534019540671],[-60.83142071259861,14.545338797367192],[-60.83139600138296,14.543867352758143],[-60.8306577589549,14.543774726878405],[-60.83056266944058,14.543034019284729],[-60.82954496867196,14.543034019083924],[-60.8298753837342,14.542405212894204],[-60.83247347215842,14.539901535317743],[-60.832878652358595,14.540734868812178],[-60.8380626712581,14.54073486779257],[-60.838206959662415,14.539954830402039],[-60.839641965038176,14.539901534149623],[-60.83982442946764,14.539160825701575],[-60.84056267318149,14.539068200600004],[-60.83974332006802,14.538642910914751],[-60.83995975417333,14.537415150857885],[-60.84106769642961,14.53745482985815],[-60.84121198368409,14.53823486712174],[-60.84523436422241,14.538288162526511],[-60.84536467447275,14.54030957801292],[-60.84371198875809,14.541367355250596],[-60.84371199148961,14.543234866736853],[-60.84392071516505,14.541763422224657],[-60.84472933533685,14.541568199835822],[-60.844848034186256,14.540806650033591],[-60.846728372645245,14.540734865754303],[-60.847818215622894,14.544826240817645],[-60.84768918793173,14.545534022423647],[-60.846688838793796,14.545532499165455],[-60.846395997079846,14.544700689012787],[-60.84473502527924,14.544442566850137],[-60.84454532986365,14.54656819997713],[-60.84536468348312,14.546792642631575],[-60.84537242903723,14.549446139924202],[-60.843712001224745,14.549887952014279],[-60.84598157595146,14.549915149968587],[-60.846298937740315,14.550734866406303],[-60.846971638681936,14.550850486714648],[-60.84699062266301,14.553726806367216],[-60.84204534005329,14.553867354561293],[-60.84204534278742,14.555734867326759],[-60.84280497704226,14.555850487291485],[-60.84287867771872,14.556726665909576],[-60.841721594012576,14.558034020691894],[-60.8405201798034,14.558867354129914],[-60.83629015554971,14.558867353304038],[-60.833543967215775,14.556568202221142],[-60.83442663697812,14.556639985144294],[-60.834545343745624,14.55740153550151],[-60.83556264738238,14.557401535301418],[-60.83560098731244,14.555902034678006],[-60.83639598298457,14.555734868435815],[-60.83530379903142,14.551399850585314]]],[[[-60.839990658664405,14.536361277670224],[-60.83972934469237,14.53586274997084],[-60.841211979712504,14.535519125254607],[-60.8411980011903,14.53614291115635],[-60.839990658664405,14.536361277670224]]],[[[-60.84520704768378,14.55410554112347],[-60.845340338362334,14.555366853449705],[-60.84454534298626,14.555534021669457],[-60.844344912993876,14.556343281751996],[-60.84323427468654,14.556330012449628],[-60.843087365091186,14.554263422356636],[-60.84520704768378,14.55410554112347]]],[[[-60.848895989661486,14.54938444360944],[-60.84919588232152,14.548236051166402],[-60.85002042077517,14.549700689280595],[-60.848895989661486,14.54938444360944]]]]}},{"type":"Feature","properties":{"feature_id":"EU_080000197232__P2","layer_key":"eau_eu","layer_label":"Eau EU","economic_unit_id":"EU_080000197232__P2","economic_state":"S0","economic_exposure_eur":10352.0,"economic_damage_eur":255.0,"economic_damage_ratio_pct":2.466,"economic_asset_count":1,"criticality_territory":"martinique","criticality_family":"eu","criticality_scenario":"rp100","criticality_period_years":"100","criticality_hazard":"storm_cmcc"},"geometry":{"type":"Polygon","coordinates":[[[-60.838711619645906,14.542524910413452],[-60.838282644854694,14.542447571397071],[-60.83820895338836,14.541664926216903],[-60.838921170587525,14.541552543353266],[-60.83904513289567,14.542250968259419],[-60.838711619645906,14.542524910413452]]]}},{"type":"Feature","properties":{"feature_id":"EU_080000197233","layer_key":"eau_eu","layer_label":"Eau EU","economic_unit_id":"EU_080000197233","economic_state":"S2","economic_exposure_eur":669518.0,"economic_damage_eur":104028.0,"economic_damage_ratio_pct":15.538,"economic_asset_count":47,"criticality_territory":"martinique","criticality_family":"eu","criticality_scenario":"rp100","criticality_period_years":"100","criticality_hazard":"storm_cmcc"},"geometry":{"type":"Polygon","coordinates":[[[-61.14579299957085,14.701581767516718],[-61.14711220857971,14.70156814825575],[-61.1478247034711,14.70345353098253],[-61.147704610442176,14.704664572912579],[-61.147045617931276,14.704700738997083],[-61.14695044117832,14.705441430888882],[-61.145962399573285,14.70576106016392],[-61.14438861746244,14.705239043860214],[-61.14372762488927,14.704107876231483],[-61.14376498406965,14.70323481552012],[-61.144729040146814,14.703234815342915],[-61.14478380571537,14.702542052243201],[-61.14579299957085,14.701581767516718]]]}},{"type":"Feature","properties":{"feature_id":"EU_080000197234","layer_key":"eau_eu","layer_label":"Eau EU","economic_unit_id":"EU_080000197234","economic_state":"S2","economic_exposure_eur":17661958.0,"economic_damage_eur":2744274.0,"economic_damage_ratio_pct":15.538,"economic_asset_count":453,"criticality_territory":"martinique","criticality_family":"eu","criticality_scenario":"rp100","criticality_period_years":"100","criticality_hazard":"storm_cmcc"},"geometry":{"type":"MultiPolygon","coordinates":[[[[-61.147892229601034,14.6597007404825],[-61.14728208706266,14.65783774342721],[-61.14761618644071,14.655734813570506],[-61.150562442641515,14.655734813327722],[-61.15068122448185,14.654139942140011],[-61.1526783212709,14.654092222427323],[-61.15287887865584,14.654901479587608],[-61.15359343193213,14.654973275069084],[-61.15371221308909,14.655551556493947],[-61.154727518555376,14.655907418219007],[-61.154687501057204,14.656568146000128],[-61.15534051932454,14.6567353412798],[-61.155378884390025,14.658531694658857],[-61.15733845348053,14.663234812286477],[-61.157854160586076,14.663430067664702],[-61.15787889332891,14.664295087474493],[-61.1587790475709,14.664901478834311],[-61.161117066806575,14.664994119476589],[-61.16121222937314,14.665734811762624],[-61.16202083130589,14.665930067413086],[-61.16204556485593,14.667101923075462],[-61.16624978966211,14.673094681021725],[-61.16784054394674,14.674235340438889],[-61.167878911112744,14.675218142123436],[-61.16868751264301,14.675930067046815],[-61.168903207354276,14.677401477399577],[-61.16953159058753,14.677625959386761],[-61.16954558421281,14.679384443242053],[-61.168712251253304,14.679700743363234],[-61.16856784640806,14.680480769946296],[-61.1678789190125,14.680534076533226],[-61.16776012525938,14.681295612527549],[-61.16492965030968,14.681343331964726],[-61.164729070203045,14.680534076009032],[-61.163934103685165,14.680366878566945],[-61.16389573879991,14.679306947757524],[-61.163154037391074,14.678867409075194],[-61.16149090690759,14.678774766487159],[-61.161395740883975,14.67821360751153],[-61.16056240838289,14.67771777643952],[-61.16061716848376,14.67670871716883],[-61.16139574331406,14.676568145301358],[-61.16139574484173,14.675534075602089],[-61.15954557689814,14.675534075293188],[-61.1594267863669,14.67629561157375],[-61.15787891118313,14.676367408323218],[-61.15782415372414,14.677060168782308],[-61.157316377048105,14.677200741486764],[-61.158550463353045,14.674595013188261],[-61.158070085454774,14.672650527603087],[-61.15889574990776,14.672401478961364],[-61.158950509225626,14.670875383930149],[-61.160283739465335,14.670827452991071],[-61.160378905743926,14.672401478713624],[-61.16139574946889,14.672401478543884],[-61.16139575076279,14.67152661272222],[-61.160600782811734,14.671200211786354],[-61.160297586921715,14.669593225471415],[-61.15871223480957,14.669700741994108],[-61.158657478985475,14.67039350231526],[-61.157878902567035,14.670534075163362],[-61.15787890323358,14.67101019484728],[-61.15702996509268,14.67097487100403],[-61.15155745573884,14.669111356211161],[-61.153062422523185,14.669068146531762],[-61.15313617351088,14.668350452927031],[-61.15389575723652,14.668034074570986],[-61.151626346058656,14.668020454029316],[-61.151395758907476,14.667200740843224],[-61.15058715755236,14.667005484655599],[-61.15058716027018,14.665096734906378],[-61.15139576230169,14.66490148005393],[-61.15164110088166,14.660566618040615],[-61.15145784532072,14.659700741043682],[-61.147892229601034,14.6597007404825]],[[-61.15556242484008,14.667200741541569],[-61.15537889722562,14.667200741510843],[-61.15537889752198,14.667401479440725],[-61.15556242484008,14.667200741541569]]],[[[-61.16556239939884,14.683234811418904],[-61.16579300672203,14.682415097250901],[-61.16786493072595,14.682625959484445],[-61.16787892293495,14.683186622121262],[-61.166774786018244,14.683685239394665],[-61.16504512139383,14.68385484765437],[-61.164729065698424,14.683551109892148],[-61.16556239939884,14.683234811418904]]]]}},{"type":"Feature","properties":{"feature_id":"EU_080000297202","layer_key":"eau_eu","layer_label":"Eau EU","economic_unit_id":"EU_080000297202","economic_state":"S2","economic_exposure_eur":273789.0,"economic_damage_eur":42541.0,"economic_damage_ratio_pct":15.538,"economic_asset_count":12,"criticality_territory":"martinique","criticality_family":"eu","criticality_scenario":"rp100","criticality_period_years":"100","criticality_hazard":"storm_cmcc"},"geometry":{"type":"Polygon","coordinates":[[[-61.08773651715366,14.526045302087214],[-61.08801738198276,14.525565573764162],[-61.08911027116927,14.525504130073722],[-61.08948979753702,14.525792038003884],[-61.08952759414965,14.52677701817548],[-61.08908357084386,14.527431282428482],[-61.08808918902931,14.527233248088459],[-61.08773651715366,14.526045302087214]]]}},{"type":"Feature","properties":{"feature_id":"EU_080000297204","layer_key":"eau_eu","layer_label":"Eau EU","economic_unit_id":"EU_080000297204","economic_state":"S2","economic_exposure_eur":450887.0,"economic_damage_eur":70058.0,"economic_damage_ratio_pct":15.538,"economic_asset_count":19,"criticality_territory":"martinique","criticality_family":"eu","criticality_scenario":"rp100","criticality_period_years":"100","criticality_hazard":"storm_cmcc"},"geometry":{"type":"Polygon","coordinates":[[[-61.1605763321596,14.725125960095395],[-61.1613956725743,14.724339078227372],[-61.161469442801064,14.723350452721775],[-61.16204213236502,14.723290447821979],[-61.16275248264248,14.723626062170705],[-61.16323923853555,14.724307551650996],[-61.163324138777426,14.725177338701117],[-61.16246072075805,14.72771464997818],[-61.16143392565522,14.728253927801257],[-61.16139566713036,14.72803407403807],[-61.160681153563715,14.727962277124018],[-61.1605763321596,14.725125960095395]]]}},{"type":"Feature","properties":{"feature_id":"EU_080000297205__P1","layer_key":"eau_eu","layer_label":"Eau EU","economic_unit_id":"EU_080000297205__P1","economic_state":"S2","economic_exposure_eur":354461.0,"economic_damage_eur":55075.0,"economic_damage_ratio_pct":15.538,"economic_asset_count":14,"criticality_territory":"martinique","criticality_family":"eu","criticality_scenario":"rp100","criticality_period_years":"100","criticality_hazard":"storm_cmcc"},"geometry":{"type":"Polygon","coordinates":[[[-61.14895066289104,14.658768144230523],[-61.14820585983057,14.659061320571523],[-61.14773343534159,14.658955908887004],[-61.1472688270241,14.658387040983667],[-61.147490106002074,14.657878511171969],[-61.14932043044703,14.65695338885161],[-61.14986222557812,14.657222537749705],[-61.14980671697512,14.657896154127188],[-61.14895066289104,14.658768144230523]]]}},{"type":"Feature","properties":{"feature_id":"EU_080000297205__P2","layer_key":"eau_eu","layer_label":"Eau EU","economic_unit_id":"EU_080000297205__P2","economic_state":"S0","economic_exposure_eur":151566.0,"economic_damage_eur":3751.0,"economic_damage_ratio_pct":2.475,"economic_asset_count":4,"criticality_territory":"martinique","criticality_family":"eu","criticality_scenario":"rp100","criticality_period_years":"100","criticality_hazard":"storm_cmcc"},"geometry":{"type":"Polygon","coordinates":[[[-61.152612566302494,14.658219885911699],[-61.15212061387776,14.658684944646044],[-61.150473646276446,14.658226632883515],[-61.15019100166101,14.657795981026192],[-61.15068672278851,14.657284924723736],[-61.15223438544884,14.657707884690087],[-61.152612566302494,14.658219885911699]]]}},{"type":"Feature","properties":{"feature_id":"EU_080000297205__P3","layer_key":"eau_eu","layer_label":"Eau EU","economic_unit_id":"EU_080000297205__P3","economic_state":"S0","economic_exposure_eur":163713.0,"economic_damage_eur":4051.0,"economic_damage_ratio_pct":2.475,"economic_asset_count":5,"criticality_territory":"martinique","criticality_family":"eu","criticality_scenario":"rp100","criticality_period_years":"100","criticality_hazard":"storm_cmcc"},"geometry":{"type":"Polygon","coordinates":[[[-61.152232889599624,14.657470508535692],[-61.151746759063606,14.657990224686358],[-61.14999150751864,14.657532273124279],[-61.14969048310063,14.657113593639432],[-61.15016365253584,14.656582663456039],[-61.151749160233464,14.656997347481397],[-61.152232889599624,14.657470508535692]]]}},{"type":"Feature","properties":{"feature_id":"EU_080000297205__P4","layer_key":"eau_eu","layer_label":"Eau EU","economic_unit_id":"EU_080000297205__P4","economic_state":"S0","economic_exposure_eur":89807.0,"economic_damage_eur":2222.0,"economic_damage_ratio_pct":2.475,"economic_asset_count":2,"criticality_territory":"martinique","criticality_family":"eu","criticality_scenario":"rp100","criticality_period_years":"100","criticality_hazard":"storm_cmcc"},"geometry":{"type":"Polygon","coordinates":[[[-61.152429073127784,14.656530991827355],[-61.152271406777665,14.65710292310609],[-61.15106933319639,14.657275015647002],[-61.150680907846464,14.657080998099998],[-61.1507748139569,14.656384050331155],[-61.15191267553948,14.656218080365297],[-61.152429073127784,14.656530991827355]]]}},{"type":"Feature","properties":{"feature_id":"EU_080000297206","layer_key":"eau_eu","layer_label":"Eau EU","economic_unit_id":"EU_080000297206","economic_state":"S2","economic_exposure_eur":16620984.0,"economic_damage_eur":2582530.0,"economic_damage_ratio_pct":15.538,"economic_asset_count":575,"criticality_territory":"martinique","criticality_family":"eu","criticality_scenario":"rp100","criticality_period_years":"100","criticality_hazard":"storm_cmcc"},"geometry":{"type":"MultiPolygon","coordinates":[[[[-61.004490556691664,14.479208730197564],[-61.0045452642841,14.480849693561884],[-61.00345580028222,14.479699080287284],[-61.00338732768477,14.479068168225952],[-61.004490556691664,14.479208730197564]]],[[[-61.04704526058092,14.473034061881533],[-61.04692658584259,14.473795601398484],[-61.04621192831678,14.473870978147295],[-61.04609325395453,14.475462267911487],[-61.04481284814383,14.475534061364263],[-61.04345854952975,14.477143877988656],[-61.04201107408846,14.476873765995638],[-61.04053382535717,14.47949266094937],[-61.03714974341861,14.480398220017852],[-61.039759856408544,14.48263445293405],[-61.03871194198335,14.484189976569139],[-61.038687234887924,14.486172146505504],[-61.03787861168307,14.486367393193404],[-61.03778353449851,14.487108089002843],[-61.03579309614556,14.487187106639796],[-61.03556271179075,14.48636739278003],[-61.034954318559706,14.486367392475442],[-61.03287861200007,14.487200725609295],[-61.03258581352864,14.488032535480082],[-61.030793096079485,14.488020439094104],[-61.03056271151493,14.487200725194873],[-61.029040313997314,14.48714742142707],[-61.02889604636822,14.486372188751268],[-61.027523466182714,14.485986270982952],[-61.02771168866761,14.484700724632352],[-61.02704527397729,14.484700724637582],[-61.02598867775074,14.486351290013246],[-61.02586084933177,14.485166896407614],[-61.02535052305416,14.485153421864489],[-61.01972937984256,14.48745784512778],[-61.018934377167696,14.487033536483093],[-61.0187119403534,14.48553405644862],[-61.0186168645562,14.486274753258403],[-61.01787860808281,14.486367389607459],[-61.01865723456648,14.486708728849907],[-61.0187119433263,14.487590699216346],[-61.013896049215745,14.48635930355558],[-61.01393438070131,14.485068684930823],[-61.01556271890368,14.484068166480165],[-61.01556272040928,14.483034055953917],[-61.01404031896618,14.482980752621058],[-61.01369911080142,14.481797123253637],[-61.01356767208556,14.484647419207281],[-61.010867854138596,14.484700721406007],[-61.01008579775986,14.484268714388257],[-61.00807670096767,14.481792633643616],[-61.00889605713994,14.481568167631883],[-61.00909644165111,14.480758908853083],[-61.011396057878784,14.480734833828551],[-61.01139605852478,14.480264868642637],[-61.008660820459745,14.478867388135875],[-61.00737365638326,14.47881408505589],[-61.0059306907679,14.476379499934414],[-61.00672277539481,14.472798202114975],[-61.01062569664535,14.47355823692061],[-61.01452169909826,14.476079474638714],[-61.01795982626858,14.477016170752693],[-61.01924055011783,14.47823295872536],[-61.02138393191643,14.477948990865594],[-61.0251825061585,14.478983761166988],[-61.028476173081444,14.478234830489786],[-61.030344460996766,14.47711400705324],[-61.031284647630955,14.477297047527612],[-61.03820961849161,14.474505710409316],[-61.04222939753743,14.472401494786217],[-61.04228410292282,14.471708726428837],[-61.043896066317345,14.470734827787508],[-61.04401474136498,14.469973286839632],[-61.04556273388525,14.469901494140126],[-61.04560106349655,14.468402015457986],[-61.04639606948712,14.468234827289919],[-61.04639607217174,14.466389389026235],[-61.0495452534684,14.467851879906824],[-61.04953901995877,14.470279481388602],[-61.048711923908016,14.470534062250485],[-61.04870568885759,14.471946148011536],[-61.04704526058092,14.473034061881533]],[[-61.01295643758109,14.481568166915192],[-61.012878600155645,14.481544170508418],[-61.012878600189296,14.481568166911643],[-61.01295643758109,14.481568166915192]]],[[[-61.02863825923081,14.486683797684774],[-61.02859326507478,14.489628931830769],[-61.02742959111531,14.48923069477187],[-61.02639604492315,14.487662390676139],[-61.026410024015604,14.486792632700215],[-61.02863825923081,14.486683797684774]]],[[[-61.0390147309996,14.481295600091334],[-61.03896973639295,14.480017129832914],[-61.04025992361945,14.479973287469143],[-61.040353895104104,14.48117214668761],[-61.0390147309996,14.481295600091334]]]]}},{"type":"Feature","properties":{"feature_id":"EU_080000297207","layer_key":"eau_eu","layer_label":"Eau EU","economic_unit_id":"EU_080000297207","economic_state":"S2","economic_exposure_eur":442974.0,"economic_damage_eur":68828.0,"economic_damage_ratio_pct":15.538,"economic_asset_count":21,"criticality_territory":"martinique","criticality_family":"eu","criticality_scenario":"rp100","criticality_period_years":"100","criticality_hazard":"storm_cmcc"},"geometry":{"type":"Polygon","coordinates":[[[-60.95697101442319,14.573383262873016],[-60.95773737404741,14.573565296882707],[-60.958325138807695,14.574077678514195],[-60.95873492392908,14.57616445916537],[-60.95847253518625,14.577074911889088],[-60.957899798893976,14.57766978241061],[-60.95714886264209,14.57790505904789],[-60.95614275073268,14.57778548175277],[-60.95514176894671,14.577068774879177],[-60.954830801462634,14.575097829023793],[-60.95511482150695,14.57438109426705],[-60.95697101442319,14.573383262873016]]]}},{"type":"Feature","properties":{"feature_id":"EU_080000297209__P1","layer_key":"eau_eu","layer_label":"Eau EU","economic_unit_id":"EU_080000297209__P1","economic_state":"S2","economic_exposure_eur":151297.0,"economic_damage_eur":23508.0,"economic_damage_ratio_pct":15.538,"economic_asset_count":2,"criticality_territory":"martinique","criticality_family":"eu","criticality_scenario":"rp100","criticality_period_years":"100","criticality_hazard":"storm_cmcc"},"geometry":{"type":"Polygon","coordinates":[[[-61.04660761799471,14.594730745931459],[-61.04406694823897,14.595984083697383],[-61.043697201001585,14.595389435540362],[-61.043628137535165,14.594673813400073],[-61.044947226494834,14.594482031147203],[-61.04618541631906,14.593750327366791],[-61.04669837864583,14.593858063844712],[-61.046855876182846,14.594381209503519],[-61.04660761799471,14.594730745931459]]]}},{"type":"Feature","properties":{"feature_id":"EU_080000297209__P2","layer_key":"eau_eu","layer_label":"Eau EU","economic_unit_id":"EU_080000297209__P2","economic_state":"S2","economic_exposure_eur":19298107.0,"economic_damage_eur":2998495.0,"economic_damage_ratio_pct":15.538,"economic_asset_count":389,"criticality_territory":"martinique","criticality_family":"eu","criticality_scenario":"rp100","criticality_period_years":"100","criticality_hazard":"storm_cmcc"},"geometry":{"type":"Polygon","coordinates":[[[-61.060378780219516,14.598867393879358],[-61.06036479705776,14.600309588931806],[-61.05954544918685,14.600534060350085],[-61.059545450705976,14.601568161149647],[-61.05984795149197,14.600806620046265],[-61.060562539863305,14.600734827619192],[-61.0606812855029,14.59997328658637],[-61.061720660780516,14.599901493709782],[-61.062045451148094,14.60156816070935],[-61.0655625374179,14.601756380816614],[-61.064735445868365,14.601112813941876],[-61.06474319422745,14.598459297762915],[-61.06556254261215,14.598234826685813],[-61.06556568319555,14.597676429886333],[-61.067016867604444,14.597588801137123],[-61.067045450806376,14.600734826479185],[-61.06778365542748,14.60082746320235],[-61.067878785510764,14.601568159684197],[-61.0701173577732,14.6015742361511],[-61.07139586878375,14.602379771184665],[-61.07162637979905,14.601581777648688],[-61.073895869515574,14.601568158629982],[-61.07415729830844,14.600740902110152],[-61.07609337301618,14.600806617801076],[-61.076945149866376,14.602172077619198],[-61.07677883839453,14.604663864039658],[-61.07506303195549,14.607227161896727],[-61.07299671261365,14.60812612397157],[-61.07109284180099,14.608175025793585],[-61.068994033425795,14.610653201515547],[-61.06314535706777,14.612759261086454],[-61.06072729665916,14.614501141561883],[-61.05697608511295,14.614988300452838],[-61.054650536659416,14.613614009443625],[-61.05188745732021,14.609433188418881],[-61.04991813246896,14.609042843110348],[-61.048359930459576,14.607947380663832],[-61.04728135436036,14.60599469845564],[-61.04727540649514,14.603777472375755],[-61.04828016139864,14.60188911362029],[-61.05014366670043,14.600615156499902],[-61.05612326238216,14.598977961031471],[-61.05831266470888,14.599183464501683],[-61.06121211243803,14.598009149759955],[-61.06121211318765,14.598551110237594],[-61.060378780219516,14.598867393879358]],[[-61.0588958713514,14.602200726853146],[-61.05871211815445,14.60220072682075],[-61.05871211863702,14.602538447999935],[-61.0588958713514,14.602200726853146]]]}},{"type":"Feature","properties":{"feature_id":"EU_080000297209__P3","layer_key":"eau_eu","layer_label":"Eau EU","economic_unit_id":"EU_080000297209__P3","economic_state":"S2","economic_exposure_eur":5406063.0,"economic_damage_eur":839981.0,"economic_damage_ratio_pct":15.538,"economic_asset_count":118,"criticality_territory":"martinique","criticality_family":"eu","criticality_scenario":"rp100","criticality_period_years":"100","criticality_hazard":"storm_cmcc"},"geometry":{"type":"Polygon","coordinates":[[[-61.05389587932732,14.59740149539048],[-61.05404022303161,14.596621464544288],[-61.05472921372991,14.59656816189196],[-61.05475393819428,14.595096740822509],[-61.05556254935612,14.594901495042269],[-61.055793050555934,14.594081780160392],[-61.057790424931795,14.59406816124625],[-61.05930540532875,14.595904484548777],[-61.05974290906312,14.597722180627432],[-61.05924015943839,14.603173700851388],[-61.05859567085367,14.604479574558612],[-61.05703768883921,14.60570491710865],[-61.05412552384095,14.606088812477283],[-61.05138196095486,14.605900395922525],[-61.0469028536417,14.601287733627904],[-61.04646028091084,14.59897995108891],[-61.04782857130916,14.597047560032827],[-61.049345174874375,14.596592341810817],[-61.04954544281144,14.597401496160286],[-61.052617356031725,14.597407572418964],[-61.05287877789293,14.598186912128572],[-61.05306254563591,14.597717776907897],[-61.05389587932732,14.59740149539048]],[[-61.05871211815445,14.60220072682075],[-61.058712119673764,14.60323482799906],[-61.05889586983209,14.603234827966666],[-61.05871211815445,14.60220072682075]]]}},{"type":"Feature","properties":{"feature_id":"EU_080000297209__P4","layer_key":"eau_eu","layer_label":"Eau EU","economic_unit_id":"EU_080000297209__P4","economic_state":"S2","economic_exposure_eur":366526.0,"economic_damage_eur":56950.0,"economic_damage_ratio_pct":15.538,"economic_asset_count":1,"criticality_territory":"martinique","criticality_family":"eu","criticality_scenario":"rp100","criticality_period_years":"100","criticality_hazard":"storm_cmcc"},"geometry":{"type":"Polygon","coordinates":[[[-61.0488721337109,14.594561026941035],[-61.04854495833308,14.596219772981085],[-61.04878801870777,14.596857918383733],[-61.048632003772894,14.597672439571758],[-61.04732425615546,14.598948703175077],[-61.04681809868505,14.5985108314113],[-61.04761345832834,14.596627718009017],[-61.04774071568488,14.595058889150746],[-61.04745361767298,14.594512211230864],[-61.047758102285286,14.59414938384248],[-61.04846298858349,14.594119778888501],[-61.0488721337109,14.594561026941035]]]}},{"type":"Feature","properties":{"feature_id":"EU_080000297210","layer_key":"eau_eu","layer_label":"Eau EU","economic_unit_id":"EU_080000297210","economic_state":"S2","economic_exposure_eur":61566.0,"economic_damage_eur":9566.0,"economic_damage_ratio_pct":15.538,"economic_asset_count":4,"criticality_territory":"martinique","criticality_family":"eu","criticality_scenario":"rp100","criticality_period_years":"100","criticality_hazard":"storm_cmcc"},"geometry":{"type":"Polygon","coordinates":[[[-60.92144924890445,14.638400722651525],[-60.92114761772315,14.63870788606659],[-60.920497821911304,14.638673256091689],[-60.920195881331736,14.638366381358422],[-60.92030495476862,14.637808312957436],[-60.92070871685606,14.63748442103947],[-60.921138876164036,14.637556425057156],[-60.92144924890445,14.638400722651525]]]}},{"type":"Feature","properties":{"feature_id":"EU_080000297217","layer_key":"eau_eu","layer_label":"Eau EU","economic_unit_id":"EU_080000297217","economic_state":"S2","economic_exposure_eur":849186.0,"economic_damage_eur":131945.0,"economic_damage_ratio_pct":15.538,"economic_asset_count":55,"criticality_territory":"martinique","criticality_family":"eu","criticality_scenario":"rp100","criticality_period_years":"100","criticality_hazard":"storm_cmcc"},"geometry":{"type":"Polygon","coordinates":[[[-60.88948322832806,14.45946226327901],[-60.88983571009798,14.459901522641763],[-60.89097559747931,14.459913689299725],[-60.89108805063792,14.461845070640363],[-60.890659660762196,14.463782514532461],[-60.88983163614615,14.464431514543806],[-60.88876376958374,14.464720497720178],[-60.887253126050744,14.464155187833715],[-60.88673677688076,14.462900500194786],[-60.88702763139654,14.461568189940717],[-60.88765979644309,14.460734856288541],[-60.888062777727995,14.46073485639858],[-60.88815783740668,14.459994151317385],[-60.88871978543979,14.45990152292455],[-60.889048789987044,14.459425073374113],[-60.88948322832806,14.45946226327901]]]}},{"type":"Feature","properties":{"feature_id":"EU_080000297218","layer_key":"eau_eu","layer_label":"Eau EU","economic_unit_id":"EU_080000297218","economic_state":"S2","economic_exposure_eur":814273.0,"economic_damage_eur":126520.0,"economic_damage_ratio_pct":15.538,"economic_asset_count":38,"criticality_territory":"martinique","criticality_family":"eu","criticality_scenario":"rp100","criticality_period_years":"100","criticality_hazard":"storm_cmcc"},"geometry":{"type":"Polygon","coordinates":[[[-61.13070015664099,14.77560237859034],[-61.12976580027926,14.775944084727081],[-61.1284934070232,14.77606418990203],[-61.127542164753194,14.775762261658446],[-61.1265883497923,14.774934405275241],[-61.12588218187455,14.773844473582045],[-61.1256429656832,14.772938564057615],[-61.12581628624848,14.77218897926927],[-61.1263737164572,14.771579952615292],[-61.1267840752051,14.771574230162512],[-61.12722894059491,14.77240148648007],[-61.127373405098254,14.771621457011022],[-61.12841918796268,14.771569675536808],[-61.128895606964136,14.772401486197165],[-61.12894309922307,14.77172055607111],[-61.1310889710207,14.77339868515861],[-61.13132138634023,14.773867400964992],[-61.13121238612808,14.77490148585908],[-61.13070015664099,14.77560237859034]],[[-61.130379050172344,14.773234819297155],[-61.13056227209347,14.773234819266095],[-61.13056227239224,14.773034067510348],[-61.130379050172344,14.773234819297155]]]}},{"type":"Feature","properties":{"feature_id":"EU_080000297221","layer_key":"eau_eu","layer_label":"Eau EU","economic_unit_id":"EU_080000297221","economic_state":"S2","economic_exposure_eur":720446.0,"economic_damage_eur":111941.0,"economic_damage_ratio_pct":15.538,"economic_asset_count":59,"criticality_territory":"martinique","criticality_family":"eu","criticality_scenario":"rp100","criticality_period_years":"100","criticality_hazard":"storm_cmcc"},"geometry":{"type":"Polygon","coordinates":[[[-60.937677279080745,14.543060277666097],[-60.93595189695298,14.542955521815994],[-60.935562648714374,14.542707066553014],[-60.93556264950332,14.542200706173107],[-60.934943774721,14.542181521124641],[-60.93472931755262,14.541367372707716],[-60.93418855043215,14.541197879873772],[-60.933895985601886,14.54053403924226],[-60.93358020012075,14.540467101856928],[-60.93335546971633,14.539693409300012],[-60.933516149834006,14.538941268509557],[-60.93444383832159,14.53813663827165],[-60.93568390464445,14.538206652368629],[-60.93621200246179,14.5385724835942],[-60.93621200323227,14.53906818224682],[-60.93697163881225,14.53918380897429],[-60.93704533794121,14.539901515441578],[-60.93780497320817,14.540017142218511],[-60.93787867265016,14.540734848636406],[-60.93815774785609,14.539994145707082],[-60.93860739546189,14.540003556902123],[-60.939029208776574,14.54098630028049],[-60.938712007359115,14.541568181831304],[-60.938947653749274,14.541568181761146],[-60.937677279080745,14.543060277666097]]]}},{"type":"Feature","properties":{"feature_id":"EU_080000297229__P1","layer_key":"eau_eu","layer_label":"Eau EU","economic_unit_id":"EU_080000297229__P1","economic_state":"S2","economic_exposure_eur":2468415.0,"economic_damage_eur":383537.0,"economic_damage_ratio_pct":15.538,"economic_asset_count":82,"criticality_territory":"martinique","criticality_family":"eu","criticality_scenario":"rp100","criticality_period_years":"100","criticality_hazard":"storm_cmcc"},"geometry":{"type":"Polygon","coordinates":[[[-61.11121216192573,14.625734819354525],[-61.1126783027907,14.625758894800732],[-61.11287883010562,14.626568152420177],[-61.1133105124584,14.626568152116237],[-61.11182762958898,14.628199578821112],[-61.109745043777984,14.629080215708639],[-61.10624398043323,14.628969492617099],[-61.104176682236535,14.627908821599233],[-61.10280371658222,14.62616084703065],[-61.102447931968086,14.624534377575054],[-61.10415661812224,14.621012555685196],[-61.106019090097426,14.619928996942193],[-61.106212153706586,14.620734820105056],[-61.106926728360456,14.620806613985243],[-61.10704548840975,14.621568153313138],[-61.10776006256156,14.621639947221016],[-61.10812385255679,14.622401486446904],[-61.11014828690914,14.622415105008962],[-61.111117017439206,14.623327458202779],[-61.11161619117204,14.624596253209882],[-61.11121216192573,14.625734819354525]]]}},{"type":"Feature","properties":{"feature_id":"EU_080000297229__P10","layer_key":"eau_eu","layer_label":"Eau EU","economic_unit_id":"EU_080000297229__P10","economic_state":"S0","economic_exposure_eur":2188917.0,"economic_damage_eur":54015.0,"economic_damage_ratio_pct":2.468,"economic_asset_count":73,"criticality_territory":"martinique","criticality_family":"eu","criticality_scenario":"rp100","criticality_period_years":"100","criticality_hazard":"storm_cmcc"},"geometry":{"type":"Polygon","coordinates":[[[-61.09871057157656,14.609353441551947],[-61.09871214015343,14.61240148788401],[-61.09913828989857,14.612401487588718],[-61.096282885699,14.61367512412995],[-61.09359678143208,14.61422178038239],[-61.09218937577801,14.613751579538024],[-61.09006503760666,14.61194658725242],[-61.08918136373362,14.608601952412519],[-61.08954350710772,14.607118512154159],[-61.090408905493284,14.60602575170937],[-61.09171601700482,14.605367230413632],[-61.093380192273024,14.605222905174754],[-61.09621213017696,14.60592370112786],[-61.09621213114526,14.60656815485669],[-61.09690111199952,14.606621458456148],[-61.09704546584789,14.607401488063964],[-61.09784044684722,14.607568678825709],[-61.097878801775394,14.609068154622614],[-61.09871057157656,14.609353441551947]]]}},{"type":"Feature","properties":{"feature_id":"EU_080000297229__P11","layer_key":"eau_eu","layer_label":"Eau EU","economic_unit_id":"EU_080000297229__P11","economic_state":"S0","economic_exposure_eur":1080805.0,"economic_damage_eur":26706.0,"economic_damage_ratio_pct":2.471,"economic_asset_count":16,"criticality_territory":"martinique","criticality_family":"eu","criticality_scenario":"rp100","criticality_period_years":"100","criticality_hazard":"storm_cmcc"},"geometry":{"type":"Polygon","coordinates":[[[-61.11053938725408,14.63470073488305],[-61.11017493897811,14.63381012128896],[-61.110360403325316,14.632288862067035],[-61.11071435212697,14.631627841273295],[-61.11055890012179,14.630301753734884],[-61.111049559549265,14.629159177758616],[-61.11196811337049,14.628580479871548],[-61.1136856366086,14.62892520796814],[-61.11447254682937,14.629943234349712],[-61.11486121918064,14.632371157992427],[-61.11420045672425,14.634700735182873],[-61.11053938725408,14.63470073488305]]]}},{"type":"Feature","properties":{"feature_id":"EU_080000297229__P12","layer_key":"eau_eu","layer_label":"Eau EU","economic_unit_id":"EU_080000297229__P12","economic_state":"S0","economic_exposure_eur":253720.0,"economic_damage_eur":6269.0,"economic_damage_ratio_pct":2.471,"economic_asset_count":9,"criticality_territory":"martinique","criticality_family":"eu","criticality_scenario":"rp100","criticality_period_years":"100","criticality_hazard":"storm_cmcc"},"geometry":{"type":"Polygon","coordinates":[[[-61.113861017950974,14.630824884274556],[-61.11314479187443,14.630912899915383],[-61.11295451304445,14.630436617098203],[-61.113514449140645,14.629281559454379],[-61.11346975477049,14.628201922089309],[-61.11370569060791,14.627844343189386],[-61.11440899801475,14.628002837120333],[-61.11455149483442,14.629215229493868],[-61.113861017950974,14.630824884274556]]]}},{"type":"Feature","properties":{"feature_id":"EU_080000297229__P2","layer_key":"eau_eu","layer_label":"Eau EU","economic_unit_id":"EU_080000297229__P2","economic_state":"S2","economic_exposure_eur":18475278.0,"economic_damage_eur":2870646.0,"economic_damage_ratio_pct":15.538,"economic_asset_count":545,"criticality_territory":"martinique","criticality_family":"eu","criticality_scenario":"rp100","criticality_period_years":"100","criticality_hazard":"storm_cmcc"},"geometry":{"type":"MultiPolygon","coordinates":[[[[-61.1034816167251,14.614915105952074],[-61.10371214592026,14.615734820427189],[-61.10452075422418,14.615930070850677],[-61.10400603200206,14.621384924068966],[-61.10327036281961,14.623681453147954],[-61.10719559863851,14.626185244410394],[-61.10813869936149,14.628323881598156],[-61.10817461456706,14.630399481089947],[-61.107570772914784,14.633034067422583],[-61.107045504059585,14.632200734349132],[-61.10681495887857,14.633020447755072],[-61.10454550485512,14.633034067227848],[-61.104450361264135,14.633774760701233],[-61.10287884035485,14.634700733558242],[-61.10287884187786,14.635734821003183],[-61.10454550925148,14.636051109937974],[-61.10351369185472,14.638425603238618],[-61.10371218376731,14.64144309363682],[-61.10306787550983,14.64279050501913],[-61.10103334865062,14.6444117189668],[-61.09785859994917,14.644909445732095],[-61.095026442297275,14.6435502189752],[-61.09472913925949,14.642200731929595],[-61.09408660892946,14.64217217228391],[-61.09306247600297,14.640078824188555],[-61.09310083523504,14.639235346223],[-61.0938958106932,14.639068155959546],[-61.094067528613564,14.638272168883482],[-61.096395811466785,14.638234822175837],[-61.09639581299009,14.637200732365706],[-61.09492968019844,14.637176655545394],[-61.09472914785357,14.636367398768838],[-61.093902056800395,14.636112814620104],[-61.09389738546182,14.631853441737531],[-61.09472915492131,14.631568155653175],[-61.09472915767072,14.629700732299352],[-61.09399096678559,14.629608092798133],[-61.09389582571562,14.628867398846463],[-61.092878830032014,14.62886739867041],[-61.09284047691796,14.631200207087781],[-61.09204550023442,14.631367398452156],[-61.09187379014798,14.632163384286573],[-61.090859551745744,14.632199402548387],[-61.09154093405072,14.629179173125598],[-61.0904183308053,14.627383205162204],[-61.09012129574871,14.625595947071306],[-61.09061261521731,14.623332722438818],[-61.09162176010384,14.62188087718842],[-61.091164143854414,14.620938876582638],[-61.08861260873067,14.621172424467659],[-61.08646835510161,14.620190016487022],[-61.08512695882406,14.618398295276435],[-61.084811360643165,14.616202418058416],[-61.08554309096255,14.61419849170716],[-61.08689939152651,14.612872503662162],[-61.09269929356426,14.609748977062633],[-61.09609221746808,14.608919980483094],[-61.09871036357604,14.609352076117316],[-61.09871214015343,14.61240148788401],[-61.10028367152844,14.612494126034527],[-61.100378809258814,14.613863882979546],[-61.10124113955224,14.614153541816336],[-61.10121877453202,14.614901487508021],[-61.1034816167251,14.614915105952074]],[[-61.08871214915059,14.619700731552328],[-61.08871215067188,14.62073482312836],[-61.089729171775424,14.620734822951897],[-61.089824311086346,14.619994127471694],[-61.09056250618296,14.61990148945605],[-61.090562507704156,14.618867398564602],[-61.09037257434002,14.619446148111585],[-61.08871214915059,14.619700731552328]],[[-61.09121214742951,14.618234822640767],[-61.09222917499799,14.618234822464538],[-61.09230290655709,14.61751712554912],[-61.09306250970076,14.617200732380379],[-61.09204547938681,14.617200732204214],[-61.092043916050294,14.617748778450393],[-61.09121214742951,14.618234822640767]],[[-61.09454549483043,14.62740148892821],[-61.094729161055376,14.62740148889644],[-61.09471284927044,14.627200732376318],[-61.09454549483043,14.62740148892821]],[[-61.09722916212352,14.626367399496793],[-61.09658237932978,14.62636739923668],[-61.09676684924911,14.62656815491607],[-61.09722916212352,14.626367399496793]],[[-61.100568737923915,14.625279481609343],[-61.10037882274779,14.623034066805756],[-61.100364838926595,14.625309590668834],[-61.09954549324458,14.625734821361583],[-61.101011635382214,14.625758896653533],[-61.101395827739495,14.626568154393784],[-61.10139582926144,14.6255340669072],[-61.100568737923915,14.625279481609343]]],[[[-61.10747773582031,14.633234819927008],[-61.10579302914228,14.635520447507607],[-61.10557646998939,14.634292629155642],[-61.10639581579342,14.634068153695226],[-61.10640980435294,14.63345929577784],[-61.10747773582031,14.633234819927008]]]]}},{"type":"Feature","properties":{"feature_id":"EU_080000297229__P3","layer_key":"eau_eu","layer_label":"Eau EU","economic_unit_id":"EU_080000297229__P3","economic_state":"S0","economic_exposure_eur":78354.0,"economic_damage_eur":1936.0,"economic_damage_ratio_pct":2.47,"economic_asset_count":2,"criticality_territory":"martinique","criticality_family":"eu","criticality_scenario":"rp100","criticality_period_years":"100","criticality_hazard":"storm_cmcc"},"geometry":{"type":"Polygon","coordinates":[[[-61.09716184236693,14.620467662848666],[-61.09649730589938,14.620193142864613],[-61.09708816069911,14.618903864439854],[-61.09774429615628,14.619097381901577],[-61.09716184236693,14.620467662848666]]]}},{"type":"Feature","properties":{"feature_id":"EU_080000297229__P4","layer_key":"eau_eu","layer_label":"Eau EU","economic_unit_id":"EU_080000297229__P4","economic_state":"S0","economic_exposure_eur":1050851.0,"economic_damage_eur":25957.0,"economic_damage_ratio_pct":2.47,"economic_asset_count":22,"criticality_territory":"martinique","criticality_family":"eu","criticality_scenario":"rp100","criticality_period_years":"100","criticality_hazard":"storm_cmcc"},"geometry":{"type":"Polygon","coordinates":[[[-61.11440549307408,14.626679922415596],[-61.114578756171866,14.627534553346056],[-61.11429543535144,14.628302029021823],[-61.11210692943216,14.629809125643407],[-61.11158925859086,14.631840489032232],[-61.11111109712519,14.632510086709516],[-61.11013674001412,14.632882621045024],[-61.10918049533675,14.632630983169317],[-61.10840719159949,14.631825141416554],[-61.10822136988905,14.630925026447425],[-61.10959300731995,14.627591744447537],[-61.10980358947599,14.6262085484086],[-61.11121216120472,14.625268918204185],[-61.11121216192573,14.625734819354525],[-61.1126783027907,14.625758894800732],[-61.11301723005049,14.626568152409916],[-61.11440549307408,14.626679922415596]]]}},{"type":"Feature","properties":{"feature_id":"EU_080000297229__P5","layer_key":"eau_eu","layer_label":"Eau EU","economic_unit_id":"EU_080000297229__P5","economic_state":"S2","economic_exposure_eur":2475316.0,"economic_damage_eur":384609.0,"economic_damage_ratio_pct":15.538,"economic_asset_count":11,"criticality_territory":"martinique","criticality_family":"eu","criticality_scenario":"rp100","criticality_period_years":"100","criticality_hazard":"storm_cmcc"},"geometry":{"type":"Polygon","coordinates":[[[-61.11287883010562,14.626568152420177],[-61.11456759494079,14.626569644602663],[-61.11220048465006,14.6300151049025],[-61.111631786904915,14.632883017488522],[-61.11091621233762,14.634048552106186],[-61.11019847470676,14.634700734675505],[-61.108355486748,14.634699211063653],[-61.10806248242717,14.63388689678643],[-61.107878841513816,14.634901486791726],[-61.108657428351925,14.635042054887696],[-61.10870593484871,14.636112815244589],[-61.107878843672886,14.636367401035667],[-61.10756543450695,14.63707662566659],[-61.10556247804349,14.63716750374312],[-61.10560083756202,14.635902011845728],[-61.10639581363447,14.635534067472136],[-61.10565762587028,14.635441427425825],[-61.10556248154346,14.634794711533058],[-61.103554928034534,14.635734820771548],[-61.10447177170981,14.63585045770916],[-61.10454551065159,14.636987042610517],[-61.10418606482561,14.636901881914167],[-61.10357929538088,14.63840706330651],[-61.102455232562875,14.639387154773763],[-61.10161700201563,14.641647799931068],[-61.0995466404326,14.642568874281961],[-61.09734092228467,14.641797341308255],[-61.096492129172184,14.640524485669342],[-61.09625383558207,14.638234822213086],[-61.09690496643243,14.635803423370492],[-61.09814722179466,14.634401222179132],[-61.09831288424241,14.633177368611916],[-61.09910632330395,14.631760617580166],[-61.10098905844893,14.630760146975721],[-61.10528357733746,14.631023548142181],[-61.10588773273817,14.630458132114486],[-61.106655089222556,14.627426009684639],[-61.10861642838671,14.624193116420793],[-61.10984327762379,14.623213553957155],[-61.111117017439206,14.623327458202779],[-61.11121216116323,14.625244339186263],[-61.11255399391019,14.6257348187697],[-61.11287883010562,14.626568152420177]],[[-61.107045504059585,14.632200734349132],[-61.107045504602695,14.632583091454306],[-61.107229151446134,14.632391310346604],[-61.107045504059585,14.632200734349132]]]}},{"type":"Feature","properties":{"feature_id":"EU_080000297229__P6","layer_key":"eau_eu","layer_label":"Eau EU","economic_unit_id":"EU_080000297229__P6","economic_state":"S0","economic_exposure_eur":165403.0,"economic_damage_eur":4086.0,"economic_damage_ratio_pct":2.471,"economic_asset_count":1,"criticality_territory":"martinique","criticality_family":"eu","criticality_scenario":"rp100","criticality_period_years":"100","criticality_hazard":"storm_cmcc"},"geometry":{"type":"Polygon","coordinates":[[[-61.09954598645509,14.617726236872487],[-61.10018703714789,14.617815892280118],[-61.1009835279832,14.619408868704143],[-61.10083349482649,14.619898587762947],[-61.100112341835484,14.619867334946703],[-61.09935000001405,14.618365942573885],[-61.09954598645509,14.617726236872487]]]}},{"type":"Feature","properties":{"feature_id":"EU_080000297229__P7","layer_key":"eau_eu","layer_label":"Eau EU","economic_unit_id":"EU_080000297229__P7","economic_state":"S0","economic_exposure_eur":68106.0,"economic_damage_eur":1682.0,"economic_damage_ratio_pct":2.47,"economic_asset_count":1,"criticality_territory":"martinique","criticality_family":"eu","criticality_scenario":"rp100","criticality_period_years":"100","criticality_hazard":"storm_cmcc"},"geometry":{"type":"Polygon","coordinates":[[[-61.09919969547521,14.618068776866664],[-61.098930763909,14.617582543885868],[-61.09995279159111,14.6166788069027],[-61.100412490534524,14.617220748165714],[-61.099800957767236,14.617980044639934],[-61.09919969547521,14.618068776866664]]]}},{"type":"Feature","properties":{"feature_id":"EU_080000297229__P8","layer_key":"eau_eu","layer_label":"Eau EU","economic_unit_id":"EU_080000297229__P8","economic_state":"S0","economic_exposure_eur":98236.0,"economic_damage_eur":2424.0,"economic_damage_ratio_pct":2.467,"economic_asset_count":3,"criticality_territory":"martinique","criticality_family":"eu","criticality_scenario":"rp100","criticality_period_years":"100","criticality_hazard":"storm_cmcc"},"geometry":{"type":"Polygon","coordinates":[[[-61.09047548340878,14.610490638666047],[-61.089961028560694,14.610389627272871],[-61.08979506004712,14.609996544287833],[-61.09004772489211,14.60905391181931],[-61.090495046812244,14.608881176028744],[-61.091166036440804,14.609163502900584],[-61.09134664222504,14.609550418932],[-61.09047548340878,14.610490638666047]]]}},{"type":"Feature","properties":{"feature_id":"EU_080000297229__P9","layer_key":"eau_eu","layer_label":"Eau EU","economic_unit_id":"EU_080000297229__P9","economic_state":"S0","economic_exposure_eur":816569.0,"economic_damage_eur":20160.0,"economic_damage_ratio_pct":2.469,"economic_asset_count":11,"criticality_territory":"martinique","criticality_family":"eu","criticality_scenario":"rp100","criticality_period_years":"100","criticality_hazard":"storm_cmcc"},"geometry":{"type":"Polygon","coordinates":[[[-61.09505776019313,14.612837722636534],[-61.09476849172798,14.613711334388347],[-61.092509265119084,14.615433437868816],[-61.091272122795694,14.616906795310282],[-61.09008951482823,14.617278533857977],[-61.08898334100967,14.616727116969868],[-61.08848027388565,14.615763057158498],[-61.08862949522655,14.614781844536259],[-61.08976659325763,14.613615022895145],[-61.09039735729266,14.61238818906268],[-61.09123008519268,14.611867650065111],[-61.092329775058026,14.61000281881275],[-61.093351710281496,14.609622679896193],[-61.09438933180778,14.609960129551506],[-61.09497158733042,14.61086197596133],[-61.09482629311276,14.611996272147369],[-61.09505776019313,14.612837722636534]]]}},{"type":"Feature","properties":{"feature_id":"EU_080000297230","layer_key":"eau_eu","layer_label":"Eau EU","economic_unit_id":"EU_080000297230","economic_state":"S2","economic_exposure_eur":22275053.0,"economic_damage_eur":3461046.0,"economic_damage_ratio_pct":15.538,"economic_asset_count":466,"criticality_territory":"martinique","criticality_family":"eu","criticality_scenario":"rp100","criticality_period_years":"100","criticality_hazard":"storm_cmcc"},"geometry":{"type":"MultiPolygon","coordinates":[[[[-60.92534061597049,14.758402028037377],[-60.92539020867803,14.759068188985731],[-60.926173950535286,14.759235361303514],[-60.926212328214554,14.760734855529474],[-60.92703941721661,14.760989411142317],[-60.92703166905184,14.761976246708103],[-60.92634225293922,14.76220069800333],[-60.92601170269178,14.763843290554602],[-60.924929621188994,14.763843290351122],[-60.92441609471181,14.762958500646706],[-60.92264887514252,14.762627634140259],[-60.92213560517985,14.76117442578052],[-60.92089022425396,14.760405244983414],[-60.91917973055748,14.76197808461113],[-60.91663425076787,14.76160936248636],[-60.916011701041484,14.7621766221922],[-60.914255714709704,14.762200695411588],[-60.911821518123276,14.763308663489786],[-60.90954566438103,14.76476733463439],[-60.90940122447257,14.765480729459252],[-60.90871233202632,14.765534027894127],[-60.908540535044,14.766330018054312],[-60.907400788993165,14.766330017839689],[-60.90722899228348,14.765576748116384],[-60.906873868230775,14.766330017775445],[-60.90585081031731,14.766367360364933],[-60.90204566852066,14.768550152811711],[-60.90184503764462,14.76967661950375],[-60.90040123848356,14.769950491192814],[-60.8980870611556,14.769505465912856],[-60.89810070166891,14.766735363967298],[-60.898895659134915,14.766568194159134],[-60.89895043289916,14.765875410734933],[-60.89972899354149,14.765734860649136],[-60.89990079142058,14.764938869017438],[-60.90197468015215,14.764700693266475],[-60.901409656045104,14.764476245146836],[-60.901490853463734,14.763327487039367],[-60.90273455467092,14.763288157120346],[-60.90287899558621,14.764204886951077],[-60.90472899633073,14.763190573362861],[-60.9047837693835,14.762542076751117],[-60.90556233066938,14.762401526134694],[-60.905706770339805,14.76162148998931],[-60.907307187920814,14.761568192407886],[-60.90806233225471,14.76097789044886],[-60.90810070865062,14.760068696350794],[-60.908895667057,14.759901525448337],[-60.90909629263416,14.759092264710027],[-60.91108946116539,14.759068191599797],[-60.911596292912044,14.758258930922716],[-60.91301419868416,14.758234857979687],[-60.91409629319011,14.75742559713593],[-60.91806233758098,14.756049105539903],[-60.918234130006255,14.754938865766963],[-60.92071791240348,14.754901522991021],[-60.92185661813283,14.753975948521678],[-60.92282421377188,14.75420874135294],[-60.92287898592148,14.755157767645201],[-60.92534061597049,14.758402028037377]]],[[[-60.90787898490243,14.756367361339475],[-60.90770719521094,14.757163351491089],[-60.90653329370094,14.757142478879873],[-60.90778657226846,14.756127033929632],[-60.90871231748223,14.755754335142925],[-60.90787898490243,14.756367361339475]]],[[[-60.91056233975755,14.755622222919644],[-60.911656201851194,14.755581204583132],[-60.91370401705225,14.754314762961023],[-60.91368757947207,14.755338800687715],[-60.91287898461731,14.755534028978193],[-60.91273455057976,14.756314063548707],[-60.91076295989859,14.756343288086583],[-60.91056233975755,14.755622222919644]]],[[[-60.92240079807323,14.75133002073867],[-60.92222901199981,14.750289575236414],[-60.923712312603676,14.75055063924092],[-60.92371231329496,14.75105110963041],[-60.92240079807323,14.75133002073867]]],[[[-60.92611713082434,14.754160816892695],[-60.926117133472324,14.756274735286652],[-60.92399085726881,14.756274734946762],[-60.9239096663229,14.754292639068812],[-60.92611713082434,14.754160816892695]]]]}},{"type":"Feature","properties":{"feature_id":"EU_080000297231","layer_key":"eau_eu","layer_label":"Eau EU","economic_unit_id":"EU_080000297231","economic_state":"S2","economic_exposure_eur":255989.0,"economic_damage_eur":39775.0,"economic_damage_ratio_pct":15.538,"economic_asset_count":14,"criticality_territory":"martinique","criticality_family":"eu","criticality_scenario":"rp100","criticality_period_years":"100","criticality_hazard":"storm_cmcc"},"geometry":{"type":"Polygon","coordinates":[[[-61.040792894280116,14.525184175790917],[-61.04090836838225,14.52576553444803],[-61.04043980277298,14.52626677869715],[-61.03924161551384,14.526248686979143],[-61.038961442328244,14.525867796799922],[-61.039123215804,14.525103816926638],[-61.0399150627004,14.524827159315624],[-61.040792894280116,14.525184175790917]]]}},{"type":"Feature","properties":{"feature_id":"EU_080000297232__P1","layer_key":"eau_eu","layer_label":"Eau EU","economic_unit_id":"EU_080000297232__P1","economic_state":"S2","economic_exposure_eur":5088268.0,"economic_damage_eur":790603.0,"economic_damage_ratio_pct":15.538,"economic_asset_count":213,"criticality_territory":"martinique","criticality_family":"eu","criticality_scenario":"rp100","criticality_period_years":"100","criticality_hazard":"storm_cmcc"},"geometry":{"type":"MultiPolygon","coordinates":[[[[-60.95787244998131,14.549322743156097],[-60.95786913721986,14.5502923649062],[-60.95742762065104,14.549068178339011],[-60.95787244998131,14.549322743156097]]],[[[-60.96008582083741,14.546365853974356],[-60.9581698489284,14.546285435923158],[-60.9600997122869,14.545308452761057],[-60.96037868349299,14.54528966021302],[-60.96008582083741,14.546365853974356]]],[[[-60.96145069248275,14.545875401995543],[-60.9622293057912,14.545734844206757],[-60.96222930849886,14.543884523729888],[-60.96458055282504,14.543234843729678],[-60.96532396190209,14.54337540149004],[-60.96537868308215,14.544384443792218],[-60.964545350400726,14.544901510427103],[-60.968895972384985,14.544901509623303],[-60.9689696743734,14.544183805327494],[-60.969729306776095,14.54406817611847],[-60.9697840275087,14.543375401114533],[-60.9705626411672,14.543234842613707],[-60.97072945549829,14.542523629422975],[-60.97259170683673,14.54306080407204],[-60.97371201813197,14.544485938024916],[-60.973638318117786,14.545418415816917],[-60.97287868620502,14.545534046345864],[-60.972734384671675,14.54631407813913],[-60.972045353936544,14.54636737950131],[-60.971950257278564,14.549608079194272],[-60.970378691838384,14.549700712429948],[-60.97037869358882,14.550910752603995],[-60.96621202683783,14.551367378278714],[-60.96767825157095,14.551592250535075],[-60.96787869473275,14.552010797639086],[-60.96696990580664,14.552804575969695],[-60.96474318448921,14.553722468761109],[-60.961665388546756,14.55302913306576],[-60.961395964377886,14.551367377387695],[-60.95992973847113,14.551343302226712],[-60.95972929925457,14.550534043769881],[-60.958934305792035,14.550366863636809],[-60.95895069187453,14.546708735594688],[-60.960207052658504,14.546605521661242],[-60.96037868661623,14.547401511251687],[-60.96126476409549,14.547401511102299],[-60.96145069248275,14.545875401995543]]]]}},{"type":"Feature","properties":{"feature_id":"EU_080000297232__P2","layer_key":"eau_eu","layer_label":"Eau EU","economic_unit_id":"EU_080000297232__P2","economic_state":"S2","economic_exposure_eur":4063801.0,"economic_damage_eur":631424.0,"economic_damage_ratio_pct":15.538,"economic_asset_count":132,"criticality_territory":"martinique","criticality_family":"eu","criticality_scenario":"rp100","criticality_period_years":"100","criticality_hazard":"storm_cmcc"},"geometry":{"type":"MultiPolygon","coordinates":[[[[-60.97621045489527,14.544353443787369],[-60.97617409077094,14.545366020892923],[-60.974729305152515,14.544501064980619],[-60.97495974315667,14.544081793093733],[-60.97621045489527,14.544353443787369]]],[[[-60.98537866687408,14.530734839625344],[-60.98620576216552,14.530989408788482],[-60.98617366840665,14.534533533016837],[-60.98361456067781,14.534700715243048],[-60.97787868182713,14.541935032542465],[-60.97780498254932,14.542918416353173],[-60.976567604434024,14.542996701797552],[-60.97604318027743,14.542293553281056],[-60.98062989610061,14.534068900667341],[-60.979754035453915,14.532838808345023],[-60.97937324035277,14.531367381156862],[-60.97893432708985,14.531200199015847],[-60.9788959914603,14.53053404789109],[-60.977459747842275,14.530520428637509],[-60.97722932633232,14.52970071427586],[-60.97611572442735,14.52970071401348],[-60.97650690666951,14.528236888384107],[-60.978062614228115,14.526918404309944],[-60.98224846861492,14.526180576797074],[-60.98287865982515,14.526234290584444],[-60.982878661543786,14.527401506679103],[-60.98361690217266,14.527494139521899],[-60.983711996248,14.528234839877433],[-60.985148240723994,14.528248457643018],[-60.98537866687408,14.530734839625344]]]]}},{"type":"Feature","properties":{"feature_id":"EU_080000297232__P3","layer_key":"eau_eu","layer_label":"Eau EU","economic_unit_id":"EU_080000297232__P3","economic_state":"S0","economic_exposure_eur":751651.0,"economic_damage_eur":18499.0,"economic_damage_ratio_pct":2.461,"economic_asset_count":25,"criticality_territory":"martinique","criticality_family":"eu","criticality_scenario":"rp100","criticality_period_years":"100","criticality_hazard":"storm_cmcc"},"geometry":{"type":"Polygon","coordinates":[[[-60.97218785792088,14.52156817519945],[-60.97402835800593,14.522871928453439],[-60.97583791880828,14.521946797993422],[-60.976625129924294,14.521993154295787],[-60.97726141000965,14.522361192475328],[-60.97768001683059,14.523012308301885],[-60.977724557107386,14.523826647302862],[-60.976390624678345,14.52650146924575],[-60.97557788459467,14.526965805290024],[-60.97463729738876,14.526912023540119],[-60.97005822766824,14.524107319642864],[-60.96958029933158,14.523343456047487],[-60.96959509203508,14.522427731206845],[-60.970213561907386,14.521612231543296],[-60.97218785792088,14.52156817519945]]]}},{"type":"Feature","properties":{"feature_id":"EU_080000297232__P4","layer_key":"eau_eu","layer_label":"Eau EU","economic_unit_id":"EU_080000297232__P4","economic_state":"S2","economic_exposure_eur":747279.0,"economic_damage_eur":116111.0,"economic_damage_ratio_pct":15.538,"economic_asset_count":24,"criticality_territory":"martinique","criticality_family":"eu","criticality_scenario":"rp100","criticality_period_years":"100","criticality_hazard":"storm_cmcc"},"geometry":{"type":"Polygon","coordinates":[[[-60.972229330949546,14.527200713428604],[-60.97201983841231,14.527840403712524],[-60.970725084150814,14.527071128855207],[-60.970562665822335,14.52636737981234],[-60.97012449005154,14.526250254671828],[-60.97002623241135,14.524681561995651],[-60.97052323085445,14.523742242414182],[-60.97189462866273,14.523281010387684],[-60.97365606959629,14.523536698473846],[-60.97546179992539,14.524332877660559],[-60.97613247296736,14.525336610879792],[-60.976274405909805,14.526092340514097],[-60.97603457436074,14.527008816362436],[-60.97527584344308,14.528057547528187],[-60.97466345141983,14.52846224153498],[-60.97388051148573,14.528554686867883],[-60.972229329872036,14.527931777740507],[-60.972229330949546,14.527200713428604]]]}},{"type":"Feature","properties":{"feature_id":"EU_080000397213__P1","layer_key":"eau_eu","layer_label":"Eau EU","economic_unit_id":"EU_080000397213__P1","economic_state":"S2","economic_exposure_eur":6613041.0,"economic_damage_eur":1027519.0,"economic_damage_ratio_pct":15.538,"economic_asset_count":166,"criticality_territory":"martinique","criticality_family":"eu","criticality_scenario":"rp100","criticality_period_years":"100","criticality_hazard":"storm_cmcc"},"geometry":{"type":"MultiPolygon","coordinates":[[[[-60.98527145965178,14.669700711576015],[-60.98454118245827,14.668324135858011],[-60.98270532652803,14.666896859635148],[-60.98254469429926,14.666568620854017],[-60.98306245751688,14.666568176287493],[-60.983136200708486,14.665850471809849],[-60.98389579221697,14.665534044847732],[-60.98157788225922,14.665414310705632],[-60.98004702366706,14.663843114889879],[-60.978336692517004,14.663549099062232],[-60.97644418865102,14.662050536777967],[-60.975995026429345,14.65949468999183],[-60.97556341332067,14.659068177501444],[-60.976138447349435,14.659183805808171],[-60.976212188193074,14.659901510733844],[-60.97814077546918,14.659901510335583],[-60.97762818831199,14.658034043685435],[-60.976212185437475,14.65803404365971],[-60.97611703791753,14.658774744006843],[-60.97540999428512,14.658867376831363],[-60.974508458127794,14.657538305358145],[-60.974371737771556,14.655369082328653],[-60.97559739538719,14.653671052820012],[-60.97751908417437,14.653151204943407],[-60.981212180438206,14.654018558506893],[-60.981212182967624,14.655734843060355],[-60.981901140994275,14.655788142988293],[-60.98204551768383,14.6565681762589],[-60.98278370281714,14.656660808092346],[-60.98287885240002,14.657401509457516],[-60.98367382717303,14.65756868879658],[-60.98371218711625,14.658234842656197],[-60.98514829612582,14.658248460275885],[-60.985378855319034,14.659068175702526],[-60.986990773376135,14.659208733776822],[-60.9867503482518,14.660532625311173],[-60.988677399106635,14.662303637243769],[-60.98836193743003,14.664238323081483],[-60.989443651876805,14.666027200994186],[-60.993194904264335,14.66555486696806],[-60.994605254523826,14.666569855027456],[-60.99615581362294,14.666832841181467],[-60.99604572092658,14.667743766850055],[-60.995378870480074,14.668095383201935],[-60.99528371749115,14.668774746264171],[-60.99377125278224,14.669068174401895],[-60.9952600944576,14.669139963349863],[-60.995324121952116,14.670393486480434],[-60.99329302054324,14.670520427449906],[-60.99306245105132,14.669646537700567],[-60.99172868354488,14.670734841119135],[-60.992805129684264,14.67085047068242],[-60.99269812175914,14.671971894821327],[-60.992045542596806,14.672200712806292],[-60.99249407934907,14.672401507767692],[-60.99140673789264,14.674341897113715],[-60.989936238557036,14.675314858716547],[-60.98972911089455,14.674700712310242],[-60.98871221234528,14.674700712124666],[-60.98954554685832,14.675404562683891],[-60.987666769538734,14.675141347253355],[-60.98615647729853,14.673588189984772],[-60.98576972956333,14.670734842373943],[-60.9861982171197,14.670959301975886],[-60.986212208489846,14.672401509170088],[-60.98722911476979,14.672401508984274],[-60.987243106005536,14.670959302042077],[-60.98776548841357,14.670734842111257],[-60.98537886582786,14.666200743170815],[-60.985324116341246,14.667060152194532],[-60.98454553413287,14.667401509367343],[-60.98523448422833,14.667454809347808],[-60.98537886884987,14.668234842566179],[-60.98613845922423,14.66835047142371],[-60.98618747449364,14.669505473694997],[-60.98527145965178,14.669700711576015]],[[-60.988062445481496,14.674068175534591],[-60.988062447009106,14.673034045388475],[-60.987878876396934,14.673034045354955],[-60.988062445481496,14.674068175534591]]],[[[-60.98306403719889,14.656082109488358],[-60.983209104227925,14.65495349379716],[-60.984174521074856,14.656367378224587],[-60.98306403719889,14.656082109488358]]],[[[-60.988076455342835,14.659476251039141],[-60.98806246831512,14.658572094628397],[-60.989152746892856,14.659700712403234],[-60.988076455342835,14.659476251039141]]],[[[-60.99440115081625,14.665480745111799],[-60.993117207765096,14.665393486267165],[-60.99312894878127,14.664810653153074],[-60.9945455314633,14.664384443309096],[-60.99440115081625,14.665480745111799]]],[[[-60.998587501253404,14.667401506724802],[-60.99814626911221,14.66877368110492],[-60.99723104536803,14.669700713823003],[-60.99642051367078,14.669505474300799],[-60.996409775703846,14.667625968212215],[-60.998587501253404,14.667401506724802]]]]}},{"type":"Feature","properties":{"feature_id":"EU_080000397213__P2","layer_key":"eau_eu","layer_label":"Eau EU","economic_unit_id":"EU_080000397213__P2","economic_state":"S2","economic_exposure_eur":4598015.0,"economic_damage_eur":714429.0,"economic_damage_ratio_pct":15.538,"economic_asset_count":228,"criticality_territory":"martinique","criticality_family":"eu","criticality_scenario":"rp100","criticality_period_years":"100","criticality_hazard":"storm_cmcc"},"geometry":{"type":"MultiPolygon","coordinates":[[[[-60.98445023305181,14.524608081364999],[-60.98287865759872,14.524700715459023],[-60.98371199179078,14.525217777045045],[-60.98365727744864,14.526226821242517],[-60.98287866003312,14.526367382076986],[-60.982878661543786,14.527401506679103],[-60.98361690217266,14.527494139521899],[-60.983711996248,14.528234839877433],[-60.98525990848235,14.528306590508533],[-60.98518218644222,14.530173194279094],[-60.98380679942929,14.531758207156702],[-60.98101889452662,14.532292561513607],[-60.97972932239309,14.53205659354845],[-60.97972932341548,14.5313673813531],[-60.97899108412181,14.531274747122332],[-60.9788959914603,14.53053404789109],[-60.97766706831942,14.530534047486558],[-60.97631150309013,14.528963045910269],[-60.97571945129329,14.526735963274826],[-60.97415533631393,14.524330780970244],[-60.97381492855157,14.522724243024088],[-60.97410671695345,14.521568174655846],[-60.97472933869337,14.521568174718732],[-60.97496836709827,14.520507749940359],[-60.977642775686995,14.519593004929847],[-60.980567363510275,14.52060747745551],[-60.98217444562938,14.522265928649249],[-60.98334165574364,14.522517633301133],[-60.98371198894461,14.523234839771087],[-60.98428399931868,14.5232409162706],[-60.98445023305181,14.524608081364999]]],[[[-60.98473089467638,14.525248777035772],[-60.98493543256346,14.524090267309402],[-60.98516700490314,14.525014604812187],[-60.98505399442252,14.525534048814036],[-60.98473089467638,14.525248777035772]]]]}},{"type":"Feature","properties":{"feature_id":"EU_080000397217","layer_key":"eau_eu","layer_label":"Eau EU","economic_unit_id":"EU_080000397217","economic_state":"S2","economic_exposure_eur":19762625.0,"economic_damage_eur":3070671.0,"economic_damage_ratio_pct":15.538,"economic_asset_count":609,"criticality_territory":"martinique","criticality_family":"eu","criticality_scenario":"rp100","criticality_period_years":"100","criticality_hazard":"storm_cmcc"},"geometry":{"type":"MultiPolygon","coordinates":[[[[-60.85146977430179,14.471683818626317],[-60.85275989387849,14.471639981067105],[-60.85280488531692,14.47291840272506],[-60.85159645741424,14.473009951971614],[-60.85146977430179,14.471683818626317]]],[[[-60.857229439734766,14.468234862520386],[-60.85734810039252,14.467473313691459],[-60.85806277411009,14.46740152900725],[-60.858234335645456,14.466605537327544],[-60.862036891922074,14.466568194879748],[-60.862553996093915,14.46573486108062],[-60.864373655330894,14.465772202901803],[-60.864729440081824,14.466915304960418],[-60.86604032271865,14.466605535964803],[-60.86621188529854,14.467401527423132],[-60.86700689560317,14.46756869766677],[-60.867045220233884,14.468405363762333],[-60.868511531402746,14.46825893293988],[-60.86871188820995,14.469068193639995],[-60.87275884825004,14.468606602788942],[-60.87641384816391,14.470115699571949],[-60.8780627676271,14.469068191831846],[-60.87826312540488,14.468258931213603],[-60.88017819890864,14.468258930856639],[-60.880562767122335,14.469068191349779],[-60.88065782991644,14.468327485784698],[-60.882229434664836,14.468234857677881],[-60.882229435589444,14.467583703829384],[-60.88539486449854,14.469700698757753],[-60.883711892042506,14.469700698428205],[-60.88532386040721,14.47004207580849],[-60.88537699931855,14.471915442369852],[-60.88415734169546,14.472194621252163],[-60.883896096439265,14.471367365082044],[-60.88287856097227,14.471367364886214],[-60.88301699011228,14.473234857644771],[-60.883711897591404,14.473551110581962],[-60.88370566593627,14.476946142019795],[-60.88287856975219,14.477401524412167],[-60.88365720254673,14.477542076060535],[-60.88371034198526,14.478582108962032],[-60.88202588240866,14.479969593911862],[-60.880681418956236,14.47962891075934],[-60.88056275286465,14.478867364222944],[-60.87823432459052,14.478830020472609],[-60.878062754582295,14.478034030431727],[-60.87537856921854,14.478034029913555],[-60.87517820526138,14.478843289395275],[-60.873387328202774,14.478867362486415],[-60.87306275559351,14.478034029465961],[-60.870763119756326,14.478009955279864],[-60.870562759738284,14.475534029054606],[-60.867045230624974,14.475534028373005],[-60.86681488016927,14.476353743499725],[-60.86454523134982,14.476367361197115],[-60.864545234067734,14.478234861307227],[-60.8648736739094,14.477454825024525],[-60.865919141779855,14.477403050113852],[-60.866211901059685,14.478234860983761],[-60.868710338989615,14.478520112542286],[-60.86871190246291,14.478864179602038],[-60.864853546160454,14.479337384906877],[-60.86222942375144,14.478493810599565],[-60.86222942688479,14.476367360747247],[-60.860793111145675,14.476353742371467],[-60.86056276177008,14.475534027113945],[-60.858991158645644,14.475441398951773],[-60.85889609908058,14.473034026861928],[-60.857459779426996,14.473020408510175],[-60.857229433966104,14.47220069322811],[-60.85621189032342,14.472200693029809],[-60.85525989668937,14.47379557379878],[-60.8542206616127,14.473867358908574],[-60.85389610010076,14.473034025887408],[-60.85313643898736,14.472918402693532],[-60.853062769362374,14.471367359106297],[-60.852235672796944,14.471112807405905],[-60.85230311031376,14.46918381849357],[-60.857229439734766,14.468234862520386]]],[[[-60.85389611137173,14.46525495134287],[-60.85704521256657,14.46448332978434],[-60.85697154417923,14.465418403389368],[-60.85621188062712,14.465534026555895],[-60.856067641700456,14.467147395053841],[-60.85492979372605,14.467176619397183],[-60.85472944296082,14.466367359576065],[-60.85415734463406,14.466361282384145],[-60.85389611137173,14.46525495134287]]],[[[-60.860378545686544,14.463867360748845],[-60.86008580764641,14.464699170768197],[-60.85906766951235,14.464663350898828],[-60.85889611241252,14.463867360460327],[-60.85821996076598,14.463821621098255],[-60.86121187768965,14.462855361501163],[-60.86121187867013,14.463551110787595],[-60.860378545686544,14.463867360748845]]]]}},{"type":"Feature","properties":{"feature_id":"EU_080000397218","layer_key":"eau_eu","layer_label":"Eau EU","economic_unit_id":"EU_080000397218","economic_state":"S2","economic_exposure_eur":732663.0,"economic_damage_eur":113839.0,"economic_damage_ratio_pct":15.538,"economic_asset_count":43,"criticality_territory":"martinique","criticality_family":"eu","criticality_scenario":"rp100","criticality_period_years":"100","criticality_hazard":"storm_cmcc"},"geometry":{"type":"Polygon","coordinates":[[[-61.13222894393636,14.769546338322668],[-61.13291203446164,14.769130759966593],[-61.1355622774036,14.769068151661708],[-61.135562278048155,14.768612933444825],[-61.135927571223654,14.768786391564277],[-61.136485948988685,14.769394595671821],[-61.13666644113595,14.770194897226379],[-61.136077673759544,14.772412427063438],[-61.13550095904195,14.772937230938064],[-61.1347881983186,14.773134018984626],[-61.13288496864133,14.772577770635124],[-61.13181471885262,14.770966326777224],[-61.1318948697928,14.770051739903213],[-61.13222894342345,14.769901485577353],[-61.13222894393636,14.769546338322668]]]}},{"type":"Feature","properties":{"feature_id":"EU_080000397219","layer_key":"eau_eu","layer_label":"Eau EU","economic_unit_id":"EU_080000397219","economic_state":"S2","economic_exposure_eur":447196.0,"economic_damage_eur":69484.0,"economic_damage_ratio_pct":15.538,"economic_asset_count":32,"criticality_territory":"martinique","criticality_family":"eu","criticality_scenario":"rp100","criticality_period_years":"100","criticality_hazard":"storm_cmcc"},"geometry":{"type":"Polygon","coordinates":[[[-61.222287511767576,14.798069531914738],[-61.22160290735264,14.798540205362091],[-61.21918732566002,14.798643184026485],[-61.21889555233129,14.798528095459602],[-61.218895553106925,14.79803408138023],[-61.21808696739661,14.797838820422308],[-61.218076221866916,14.795959290934833],[-61.21889555653477,14.795734805142189],[-61.21889555752865,14.795057965959035],[-61.21920662882175,14.794959131437029],[-61.22144241994668,14.795150300296804],[-61.22204576521076,14.795499570705093],[-61.222045768048275,14.797401471337423],[-61.22255399346458,14.797401470896888],[-61.222287511767576,14.798069531914738]]]}},{"type":"Feature","properties":{"feature_id":"EU_080000397223","layer_key":"eau_eu","layer_label":"Eau EU","economic_unit_id":"EU_080000397223","economic_state":"S2","economic_exposure_eur":352150.0,"economic_damage_eur":54716.0,"economic_damage_ratio_pct":15.538,"economic_asset_count":20,"criticality_territory":"martinique","criticality_family":"eu","criticality_scenario":"rp100","criticality_period_years":"100","criticality_hazard":"storm_cmcc"},"geometry":{"type":"Polygon","coordinates":[[[-60.91514545475733,14.544601373878233],[-60.91451557343989,14.5444558925717],[-60.913137294781315,14.54147762527035],[-60.913340208921966,14.540919493146538],[-60.914048332465455,14.541054361182871],[-60.915550018949794,14.543922584998409],[-60.91514545475733,14.544601373878233]]]}},{"type":"Feature","properties":{"feature_id":"EU_080000397224__P1","layer_key":"eau_eu","layer_label":"Eau EU","economic_unit_id":"EU_080000397224__P1","economic_state":"S2","economic_exposure_eur":573045.0,"economic_damage_eur":89038.0,"economic_damage_ratio_pct":15.538,"economic_asset_count":30,"criticality_territory":"martinique","criticality_family":"eu","criticality_scenario":"rp100","criticality_period_years":"100","criticality_hazard":"storm_cmcc"},"geometry":{"type":"Polygon","coordinates":[[[-61.02537888444669,14.673867385448052],[-61.02534052277583,14.674533534119737],[-61.02454555219428,14.674700718607404],[-61.02454555301802,14.675281486594034],[-61.02311901230637,14.675474718834012],[-61.02199876205978,14.67500554060292],[-61.020918496448594,14.674934973772634],[-61.01994734872189,14.674179749282567],[-61.01980921816539,14.672977230135885],[-61.02148630546965,14.670940251342667],[-61.02287887886301,14.670401008668486],[-61.022878879369316,14.6707348358269],[-61.023657459887026,14.670875396874486],[-61.02371221408364,14.671568169028697],[-61.023952985335264,14.670872173690457],[-61.024125654383866,14.670999488567192],[-61.02468063815363,14.672146361334281],[-61.02575009842398,14.672849699444889],[-61.026002197882335,14.673782375671648],[-61.02568121940644,14.674628927007628],[-61.02537888444669,14.673867385448052]]]}},{"type":"Feature","properties":{"feature_id":"EU_080000397224__P2","layer_key":"eau_eu","layer_label":"Eau EU","economic_unit_id":"EU_080000397224__P2","economic_state":"S0","economic_exposure_eur":192918.0,"economic_damage_eur":4776.0,"economic_damage_ratio_pct":2.476,"economic_asset_count":10,"criticality_territory":"martinique","criticality_family":"eu","criticality_scenario":"rp100","criticality_period_years":"100","criticality_hazard":"storm_cmcc"},"geometry":{"type":"Polygon","coordinates":[[[-61.022460377126094,14.671542219901003],[-61.02124471458969,14.671741525632326],[-61.02063793866784,14.671347427379121],[-61.02054259396187,14.670808335061489],[-61.0209296738077,14.670404635152305],[-61.021477802829054,14.670623669252794],[-61.02240033213545,14.670433358698943],[-61.02278916366019,14.67070953971804],[-61.022460377126094,14.671542219901003]]]}},{"type":"Feature","properties":{"feature_id":"EU_080000397227","layer_key":"eau_eu","layer_label":"Eau EU","economic_unit_id":"EU_080000397227","economic_state":"S2","economic_exposure_eur":5415133.0,"economic_damage_eur":841391.0,"economic_damage_ratio_pct":15.538,"economic_asset_count":235,"criticality_territory":"martinique","criticality_family":"eu","criticality_scenario":"rp100","criticality_period_years":"100","criticality_hazard":"storm_cmcc"},"geometry":{"type":"MultiPolygon","coordinates":[[[[-60.983711951254975,14.497401505888963],[-60.98452057441572,14.497596744999115],[-60.98454528636744,14.498551110642229],[-60.983711953391634,14.498867383032765],[-60.984371581841884,14.499104546051942],[-60.98357329000945,14.501231440928638],[-60.98180424223826,14.502941448441034],[-60.979729364365966,14.50330977432991],[-60.97892074272946,14.502838808696703],[-60.97889603403155,14.501367382076067],[-60.97742976508426,14.501343306577247],[-60.977229368900915,14.50053404846071],[-60.976434367205385,14.500366865956444],[-60.97639603937257,14.49803404838038],[-60.97560103722813,14.497866865923891],[-60.975562708629106,14.496367381608987],[-60.97478408369211,14.496226820796354],[-60.97473561461278,14.495156075968406],[-60.975524326286994,14.49490150735163],[-60.97570698136926,14.49412147454671],[-60.9763960451523,14.494068173828309],[-60.97651472803565,14.49330662997408],[-60.977229379539224,14.493234840324035],[-60.97722938134654,14.491974017155119],[-60.9785559074418,14.492153901188246],[-60.979648933074294,14.492799999031755],[-60.981211943577236,14.492451516195105],[-60.981211944722375,14.493234839592406],[-60.98192659596778,14.493306629161948],[-60.98204527942355,14.49406817279051],[-60.982734342727206,14.494121473440572],[-60.98287861412474,14.494901505988683],[-60.98367361703144,14.495068687510331],[-60.98403663437142,14.49616725096975],[-60.983711951254975,14.497401505888963]]],[[[-60.985679049320645,14.494142031409714],[-60.986283923218444,14.495534050285006],[-60.985601038740015,14.495366866829245],[-60.985679049320645,14.494142031409714]]]]}},{"type":"Feature","properties":{"feature_id":"EU_080000397230","layer_key":"eau_eu","layer_label":"Eau EU","economic_unit_id":"EU_080000397230","economic_state":"S2","economic_exposure_eur":6931027.0,"economic_damage_eur":1076927.0,"economic_damage_ratio_pct":15.538,"economic_asset_count":86,"criticality_territory":"martinique","criticality_family":"eu","criticality_scenario":"rp100","criticality_period_years":"100","criticality_hazard":"storm_cmcc"},"geometry":{"type":"MultiPolygon","coordinates":[[[[-60.93285391885254,14.724627067687939],[-60.933638962427764,14.724747829427516],[-60.93571903164661,14.723933278352726],[-60.93664261143288,14.724349878046189],[-60.93450528931125,14.72513861265766],[-60.945038667794755,14.729889662494706],[-60.94540578862791,14.72565714019871],[-60.94475377990199,14.725338803222522],[-60.94472904668238,14.723969394077221],[-60.943969473387405,14.723751742005044],[-60.94389061127222,14.72303403576479],[-60.943157556243264,14.722941404888905],[-60.94306238296127,14.722200702299526],[-60.94134224980774,14.722615479906587],[-60.94099734463414,14.721866184621927],[-60.94139571738484,14.721678283153814],[-60.941469478381904,14.720017144022206],[-60.942229053199746,14.719901518316298],[-60.94240081945191,14.719105527770909],[-60.943481653443634,14.719081802213447],[-60.94371227088598,14.719901518039514],[-60.94449084165341,14.720042072084158],[-60.944545605611054,14.720734851235349],[-60.94530518011238,14.720850476842207],[-60.94537894033615,14.721568184431248],[-60.94613851452078,14.72168381008716],[-60.94621227506125,14.722401517627219],[-60.947824178585876,14.72254207176453],[-60.947878947954905,14.726389245272694],[-60.94863852061205,14.726683809852652],[-60.948712282944456,14.727401517269342],[-60.94947185502066,14.727517143097774],[-60.94954561766982,14.728234850465588],[-60.95028377355582,14.728327480002013],[-60.950378952395226,14.729068183661886],[-60.95113852383794,14.729183809588145],[-60.95114172597925,14.730471001441371],[-60.95479345976205,14.73169606101677],[-60.95732049755593,14.731568182372994],[-60.957213520794056,14.73314191588226],[-60.956107652633854,14.734582943384579],[-60.95442421300074,14.735141104123482],[-60.952229028919255,14.734951497648563],[-60.95223059578375,14.733520110746685],[-60.95345072527345,14.733240926233943],[-60.953712293770124,14.734068183150365],[-60.95472902974716,14.734068182961686],[-60.9547290320627,14.732501491979791],[-60.95453383749124,14.732854040163199],[-60.95204562448047,14.732518119818849],[-60.9517525144691,14.733865846949037],[-60.94992963630788,14.733843295499469],[-60.94972903225613,14.733034036555427],[-60.94787895781142,14.733034036211206],[-60.94787895966579,14.734305391982105],[-60.94441838154158,14.733659210112572],[-60.943402269517,14.733234851386745],[-60.94389569976448,14.733234851625536],[-60.943906322576396,14.730972410282542],[-60.932797239576914,14.725961622304157],[-60.93240832529337,14.725067540981335],[-60.93285391885254,14.724627067687939]]],[[[-60.944873466641866,14.719647402793038],[-60.9447290542435,14.71886736937529],[-60.94406748542488,14.71883002518208],[-60.943895721763106,14.718390298167554],[-60.94639360995897,14.719700702995127],[-60.944873466641866,14.719647402793038]]],[[[-60.946420453116644,14.720338803410325],[-60.94639571934657,14.719702435350328],[-60.94711117314328,14.720534036453435],[-60.946420453116644,14.720338803410325]]]]}},{"type":"Feature","properties":{"feature_id":"EU_080000497209__P1","layer_key":"eau_eu","layer_label":"Eau EU","economic_unit_id":"EU_080000497209__P1","economic_state":"S2","economic_exposure_eur":17212787.0,"economic_damage_eur":2674483.0,"economic_damage_ratio_pct":15.538,"economic_asset_count":278,"criticality_territory":"martinique","criticality_family":"eu","criticality_scenario":"rp100","criticality_period_years":"100","criticality_hazard":"storm_cmcc"},"geometry":{"type":"Polygon","coordinates":[[[-61.0778788360033,14.634700729223734],[-61.077878837134,14.63547168125809],[-61.075745157232575,14.637858333920676],[-61.072629401086566,14.640611907117506],[-61.070880956323236,14.641389385848019],[-61.06659829577305,14.64116125509206],[-61.062145503287375,14.638394436181883],[-61.06087235736921,14.636551782096287],[-61.06043053663455,14.633825462336812],[-61.06217713587527,14.630562181552872],[-61.06213442224869,14.624946631530495],[-61.06361239353695,14.622157741114991],[-61.06561528466539,14.620924506247265],[-61.06824328140609,14.62086330235916],[-61.071455462075825,14.622960379613039],[-61.07789017985542,14.625973176904068],[-61.07912272179615,14.627729046697068],[-61.08003104803052,14.63106551377583],[-61.0796410300999,14.633420130960003],[-61.07807647328294,14.635309589316401],[-61.0778788360033,14.634700729223734]],[[-61.077229155956374,14.633034062492914],[-61.07704550006947,14.633034062460858],[-61.0770455003651,14.63323482542912],[-61.077229155956374,14.633034062492914]]]}},{"type":"Feature","properties":{"feature_id":"EU_080000497209__P2","layer_key":"eau_eu","layer_label":"Eau EU","economic_unit_id":"EU_080000497209__P2","economic_state":"S2","economic_exposure_eur":1692341.0,"economic_damage_eur":262952.0,"economic_damage_ratio_pct":15.538,"economic_asset_count":84,"criticality_territory":"martinique","criticality_family":"eu","criticality_scenario":"rp100","criticality_period_years":"100","criticality_hazard":"storm_cmcc"},"geometry":{"type":"Polygon","coordinates":[[[-61.064729155762365,14.634727570315532],[-61.06526008657787,14.634984781289749],[-61.06593915754644,14.635936159226148],[-61.06588593636812,14.636852578490497],[-61.06522838105124,14.637645593738354],[-61.06381089444767,14.638223581670958],[-61.06087543980739,14.638100255780326],[-61.06006142845818,14.639792170281444],[-61.058765137677966,14.64049817802928],[-61.057719940262174,14.640441930135411],[-61.05698567215797,14.639866252794668],[-61.0567039498897,14.63894163777286],[-61.05705332799468,14.637440927952623],[-61.05646186269059,14.635089764821656],[-61.05714331682159,14.633861685393056],[-61.058363708094134,14.633515193385868],[-61.0598671133002,14.633493371020142],[-61.06315615057645,14.635041259748041],[-61.06413784363884,14.634672991067875],[-61.064545500305464,14.634687778841263],[-61.06454550062104,14.634901494321252],[-61.064729155762365,14.634727570315532]]]}},{"type":"Feature","properties":{"feature_id":"EU_080000497209__P3","layer_key":"eau_eu","layer_label":"Eau EU","economic_unit_id":"EU_080000497209__P3","economic_state":"S0","economic_exposure_eur":1318712.0,"economic_damage_eur":32586.0,"economic_damage_ratio_pct":2.471,"economic_asset_count":20,"criticality_territory":"martinique","criticality_family":"eu","criticality_scenario":"rp100","criticality_period_years":"100","criticality_hazard":"storm_cmcc"},"geometry":{"type":"Polygon","coordinates":[[[-61.066811049317366,14.630158820456046],[-61.06585466464346,14.631198669448414],[-61.064915673685626,14.631279994947352],[-61.063419250148385,14.630631683660118],[-61.06261305236625,14.630563860928646],[-61.06177116408372,14.630138596894318],[-61.061277520202786,14.629479767798328],[-61.06120280532133,14.628326691856305],[-61.06157487255777,14.62709793624443],[-61.06270256282671,14.625784993535518],[-61.06379210325148,14.625399477891149],[-61.06464578697723,14.624682954150746],[-61.06563522013622,14.624638348120206],[-61.066434801536026,14.625124517896703],[-61.06679400603924,14.62580859721019],[-61.066994563162574,14.627439631520579],[-61.066811049317366,14.630158820456046]]]}},{"type":"Feature","properties":{"feature_id":"EU_080000497213__P1","layer_key":"eau_eu","layer_label":"Eau EU","economic_unit_id":"EU_080000497213__P1","economic_state":"S0","economic_exposure_eur":20941565.0,"economic_damage_eur":517534.0,"economic_damage_ratio_pct":2.471,"economic_asset_count":770,"criticality_territory":"martinique","criticality_family":"eu","criticality_scenario":"rp100","criticality_period_years":"100","criticality_hazard":"storm_cmcc"},"geometry":{"type":"MultiPolygon","coordinates":[[[[-61.00704545691386,14.612200717296474],[-61.00782405270766,14.612542064534273],[-61.00787879233498,14.613551110179417],[-61.00704545936454,14.61386738391414],[-61.00699072400293,14.616226821973854],[-61.00537879607128,14.61636738353888],[-61.00537879881809,14.618234837852727],[-61.00692671492921,14.618306627583951],[-61.006990728079806,14.619560155246681],[-61.00332396132496,14.61969463885188],[-61.002878799293306,14.618867383012288],[-61.00287880058313,14.619742783479579],[-61.004252149441065,14.620440287316763],[-61.00639585410013,14.62063152533268],[-61.00651460670162,14.619973294377335],[-61.00722918834622,14.619901504220165],[-61.007253914759175,14.618430077540923],[-61.00806252397318,14.618234837366966],[-61.008087250211084,14.616763410807026],[-61.00889585959989,14.616568170513851],[-61.008990992804875,14.615827470871881],[-61.01056252717618,14.615734836861412],[-61.01079304424504,14.614915121609092],[-61.012229194752635,14.614901503209232],[-61.01240088660461,14.613272181152986],[-61.014147924747284,14.61323483592485],[-61.01454546224649,14.614901502791371],[-61.015981612477184,14.614915120704982],[-61.01621213044049,14.61573483584223],[-61.017864811736416,14.615959300124153],[-61.0177071070276,14.617163373131817],[-61.01579304205835,14.61718709953077],[-61.015378797886605,14.616367385345594],[-61.01537879940763,14.617401502694829],[-61.01764828029395,14.617415120468612],[-61.01787880108578,14.618234835595793],[-61.01889585525618,14.618234835412784],[-61.01909636437795,14.617425576502828],[-61.02017829208382,14.617425576308356],[-61.02208145696211,14.620051836385478],[-61.022546085686024,14.626612503680677],[-61.02205187631612,14.62969066718036],[-61.019857042112875,14.63374234499765],[-61.01764426137879,14.635283281271509],[-61.01573597860462,14.635506902029581],[-61.013695521470225,14.63489089347709],[-61.00932452883987,14.631034977227971],[-61.00651568904191,14.629519109028552],[-61.00552582508135,14.627990176802289],[-61.0051973100482,14.626099384651278],[-61.00472917971908,14.626053858486891],[-61.0047291851389,14.622404059169568],[-61.00287880364625,14.621854810313296],[-61.002878809518066,14.625821222854487],[-61.000576171631494,14.624795330418593],[-60.99889584957154,14.624675626086235],[-60.99893420463478,14.623402020640407],[-60.999729184868094,14.62323483898467],[-60.99972918761597,14.621367382367167],[-60.99871213554456,14.621367382182388],[-60.998599508842645,14.624623521874465],[-60.99414575604684,14.622341267105902],[-60.992517859942005,14.620219101214337],[-60.99228698217538,14.618013371807479],[-60.99320865896658,14.615887704400953],[-60.99588692611179,14.613376718368649],[-61.001372477768015,14.60955529543959],[-61.0034910076203,14.609038425398955],[-61.00624833820419,14.609527582107033],[-61.008095968377766,14.610661605159956],[-61.00870588261094,14.611946145359859],[-61.00704545691386,14.612200717296474]],[[-61.01371212969244,14.615534051736287],[-61.013712129987724,14.615734836292866],[-61.01389585987824,14.615734836259733],[-61.01371212969244,14.615534051736287]],[[-61.021212137177784,14.619700719630547],[-61.02121213747316,14.619901501698804],[-61.021395852332795,14.619901501665796],[-61.021212137177784,14.619700719630547]]],[[[-61.0189020980998,14.616946145541252],[-61.01889585824784,14.616186852919784],[-61.02012496591801,14.617192787150616],[-61.0189020980998,14.616946145541252]]]]}},{"type":"Feature","properties":{"feature_id":"EU_080000497213__P2","layer_key":"eau_eu","layer_label":"Eau EU","economic_unit_id":"EU_080000497213__P2","economic_state":"S0","economic_exposure_eur":5501168.0,"economic_damage_eur":135970.0,"economic_damage_ratio_pct":2.472,"economic_asset_count":213,"criticality_territory":"martinique","criticality_family":"eu","criticality_scenario":"rp100","criticality_period_years":"100","criticality_hazard":"storm_cmcc"},"geometry":{"type":"Polygon","coordinates":[[[-61.020262756569636,14.618312418356355],[-61.024059195578275,14.621076146235195],[-61.02588693557012,14.625262486350524],[-61.02779188836308,14.628282526649965],[-61.0277535519447,14.629944994604477],[-61.02657935957957,14.63151910700741],[-61.02589003904088,14.634242413209918],[-61.0258440331939,14.637687274543378],[-61.02503356078498,14.638902346994062],[-61.02373048896598,14.63960195484265],[-61.02180799625628,14.639639741821671],[-61.02007594047143,14.63877193256637],[-61.01899618342386,14.637256164314858],[-61.018431239562126,14.63543417306689],[-61.01885103534741,14.633103358791299],[-61.01647878694172,14.63292356995342],[-61.01494633310399,14.631111662073732],[-61.01487441376139,14.629733538935932],[-61.01563401005484,14.626895763399867],[-61.015216936957486,14.620312344870554],[-61.016300992079884,14.618603264117384],[-61.0175829155147,14.61801504560176],[-61.020262756569636,14.618312418356355]],[[-61.02139585262818,14.619700719663557],[-61.021212137177784,14.619700719630547],[-61.02121213747316,14.619901501698804],[-61.02139585262818,14.619700719663557]]]}},{"type":"Feature","properties":{"feature_id":"EU_080000497213__P3","layer_key":"eau_eu","layer_label":"Eau EU","economic_unit_id":"EU_080000497213__P3","economic_state":"S0","economic_exposure_eur":520742.0,"economic_damage_eur":12871.0,"economic_damage_ratio_pct":2.472,"economic_asset_count":13,"criticality_territory":"martinique","criticality_family":"eu","criticality_scenario":"rp100","criticality_period_years":"100","criticality_hazard":"storm_cmcc"},"geometry":{"type":"Polygon","coordinates":[[[-60.98639584579312,14.628867379716988],[-60.98563624228185,14.628751748804119],[-60.985562513846425,14.62803404625575],[-60.985217399428855,14.628034046072951],[-60.98530567981739,14.627628884853792],[-60.98591740976385,14.62669677019591],[-60.98632924204569,14.625226907493774],[-60.987027905779556,14.624777208117312],[-60.98792161847666,14.624738773129582],[-60.988658279452515,14.62512674553229],[-60.989114391057726,14.625876084781105],[-60.98919008357795,14.627869291566638],[-60.988644085495665,14.628779912983934],[-60.98942060816936,14.629526098044936],[-60.989535970565015,14.630585362700348],[-60.98905740210991,14.631376126743165],[-60.988208282012934,14.631774740291132],[-60.98718578403701,14.631617206444547],[-60.98639584252811,14.63105111010994],[-60.98639584579312,14.628867379716988]],[[-60.98704547316819,14.625734841349246],[-60.98806251675144,14.625734841163407],[-60.98806251704698,14.625534046786203],[-60.98704547287265,14.625534046600377],[-60.98704547316819,14.625734841349246]]]}},{"type":"Feature","properties":{"feature_id":"EU_080000497213__P4","layer_key":"eau_eu","layer_label":"Eau EU","economic_unit_id":"EU_080000497213__P4","economic_state":"S2","economic_exposure_eur":2517224.0,"economic_damage_eur":391120.0,"economic_damage_ratio_pct":15.538,"economic_asset_count":92,"criticality_territory":"martinique","criticality_family":"eu","criticality_scenario":"rp100","criticality_period_years":"100","criticality_hazard":"storm_cmcc"},"geometry":{"type":"Polygon","coordinates":[[[-61.006395832159185,14.63553404982584],[-61.00565763908765,14.635441414941859],[-61.00556250021155,14.634700716366169],[-61.00510371456599,14.63552994379651],[-61.0030625013228,14.634254131073119],[-61.00306407260342,14.62935344332217],[-61.0047291753306,14.629068171536208],[-61.00472917874629,14.626735243469911],[-61.006406612286554,14.626489699377188],[-61.0085438430851,14.62702890296532],[-61.010378525958664,14.628407015813453],[-61.01095298933177,14.630146335141571],[-61.011220247994196,14.633929232758012],[-61.010560162274224,14.635536366031356],[-61.00916347249742,14.63649334730577],[-61.00760905867823,14.636604404670944],[-61.00568125868388,14.635806628075077],[-61.006395832159185,14.63553404982584]]]}},{"type":"Feature","properties":{"feature_id":"EU_080000497213__P5","layer_key":"eau_eu","layer_label":"Eau EU","economic_unit_id":"EU_080000497213__P5","economic_state":"S0","economic_exposure_eur":154673.0,"economic_damage_eur":3822.0,"economic_damage_ratio_pct":2.471,"economic_asset_count":5,"criticality_territory":"martinique","criticality_family":"eu","criticality_scenario":"rp100","criticality_period_years":"100","criticality_hazard":"storm_cmcc"},"geometry":{"type":"Polygon","coordinates":[[[-61.01357578024639,14.620445354837903],[-61.01286144400277,14.6203443160727],[-61.01280843261554,14.619835909405346],[-61.013807512125446,14.618402256942781],[-61.01451309356943,14.61855053908398],[-61.01441814686175,14.61925772903422],[-61.01357578024639,14.620445354837903]]]}},{"type":"Feature","properties":{"feature_id":"EU_080000497218","layer_key":"eau_eu","layer_label":"Eau EU","economic_unit_id":"EU_080000497218","economic_state":"S2","economic_exposure_eur":186278.0,"economic_damage_eur":28943.0,"economic_damage_ratio_pct":15.538,"economic_asset_count":14,"criticality_territory":"martinique","criticality_family":"eu","criticality_scenario":"rp100","criticality_period_years":"100","criticality_hazard":"storm_cmcc"},"geometry":{"type":"Polygon","coordinates":[[[-61.14568915556838,14.756559050896001],[-61.145120025371725,14.756461379005732],[-61.14454732862579,14.755848843299496],[-61.14459171285145,14.755382238720104],[-61.14546708140571,14.755121652942025],[-61.146146821595075,14.75572285303071],[-61.14608079972327,14.756299300017412],[-61.14568915556838,14.756559050896001]]]}},{"type":"Feature","properties":{"feature_id":"EU_080000497222__P1","layer_key":"eau_eu","layer_label":"Eau EU","economic_unit_id":"EU_080000497222__P1","economic_state":"S0","economic_exposure_eur":2290797.0,"economic_damage_eur":56805.0,"economic_damage_ratio_pct":2.48,"economic_asset_count":81,"criticality_territory":"martinique","criticality_family":"eu","criticality_scenario":"rp100","criticality_period_years":"100","criticality_hazard":"storm_cmcc"},"geometry":{"type":"Polygon","coordinates":[[[-60.97955127416757,14.695773742682443],[-60.977979138044695,14.696414554539471],[-60.97583276335983,14.695478532637361],[-60.97508733939672,14.694644185223854],[-60.974879944237394,14.69390292071786],[-60.975602387074765,14.69209352326128],[-60.97778345958296,14.69097107143438],[-60.978864442881616,14.691048452755838],[-60.98039069065021,14.691863228981582],[-60.98081669212785,14.692733924684928],[-60.980613567474165,14.69378008962187],[-60.97955127416757,14.695773742682443]]]}},{"type":"Feature","properties":{"feature_id":"EU_080000497222__P2","layer_key":"eau_eu","layer_label":"Eau EU","economic_unit_id":"EU_080000497222__P2","economic_state":"S2","economic_exposure_eur":4206008.0,"economic_damage_eur":653520.0,"economic_damage_ratio_pct":15.538,"economic_asset_count":82,"criticality_territory":"martinique","criticality_family":"eu","criticality_scenario":"rp100","criticality_period_years":"100","criticality_hazard":"storm_cmcc"},"geometry":{"type":"MultiPolygon","coordinates":[[[[-60.98286050681077,14.687830151654744],[-60.98441168528904,14.68624008569648],[-60.985841226442176,14.685451818033558],[-60.98626166469082,14.684507701144389],[-60.987351034559914,14.684196675547197],[-60.98777181656674,14.683388530446452],[-60.98906750734637,14.682438852830332],[-60.99048357974923,14.682092139240916],[-60.99200719441256,14.68256868827908],[-60.99197181130234,14.683751748496205],[-60.99121222635059,14.683867378977174],[-60.99106783288163,14.684647410790234],[-60.990378894096516,14.684700712133992],[-60.990305147258255,14.686251748252966],[-60.98954556307459,14.68636737859951],[-60.98934499687341,14.687176636843141],[-60.98787889733435,14.687200711604072],[-60.98861706910447,14.687494141103214],[-60.988963339218415,14.68823484230511],[-60.98684547262973,14.689255564767427],[-60.985979674961925,14.691367377592236],[-60.98537890180486,14.690534044382359],[-60.98528373971995,14.691274744478426],[-60.98454556955097,14.69136737753875],[-60.98530515243019,14.691683805137163],[-60.98542612441806,14.692401509758053],[-60.983996661824385,14.694027975973295],[-60.98274585967402,14.694484241917317],[-60.98047670616583,14.694555191116823],[-60.97789803818857,14.694153394243008],[-60.976625317943984,14.695449567733691],[-60.97520285236975,14.695875973632978],[-60.97389574961405,14.695662725273145],[-60.97389575103464,14.694700708820976],[-60.97354060113545,14.695496633119959],[-60.972730474834734,14.694857393818367],[-60.97127090517961,14.691245855681503],[-60.97127872479885,14.690734845653765],[-60.972229090556496,14.690734845462066],[-60.972390620516244,14.6887233021082],[-60.97373812369701,14.688108127138877],[-60.97548403987052,14.688272043614457],[-60.97732453732371,14.687729226210621],[-60.97890905592109,14.68810797285685],[-60.98037889677233,14.687777684405537],[-60.98034053403256,14.688700196715267],[-60.979545564932764,14.688867376696862],[-60.97954556560798,14.689352455993701],[-60.980562425020636,14.68888549626972],[-60.98056399000202,14.688520110301594],[-60.98286050681077,14.687830151654744]],[[-60.98556242378926,14.689068176314137],[-60.98556242497227,14.688266714077404],[-60.98497568680063,14.68906817619267],[-60.98556242378926,14.689068176314137]],[[-60.98619582130416,14.68740150948876],[-60.98639575942754,14.687401509459297],[-60.98639575982537,14.687128396158709],[-60.98619582130416,14.68740150948876]]],[[[-60.98780514309637,14.682918414697587],[-60.98651454970152,14.68296225466396],[-60.986469515464414,14.681683804948621],[-60.98764830625412,14.681581793647332],[-60.98780514309637,14.682918414697587]]],[[[-60.992490610933295,14.684074251495852],[-60.9934844847391,14.684082783169613],[-60.99222909440047,14.685537497943628],[-60.992490610933295,14.684074251495852]]]]}},{"type":"Feature","properties":{"feature_id":"EU_080000497224","layer_key":"eau_eu","layer_label":"Eau EU","economic_unit_id":"EU_080000497224","economic_state":"S2","economic_exposure_eur":605055.0,"economic_damage_eur":94012.0,"economic_damage_ratio_pct":15.538,"economic_asset_count":22,"criticality_territory":"martinique","criticality_family":"eu","criticality_scenario":"rp100","criticality_period_years":"100","criticality_hazard":"storm_cmcc"},"geometry":{"type":"Polygon","coordinates":[[[-61.018062439775974,14.674068170097442],[-61.01806244007258,14.67386738413441],[-61.01750121904154,14.67386738376631],[-61.01751417101807,14.673650118651631],[-61.01829684736758,14.672230723891056],[-61.01944449102189,14.671550653866573],[-61.022072721793165,14.67159791800384],[-61.02299959918613,14.672370046840346],[-61.0233495476304,14.673110987146242],[-61.022976870129796,14.674413294648149],[-61.02141544145818,14.675341303815882],[-61.01879371669682,14.675436896143173],[-61.01793564489502,14.67492998926587],[-61.01752215080896,14.674069692727175],[-61.018062439775974,14.674068170097442]]]}},{"type":"Feature","properties":{"feature_id":"EU_080000597209__P1","layer_key":"eau_eu","layer_label":"Eau EU","economic_unit_id":"EU_080000597209__P1","economic_state":"S0","economic_exposure_eur":17368750.0,"economic_damage_eur":428940.0,"economic_damage_ratio_pct":2.47,"economic_asset_count":401,"criticality_territory":"martinique","criticality_family":"eu","criticality_scenario":"rp100","criticality_period_years":"100","criticality_hazard":"storm_cmcc"},"geometry":{"type":"Polygon","coordinates":[[[-61.06258324193621,14.615945087831202],[-61.06182052094707,14.617563008535173],[-61.059895881426975,14.619448142949425],[-61.05775968792312,14.620349903349464],[-61.05416190581726,14.627479836007229],[-61.052779347593216,14.629029305641552],[-61.05116274315212,14.629860891022044],[-61.04888781455244,14.629958947983347],[-61.046562807453334,14.628764425669127],[-61.04426526852916,14.626010079279075],[-61.04269977158345,14.622687940335192],[-61.0405892869363,14.620042049869168],[-61.04074276641538,14.61705946949415],[-61.04301305616157,14.614584499814757],[-61.04332785552115,14.612618774221545],[-61.04431829046359,14.611122434957196],[-61.04625168225887,14.609951275428731],[-61.050609032303846,14.609095795786015],[-61.05176022986849,14.607697429539275],[-61.05336375983952,14.606842456567694],[-61.05779036950333,14.606616671084069],[-61.06051843333212,14.607656697263215],[-61.06269751280697,14.61110370900378],[-61.06258324193621,14.615945087831202]],[[-61.04645058138223,14.625875394237875],[-61.047229172243505,14.625734830513641],[-61.04722917376544,14.624700724127221],[-61.04537881553683,14.624700723798972],[-61.04620590825674,14.625156073435512],[-61.04621215422044,14.62823483074785],[-61.04645058138223,14.625875394237875]]]}},{"type":"Feature","properties":{"feature_id":"EU_080000597209__P2","layer_key":"eau_eu","layer_label":"Eau EU","economic_unit_id":"EU_080000597209__P2","economic_state":"S2","economic_exposure_eur":3161653.0,"economic_damage_eur":491250.0,"economic_damage_ratio_pct":15.538,"economic_asset_count":24,"criticality_territory":"martinique","criticality_family":"eu","criticality_scenario":"rp100","criticality_period_years":"100","criticality_hazard":"storm_cmcc"},"geometry":{"type":"Polygon","coordinates":[[[-61.0678310328546,14.627782842918812],[-61.066803806840284,14.628831082053027],[-61.06390841501663,14.62993301677752],[-61.062420548627586,14.629953886284857],[-61.06064525200463,14.628805125896982],[-61.0597996520159,14.62623369113273],[-61.05836576272405,14.624296485623795],[-61.05806293881421,14.621062002345877],[-61.05883335164331,14.619159298437665],[-61.060022546049474,14.617895862286032],[-61.05991661823067,14.616482557430784],[-61.060556382301314,14.614553323269458],[-61.06316708387714,14.611678922759198],[-61.06447156964938,14.610982049925752],[-61.066793191031465,14.611292238190005],[-61.06820960264545,14.613110134370336],[-61.0680298153379,14.615111330120623],[-61.066243636739244,14.617168051286786],[-61.06681262784248,14.619392205420056],[-61.066112886021656,14.62131271783819],[-61.067416880645574,14.622080677382192],[-61.06830443920748,14.623460791091166],[-61.06857876645506,14.624785895509266],[-61.0678310328546,14.627782842918812]]]}},{"type":"Feature","properties":{"feature_id":"EU_080000597209__P3","layer_key":"eau_eu","layer_label":"Eau EU","economic_unit_id":"EU_080000597209__P3","economic_state":"S0","economic_exposure_eur":20873.0,"economic_damage_eur":516.0,"economic_damage_ratio_pct":2.47,"economic_asset_count":1,"criticality_territory":"martinique","criticality_family":"eu","criticality_scenario":"rp100","criticality_period_years":"100","criticality_hazard":"storm_cmcc"},"geometry":{"type":"Polygon","coordinates":[[[-61.063308833793855,14.628642382807202],[-61.06298314614271,14.62898735610204],[-61.062549071267,14.628942721016227],[-61.062197902560776,14.628535418266752],[-61.06251113433192,14.627902149006932],[-61.06319518987969,14.62818705201158],[-61.063308833793855,14.628642382807202]]]}},{"type":"Feature","properties":{"feature_id":"EU_080000597209__P4","layer_key":"eau_eu","layer_label":"Eau EU","economic_unit_id":"EU_080000597209__P4","economic_state":"S0","economic_exposure_eur":277538.0,"economic_damage_eur":6855.0,"economic_damage_ratio_pct":2.47,"economic_asset_count":4,"criticality_territory":"martinique","criticality_family":"eu","criticality_scenario":"rp100","criticality_period_years":"100","criticality_hazard":"storm_cmcc"},"geometry":{"type":"Polygon","coordinates":[[[-61.05708107724785,14.617668172530236],[-61.05682346520836,14.618113404026362],[-61.05552476333623,14.618049222150374],[-61.054875295082255,14.616439983419518],[-61.05534786137004,14.616134635807855],[-61.056717856718436,14.616404414256282],[-61.05702914374536,14.616815847447185],[-61.05683363336359,14.617255319007022],[-61.05708107724785,14.617668172530236]]]}},{"type":"Feature","properties":{"feature_id":"EU_080000597209__P5","layer_key":"eau_eu","layer_label":"Eau EU","economic_unit_id":"EU_080000597209__P5","economic_state":"S0","economic_exposure_eur":949527.0,"economic_damage_eur":23449.0,"economic_damage_ratio_pct":2.47,"economic_asset_count":5,"criticality_territory":"martinique","criticality_family":"eu","criticality_scenario":"rp100","criticality_period_years":"100","criticality_hazard":"storm_cmcc"},"geometry":{"type":"Polygon","coordinates":[[[-61.06565694759312,14.61234200721851],[-61.06543385304224,14.613609935264495],[-61.0644780717094,14.614822813550042],[-61.062423190351346,14.615500917402763],[-61.06114265703706,14.614978499921598],[-61.06073219425384,14.613788883168155],[-61.06141261461646,14.612630907392376],[-61.060375909814994,14.610596292012584],[-61.06026535508267,14.608967235528825],[-61.061242765449585,14.607009920118296],[-61.062419248389496,14.606620405553207],[-61.06353399408498,14.607155063805717],[-61.06393648536906,14.608251989477683],[-61.06353287696034,14.609331576910387],[-61.06533826181264,14.611478172093477],[-61.06565694759312,14.61234200721851]]]}},{"type":"Feature","properties":{"feature_id":"EU_080000597209__P6","layer_key":"eau_eu","layer_label":"Eau EU","economic_unit_id":"EU_080000597209__P6","economic_state":"S0","economic_exposure_eur":74533.0,"economic_damage_eur":1841.0,"economic_damage_ratio_pct":2.47,"economic_asset_count":1,"criticality_territory":"martinique","criticality_family":"eu","criticality_scenario":"rp100","criticality_period_years":"100","criticality_hazard":"storm_cmcc"},"geometry":{"type":"Polygon","coordinates":[[[-61.058625551657606,14.611208459428111],[-61.058226937018155,14.610761282524551],[-61.059054865244754,14.60972916406094],[-61.05960289111109,14.610186618244734],[-61.05915404668904,14.611008111090475],[-61.058625551657606,14.611208459428111]]]}},{"type":"Feature","properties":{"feature_id":"EU_080000597213","layer_key":"eau_eu","layer_label":"Eau EU","economic_unit_id":"EU_080000597213","economic_state":"S2","economic_exposure_eur":273075.0,"economic_damage_eur":42430.0,"economic_damage_ratio_pct":15.538,"economic_asset_count":7,"criticality_territory":"martinique","criticality_family":"eu","criticality_scenario":"rp100","criticality_period_years":"100","criticality_hazard":"storm_cmcc"},"geometry":{"type":"Polygon","coordinates":[[[-60.97745303623994,14.656610139797706],[-60.97685121751352,14.656290311752347],[-60.97658407625192,14.653624018014273],[-60.97694019013759,14.653144023284883],[-60.97769170138195,14.65352332957647],[-60.977843426495966,14.656106977850504],[-60.97745303623994,14.656610139797706]]]}},{"type":"Feature","properties":{"feature_id":"EU_080000597218__P1","layer_key":"eau_eu","layer_label":"Eau EU","economic_unit_id":"EU_080000597218__P1","economic_state":"S0","economic_exposure_eur":27567.0,"economic_damage_eur":685.0,"economic_damage_ratio_pct":2.486,"economic_asset_count":1,"criticality_territory":"martinique","criticality_family":"eu","criticality_scenario":"rp100","criticality_period_years":"100","criticality_hazard":"storm_cmcc"},"geometry":{"type":"Polygon","coordinates":[[[-61.139166665642996,14.786886309608143],[-61.13961419363969,14.787059460561224],[-61.13972634688189,14.787470228945846],[-61.1394547672142,14.788001743637722],[-61.138734876995315,14.787942797868974],[-61.13874927554185,14.787196545573686],[-61.139166665642996,14.786886309608143]]]}},{"type":"Feature","properties":{"feature_id":"EU_080000597218__P2","layer_key":"eau_eu","layer_label":"Eau EU","economic_unit_id":"EU_080000597218__P2","economic_state":"S0","economic_exposure_eur":2482149.0,"economic_damage_eur":61711.0,"economic_damage_ratio_pct":2.486,"economic_asset_count":43,"criticality_territory":"martinique","criticality_family":"eu","criticality_scenario":"rp100","criticality_period_years":"100","criticality_hazard":"storm_cmcc"},"geometry":{"type":"Polygon","coordinates":[[[-61.140379077931385,14.790734817990165],[-61.14109355836769,14.790806612191895],[-61.1412124126093,14.791541550398144],[-61.1419268925771,14.791639945430045],[-61.143345603038675,14.79313324249985],[-61.14312033967714,14.794557627203169],[-61.1452017422011,14.796867687614226],[-61.145419886817756,14.797946791259452],[-61.14633391336452,14.79909292934759],[-61.146184483898814,14.800743393905124],[-61.14513385993734,14.800765951070403],[-61.14387934250805,14.797553592862812],[-61.141820797717884,14.795327654171121],[-61.14160010053402,14.793552123096633],[-61.139900749165676,14.792996720539147],[-61.13914636921132,14.792200734819858],[-61.13871241316711,14.792200734982798],[-61.13851173337776,14.793009991437701],[-61.13737338579155,14.792980762700218],[-61.13722890932788,14.792200734732363],[-61.13654005323193,14.79214742927115],[-61.13639557738451,14.791367401283171],[-61.1356006297137,14.791200207861543],[-61.135562246682916,14.789700734525507],[-61.13517839841033,14.790509990987408],[-61.1339203246089,14.790338815198556],[-61.13392032735214,14.788430070037688],[-61.13472891568197,14.788234818889375],[-61.13472892037507,14.785072523346075],[-61.13650810636422,14.784596169628449],[-61.13870716117922,14.784742736000918],[-61.14019767898828,14.78555651689085],[-61.14078006300056,14.786367401983135],[-61.140379071424086,14.786367402104982],[-61.140379077931385,14.790734817990165]]]}},{"type":"Feature","properties":{"feature_id":"EU_080000597218__P3","layer_key":"eau_eu","layer_label":"Eau EU","economic_unit_id":"EU_080000597218__P3","economic_state":"S2","economic_exposure_eur":10658.0,"economic_damage_eur":1656.0,"economic_damage_ratio_pct":15.538,"economic_asset_count":1,"criticality_territory":"martinique","criticality_family":"eu","criticality_scenario":"rp100","criticality_period_years":"100","criticality_hazard":"storm_cmcc"},"geometry":{"type":"Polygon","coordinates":[[[-61.136941847672816,14.788793389377782],[-61.13731431815254,14.789015433445385],[-61.13710818103932,14.789786587166818],[-61.13640103034343,14.789642742870356],[-61.13652914305321,14.78893266480569],[-61.136941847672816,14.788793389377782]]]}},{"type":"Feature","properties":{"feature_id":"EU_080000597219","layer_key":"eau_eu","layer_label":"Eau EU","economic_unit_id":"EU_080000597219","economic_state":"S2","economic_exposure_eur":412901.0,"economic_damage_eur":64156.0,"economic_damage_ratio_pct":15.538,"economic_asset_count":25,"criticality_territory":"martinique","criticality_family":"eu","criticality_scenario":"rp100","criticality_period_years":"100","criticality_hazard":"storm_cmcc"},"geometry":{"type":"Polygon","coordinates":[[[-61.224760481617466,14.800532582717253],[-61.22442993948111,14.801392356219246],[-61.223738220731825,14.801920033890847],[-61.22266756123192,14.802191322378826],[-61.22090701759541,14.801831659426822],[-61.22013457660237,14.800761383236011],[-61.220206814206676,14.799901471556264],[-61.220562216706014,14.79990147163185],[-61.220562217767586,14.799183004819996],[-61.221717464431215,14.798368113359329],[-61.22367983353006,14.798668131638456],[-61.22371243746922,14.799068137772382],[-61.22416073816342,14.799068137442143],[-61.224760481617466,14.800532582717253]]]}},{"type":"Feature","properties":{"feature_id":"EU_080000597222__P1","layer_key":"eau_eu","layer_label":"Eau EU","economic_unit_id":"EU_080000597222__P1","economic_state":"S2","economic_exposure_eur":1825809.0,"economic_damage_eur":283690.0,"economic_damage_ratio_pct":15.538,"economic_asset_count":71,"criticality_territory":"martinique","criticality_family":"eu","criticality_scenario":"rp100","criticality_period_years":"100","criticality_hazard":"storm_cmcc"},"geometry":{"type":"Polygon","coordinates":[[[-60.91582395510711,14.657407598233112],[-60.91863843717043,14.657517145916735],[-60.91934847932685,14.659675012693057],[-60.91871217712359,14.659700699564707],[-60.91859341200508,14.661295578797914],[-60.915600088715244,14.661198652495305],[-60.91556248082992,14.659700698969239],[-60.915036704194506,14.66053403185341],[-60.91412386398031,14.659082677283955],[-60.9147291485953,14.659068188848506],[-60.91478389602945,14.658375407979278],[-60.9155624833764,14.65797146823933],[-60.91582395510711,14.657407598233112]]]}},{"type":"Feature","properties":{"feature_id":"EU_080000597222__P2","layer_key":"eau_eu","layer_label":"Eau EU","economic_unit_id":"EU_080000597222__P2","economic_state":"S2","economic_exposure_eur":29944284.0,"economic_damage_eur":4652673.0,"economic_damage_ratio_pct":15.538,"economic_asset_count":821,"criticality_territory":"martinique","criticality_family":"eu","criticality_scenario":"rp100","criticality_period_years":"100","criticality_hazard":"storm_cmcc"},"geometry":{"type":"MultiPolygon","coordinates":[[[[-60.95954556492494,14.691367372938192],[-60.95945040390804,14.69210807443276],[-60.95871223266912,14.692200706092665],[-60.958673870357686,14.693700194753708],[-60.957878901646204,14.69386737255587],[-60.95684499937006,14.69550996442429],[-60.95406750077444,14.695496694107769],[-60.9538859407267,14.69386737181892],[-60.95351166533494,14.6946766305425],[-60.95204556845715,14.6947007047822],[-60.95196263480132,14.697094942378797],[-60.94877666293212,14.695700356658032],[-60.94705864077406,14.693714925433047],[-60.946310986090346,14.692401516982134],[-60.94639576377079,14.689700703877955],[-60.94589361459392,14.691367069460325],[-60.944336192601384,14.688234850398773],[-60.94523449727467,14.688288149179701],[-60.945562431535876,14.689068183698721],[-60.945636180659065,14.688350476478211],[-60.9463957662357,14.688034037260318],[-60.94565759254332,14.68794140598956],[-60.94556243429764,14.687200703796163],[-60.94301442313683,14.68745250443281],[-60.94261348870171,14.690534036224308],[-60.940762994919474,14.690509961781213],[-60.94037889220698,14.68970070275506],[-60.940148308595035,14.690520417506773],[-60.93787889296931,14.690534035596363],[-60.93785416359268,14.69200546996572],[-60.93704556194448,14.692200702058054],[-60.93689672916131,14.693147128900643],[-60.933895760026616,14.693889080619874],[-60.93472909445994,14.693034034933014],[-60.93393412519318,14.692866859163694],[-60.93389576375598,14.691367368159147],[-60.93204555976907,14.691367367812111],[-60.93195040029337,14.692108070808287],[-60.93121222751114,14.692200700964538],[-60.93203157145366,14.692625971626066],[-60.932020832662154,14.694505469513183],[-60.93037889806257,14.694934463266257],[-60.92816516887236,14.694319545386762],[-60.92639576348683,14.692538113994228],[-60.92656750681419,14.691605529881183],[-60.92806243127408,14.691568187028683],[-60.928087164601195,14.690096750207633],[-60.92889576720547,14.689700700602913],[-60.927878889849794,14.689700700411757],[-60.92764830794587,14.690520415264158],[-60.926212224100325,14.690534033407097],[-60.92592003141763,14.691365719667358],[-60.9257132603116,14.689777919183705],[-60.92606210755439,14.688234853892167],[-60.92722910303535,14.688234853780623],[-60.927324262668364,14.68749414919052],[-60.928062437436736,14.687401520272717],[-60.92808301306603,14.685941393434259],[-60.92889577307031,14.685734853413688],[-60.92889577567305,14.683976610626967],[-60.93176214182541,14.680276771165577],[-60.93204554527906,14.681568186066192],[-60.932783722388926,14.681660814993863],[-60.93287888000151,14.682401519261024],[-60.93491711417393,14.682401518728263],[-60.93726747915847,14.676735359761464],[-60.938062451483475,14.676568184831492],[-60.93810081451892,14.675068693008008],[-60.939729121516805,14.67406818446617],[-60.93978880780154,14.673368928798855],[-60.94286661759096,14.675096478101532],[-60.945042922943856,14.674962513107666],[-60.94727315526675,14.67584880824026],[-60.9493149681062,14.674915133607994],[-60.949545541179106,14.676568182688644],[-60.95104047530315,14.676605525544437],[-60.95121220938891,14.677401515729828],[-60.95359343077383,14.677473302734432],[-60.95369822582645,14.681142915743308],[-60.95287888222818,14.681367371996044],[-60.95278372678426,14.682941407093708],[-60.95182015349213,14.683034038218228],[-60.95291322694146,14.687401515639367],[-60.954344993789846,14.687425588785842],[-60.954729097646535,14.688234848642372],[-60.95558114979277,14.686779777200604],[-60.95711878999508,14.687401263415127],[-60.96052967980604,14.689416226347143],[-60.96164454200379,14.691367373094659],[-60.95954556492494,14.691367372938192]]],[[[-60.95311719237058,14.683375404237134],[-60.95389577186843,14.683234848689713],[-60.95409633262926,14.682425588746213],[-60.95556243944253,14.682401515029149],[-60.95473534950063,14.681946142667366],[-60.954767472875524,14.67923535824322],[-60.956645188103515,14.67906818119067],[-60.955225409326026,14.683923175688943],[-60.95408762703755,14.685534038609319],[-60.95338732787521,14.685534038278403],[-60.95311719237058,14.683375404237134]]],[[[-60.95557643662474,14.676976249101832],[-60.9555624484579,14.67629732134492],[-60.956165278147544,14.677200706038692],[-60.95557643662474,14.676976249101832]]]]}},{"type":"Feature","properties":{"feature_id":"EU_080000597222__P3","layer_key":"eau_eu","layer_label":"Eau EU","economic_unit_id":"EU_080000597222__P3","economic_state":"S2","economic_exposure_eur":7510330.0,"economic_damage_eur":1166938.0,"economic_damage_ratio_pct":15.538,"economic_asset_count":164,"criticality_territory":"martinique","criticality_family":"eu","criticality_scenario":"rp100","criticality_period_years":"100","criticality_hazard":"storm_cmcc"},"geometry":{"type":"Polygon","coordinates":[[[-60.93121220932496,14.679901519520236],[-60.932007181338406,14.680068693488803],[-60.93204554527906,14.681568186066192],[-60.932783722388926,14.681660814993863],[-60.93287888000151,14.682401519261024],[-60.93435088536105,14.682401518826268],[-60.93426157867486,14.684014762985203],[-60.93321403705929,14.687718252502076],[-60.93161652552885,14.689359722268806],[-60.92966567605669,14.689764914081264],[-60.92821731115426,14.689203701101045],[-60.92722910339249,14.687991140165789],[-60.92737349568695,14.687454818646616],[-60.928062437436736,14.687401520272717],[-60.928117193387315,14.685875406858576],[-60.92889577307031,14.685734853413688],[-60.92889577706338,14.683034034132135],[-60.92818122364683,14.68296224630457],[-60.92806244512621,14.682200700666625],[-60.92726747381603,14.682033525413395],[-60.92722911318902,14.681367367201046],[-60.926490935530175,14.681274736930845],[-60.92639578125183,14.680534033735402],[-60.925054947770754,14.680534033128641],[-60.925070201159166,14.680064208371551],[-60.925373668015155,14.679068187264658],[-60.928062449756204,14.67906818676087],[-60.92832394858416,14.678240929689071],[-60.93014830187675,14.678248470438403],[-60.93037887457274,14.679047167315236],[-60.93088732796512,14.679068185874014],[-60.93121220932496,14.679901519520236]]]}},{"type":"Feature","properties":{"feature_id":"EU_080000597224","layer_key":"eau_eu","layer_label":"Eau EU","economic_unit_id":"EU_080000597224","economic_state":"S2","economic_exposure_eur":704530.0,"economic_damage_eur":109468.0,"economic_damage_ratio_pct":15.538,"economic_asset_count":25,"criticality_territory":"martinique","criticality_family":"eu","criticality_scenario":"rp100","criticality_period_years":"100","criticality_hazard":"storm_cmcc"},"geometry":{"type":"Polygon","coordinates":[[[-61.021395769083774,14.676367384659693],[-61.02037888723845,14.676367384477041],[-61.020378887535124,14.676568169734926],[-61.02109343775954,14.676639959857951],[-61.02121222172179,14.677054216177472],[-61.0200524913415,14.676738030095413],[-61.0191920276677,14.675318645635809],[-61.01969206869424,14.673024120343005],[-61.0202297773406,14.672461753937052],[-61.020976309008354,14.6722125431533],[-61.0235036879693,14.672810573481879],[-61.024085514330615,14.673329661332298],[-61.02434728098503,14.674054455354524],[-61.024286552822794,14.674940536999266],[-61.02355511978611,14.676454877956303],[-61.02271605024817,14.67693407309459],[-61.021420499048624,14.677005475926913],[-61.021395769083774,14.676367384659693]]]}},{"type":"Feature","properties":{"feature_id":"EU_080000597227","layer_key":"eau_eu","layer_label":"Eau EU","economic_unit_id":"EU_080000597227","economic_state":"S2","economic_exposure_eur":1104288.0,"economic_damage_eur":171582.0,"economic_damage_ratio_pct":15.538,"economic_asset_count":44,"criticality_territory":"martinique","criticality_family":"eu","criticality_scenario":"rp100","criticality_period_years":"100","criticality_hazard":"storm_cmcc"},"geometry":{"type":"MultiPolygon","coordinates":[[[[-60.937229410752614,14.477142505709917],[-60.93732447996731,14.476660811613083],[-60.93806274505494,14.476367375225468],[-60.93734808146141,14.476295585832256],[-60.93722941285559,14.47570180094443],[-60.93917432642879,14.475152721458242],[-60.94037857831611,14.475745449849537],[-60.940378579514025,14.476568180143326],[-60.94088043055842,14.476593389145426],[-60.941114986622495,14.478295739933513],[-60.940804558386425,14.479001953114624],[-60.94018911500103,14.479482193351048],[-60.93659376188081,14.480147144518549],[-60.935706589662566,14.479719562776008],[-60.93491113224607,14.478585622296212],[-60.93471370764329,14.477584806355543],[-60.937229410752614,14.477142505709917]]],[[[-60.93520700345424,14.477163363436214],[-60.93482140495436,14.47720070787236],[-60.93537857849811,14.47651575184191],[-60.93520700345424,14.477163363436214]]]]}},{"type":"Feature","properties":{"feature_id":"EU_080000697209__P1","layer_key":"eau_eu","layer_label":"Eau EU","economic_unit_id":"EU_080000697209__P1","economic_state":"S2","economic_exposure_eur":160101.0,"economic_damage_eur":24876.0,"economic_damage_ratio_pct":15.538,"economic_asset_count":4,"criticality_territory":"martinique","criticality_family":"eu","criticality_scenario":"rp100","criticality_period_years":"100","criticality_hazard":"storm_cmcc"},"geometry":{"type":"Polygon","coordinates":[[[-61.07127093790008,14.636080695441533],[-61.07160419278268,14.637152453345731],[-61.07101040279233,14.637376640265893],[-61.07062398030022,14.636310875627712],[-61.07020251168059,14.635968851723101],[-61.07014410744765,14.635014696182441],[-61.07051219434141,14.634712823033388],[-61.07175062921832,14.634672153972968],[-61.07205387131576,14.635138857684597],[-61.07127093790008,14.636080695441533]]]}},{"type":"Feature","properties":{"feature_id":"EU_080000697209__P2","layer_key":"eau_eu","layer_label":"Eau EU","economic_unit_id":"EU_080000697209__P2","economic_state":"S0","economic_exposure_eur":105654.0,"economic_damage_eur":2613.0,"economic_damage_ratio_pct":2.473,"economic_asset_count":2,"criticality_territory":"martinique","criticality_family":"eu","criticality_scenario":"rp100","criticality_period_years":"100","criticality_hazard":"storm_cmcc"},"geometry":{"type":"Polygon","coordinates":[[[-61.07315393134427,14.633788975023295],[-61.073424078332984,14.634125235194945],[-61.0733271702578,14.634756471582657],[-61.07229202960517,14.635003927888691],[-61.07200624023078,14.634626909692958],[-61.07213868420583,14.634161348430903],[-61.07315393134427,14.633788975023295]]]}},{"type":"Feature","properties":{"feature_id":"EU_080000697209__P3","layer_key":"eau_eu","layer_label":"Eau EU","economic_unit_id":"EU_080000697209__P3","economic_state":"S0","economic_exposure_eur":3056014.0,"economic_damage_eur":75561.0,"economic_damage_ratio_pct":2.473,"economic_asset_count":33,"criticality_territory":"martinique","criticality_family":"eu","criticality_scenario":"rp100","criticality_period_years":"100","criticality_hazard":"storm_cmcc"},"geometry":{"type":"MultiPolygon","coordinates":[[[[-61.08056247394777,14.643034062778725],[-61.079783888489004,14.642893495260928],[-61.07972914199501,14.642200729324784],[-61.07890205105637,14.641946147391945],[-61.078950558004806,14.640875391213818],[-61.07972914415505,14.64073482512293],[-61.079729145678684,14.63970072939869],[-61.07901457914173,14.639628935129442],[-61.078712175620154,14.638867395912651],[-61.07857593038774,14.642141558695206],[-61.07761083334947,14.64023276042513],[-61.07790339607532,14.63818517019464],[-61.07722915104714,14.636367395727744],[-61.07619893360774,14.634748770012738],[-61.073416008819365,14.632398766843105],[-61.072347242432755,14.630628274410492],[-61.07186359169417,14.629031420935796],[-61.07197582743597,14.627873260740907],[-61.07273558209561,14.626627484798817],[-61.073793763598935,14.62595058700169],[-61.075494636612206,14.625800489280632],[-61.07706585996915,14.626610161466244],[-61.078725284486225,14.629015126327692],[-61.08235998350789,14.632136136655086],[-61.083900283385034,14.635473324803936],[-61.084844143890365,14.638129572231941],[-61.08521617047682,14.641112195859423],[-61.084992366502206,14.642325598389107],[-61.08416945112438,14.64344913184968],[-61.08278746551904,14.644220704459336],[-61.08070036341123,14.644143414799071],[-61.08056247394777,14.643034062778725]],[[-61.07722915566074,14.633234825397054],[-61.077229155956374,14.633034062492914],[-61.07704550006947,14.633034062460858],[-61.07722915566074,14.633234825397054]],[[-61.0778788360033,14.634700729223734],[-61.077878837526356,14.63573482533765],[-61.078062485159485,14.635734825305606],[-61.0778788360033,14.634700729223734]],[[-61.078062483000245,14.6372007291819],[-61.077878839685596,14.637200729149853],[-61.077878839981324,14.63740149204032],[-61.078062483000245,14.6372007291819]],[[-61.08306248547188,14.634901491082918],[-61.083062485767556,14.634700730127136],[-61.08287883687827,14.634700730095172],[-61.08306248547188,14.634901491082918]]],[[[-61.08037885017547,14.64402155211697],[-61.07944927243531,14.643391035902166],[-61.07873847626122,14.642401492007263],[-61.079401139631926,14.64245479493331],[-61.07954551553475,14.643234825208976],[-61.08011737004273,14.643240901980683],[-61.08037885017547,14.64402155211697]]]]}},{"type":"Feature","properties":{"feature_id":"EU_080000697210","layer_key":"eau_eu","layer_label":"Eau EU","economic_unit_id":"EU_080000697210","economic_state":"S2","economic_exposure_eur":4071098.0,"economic_damage_eur":632558.0,"economic_damage_ratio_pct":15.538,"economic_asset_count":131,"criticality_territory":"martinique","criticality_family":"eu","criticality_scenario":"rp100","criticality_period_years":"100","criticality_hazard":"storm_cmcc"},"geometry":{"type":"MultiPolygon","coordinates":[[[[-60.90076302300581,14.646343289352613],[-60.90034562924009,14.645534029812334],[-60.89899097682604,14.645441400699376],[-60.898895840833696,14.643867362933486],[-60.8984065737607,14.643867362518607],[-60.899545481803166,14.642778134186544],[-60.89972917493272,14.643234858026952],[-60.90008838013553,14.64246642627751],[-60.903615536654826,14.64165951811257],[-60.903712148750486,14.642401523917155],[-60.904401122122486,14.642454821458392],[-60.90454548347152,14.64323485710969],[-60.905324074615656,14.643375408741333],[-60.90537881873747,14.644460643376775],[-60.90704356298937,14.644829629646166],[-60.907843102150125,14.6465408315253],[-60.907690139112354,14.647986269244429],[-60.906212159298306,14.649246720112684],[-60.90613842757714,14.650418405699483],[-60.905413199910846,14.650534030657196],[-60.905324087555506,14.653726810815447],[-60.90371216601576,14.654113628435901],[-60.9034816246457,14.654687078569246],[-60.90249062208759,14.654694619460733],[-60.9021161745826,14.653241929309951],[-60.90240193876519,14.652163845858615],[-60.90222916230606,14.651462626508362],[-60.90142055582853,14.65117213444852],[-60.901353373037864,14.649858544260166],[-60.90320686385611,14.648288155113875],[-60.90482242472237,14.647983874079674],[-60.90562990972916,14.647195411330872],[-60.905035680628195,14.645943345231196],[-60.90076302300581,14.646343289352613]]],[[[-60.906395841746416,14.642233739176953],[-60.90787881662408,14.642714253091508],[-60.90778367994134,14.643774735310187],[-60.906626370451804,14.643853746105137],[-60.906395841746416,14.642233739176953]]]]}},{"type":"Feature","properties":{"feature_id":"EU_080000697213__P1","layer_key":"eau_eu","layer_label":"Eau EU","economic_unit_id":"EU_080000697213__P1","economic_state":"S2","economic_exposure_eur":3455176.0,"economic_damage_eur":536857.0,"economic_damage_ratio_pct":15.538,"economic_asset_count":91,"criticality_territory":"martinique","criticality_family":"eu","criticality_scenario":"rp100","criticality_period_years":"100","criticality_hazard":"storm_cmcc"},"geometry":{"type":"Polygon","coordinates":[[[-61.020364813664685,14.616976253343028],[-61.01969182218466,14.617200719442582],[-61.0205625219912,14.617971210745782],[-61.02065765703135,14.616660802729573],[-61.02222919041232,14.61656816811117],[-61.02222919085962,14.616257049354855],[-61.02405160268386,14.61803405340927],[-61.02371213517705,14.618034053461864],[-61.02354044200105,14.61883004067901],[-61.02255399426913,14.618867386208137],[-61.02204546820976,14.618034053162647],[-61.02204546973096,14.61906816819787],[-61.02434495996616,14.619092242316214],[-61.0245454714077,14.619901501100372],[-61.02508673140369,14.619901500704906],[-61.025281552002035,14.620536215507682],[-61.02523936941569,14.622482913917944],[-61.02478578448782,14.623559082665386],[-61.023338516791995,14.625090745263407],[-61.02198409971806,14.625690636140218],[-61.02049918591315,14.625598005126811],[-61.017669832183856,14.624379421125868],[-61.01650421841761,14.623139738981953],[-61.01426764721257,14.62218071880894],[-61.01339442865055,14.620567977729683],[-61.01192674836906,14.620644547729562],[-61.01033171282554,14.61997889267037],[-61.008977398319345,14.618689917941671],[-61.00846471113708,14.617403488547525],[-61.00846933156155,14.616568170368643],[-61.00889585959989,14.616568170513851],[-61.009040212151206,14.615788138228691],[-61.01056252717618,14.615734836861412],[-61.01079304424504,14.614915121609092],[-61.012229194752635,14.614901503209232],[-61.01252215970517,14.613236358991198],[-61.01437376999562,14.61327218081636],[-61.01454546224649,14.614901502791371],[-61.01773046946299,14.615465068800507],[-61.018895857816055,14.616496355319923],[-61.019040211082554,14.615788136729142],[-61.02011736025574,14.615740911820929],[-61.020364813664685,14.616976253343028]]]}},{"type":"Feature","properties":{"feature_id":"EU_080000697213__P2","layer_key":"eau_eu","layer_label":"Eau EU","economic_unit_id":"EU_080000697213__P2","economic_state":"S0","economic_exposure_eur":339114.0,"economic_damage_eur":8377.0,"economic_damage_ratio_pct":2.47,"economic_asset_count":12,"criticality_territory":"martinique","criticality_family":"eu","criticality_scenario":"rp100","criticality_period_years":"100","criticality_hazard":"storm_cmcc"},"geometry":{"type":"Polygon","coordinates":[[[-61.01577950768278,14.619943650864522],[-61.01518135583242,14.620050346313494],[-61.01445259316213,14.619163145015271],[-61.013720378209364,14.619168540541796],[-61.013574752369784,14.618695866279163],[-61.01289795335044,14.618258255364603],[-61.01288497250786,14.617747391238012],[-61.01339150045909,14.6174990020487],[-61.01472477976832,14.617935356284953],[-61.0158210915389,14.619314361439548],[-61.01577950768278,14.619943650864522]]]}},{"type":"Feature","properties":{"feature_id":"EU_080000697213__P3","layer_key":"eau_eu","layer_label":"Eau EU","economic_unit_id":"EU_080000697213__P3","economic_state":"S2","economic_exposure_eur":56624.0,"economic_damage_eur":8798.0,"economic_damage_ratio_pct":15.538,"economic_asset_count":1,"criticality_territory":"martinique","criticality_family":"eu","criticality_scenario":"rp100","criticality_period_years":"100","criticality_hazard":"storm_cmcc"},"geometry":{"type":"Polygon","coordinates":[[[-61.0040867607937,14.610893582180084],[-61.003574639291635,14.610656356409802],[-61.00388616445552,14.609456669766647],[-61.00458593451846,14.609628972131796],[-61.004507812446974,14.610523636232282],[-61.0040867607937,14.610893582180084]]]}},{"type":"Feature","properties":{"feature_id":"EU_080000697219__P1","layer_key":"eau_eu","layer_label":"Eau EU","economic_unit_id":"EU_080000697219__P1","economic_state":"S2","economic_exposure_eur":8410980.0,"economic_damage_eur":1306878.0,"economic_damage_ratio_pct":15.538,"economic_asset_count":143,"criticality_territory":"martinique","criticality_family":"eu","criticality_scenario":"rp100","criticality_period_years":"100","criticality_hazard":"storm_cmcc"},"geometry":{"type":"MultiPolygon","coordinates":[[[[-60.924545495772,14.648993079739412],[-60.925633577528096,14.648508322597621],[-60.9280624932776,14.64957807233926],[-60.92832395698255,14.649074262413574],[-60.931011637176006,14.649092258731974],[-60.93121216503653,14.6499015188783],[-60.93202077194423,14.650096749585783],[-60.932045500985055,14.651568185424123],[-60.9343449721527,14.651592258202584],[-60.934545503914904,14.65323485165741],[-60.93697176841758,14.653350477012445],[-60.9377356811872,14.655653483018648],[-60.936937780030085,14.657608027715861],[-60.938538702326674,14.662709263899801],[-60.93821703274609,14.664123763952858],[-60.937300698943034,14.665186729782869],[-60.93582395090728,14.665527958656213],[-60.935562469501676,14.664700702588318],[-60.93480287578842,14.664585075443627],[-60.934729139085945,14.662815772955124],[-60.933824705733734,14.660534035735425],[-60.93308720419425,14.660338803281306],[-60.93296446272766,14.659027941036806],[-60.932283892462415,14.65872681347047],[-60.931693000269156,14.657200701775134],[-60.93061722811436,14.6570601466601],[-60.9305624830624,14.65616040981681],[-60.92976750810955,14.655366859394638],[-60.929729152073065,14.654700701787165],[-60.9282930311736,14.654687083052153],[-60.928062486964166,14.653867368164935],[-60.92646955608857,14.653751741335048],[-60.92639582382729,14.651688831010368],[-60.925378833553694,14.651931503696678],[-60.92514829173555,14.653020415875021],[-60.92404019038874,14.652980734555971],[-60.92389582345642,14.652285368107117],[-60.923540457216035,14.65299669021789],[-60.92249062172825,14.653027956559141],[-60.92222915685128,14.652461574597211],[-60.91962593553714,14.653304154653766],[-60.919102225570064,14.65383801815442],[-60.918558081452176,14.656514389038573],[-60.91871217496054,14.658234854744189],[-60.91896955422982,14.656683812603989],[-60.920117368694015,14.656574264082648],[-60.92037727817273,14.658582108478178],[-60.919545509385536,14.658867366413212],[-60.91940113839347,14.659647400361342],[-60.91871217712359,14.659700699564707],[-60.918567806340164,14.661314066855313],[-60.915734194874624,14.661330022007643],[-60.91556248082992,14.659700698969239],[-60.91517831000707,14.660509958175723],[-60.913969550408396,14.66041840637047],[-60.91393417268725,14.659235361694021],[-60.9147291485953,14.659068188848506],[-60.914873521018364,14.658288153442932],[-60.91556248299296,14.658234855339675],[-60.91565912032507,14.65749283439891],[-60.91470544227514,14.653456232931255],[-60.91612006411262,14.652384629274497],[-60.91696586789933,14.652381383999844],[-60.91806249197963,14.651787345602052],[-60.91823420270399,14.650772197184045],[-60.92024019071855,14.650534033359204],[-60.91975388692469,14.65033880245779],[-60.91973540350913,14.649322744777594],[-60.920562495523484,14.649068187532304],[-60.92073420420315,14.648272196721818],[-60.92192673305938,14.648306640194315],[-60.92204549563006,14.649233209554671],[-60.923062494932154,14.649130402965302],[-60.92224314957391,14.648642914280023],[-60.92223278696142,14.646839938836063],[-60.92369798721482,14.6467921362236],[-60.923712161159756,14.648234853587066],[-60.92437378661237,14.64827219609271],[-60.924545495772,14.648993079739412]],[[-60.921212163045844,14.649833676525738],[-60.921396709171816,14.649700700364377],[-60.92121216284691,14.6497007003299],[-60.921212163045844,14.649833676525738]],[[-60.937229141991075,14.660534036356157],[-60.937045515155084,14.660534036321776],[-60.93704551545145,14.660734851349446],[-60.937229141991075,14.660534036356157]]],[[[-60.91601164365136,14.662425594936055],[-60.916212181351256,14.662897167982356],[-60.91552550763212,14.662737438432144],[-60.91492968030935,14.662425595140679],[-60.91601164365136,14.662425594936055]]],[[[-60.91568125411607,14.652128911877123],[-60.91563622806132,14.650850479600205],[-60.9169267348025,14.650806640963147],[-60.91700714251053,14.652033525078494],[-60.91568125411607,14.652128911877123]]],[[[-60.916688822038374,14.650532509515681],[-60.916395828232744,14.650040990809403],[-60.91702679571388,14.650088493629356],[-60.918419167225316,14.649069710384333],[-60.91867380728821,14.650366858586889],[-60.916688822038374,14.650532509515681]]],[[[-60.92761736751524,14.648027957654486],[-60.926540194206666,14.647980735072936],[-60.926450575076295,14.646708739971654],[-60.9273932759189,14.646839981989407],[-60.927878827801855,14.647717776711959],[-60.92761736751524,14.648027957654486]]],[[[-60.93601164056482,14.653009962005642],[-60.93475388078054,14.652838803503949],[-60.934929684865395,14.651592258116658],[-60.93654231532781,14.65220070303471],[-60.936212169370435,14.65220070307693],[-60.93601164056482,14.653009962005642]]]]}},{"type":"Feature","properties":{"feature_id":"EU_080000697219__P2","layer_key":"eau_eu","layer_label":"Eau EU","economic_unit_id":"EU_080000697219__P2","economic_state":"S2","economic_exposure_eur":417980.0,"economic_damage_eur":64945.0,"economic_damage_ratio_pct":15.538,"economic_asset_count":11,"criticality_territory":"martinique","criticality_family":"eu","criticality_scenario":"rp100","criticality_period_years":"100","criticality_hazard":"storm_cmcc"},"geometry":{"type":"Polygon","coordinates":[[[-61.22236504307154,14.804366975757143],[-61.22164969507716,14.804268175884815],[-61.2215949444662,14.803759888998009],[-61.22276060567885,14.801895034856342],[-61.22426215316631,14.801666650279543],[-61.22437964400782,14.802286856832458],[-61.22369231121068,14.80267954622218],[-61.22236504307154,14.804366975757143]]]}},{"type":"Feature","properties":{"feature_id":"EU_080000697219__P3","layer_key":"eau_eu","layer_label":"Eau EU","economic_unit_id":"EU_080000697219__P3","economic_state":"S2","economic_exposure_eur":14556907.0,"economic_damage_eur":2261818.0,"economic_damage_ratio_pct":15.538,"economic_asset_count":335,"criticality_territory":"martinique","criticality_family":"eu","criticality_scenario":"rp100","criticality_period_years":"100","criticality_hazard":"storm_cmcc"},"geometry":{"type":"MultiPolygon","coordinates":[[[[-60.93889578711579,14.674901517973199],[-60.93896953119396,14.674183810429952],[-60.939729121516805,14.67406818446617],[-60.93980286535184,14.673350476987654],[-60.940436317122426,14.67323485099837],[-60.94073418549327,14.672438860519081],[-60.94143575090723,14.672401517425556],[-60.942229125289934,14.671164941123145],[-60.94222912870851,14.668867370379767],[-60.94154017546281,14.66881407022205],[-60.94139579676898,14.668034036915245],[-60.941050072257944,14.668034036729923],[-60.943621519238775,14.666612384451247],[-60.94454552547797,14.666572387704669],[-60.94454552648359,14.667251679689308],[-60.94499732119215,14.667401516411843],[-60.94635851115191,14.667401516430763],[-60.94722911581368,14.668983357693824],[-60.94962690091553,14.669754067189022],[-60.951182354063526,14.67270368912824],[-60.95037886944712,14.67303403844303],[-60.950234486523634,14.673814071477269],[-60.949545537188875,14.673867371596813],[-60.949426761473944,14.674628916284957],[-60.94871220493065,14.67470070475054],[-60.94954553913311,14.675217776441336],[-60.948754301534606,14.677811822420754],[-60.94699654436131,14.678889760534855],[-60.94560471047597,14.68051024941753],[-60.944289214615345,14.68106868844665],[-60.941639367343996,14.680776520892186],[-60.9394962367742,14.681389362710327],[-60.93682551257915,14.680734851627562],[-60.93722911215615,14.680734851743436],[-60.93723536031248,14.676822744160619],[-60.938062451483475,14.676568184831492],[-60.93806245342767,14.675217776601084],[-60.93889578711579,14.674901517973199]]],[[[-60.94492967446043,14.66717662980815],[-60.94472913157009,14.666596615174713],[-60.945390959865186,14.666780928948972],[-60.9460404690244,14.667163360230248],[-60.94492967446043,14.66717662980815]]]]}},{"type":"Feature","properties":{"feature_id":"EU_080000697219__P4","layer_key":"eau_eu","layer_label":"Eau EU","economic_unit_id":"EU_080000697219__P4","economic_state":"S0","economic_exposure_eur":67129.0,"economic_damage_eur":1666.0,"economic_damage_ratio_pct":2.482,"economic_asset_count":1,"criticality_territory":"martinique","criticality_family":"eu","criticality_scenario":"rp100","criticality_period_years":"100","criticality_hazard":"storm_cmcc"},"geometry":{"type":"Polygon","coordinates":[[[-60.93815940129375,14.678083692536829],[-60.93762813499368,14.677890109959264],[-60.93782065538532,14.676742064954002],[-60.938533210418136,14.676855298561712],[-60.938546428985255,14.677679969925807],[-60.93815940129375,14.678083692536829]]]}},{"type":"Feature","properties":{"feature_id":"EU_080000697219__P5","layer_key":"eau_eu","layer_label":"Eau EU","economic_unit_id":"EU_080000697219__P5","economic_state":"S0","economic_exposure_eur":318713.0,"economic_damage_eur":7896.0,"economic_damage_ratio_pct":2.477,"economic_asset_count":1,"criticality_territory":"martinique","criticality_family":"eu","criticality_scenario":"rp100","criticality_period_years":"100","criticality_hazard":"storm_cmcc"},"geometry":{"type":"Polygon","coordinates":[[[-60.93809473846655,14.665308764217174],[-60.9379937049,14.664612846550071],[-60.93843018588889,14.664415424267512],[-60.93980461927667,14.66466175376998],[-60.94129530366778,14.666039026227903],[-60.94136343869426,14.666587242259641],[-60.94067740059762,14.666806165598985],[-60.939296473463074,14.665549893595886],[-60.93809473846655,14.665308764217174]]]}},{"type":"Feature","properties":{"feature_id":"EU_080000797206","layer_key":"eau_eu","layer_label":"Eau EU","economic_unit_id":"EU_080000797206","economic_state":"S2","economic_exposure_eur":2074044.0,"economic_damage_eur":322260.0,"economic_damage_ratio_pct":15.538,"economic_asset_count":91,"criticality_territory":"martinique","criticality_family":"eu","criticality_scenario":"rp100","criticality_period_years":"100","criticality_hazard":"storm_cmcc"},"geometry":{"type":"Polygon","coordinates":[[[-60.997878603231726,14.485534052676154],[-60.997585812794654,14.486365862576317],[-60.992381119699395,14.486367384874615],[-60.99121193883379,14.48793630709441],[-60.99111686361987,14.488774749676994],[-60.989959764756804,14.488853765335813],[-60.989729384713385,14.488034051116848],[-60.988902289117846,14.487779478969438],[-60.98890229527381,14.483489408783765],[-60.9897293919943,14.483034051262697],[-60.98904032165558,14.482980748843978],[-60.98889605963877,14.482468372818271],[-60.99055381978656,14.481224795454626],[-60.99431488774708,14.480748455084154],[-60.99454526351434,14.481568170239157],[-60.995981554849735,14.481581788143522],[-60.99635718112875,14.48240150327198],[-60.99642014295239,14.481765113206517],[-60.99787859904754,14.482689676493681],[-60.99862103553741,14.484172242517445],[-60.99838732836947,14.48553405241713],[-60.997878603231726,14.485534052676154]]]}},{"type":"Feature","properties":{"feature_id":"EU_080000797224__P1","layer_key":"eau_eu","layer_label":"Eau EU","economic_unit_id":"EU_080000797224__P1","economic_state":"S2","economic_exposure_eur":376952.0,"economic_damage_eur":58570.0,"economic_damage_ratio_pct":15.538,"economic_asset_count":15,"criticality_territory":"martinique","criticality_family":"eu","criticality_scenario":"rp100","criticality_period_years":"100","criticality_hazard":"storm_cmcc"},"geometry":{"type":"Polygon","coordinates":[[[-61.05268127057029,14.655993828825544],[-61.051934760917206,14.656240090347525],[-61.05145764522526,14.655851489613289],[-61.0514034357948,14.654932877419391],[-61.051675998953016,14.654552183045764],[-61.052811013985625,14.654304214312505],[-61.05318915164028,14.654956540741837],[-61.05268127057029,14.655993828825544]]]}},{"type":"Feature","properties":{"feature_id":"EU_080000797224__P2","layer_key":"eau_eu","layer_label":"Eau EU","economic_unit_id":"EU_080000797224__P2","economic_state":"S0","economic_exposure_eur":747585.0,"economic_damage_eur":18491.0,"economic_damage_ratio_pct":2.473,"economic_asset_count":26,"criticality_territory":"martinique","criticality_family":"eu","criticality_scenario":"rp100","criticality_period_years":"100","criticality_hazard":"storm_cmcc"},"geometry":{"type":"MultiPolygon","coordinates":[[[[-61.04871061420398,14.644415444200511],[-61.048425547527536,14.644698279236836],[-61.0483900208304,14.643873618036066],[-61.048593409642955,14.643306622208806],[-61.04871061420398,14.644415444200511]]],[[[-61.0505624757947,14.645534057436354],[-61.04954551362969,14.645534057256327],[-61.04954172027738,14.64609674674023],[-61.048582954082676,14.645279642919691],[-61.048453536733724,14.644901497130329],[-61.04889581037018,14.644901497297983],[-61.04889581367717,14.642637064723754],[-61.04944607004798,14.64207991273039],[-61.05027526397806,14.641819187433708],[-61.051013506262635,14.640863990431535],[-61.05234828708441,14.640718823633684],[-61.053314564410144,14.64154937550599],[-61.05369559663229,14.64285684029661],[-61.053629964529264,14.64362247848204],[-61.05304642870271,14.644736629821468],[-61.05165378435022,14.646120937569993],[-61.05056647910684,14.646458200256705],[-61.0505624757947,14.645534057436354]]]]}},{"type":"Feature","properties":{"feature_id":"EU_080000797224__P3","layer_key":"eau_eu","layer_label":"Eau EU","economic_unit_id":"EU_080000797224__P3","economic_state":"S0","economic_exposure_eur":153534.0,"economic_damage_eur":3793.0,"economic_damage_ratio_pct":2.47,"economic_asset_count":10,"criticality_territory":"martinique","criticality_family":"eu","criticality_scenario":"rp100","criticality_period_years":"100","criticality_hazard":"storm_cmcc"},"geometry":{"type":"Polygon","coordinates":[[[-61.059629055160734,14.626148697059929],[-61.05918030082379,14.626486420772666],[-61.058773805055004,14.62633161073465],[-61.05815945511028,14.625463865969726],[-61.058355993719225,14.625036143273626],[-61.05887451624806,14.624888590420724],[-61.059560934635286,14.625406196294772],[-61.059629055160734,14.626148697059929]]]}},{"type":"Feature","properties":{"feature_id":"EU_080000897209__P1","layer_key":"eau_eu","layer_label":"Eau EU","economic_unit_id":"EU_080000897209__P1","economic_state":"S2","economic_exposure_eur":24917236.0,"economic_damage_eur":3871582.0,"economic_damage_ratio_pct":15.538,"economic_asset_count":416,"criticality_territory":"martinique","criticality_family":"eu","criticality_scenario":"rp100","criticality_period_years":"100","criticality_hazard":"storm_cmcc"},"geometry":{"type":"Polygon","coordinates":[[[-61.045975913309796,14.637418353955015],[-61.042984260872146,14.641583596507841],[-61.04052972869183,14.642785931249284],[-61.03806248223163,14.642714790476942],[-61.03806248303704,14.642200721982066],[-61.036490961330216,14.642108085379098],[-61.03639581913801,14.640534055067576],[-61.03558721323664,14.640338810736552],[-61.03556249044556,14.637485100300678],[-61.03454549989931,14.638034054811271],[-61.03535410692871,14.638430075616917],[-61.03523446701886,14.639647418548012],[-61.03225081553886,14.639448489374686],[-61.0299834427996,14.632488675719433],[-61.03011025623585,14.62907321703852],[-61.03037882050784,14.629901500270561],[-61.03118742823387,14.630096742520392],[-61.03121215644481,14.631568166824096],[-61.03202076397238,14.631763409139639],[-61.03204549238202,14.633234833377697],[-61.0335116352202,14.63325890774387],[-61.03389582913096,14.634068166398505],[-61.033732543520685,14.629911708603046],[-61.03472917192729,14.627526858928022],[-61.035088462390995,14.623034055054683],[-61.03287881084857,14.623034054955818],[-61.032783675345506,14.62377475203628],[-61.03204547859197,14.623867388115714],[-61.03203149524652,14.626142920511683],[-61.03121214878838,14.626367387893122],[-61.030955110006154,14.627193567491148],[-61.03140388737734,14.624159830071655],[-61.03102931229125,14.62135767226504],[-61.031319145222305,14.619901499905021],[-61.032229183629276,14.619901499724751],[-61.032324320399994,14.618327467941004],[-61.03354044171738,14.618272177875484],[-61.03389585120947,14.619068166075822],[-61.033969580652595,14.618350465402234],[-61.03472918590789,14.618034055433455],[-61.03234287884388,14.617820779738004],[-61.03424216004331,14.616051211140778],[-61.042033133935035,14.612762035454256],[-61.04455946802474,14.613031782577764],[-61.04764963272364,14.614946067137817],[-61.0489609072389,14.616198267818207],[-61.049677174672226,14.61784505010604],[-61.04936487270761,14.620957530975147],[-61.0479079052319,14.623131830244287],[-61.04977417393099,14.627585253571715],[-61.049502560896244,14.631689737389582],[-61.04848663309064,14.634031690522807],[-61.04621216619589,14.63636739026943],[-61.045975913309796,14.637418353955015]],[[-61.04454549707302,14.634901497853892],[-61.04526006814916,14.634973289201373],[-61.04556249116359,14.635734831024665],[-61.04556249268668,14.634700723536668],[-61.04454549707302,14.634901497853892]],[[-61.047229172243505,14.625734830513641],[-61.04722917376544,14.624700724127221],[-61.04537881553683,14.624700723798972],[-61.04620590825674,14.625156073435512],[-61.04621215422044,14.62823483074785],[-61.04640208002128,14.625989406893146],[-61.047229172243505,14.625734830513641]]]}},{"type":"Feature","properties":{"feature_id":"EU_080000897209__P2","layer_key":"eau_eu","layer_label":"Eau EU","economic_unit_id":"EU_080000897209__P2","economic_state":"S0","economic_exposure_eur":202377.0,"economic_damage_eur":5002.0,"economic_damage_ratio_pct":2.471,"economic_asset_count":8,"criticality_territory":"martinique","criticality_family":"eu","criticality_scenario":"rp100","criticality_period_years":"100","criticality_hazard":"storm_cmcc"},"geometry":{"type":"Polygon","coordinates":[[[-61.02402945270782,14.628440127558981],[-61.02317475238965,14.628331125492602],[-61.02288552444869,14.628012831905728],[-61.0229850516808,14.627554389810522],[-61.0239719719103,14.62663620726922],[-61.02520125674486,14.626596727039185],[-61.025332183532356,14.627287941113895],[-61.02460473648378,14.627472554254467],[-61.02402945270782,14.628440127558981]]]}},{"type":"Feature","properties":{"feature_id":"EU_080000897209__P3","layer_key":"eau_eu","layer_label":"Eau EU","economic_unit_id":"EU_080000897209__P3","economic_state":"S0","economic_exposure_eur":6943.0,"economic_damage_eur":172.0,"economic_damage_ratio_pct":2.472,"economic_asset_count":1,"criticality_territory":"martinique","criticality_family":"eu","criticality_scenario":"rp100","criticality_period_years":"100","criticality_hazard":"storm_cmcc"},"geometry":{"type":"Polygon","coordinates":[[[-61.024620098832756,14.62711262481898],[-61.025049939697475,14.627740621978969],[-61.02447222518473,14.628162053658638],[-61.024037717160546,14.627582617050232],[-61.024620098832756,14.62711262481898]]]}},{"type":"Feature","properties":{"feature_id":"EU_080000897209__P4","layer_key":"eau_eu","layer_label":"Eau EU","economic_unit_id":"EU_080000897209__P4","economic_state":"S0","economic_exposure_eur":15133.0,"economic_damage_eur":374.0,"economic_damage_ratio_pct":2.472,"economic_asset_count":2,"criticality_territory":"martinique","criticality_family":"eu","criticality_scenario":"rp100","criticality_period_years":"100","criticality_hazard":"storm_cmcc"},"geometry":{"type":"Polygon","coordinates":[[[-61.02472804446961,14.628351833717968],[-61.024529676671754,14.6276760217438],[-61.02530386645427,14.627409224093952],[-61.0255712447061,14.627745142380887],[-61.025483193518966,14.628162305037858],[-61.02472804446961,14.628351833717968]]]}},{"type":"Feature","properties":{"feature_id":"EU_080000897209__P5","layer_key":"eau_eu","layer_label":"Eau EU","economic_unit_id":"EU_080000897209__P5","economic_state":"S0","economic_exposure_eur":41457.0,"economic_damage_eur":1025.0,"economic_damage_ratio_pct":2.471,"economic_asset_count":2,"criticality_territory":"martinique","criticality_family":"eu","criticality_scenario":"rp100","criticality_period_years":"100","criticality_hazard":"storm_cmcc"},"geometry":{"type":"Polygon","coordinates":[[[-61.02680914765763,14.630021728542602],[-61.02642207894164,14.629428441919053],[-61.02673588948331,14.62907319712945],[-61.02742900576635,14.6289995026165],[-61.02775791220173,14.629278894080285],[-61.027727420754054,14.629736772912674],[-61.02680914765763,14.630021728542602]]]}},{"type":"Feature","properties":{"feature_id":"EU_080000897209__P6","layer_key":"eau_eu","layer_label":"Eau EU","economic_unit_id":"EU_080000897209__P6","economic_state":"S0","economic_exposure_eur":5721.0,"economic_damage_eur":141.0,"economic_damage_ratio_pct":2.473,"economic_asset_count":1,"criticality_territory":"martinique","criticality_family":"eu","criticality_scenario":"rp100","criticality_period_years":"100","criticality_hazard":"storm_cmcc"},"geometry":{"type":"Polygon","coordinates":[[[-61.025431685415626,14.62823647261375],[-61.02598786636547,14.628748694243535],[-61.0255164602159,14.629280997019581],[-61.02496641981524,14.628817180190453],[-61.025431685415626,14.62823647261375]]]}},{"type":"Feature","properties":{"feature_id":"EU_080000897209__P7","layer_key":"eau_eu","layer_label":"Eau EU","economic_unit_id":"EU_080000897209__P7","economic_state":"S0","economic_exposure_eur":1809083.0,"economic_damage_eur":44678.0,"economic_damage_ratio_pct":2.47,"economic_asset_count":70,"criticality_territory":"martinique","criticality_family":"eu","criticality_scenario":"rp100","criticality_period_years":"100","criticality_hazard":"storm_cmcc"},"geometry":{"type":"Polygon","coordinates":[[[-61.04229672517581,14.618052337029141],[-61.04134679631219,14.61827360576804],[-61.040422175855575,14.618865105270428],[-61.03915609790203,14.618648643986964],[-61.038213113556324,14.618993425901678],[-61.03736073555079,14.61886907767148],[-61.03599536054804,14.61724456560218],[-61.035537245308845,14.615037611561252],[-61.03566664287332,14.614222746446254],[-61.03638852089158,14.613365716891318],[-61.03716048751092,14.613049488359797],[-61.03862763646905,14.613176957769877],[-61.039453925226745,14.613672329694321],[-61.04066308817721,14.613688440714911],[-61.04207500756573,14.614460844497495],[-61.04303040228621,14.615572547198633],[-61.04327648557447,14.616458590895002],[-61.04293432519172,14.617387312706963],[-61.04229672517581,14.618052337029141]]]}},{"type":"Feature","properties":{"feature_id":"EU_080000897219","layer_key":"eau_eu","layer_label":"Eau EU","economic_unit_id":"EU_080000897219","economic_state":"S2","economic_exposure_eur":375731.0,"economic_damage_eur":58380.0,"economic_damage_ratio_pct":15.538,"economic_asset_count":17,"criticality_territory":"martinique","criticality_family":"eu","criticality_scenario":"rp100","criticality_period_years":"100","criticality_hazard":"storm_cmcc"},"geometry":{"type":"Polygon","coordinates":[[[-61.226010205430796,14.802360693789652],[-61.22552533550334,14.802817362225687],[-61.22504367474587,14.802814495762819],[-61.2247785290475,14.802423269272518],[-61.22492817335297,14.801300353680412],[-61.2242930219194,14.800773164633693],[-61.224278095714205,14.8002622998094],[-61.2250094935945,14.800054483747388],[-61.226112299264955,14.800854331884754],[-61.226301457530234,14.80140841274066],[-61.226010205430796,14.802360693789652]]]}},{"type":"Feature","properties":{"feature_id":"EU_080000897224","layer_key":"eau_eu","layer_label":"Eau EU","economic_unit_id":"EU_080000897224","economic_state":"S2","economic_exposure_eur":656803.0,"economic_damage_eur":102053.0,"economic_damage_ratio_pct":15.538,"economic_asset_count":3,"criticality_territory":"martinique","criticality_family":"eu","criticality_scenario":"rp100","criticality_period_years":"100","criticality_hazard":"storm_cmcc"},"geometry":{"type":"Polygon","coordinates":[[[-61.03161215981893,14.674945246198563],[-61.02898828031412,14.674948456280795],[-61.02799965649698,14.674173044249216],[-61.02780446310101,14.672615578132019],[-61.02871257169415,14.671592780331803],[-61.03032832183915,14.671648253233512],[-61.03156632951761,14.670864186548966],[-61.03339014013108,14.670807435834993],[-61.03553157749421,14.671730885498452],[-61.0360050519979,14.672849684007437],[-61.03552719390277,14.673966715780585],[-61.03448717823819,14.674424255950955],[-61.03312605056625,14.674088722874703],[-61.03161215981893,14.674945246198563]]]}},{"type":"Feature","properties":{"feature_id":"EU_080000997218","layer_key":"eau_eu","layer_label":"Eau EU","economic_unit_id":"EU_080000997218","economic_state":"S2","economic_exposure_eur":214513.0,"economic_damage_eur":33331.0,"economic_damage_ratio_pct":15.538,"economic_asset_count":8,"criticality_territory":"martinique","criticality_family":"eu","criticality_scenario":"rp100","criticality_period_years":"100","criticality_hazard":"storm_cmcc"},"geometry":{"type":"Polygon","coordinates":[[[-61.130490758166,14.776194107375813],[-61.13002184247135,14.77650527016669],[-61.12960733192542,14.776306388311614],[-61.12830883487656,14.776531256394117],[-61.12762754720593,14.775772668421805],[-61.128331760947404,14.774899460745976],[-61.128179648582176,14.774274611176416],[-61.12861796088327,14.773993055590479],[-61.130408771102225,14.775689325148402],[-61.130490758166,14.776194107375813]]]}},{"type":"Feature","properties":{"feature_id":"EU_080000997219","layer_key":"eau_eu","layer_label":"Eau EU","economic_unit_id":"EU_080000997219","economic_state":"S2","economic_exposure_eur":1024402.0,"economic_damage_eur":159169.0,"economic_damage_ratio_pct":15.538,"economic_asset_count":61,"criticality_territory":"martinique","criticality_family":"eu","criticality_scenario":"rp100","criticality_period_years":"100","criticality_hazard":"storm_cmcc"},"geometry":{"type":"Polygon","coordinates":[[[-61.22861782183784,14.815440805789398],[-61.22911958941473,14.815762378077256],[-61.22924076511189,14.816569097743734],[-61.22952104840952,14.81676339741083],[-61.229531799303736,14.817809594688402],[-61.22871246657545,14.81803408235974],[-61.228712468438786,14.81929990702147],[-61.227272105107836,14.81940308519261],[-61.225562188478364,14.818249439154446],[-61.22557619209569,14.815959290654604],[-61.22582389715878,14.815740881720869],[-61.228198578091394,14.815534082257741],[-61.2273240886098,14.815441437722257],[-61.22722886034124,14.814573225420625],[-61.2287108954185,14.814353439129057],[-61.22861782183784,14.815440805789398]]]}},{"type":"Feature","properties":{"feature_id":"EU_080001097218","layer_key":"eau_eu","layer_label":"Eau EU","economic_unit_id":"EU_080001097218","economic_state":"S2","economic_exposure_eur":68537.0,"economic_damage_eur":10649.0,"economic_damage_ratio_pct":15.538,"economic_asset_count":3,"criticality_territory":"martinique","criticality_family":"eu","criticality_scenario":"rp100","criticality_period_years":"100","criticality_hazard":"storm_cmcc"},"geometry":{"type":"Polygon","coordinates":[[[-61.1377793660163,14.780410227716509],[-61.13702553437878,14.780300441910125],[-61.13664618654661,14.77970224713942],[-61.136964980243306,14.779351012599765],[-61.13779745441239,14.779318830397896],[-61.13814817484333,14.779572176336252],[-61.13816298997024,14.78006536736203],[-61.1377793660163,14.780410227716509]]]}},{"type":"Feature","properties":{"feature_id":"EU_080001197218","layer_key":"eau_eu","layer_label":"Eau EU","economic_unit_id":"EU_080001197218","economic_state":"S2","economic_exposure_eur":155492.0,"economic_damage_eur":24160.0,"economic_damage_ratio_pct":15.538,"economic_asset_count":3,"criticality_territory":"martinique","criticality_family":"eu","criticality_scenario":"rp100","criticality_period_years":"100","criticality_hazard":"storm_cmcc"},"geometry":{"type":"Polygon","coordinates":[[[-61.133962625826825,14.788929219188947],[-61.13372067651724,14.788307070882787],[-61.13429457201797,14.787882589142177],[-61.13601352116336,14.787773430337618],[-61.13607044449587,14.788474150434002],[-61.133962625826825,14.788929219188947]]]}},{"type":"Feature","properties":{"feature_id":"EU_080001197219","layer_key":"eau_eu","layer_label":"Eau EU","economic_unit_id":"EU_080001197219","economic_state":"S2","economic_exposure_eur":5407715.0,"economic_damage_eur":840238.0,"economic_damage_ratio_pct":15.538,"economic_asset_count":81,"criticality_territory":"martinique","criticality_family":"eu","criticality_scenario":"rp100","criticality_period_years":"100","criticality_hazard":"storm_cmcc"},"geometry":{"type":"MultiPolygon","coordinates":[[[[-61.21370617609212,14.790279483928483],[-61.213161347704535,14.790534080617277],[-61.21321438086003,14.78983312377982],[-61.21348169660158,14.789081758632895],[-61.21370617609212,14.790279483928483]]],[[[-61.2137061771002,14.790989401397038],[-61.21366464891878,14.79204878880162],[-61.21321763267449,14.790996495740275],[-61.213387326834706,14.790734805564203],[-61.2137061771002,14.790989401397038]]],[[[-61.219545757707,14.790734804926851],[-61.22023460801873,14.79078811119996],[-61.220539670343236,14.791395736014373],[-61.220503222874775,14.792763027729583],[-61.22119842985707,14.793459290672208],[-61.2212124308533,14.794901471416582],[-61.22203951784838,14.795156067805735],[-61.22204576801488,14.797378328121138],[-61.221270434254684,14.797671204796371],[-61.21978128403092,14.797651828233137],[-61.21847736436166,14.79695175657991],[-61.21806378833785,14.79602010611933],[-61.21889555653477,14.795734805142189],[-61.21889555931832,14.793867414838688],[-61.21656740880712,14.793830065017794],[-61.21639556222756,14.79220074781808],[-61.214929583932076,14.792176669784592],[-61.214728897086594,14.791367414240131],[-61.21390181084138,14.791112817141379],[-61.21409625372632,14.788258882425156],[-61.21678408267904,14.788240882554284],[-61.21795117824981,14.789068138498301],[-61.219252525002815,14.789069660950956],[-61.219545757707,14.790734804926851]]],[[[-61.215178401397374,14.78717666997539],[-61.21448431839877,14.787200747626326],[-61.21537908396987,14.786440853420112],[-61.215178401397374,14.78717666997539]]],[[[-61.2177602290427,14.7866399356769],[-61.21780529407687,14.787918437664777],[-61.21651442411329,14.787962282770268],[-61.2164203163575,14.786763398135488],[-61.2177602290427,14.7866399356769]]]]}},{"type":"Feature","properties":{"feature_id":"EU_080001397224","layer_key":"eau_eu","layer_label":"Eau EU","economic_unit_id":"EU_080001397224","economic_state":"S2","economic_exposure_eur":1039005.0,"economic_damage_eur":161438.0,"economic_damage_ratio_pct":15.538,"economic_asset_count":61,"criticality_territory":"martinique","criticality_family":"eu","criticality_scenario":"rp100","criticality_period_years":"100","criticality_hazard":"storm_cmcc"},"geometry":{"type":"Polygon","coordinates":[[[-61.02972914254312,14.648119846630594],[-61.03040619895615,14.64747569654892],[-61.03117407010129,14.647298608049232],[-61.03278805605625,14.647538895407825],[-61.03364131220933,14.648052924335515],[-61.03438380714563,14.649161481762652],[-61.03440891681981,14.650894756128737],[-61.03387154797861,14.651591227963536],[-61.0331453219569,14.65189183107497],[-61.03003623777687,14.651663840073864],[-61.02935124759781,14.651155187890586],[-61.0290288153185,14.650367514722522],[-61.02926198199642,14.649068167264652],[-61.02972914114199,14.649068167466016],[-61.02972914254312,14.648119846630594]]]}},{"type":"Feature","properties":{"feature_id":"EU_080001997209","layer_key":"eau_eu","layer_label":"Eau EU","economic_unit_id":"EU_080001997209","economic_state":"S2","economic_exposure_eur":408046.0,"economic_damage_eur":63401.0,"economic_damage_ratio_pct":15.538,"economic_asset_count":15,"criticality_territory":"martinique","criticality_family":"eu","criticality_scenario":"rp100","criticality_period_years":"100","criticality_hazard":"storm_cmcc"},"geometry":{"type":"Polygon","coordinates":[[[-61.06188678748686,14.640522289291729],[-61.061821480004,14.641484636980463],[-61.06110042508871,14.642285817034379],[-61.06007043202648,14.642467734737941],[-61.05909333367183,14.642162501885503],[-61.05714246799988,14.640929734635378],[-61.05674003934348,14.640204328475772],[-61.05665399643608,14.638938559841126],[-61.05728208302405,14.637765856845236],[-61.05857540998828,14.637413273114904],[-61.05934217369434,14.637741497439027],[-61.059926760772086,14.638707766962808],[-61.06075937384554,14.639041687081667],[-61.06188678748686,14.640522289291729]]]}},{"type":"Feature","properties":{"feature_id":"EU_080002297224","layer_key":"eau_eu","layer_label":"Eau EU","economic_unit_id":"EU_080002297224","economic_state":"S2","economic_exposure_eur":903036.0,"economic_damage_eur":140312.0,"economic_damage_ratio_pct":15.538,"economic_asset_count":31,"criticality_territory":"martinique","criticality_family":"eu","criticality_scenario":"rp100","criticality_period_years":"100","criticality_hazard":"storm_cmcc"},"geometry":{"type":"Polygon","coordinates":[[[-61.03962584277058,14.652333378622606],[-61.037599071125705,14.65258166854781],[-61.03676977873064,14.652145077522464],[-61.035386478841104,14.650409728184549],[-61.03511143451742,14.649179347349495],[-61.03544781747074,14.648484354425257],[-61.036080980024494,14.648025806883382],[-61.037463306703444,14.648087991107088],[-61.038250051841004,14.647475051162928],[-61.039190876587206,14.64741636581648],[-61.041036472356346,14.648650700524984],[-61.04123599517124,14.649442742554418],[-61.04095059679396,14.650344432114895],[-61.03962584277058,14.652333378622606]]]}},{"type":"Feature","properties":{"feature_id":"EU_080002397224__P1","layer_key":"eau_eu","layer_label":"Eau EU","economic_unit_id":"EU_080002397224__P1","economic_state":"S0","economic_exposure_eur":222591.0,"economic_damage_eur":5499.0,"economic_damage_ratio_pct":2.47,"economic_asset_count":15,"criticality_territory":"martinique","criticality_family":"eu","criticality_scenario":"rp100","criticality_period_years":"100","criticality_hazard":"storm_cmcc"},"geometry":{"type":"Polygon","coordinates":[[[-61.05951222696807,14.624648940609712],[-61.05917956514464,14.625122582690654],[-61.0592172975342,14.625634757625205],[-61.0583154290341,14.625913239538132],[-61.057875075691605,14.625146982137975],[-61.0580842549311,14.62449812897564],[-61.05873810263211,14.624025380715095],[-61.05927805237664,14.624210923616454],[-61.05951222696807,14.624648940609712]]]}},{"type":"Feature","properties":{"feature_id":"EU_080002397224__P2","layer_key":"eau_eu","layer_label":"Eau EU","economic_unit_id":"EU_080002397224__P2","economic_state":"S2","economic_exposure_eur":546195.0,"economic_damage_eur":84867.0,"economic_damage_ratio_pct":15.538,"economic_asset_count":22,"criticality_territory":"martinique","criticality_family":"eu","criticality_scenario":"rp100","criticality_period_years":"100","criticality_hazard":"storm_cmcc"},"geometry":{"type":"Polygon","coordinates":[[[-61.03790251693173,14.647200721814212],[-61.03821135020672,14.646622736891748],[-61.03916927714691,14.646071113126236],[-61.040775004490044,14.646181212379096],[-61.04163465639106,14.64676278529561],[-61.04190174949038,14.64808945393712],[-61.040622535332226,14.650648482775225],[-61.03927036375202,14.650956059757819],[-61.03752018247729,14.64990339210687],[-61.03724275247778,14.648578738982838],[-61.03784358068812,14.647401499298455],[-61.03806247537142,14.647401499276068],[-61.03790251693173,14.647200721814212]]]}},{"type":"Feature","properties":{"feature_id":"EU_080002497224","layer_key":"eau_eu","layer_label":"Eau EU","economic_unit_id":"EU_080002497224","economic_state":"S2","economic_exposure_eur":264106.0,"economic_damage_eur":41036.0,"economic_damage_ratio_pct":15.538,"economic_asset_count":14,"criticality_territory":"martinique","criticality_family":"eu","criticality_scenario":"rp100","criticality_period_years":"100","criticality_hazard":"storm_cmcc"},"geometry":{"type":"Polygon","coordinates":[[[-61.02127253352919,14.671334074172401],[-61.020641606442375,14.671191260866692],[-61.02023460286675,14.6696502884509],[-61.0198292416415,14.669133598901421],[-61.02003190189493,14.66861780396561],[-61.020810212540624,14.668706552620108],[-61.02158260185657,14.67071826005526],[-61.02127253352919,14.671334074172401]]]}},{"type":"Feature","properties":{"feature_id":"EU_080002797213__P1","layer_key":"eau_eu","layer_label":"Eau EU","economic_unit_id":"EU_080002797213__P1","economic_state":"S2","economic_exposure_eur":1500670.0,"economic_damage_eur":233171.0,"economic_damage_ratio_pct":15.538,"economic_asset_count":1,"criticality_territory":"martinique","criticality_family":"eu","criticality_scenario":"rp100","criticality_period_years":"100","criticality_hazard":"storm_cmcc"},"geometry":{"type":"Polygon","coordinates":[[[-61.03352366291627,14.61803405506765],[-61.03349752151556,14.616765594835913],[-61.03384622886123,14.615968479261044],[-61.03462130261909,14.615454761790827],[-61.03784089991323,14.614681864400367],[-61.03926057935022,14.611883036186526],[-61.040866079723195,14.610045034114643],[-61.041570933975066,14.60971152829263],[-61.04299245492614,14.609634505401141],[-61.04413395145689,14.610217042724573],[-61.04448832877781,14.611067578629248],[-61.044266287001655,14.612204394284847],[-61.04351300109722,14.612892829849903],[-61.04246491462278,14.612995407547716],[-61.04019455439889,14.617075355775683],[-61.039453238145285,14.617549520310668],[-61.036929595105576,14.618156146992456],[-61.0378890620645,14.619683396677505],[-61.03776928279757,14.62044278708498],[-61.03729601133205,14.621057528641689],[-61.036214019336946,14.621410232834531],[-61.03511846864475,14.620942433298065],[-61.03362095570284,14.61906816607108],[-61.03389585120947,14.619068166075822],[-61.034014604926945,14.61830662386279],[-61.034650246422736,14.618234832607667],[-61.03464514089151,14.61803405543644],[-61.03352366291627,14.61803405506765]]]}},{"type":"Feature","properties":{"feature_id":"EU_080002797213__P2","layer_key":"eau_eu","layer_label":"Eau EU","economic_unit_id":"EU_080002797213__P2","economic_state":"S0","economic_exposure_eur":72186.0,"economic_damage_eur":1783.0,"economic_damage_ratio_pct":2.469,"economic_asset_count":3,"criticality_territory":"martinique","criticality_family":"eu","criticality_scenario":"rp100","criticality_period_years":"100","criticality_hazard":"storm_cmcc"},"geometry":{"type":"Polygon","coordinates":[[[-61.0421921621254,14.615378474179261],[-61.04178924704821,14.614795284821794],[-61.04233999597525,14.614261933069987],[-61.04308822723102,14.614063514627494],[-61.04351013326966,14.614589663388033],[-61.0421921621254,14.615378474179261]]]}},{"type":"Feature","properties":{"feature_id":"EU_080002797213__P3","layer_key":"eau_eu","layer_label":"Eau EU","economic_unit_id":"EU_080002797213__P3","economic_state":"S0","economic_exposure_eur":4232342.0,"economic_damage_eur":104592.0,"economic_damage_ratio_pct":2.471,"economic_asset_count":208,"criticality_territory":"martinique","criticality_family":"eu","criticality_scenario":"rp100","criticality_period_years":"100","criticality_hazard":"storm_cmcc"},"geometry":{"type":"MultiPolygon","coordinates":[[[[-61.02954548304887,14.627200720903847],[-61.02954548457112,14.628234833717109],[-61.030324075442735,14.628375395779786],[-61.03037882050784,14.629901500270561],[-61.03113842181379,14.630017132464953],[-61.03121215644481,14.631568166824096],[-61.03176884564088,14.631572050108847],[-61.03067115489551,14.632894275188965],[-61.02837860402938,14.633367759287575],[-61.02674904755671,14.632521361739295],[-61.02328345730492,14.631752277954229],[-61.02022955020899,14.627328268360328],[-61.0189443831743,14.624263828526908],[-61.01861162716693,14.621978410654949],[-61.0197662687836,14.619555231833836],[-61.02074616474945,14.61877465273936],[-61.02204546878832,14.618444948957103],[-61.02204546973096,14.61906816819787],[-61.024373774870725,14.619105512671066],[-61.0245454714077,14.619901501100372],[-61.028895850921494,14.619901500320859],[-61.02815765253696,14.619608084822334],[-61.028062519266015,14.618867387550514],[-61.02737354043634,14.618814084539713],[-61.0272291869631,14.61827159395961],[-61.029491956603515,14.618111561668762],[-61.031011472603666,14.618715266762585],[-61.031212139273705,14.619901499906526],[-61.03195270017428,14.619901499719083],[-61.032122460191154,14.62040821819555],[-61.03191273077098,14.622548111683994],[-61.03047001943759,14.623952113687322],[-61.02819440537311,14.624274914408872],[-61.03078284276039,14.627200720933919],[-61.02954548304887,14.627200720903847]],[[-61.021212137177784,14.619700719630547],[-61.02121213747316,14.619901501698804],[-61.021395852332795,14.619901501665796],[-61.021212137177784,14.619700719630547]],[[-61.027045478919646,14.624700720529912],[-61.0270454804416,14.62573483411092],[-61.02806250916106,14.625734833928778],[-61.02806251068302,14.624700720712063],[-61.027045478919646,14.624700720529912]]],[[[-61.022459707629295,14.618853767297704],[-61.022229187628696,14.618443268282928],[-61.023011464588606,14.618560839691174],[-61.02359338446198,14.618795594752763],[-61.022459707629295,14.618853767297704]]]]}},{"type":"Feature","properties":{"feature_id":"EU_080002797213__P4","layer_key":"eau_eu","layer_label":"Eau EU","economic_unit_id":"EU_080002797213__P4","economic_state":"S0","economic_exposure_eur":70159.0,"economic_damage_eur":1732.0,"economic_damage_ratio_pct":2.469,"economic_asset_count":4,"criticality_territory":"martinique","criticality_family":"eu","criticality_scenario":"rp100","criticality_period_years":"100","criticality_hazard":"storm_cmcc"},"geometry":{"type":"Polygon","coordinates":[[[-61.044272793413946,14.613861292557834],[-61.04356269473704,14.613735115848304],[-61.04378111683717,14.61243947189384],[-61.04438921124426,14.612439359741455],[-61.04458622799367,14.61303819087999],[-61.044272793413946,14.613861292557834]]]}},{"type":"Feature","properties":{"feature_id":"EU_080003297209__P1","layer_key":"eau_eu","layer_label":"Eau EU","economic_unit_id":"EU_080003297209__P1","economic_state":"S0","economic_exposure_eur":41839.0,"economic_damage_eur":1036.0,"economic_damage_ratio_pct":2.476,"economic_asset_count":1,"criticality_territory":"martinique","criticality_family":"eu","criticality_scenario":"rp100","criticality_period_years":"100","criticality_hazard":"storm_cmcc"},"geometry":{"type":"Polygon","coordinates":[[[-61.03796842000071,14.670124825744697],[-61.03777933660841,14.669604161325022],[-61.038761528458885,14.669080277483035],[-61.039130365682226,14.66968451705727],[-61.038490629258,14.67017684188606],[-61.03796842000071,14.670124825744697]]]}},{"type":"Feature","properties":{"feature_id":"EU_080003297209__P2","layer_key":"eau_eu","layer_label":"Eau EU","economic_unit_id":"EU_080003297209__P2","economic_state":"S0","economic_exposure_eur":178854.0,"economic_damage_eur":4430.0,"economic_damage_ratio_pct":2.477,"economic_asset_count":1,"criticality_territory":"martinique","criticality_family":"eu","criticality_scenario":"rp100","criticality_period_years":"100","criticality_hazard":"storm_cmcc"},"geometry":{"type":"Polygon","coordinates":[[[-61.03849875810383,14.673993857487007],[-61.038040454468444,14.674319316556783],[-61.0370492057402,14.673347467660895],[-61.03721996245964,14.672962360512496],[-61.038224486375746,14.672348887328187],[-61.03874196714815,14.672728195490565],[-61.03849875810383,14.673993857487007]]]}},{"type":"Feature","properties":{"feature_id":"EU_080003297209__P3","layer_key":"eau_eu","layer_label":"Eau EU","economic_unit_id":"EU_080003297209__P3","economic_state":"S0","economic_exposure_eur":180538.0,"economic_damage_eur":4470.0,"economic_damage_ratio_pct":2.476,"economic_asset_count":14,"criticality_territory":"martinique","criticality_family":"eu","criticality_scenario":"rp100","criticality_period_years":"100","criticality_hazard":"storm_cmcc"},"geometry":{"type":"Polygon","coordinates":[[[-61.03066954063983,14.669655025000115],[-61.0302858117803,14.670129869657643],[-61.02929392261701,14.669963927704206],[-61.02908400058405,14.66936524924834],[-61.02932204748764,14.66895799365365],[-61.03004967440076,14.668723481178146],[-61.030558954495696,14.669159930533292],[-61.03066954063983,14.669655025000115]]]}},{"type":"Feature","properties":{"feature_id":"EU_080003297209__P4","layer_key":"eau_eu","layer_label":"Eau EU","economic_unit_id":"EU_080003297209__P4","economic_state":"S2","economic_exposure_eur":44259.0,"economic_damage_eur":6877.0,"economic_damage_ratio_pct":15.538,"economic_asset_count":2,"criticality_territory":"martinique","criticality_family":"eu","criticality_scenario":"rp100","criticality_period_years":"100","criticality_hazard":"storm_cmcc"},"geometry":{"type":"Polygon","coordinates":[[[-61.0386072099013,14.651758818869183],[-61.03816841431735,14.651612176026887],[-61.038055409873856,14.650917964461113],[-61.038600084782956,14.650529271526173],[-61.03903119165863,14.650596028182864],[-61.039253614677975,14.651011564508968],[-61.0386072099013,14.651758818869183]]]}},{"type":"Feature","properties":{"feature_id":"EU_080006197209__P1","layer_key":"eau_eu","layer_label":"Eau EU","economic_unit_id":"EU_080006197209__P1","economic_state":"S0","economic_exposure_eur":770566.0,"economic_damage_eur":19038.0,"economic_damage_ratio_pct":2.471,"economic_asset_count":4,"criticality_territory":"martinique","criticality_family":"eu","criticality_scenario":"rp100","criticality_period_years":"100","criticality_hazard":"storm_cmcc"},"geometry":{"type":"Polygon","coordinates":[[[-61.10806872335778,14.634446148445463],[-61.10806248360989,14.633084542016391],[-61.107878841513816,14.634901486791726],[-61.108657428351925,14.635042054887696],[-61.108687449192374,14.636172149127564],[-61.107878843672886,14.636367401035667],[-61.107854116860565,14.637005482394619],[-61.10756978613798,14.637152372446465],[-61.106230246003314,14.637057214423464],[-61.10562314617842,14.636495332900237],[-61.1055640439181,14.636020108200189],[-61.10639581363447,14.635534067472136],[-61.105617227086924,14.635393497883582],[-61.105568724007995,14.634322738216103],[-61.107229150950296,14.63269883902489],[-61.1072291517262,14.6322007343807],[-61.1068449739998,14.633009990906281],[-61.105255353893554,14.633020205252087],[-61.106920175218484,14.631549055140477],[-61.10838224568008,14.631615316020367],[-61.108993616819944,14.632207527967907],[-61.109207565305105,14.632979886865707],[-61.108870710665606,14.634700734597244],[-61.10806872335778,14.634446148445463]]]}},{"type":"Feature","properties":{"feature_id":"EU_080006197209__P2","layer_key":"eau_eu","layer_label":"Eau EU","economic_unit_id":"EU_080006197209__P2","economic_state":"S2","economic_exposure_eur":1868151.0,"economic_damage_eur":290269.0,"economic_damage_ratio_pct":15.538,"economic_asset_count":53,"criticality_territory":"martinique","criticality_family":"eu","criticality_scenario":"rp100","criticality_period_years":"100","criticality_hazard":"storm_cmcc"},"geometry":{"type":"Polygon","coordinates":[[[-61.09472913925949,14.642200731929595],[-61.09426981840056,14.642200731577868],[-61.09389580730555,14.641367398476742],[-61.093535863278795,14.64136739827801],[-61.09312818324221,14.640233575714081],[-61.09334237595266,14.639205511216527],[-61.0938958106932,14.639068155959546],[-61.09389581131607,14.638624220467257],[-61.094361727013805,14.638234822382422],[-61.096395811466785,14.638234822175837],[-61.09639581198709,14.637869912462206],[-61.09691889358412,14.63829240171446],[-61.09759302604729,14.637972165624824],[-61.098381900215216,14.637991088411297],[-61.0997044103644,14.639085306316222],[-61.10069841046421,14.639422125451386],[-61.10118244386474,14.640028933355289],[-61.10121003398669,14.641238707172908],[-61.10035093204152,14.642113139275954],[-61.09892030881931,14.642478907244108],[-61.0981306266517,14.64237983569789],[-61.09703437218633,14.643373237129426],[-61.096286867482675,14.643619494471475],[-61.095052657515986,14.64340472641336],[-61.094729137852795,14.64315716802938],[-61.09472913925949,14.642200731929595]]]}},{"type":"Feature","properties":{"feature_id":"EU_080006197209__P3","layer_key":"eau_eu","layer_label":"Eau EU","economic_unit_id":"EU_080006197209__P3","economic_state":"S0","economic_exposure_eur":430241.0,"economic_damage_eur":10633.0,"economic_damage_ratio_pct":2.471,"economic_asset_count":27,"criticality_territory":"martinique","criticality_family":"eu","criticality_scenario":"rp100","criticality_period_years":"100","criticality_hazard":"storm_cmcc"},"geometry":{"type":"Polygon","coordinates":[[[-61.09932279224402,14.636382640426504],[-61.09820071196262,14.636902909930951],[-61.09597824202892,14.636717975722185],[-61.09536038612898,14.636167329025492],[-61.095109711456104,14.635438808336799],[-61.09529143713024,14.634523000177067],[-61.09647780793573,14.63251275616374],[-61.097784983543754,14.631820634972868],[-61.09866115243831,14.631996867291148],[-61.09933311154989,14.632640664414374],[-61.09977474176287,14.635162792676907],[-61.09932279224402,14.636382640426504]]]}},{"type":"Feature","properties":{"feature_id":"EU_080006197209__P4","layer_key":"eau_eu","layer_label":"Eau EU","economic_unit_id":"EU_080006197209__P4","economic_state":"S0","economic_exposure_eur":30468.0,"economic_damage_eur":753.0,"economic_damage_ratio_pct":2.472,"economic_asset_count":3,"criticality_territory":"martinique","criticality_family":"eu","criticality_scenario":"rp100","criticality_period_years":"100","criticality_hazard":"storm_cmcc"},"geometry":{"type":"Polygon","coordinates":[[[-61.09685962367878,14.63430381152632],[-61.096515691030454,14.634565524460147],[-61.095718473875934,14.634484811434437],[-61.095404892676456,14.634129345112012],[-61.095501429836354,14.633714858524593],[-61.09594223123144,14.633434006328875],[-61.096847478096734,14.633835368902453],[-61.09685962367878,14.63430381152632]]]}},{"type":"Feature","properties":{"feature_id":"EU_080006197209__P5","layer_key":"eau_eu","layer_label":"Eau EU","economic_unit_id":"EU_080006197209__P5","economic_state":"S0","economic_exposure_eur":738759.0,"economic_damage_eur":18255.0,"economic_damage_ratio_pct":2.471,"economic_asset_count":2,"criticality_territory":"martinique","criticality_family":"eu","criticality_scenario":"rp100","criticality_period_years":"100","criticality_hazard":"storm_cmcc"},"geometry":{"type":"Polygon","coordinates":[[[-61.1027626722344,14.639731940211016],[-61.10183266617465,14.640576964790363],[-61.09916460350935,14.641063883866828],[-61.09834756533312,14.640708879786045],[-61.09786697130663,14.640040930602815],[-61.09780338986237,14.639172018644903],[-61.09833392265111,14.637854211491014],[-61.09945984219928,14.635775484027347],[-61.10024890831903,14.635192438825113],[-61.101642952375734,14.635278102512618],[-61.10280886744068,14.63626717395966],[-61.10318696513094,14.637205238397211],[-61.1027626722344,14.639731940211016]]]}},{"type":"Feature","properties":{"feature_id":"EU_080006197209__P6","layer_key":"eau_eu","layer_label":"Eau EU","economic_unit_id":"EU_080006197209__P6","economic_state":"S0","economic_exposure_eur":29497.0,"economic_damage_eur":729.0,"economic_damage_ratio_pct":2.472,"economic_asset_count":4,"criticality_territory":"martinique","criticality_family":"eu","criticality_scenario":"rp100","criticality_period_years":"100","criticality_hazard":"storm_cmcc"},"geometry":{"type":"Polygon","coordinates":[[[-61.09763913619879,14.63348297125555],[-61.09751143696689,14.633934766568478],[-61.09700379154959,14.634239125883154],[-61.0965005102706,14.634021983835],[-61.09649184248637,14.633319135207497],[-61.097355803503675,14.633142143522228],[-61.09763913619879,14.63348297125555]]]}},{"type":"Feature","properties":{"feature_id":"EU_080006197209__P7","layer_key":"eau_eu","layer_label":"Eau EU","economic_unit_id":"EU_080006197209__P7","economic_state":"S0","economic_exposure_eur":82104.0,"economic_damage_eur":2029.0,"economic_damage_ratio_pct":2.471,"economic_asset_count":2,"criticality_territory":"martinique","criticality_family":"eu","criticality_scenario":"rp100","criticality_period_years":"100","criticality_hazard":"storm_cmcc"},"geometry":{"type":"Polygon","coordinates":[[[-61.10011018574137,14.635487872869904],[-61.09966085527745,14.63594205395339],[-61.0989008469563,14.635781540157248],[-61.09852449907336,14.635119517741717],[-61.0989461207996,14.634548952350228],[-61.10011018574137,14.635487872869904]]]}},{"type":"Feature","properties":{"feature_id":"EU_080008397209__P1","layer_key":"eau_eu","layer_label":"Eau EU","economic_unit_id":"EU_080008397209__P1","economic_state":"S0","economic_exposure_eur":3138524.0,"economic_damage_eur":77489.0,"economic_damage_ratio_pct":2.469,"economic_asset_count":73,"criticality_territory":"martinique","criticality_family":"eu","criticality_scenario":"rp100","criticality_period_years":"100","criticality_hazard":"storm_cmcc"},"geometry":{"type":"Polygon","coordinates":[[[-61.08871214915059,14.619700731552328],[-61.08871215067188,14.62073482312836],[-61.08940946805723,14.620734822913992],[-61.08877877662327,14.621746431588996],[-61.08774580276805,14.622459277633258],[-61.08635017916642,14.622699214571552],[-61.08462473509623,14.622056814586259],[-61.08230614232228,14.619505811450443],[-61.081956447106144,14.61761821342351],[-61.08120658514517,14.616237686260854],[-61.08106059277636,14.614239242132482],[-61.08220358078155,14.612072617508629],[-61.08403861694765,14.610568361603672],[-61.08700711866946,14.61021622518632],[-61.09010090284083,14.61137717843535],[-61.09127592598836,14.612583909750057],[-61.09206564522487,14.61439487153793],[-61.0920086631326,14.615842692814791],[-61.09014098251578,14.61829308686307],[-61.089591065787765,14.619700731718357],[-61.08871214915059,14.619700731552328]]]}},{"type":"Feature","properties":{"feature_id":"EU_080008397209__P10","layer_key":"eau_eu","layer_label":"Eau EU","economic_unit_id":"EU_080008397209__P10","economic_state":"S0","economic_exposure_eur":361892.0,"economic_damage_eur":8938.0,"economic_damage_ratio_pct":2.47,"economic_asset_count":2,"criticality_territory":"martinique","criticality_family":"eu","criticality_scenario":"rp100","criticality_period_years":"100","criticality_hazard":"storm_cmcc"},"geometry":{"type":"Polygon","coordinates":[[[-61.08986770973515,14.616999120566241],[-61.08878639780344,14.617613117136306],[-61.08776083180082,14.617333634061964],[-61.08788105625732,14.616753168683687],[-61.089777280916515,14.615091781380915],[-61.09020558614849,14.615009970417894],[-61.09057504989389,14.615613820593678],[-61.08985404781777,14.616359541628828],[-61.08986770973515,14.616999120566241]]]}},{"type":"Feature","properties":{"feature_id":"EU_080008397209__P11","layer_key":"eau_eu","layer_label":"Eau EU","economic_unit_id":"EU_080008397209__P11","economic_state":"S0","economic_exposure_eur":64039.0,"economic_damage_eur":1582.0,"economic_damage_ratio_pct":2.471,"economic_asset_count":1,"criticality_territory":"martinique","criticality_family":"eu","criticality_scenario":"rp100","criticality_period_years":"100","criticality_hazard":"storm_cmcc"},"geometry":{"type":"Polygon","coordinates":[[[-61.10785748415881,14.628196880696219],[-61.107648538394834,14.628710309208078],[-61.10631958324354,14.62853385055486],[-61.10644948407331,14.627842420737275],[-61.10740062210679,14.627806026544784],[-61.10785748415881,14.628196880696219]]]}},{"type":"Feature","properties":{"feature_id":"EU_080008397209__P12","layer_key":"eau_eu","layer_label":"Eau EU","economic_unit_id":"EU_080008397209__P12","economic_state":"S0","economic_exposure_eur":270752.0,"economic_damage_eur":6692.0,"economic_damage_ratio_pct":2.472,"economic_asset_count":17,"criticality_territory":"martinique","criticality_family":"eu","criticality_scenario":"rp100","criticality_period_years":"100","criticality_hazard":"storm_cmcc"},"geometry":{"type":"Polygon","coordinates":[[[-61.09846161278186,14.631389623026617],[-61.09793645034404,14.632341720634594],[-61.097512550176155,14.63244311499276],[-61.09633593911895,14.632049011813338],[-61.096334624721116,14.631456858432141],[-61.097166378102976,14.630878915111468],[-61.09695906504224,14.630158690188887],[-61.097177083714435,14.62974093984342],[-61.098533809353086,14.629727691380632],[-61.0986753985688,14.630262472376629],[-61.0982336087658,14.630656409629813],[-61.09846161278186,14.631389623026617]]]}},{"type":"Feature","properties":{"feature_id":"EU_080008397209__P13","layer_key":"eau_eu","layer_label":"Eau EU","economic_unit_id":"EU_080008397209__P13","economic_state":"S0","economic_exposure_eur":158130.0,"economic_damage_eur":3909.0,"economic_damage_ratio_pct":2.472,"economic_asset_count":6,"criticality_territory":"martinique","criticality_family":"eu","criticality_scenario":"rp100","criticality_period_years":"100","criticality_hazard":"storm_cmcc"},"geometry":{"type":"Polygon","coordinates":[[[-61.09814878537919,14.63008341158444],[-61.09754094155372,14.630064286601543],[-61.096914807422856,14.629381588148771],[-61.09685568933996,14.628378497993364],[-61.097570661175666,14.62828139670299],[-61.098287424007964,14.628986338614622],[-61.09814878537919,14.63008341158444]]]}},{"type":"Feature","properties":{"feature_id":"EU_080008397209__P14","layer_key":"eau_eu","layer_label":"Eau EU","economic_unit_id":"EU_080008397209__P14","economic_state":"S0","economic_exposure_eur":614842.0,"economic_damage_eur":15194.0,"economic_damage_ratio_pct":2.471,"economic_asset_count":5,"criticality_territory":"martinique","criticality_family":"eu","criticality_scenario":"rp100","criticality_period_years":"100","criticality_hazard":"storm_cmcc"},"geometry":{"type":"Polygon","coordinates":[[[-61.1068438025105,14.629702915198669],[-61.105920026900826,14.629885976204875],[-61.10478256336209,14.629271340608911],[-61.10364775583364,14.629230050596263],[-61.102948595379665,14.62868653656687],[-61.1026558308322,14.627922433918586],[-61.102790466271614,14.626704566531492],[-61.10436184630861,14.624621229682194],[-61.10557559742198,14.624361337619924],[-61.10662258776544,14.625013247036051],[-61.10711231318054,14.626487445307685],[-61.10797618023485,14.62758253723972],[-61.10794265340553,14.628350167520262],[-61.1068438025105,14.629702915198669]]]}},{"type":"Feature","properties":{"feature_id":"EU_080008397209__P15","layer_key":"eau_eu","layer_label":"Eau EU","economic_unit_id":"EU_080008397209__P15","economic_state":"S2","economic_exposure_eur":49851.0,"economic_damage_eur":7746.0,"economic_damage_ratio_pct":15.538,"economic_asset_count":3,"criticality_territory":"martinique","criticality_family":"eu","criticality_scenario":"rp100","criticality_period_years":"100","criticality_hazard":"storm_cmcc"},"geometry":{"type":"Polygon","coordinates":[[[-61.07558955813845,14.621709474776383],[-61.074924273599684,14.621436690968572],[-61.0750325149163,14.620656908885378],[-61.07534289219828,14.620358090586397],[-61.07585704806886,14.620460625065032],[-61.076068705142006,14.620991380766258],[-61.07558955813845,14.621709474776383]]]}},{"type":"Feature","properties":{"feature_id":"EU_080008397209__P16","layer_key":"eau_eu","layer_label":"Eau EU","economic_unit_id":"EU_080008397209__P16","economic_state":"S0","economic_exposure_eur":32372.0,"economic_damage_eur":800.0,"economic_damage_ratio_pct":2.472,"economic_asset_count":6,"criticality_territory":"martinique","criticality_family":"eu","criticality_scenario":"rp100","criticality_period_years":"100","criticality_hazard":"storm_cmcc"},"geometry":{"type":"Polygon","coordinates":[[[-61.09779403684611,14.632936435812168],[-61.097621720708794,14.633544326045822],[-61.09616087418175,14.63335662328366],[-61.096292366806395,14.632665482497162],[-61.09725002699073,14.632631185854587],[-61.09779403684611,14.632936435812168]]]}},{"type":"Feature","properties":{"feature_id":"EU_080008397209__P17","layer_key":"eau_eu","layer_label":"Eau EU","economic_unit_id":"EU_080008397209__P17","economic_state":"S0","economic_exposure_eur":14487.0,"economic_damage_eur":358.0,"economic_damage_ratio_pct":2.471,"economic_asset_count":2,"criticality_territory":"martinique","criticality_family":"eu","criticality_scenario":"rp100","criticality_period_years":"100","criticality_hazard":"storm_cmcc"},"geometry":{"type":"Polygon","coordinates":[[[-61.09591631162385,14.633626107282417],[-61.09535965351268,14.633081254570763],[-61.095600771883305,14.632451065683908],[-61.09603123798023,14.632241527996513],[-61.09652691357179,14.632552679735236],[-61.096450490026875,14.633106150488429],[-61.09591631162385,14.633626107282417]]]}},{"type":"Feature","properties":{"feature_id":"EU_080008397209__P18","layer_key":"eau_eu","layer_label":"Eau EU","economic_unit_id":"EU_080008397209__P18","economic_state":"S0","economic_exposure_eur":13130.0,"economic_damage_eur":325.0,"economic_damage_ratio_pct":2.472,"economic_asset_count":2,"criticality_territory":"martinique","criticality_family":"eu","criticality_scenario":"rp100","criticality_period_years":"100","criticality_hazard":"storm_cmcc"},"geometry":{"type":"Polygon","coordinates":[[[-61.09846225619329,14.632823448252989],[-61.097809830251705,14.632472065458652],[-61.098127383583524,14.631776530421059],[-61.09856061853964,14.631828439829242],[-61.09879484831176,14.632192168053166],[-61.09846225619329,14.632823448252989]]]}},{"type":"Feature","properties":{"feature_id":"EU_080008397209__P19","layer_key":"eau_eu","layer_label":"Eau EU","economic_unit_id":"EU_080008397209__P19","economic_state":"S0","economic_exposure_eur":18674.0,"economic_damage_eur":461.0,"economic_damage_ratio_pct":2.471,"economic_asset_count":2,"criticality_territory":"martinique","criticality_family":"eu","criticality_scenario":"rp100","criticality_period_years":"100","criticality_hazard":"storm_cmcc"},"geometry":{"type":"Polygon","coordinates":[[[-61.09798724479211,14.633625480261268],[-61.097299315209774,14.633220042298865],[-61.097342186938455,14.6327343170728],[-61.097689186978485,14.632476474568124],[-61.098202635854435,14.632564376798966],[-61.09838880606966,14.633024449873561],[-61.09798724479211,14.633625480261268]]]}},{"type":"Feature","properties":{"feature_id":"EU_080008397209__P2","layer_key":"eau_eu","layer_label":"Eau EU","economic_unit_id":"EU_080008397209__P2","economic_state":"S0","economic_exposure_eur":1989020.0,"economic_damage_eur":49154.0,"economic_damage_ratio_pct":2.471,"economic_asset_count":46,"criticality_territory":"martinique","criticality_family":"eu","criticality_scenario":"rp100","criticality_period_years":"100","criticality_hazard":"storm_cmcc"},"geometry":{"type":"Polygon","coordinates":[[[-61.10464906215468,14.626558623635754],[-61.10403076268159,14.62931987468449],[-61.10249909450147,14.630907270295513],[-61.10038892632285,14.63120111496242],[-61.099110905764334,14.630604603915401],[-61.098312793486116,14.62964755139117],[-61.09809857013841,14.626861770037056],[-61.09713016377972,14.626196731398728],[-61.09580984612029,14.626053800120935],[-61.09155224098702,14.624407841148113],[-61.09047485555306,14.623031006760046],[-61.090364625978715,14.62130338021281],[-61.09143105178582,14.61966240905254],[-61.0935897108664,14.618754908008748],[-61.099564713079545,14.619145013810437],[-61.101328133942026,14.620187681344087],[-61.10200236257264,14.621850482617],[-61.10398669675918,14.624396214988941],[-61.10464906215468,14.626558623635754]],[[-61.09954549294912,14.625534066588054],[-61.09954549324458,14.625734821361583],[-61.10023945916181,14.625734821145155],[-61.09954549294912,14.625534066588054]],[[-61.100562499758,14.623034066837436],[-61.10037882274779,14.623034066805756],[-61.10037882347694,14.62356010939833],[-61.100562499758,14.623034066837436]]]}},{"type":"Feature","properties":{"feature_id":"EU_080008397209__P20","layer_key":"eau_eu","layer_label":"Eau EU","economic_unit_id":"EU_080008397209__P20","economic_state":"S0","economic_exposure_eur":21815.0,"economic_damage_eur":539.0,"economic_damage_ratio_pct":2.472,"economic_asset_count":4,"criticality_territory":"martinique","criticality_family":"eu","criticality_scenario":"rp100","criticality_period_years":"100","criticality_hazard":"storm_cmcc"},"geometry":{"type":"Polygon","coordinates":[[[-61.09699382200248,14.63214634736353],[-61.09697268498357,14.632945225440883],[-61.09624079889149,14.63294333547985],[-61.09623392546909,14.632219746043566],[-61.09699382200248,14.63214634736353]]]}},{"type":"Feature","properties":{"feature_id":"EU_080008397209__P21","layer_key":"eau_eu","layer_label":"Eau EU","economic_unit_id":"EU_080008397209__P21","economic_state":"S0","economic_exposure_eur":10779.0,"economic_damage_eur":266.0,"economic_damage_ratio_pct":2.472,"economic_asset_count":1,"criticality_territory":"martinique","criticality_family":"eu","criticality_scenario":"rp100","criticality_period_years":"100","criticality_hazard":"storm_cmcc"},"geometry":{"type":"Polygon","coordinates":[[[-61.09883670826746,14.632420802679793],[-61.098563802964435,14.63208909858861],[-61.0990372428612,14.63144809433517],[-61.099652010071765,14.6318165603114],[-61.099273182062205,14.632425828390927],[-61.09883670826746,14.632420802679793]]]}},{"type":"Feature","properties":{"feature_id":"EU_080008397209__P22","layer_key":"eau_eu","layer_label":"Eau EU","economic_unit_id":"EU_080008397209__P22","economic_state":"S0","economic_exposure_eur":10294.0,"economic_damage_eur":254.0,"economic_damage_ratio_pct":2.472,"economic_asset_count":2,"criticality_territory":"martinique","criticality_family":"eu","criticality_scenario":"rp100","criticality_period_years":"100","criticality_hazard":"storm_cmcc"},"geometry":{"type":"Polygon","coordinates":[[[-61.096346404614856,14.630842079126891],[-61.09597404476044,14.63023990114863],[-61.096626411850515,14.629806920204944],[-61.09696331310344,14.630077156609566],[-61.09696437305461,14.630504165616506],[-61.096346404614856,14.630842079126891]]]}},{"type":"Feature","properties":{"feature_id":"EU_080008397209__P23","layer_key":"eau_eu","layer_label":"Eau EU","economic_unit_id":"EU_080008397209__P23","economic_state":"S0","economic_exposure_eur":49721.0,"economic_damage_eur":1229.0,"economic_damage_ratio_pct":2.472,"economic_asset_count":2,"criticality_territory":"martinique","criticality_family":"eu","criticality_scenario":"rp100","criticality_period_years":"100","criticality_hazard":"storm_cmcc"},"geometry":{"type":"Polygon","coordinates":[[[-61.097193227784516,14.630633709316887],[-61.0974348795265,14.63108736572356],[-61.09722435106466,14.631459676218201],[-61.09651738203431,14.631752365166534],[-61.096030307126085,14.631233566809708],[-61.0965656718436,14.63060296097705],[-61.097193227784516,14.630633709316887]]]}},{"type":"Feature","properties":{"feature_id":"EU_080008397209__P24","layer_key":"eau_eu","layer_label":"Eau EU","economic_unit_id":"EU_080008397209__P24","economic_state":"S0","economic_exposure_eur":22446.0,"economic_damage_eur":555.0,"economic_damage_ratio_pct":2.471,"economic_asset_count":1,"criticality_territory":"martinique","criticality_family":"eu","criticality_scenario":"rp100","criticality_period_years":"100","criticality_hazard":"storm_cmcc"},"geometry":{"type":"Polygon","coordinates":[[[-61.09832060855319,14.632778505972672],[-61.09851885932109,14.632351519052667],[-61.098945447295506,14.632261442861507],[-61.09941062362208,14.632541394593785],[-61.099317002744044,14.63323835919642],[-61.098575093857626,14.633176226564284],[-61.09832060855319,14.632778505972672]]]}},{"type":"Feature","properties":{"feature_id":"EU_080008397209__P25","layer_key":"eau_eu","layer_label":"Eau EU","economic_unit_id":"EU_080008397209__P25","economic_state":"S0","economic_exposure_eur":135930.0,"economic_damage_eur":3361.0,"economic_damage_ratio_pct":2.472,"economic_asset_count":4,"criticality_territory":"martinique","criticality_family":"eu","criticality_scenario":"rp100","criticality_period_years":"100","criticality_hazard":"storm_cmcc"},"geometry":{"type":"Polygon","coordinates":[[[-61.10117239490638,14.628687619849181],[-61.101102423148575,14.629275843859611],[-61.10013212696445,14.62980590191997],[-61.09930816850981,14.62964972301081],[-61.09919343827755,14.629151037486928],[-61.0996902877712,14.628414421121464],[-61.10117239490638,14.628687619849181]]]}},{"type":"Feature","properties":{"feature_id":"EU_080008397209__P26","layer_key":"eau_eu","layer_label":"Eau EU","economic_unit_id":"EU_080008397209__P26","economic_state":"S0","economic_exposure_eur":36352.0,"economic_damage_eur":899.0,"economic_damage_ratio_pct":2.472,"economic_asset_count":2,"criticality_territory":"martinique","criticality_family":"eu","criticality_scenario":"rp100","criticality_period_years":"100","criticality_hazard":"storm_cmcc"},"geometry":{"type":"Polygon","coordinates":[[[-61.10228390084927,14.628819300930502],[-61.10182541214197,14.628961726117918],[-61.10116362057651,14.628180966385308],[-61.10174019867425,14.627758011908098],[-61.102417515616,14.628356703173012],[-61.10228390084927,14.628819300930502]]]}},{"type":"Feature","properties":{"feature_id":"EU_080008397209__P27","layer_key":"eau_eu","layer_label":"Eau EU","economic_unit_id":"EU_080008397209__P27","economic_state":"S0","economic_exposure_eur":7825.0,"economic_damage_eur":193.0,"economic_damage_ratio_pct":2.472,"economic_asset_count":1,"criticality_territory":"martinique","criticality_family":"eu","criticality_scenario":"rp100","criticality_period_years":"100","criticality_hazard":"storm_cmcc"},"geometry":{"type":"Polygon","coordinates":[[[-61.1025876353571,14.630544458101465],[-61.10264198498572,14.630966163246459],[-61.10192252245204,14.631274634604837],[-61.10159658434838,14.6306474552453],[-61.102218362340246,14.630317837935145],[-61.1025876353571,14.630544458101465]]]}},{"type":"Feature","properties":{"feature_id":"EU_080008397209__P28","layer_key":"eau_eu","layer_label":"Eau EU","economic_unit_id":"EU_080008397209__P28","economic_state":"S0","economic_exposure_eur":854420.0,"economic_damage_eur":21091.0,"economic_damage_ratio_pct":2.468,"economic_asset_count":13,"criticality_territory":"martinique","criticality_family":"eu","criticality_scenario":"rp100","criticality_period_years":"100","criticality_hazard":"storm_cmcc"},"geometry":{"type":"Polygon","coordinates":[[[-61.08464865964625,14.615793334333025],[-61.083488699401954,14.616502347687298],[-61.08234889684012,14.6164510702708],[-61.08150054875566,14.615629797818553],[-61.08126395240866,14.613274654959557],[-61.082025016203715,14.612397483400418],[-61.082310547096895,14.611367867955847],[-61.08336618755143,14.610310039623895],[-61.084144994456736,14.610186878041407],[-61.0854665087941,14.610492609703961],[-61.086401608748304,14.611356233385232],[-61.086415315295,14.612566224828724],[-61.08518760316092,14.614390392100418],[-61.08464865964625,14.615793334333025]]]}},{"type":"Feature","properties":{"feature_id":"EU_080008397209__P29","layer_key":"eau_eu","layer_label":"Eau EU","economic_unit_id":"EU_080008397209__P29","economic_state":"S0","economic_exposure_eur":452611.0,"economic_damage_eur":11175.0,"economic_damage_ratio_pct":2.469,"economic_asset_count":9,"criticality_territory":"martinique","criticality_family":"eu","criticality_scenario":"rp100","criticality_period_years":"100","criticality_hazard":"storm_cmcc"},"geometry":{"type":"Polygon","coordinates":[[[-61.077123046599695,14.606472995050805],[-61.077358918326,14.607255517933194],[-61.07713374010387,14.608098573065154],[-61.07653622141169,14.608670018214148],[-61.07566653996394,14.608874043524851],[-61.07401711497482,14.60855367804866],[-61.07294823089747,14.607762055554002],[-61.07256471772092,14.60524843455326],[-61.07283810883277,14.604274189294394],[-61.07347011624804,14.603657709196963],[-61.07439147612971,14.603464017569532],[-61.07526806539616,14.603801434968993],[-61.07625683075027,14.604912982703263],[-61.07646567352479,14.605882197297179],[-61.077123046599695,14.606472995050805]]]}},{"type":"Feature","properties":{"feature_id":"EU_080008397209__P3","layer_key":"eau_eu","layer_label":"Eau EU","economic_unit_id":"EU_080008397209__P3","economic_state":"S0","economic_exposure_eur":808477.0,"economic_damage_eur":19975.0,"economic_damage_ratio_pct":2.471,"economic_asset_count":14,"criticality_territory":"martinique","criticality_family":"eu","criticality_scenario":"rp100","criticality_period_years":"100","criticality_hazard":"storm_cmcc"},"geometry":{"type":"Polygon","coordinates":[[[-61.09700068905516,14.623224551480412],[-61.097439880424766,14.624149712904195],[-61.097181087005396,14.625184748624225],[-61.0964099063846,14.625790011407073],[-61.092805692245044,14.626161094012055],[-61.09176522030513,14.625613746230291],[-61.09099919009828,14.624707047910015],[-61.09089838449098,14.623901036802165],[-61.09136090056528,14.622458994369394],[-61.09232422593493,14.621547827817334],[-61.09341824256494,14.621546851224814],[-61.09488968506378,14.622680216517525],[-61.096131288288184,14.62276243435333],[-61.09700068905516,14.623224551480412]]]}},{"type":"Feature","properties":{"feature_id":"EU_080008397209__P30","layer_key":"eau_eu","layer_label":"Eau EU","economic_unit_id":"EU_080008397209__P30","economic_state":"S0","economic_exposure_eur":5000.0,"economic_damage_eur":124.0,"economic_damage_ratio_pct":2.472,"economic_asset_count":1,"criticality_territory":"martinique","criticality_family":"eu","criticality_scenario":"rp100","criticality_period_years":"100","criticality_hazard":"storm_cmcc"},"geometry":{"type":"Polygon","coordinates":[[[-61.081017704898365,14.625166695594746],[-61.08143556240658,14.62457248006961],[-61.08204068955811,14.624955735900443],[-61.081622832681894,14.625549952603176],[-61.081017704898365,14.625166695594746]]]}},{"type":"Feature","properties":{"feature_id":"EU_080008397209__P4","layer_key":"eau_eu","layer_label":"Eau EU","economic_unit_id":"EU_080008397209__P4","economic_state":"S0","economic_exposure_eur":1427038.0,"economic_damage_eur":35275.0,"economic_damage_ratio_pct":2.472,"economic_asset_count":75,"criticality_territory":"martinique","criticality_family":"eu","criticality_scenario":"rp100","criticality_period_years":"100","criticality_hazard":"storm_cmcc"},"geometry":{"type":"Polygon","coordinates":[[[-61.107778227753194,14.63120036396665],[-61.107170514191516,14.631828860401999],[-61.10548236746812,14.632492274928644],[-61.10351855002,14.632781400124523],[-61.10171936304815,14.631533581133862],[-61.10128190294343,14.629287801884841],[-61.101597460508145,14.628583591347791],[-61.10288984562942,14.627201543712674],[-61.1042120202821,14.62682572684514],[-61.10507981881015,14.627195606840647],[-61.10562082426288,14.62798668859765],[-61.10744721646902,14.628644846583736],[-61.10786759265819,14.629295064336544],[-61.10801335551133,14.630285910106105],[-61.107778227753194,14.63120036396665]]]}},{"type":"Feature","properties":{"feature_id":"EU_080008397209__P5","layer_key":"eau_eu","layer_label":"Eau EU","economic_unit_id":"EU_080008397209__P5","economic_state":"S0","economic_exposure_eur":7817712.0,"economic_damage_eur":193049.0,"economic_damage_ratio_pct":2.469,"economic_asset_count":118,"criticality_territory":"martinique","criticality_family":"eu","criticality_scenario":"rp100","criticality_period_years":"100","criticality_hazard":"storm_cmcc"},"geometry":{"type":"Polygon","coordinates":[[[-61.08445035015548,14.625441425105633],[-61.08371215686154,14.625534063844425],[-61.0850351114373,14.625734823553337],[-61.084236472372304,14.627833751013926],[-61.08322328740315,14.628823679807711],[-61.08287882583565,14.627200730316819],[-61.082783685886774,14.627941424845327],[-61.08204549358331,14.628034063480436],[-61.082045495760525,14.629525991297893],[-61.08001006882677,14.629589257005554],[-61.07858889309555,14.628824990247246],[-61.0772683666329,14.6270669994449],[-61.07681804607399,14.624714793365003],[-61.075622926224376,14.62373386909223],[-61.07509093091069,14.622380765820587],[-61.07522253271187,14.61686006476993],[-61.076129299426356,14.615097479578719],[-61.07631792981808,14.613227805116901],[-61.078627109586925,14.61071811795257],[-61.07860030659374,14.608888580926317],[-61.07921125911473,14.607567485948866],[-61.081850737225636,14.606148354237307],[-61.08411986645342,14.606718106008616],[-61.08531068349532,14.608683431129228],[-61.08569377958998,14.613299112583755],[-61.08386060682075,14.617293461941122],[-61.08364019570968,14.618743636602995],[-61.084881451243824,14.623769851364601],[-61.08485084762246,14.624700730653997],[-61.08454548911401,14.624700730680688],[-61.08445035015548,14.625441425105633]]]}},{"type":"Feature","properties":{"feature_id":"EU_080008397209__P6","layer_key":"eau_eu","layer_label":"Eau EU","economic_unit_id":"EU_080008397209__P6","economic_state":"S0","economic_exposure_eur":1759983.0,"economic_damage_eur":43513.0,"economic_damage_ratio_pct":2.472,"economic_asset_count":30,"criticality_territory":"martinique","criticality_family":"eu","criticality_scenario":"rp100","criticality_period_years":"100","criticality_hazard":"storm_cmcc"},"geometry":{"type":"Polygon","coordinates":[[[-61.07843833840595,14.631880834358848],[-61.07708511629434,14.632173261208505],[-61.075977719204644,14.631944200907713],[-61.07514285986761,14.631185967057014],[-61.073705095481806,14.631364024382032],[-61.0721189862448,14.629871053455895],[-61.07192934923836,14.628531783289555],[-61.07282610624847,14.627558321332966],[-61.075446998181874,14.626504679556893],[-61.07638967750345,14.626507475036549],[-61.077171894885524,14.627019746262144],[-61.07775042675833,14.628234373345656],[-61.079206789218816,14.629112121099537],[-61.07947599636892,14.629991788429967],[-61.07917959886703,14.630909587042115],[-61.07843833840595,14.631880834358848]]]}},{"type":"Feature","properties":{"feature_id":"EU_080008397209__P7","layer_key":"eau_eu","layer_label":"Eau EU","economic_unit_id":"EU_080008397209__P7","economic_state":"S0","economic_exposure_eur":40156501.0,"economic_damage_eur":991448.0,"economic_damage_ratio_pct":2.469,"economic_asset_count":810,"criticality_territory":"martinique","criticality_family":"eu","criticality_scenario":"rp100","criticality_period_years":"100","criticality_hazard":"storm_cmcc"},"geometry":{"type":"Polygon","coordinates":[[[-61.073895869515574,14.601568158629982],[-61.07418882682347,14.600736347819367],[-61.075981609368604,14.600748443561114],[-61.07621212030906,14.60156815822504],[-61.07722920223728,14.60156815804739],[-61.07741827213636,14.600764164659152],[-61.07857169871241,14.603233811204834],[-61.078222400194655,14.606551616791053],[-61.080308309161204,14.608586412981179],[-61.08095822915079,14.610711443488038],[-61.080753407920646,14.613842552163165],[-61.07982152980996,14.617066437557087],[-61.077963760858424,14.619619042525946],[-61.076500278617374,14.620662757424066],[-61.07731812475016,14.622848039364223],[-61.07709674912698,14.628263043508412],[-61.075673540374645,14.630108062499668],[-61.07314349320009,14.631081811775712],[-61.06907508495136,14.629919225074824],[-61.06680633968867,14.627717261918331],[-61.065129794172,14.623639018774394],[-61.06329272511562,14.62153050091079],[-61.06279564675068,14.617753865167277],[-61.05977848808299,14.614328089712242],[-61.058554964181106,14.609509185015112],[-61.059035013801555,14.607341779203312],[-61.06079032690825,14.605395025910383],[-61.06160080601633,14.603071583768498],[-61.0633812472232,14.60156816013087],[-61.06517828614197,14.601592235276163],[-61.065562536491576,14.602401493442152],[-61.065562538010774,14.601367394717634],[-61.064824333392465,14.601274756493183],[-61.06472920606001,14.600530749445022],[-61.06653956731549,14.598809292089326],[-61.06704539512778,14.598550070958836],[-61.067045450806376,14.600734826479185],[-61.06778365542748,14.60082746320235],[-61.067878785510764,14.601568159684197],[-61.0701173577732,14.6015742361511],[-61.071395868858886,14.602329698308449],[-61.071395869462584,14.60188444355712],[-61.073895869515574,14.601568158629982]],[[-61.06371213986265,14.616367393950073],[-61.06371214015794,14.616568160739135],[-61.06389584930792,14.61656816070683],[-61.06371213986265,14.616367393950073]]]}},{"type":"Feature","properties":{"feature_id":"EU_080008397209__P8","layer_key":"eau_eu","layer_label":"Eau EU","economic_unit_id":"EU_080008397209__P8","economic_state":"S0","economic_exposure_eur":924377.0,"economic_damage_eur":22815.0,"economic_damage_ratio_pct":2.468,"economic_asset_count":11,"criticality_territory":"martinique","criticality_family":"eu","criticality_scenario":"rp100","criticality_period_years":"100","criticality_hazard":"storm_cmcc"},"geometry":{"type":"Polygon","coordinates":[[[-61.08028170216636,14.612364010313096],[-61.079088000752414,14.612439890580767],[-61.07831355694265,14.611916610811443],[-61.07765155412669,14.610670507361062],[-61.07649981788954,14.610066833285869],[-61.07612880557696,14.60935215871074],[-61.07611069405335,14.607985235902387],[-61.076615474730765,14.606879512682255],[-61.07793420342585,14.606456797628429],[-61.078956043628864,14.606954154624379],[-61.08004111232303,14.606903597744958],[-61.08071825397169,14.60729794606629],[-61.081905497370705,14.609302328064787],[-61.08109675161245,14.611516823568207],[-61.08028170216636,14.612364010313096]]]}},{"type":"Feature","properties":{"feature_id":"EU_080008397209__P9","layer_key":"eau_eu","layer_label":"Eau EU","economic_unit_id":"EU_080008397209__P9","economic_state":"S2","economic_exposure_eur":3512476.0,"economic_damage_eur":545760.0,"economic_damage_ratio_pct":15.538,"economic_asset_count":56,"criticality_territory":"martinique","criticality_family":"eu","criticality_scenario":"rp100","criticality_period_years":"100","criticality_hazard":"storm_cmcc"},"geometry":{"type":"Polygon","coordinates":[[[-61.08879923086894,14.621032057948549],[-61.08760316100828,14.623215105649992],[-61.08477551864532,14.6253798654076],[-61.08454548911401,14.624700730680688],[-61.08437378492098,14.62549671664889],[-61.08239821722997,14.625723498416127],[-61.08015044077782,14.624435969374426],[-61.07925511133744,14.623278724849952],[-61.07883570761817,14.621332941924475],[-61.079191824609495,14.619866133668204],[-61.07854232796347,14.618699468175832],[-61.078502931244465,14.617258679291398],[-61.07975145015523,14.61500780156448],[-61.08165118922637,14.613431234197249],[-61.08311114867828,14.612947237939407],[-61.08485570356399,14.613164860226645],[-61.086766861737566,14.614595432551113],[-61.087212150954784,14.616896782561998],[-61.088643047024064,14.618774332800669],[-61.08879923086894,14.621032057948549]]]}},{"type":"Feature","properties":{"feature_id":"hydraulic-native:martinique-eu-line-cacem-27","layer_key":"eau_eu","layer_label":"Eau EU","economic_unit_id":"hydraulic-native:martinique-eu-line-cacem-27","economic_state":"S0","economic_exposure_eur":289010.0,"economic_damage_eur":7140.0,"economic_damage_ratio_pct":2.47,"economic_asset_count":1,"criticality_territory":"martinique","criticality_family":"eu","criticality_scenario":"rp100","criticality_period_years":"100","criticality_hazard":"storm_cmcc"},"geometry":{"type":"LineString","coordinates":[[-61.107358429835045,14.628301353825096],[-61.10754293744242,14.627797202439663],[-61.10876475216473,14.625954358826785]]}},{"type":"Feature","properties":{"feature_id":"hydraulic-native:martinique-eu-line-cacem-31","layer_key":"eau_eu","layer_label":"Eau EU","economic_unit_id":"hydraulic-native:martinique-eu-line-cacem-31","economic_state":"S0","economic_exposure_eur":225699.0,"economic_damage_eur":5578.0,"economic_damage_ratio_pct":2.471,"economic_asset_count":1,"criticality_territory":"martinique","criticality_family":"eu","criticality_scenario":"rp100","criticality_period_years":"100","criticality_hazard":"storm_cmcc"},"geometry":{"type":"LineString","coordinates":[[-61.10632441701434,14.629786989001477],[-61.106780209104045,14.62988127401442],[-61.107358429835045,14.628301353825096]]}},{"type":"Feature","properties":{"feature_id":"hydraulic-native:martinique-eu-line-cacem-120","layer_key":"eau_eu","layer_label":"Eau EU","economic_unit_id":"hydraulic-native:martinique-eu-line-cacem-120","economic_state":"S0","economic_exposure_eur":38703.0,"economic_damage_eur":955.0,"economic_damage_ratio_pct":2.469,"economic_asset_count":1,"criticality_territory":"martinique","criticality_family":"eu","criticality_scenario":"rp100","criticality_period_years":"100","criticality_hazard":"storm_cmcc"},"geometry":{"type":"LineString","coordinates":[[-61.00312759134316,14.609706299436029],[-61.00301424664398,14.609357974319057]]}},{"type":"Feature","properties":{"feature_id":"hydraulic-native:martinique-eu-line-cacem-723","layer_key":"eau_eu","layer_label":"Eau EU","economic_unit_id":"hydraulic-native:martinique-eu-line-cacem-723","economic_state":"S0","economic_exposure_eur":5000.0,"economic_damage_eur":123.0,"economic_damage_ratio_pct":2.468,"economic_asset_count":1,"criticality_territory":"martinique","criticality_family":"eu","criticality_scenario":"rp100","criticality_period_years":"100","criticality_hazard":"storm_cmcc"},"geometry":{"type":"LineString","coordinates":[[-60.99089593458008,14.611280929132075],[-60.99087893624292,14.611291287637238]]}},{"type":"Feature","properties":{"feature_id":"hydraulic-native:martinique-eu-line-cacem-725","layer_key":"eau_eu","layer_label":"Eau EU","economic_unit_id":"hydraulic-native:martinique-eu-line-cacem-725","economic_state":"S0","economic_exposure_eur":6802.0,"economic_damage_eur":168.0,"economic_damage_ratio_pct":2.468,"economic_asset_count":1,"criticality_territory":"martinique","criticality_family":"eu","criticality_scenario":"rp100","criticality_period_years":"100","criticality_hazard":"storm_cmcc"},"geometry":{"type":"LineString","coordinates":[[-60.99087893624292,14.611291287637238],[-60.99081305965958,14.611288362978442]]}},{"type":"Feature","properties":{"feature_id":"hydraulic-native:martinique-eu-line-cacem-726","layer_key":"eau_eu","layer_label":"Eau EU","economic_unit_id":"hydraulic-native:martinique-eu-line-cacem-726","economic_state":"S0","economic_exposure_eur":8269.0,"economic_damage_eur":204.0,"economic_damage_ratio_pct":2.468,"economic_asset_count":1,"criticality_territory":"martinique","criticality_family":"eu","criticality_scenario":"rp100","criticality_period_years":"100","criticality_hazard":"storm_cmcc"},"geometry":{"type":"LineString","coordinates":[[-60.99086532083981,14.61076588598009],[-60.9909433526776,14.610783808255375]]}},{"type":"Feature","properties":{"feature_id":"hydraulic-native:martinique-eu-line-cacem-727","layer_key":"eau_eu","layer_label":"Eau EU","economic_unit_id":"hydraulic-native:martinique-eu-line-cacem-727","economic_state":"S0","economic_exposure_eur":5541.0,"economic_damage_eur":137.0,"economic_damage_ratio_pct":2.469,"economic_asset_count":1,"criticality_territory":"martinique","criticality_family":"eu","criticality_scenario":"rp100","criticality_period_years":"100","criticality_hazard":"storm_cmcc"},"geometry":{"type":"LineString","coordinates":[[-60.99086532083981,14.61076588598009],[-60.990867049086674,14.610713597111591]]}},{"type":"Feature","properties":{"feature_id":"hydraulic-native:martinique-eu-line-cacem-767","layer_key":"eau_eu","layer_label":"Eau EU","economic_unit_id":"hydraulic-native:martinique-eu-line-cacem-767","economic_state":"S0","economic_exposure_eur":29747.0,"economic_damage_eur":735.0,"economic_damage_ratio_pct":2.471,"economic_asset_count":1,"criticality_territory":"martinique","criticality_family":"eu","criticality_scenario":"rp100","criticality_period_years":"100","criticality_hazard":"storm_cmcc"},"geometry":{"type":"LineString","coordinates":[[-61.103003448521946,14.632014578900158],[-61.10273591079769,14.631909579789758]]}},{"type":"Feature","properties":{"feature_id":"hydraulic-native:martinique-eu-line-cacem-1135","layer_key":"eau_eu","layer_label":"Eau EU","economic_unit_id":"hydraulic-native:martinique-eu-line-cacem-1135","economic_state":"S0","economic_exposure_eur":6885.0,"economic_damage_eur":170.0,"economic_damage_ratio_pct":2.471,"economic_asset_count":1,"criticality_territory":"martinique","criticality_family":"eu","criticality_scenario":"rp100","criticality_period_years":"100","criticality_hazard":"storm_cmcc"},"geometry":{"type":"LineString","coordinates":[[-61.1129599878461,14.62943561525046],[-61.11302460770505,14.629419289549144]]}},{"type":"Feature","properties":{"feature_id":"hydraulic-native:martinique-eu-line-cacem-1136","layer_key":"eau_eu","layer_label":"Eau EU","economic_unit_id":"hydraulic-native:martinique-eu-line-cacem-1136","economic_state":"S0","economic_exposure_eur":6950.0,"economic_damage_eur":172.0,"economic_damage_ratio_pct":2.47,"economic_asset_count":1,"criticality_territory":"martinique","criticality_family":"eu","criticality_scenario":"rp100","criticality_period_years":"100","criticality_hazard":"storm_cmcc"},"geometry":{"type":"LineString","coordinates":[[-61.11289943714713,14.629464417545151],[-61.1129599878461,14.62943561525046]]}},{"type":"Feature","properties":{"feature_id":"hydraulic-native:martinique-eu-line-cacem-1137","layer_key":"eau_eu","layer_label":"Eau EU","economic_unit_id":"hydraulic-native:martinique-eu-line-cacem-1137","economic_state":"S0","economic_exposure_eur":25725.0,"economic_damage_eur":635.0,"economic_damage_ratio_pct":2.47,"economic_asset_count":1,"criticality_territory":"martinique","criticality_family":"eu","criticality_scenario":"rp100","criticality_period_years":"100","criticality_hazard":"storm_cmcc"},"geometry":{"type":"LineString","coordinates":[[-61.11267714481286,14.629574599378762],[-61.11289943714713,14.629464417545151]]}},{"type":"Feature","properties":{"feature_id":"hydraulic-native:martinique-eu-line-cacem-1138","layer_key":"eau_eu","layer_label":"Eau EU","economic_unit_id":"hydraulic-native:martinique-eu-line-cacem-1138","economic_state":"S0","economic_exposure_eur":16974.0,"economic_damage_eur":419.0,"economic_damage_ratio_pct":2.469,"economic_asset_count":1,"criticality_territory":"martinique","criticality_family":"eu","criticality_scenario":"rp100","criticality_period_years":"100","criticality_hazard":"storm_cmcc"},"geometry":{"type":"LineString","coordinates":[[-61.073910830172906,14.609039816229997],[-61.07386079854558,14.609192485432816]]}},{"type":"Feature","properties":{"feature_id":"hydraulic-native:martinique-eu-line-cacem-1189","layer_key":"eau_eu","layer_label":"Eau EU","economic_unit_id":"hydraulic-native:martinique-eu-line-cacem-1189","economic_state":"S0","economic_exposure_eur":110784.0,"economic_damage_eur":2737.0,"economic_damage_ratio_pct":2.471,"economic_asset_count":1,"criticality_territory":"martinique","criticality_family":"eu","criticality_scenario":"rp100","criticality_period_years":"100","criticality_hazard":"storm_cmcc"},"geometry":{"type":"LineString","coordinates":[[-61.109162466254325,14.632612875294921],[-61.10920032796517,14.632321877939539],[-61.10930710711067,14.632144039667462],[-61.10950675731064,14.631633125447108]]}},{"type":"Feature","properties":{"feature_id":"hydraulic-native:martinique-eu-line-cacem-1190","layer_key":"eau_eu","layer_label":"Eau EU","economic_unit_id":"hydraulic-native:martinique-eu-line-cacem-1190","economic_state":"S0","economic_exposure_eur":71778.0,"economic_damage_eur":1774.0,"economic_damage_ratio_pct":2.471,"economic_asset_count":1,"criticality_territory":"martinique","criticality_family":"eu","criticality_scenario":"rp100","criticality_period_years":"100","criticality_hazard":"storm_cmcc"},"geometry":{"type":"LineString","coordinates":[[-61.10950675731064,14.631633125447108],[-61.109709387220136,14.631127799497445],[-61.109838031321424,14.631076855372449]]}},{"type":"Feature","properties":{"feature_id":"hydraulic-native:martinique-eu-line-cacem-1191","layer_key":"eau_eu","layer_label":"Eau EU","economic_unit_id":"hydraulic-native:martinique-eu-line-cacem-1191","economic_state":"S0","economic_exposure_eur":18417.0,"economic_damage_eur":455.0,"economic_damage_ratio_pct":2.471,"economic_asset_count":1,"criticality_territory":"martinique","criticality_family":"eu","criticality_scenario":"rp100","criticality_period_years":"100","criticality_hazard":"storm_cmcc"},"geometry":{"type":"LineString","coordinates":[[-61.110188446952044,14.633260626099414],[-61.110061287984486,14.633138539308057]]}},{"type":"Feature","properties":{"feature_id":"hydraulic-native:martinique-eu-line-cacem-1192","layer_key":"eau_eu","layer_label":"Eau EU","economic_unit_id":"hydraulic-native:martinique-eu-line-cacem-1192","economic_state":"S0","economic_exposure_eur":63623.0,"economic_damage_eur":1572.0,"economic_damage_ratio_pct":2.471,"economic_asset_count":1,"criticality_territory":"martinique","criticality_family":"eu","criticality_scenario":"rp100","criticality_period_years":"100","criticality_hazard":"storm_cmcc"},"geometry":{"type":"LineString","coordinates":[[-61.110061287984486,14.633138539308057],[-61.10977482845952,14.632848342418725],[-61.109741188477756,14.632652870409162]]}},{"type":"Feature","properties":{"feature_id":"hydraulic-native:martinique-eu-line-cacem-1193","layer_key":"eau_eu","layer_label":"Eau EU","economic_unit_id":"hydraulic-native:martinique-eu-line-cacem-1193","economic_state":"S0","economic_exposure_eur":18609.0,"economic_damage_eur":460.0,"economic_damage_ratio_pct":2.471,"economic_asset_count":1,"criticality_territory":"martinique","criticality_family":"eu","criticality_scenario":"rp100","criticality_period_years":"100","criticality_hazard":"storm_cmcc"},"geometry":{"type":"LineString","coordinates":[[-61.109741188477756,14.632652870409162],[-61.10974660968294,14.632477314746973]]}},{"type":"Feature","properties":{"feature_id":"hydraulic-native:martinique-eu-line-cacem-1194","layer_key":"eau_eu","layer_label":"Eau EU","economic_unit_id":"hydraulic-native:martinique-eu-line-cacem-1194","economic_state":"S0","economic_exposure_eur":21542.0,"economic_damage_eur":532.0,"economic_damage_ratio_pct":2.471,"economic_asset_count":1,"criticality_territory":"martinique","criticality_family":"eu","criticality_scenario":"rp100","criticality_period_years":"100","criticality_hazard":"storm_cmcc"},"geometry":{"type":"LineString","coordinates":[[-61.10974660968294,14.632477314746973],[-61.10978471748172,14.632277377509153]]}},{"type":"Feature","properties":{"feature_id":"hydraulic-native:martinique-eu-line-cacem-1195","layer_key":"eau_eu","layer_label":"Eau EU","economic_unit_id":"hydraulic-native:martinique-eu-line-cacem-1195","economic_state":"S0","economic_exposure_eur":76186.0,"economic_damage_eur":1883.0,"economic_damage_ratio_pct":2.471,"economic_asset_count":1,"criticality_territory":"martinique","criticality_family":"eu","criticality_scenario":"rp100","criticality_period_years":"100","criticality_hazard":"storm_cmcc"},"geometry":{"type":"LineString","coordinates":[[-61.10978471748172,14.632277377509153],[-61.10968742112336,14.631841836295076],[-61.10950675731064,14.631633125447108]]}},{"type":"Feature","properties":{"feature_id":"hydraulic-native:martinique-eu-line-cacem-1218","layer_key":"eau_eu","layer_label":"Eau EU","economic_unit_id":"hydraulic-native:martinique-eu-line-cacem-1218","economic_state":"S0","economic_exposure_eur":42416.0,"economic_damage_eur":1047.0,"economic_damage_ratio_pct":2.469,"economic_asset_count":1,"criticality_territory":"martinique","criticality_family":"eu","criticality_scenario":"rp100","criticality_period_years":"100","criticality_hazard":"storm_cmcc"},"geometry":{"type":"LineString","coordinates":[[-61.07389078049734,14.609591883802935],[-61.07386079854558,14.609192485432816]]}},{"type":"Feature","properties":{"feature_id":"hydraulic-native:martinique-eu-line-cacem-1249","layer_key":"eau_eu","layer_label":"Eau EU","economic_unit_id":"hydraulic-native:martinique-eu-line-cacem-1249","economic_state":"S0","economic_exposure_eur":9515.0,"economic_damage_eur":235.0,"economic_damage_ratio_pct":2.47,"economic_asset_count":1,"criticality_territory":"martinique","criticality_family":"eu","criticality_scenario":"rp100","criticality_period_years":"100","criticality_hazard":"storm_cmcc"},"geometry":{"type":"LineString","coordinates":[[-61.0906215272873,14.624449085168257],[-61.090591540891886,14.624364124125636]]}},{"type":"Feature","properties":{"feature_id":"hydraulic-native:martinique-eu-line-cacem-1284","layer_key":"eau_eu","layer_label":"Eau EU","economic_unit_id":"hydraulic-native:martinique-eu-line-cacem-1284","economic_state":"S0","economic_exposure_eur":14796.0,"economic_damage_eur":366.0,"economic_damage_ratio_pct":2.47,"economic_asset_count":1,"criticality_territory":"martinique","criticality_family":"eu","criticality_scenario":"rp100","criticality_period_years":"100","criticality_hazard":"storm_cmcc"},"geometry":{"type":"LineString","coordinates":[[-61.09053777949909,14.62497819606187],[-61.09048430395784,14.62484856407089]]}},{"type":"Feature","properties":{"feature_id":"hydraulic-native:martinique-eu-line-cacem-1285","layer_key":"eau_eu","layer_label":"Eau EU","economic_unit_id":"hydraulic-native:martinique-eu-line-cacem-1285","economic_state":"S0","economic_exposure_eur":14153.0,"economic_damage_eur":350.0,"economic_damage_ratio_pct":2.47,"economic_asset_count":1,"criticality_territory":"martinique","criticality_family":"eu","criticality_scenario":"rp100","criticality_period_years":"100","criticality_hazard":"storm_cmcc"},"geometry":{"type":"LineString","coordinates":[[-61.09066748664542,14.624574994907734],[-61.0906215272873,14.624449085168257]]}},{"type":"Feature","properties":{"feature_id":"hydraulic-native:martinique-eu-line-cacem-1286","layer_key":"eau_eu","layer_label":"Eau EU","economic_unit_id":"hydraulic-native:martinique-eu-line-cacem-1286","economic_state":"S0","economic_exposure_eur":8566.0,"economic_damage_eur":212.0,"economic_damage_ratio_pct":2.47,"economic_asset_count":1,"criticality_territory":"martinique","criticality_family":"eu","criticality_scenario":"rp100","criticality_period_years":"100","criticality_hazard":"storm_cmcc"},"geometry":{"type":"LineString","coordinates":[[-61.09075216014401,14.622899789239938],[-61.090713500588215,14.622971374455549]]}},{"type":"Feature","properties":{"feature_id":"hydraulic-native:martinique-eu-line-cacem-1287","layer_key":"eau_eu","layer_label":"Eau EU","economic_unit_id":"hydraulic-native:martinique-eu-line-cacem-1287","economic_state":"S0","economic_exposure_eur":27984.0,"economic_damage_eur":691.0,"economic_damage_ratio_pct":2.47,"economic_asset_count":1,"criticality_territory":"martinique","criticality_family":"eu","criticality_scenario":"rp100","criticality_period_years":"100","criticality_hazard":"storm_cmcc"},"geometry":{"type":"LineString","coordinates":[[-61.09071666410871,14.619044591657032],[-61.0909254865632,14.618875889351886]]}},{"type":"Feature","properties":{"feature_id":"hydraulic-native:martinique-eu-line-cacem-1288","layer_key":"eau_eu","layer_label":"Eau EU","economic_unit_id":"hydraulic-native:martinique-eu-line-cacem-1288","economic_state":"S0","economic_exposure_eur":26926.0,"economic_damage_eur":665.0,"economic_damage_ratio_pct":2.471,"economic_asset_count":1,"criticality_territory":"martinique","criticality_family":"eu","criticality_scenario":"rp100","criticality_period_years":"100","criticality_hazard":"storm_cmcc"},"geometry":{"type":"LineString","coordinates":[[-61.0909254865632,14.618875889351886],[-61.09109386354506,14.618681610113242]]}},{"type":"Feature","properties":{"feature_id":"hydraulic-native:martinique-eu-line-cacem-1289","layer_key":"eau_eu","layer_label":"Eau EU","economic_unit_id":"hydraulic-native:martinique-eu-line-cacem-1289","economic_state":"S0","economic_exposure_eur":22381.0,"economic_damage_eur":553.0,"economic_damage_ratio_pct":2.471,"economic_asset_count":1,"criticality_territory":"martinique","criticality_family":"eu","criticality_scenario":"rp100","criticality_period_years":"100","criticality_hazard":"storm_cmcc"},"geometry":{"type":"LineString","coordinates":[[-61.09141676192664,14.618553027624415],[-61.09156193585999,14.618395965100232]]}},{"type":"Feature","properties":{"feature_id":"hydraulic-native:martinique-eu-line-cacem-1290","layer_key":"eau_eu","layer_label":"Eau EU","economic_unit_id":"hydraulic-native:martinique-eu-line-cacem-1290","economic_state":"S0","economic_exposure_eur":63539.0,"economic_damage_eur":1569.0,"economic_damage_ratio_pct":2.469,"economic_asset_count":1,"criticality_territory":"martinique","criticality_family":"eu","criticality_scenario":"rp100","criticality_period_years":"100","criticality_hazard":"storm_cmcc"},"geometry":{"type":"LineString","coordinates":[[-61.09571658359293,14.61573529669707],[-61.09582057541807,14.615644276763767],[-61.09606831124741,14.61524821356968]]}},{"type":"Feature","properties":{"feature_id":"hydraulic-native:martinique-eu-line-cacem-1291","layer_key":"eau_eu","layer_label":"Eau EU","economic_unit_id":"hydraulic-native:martinique-eu-line-cacem-1291","economic_state":"S0","economic_exposure_eur":39985.0,"economic_damage_eur":987.0,"economic_damage_ratio_pct":2.47,"economic_asset_count":1,"criticality_territory":"martinique","criticality_family":"eu","criticality_scenario":"rp100","criticality_period_years":"100","criticality_hazard":"storm_cmcc"},"geometry":{"type":"LineString","coordinates":[[-61.09538135154877,14.615919323230779],[-61.09571658359293,14.61573529669707]]}},{"type":"Feature","properties":{"feature_id":"hydraulic-native:martinique-eu-line-cacem-1292","layer_key":"eau_eu","layer_label":"Eau EU","economic_unit_id":"hydraulic-native:martinique-eu-line-cacem-1292","economic_state":"S0","economic_exposure_eur":40128.0,"economic_damage_eur":991.0,"economic_damage_ratio_pct":2.47,"economic_asset_count":1,"criticality_territory":"martinique","criticality_family":"eu","criticality_scenario":"rp100","criticality_period_years":"100","criticality_hazard":"storm_cmcc"},"geometry":{"type":"LineString","coordinates":[[-61.095030310398975,14.616082703155211],[-61.09538135154877,14.615919323230779]]}},{"type":"Feature","properties":{"feature_id":"hydraulic-native:martinique-eu-line-cacem-1293","layer_key":"eau_eu","layer_label":"Eau EU","economic_unit_id":"hydraulic-native:martinique-eu-line-cacem-1293","economic_state":"S0","economic_exposure_eur":128130.0,"economic_damage_eur":3164.0,"economic_damage_ratio_pct":2.47,"economic_asset_count":1,"criticality_territory":"martinique","criticality_family":"eu","criticality_scenario":"rp100","criticality_period_years":"100","criticality_hazard":"storm_cmcc"},"geometry":{"type":"LineString","coordinates":[[-61.094012167589014,14.615603975459072],[-61.094688139429834,14.616155267106754],[-61.09486344470033,14.616160364721038],[-61.095030310398975,14.616082703155211]]}},{"type":"Feature","properties":{"feature_id":"hydraulic-native:martinique-eu-line-cacem-1294","layer_key":"eau_eu","layer_label":"Eau EU","economic_unit_id":"hydraulic-native:martinique-eu-line-cacem-1294","economic_state":"S0","economic_exposure_eur":32445.0,"economic_damage_eur":801.0,"economic_damage_ratio_pct":2.469,"economic_asset_count":1,"criticality_territory":"martinique","criticality_family":"eu","criticality_scenario":"rp100","criticality_period_years":"100","criticality_hazard":"storm_cmcc"},"geometry":{"type":"LineString","coordinates":[[-61.09378018830257,14.615810406060866],[-61.094012167589014,14.615603975459072]]}},{"type":"Feature","properties":{"feature_id":"hydraulic-native:martinique-eu-line-cacem-1295","layer_key":"eau_eu","layer_label":"Eau EU","economic_unit_id":"hydraulic-native:martinique-eu-line-cacem-1295","economic_state":"S0","economic_exposure_eur":42896.0,"economic_damage_eur":1060.0,"economic_damage_ratio_pct":2.47,"economic_asset_count":1,"criticality_territory":"martinique","criticality_family":"eu","criticality_scenario":"rp100","criticality_period_years":"100","criticality_hazard":"storm_cmcc"},"geometry":{"type":"LineString","coordinates":[[-61.0935262747637,14.616131179501197],[-61.09378018830257,14.615810406060866]]}},{"type":"Feature","properties":{"feature_id":"hydraulic-native:martinique-eu-line-cacem-1296","layer_key":"eau_eu","layer_label":"Eau EU","economic_unit_id":"hydraulic-native:martinique-eu-line-cacem-1296","economic_state":"S0","economic_exposure_eur":29027.0,"economic_damage_eur":717.0,"economic_damage_ratio_pct":2.47,"economic_asset_count":1,"criticality_territory":"martinique","criticality_family":"eu","criticality_scenario":"rp100","criticality_period_years":"100","criticality_hazard":"storm_cmcc"},"geometry":{"type":"LineString","coordinates":[[-61.093721449735035,14.616328638146138],[-61.0935262747637,14.616131179501197]]}},{"type":"Feature","properties":{"feature_id":"hydraulic-native:martinique-eu-line-cacem-1297","layer_key":"eau_eu","layer_label":"Eau EU","economic_unit_id":"hydraulic-native:martinique-eu-line-cacem-1297","economic_state":"S0","economic_exposure_eur":49558.0,"economic_damage_eur":1224.0,"economic_damage_ratio_pct":2.47,"economic_asset_count":1,"criticality_territory":"martinique","criticality_family":"eu","criticality_scenario":"rp100","criticality_period_years":"100","criticality_hazard":"storm_cmcc"},"geometry":{"type":"LineString","coordinates":[[-61.093294463526206,14.616543256225915],[-61.093721449735035,14.616328638146138]]}},{"type":"Feature","properties":{"feature_id":"hydraulic-native:martinique-eu-line-cacem-1298","layer_key":"eau_eu","layer_label":"Eau EU","economic_unit_id":"hydraulic-native:martinique-eu-line-cacem-1298","economic_state":"S0","economic_exposure_eur":61146.0,"economic_damage_eur":1510.0,"economic_damage_ratio_pct":2.47,"economic_asset_count":1,"criticality_territory":"martinique","criticality_family":"eu","criticality_scenario":"rp100","criticality_period_years":"100","criticality_hazard":"storm_cmcc"},"geometry":{"type":"LineString","coordinates":[[-61.093315122329614,14.617120209639022],[-61.093294463526206,14.616543256225915]]}},{"type":"Feature","properties":{"feature_id":"hydraulic-native:martinique-eu-line-cacem-1299","layer_key":"eau_eu","layer_label":"Eau EU","economic_unit_id":"hydraulic-native:martinique-eu-line-cacem-1299","economic_state":"S0","economic_exposure_eur":55232.0,"economic_damage_eur":1364.0,"economic_damage_ratio_pct":2.47,"economic_asset_count":1,"criticality_territory":"martinique","criticality_family":"eu","criticality_scenario":"rp100","criticality_period_years":"100","criticality_hazard":"storm_cmcc"},"geometry":{"type":"LineString","coordinates":[[-61.09286841394779,14.617407828018111],[-61.093315122329614,14.617120209639022]]}},{"type":"Feature","properties":{"feature_id":"hydraulic-native:martinique-eu-line-cacem-1300","layer_key":"eau_eu","layer_label":"Eau EU","economic_unit_id":"hydraulic-native:martinique-eu-line-cacem-1300","economic_state":"S0","economic_exposure_eur":45128.0,"economic_damage_eur":1115.0,"economic_damage_ratio_pct":2.471,"economic_asset_count":1,"criticality_territory":"martinique","criticality_family":"eu","criticality_scenario":"rp100","criticality_period_years":"100","criticality_hazard":"storm_cmcc"},"geometry":{"type":"LineString","coordinates":[[-61.09243252918897,14.6174449581473],[-61.09286841394779,14.617407828018111]]}},{"type":"Feature","properties":{"feature_id":"hydraulic-native:martinique-eu-line-cacem-1301","layer_key":"eau_eu","layer_label":"Eau EU","economic_unit_id":"hydraulic-native:martinique-eu-line-cacem-1301","economic_state":"S0","economic_exposure_eur":43492.0,"economic_damage_eur":1075.0,"economic_damage_ratio_pct":2.471,"economic_asset_count":1,"criticality_territory":"martinique","criticality_family":"eu","criticality_scenario":"rp100","criticality_period_years":"100","criticality_hazard":"storm_cmcc"},"geometry":{"type":"LineString","coordinates":[[-61.092010930633045,14.617435913600902],[-61.09243252918897,14.6174449581473]]}},{"type":"Feature","properties":{"feature_id":"hydraulic-native:martinique-eu-line-cacem-1302","layer_key":"eau_eu","layer_label":"Eau EU","economic_unit_id":"hydraulic-native:martinique-eu-line-cacem-1302","economic_state":"S0","economic_exposure_eur":27230.0,"economic_damage_eur":673.0,"economic_damage_ratio_pct":2.47,"economic_asset_count":1,"criticality_territory":"martinique","criticality_family":"eu","criticality_scenario":"rp100","criticality_period_years":"100","criticality_hazard":"storm_cmcc"},"geometry":{"type":"LineString","coordinates":[[-61.09163044949691,14.61800547465359],[-61.09172024290134,14.61776371422174]]}},{"type":"Feature","properties":{"feature_id":"hydraulic-native:martinique-eu-line-cacem-1303","layer_key":"eau_eu","layer_label":"Eau EU","economic_unit_id":"hydraulic-native:martinique-eu-line-cacem-1303","economic_state":"S0","economic_exposure_eur":41980.0,"economic_damage_eur":1037.0,"economic_damage_ratio_pct":2.471,"economic_asset_count":1,"criticality_territory":"martinique","criticality_family":"eu","criticality_scenario":"rp100","criticality_period_years":"100","criticality_hazard":"storm_cmcc"},"geometry":{"type":"LineString","coordinates":[[-61.09156193585999,14.618395965100232],[-61.09163044949691,14.61800547465359]]}},{"type":"Feature","properties":{"feature_id":"hydraulic-native:martinique-eu-line-cacem-1304","layer_key":"eau_eu","layer_label":"Eau EU","economic_unit_id":"hydraulic-native:martinique-eu-line-cacem-1304","economic_state":"S0","economic_exposure_eur":9611.0,"economic_damage_eur":237.0,"economic_damage_ratio_pct":2.47,"economic_asset_count":1,"criticality_territory":"martinique","criticality_family":"eu","criticality_scenario":"rp100","criticality_period_years":"100","criticality_hazard":"storm_cmcc"},"geometry":{"type":"LineString","coordinates":[[-61.09048430395784,14.62484856407089],[-61.09045077953234,14.624763896778614]]}},{"type":"Feature","properties":{"feature_id":"hydraulic-native:martinique-eu-line-cacem-1305","layer_key":"eau_eu","layer_label":"Eau EU","economic_unit_id":"hydraulic-native:martinique-eu-line-cacem-1305","economic_state":"S0","economic_exposure_eur":9844.0,"economic_damage_eur":243.0,"economic_damage_ratio_pct":2.47,"economic_asset_count":1,"criticality_territory":"martinique","criticality_family":"eu","criticality_scenario":"rp100","criticality_period_years":"100","criticality_hazard":"storm_cmcc"},"geometry":{"type":"LineString","coordinates":[[-61.09045077953234,14.624763896778614],[-61.090369715119046,14.624714833684894]]}},{"type":"Feature","properties":{"feature_id":"hydraulic-native:martinique-eu-line-cacem-1306","layer_key":"eau_eu","layer_label":"Eau EU","economic_unit_id":"hydraulic-native:martinique-eu-line-cacem-1306","economic_state":"S0","economic_exposure_eur":11904.0,"economic_damage_eur":294.0,"economic_damage_ratio_pct":2.47,"economic_asset_count":1,"criticality_territory":"martinique","criticality_family":"eu","criticality_scenario":"rp100","criticality_period_years":"100","criticality_hazard":"storm_cmcc"},"geometry":{"type":"LineString","coordinates":[[-61.08974604943179,14.624940187472768],[-61.08968474541968,14.624844956024042]]}},{"type":"Feature","properties":{"feature_id":"hydraulic-native:martinique-eu-line-cacem-1322","layer_key":"eau_eu","layer_label":"Eau EU","economic_unit_id":"hydraulic-native:martinique-eu-line-cacem-1322","economic_state":"S0","economic_exposure_eur":7558.0,"economic_damage_eur":187.0,"economic_damage_ratio_pct":2.469,"economic_asset_count":1,"criticality_territory":"martinique","criticality_family":"eu","criticality_scenario":"rp100","criticality_period_years":"100","criticality_hazard":"storm_cmcc"},"geometry":{"type":"LineString","coordinates":[[-61.073241139718114,14.607277421813311],[-61.07323993567447,14.607213075551448]]}},{"type":"Feature","properties":{"feature_id":"hydraulic-native:martinique-eu-line-cacem-1324","layer_key":"eau_eu","layer_label":"Eau EU","economic_unit_id":"hydraulic-native:martinique-eu-line-cacem-1324","economic_state":"S0","economic_exposure_eur":7714.0,"economic_damage_eur":190.0,"economic_damage_ratio_pct":2.469,"economic_asset_count":1,"criticality_territory":"martinique","criticality_family":"eu","criticality_scenario":"rp100","criticality_period_years":"100","criticality_hazard":"storm_cmcc"},"geometry":{"type":"LineString","coordinates":[[-61.07331197705947,14.606926212429514],[-61.07331348988707,14.606862060550807]]}},{"type":"Feature","properties":{"feature_id":"hydraulic-native:martinique-eu-line-cacem-1338","layer_key":"eau_eu","layer_label":"Eau EU","economic_unit_id":"hydraulic-native:martinique-eu-line-cacem-1338","economic_state":"S0","economic_exposure_eur":6469.0,"economic_damage_eur":160.0,"economic_damage_ratio_pct":2.469,"economic_asset_count":1,"criticality_territory":"martinique","criticality_family":"eu","criticality_scenario":"rp100","criticality_period_years":"100","criticality_hazard":"storm_cmcc"},"geometry":{"type":"LineString","coordinates":[[-61.09022825956376,14.625486213644884],[-61.09026130344739,14.625434302031753]]}},{"type":"Feature","properties":{"feature_id":"hydraulic-native:martinique-eu-line-cacem-1339","layer_key":"eau_eu","layer_label":"Eau EU","economic_unit_id":"hydraulic-native:martinique-eu-line-cacem-1339","economic_state":"S0","economic_exposure_eur":16238.0,"economic_damage_eur":401.0,"economic_damage_ratio_pct":2.47,"economic_asset_count":1,"criticality_territory":"martinique","criticality_family":"eu","criticality_scenario":"rp100","criticality_period_years":"100","criticality_hazard":"storm_cmcc"},"geometry":{"type":"LineString","coordinates":[[-61.090633472703544,14.623448124393407],[-61.09056840655009,14.623308635887488]]}},{"type":"Feature","properties":{"feature_id":"hydraulic-native:martinique-eu-line-cacem-1340","layer_key":"eau_eu","layer_label":"Eau EU","economic_unit_id":"hydraulic-native:martinique-eu-line-cacem-1340","economic_state":"S0","economic_exposure_eur":21151.0,"economic_damage_eur":523.0,"economic_damage_ratio_pct":2.471,"economic_asset_count":1,"criticality_territory":"martinique","criticality_family":"eu","criticality_scenario":"rp100","criticality_period_years":"100","criticality_hazard":"storm_cmcc"},"geometry":{"type":"LineString","coordinates":[[-61.08965163455767,14.625042034654303],[-61.08968474541968,14.624844956024042]]}},{"type":"Feature","properties":{"feature_id":"hydraulic-native:martinique-eu-line-cacem-1341","layer_key":"eau_eu","layer_label":"Eau EU","economic_unit_id":"hydraulic-native:martinique-eu-line-cacem-1341","economic_state":"S0","economic_exposure_eur":49566.0,"economic_damage_eur":1224.0,"economic_damage_ratio_pct":2.47,"economic_asset_count":1,"criticality_territory":"martinique","criticality_family":"eu","criticality_scenario":"rp100","criticality_period_years":"100","criticality_hazard":"storm_cmcc"},"geometry":{"type":"LineString","coordinates":[[-61.090575620760866,14.623010651300936],[-61.09084322323502,14.62262208956327]]}},{"type":"Feature","properties":{"feature_id":"hydraulic-native:martinique-eu-line-cacem-1342","layer_key":"eau_eu","layer_label":"Eau EU","economic_unit_id":"hydraulic-native:martinique-eu-line-cacem-1342","economic_state":"S0","economic_exposure_eur":14816.0,"economic_damage_eur":366.0,"economic_damage_ratio_pct":2.47,"economic_asset_count":1,"criticality_territory":"martinique","criticality_family":"eu","criticality_scenario":"rp100","criticality_period_years":"100","criticality_hazard":"storm_cmcc"},"geometry":{"type":"LineString","coordinates":[[-61.090713500588215,14.622971374455549],[-61.090575620760866,14.623010651300936]]}},{"type":"Feature","properties":{"feature_id":"hydraulic-native:martinique-eu-line-cacem-1343","layer_key":"eau_eu","layer_label":"Eau EU","economic_unit_id":"hydraulic-native:martinique-eu-line-cacem-1343","economic_state":"S0","economic_exposure_eur":12475.0,"economic_damage_eur":308.0,"economic_damage_ratio_pct":2.47,"economic_asset_count":1,"criticality_territory":"martinique","criticality_family":"eu","criticality_scenario":"rp100","criticality_period_years":"100","criticality_hazard":"storm_cmcc"},"geometry":{"type":"LineString","coordinates":[[-61.09046394673672,14.623055919025328],[-61.090575620760866,14.623010651300936]]}},{"type":"Feature","properties":{"feature_id":"hydraulic-native:martinique-eu-line-cacem-1344","layer_key":"eau_eu","layer_label":"Eau EU","economic_unit_id":"hydraulic-native:martinique-eu-line-cacem-1344","economic_state":"S0","economic_exposure_eur":11547.0,"economic_damage_eur":285.0,"economic_damage_ratio_pct":2.471,"economic_asset_count":1,"criticality_territory":"martinique","criticality_family":"eu","criticality_scenario":"rp100","criticality_period_years":"100","criticality_hazard":"storm_cmcc"},"geometry":{"type":"LineString","coordinates":[[-61.089663054563175,14.62371724444039],[-61.08977236539229,14.623693640383971]]}},{"type":"Feature","properties":{"feature_id":"hydraulic-native:martinique-eu-line-cacem-1345","layer_key":"eau_eu","layer_label":"Eau EU","economic_unit_id":"hydraulic-native:martinique-eu-line-cacem-1345","economic_state":"S0","economic_exposure_eur":30766.0,"economic_damage_eur":760.0,"economic_damage_ratio_pct":2.47,"economic_asset_count":1,"criticality_territory":"martinique","criticality_family":"eu","criticality_scenario":"rp100","criticality_period_years":"100","criticality_hazard":"storm_cmcc"},"geometry":{"type":"LineString","coordinates":[[-61.09054115835412,14.619279479353962],[-61.09071666410871,14.619044591657032]]}},{"type":"Feature","properties":{"feature_id":"hydraulic-native:martinique-eu-line-cacem-1346","layer_key":"eau_eu","layer_label":"Eau EU","economic_unit_id":"hydraulic-native:martinique-eu-line-cacem-1346","economic_state":"S0","economic_exposure_eur":32390.0,"economic_damage_eur":800.0,"economic_damage_ratio_pct":2.471,"economic_asset_count":1,"criticality_territory":"martinique","criticality_family":"eu","criticality_scenario":"rp100","criticality_period_years":"100","criticality_hazard":"storm_cmcc"},"geometry":{"type":"LineString","coordinates":[[-61.09018963301187,14.620255738059534],[-61.08992444975408,14.620094797509013]]}},{"type":"Feature","properties":{"feature_id":"hydraulic-native:martinique-eu-line-cacem-1347","layer_key":"eau_eu","layer_label":"Eau EU","economic_unit_id":"hydraulic-native:martinique-eu-line-cacem-1347","economic_state":"S0","economic_exposure_eur":112384.0,"economic_damage_eur":2777.0,"economic_damage_ratio_pct":2.471,"economic_asset_count":1,"criticality_territory":"martinique","criticality_family":"eu","criticality_scenario":"rp100","criticality_period_years":"100","criticality_hazard":"storm_cmcc"},"geometry":{"type":"LineString","coordinates":[[-61.08992444975408,14.620094797509013],[-61.08992232746779,14.619935304266782],[-61.09032809451757,14.619590486516847],[-61.09054115835412,14.619279479353962]]}},{"type":"Feature","properties":{"feature_id":"hydraulic-native:martinique-eu-line-cacem-1348","layer_key":"eau_eu","layer_label":"Eau EU","economic_unit_id":"hydraulic-native:martinique-eu-line-cacem-1348","economic_state":"S0","economic_exposure_eur":31921.0,"economic_damage_eur":789.0,"economic_damage_ratio_pct":2.47,"economic_asset_count":1,"criticality_territory":"martinique","criticality_family":"eu","criticality_scenario":"rp100","criticality_period_years":"100","criticality_hazard":"storm_cmcc"},"geometry":{"type":"LineString","coordinates":[[-61.09008118350251,14.620538008090218],[-61.09018963301187,14.620255738059534]]}},{"type":"Feature","properties":{"feature_id":"hydraulic-native:martinique-eu-line-cacem-1349","layer_key":"eau_eu","layer_label":"Eau EU","economic_unit_id":"hydraulic-native:martinique-eu-line-cacem-1349","economic_state":"S0","economic_exposure_eur":35979.0,"economic_damage_eur":889.0,"economic_damage_ratio_pct":2.471,"economic_asset_count":1,"criticality_territory":"martinique","criticality_family":"eu","criticality_scenario":"rp100","criticality_period_years":"100","criticality_hazard":"storm_cmcc"},"geometry":{"type":"LineString","coordinates":[[-61.09109386354506,14.618681610113242],[-61.09141676192664,14.618553027624415]]}},{"type":"Feature","properties":{"feature_id":"hydraulic-native:martinique-eu-line-cacem-1350","layer_key":"eau_eu","layer_label":"Eau EU","economic_unit_id":"hydraulic-native:martinique-eu-line-cacem-1350","economic_state":"S0","economic_exposure_eur":271376.0,"economic_damage_eur":6703.0,"economic_damage_ratio_pct":2.47,"economic_asset_count":1,"criticality_territory":"martinique","criticality_family":"eu","criticality_scenario":"rp100","criticality_period_years":"100","criticality_hazard":"storm_cmcc"},"geometry":{"type":"LineString","coordinates":[[-61.09084322323502,14.62262208956327],[-61.0910943931081,14.622256624820249],[-61.09115954559658,14.622023912707503],[-61.09108150694537,14.621789497582265],[-61.09036058894685,14.620645658804849],[-61.09008118350251,14.620538008090218]]}},{"type":"Feature","properties":{"feature_id":"hydraulic-native:martinique-eu-line-cacem-1351","layer_key":"eau_eu","layer_label":"Eau EU","economic_unit_id":"hydraulic-native:martinique-eu-line-cacem-1351","economic_state":"S0","economic_exposure_eur":8373.0,"economic_damage_eur":207.0,"economic_damage_ratio_pct":2.471,"economic_asset_count":1,"criticality_territory":"martinique","criticality_family":"eu","criticality_scenario":"rp100","criticality_period_years":"100","criticality_hazard":"storm_cmcc"},"geometry":{"type":"LineString","coordinates":[[-61.09026130344739,14.625434302031753],[-61.09031019252117,14.625371313627415]]}},{"type":"Feature","properties":{"feature_id":"hydraulic-native:martinique-eu-line-cacem-1352","layer_key":"eau_eu","layer_label":"Eau EU","economic_unit_id":"hydraulic-native:martinique-eu-line-cacem-1352","economic_state":"S0","economic_exposure_eur":7862.0,"economic_damage_eur":194.0,"economic_damage_ratio_pct":2.47,"economic_asset_count":1,"criticality_territory":"martinique","criticality_family":"eu","criticality_scenario":"rp100","criticality_period_years":"100","criticality_hazard":"storm_cmcc"},"geometry":{"type":"LineString","coordinates":[[-61.09031019252117,14.625371313627415],[-61.090339465844565,14.625302777276206]]}},{"type":"Feature","properties":{"feature_id":"hydraulic-native:martinique-eu-line-cacem-1353","layer_key":"eau_eu","layer_label":"Eau EU","economic_unit_id":"hydraulic-native:martinique-eu-line-cacem-1353","economic_state":"S0","economic_exposure_eur":10750.0,"economic_damage_eur":266.0,"economic_damage_ratio_pct":2.47,"economic_asset_count":1,"criticality_territory":"martinique","criticality_family":"eu","criticality_scenario":"rp100","criticality_period_years":"100","criticality_hazard":"storm_cmcc"},"geometry":{"type":"LineString","coordinates":[[-61.090339465844565,14.625302777276206],[-61.09033928197231,14.625201279153398]]}},{"type":"Feature","properties":{"feature_id":"hydraulic-native:martinique-eu-line-cacem-1354","layer_key":"eau_eu","layer_label":"Eau EU","economic_unit_id":"hydraulic-native:martinique-eu-line-cacem-1354","economic_state":"S0","economic_exposure_eur":10178.0,"economic_damage_eur":251.0,"economic_damage_ratio_pct":2.47,"economic_asset_count":1,"criticality_territory":"martinique","criticality_family":"eu","criticality_scenario":"rp100","criticality_period_years":"100","criticality_hazard":"storm_cmcc"},"geometry":{"type":"LineString","coordinates":[[-61.09033928197231,14.625201279153398],[-61.09024137227771,14.625189191556457]]}},{"type":"Feature","properties":{"feature_id":"hydraulic-native:martinique-eu-line-cacem-1355","layer_key":"eau_eu","layer_label":"Eau EU","economic_unit_id":"hydraulic-native:martinique-eu-line-cacem-1355","economic_state":"S0","economic_exposure_eur":5449.0,"economic_damage_eur":135.0,"economic_damage_ratio_pct":2.469,"economic_asset_count":1,"criticality_territory":"martinique","criticality_family":"eu","criticality_scenario":"rp100","criticality_period_years":"100","criticality_hazard":"storm_cmcc"},"geometry":{"type":"LineString","coordinates":[[-61.09024137227771,14.625189191556457],[-61.090227003669966,14.625140286306927]]}},{"type":"Feature","properties":{"feature_id":"hydraulic-native:martinique-eu-line-cacem-1356","layer_key":"eau_eu","layer_label":"Eau EU","economic_unit_id":"hydraulic-native:martinique-eu-line-cacem-1356","economic_state":"S0","economic_exposure_eur":6479.0,"economic_damage_eur":160.0,"economic_damage_ratio_pct":2.47,"economic_asset_count":1,"criticality_territory":"martinique","criticality_family":"eu","criticality_scenario":"rp100","criticality_period_years":"100","criticality_hazard":"storm_cmcc"},"geometry":{"type":"LineString","coordinates":[[-61.090227003669966,14.625140286306927],[-61.090197674637196,14.625086189579699]]}},{"type":"Feature","properties":{"feature_id":"hydraulic-native:martinique-eu-line-cacem-1357","layer_key":"eau_eu","layer_label":"Eau EU","economic_unit_id":"hydraulic-native:martinique-eu-line-cacem-1357","economic_state":"S0","economic_exposure_eur":8160.0,"economic_damage_eur":202.0,"economic_damage_ratio_pct":2.47,"economic_asset_count":1,"criticality_territory":"martinique","criticality_family":"eu","criticality_scenario":"rp100","criticality_period_years":"100","criticality_hazard":"storm_cmcc"},"geometry":{"type":"LineString","coordinates":[[-61.090197674637196,14.625086189579699],[-61.09016766583845,14.625014898558081]]}},{"type":"Feature","properties":{"feature_id":"hydraulic-native:martinique-eu-line-cacem-1358","layer_key":"eau_eu","layer_label":"Eau EU","economic_unit_id":"hydraulic-native:martinique-eu-line-cacem-1358","economic_state":"S0","economic_exposure_eur":20845.0,"economic_damage_eur":515.0,"economic_damage_ratio_pct":2.47,"economic_asset_count":1,"criticality_territory":"martinique","criticality_family":"eu","criticality_scenario":"rp100","criticality_period_years":"100","criticality_hazard":"storm_cmcc"},"geometry":{"type":"LineString","coordinates":[[-61.09016766583845,14.625014898558081],[-61.09023411669322,14.624829250562236]]}},{"type":"Feature","properties":{"feature_id":"hydraulic-native:martinique-eu-line-cacem-1359","layer_key":"eau_eu","layer_label":"Eau EU","economic_unit_id":"hydraulic-native:martinique-eu-line-cacem-1359","economic_state":"S0","economic_exposure_eur":23110.0,"economic_damage_eur":571.0,"economic_damage_ratio_pct":2.47,"economic_asset_count":1,"criticality_territory":"martinique","criticality_family":"eu","criticality_scenario":"rp100","criticality_period_years":"100","criticality_hazard":"storm_cmcc"},"geometry":{"type":"LineString","coordinates":[[-61.09023411669322,14.624829250562236],[-61.09028850957043,14.624617582265472]]}},{"type":"Feature","properties":{"feature_id":"hydraulic-native:martinique-eu-line-cacem-1360","layer_key":"eau_eu","layer_label":"Eau EU","economic_unit_id":"hydraulic-native:martinique-eu-line-cacem-1360","economic_state":"S0","economic_exposure_eur":131184.0,"economic_damage_eur":3240.0,"economic_damage_ratio_pct":2.47,"economic_asset_count":1,"criticality_territory":"martinique","criticality_family":"eu","criticality_scenario":"rp100","criticality_period_years":"100","criticality_hazard":"storm_cmcc"},"geometry":{"type":"LineString","coordinates":[[-61.09028850957043,14.624617582265472],[-61.09056792843735,14.624078298029684],[-61.090633472703544,14.623448124393407]]}},{"type":"Feature","properties":{"feature_id":"hydraulic-native:martinique-eu-line-cacem-1361","layer_key":"eau_eu","layer_label":"Eau EU","economic_unit_id":"hydraulic-native:martinique-eu-line-cacem-1361","economic_state":"S0","economic_exposure_eur":13275.0,"economic_damage_eur":328.0,"economic_damage_ratio_pct":2.47,"economic_asset_count":1,"criticality_territory":"martinique","criticality_family":"eu","criticality_scenario":"rp100","criticality_period_years":"100","criticality_hazard":"storm_cmcc"},"geometry":{"type":"LineString","coordinates":[[-61.090369715119046,14.624714833684894],[-61.09028850957043,14.624617582265472]]}},{"type":"Feature","properties":{"feature_id":"hydraulic-native:martinique-eu-line-cacem-1362","layer_key":"eau_eu","layer_label":"Eau EU","economic_unit_id":"hydraulic-native:martinique-eu-line-cacem-1362","economic_state":"S0","economic_exposure_eur":7092.0,"economic_damage_eur":175.0,"economic_damage_ratio_pct":2.471,"economic_asset_count":1,"criticality_territory":"martinique","criticality_family":"eu","criticality_scenario":"rp100","criticality_period_years":"100","criticality_hazard":"storm_cmcc"},"geometry":{"type":"LineString","coordinates":[[-61.08999313905445,14.625484625647312],[-61.09000629413928,14.625418903298629]]}},{"type":"Feature","properties":{"feature_id":"hydraulic-native:martinique-eu-line-cacem-1363","layer_key":"eau_eu","layer_label":"Eau EU","economic_unit_id":"hydraulic-native:martinique-eu-line-cacem-1363","economic_state":"S0","economic_exposure_eur":9320.0,"economic_damage_eur":230.0,"economic_damage_ratio_pct":2.471,"economic_asset_count":1,"criticality_territory":"martinique","criticality_family":"eu","criticality_scenario":"rp100","criticality_period_years":"100","criticality_hazard":"storm_cmcc"},"geometry":{"type":"LineString","coordinates":[[-61.09000629413928,14.625418903298629],[-61.09003601746611,14.625335813899536]]}},{"type":"Feature","properties":{"feature_id":"hydraulic-native:martinique-eu-line-cacem-1364","layer_key":"eau_eu","layer_label":"Eau EU","economic_unit_id":"hydraulic-native:martinique-eu-line-cacem-1364","economic_state":"S0","economic_exposure_eur":14873.0,"economic_damage_eur":367.0,"economic_damage_ratio_pct":2.47,"economic_asset_count":1,"criticality_territory":"martinique","criticality_family":"eu","criticality_scenario":"rp100","criticality_period_years":"100","criticality_hazard":"storm_cmcc"},"geometry":{"type":"LineString","coordinates":[[-61.09003601746611,14.625335813899536],[-61.090089368087554,14.625205356965932]]}},{"type":"Feature","properties":{"feature_id":"hydraulic-native:martinique-eu-line-cacem-1365","layer_key":"eau_eu","layer_label":"Eau EU","economic_unit_id":"hydraulic-native:martinique-eu-line-cacem-1365","economic_state":"S0","economic_exposure_eur":21729.0,"economic_damage_eur":537.0,"economic_damage_ratio_pct":2.47,"economic_asset_count":1,"criticality_territory":"martinique","criticality_family":"eu","criticality_scenario":"rp100","criticality_period_years":"100","criticality_hazard":"storm_cmcc"},"geometry":{"type":"LineString","coordinates":[[-61.090089368087554,14.625205356965932],[-61.09016766583845,14.625014898558081]]}},{"type":"Feature","properties":{"feature_id":"hydraulic-native:martinique-eu-line-cacem-1366","layer_key":"eau_eu","layer_label":"Eau EU","economic_unit_id":"hydraulic-native:martinique-eu-line-cacem-1366","economic_state":"S0","economic_exposure_eur":16931.0,"economic_damage_eur":418.0,"economic_damage_ratio_pct":2.47,"economic_asset_count":1,"criticality_territory":"martinique","criticality_family":"eu","criticality_scenario":"rp100","criticality_period_years":"100","criticality_hazard":"storm_cmcc"},"geometry":{"type":"LineString","coordinates":[[-61.08968474541968,14.624844956024042],[-61.089725441310954,14.624690090339609]]}},{"type":"Feature","properties":{"feature_id":"hydraulic-native:martinique-eu-line-cacem-1367","layer_key":"eau_eu","layer_label":"Eau EU","economic_unit_id":"hydraulic-native:martinique-eu-line-cacem-1367","economic_state":"S0","economic_exposure_eur":26041.0,"economic_damage_eur":643.0,"economic_damage_ratio_pct":2.47,"economic_asset_count":1,"criticality_territory":"martinique","criticality_family":"eu","criticality_scenario":"rp100","criticality_period_years":"100","criticality_hazard":"storm_cmcc"},"geometry":{"type":"LineString","coordinates":[[-61.089725441310954,14.624690090339609],[-61.08980741760103,14.624457546059844]]}},{"type":"Feature","properties":{"feature_id":"hydraulic-native:martinique-eu-line-cacem-1368","layer_key":"eau_eu","layer_label":"Eau EU","economic_unit_id":"hydraulic-native:martinique-eu-line-cacem-1368","economic_state":"S0","economic_exposure_eur":40241.0,"economic_damage_eur":994.0,"economic_damage_ratio_pct":2.47,"economic_asset_count":1,"criticality_territory":"martinique","criticality_family":"eu","criticality_scenario":"rp100","criticality_period_years":"100","criticality_hazard":"storm_cmcc"},"geometry":{"type":"LineString","coordinates":[[-61.08980741760103,14.624457546059844],[-61.089930267622655,14.624096971462198]]}},{"type":"Feature","properties":{"feature_id":"hydraulic-native:martinique-eu-line-cacem-1369","layer_key":"eau_eu","layer_label":"Eau EU","economic_unit_id":"hydraulic-native:martinique-eu-line-cacem-1369","economic_state":"S0","economic_exposure_eur":70426.0,"economic_damage_eur":1739.0,"economic_damage_ratio_pct":2.47,"economic_asset_count":1,"criticality_territory":"martinique","criticality_family":"eu","criticality_scenario":"rp100","criticality_period_years":"100","criticality_hazard":"storm_cmcc"},"geometry":{"type":"LineString","coordinates":[[-61.090131231285575,14.623898638136733],[-61.090633472703544,14.623448124393407]]}},{"type":"Feature","properties":{"feature_id":"hydraulic-native:martinique-eu-line-cacem-1370","layer_key":"eau_eu","layer_label":"Eau EU","economic_unit_id":"hydraulic-native:martinique-eu-line-cacem-1370","economic_state":"S0","economic_exposure_eur":9073.0,"economic_damage_eur":224.0,"economic_damage_ratio_pct":2.471,"economic_asset_count":1,"criticality_territory":"martinique","criticality_family":"eu","criticality_scenario":"rp100","criticality_period_years":"100","criticality_hazard":"storm_cmcc"},"geometry":{"type":"LineString","coordinates":[[-61.08977184198505,14.624832897048353],[-61.08968474541968,14.624844956024042]]}},{"type":"Feature","properties":{"feature_id":"hydraulic-native:martinique-eu-line-cacem-1371","layer_key":"eau_eu","layer_label":"Eau EU","economic_unit_id":"hydraulic-native:martinique-eu-line-cacem-1371","economic_state":"S0","economic_exposure_eur":9316.0,"economic_damage_eur":230.0,"economic_damage_ratio_pct":2.471,"economic_asset_count":1,"criticality_territory":"martinique","criticality_family":"eu","criticality_scenario":"rp100","criticality_period_years":"100","criticality_hazard":"storm_cmcc"},"geometry":{"type":"LineString","coordinates":[[-61.089795096070496,14.624746093415576],[-61.089725441310954,14.624690090339609]]}},{"type":"Feature","properties":{"feature_id":"hydraulic-native:martinique-eu-line-cacem-1372","layer_key":"eau_eu","layer_label":"Eau EU","economic_unit_id":"hydraulic-native:martinique-eu-line-cacem-1372","economic_state":"S0","economic_exposure_eur":12237.0,"economic_damage_eur":302.0,"economic_damage_ratio_pct":2.47,"economic_asset_count":1,"criticality_territory":"martinique","criticality_family":"eu","criticality_scenario":"rp100","criticality_period_years":"100","criticality_hazard":"storm_cmcc"},"geometry":{"type":"LineString","coordinates":[[-61.08982947134921,14.624634521702635],[-61.089725441310954,14.624690090339609]]}},{"type":"Feature","properties":{"feature_id":"hydraulic-native:martinique-eu-line-cacem-1373","layer_key":"eau_eu","layer_label":"Eau EU","economic_unit_id":"hydraulic-native:martinique-eu-line-cacem-1373","economic_state":"S0","economic_exposure_eur":9288.0,"economic_damage_eur":229.0,"economic_damage_ratio_pct":2.471,"economic_asset_count":1,"criticality_territory":"martinique","criticality_family":"eu","criticality_scenario":"rp100","criticality_period_years":"100","criticality_hazard":"storm_cmcc"},"geometry":{"type":"LineString","coordinates":[[-61.089895032042605,14.624477854011642],[-61.08980741760103,14.624457546059844]]}},{"type":"Feature","properties":{"feature_id":"hydraulic-native:martinique-eu-line-cacem-1374","layer_key":"eau_eu","layer_label":"Eau EU","economic_unit_id":"hydraulic-native:martinique-eu-line-cacem-1374","economic_state":"S0","economic_exposure_eur":16559.0,"economic_damage_eur":409.0,"economic_damage_ratio_pct":2.47,"economic_asset_count":1,"criticality_territory":"martinique","criticality_family":"eu","criticality_scenario":"rp100","criticality_period_years":"100","criticality_hazard":"storm_cmcc"},"geometry":{"type":"LineString","coordinates":[[-61.08992307220828,14.624349094436285],[-61.08980741760103,14.624457546059844]]}},{"type":"Feature","properties":{"feature_id":"hydraulic-native:martinique-eu-line-cacem-1375","layer_key":"eau_eu","layer_label":"Eau EU","economic_unit_id":"hydraulic-native:martinique-eu-line-cacem-1375","economic_state":"S0","economic_exposure_eur":29510.0,"economic_damage_eur":729.0,"economic_damage_ratio_pct":2.47,"economic_asset_count":1,"criticality_territory":"martinique","criticality_family":"eu","criticality_scenario":"rp100","criticality_period_years":"100","criticality_hazard":"storm_cmcc"},"geometry":{"type":"LineString","coordinates":[[-61.089930267622655,14.624096971462198],[-61.090131231285575,14.623898638136733]]}},{"type":"Feature","properties":{"feature_id":"hydraulic-native:martinique-eu-line-cacem-1376","layer_key":"eau_eu","layer_label":"Eau EU","economic_unit_id":"hydraulic-native:martinique-eu-line-cacem-1376","economic_state":"S0","economic_exposure_eur":14443.0,"economic_damage_eur":357.0,"economic_damage_ratio_pct":2.47,"economic_asset_count":1,"criticality_territory":"martinique","criticality_family":"eu","criticality_scenario":"rp100","criticality_period_years":"100","criticality_hazard":"storm_cmcc"},"geometry":{"type":"LineString","coordinates":[[-61.089973839450224,14.624226568121026],[-61.089930267622655,14.624096971462198]]}},{"type":"Feature","properties":{"feature_id":"hydraulic-native:martinique-eu-line-cacem-1377","layer_key":"eau_eu","layer_label":"Eau EU","economic_unit_id":"hydraulic-native:martinique-eu-line-cacem-1377","economic_state":"S0","economic_exposure_eur":26671.0,"economic_damage_eur":659.0,"economic_damage_ratio_pct":2.47,"economic_asset_count":1,"criticality_territory":"martinique","criticality_family":"eu","criticality_scenario":"rp100","criticality_period_years":"100","criticality_hazard":"storm_cmcc"},"geometry":{"type":"LineString","coordinates":[[-61.09018269993926,14.624262548843129],[-61.09020944703506,14.624012090511684]]}},{"type":"Feature","properties":{"feature_id":"hydraulic-native:martinique-eu-line-cacem-1378","layer_key":"eau_eu","layer_label":"Eau EU","economic_unit_id":"hydraulic-native:martinique-eu-line-cacem-1378","economic_state":"S0","economic_exposure_eur":6772.0,"economic_damage_eur":167.0,"economic_damage_ratio_pct":2.47,"economic_asset_count":1,"criticality_territory":"martinique","criticality_family":"eu","criticality_scenario":"rp100","criticality_period_years":"100","criticality_hazard":"storm_cmcc"},"geometry":{"type":"LineString","coordinates":[[-61.09020944703506,14.624012090511684],[-61.09016899205122,14.623961733295902]]}},{"type":"Feature","properties":{"feature_id":"hydraulic-native:martinique-eu-line-cacem-1379","layer_key":"eau_eu","layer_label":"Eau EU","economic_unit_id":"hydraulic-native:martinique-eu-line-cacem-1379","economic_state":"S0","economic_exposure_eur":7735.0,"economic_damage_eur":191.0,"economic_damage_ratio_pct":2.47,"economic_asset_count":1,"criticality_territory":"martinique","criticality_family":"eu","criticality_scenario":"rp100","criticality_period_years":"100","criticality_hazard":"storm_cmcc"},"geometry":{"type":"LineString","coordinates":[[-61.09016899205122,14.623961733295902],[-61.090131231285575,14.623898638136733]]}},{"type":"Feature","properties":{"feature_id":"hydraulic-native:martinique-eu-line-cacem-1380","layer_key":"eau_eu","layer_label":"Eau EU","economic_unit_id":"hydraulic-native:martinique-eu-line-cacem-1380","economic_state":"S0","economic_exposure_eur":8713.0,"economic_damage_eur":215.0,"economic_damage_ratio_pct":2.471,"economic_asset_count":1,"criticality_territory":"martinique","criticality_family":"eu","criticality_scenario":"rp100","criticality_period_years":"100","criticality_hazard":"storm_cmcc"},"geometry":{"type":"LineString","coordinates":[[-61.08977236539229,14.623693640383971],[-61.08981733160401,14.623624001170613]]}},{"type":"Feature","properties":{"feature_id":"hydraulic-native:martinique-eu-line-cacem-1381","layer_key":"eau_eu","layer_label":"Eau EU","economic_unit_id":"hydraulic-native:martinique-eu-line-cacem-1381","economic_state":"S0","economic_exposure_eur":41197.0,"economic_damage_eur":1018.0,"economic_damage_ratio_pct":2.47,"economic_asset_count":1,"criticality_territory":"martinique","criticality_family":"eu","criticality_scenario":"rp100","criticality_period_years":"100","criticality_hazard":"storm_cmcc"},"geometry":{"type":"LineString","coordinates":[[-61.08981733160401,14.623624001170613],[-61.09015389783793,14.62341458488741]]}},{"type":"Feature","properties":{"feature_id":"hydraulic-native:martinique-eu-line-cacem-1382","layer_key":"eau_eu","layer_label":"Eau EU","economic_unit_id":"hydraulic-native:martinique-eu-line-cacem-1382","economic_state":"S0","economic_exposure_eur":16388.0,"economic_damage_eur":405.0,"economic_damage_ratio_pct":2.47,"economic_asset_count":1,"criticality_territory":"martinique","criticality_family":"eu","criticality_scenario":"rp100","criticality_period_years":"100","criticality_hazard":"storm_cmcc"},"geometry":{"type":"LineString","coordinates":[[-61.09056840655009,14.623308635887488],[-61.09048418469922,14.623177433556645]]}},{"type":"Feature","properties":{"feature_id":"hydraulic-native:martinique-eu-line-cacem-1383","layer_key":"eau_eu","layer_label":"Eau EU","economic_unit_id":"hydraulic-native:martinique-eu-line-cacem-1383","economic_state":"S0","economic_exposure_eur":13050.0,"economic_damage_eur":322.0,"economic_damage_ratio_pct":2.47,"economic_asset_count":1,"criticality_territory":"martinique","criticality_family":"eu","criticality_scenario":"rp100","criticality_period_years":"100","criticality_hazard":"storm_cmcc"},"geometry":{"type":"LineString","coordinates":[[-61.09048418469922,14.623177433556645],[-61.09046394673672,14.623055919025328]]}},{"type":"Feature","properties":{"feature_id":"hydraulic-native:martinique-eu-line-cacem-1384","layer_key":"eau_eu","layer_label":"Eau EU","economic_unit_id":"hydraulic-native:martinique-eu-line-cacem-1384","economic_state":"S0","economic_exposure_eur":19902.0,"economic_damage_eur":491.0,"economic_damage_ratio_pct":2.469,"economic_asset_count":1,"criticality_territory":"martinique","criticality_family":"eu","criticality_scenario":"rp100","criticality_period_years":"100","criticality_hazard":"storm_cmcc"},"geometry":{"type":"LineString","coordinates":[[-61.09015389783793,14.62341458488741],[-61.09032851504631,14.623334590586591]]}},{"type":"Feature","properties":{"feature_id":"hydraulic-native:martinique-eu-line-cacem-1385","layer_key":"eau_eu","layer_label":"Eau EU","economic_unit_id":"hydraulic-native:martinique-eu-line-cacem-1385","economic_state":"S0","economic_exposure_eur":5379.0,"economic_damage_eur":133.0,"economic_damage_ratio_pct":2.47,"economic_asset_count":1,"criticality_territory":"martinique","criticality_family":"eu","criticality_scenario":"rp100","criticality_period_years":"100","criticality_hazard":"storm_cmcc"},"geometry":{"type":"LineString","coordinates":[[-61.09032851504631,14.623334590586591],[-61.09036465178006,14.623297967408185]]}},{"type":"Feature","properties":{"feature_id":"hydraulic-native:martinique-eu-line-cacem-1386","layer_key":"eau_eu","layer_label":"Eau EU","economic_unit_id":"hydraulic-native:martinique-eu-line-cacem-1386","economic_state":"S0","economic_exposure_eur":27607.0,"economic_damage_eur":682.0,"economic_damage_ratio_pct":2.47,"economic_asset_count":1,"criticality_territory":"martinique","criticality_family":"eu","criticality_scenario":"rp100","criticality_period_years":"100","criticality_hazard":"storm_cmcc"},"geometry":{"type":"LineString","coordinates":[[-61.09036465178006,14.623297967408185],[-61.09046394673672,14.623055919025328]]}},{"type":"Feature","properties":{"feature_id":"hydraulic-native:martinique-eu-line-cacem-1388","layer_key":"eau_eu","layer_label":"Eau EU","economic_unit_id":"hydraulic-native:martinique-eu-line-cacem-1388","economic_state":"S0","economic_exposure_eur":7454.0,"economic_damage_eur":184.0,"economic_damage_ratio_pct":2.469,"economic_asset_count":1,"criticality_territory":"martinique","criticality_family":"eu","criticality_scenario":"rp100","criticality_period_years":"100","criticality_hazard":"storm_cmcc"},"geometry":{"type":"LineString","coordinates":[[-61.073362810620765,14.606673681144882],[-61.07336684938968,14.606609736189213]]}},{"type":"Feature","properties":{"feature_id":"hydraulic-native:martinique-eu-line-cacem-1389","layer_key":"eau_eu","layer_label":"Eau EU","economic_unit_id":"hydraulic-native:martinique-eu-line-cacem-1389","economic_state":"S0","economic_exposure_eur":38313.0,"economic_damage_eur":946.0,"economic_damage_ratio_pct":2.469,"economic_asset_count":1,"criticality_territory":"martinique","criticality_family":"eu","criticality_scenario":"rp100","criticality_period_years":"100","criticality_hazard":"storm_cmcc"},"geometry":{"type":"LineString","coordinates":[[-61.09606831124741,14.61524821356968],[-61.096207542416444,14.614912851561039]]}},{"type":"Feature","properties":{"feature_id":"hydraulic-native:martinique-eu-line-cacem-1391","layer_key":"eau_eu","layer_label":"Eau EU","economic_unit_id":"hydraulic-native:martinique-eu-line-cacem-1391","economic_state":"S0","economic_exposure_eur":33908.0,"economic_damage_eur":837.0,"economic_damage_ratio_pct":2.469,"economic_asset_count":1,"criticality_territory":"martinique","criticality_family":"eu","criticality_scenario":"rp100","criticality_period_years":"100","criticality_hazard":"storm_cmcc"},"geometry":{"type":"LineString","coordinates":[[-61.0963187908831,14.614645292431078],[-61.096101566915266,14.614404980524967]]}},{"type":"Feature","properties":{"feature_id":"hydraulic-native:martinique-eu-line-cacem-1392","layer_key":"eau_eu","layer_label":"Eau EU","economic_unit_id":"hydraulic-native:martinique-eu-line-cacem-1392","economic_state":"S0","economic_exposure_eur":30573.0,"economic_damage_eur":755.0,"economic_damage_ratio_pct":2.469,"economic_asset_count":1,"criticality_territory":"martinique","criticality_family":"eu","criticality_scenario":"rp100","criticality_period_years":"100","criticality_hazard":"storm_cmcc"},"geometry":{"type":"LineString","coordinates":[[-61.096207542416444,14.614912851561039],[-61.0963187908831,14.614645292431078]]}},{"type":"Feature","properties":{"feature_id":"hydraulic-native:martinique-eu-line-cacem-1453","layer_key":"eau_eu","layer_label":"Eau EU","economic_unit_id":"hydraulic-native:martinique-eu-line-cacem-1453","economic_state":"S0","economic_exposure_eur":5000.0,"economic_damage_eur":124.0,"economic_damage_ratio_pct":2.472,"economic_asset_count":1,"criticality_territory":"martinique","criticality_family":"eu","criticality_scenario":"rp100","criticality_period_years":"100","criticality_hazard":"storm_cmcc"},"geometry":{"type":"LineString","coordinates":[[-61.07360404333471,14.605563243989195],[-61.07362194500756,14.605527943475064]]}},{"type":"Feature","properties":{"feature_id":"hydraulic-native:martinique-eu-line-cacem-1454","layer_key":"eau_eu","layer_label":"Eau EU","economic_unit_id":"hydraulic-native:martinique-eu-line-cacem-1454","economic_state":"S0","economic_exposure_eur":5377.0,"economic_damage_eur":133.0,"economic_damage_ratio_pct":2.471,"economic_asset_count":1,"criticality_territory":"martinique","criticality_family":"eu","criticality_scenario":"rp100","criticality_period_years":"100","criticality_hazard":"storm_cmcc"},"geometry":{"type":"LineString","coordinates":[[-61.07362194500756,14.605527943475064],[-61.073648923629854,14.605484505651148]]}},{"type":"Feature","properties":{"feature_id":"hydraulic-native:martinique-eu-line-cacem-1455","layer_key":"eau_eu","layer_label":"Eau EU","economic_unit_id":"hydraulic-native:martinique-eu-line-cacem-1455","economic_state":"S0","economic_exposure_eur":5000.0,"economic_damage_eur":123.0,"economic_damage_ratio_pct":2.47,"economic_asset_count":1,"criticality_territory":"martinique","criticality_family":"eu","criticality_scenario":"rp100","criticality_period_years":"100","criticality_hazard":"storm_cmcc"},"geometry":{"type":"LineString","coordinates":[[-61.0735114128212,14.605985771100757],[-61.0735123038046,14.605955660941513]]}},{"type":"Feature","properties":{"feature_id":"hydraulic-native:martinique-eu-line-cacem-1457","layer_key":"eau_eu","layer_label":"Eau EU","economic_unit_id":"hydraulic-native:martinique-eu-line-cacem-1457","economic_state":"S0","economic_exposure_eur":10347.0,"economic_damage_eur":255.0,"economic_damage_ratio_pct":2.469,"economic_asset_count":1,"criticality_territory":"martinique","criticality_family":"eu","criticality_scenario":"rp100","criticality_period_years":"100","criticality_hazard":"storm_cmcc"},"geometry":{"type":"LineString","coordinates":[[-61.07355549775231,14.606073524566478],[-61.0735114128212,14.605985771100757]]}},{"type":"Feature","properties":{"feature_id":"hydraulic-native:martinique-eu-line-cacem-1458","layer_key":"eau_eu","layer_label":"Eau EU","economic_unit_id":"hydraulic-native:martinique-eu-line-cacem-1458","economic_state":"S0","economic_exposure_eur":5000.0,"economic_damage_eur":123.0,"economic_damage_ratio_pct":2.47,"economic_asset_count":1,"criticality_territory":"martinique","criticality_family":"eu","criticality_scenario":"rp100","criticality_period_years":"100","criticality_hazard":"storm_cmcc"},"geometry":{"type":"LineString","coordinates":[[-61.07369951533736,14.605128756035349],[-61.073691376706684,14.605139923935733]]}},{"type":"Feature","properties":{"feature_id":"hydraulic-native:martinique-eu-line-cacem-1483","layer_key":"eau_eu","layer_label":"Eau EU","economic_unit_id":"hydraulic-native:martinique-eu-line-cacem-1483","economic_state":"S0","economic_exposure_eur":29384.0,"economic_damage_eur":726.0,"economic_damage_ratio_pct":2.469,"economic_asset_count":1,"criticality_territory":"martinique","criticality_family":"eu","criticality_scenario":"rp100","criticality_period_years":"100","criticality_hazard":"storm_cmcc"},"geometry":{"type":"LineString","coordinates":[[-61.07380145403541,14.604660891044558],[-61.07384710698016,14.604427180445313],[-61.07380767582046,14.604417800602697]]}},{"type":"Feature","properties":{"feature_id":"hydraulic-native:martinique-eu-line-cacem-1484","layer_key":"eau_eu","layer_label":"Eau EU","economic_unit_id":"hydraulic-native:martinique-eu-line-cacem-1484","economic_state":"S0","economic_exposure_eur":5000.0,"economic_damage_eur":123.0,"economic_damage_ratio_pct":2.47,"economic_asset_count":1,"criticality_territory":"martinique","criticality_family":"eu","criticality_scenario":"rp100","criticality_period_years":"100","criticality_hazard":"storm_cmcc"},"geometry":{"type":"LineString","coordinates":[[-61.07380145403541,14.604660891044558],[-61.073798272456614,14.604669637600654]]}},{"type":"Feature","properties":{"feature_id":"hydraulic-native:martinique-eu-line-cacem-1485","layer_key":"eau_eu","layer_label":"Eau EU","economic_unit_id":"hydraulic-native:martinique-eu-line-cacem-1485","economic_state":"S0","economic_exposure_eur":5000.0,"economic_damage_eur":123.0,"economic_damage_ratio_pct":2.47,"economic_asset_count":1,"criticality_territory":"martinique","criticality_family":"eu","criticality_scenario":"rp100","criticality_period_years":"100","criticality_hazard":"storm_cmcc"},"geometry":{"type":"LineString","coordinates":[[-61.07380145403541,14.604660891044558],[-61.073810982037855,14.604664059499466]]}},{"type":"Feature","properties":{"feature_id":"hydraulic-native:martinique-eu-line-cacem-1531","layer_key":"eau_eu","layer_label":"Eau EU","economic_unit_id":"hydraulic-native:martinique-eu-line-cacem-1531","economic_state":"S0","economic_exposure_eur":26749.0,"economic_damage_eur":662.0,"economic_damage_ratio_pct":2.477,"economic_asset_count":1,"criticality_territory":"martinique","criticality_family":"eu","criticality_scenario":"rp100","criticality_period_years":"100","criticality_hazard":"storm_cmcc"},"geometry":{"type":"LineString","coordinates":[[-61.0298273736085,14.670581691039574],[-61.02956867930822,14.670562949090343]]}},{"type":"Feature","properties":{"feature_id":"hydraulic-native:martinique-eu-line-cacem-1559","layer_key":"eau_eu","layer_label":"Eau EU","economic_unit_id":"hydraulic-native:martinique-eu-line-cacem-1559","economic_state":"S0","economic_exposure_eur":45872.0,"economic_damage_eur":1133.0,"economic_damage_ratio_pct":2.471,"economic_asset_count":1,"criticality_territory":"martinique","criticality_family":"eu","criticality_scenario":"rp100","criticality_period_years":"100","criticality_hazard":"storm_cmcc"},"geometry":{"type":"LineString","coordinates":[[-61.09172024290134,14.61776371422174],[-61.092010930633045,14.617435913600902]]}},{"type":"Feature","properties":{"feature_id":"hydraulic-native:martinique-eu-line-cacem-1571","layer_key":"eau_eu","layer_label":"Eau EU","economic_unit_id":"hydraulic-native:martinique-eu-line-cacem-1571","economic_state":"S0","economic_exposure_eur":12128.0,"economic_damage_eur":299.0,"economic_damage_ratio_pct":2.469,"economic_asset_count":1,"criticality_territory":"martinique","criticality_family":"eu","criticality_scenario":"rp100","criticality_period_years":"100","criticality_hazard":"storm_cmcc"},"geometry":{"type":"LineString","coordinates":[[-61.09605492701372,14.61180328406124],[-61.09614248009477,14.611879724171406]]}},{"type":"Feature","properties":{"feature_id":"hydraulic-native:martinique-eu-line-cacem-1591","layer_key":"eau_eu","layer_label":"Eau EU","economic_unit_id":"hydraulic-native:martinique-eu-line-cacem-1591","economic_state":"S0","economic_exposure_eur":34015.0,"economic_damage_eur":840.0,"economic_damage_ratio_pct":2.47,"economic_asset_count":1,"criticality_territory":"martinique","criticality_family":"eu","criticality_scenario":"rp100","criticality_period_years":"100","criticality_hazard":"storm_cmcc"},"geometry":{"type":"LineString","coordinates":[[-61.099028602439425,14.61390718125106],[-61.098755183788434,14.614086769731513]]}},{"type":"Feature","properties":{"feature_id":"hydraulic-native:martinique-eu-line-cacem-1598","layer_key":"eau_eu","layer_label":"Eau EU","economic_unit_id":"hydraulic-native:martinique-eu-line-cacem-1598","economic_state":"S0","economic_exposure_eur":49111.0,"economic_damage_eur":1212.0,"economic_damage_ratio_pct":2.469,"economic_asset_count":1,"criticality_territory":"martinique","criticality_family":"eu","criticality_scenario":"rp100","criticality_period_years":"100","criticality_hazard":"storm_cmcc"},"geometry":{"type":"LineString","coordinates":[[-61.096444804374286,14.612530934217531],[-61.09639968766679,14.61206933939023]]}},{"type":"Feature","properties":{"feature_id":"hydraulic-native:martinique-eu-line-cacem-1604","layer_key":"eau_eu","layer_label":"Eau EU","economic_unit_id":"hydraulic-native:martinique-eu-line-cacem-1604","economic_state":"S0","economic_exposure_eur":33272.0,"economic_damage_eur":822.0,"economic_damage_ratio_pct":2.469,"economic_asset_count":1,"criticality_territory":"martinique","criticality_family":"eu","criticality_scenario":"rp100","criticality_period_years":"100","criticality_hazard":"storm_cmcc"},"geometry":{"type":"LineString","coordinates":[[-61.09614248009477,14.611879724171406],[-61.09639968766679,14.61206933939023]]}},{"type":"Feature","properties":{"feature_id":"hydraulic-native:martinique-eu-line-cacem-1630","layer_key":"eau_eu","layer_label":"Eau EU","economic_unit_id":"hydraulic-native:martinique-eu-line-cacem-1630","economic_state":"S0","economic_exposure_eur":48501.0,"economic_damage_eur":1198.0,"economic_damage_ratio_pct":2.469,"economic_asset_count":1,"criticality_territory":"martinique","criticality_family":"eu","criticality_scenario":"rp100","criticality_period_years":"100","criticality_hazard":"storm_cmcc"},"geometry":{"type":"LineString","coordinates":[[-61.0955842847725,14.61297038223822],[-61.09568348919262,14.612863953066599],[-61.09552162454509,14.612821118803826],[-61.095411222787845,14.612715283644937]]}},{"type":"Feature","properties":{"feature_id":"hydraulic-native:martinique-eu-line-cacem-1636","layer_key":"eau_eu","layer_label":"Eau EU","economic_unit_id":"hydraulic-native:martinique-eu-line-cacem-1636","economic_state":"S0","economic_exposure_eur":42120.0,"economic_damage_eur":1040.0,"economic_damage_ratio_pct":2.469,"economic_asset_count":1,"criticality_territory":"martinique","criticality_family":"eu","criticality_scenario":"rp100","criticality_period_years":"100","criticality_hazard":"storm_cmcc"},"geometry":{"type":"LineString","coordinates":[[-61.095411222787845,14.612715283644937],[-61.09537626423141,14.612319069845825]]}},{"type":"Feature","properties":{"feature_id":"hydraulic-native:martinique-eu-line-cacem-1637","layer_key":"eau_eu","layer_label":"Eau EU","economic_unit_id":"hydraulic-native:martinique-eu-line-cacem-1637","economic_state":"S0","economic_exposure_eur":92513.0,"economic_damage_eur":2284.0,"economic_damage_ratio_pct":2.469,"economic_asset_count":1,"criticality_territory":"martinique","criticality_family":"eu","criticality_scenario":"rp100","criticality_period_years":"100","criticality_hazard":"storm_cmcc"},"geometry":{"type":"LineString","coordinates":[[-61.09537626423141,14.612319069845825],[-61.095797313486955,14.612011964534021],[-61.09614248009477,14.611879724171406]]}},{"type":"Feature","properties":{"feature_id":"hydraulic-native:martinique-eu-line-cacem-1639","layer_key":"eau_eu","layer_label":"Eau EU","economic_unit_id":"hydraulic-native:martinique-eu-line-cacem-1639","economic_state":"S0","economic_exposure_eur":48015.0,"economic_damage_eur":1186.0,"economic_damage_ratio_pct":2.469,"economic_asset_count":1,"criticality_territory":"martinique","criticality_family":"eu","criticality_scenario":"rp100","criticality_period_years":"100","criticality_hazard":"storm_cmcc"},"geometry":{"type":"LineString","coordinates":[[-61.095411222787845,14.612715283644937],[-61.09535773866496,14.612853354088113],[-61.095377558635874,14.612894611898373],[-61.095132706446286,14.612998853431511]]}},{"type":"Feature","properties":{"feature_id":"hydraulic-native:martinique-eu-line-cacem-1645","layer_key":"eau_eu","layer_label":"Eau EU","economic_unit_id":"hydraulic-native:martinique-eu-line-cacem-1645","economic_state":"S0","economic_exposure_eur":73752.0,"economic_damage_eur":1821.0,"economic_damage_ratio_pct":2.469,"economic_asset_count":1,"criticality_territory":"martinique","criticality_family":"eu","criticality_scenario":"rp100","criticality_period_years":"100","criticality_hazard":"storm_cmcc"},"geometry":{"type":"LineString","coordinates":[[-61.09415839650524,14.614342372610706],[-61.093865100772206,14.613707315984396]]}},{"type":"Feature","properties":{"feature_id":"hydraulic-native:martinique-eu-line-cacem-1646","layer_key":"eau_eu","layer_label":"Eau EU","economic_unit_id":"hydraulic-native:martinique-eu-line-cacem-1646","economic_state":"S0","economic_exposure_eur":25686.0,"economic_damage_eur":634.0,"economic_damage_ratio_pct":2.469,"economic_asset_count":1,"criticality_territory":"martinique","criticality_family":"eu","criticality_scenario":"rp100","criticality_period_years":"100","criticality_hazard":"storm_cmcc"},"geometry":{"type":"LineString","coordinates":[[-61.095132706446286,14.612998853431511],[-61.094904516555,14.613096000946832]]}},{"type":"Feature","properties":{"feature_id":"hydraulic-native:martinique-eu-line-cacem-1647","layer_key":"eau_eu","layer_label":"Eau EU","economic_unit_id":"hydraulic-native:martinique-eu-line-cacem-1647","economic_state":"S0","economic_exposure_eur":11475.0,"economic_damage_eur":283.0,"economic_damage_ratio_pct":2.469,"economic_asset_count":1,"criticality_territory":"martinique","criticality_family":"eu","criticality_scenario":"rp100","criticality_period_years":"100","criticality_hazard":"storm_cmcc"},"geometry":{"type":"LineString","coordinates":[[-61.095132706446286,14.612998853431511],[-61.09511161933919,14.613105228681324]]}},{"type":"Feature","properties":{"feature_id":"hydraulic-native:martinique-eu-line-cacem-1658","layer_key":"eau_eu","layer_label":"Eau EU","economic_unit_id":"hydraulic-native:martinique-eu-line-cacem-1658","economic_state":"S0","economic_exposure_eur":56408.0,"economic_damage_eur":1393.0,"economic_damage_ratio_pct":2.47,"economic_asset_count":1,"criticality_territory":"martinique","criticality_family":"eu","criticality_scenario":"rp100","criticality_period_years":"100","criticality_hazard":"storm_cmcc"},"geometry":{"type":"LineString","coordinates":[[-61.09537626423141,14.612319069845825],[-61.0949406148676,14.61264105268162]]}},{"type":"Feature","properties":{"feature_id":"hydraulic-native:martinique-eu-line-cacem-1659","layer_key":"eau_eu","layer_label":"Eau EU","economic_unit_id":"hydraulic-native:martinique-eu-line-cacem-1659","economic_state":"S0","economic_exposure_eur":156510.0,"economic_damage_eur":3865.0,"economic_damage_ratio_pct":2.47,"economic_asset_count":1,"criticality_territory":"martinique","criticality_family":"eu","criticality_scenario":"rp100","criticality_period_years":"100","criticality_hazard":"storm_cmcc"},"geometry":{"type":"LineString","coordinates":[[-61.0949406148676,14.61264105268162],[-61.093434366940386,14.612810241586269]]}},{"type":"Feature","properties":{"feature_id":"hydraulic-native:martinique-eu-line-cacem-1661","layer_key":"eau_eu","layer_label":"Eau EU","economic_unit_id":"hydraulic-native:martinique-eu-line-cacem-1661","economic_state":"S0","economic_exposure_eur":20355.0,"economic_damage_eur":503.0,"economic_damage_ratio_pct":2.469,"economic_asset_count":1,"criticality_territory":"martinique","criticality_family":"eu","criticality_scenario":"rp100","criticality_period_years":"100","criticality_hazard":"storm_cmcc"},"geometry":{"type":"LineString","coordinates":[[-61.0949406148676,14.61264105268162],[-61.094979533722544,14.6128294566303]]}},{"type":"Feature","properties":{"feature_id":"hydraulic-native:martinique-eu-line-cacem-1763","layer_key":"eau_eu","layer_label":"Eau EU","economic_unit_id":"hydraulic-native:martinique-eu-line-cacem-1763","economic_state":"S0","economic_exposure_eur":52913.0,"economic_damage_eur":1304.0,"economic_damage_ratio_pct":2.465,"economic_asset_count":1,"criticality_territory":"martinique","criticality_family":"eu","criticality_scenario":"rp100","criticality_period_years":"100","criticality_hazard":"storm_cmcc"},"geometry":{"type":"LineString","coordinates":[[-60.994610680756615,14.597321211186452],[-60.994129150074954,14.597149008911018]]}},{"type":"Feature","properties":{"feature_id":"hydraulic-native:martinique-eu-line-cacem-1765","layer_key":"eau_eu","layer_label":"Eau EU","economic_unit_id":"hydraulic-native:martinique-eu-line-cacem-1765","economic_state":"S0","economic_exposure_eur":26255.0,"economic_damage_eur":647.0,"economic_damage_ratio_pct":2.465,"economic_asset_count":1,"criticality_territory":"martinique","criticality_family":"eu","criticality_scenario":"rp100","criticality_period_years":"100","criticality_hazard":"storm_cmcc"},"geometry":{"type":"LineString","coordinates":[[-60.99696806564846,14.59792317298364],[-60.99672323060196,14.597855402650124]]}},{"type":"Feature","properties":{"feature_id":"hydraulic-native:martinique-eu-line-cacem-1766","layer_key":"eau_eu","layer_label":"Eau EU","economic_unit_id":"hydraulic-native:martinique-eu-line-cacem-1766","economic_state":"S0","economic_exposure_eur":5000.0,"economic_damage_eur":123.0,"economic_damage_ratio_pct":2.464,"economic_asset_count":1,"criticality_territory":"martinique","criticality_family":"eu","criticality_scenario":"rp100","criticality_period_years":"100","criticality_hazard":"storm_cmcc"},"geometry":{"type":"LineString","coordinates":[[-60.99571263887303,14.598265907834405],[-60.99569057387878,14.598241608195643]]}},{"type":"Feature","properties":{"feature_id":"hydraulic-native:martinique-eu-line-cacem-1768","layer_key":"eau_eu","layer_label":"Eau EU","economic_unit_id":"hydraulic-native:martinique-eu-line-cacem-1768","economic_state":"S0","economic_exposure_eur":6210.0,"economic_damage_eur":153.0,"economic_damage_ratio_pct":2.464,"economic_asset_count":1,"criticality_territory":"martinique","criticality_family":"eu","criticality_scenario":"rp100","criticality_period_years":"100","criticality_hazard":"storm_cmcc"},"geometry":{"type":"LineString","coordinates":[[-60.99569057387878,14.598241608195643],[-60.99568248719352,14.598183515260814]]}},{"type":"Feature","properties":{"feature_id":"hydraulic-native:martinique-eu-line-cacem-1770","layer_key":"eau_eu","layer_label":"Eau EU","economic_unit_id":"hydraulic-native:martinique-eu-line-cacem-1770","economic_state":"S0","economic_exposure_eur":36161.0,"economic_damage_eur":891.0,"economic_damage_ratio_pct":2.465,"economic_asset_count":1,"criticality_territory":"martinique","criticality_family":"eu","criticality_scenario":"rp100","criticality_period_years":"100","criticality_hazard":"storm_cmcc"},"geometry":{"type":"LineString","coordinates":[[-60.99529520615164,14.597534602621367],[-60.995634098397545,14.597621974292858]]}},{"type":"Feature","properties":{"feature_id":"hydraulic-native:martinique-eu-line-cacem-1771","layer_key":"eau_eu","layer_label":"Eau EU","economic_unit_id":"hydraulic-native:martinique-eu-line-cacem-1771","economic_state":"S0","economic_exposure_eur":34583.0,"economic_damage_eur":852.0,"economic_damage_ratio_pct":2.465,"economic_asset_count":1,"criticality_territory":"martinique","criticality_family":"eu","criticality_scenario":"rp100","criticality_period_years":"100","criticality_hazard":"storm_cmcc"},"geometry":{"type":"LineString","coordinates":[[-60.995634098397545,14.597621974292858],[-60.99595812383621,14.59770583059804]]}},{"type":"Feature","properties":{"feature_id":"hydraulic-native:martinique-eu-line-cacem-1772","layer_key":"eau_eu","layer_label":"Eau EU","economic_unit_id":"hydraulic-native:martinique-eu-line-cacem-1772","economic_state":"S0","economic_exposure_eur":22204.0,"economic_damage_eur":547.0,"economic_damage_ratio_pct":2.465,"economic_asset_count":1,"criticality_territory":"martinique","criticality_family":"eu","criticality_scenario":"rp100","criticality_period_years":"100","criticality_hazard":"storm_cmcc"},"geometry":{"type":"LineString","coordinates":[[-60.99595812383621,14.59770583059804],[-60.996167483083525,14.597754572120547]]}},{"type":"Feature","properties":{"feature_id":"hydraulic-native:martinique-eu-line-cacem-1774","layer_key":"eau_eu","layer_label":"Eau EU","economic_unit_id":"hydraulic-native:martinique-eu-line-cacem-1774","economic_state":"S0","economic_exposure_eur":22660.0,"economic_damage_eur":559.0,"economic_damage_ratio_pct":2.465,"economic_asset_count":1,"criticality_territory":"martinique","criticality_family":"eu","criticality_scenario":"rp100","criticality_period_years":"100","criticality_hazard":"storm_cmcc"},"geometry":{"type":"LineString","coordinates":[[-60.99634778467342,14.597789697520549],[-60.99619672527092,14.597945030916616]]}},{"type":"Feature","properties":{"feature_id":"hydraulic-native:martinique-eu-line-cacem-1775","layer_key":"eau_eu","layer_label":"Eau EU","economic_unit_id":"hydraulic-native:martinique-eu-line-cacem-1775","economic_state":"S0","economic_exposure_eur":39347.0,"economic_damage_eur":970.0,"economic_damage_ratio_pct":2.465,"economic_asset_count":1,"criticality_territory":"martinique","criticality_family":"eu","criticality_scenario":"rp100","criticality_period_years":"100","criticality_hazard":"storm_cmcc"},"geometry":{"type":"LineString","coordinates":[[-60.99672323060196,14.597855402650124],[-60.99634778467342,14.597789697520549]]}},{"type":"Feature","properties":{"feature_id":"hydraulic-native:martinique-eu-line-cacem-1776","layer_key":"eau_eu","layer_label":"Eau EU","economic_unit_id":"hydraulic-native:martinique-eu-line-cacem-1776","economic_state":"S0","economic_exposure_eur":9267.0,"economic_damage_eur":228.0,"economic_damage_ratio_pct":2.465,"economic_asset_count":1,"criticality_territory":"martinique","criticality_family":"eu","criticality_scenario":"rp100","criticality_period_years":"100","criticality_hazard":"storm_cmcc"},"geometry":{"type":"LineString","coordinates":[[-60.996167483083525,14.597754572120547],[-60.99619104887795,14.597838965296313]]}},{"type":"Feature","properties":{"feature_id":"hydraulic-native:martinique-eu-line-cacem-1777","layer_key":"eau_eu","layer_label":"Eau EU","economic_unit_id":"hydraulic-native:martinique-eu-line-cacem-1777","economic_state":"S0","economic_exposure_eur":11250.0,"economic_damage_eur":277.0,"economic_damage_ratio_pct":2.465,"economic_asset_count":1,"criticality_territory":"martinique","criticality_family":"eu","criticality_scenario":"rp100","criticality_period_years":"100","criticality_hazard":"storm_cmcc"},"geometry":{"type":"LineString","coordinates":[[-60.99619104887795,14.597838965296313],[-60.99619672527092,14.597945030916616]]}},{"type":"Feature","properties":{"feature_id":"hydraulic-native:martinique-eu-line-cacem-1781","layer_key":"eau_eu","layer_label":"Eau EU","economic_unit_id":"hydraulic-native:martinique-eu-line-cacem-1781","economic_state":"S0","economic_exposure_eur":6466.0,"economic_damage_eur":159.0,"economic_damage_ratio_pct":2.466,"economic_asset_count":1,"criticality_territory":"martinique","criticality_family":"eu","criticality_scenario":"rp100","criticality_period_years":"100","criticality_hazard":"storm_cmcc"},"geometry":{"type":"LineString","coordinates":[[-60.99466355768369,14.597288418801039],[-60.994610680756615,14.597321211186452]]}},{"type":"Feature","properties":{"feature_id":"hydraulic-native:martinique-eu-line-cacem-1782","layer_key":"eau_eu","layer_label":"Eau EU","economic_unit_id":"hydraulic-native:martinique-eu-line-cacem-1782","economic_state":"S0","economic_exposure_eur":59030.0,"economic_damage_eur":1455.0,"economic_damage_ratio_pct":2.465,"economic_asset_count":1,"criticality_territory":"martinique","criticality_family":"eu","criticality_scenario":"rp100","criticality_period_years":"100","criticality_hazard":"storm_cmcc"},"geometry":{"type":"LineString","coordinates":[[-60.994129150074954,14.597149008911018],[-60.993585950053784,14.596973624237599]]}},{"type":"Feature","properties":{"feature_id":"hydraulic-native:martinique-eu-line-cacem-1785","layer_key":"eau_eu","layer_label":"Eau EU","economic_unit_id":"hydraulic-native:martinique-eu-line-cacem-1785","economic_state":"S0","economic_exposure_eur":44531.0,"economic_damage_eur":1097.0,"economic_damage_ratio_pct":2.464,"economic_asset_count":1,"criticality_territory":"martinique","criticality_family":"eu","criticality_scenario":"rp100","criticality_period_years":"100","criticality_hazard":"storm_cmcc"},"geometry":{"type":"LineString","coordinates":[[-60.99348436903118,14.598201209461376],[-60.993524728247245,14.597782633507194]]}},{"type":"Feature","properties":{"feature_id":"hydraulic-native:martinique-eu-line-cacem-1786","layer_key":"eau_eu","layer_label":"Eau EU","economic_unit_id":"hydraulic-native:martinique-eu-line-cacem-1786","economic_state":"S0","economic_exposure_eur":26088.0,"economic_damage_eur":643.0,"economic_damage_ratio_pct":2.465,"economic_asset_count":1,"criticality_territory":"martinique","criticality_family":"eu","criticality_scenario":"rp100","criticality_period_years":"100","criticality_hazard":"storm_cmcc"},"geometry":{"type":"LineString","coordinates":[[-60.993585950053784,14.596973624237599],[-60.99334942598923,14.596886395956512]]}},{"type":"Feature","properties":{"feature_id":"hydraulic-native:martinique-eu-line-cacem-1787","layer_key":"eau_eu","layer_label":"Eau EU","economic_unit_id":"hydraulic-native:martinique-eu-line-cacem-1787","economic_state":"S0","economic_exposure_eur":6475.0,"economic_damage_eur":160.0,"economic_damage_ratio_pct":2.466,"economic_asset_count":1,"criticality_territory":"martinique","criticality_family":"eu","criticality_scenario":"rp100","criticality_period_years":"100","criticality_hazard":"storm_cmcc"},"geometry":{"type":"LineString","coordinates":[[-60.99334942598923,14.596886395956512],[-60.99332525333799,14.596942808460751]]}},{"type":"Feature","properties":{"feature_id":"hydraulic-native:martinique-eu-line-cacem-1788","layer_key":"eau_eu","layer_label":"Eau EU","economic_unit_id":"hydraulic-native:martinique-eu-line-cacem-1788","economic_state":"S0","economic_exposure_eur":6014.0,"economic_damage_eur":148.0,"economic_damage_ratio_pct":2.465,"economic_asset_count":1,"criticality_territory":"martinique","criticality_family":"eu","criticality_scenario":"rp100","criticality_period_years":"100","criticality_hazard":"storm_cmcc"},"geometry":{"type":"LineString","coordinates":[[-60.99361882773045,14.597020518503587],[-60.993585950053784,14.596973624237599]]}},{"type":"Feature","properties":{"feature_id":"hydraulic-native:martinique-eu-line-cacem-1789","layer_key":"eau_eu","layer_label":"Eau EU","economic_unit_id":"hydraulic-native:martinique-eu-line-cacem-1789","economic_state":"S0","economic_exposure_eur":26854.0,"economic_damage_eur":662.0,"economic_damage_ratio_pct":2.465,"economic_asset_count":1,"criticality_territory":"martinique","criticality_family":"eu","criticality_scenario":"rp100","criticality_period_years":"100","criticality_hazard":"storm_cmcc"},"geometry":{"type":"LineString","coordinates":[[-60.993585764500594,14.597271990030968],[-60.99361882773045,14.597020518503587]]}},{"type":"Feature","properties":{"feature_id":"hydraulic-native:martinique-eu-line-cacem-1790","layer_key":"eau_eu","layer_label":"Eau EU","economic_unit_id":"hydraulic-native:martinique-eu-line-cacem-1790","economic_state":"S0","economic_exposure_eur":54453.0,"economic_damage_eur":1342.0,"economic_damage_ratio_pct":2.464,"economic_asset_count":1,"criticality_territory":"martinique","criticality_family":"eu","criticality_scenario":"rp100","criticality_period_years":"100","criticality_hazard":"storm_cmcc"},"geometry":{"type":"LineString","coordinates":[[-60.993524728247245,14.597782633507194],[-60.993585764500594,14.597271990030968]]}},{"type":"Feature","properties":{"feature_id":"hydraulic-native:martinique-eu-line-cacem-1791","layer_key":"eau_eu","layer_label":"Eau EU","economic_unit_id":"hydraulic-native:martinique-eu-line-cacem-1791","economic_state":"S0","economic_exposure_eur":39177.0,"economic_damage_eur":965.0,"economic_damage_ratio_pct":2.464,"economic_asset_count":1,"criticality_territory":"martinique","criticality_family":"eu","criticality_scenario":"rp100","criticality_period_years":"100","criticality_hazard":"storm_cmcc"},"geometry":{"type":"LineString","coordinates":[[-60.99539592562382,14.598470063840285],[-60.99571263887303,14.598265907834405]]}},{"type":"Feature","properties":{"feature_id":"hydraulic-native:martinique-eu-line-cacem-1792","layer_key":"eau_eu","layer_label":"Eau EU","economic_unit_id":"hydraulic-native:martinique-eu-line-cacem-1792","economic_state":"S0","economic_exposure_eur":30402.0,"economic_damage_eur":749.0,"economic_damage_ratio_pct":2.465,"economic_asset_count":1,"criticality_territory":"martinique","criticality_family":"eu","criticality_scenario":"rp100","criticality_period_years":"100","criticality_hazard":"storm_cmcc"},"geometry":{"type":"LineString","coordinates":[[-60.99619672527092,14.597945030916616],[-60.995953075481815,14.598106534564046]]}},{"type":"Feature","properties":{"feature_id":"hydraulic-native:martinique-eu-line-cacem-1793","layer_key":"eau_eu","layer_label":"Eau EU","economic_unit_id":"hydraulic-native:martinique-eu-line-cacem-1793","economic_state":"S0","economic_exposure_eur":12741.0,"economic_damage_eur":314.0,"economic_damage_ratio_pct":2.464,"economic_asset_count":1,"criticality_territory":"martinique","criticality_family":"eu","criticality_scenario":"rp100","criticality_period_years":"100","criticality_hazard":"storm_cmcc"},"geometry":{"type":"LineString","coordinates":[[-60.995953075481815,14.598106534564046],[-60.99585096705406,14.598174217140258]]}},{"type":"Feature","properties":{"feature_id":"hydraulic-native:martinique-eu-line-cacem-1794","layer_key":"eau_eu","layer_label":"Eau EU","economic_unit_id":"hydraulic-native:martinique-eu-line-cacem-1794","economic_state":"S0","economic_exposure_eur":17260.0,"economic_damage_eur":425.0,"economic_damage_ratio_pct":2.465,"economic_asset_count":1,"criticality_territory":"martinique","criticality_family":"eu","criticality_scenario":"rp100","criticality_period_years":"100","criticality_hazard":"storm_cmcc"},"geometry":{"type":"LineString","coordinates":[[-60.99585096705406,14.598174217140258],[-60.99571263887303,14.598265907834405]]}},{"type":"Feature","properties":{"feature_id":"hydraulic-native:martinique-eu-line-cacem-1919","layer_key":"eau_eu","layer_label":"Eau EU","economic_unit_id":"hydraulic-native:martinique-eu-line-cacem-1919","economic_state":"S0","economic_exposure_eur":37277.0,"economic_damage_eur":921.0,"economic_damage_ratio_pct":2.471,"economic_asset_count":1,"criticality_territory":"martinique","criticality_family":"eu","criticality_scenario":"rp100","criticality_period_years":"100","criticality_hazard":"storm_cmcc"},"geometry":{"type":"LineString","coordinates":[[-61.00189986657649,14.616161358364964],[-61.002257049568136,14.61621511608827]]}},{"type":"Feature","properties":{"feature_id":"hydraulic-native:martinique-eu-line-cacem-1945","layer_key":"eau_eu","layer_label":"Eau EU","economic_unit_id":"hydraulic-native:martinique-eu-line-cacem-1945","economic_state":"S0","economic_exposure_eur":8505.0,"economic_damage_eur":210.0,"economic_damage_ratio_pct":2.472,"economic_asset_count":1,"criticality_territory":"martinique","criticality_family":"eu","criticality_scenario":"rp100","criticality_period_years":"100","criticality_hazard":"storm_cmcc"},"geometry":{"type":"LineString","coordinates":[[-61.002257049568136,14.61621511608827],[-61.00231232505451,14.61615553766782]]}},{"type":"Feature","properties":{"feature_id":"hydraulic-native:martinique-eu-line-cacem-1961","layer_key":"eau_eu","layer_label":"Eau EU","economic_unit_id":"hydraulic-native:martinique-eu-line-cacem-1961","economic_state":"S0","economic_exposure_eur":15692.0,"economic_damage_eur":387.0,"economic_damage_ratio_pct":2.469,"economic_asset_count":1,"criticality_territory":"martinique","criticality_family":"eu","criticality_scenario":"rp100","criticality_period_years":"100","criticality_hazard":"storm_cmcc"},"geometry":{"type":"LineString","coordinates":[[-61.00296870148921,14.60921662221131],[-61.00301424664398,14.609357974319057]]}},{"type":"Feature","properties":{"feature_id":"hydraulic-native:martinique-eu-line-cacem-1986","layer_key":"eau_eu","layer_label":"Eau EU","economic_unit_id":"hydraulic-native:martinique-eu-line-cacem-1986","economic_state":"S0","economic_exposure_eur":9168.0,"economic_damage_eur":226.0,"economic_damage_ratio_pct":2.469,"economic_asset_count":1,"criticality_territory":"martinique","criticality_family":"eu","criticality_scenario":"rp100","criticality_period_years":"100","criticality_hazard":"storm_cmcc"},"geometry":{"type":"LineString","coordinates":[[-61.05228087257134,14.614435368501447],[-61.0522503652878,14.614354067677946]]}},{"type":"Feature","properties":{"feature_id":"hydraulic-native:martinique-eu-line-cacem-2037","layer_key":"eau_eu","layer_label":"Eau EU","economic_unit_id":"hydraulic-native:martinique-eu-line-cacem-2037","economic_state":"S0","economic_exposure_eur":10967.0,"economic_damage_eur":272.0,"economic_damage_ratio_pct":2.476,"economic_asset_count":1,"criticality_territory":"martinique","criticality_family":"eu","criticality_scenario":"rp100","criticality_period_years":"100","criticality_hazard":"storm_cmcc"},"geometry":{"type":"LineString","coordinates":[[-61.047759147400136,14.66046972851837],[-61.04771377297195,14.660376080873242]]}},{"type":"Feature","properties":{"feature_id":"hydraulic-native:martinique-eu-line-cacem-2038","layer_key":"eau_eu","layer_label":"Eau EU","economic_unit_id":"hydraulic-native:martinique-eu-line-cacem-2038","economic_state":"S0","economic_exposure_eur":25836.0,"economic_damage_eur":640.0,"economic_damage_ratio_pct":2.476,"economic_asset_count":1,"criticality_territory":"martinique","criticality_family":"eu","criticality_scenario":"rp100","criticality_period_years":"100","criticality_hazard":"storm_cmcc"},"geometry":{"type":"LineString","coordinates":[[-61.04759169835084,14.660128253171047],[-61.047423240997595,14.66030880691179]]}},{"type":"Feature","properties":{"feature_id":"hydraulic-native:martinique-eu-line-cacem-2039","layer_key":"eau_eu","layer_label":"Eau EU","economic_unit_id":"hydraulic-native:martinique-eu-line-cacem-2039","economic_state":"S0","economic_exposure_eur":7881.0,"economic_damage_eur":195.0,"economic_damage_ratio_pct":2.476,"economic_asset_count":1,"criticality_territory":"martinique","criticality_family":"eu","criticality_scenario":"rp100","criticality_period_years":"100","criticality_hazard":"storm_cmcc"},"geometry":{"type":"LineString","coordinates":[[-61.04762790267008,14.660193782387823],[-61.04759169835084,14.660128253171047]]}},{"type":"Feature","properties":{"feature_id":"hydraulic-native:martinique-eu-line-cacem-2040","layer_key":"eau_eu","layer_label":"Eau EU","economic_unit_id":"hydraulic-native:martinique-eu-line-cacem-2040","economic_state":"S0","economic_exposure_eur":21242.0,"economic_damage_eur":526.0,"economic_damage_ratio_pct":2.476,"economic_asset_count":1,"criticality_territory":"martinique","criticality_family":"eu","criticality_scenario":"rp100","criticality_period_years":"100","criticality_hazard":"storm_cmcc"},"geometry":{"type":"LineString","coordinates":[[-61.04771377297195,14.660376080873242],[-61.04762790267008,14.660193782387823]]}},{"type":"Feature","properties":{"feature_id":"hydraulic-native:martinique-eu-line-cacem-2241","layer_key":"eau_eu","layer_label":"Eau EU","economic_unit_id":"hydraulic-native:martinique-eu-line-cacem-2241","economic_state":"S0","economic_exposure_eur":8966.0,"economic_damage_eur":222.0,"economic_damage_ratio_pct":2.476,"economic_asset_count":1,"criticality_territory":"martinique","criticality_family":"eu","criticality_scenario":"rp100","criticality_period_years":"100","criticality_hazard":"storm_cmcc"},"geometry":{"type":"LineString","coordinates":[[-61.02975103742203,14.669769662658625],[-61.0297202504406,14.669690499790551]]}},{"type":"Feature","properties":{"feature_id":"hydraulic-native:martinique-eu-line-cacem-2244","layer_key":"eau_eu","layer_label":"Eau EU","economic_unit_id":"hydraulic-native:martinique-eu-line-cacem-2244","economic_state":"S0","economic_exposure_eur":10560.0,"economic_damage_eur":261.0,"economic_damage_ratio_pct":2.476,"economic_asset_count":1,"criticality_territory":"martinique","criticality_family":"eu","criticality_scenario":"rp100","criticality_period_years":"100","criticality_hazard":"storm_cmcc"},"geometry":{"type":"LineString","coordinates":[[-61.029787465677636,14.669867982941804],[-61.02968527343139,14.669861518142058]]}},{"type":"Feature","properties":{"feature_id":"hydraulic-native:martinique-eu-line-cacem-2247","layer_key":"eau_eu","layer_label":"Eau EU","economic_unit_id":"hydraulic-native:martinique-eu-line-cacem-2247","economic_state":"S0","economic_exposure_eur":5000.0,"economic_damage_eur":124.0,"economic_damage_ratio_pct":2.476,"economic_asset_count":1,"criticality_territory":"martinique","criticality_family":"eu","criticality_scenario":"rp100","criticality_period_years":"100","criticality_hazard":"storm_cmcc"},"geometry":{"type":"LineString","coordinates":[[-61.02910648255939,14.670024436925344],[-61.029088623618264,14.670011091932558]]}},{"type":"Feature","properties":{"feature_id":"hydraulic-native:martinique-eu-line-cacem-2248","layer_key":"eau_eu","layer_label":"Eau EU","economic_unit_id":"hydraulic-native:martinique-eu-line-cacem-2248","economic_state":"S0","economic_exposure_eur":22540.0,"economic_damage_eur":558.0,"economic_damage_ratio_pct":2.476,"economic_asset_count":1,"criticality_territory":"martinique","criticality_family":"eu","criticality_scenario":"rp100","criticality_period_years":"100","criticality_hazard":"storm_cmcc"},"geometry":{"type":"LineString","coordinates":[[-61.029252981241626,14.669866495226048],[-61.02910648255939,14.670024436925344]]}},{"type":"Feature","properties":{"feature_id":"hydraulic-native:martinique-eu-line-cacem-2249","layer_key":"eau_eu","layer_label":"Eau EU","economic_unit_id":"hydraulic-native:martinique-eu-line-cacem-2249","economic_state":"S0","economic_exposure_eur":10584.0,"economic_damage_eur":262.0,"economic_damage_ratio_pct":2.476,"economic_asset_count":1,"criticality_territory":"martinique","criticality_family":"eu","criticality_scenario":"rp100","criticality_period_years":"100","criticality_hazard":"storm_cmcc"},"geometry":{"type":"LineString","coordinates":[[-61.029350028417745,14.669833963194964],[-61.029252981241626,14.669866495226048]]}},{"type":"Feature","properties":{"feature_id":"hydraulic-native:martinique-eu-line-cacem-2250","layer_key":"eau_eu","layer_label":"Eau EU","economic_unit_id":"hydraulic-native:martinique-eu-line-cacem-2250","economic_state":"S0","economic_exposure_eur":9443.0,"economic_damage_eur":234.0,"economic_damage_ratio_pct":2.476,"economic_asset_count":1,"criticality_territory":"martinique","criticality_family":"eu","criticality_scenario":"rp100","criticality_period_years":"100","criticality_hazard":"storm_cmcc"},"geometry":{"type":"LineString","coordinates":[[-61.0294410338998,14.669843901417405],[-61.029350028417745,14.669833963194964]]}},{"type":"Feature","properties":{"feature_id":"hydraulic-native:martinique-eu-line-cacem-2251","layer_key":"eau_eu","layer_label":"Eau EU","economic_unit_id":"hydraulic-native:martinique-eu-line-cacem-2251","economic_state":"S0","economic_exposure_eur":5898.0,"economic_damage_eur":146.0,"economic_damage_ratio_pct":2.475,"economic_asset_count":1,"criticality_territory":"martinique","criticality_family":"eu","criticality_scenario":"rp100","criticality_period_years":"100","criticality_hazard":"storm_cmcc"},"geometry":{"type":"LineString","coordinates":[[-61.02949811151303,14.66984755372868],[-61.0294410338998,14.669843901417405]]}},{"type":"Feature","properties":{"feature_id":"hydraulic-native:martinique-eu-line-cacem-2252","layer_key":"eau_eu","layer_label":"Eau EU","economic_unit_id":"hydraulic-native:martinique-eu-line-cacem-2252","economic_state":"S0","economic_exposure_eur":5072.0,"economic_damage_eur":126.0,"economic_damage_ratio_pct":2.475,"economic_asset_count":1,"criticality_territory":"martinique","criticality_family":"eu","criticality_scenario":"rp100","criticality_period_years":"100","criticality_hazard":"storm_cmcc"},"geometry":{"type":"LineString","coordinates":[[-61.02954725764572,14.66984951538855],[-61.02949811151303,14.66984755372868]]}},{"type":"Feature","properties":{"feature_id":"hydraulic-native:martinique-eu-line-cacem-2253","layer_key":"eau_eu","layer_label":"Eau EU","economic_unit_id":"hydraulic-native:martinique-eu-line-cacem-2253","economic_state":"S0","economic_exposure_eur":7935.0,"economic_damage_eur":196.0,"economic_damage_ratio_pct":2.476,"economic_asset_count":1,"criticality_territory":"martinique","criticality_family":"eu","criticality_scenario":"rp100","criticality_period_years":"100","criticality_hazard":"storm_cmcc"},"geometry":{"type":"LineString","coordinates":[[-61.02962403457535,14.66985455496859],[-61.02954725764572,14.66984951538855]]}},{"type":"Feature","properties":{"feature_id":"hydraulic-native:martinique-eu-line-cacem-2254","layer_key":"eau_eu","layer_label":"Eau EU","economic_unit_id":"hydraulic-native:martinique-eu-line-cacem-2254","economic_state":"S0","economic_exposure_eur":6357.0,"economic_damage_eur":157.0,"economic_damage_ratio_pct":2.475,"economic_asset_count":1,"criticality_territory":"martinique","criticality_family":"eu","criticality_scenario":"rp100","criticality_period_years":"100","criticality_hazard":"storm_cmcc"},"geometry":{"type":"LineString","coordinates":[[-61.02968527343139,14.669861518142058],[-61.02962403457535,14.66985455496859]]}},{"type":"Feature","properties":{"feature_id":"hydraulic-native:martinique-eu-line-cacem-2255","layer_key":"eau_eu","layer_label":"Eau EU","economic_unit_id":"hydraulic-native:martinique-eu-line-cacem-2255","economic_state":"S0","economic_exposure_eur":13753.0,"economic_damage_eur":341.0,"economic_damage_ratio_pct":2.477,"economic_asset_count":1,"criticality_territory":"martinique","criticality_family":"eu","criticality_scenario":"rp100","criticality_period_years":"100","criticality_hazard":"storm_cmcc"},"geometry":{"type":"LineString","coordinates":[[-61.030091406335664,14.670028812057115],[-61.03013874608934,14.670150199823638]]}},{"type":"Feature","properties":{"feature_id":"hydraulic-native:martinique-eu-line-cacem-2256","layer_key":"eau_eu","layer_label":"Eau EU","economic_unit_id":"hydraulic-native:martinique-eu-line-cacem-2256","economic_state":"S0","economic_exposure_eur":37566.0,"economic_damage_eur":930.0,"economic_damage_ratio_pct":2.476,"economic_asset_count":1,"criticality_territory":"martinique","criticality_family":"eu","criticality_scenario":"rp100","criticality_period_years":"100","criticality_hazard":"storm_cmcc"},"geometry":{"type":"LineString","coordinates":[[-61.02931686757842,14.670313986178291],[-61.02910648255939,14.670024436925344]]}},{"type":"Feature","properties":{"feature_id":"hydraulic-native:martinique-eu-line-cacem-2257","layer_key":"eau_eu","layer_label":"Eau EU","economic_unit_id":"hydraulic-native:martinique-eu-line-cacem-2257","economic_state":"S0","economic_exposure_eur":9035.0,"economic_damage_eur":224.0,"economic_damage_ratio_pct":2.477,"economic_asset_count":1,"criticality_territory":"martinique","criticality_family":"eu","criticality_scenario":"rp100","criticality_period_years":"100","criticality_hazard":"storm_cmcc"},"geometry":{"type":"LineString","coordinates":[[-61.02956867930822,14.670562949090343],[-61.02948165906419,14.670552964051739]]}},{"type":"Feature","properties":{"feature_id":"hydraulic-native:martinique-eu-line-cacem-2258","layer_key":"eau_eu","layer_label":"Eau EU","economic_unit_id":"hydraulic-native:martinique-eu-line-cacem-2258","economic_state":"S0","economic_exposure_eur":9835.0,"economic_damage_eur":244.0,"economic_damage_ratio_pct":2.477,"economic_asset_count":1,"criticality_territory":"martinique","criticality_family":"eu","criticality_scenario":"rp100","criticality_period_years":"100","criticality_hazard":"storm_cmcc"},"geometry":{"type":"LineString","coordinates":[[-61.02948165906419,14.670552964051739],[-61.02939267804662,14.670519525397426]]}},{"type":"Feature","properties":{"feature_id":"hydraulic-native:martinique-eu-line-cacem-2259","layer_key":"eau_eu","layer_label":"Eau EU","economic_unit_id":"hydraulic-native:martinique-eu-line-cacem-2259","economic_state":"S0","economic_exposure_eur":20463.0,"economic_damage_eur":507.0,"economic_damage_ratio_pct":2.476,"economic_asset_count":1,"criticality_territory":"martinique","criticality_family":"eu","criticality_scenario":"rp100","criticality_period_years":"100","criticality_hazard":"storm_cmcc"},"geometry":{"type":"LineString","coordinates":[[-61.02939267804662,14.670519525397426],[-61.02925439738591,14.670380949256339]]}},{"type":"Feature","properties":{"feature_id":"hydraulic-native:martinique-eu-line-cacem-2260","layer_key":"eau_eu","layer_label":"Eau EU","economic_unit_id":"hydraulic-native:martinique-eu-line-cacem-2260","economic_state":"S0","economic_exposure_eur":40726.0,"economic_damage_eur":1008.0,"economic_damage_ratio_pct":2.476,"economic_asset_count":1,"criticality_territory":"martinique","criticality_family":"eu","criticality_scenario":"rp100","criticality_period_years":"100","criticality_hazard":"storm_cmcc"},"geometry":{"type":"LineString","coordinates":[[-61.02925439738591,14.670380949256339],[-61.02910648255939,14.670024436925344]]}},{"type":"Feature","properties":{"feature_id":"hydraulic-native:martinique-eu-line-cacem-2261","layer_key":"eau_eu","layer_label":"Eau EU","economic_unit_id":"hydraulic-native:martinique-eu-line-cacem-2261","economic_state":"S0","economic_exposure_eur":20134.0,"economic_damage_eur":498.0,"economic_damage_ratio_pct":2.476,"economic_asset_count":1,"criticality_territory":"martinique","criticality_family":"eu","criticality_scenario":"rp100","criticality_period_years":"100","criticality_hazard":"storm_cmcc"},"geometry":{"type":"LineString","coordinates":[[-61.02934131706103,14.669483254983152],[-61.029166456439945,14.66956785137054]]}},{"type":"Feature","properties":{"feature_id":"hydraulic-native:martinique-eu-line-cacem-2262","layer_key":"eau_eu","layer_label":"Eau EU","economic_unit_id":"hydraulic-native:martinique-eu-line-cacem-2262","economic_state":"S0","economic_exposure_eur":44926.0,"economic_damage_eur":1112.0,"economic_damage_ratio_pct":2.476,"economic_asset_count":1,"criticality_territory":"martinique","criticality_family":"eu","criticality_scenario":"rp100","criticality_period_years":"100","criticality_hazard":"storm_cmcc"},"geometry":{"type":"LineString","coordinates":[[-61.029166456439945,14.66956785137054],[-61.02877073571841,14.669745328085558]]}},{"type":"Feature","properties":{"feature_id":"hydraulic-native:martinique-eu-line-cacem-2263","layer_key":"eau_eu","layer_label":"Eau EU","economic_unit_id":"hydraulic-native:martinique-eu-line-cacem-2263","economic_state":"S0","economic_exposure_eur":8104.0,"economic_damage_eur":201.0,"economic_damage_ratio_pct":2.477,"economic_asset_count":1,"criticality_territory":"martinique","criticality_family":"eu","criticality_scenario":"rp100","criticality_period_years":"100","criticality_hazard":"storm_cmcc"},"geometry":{"type":"LineString","coordinates":[[-61.03013874608934,14.670150199823638],[-61.03014102373875,14.670226597946545]]}},{"type":"Feature","properties":{"feature_id":"hydraulic-native:martinique-eu-line-cacem-2264","layer_key":"eau_eu","layer_label":"Eau EU","economic_unit_id":"hydraulic-native:martinique-eu-line-cacem-2264","economic_state":"S0","economic_exposure_eur":20127.0,"economic_damage_eur":498.0,"economic_damage_ratio_pct":2.477,"economic_asset_count":1,"criticality_territory":"martinique","criticality_family":"eu","criticality_scenario":"rp100","criticality_period_years":"100","criticality_hazard":"storm_cmcc"},"geometry":{"type":"LineString","coordinates":[[-61.03014102373875,14.670226597946545],[-61.03020846514998,14.670404914096753]]}},{"type":"Feature","properties":{"feature_id":"hydraulic-native:martinique-eu-line-cacem-2265","layer_key":"eau_eu","layer_label":"Eau EU","economic_unit_id":"hydraulic-native:martinique-eu-line-cacem-2265","economic_state":"S0","economic_exposure_eur":16395.0,"economic_damage_eur":406.0,"economic_damage_ratio_pct":2.477,"economic_asset_count":1,"criticality_territory":"martinique","criticality_family":"eu","criticality_scenario":"rp100","criticality_period_years":"100","criticality_hazard":"storm_cmcc"},"geometry":{"type":"LineString","coordinates":[[-61.03020846514998,14.670404914096753],[-61.030210643439375,14.670559683709381]]}},{"type":"Feature","properties":{"feature_id":"hydraulic-native:martinique-eu-line-cacem-2266","layer_key":"eau_eu","layer_label":"Eau EU","economic_unit_id":"hydraulic-native:martinique-eu-line-cacem-2266","economic_state":"S0","economic_exposure_eur":8954.0,"economic_damage_eur":222.0,"economic_damage_ratio_pct":2.477,"economic_asset_count":1,"criticality_territory":"martinique","criticality_family":"eu","criticality_scenario":"rp100","criticality_period_years":"100","criticality_hazard":"storm_cmcc"},"geometry":{"type":"LineString","coordinates":[[-61.030210643439375,14.670559683709381],[-61.030155164499554,14.670624713455423]]}},{"type":"Feature","properties":{"feature_id":"hydraulic-native:martinique-eu-line-cacem-2275","layer_key":"eau_eu","layer_label":"Eau EU","economic_unit_id":"hydraulic-native:martinique-eu-line-cacem-2275","economic_state":"S0","economic_exposure_eur":16568.0,"economic_damage_eur":410.0,"economic_damage_ratio_pct":2.476,"economic_asset_count":1,"criticality_territory":"martinique","criticality_family":"eu","criticality_scenario":"rp100","criticality_period_years":"100","criticality_hazard":"storm_cmcc"},"geometry":{"type":"LineString","coordinates":[[-61.02877073571841,14.669745328085558],[-61.02877894110831,14.669901547062205]]}},{"type":"Feature","properties":{"feature_id":"hydraulic-native:martinique-eu-line-cacem-2280","layer_key":"eau_eu","layer_label":"Eau EU","economic_unit_id":"hydraulic-native:martinique-eu-line-cacem-2280","economic_state":"S0","economic_exposure_eur":32709.0,"economic_damage_eur":810.0,"economic_damage_ratio_pct":2.476,"economic_asset_count":1,"criticality_territory":"martinique","criticality_family":"eu","criticality_scenario":"rp100","criticality_period_years":"100","criticality_hazard":"storm_cmcc"},"geometry":{"type":"LineString","coordinates":[[-61.02877894110831,14.669901547062205],[-61.02847133624356,14.669976978966263]]}},{"type":"Feature","properties":{"feature_id":"hydraulic-native:martinique-eu-line-cacem-3097","layer_key":"eau_eu","layer_label":"Eau EU","economic_unit_id":"hydraulic-native:martinique-eu-line-cacem-3097","economic_state":"S0","economic_exposure_eur":112732.0,"economic_damage_eur":2783.0,"economic_damage_ratio_pct":2.469,"economic_asset_count":1,"criticality_territory":"martinique","criticality_family":"eu","criticality_scenario":"rp100","criticality_period_years":"100","criticality_hazard":"storm_cmcc"},"geometry":{"type":"LineString","coordinates":[[-61.096101566915266,14.614404980524967],[-61.09671676976557,14.61379710152546],[-61.096828259753195,14.613616921419244]]}},{"type":"Feature","properties":{"feature_id":"hydraulic-native:martinique-eu-line-cacem-3098","layer_key":"eau_eu","layer_label":"Eau EU","economic_unit_id":"hydraulic-native:martinique-eu-line-cacem-3098","economic_state":"S0","economic_exposure_eur":8636.0,"economic_damage_eur":213.0,"economic_damage_ratio_pct":2.469,"economic_asset_count":1,"criticality_territory":"martinique","criticality_family":"eu","criticality_scenario":"rp100","criticality_period_years":"100","criticality_hazard":"storm_cmcc"},"geometry":{"type":"LineString","coordinates":[[-61.096828259753195,14.613616921419244],[-61.096874763784314,14.613549121468877]]}},{"type":"Feature","properties":{"feature_id":"hydraulic-native:martinique-eu-line-cacem-3652","layer_key":"eau_eu","layer_label":"Eau EU","economic_unit_id":"hydraulic-native:martinique-eu-line-cacem-3652","economic_state":"S0","economic_exposure_eur":17925.0,"economic_damage_eur":444.0,"economic_damage_ratio_pct":2.476,"economic_asset_count":1,"criticality_territory":"martinique","criticality_family":"eu","criticality_scenario":"rp100","criticality_period_years":"100","criticality_hazard":"storm_cmcc"},"geometry":{"type":"LineString","coordinates":[[-60.990016444429166,14.670918447146443],[-60.98984642775682,14.670883174637709]]}},{"type":"Feature","properties":{"feature_id":"hydraulic-native:martinique-eu-line-cacem-3653","layer_key":"eau_eu","layer_label":"Eau EU","economic_unit_id":"hydraulic-native:martinique-eu-line-cacem-3653","economic_state":"S0","economic_exposure_eur":12181.0,"economic_damage_eur":302.0,"economic_damage_ratio_pct":2.475,"economic_asset_count":1,"criticality_territory":"martinique","criticality_family":"eu","criticality_scenario":"rp100","criticality_period_years":"100","criticality_hazard":"storm_cmcc"},"geometry":{"type":"LineString","coordinates":[[-60.99012373056124,14.670870308465055],[-60.990016444429166,14.670918447146443]]}},{"type":"Feature","properties":{"feature_id":"hydraulic-native:martinique-eu-line-cacem-3654","layer_key":"eau_eu","layer_label":"Eau EU","economic_unit_id":"hydraulic-native:martinique-eu-line-cacem-3654","economic_state":"S0","economic_exposure_eur":13862.0,"economic_damage_eur":343.0,"economic_damage_ratio_pct":2.475,"economic_asset_count":1,"criticality_territory":"martinique","criticality_family":"eu","criticality_scenario":"rp100","criticality_period_years":"100","criticality_hazard":"storm_cmcc"},"geometry":{"type":"LineString","coordinates":[[-60.99021718252318,14.670964379398983],[-60.99012373056124,14.670870308465055]]}},{"type":"Feature","properties":{"feature_id":"hydraulic-native:martinique-eu-line-cacem-3655","layer_key":"eau_eu","layer_label":"Eau EU","economic_unit_id":"hydraulic-native:martinique-eu-line-cacem-3655","economic_state":"S0","economic_exposure_eur":5000.0,"economic_damage_eur":124.0,"economic_damage_ratio_pct":2.476,"economic_asset_count":1,"criticality_territory":"martinique","criticality_family":"eu","criticality_scenario":"rp100","criticality_period_years":"100","criticality_hazard":"storm_cmcc"},"geometry":{"type":"LineString","coordinates":[[-60.99024393700907,14.671002746928004],[-60.99021718252318,14.670964379398983]]}},{"type":"Feature","properties":{"feature_id":"hydraulic-native:martinique-eu-line-cacem-3658","layer_key":"eau_eu","layer_label":"Eau EU","economic_unit_id":"hydraulic-native:martinique-eu-line-cacem-3658","economic_state":"S0","economic_exposure_eur":8336.0,"economic_damage_eur":206.0,"economic_damage_ratio_pct":2.476,"economic_asset_count":1,"criticality_territory":"martinique","criticality_family":"eu","criticality_scenario":"rp100","criticality_period_years":"100","criticality_hazard":"storm_cmcc"},"geometry":{"type":"LineString","coordinates":[[-60.98976774246459,14.671112658155232],[-60.98968783256642,14.671100758814655]]}},{"type":"Feature","properties":{"feature_id":"hydraulic-native:martinique-eu-line-cacem-3659","layer_key":"eau_eu","layer_label":"Eau EU","economic_unit_id":"hydraulic-native:martinique-eu-line-cacem-3659","economic_state":"S0","economic_exposure_eur":9371.0,"economic_damage_eur":232.0,"economic_damage_ratio_pct":2.475,"economic_asset_count":1,"criticality_territory":"martinique","criticality_family":"eu","criticality_scenario":"rp100","criticality_period_years":"100","criticality_hazard":"storm_cmcc"},"geometry":{"type":"LineString","coordinates":[[-60.98985678857332,14.671130329964457],[-60.98976774246459,14.671112658155232]]}},{"type":"Feature","properties":{"feature_id":"hydraulic-native:martinique-eu-line-cacem-3660","layer_key":"eau_eu","layer_label":"Eau EU","economic_unit_id":"hydraulic-native:martinique-eu-line-cacem-3660","economic_state":"S0","economic_exposure_eur":7302.0,"economic_damage_eur":181.0,"economic_damage_ratio_pct":2.476,"economic_asset_count":1,"criticality_territory":"martinique","criticality_family":"eu","criticality_scenario":"rp100","criticality_period_years":"100","criticality_hazard":"storm_cmcc"},"geometry":{"type":"LineString","coordinates":[[-60.98987133079041,14.671062861787354],[-60.98985678857332,14.671130329964457]]}},{"type":"Feature","properties":{"feature_id":"hydraulic-native:martinique-eu-line-cacem-3661","layer_key":"eau_eu","layer_label":"Eau EU","economic_unit_id":"hydraulic-native:martinique-eu-line-cacem-3661","economic_state":"S0","economic_exposure_eur":11530.0,"economic_damage_eur":285.0,"economic_damage_ratio_pct":2.475,"economic_asset_count":1,"criticality_territory":"martinique","criticality_family":"eu","criticality_scenario":"rp100","criticality_period_years":"100","criticality_hazard":"storm_cmcc"},"geometry":{"type":"LineString","coordinates":[[-60.98997998292001,14.671088565757653],[-60.98987133079041,14.671062861787354]]}},{"type":"Feature","properties":{"feature_id":"hydraulic-native:martinique-eu-line-cacem-3662","layer_key":"eau_eu","layer_label":"Eau EU","economic_unit_id":"hydraulic-native:martinique-eu-line-cacem-3662","economic_state":"S0","economic_exposure_eur":8458.0,"economic_damage_eur":209.0,"economic_damage_ratio_pct":2.476,"economic_asset_count":1,"criticality_territory":"martinique","criticality_family":"eu","criticality_scenario":"rp100","criticality_period_years":"100","criticality_hazard":"storm_cmcc"},"geometry":{"type":"LineString","coordinates":[[-60.989308856378024,14.671957502041428],[-60.98932229567956,14.671878726540717]]}},{"type":"Feature","properties":{"feature_id":"hydraulic-native:martinique-eu-line-cacem-3663","layer_key":"eau_eu","layer_label":"Eau EU","economic_unit_id":"hydraulic-native:martinique-eu-line-cacem-3663","economic_state":"S0","economic_exposure_eur":8214.0,"economic_damage_eur":203.0,"economic_damage_ratio_pct":2.475,"economic_asset_count":1,"criticality_territory":"martinique","criticality_family":"eu","criticality_scenario":"rp100","criticality_period_years":"100","criticality_hazard":"storm_cmcc"},"geometry":{"type":"LineString","coordinates":[[-60.989296550797356,14.672034117647833],[-60.989308856378024,14.671957502041428]]}},{"type":"Feature","properties":{"feature_id":"hydraulic-native:martinique-eu-line-cacem-3664","layer_key":"eau_eu","layer_label":"Eau EU","economic_unit_id":"hydraulic-native:martinique-eu-line-cacem-3664","economic_state":"S0","economic_exposure_eur":22184.0,"economic_damage_eur":549.0,"economic_damage_ratio_pct":2.475,"economic_asset_count":1,"criticality_territory":"martinique","criticality_family":"eu","criticality_scenario":"rp100","criticality_period_years":"100","criticality_hazard":"storm_cmcc"},"geometry":{"type":"LineString","coordinates":[[-60.9892352000246,14.672509281301917],[-60.98902410636361,14.672468860943361]]}},{"type":"Feature","properties":{"feature_id":"hydraulic-native:martinique-eu-line-cacem-3665","layer_key":"eau_eu","layer_label":"Eau EU","economic_unit_id":"hydraulic-native:martinique-eu-line-cacem-3665","economic_state":"S0","economic_exposure_eur":16545.0,"economic_damage_eur":409.0,"economic_damage_ratio_pct":2.475,"economic_asset_count":1,"criticality_territory":"martinique","criticality_family":"eu","criticality_scenario":"rp100","criticality_period_years":"100","criticality_hazard":"storm_cmcc"},"geometry":{"type":"LineString","coordinates":[[-60.989394914375765,14.672524224301897],[-60.9892352000246,14.672509281301917]]}},{"type":"Feature","properties":{"feature_id":"hydraulic-native:martinique-eu-line-cacem-3666","layer_key":"eau_eu","layer_label":"Eau EU","economic_unit_id":"hydraulic-native:martinique-eu-line-cacem-3666","economic_state":"S0","economic_exposure_eur":8140.0,"economic_damage_eur":201.0,"economic_damage_ratio_pct":2.474,"economic_asset_count":1,"criticality_territory":"martinique","criticality_family":"eu","criticality_scenario":"rp100","criticality_period_years":"100","criticality_hazard":"storm_cmcc"},"geometry":{"type":"LineString","coordinates":[[-60.98947367841731,14.672529425713586],[-60.989394914375765,14.672524224301897]]}},{"type":"Feature","properties":{"feature_id":"hydraulic-native:martinique-eu-line-cacem-3667","layer_key":"eau_eu","layer_label":"Eau EU","economic_unit_id":"hydraulic-native:martinique-eu-line-cacem-3667","economic_state":"S0","economic_exposure_eur":15466.0,"economic_damage_eur":383.0,"economic_damage_ratio_pct":2.475,"economic_asset_count":1,"criticality_territory":"martinique","criticality_family":"eu","criticality_scenario":"rp100","criticality_period_years":"100","criticality_hazard":"storm_cmcc"},"geometry":{"type":"LineString","coordinates":[[-60.989623007584484,14.672543102697933],[-60.98947367841731,14.672529425713586]]}},{"type":"Feature","properties":{"feature_id":"hydraulic-native:martinique-eu-line-cacem-3668","layer_key":"eau_eu","layer_label":"Eau EU","economic_unit_id":"hydraulic-native:martinique-eu-line-cacem-3668","economic_state":"S0","economic_exposure_eur":8263.0,"economic_damage_eur":204.0,"economic_damage_ratio_pct":2.475,"economic_asset_count":1,"criticality_territory":"martinique","criticality_family":"eu","criticality_scenario":"rp100","criticality_period_years":"100","criticality_hazard":"storm_cmcc"},"geometry":{"type":"LineString","coordinates":[[-60.9897028747283,14.67254949020259],[-60.989623007584484,14.672543102697933]]}},{"type":"Feature","properties":{"feature_id":"hydraulic-native:martinique-eu-line-cacem-3669","layer_key":"eau_eu","layer_label":"Eau EU","economic_unit_id":"hydraulic-native:martinique-eu-line-cacem-3669","economic_state":"S0","economic_exposure_eur":12040.0,"economic_damage_eur":298.0,"economic_damage_ratio_pct":2.475,"economic_asset_count":1,"criticality_territory":"martinique","criticality_family":"eu","criticality_scenario":"rp100","criticality_period_years":"100","criticality_hazard":"storm_cmcc"},"geometry":{"type":"LineString","coordinates":[[-60.98981898709496,14.672561431883125],[-60.9897028747283,14.67254949020259]]}},{"type":"Feature","properties":{"feature_id":"hydraulic-native:martinique-eu-line-cacem-3670","layer_key":"eau_eu","layer_label":"Eau EU","economic_unit_id":"hydraulic-native:martinique-eu-line-cacem-3670","economic_state":"S0","economic_exposure_eur":12800.0,"economic_damage_eur":317.0,"economic_damage_ratio_pct":2.474,"economic_asset_count":1,"criticality_territory":"martinique","criticality_family":"eu","criticality_scenario":"rp100","criticality_period_years":"100","criticality_hazard":"storm_cmcc"},"geometry":{"type":"LineString","coordinates":[[-60.98994273401432,14.67257091037996],[-60.98981898709496,14.672561431883125]]}},{"type":"Feature","properties":{"feature_id":"hydraulic-native:martinique-eu-line-cacem-3938","layer_key":"eau_eu","layer_label":"Eau EU","economic_unit_id":"hydraulic-native:martinique-eu-line-cacem-3938","economic_state":"S0","economic_exposure_eur":6787.0,"economic_damage_eur":168.0,"economic_damage_ratio_pct":2.474,"economic_asset_count":1,"criticality_territory":"martinique","criticality_family":"eu","criticality_scenario":"rp100","criticality_period_years":"100","criticality_hazard":"storm_cmcc"},"geometry":{"type":"LineString","coordinates":[[-61.01012719829469,14.679521110196776],[-61.01008575317633,14.679570888995324]]}},{"type":"Feature","properties":{"feature_id":"hydraulic-native:martinique-eu-line-cacem-3939","layer_key":"eau_eu","layer_label":"Eau EU","economic_unit_id":"hydraulic-native:martinique-eu-line-cacem-3939","economic_state":"S0","economic_exposure_eur":5000.0,"economic_damage_eur":124.0,"economic_damage_ratio_pct":2.472,"economic_asset_count":1,"criticality_territory":"martinique","criticality_family":"eu","criticality_scenario":"rp100","criticality_period_years":"100","criticality_hazard":"storm_cmcc"},"geometry":{"type":"LineString","coordinates":[[-60.96429455858657,14.630773656280516],[-60.96429365823036,14.630788409247662]]}},{"type":"Feature","properties":{"feature_id":"hydraulic-native:martinique-eu-line-cacem-3940","layer_key":"eau_eu","layer_label":"Eau EU","economic_unit_id":"hydraulic-native:martinique-eu-line-cacem-3940","economic_state":"S0","economic_exposure_eur":22158.0,"economic_damage_eur":548.0,"economic_damage_ratio_pct":2.474,"economic_asset_count":1,"criticality_territory":"martinique","criticality_family":"eu","criticality_scenario":"rp100","criticality_period_years":"100","criticality_hazard":"storm_cmcc"},"geometry":{"type":"LineString","coordinates":[[-61.0098390382174,14.678920000917627],[-61.00998395789795,14.679074466085774]]}},{"type":"Feature","properties":{"feature_id":"hydraulic-native:martinique-eu-line-cacem-3941","layer_key":"eau_eu","layer_label":"Eau EU","economic_unit_id":"hydraulic-native:martinique-eu-line-cacem-3941","economic_state":"S0","economic_exposure_eur":14295.0,"economic_damage_eur":354.0,"economic_damage_ratio_pct":2.474,"economic_asset_count":1,"criticality_territory":"martinique","criticality_family":"eu","criticality_scenario":"rp100","criticality_period_years":"100","criticality_hazard":"storm_cmcc"},"geometry":{"type":"LineString","coordinates":[[-61.01025432241426,14.679574954673138],[-61.01012719829469,14.679521110196776]]}},{"type":"Feature","properties":{"feature_id":"hydraulic-native:martinique-eu-line-cacem-3942","layer_key":"eau_eu","layer_label":"Eau EU","economic_unit_id":"hydraulic-native:martinique-eu-line-cacem-3942","economic_state":"S0","economic_exposure_eur":24253.0,"economic_damage_eur":600.0,"economic_damage_ratio_pct":2.474,"economic_asset_count":1,"criticality_territory":"martinique","criticality_family":"eu","criticality_scenario":"rp100","criticality_period_years":"100","criticality_hazard":"storm_cmcc"},"geometry":{"type":"LineString","coordinates":[[-61.01027434862451,14.679342485451935],[-61.01012719829469,14.679521110196776]]}},{"type":"Feature","properties":{"feature_id":"hydraulic-native:martinique-eu-line-cacem-3943","layer_key":"eau_eu","layer_label":"Eau EU","economic_unit_id":"hydraulic-native:martinique-eu-line-cacem-3943","economic_state":"S0","economic_exposure_eur":16352.0,"economic_damage_eur":405.0,"economic_damage_ratio_pct":2.474,"economic_asset_count":1,"criticality_territory":"martinique","criticality_family":"eu","criticality_scenario":"rp100","criticality_period_years":"100","criticality_hazard":"storm_cmcc"},"geometry":{"type":"LineString","coordinates":[[-61.01016468338887,14.679230973908256],[-61.01027434862451,14.679342485451935]]}},{"type":"Feature","properties":{"feature_id":"hydraulic-native:martinique-eu-line-cacem-3944","layer_key":"eau_eu","layer_label":"Eau EU","economic_unit_id":"hydraulic-native:martinique-eu-line-cacem-3944","economic_state":"S0","economic_exposure_eur":24943.0,"economic_damage_eur":617.0,"economic_damage_ratio_pct":2.474,"economic_asset_count":1,"criticality_territory":"martinique","criticality_family":"eu","criticality_scenario":"rp100","criticality_period_years":"100","criticality_hazard":"storm_cmcc"},"geometry":{"type":"LineString","coordinates":[[-61.00998395789795,14.679074466085774],[-61.01016468338887,14.679230973908256]]}},{"type":"Feature","properties":{"feature_id":"hydraulic-native:martinique-eu-line-cacem-3948","layer_key":"eau_eu","layer_label":"Eau EU","economic_unit_id":"hydraulic-native:martinique-eu-line-cacem-3948","economic_state":"S0","economic_exposure_eur":17883.0,"economic_damage_eur":443.0,"economic_damage_ratio_pct":2.476,"economic_asset_count":1,"criticality_territory":"martinique","criticality_family":"eu","criticality_scenario":"rp100","criticality_period_years":"100","criticality_hazard":"storm_cmcc"},"geometry":{"type":"LineString","coordinates":[[-61.028807409732394,14.670082426544818],[-61.02863573943858,14.6701064417478]]}},{"type":"Feature","properties":{"feature_id":"hydraulic-native:martinique-eu-line-cacem-3949","layer_key":"eau_eu","layer_label":"Eau EU","economic_unit_id":"hydraulic-native:martinique-eu-line-cacem-3949","economic_state":"S0","economic_exposure_eur":29965.0,"economic_damage_eur":742.0,"economic_damage_ratio_pct":2.476,"economic_asset_count":1,"criticality_territory":"martinique","criticality_family":"eu","criticality_scenario":"rp100","criticality_period_years":"100","criticality_hazard":"storm_cmcc"},"geometry":{"type":"LineString","coordinates":[[-61.029088623618264,14.670011091932558],[-61.028807409732394,14.670082426544818]]}},{"type":"Feature","properties":{"feature_id":"hydraulic-native:martinique-eu-line-cacem-3950","layer_key":"eau_eu","layer_label":"Eau EU","economic_unit_id":"hydraulic-native:martinique-eu-line-cacem-3950","economic_state":"S0","economic_exposure_eur":21804.0,"economic_damage_eur":540.0,"economic_damage_ratio_pct":2.476,"economic_asset_count":1,"criticality_territory":"martinique","criticality_family":"eu","criticality_scenario":"rp100","criticality_period_years":"100","criticality_hazard":"storm_cmcc"},"geometry":{"type":"LineString","coordinates":[[-61.02863573943858,14.6701064417478],[-61.02847133624356,14.669976978966263]]}},{"type":"Feature","properties":{"feature_id":"hydraulic-native:martinique-eu-line-cacem-3951","layer_key":"eau_eu","layer_label":"Eau EU","economic_unit_id":"hydraulic-native:martinique-eu-line-cacem-3951","economic_state":"S0","economic_exposure_eur":5472.0,"economic_damage_eur":136.0,"economic_damage_ratio_pct":2.477,"economic_asset_count":1,"criticality_territory":"martinique","criticality_family":"eu","criticality_scenario":"rp100","criticality_period_years":"100","criticality_hazard":"storm_cmcc"},"geometry":{"type":"LineString","coordinates":[[-61.02847133624356,14.669976978966263],[-61.02842624761527,14.670004231205379]]}},{"type":"Feature","properties":{"feature_id":"hydraulic-native:martinique-eu-line-cacem-3953","layer_key":"eau_eu","layer_label":"Eau EU","economic_unit_id":"hydraulic-native:martinique-eu-line-cacem-3953","economic_state":"S0","economic_exposure_eur":5000.0,"economic_damage_eur":124.0,"economic_damage_ratio_pct":2.476,"economic_asset_count":1,"criticality_territory":"martinique","criticality_family":"eu","criticality_scenario":"rp100","criticality_period_years":"100","criticality_hazard":"storm_cmcc"},"geometry":{"type":"LineString","coordinates":[[-61.0210393014252,14.675482396714916],[-61.02101201591166,14.675473405867775]]}},{"type":"Feature","properties":{"feature_id":"hydraulic-native:martinique-eu-line-cacem-4070","layer_key":"eau_eu","layer_label":"Eau EU","economic_unit_id":"hydraulic-native:martinique-eu-line-cacem-4070","economic_state":"S0","economic_exposure_eur":6292.0,"economic_damage_eur":155.0,"economic_damage_ratio_pct":2.47,"economic_asset_count":1,"criticality_territory":"martinique","criticality_family":"eu","criticality_scenario":"rp100","criticality_period_years":"100","criticality_hazard":"storm_cmcc"},"geometry":{"type":"LineString","coordinates":[[-60.99275712167881,14.614744458038235],[-60.992784735748806,14.614797424011487]]}},{"type":"Feature","properties":{"feature_id":"hydraulic-native:martinique-eu-line-cacem-4574","layer_key":"eau_eu","layer_label":"Eau EU","economic_unit_id":"hydraulic-native:martinique-eu-line-cacem-4574","economic_state":"S0","economic_exposure_eur":38032.0,"economic_damage_eur":939.0,"economic_damage_ratio_pct":2.47,"economic_asset_count":1,"criticality_territory":"martinique","criticality_family":"eu","criticality_scenario":"rp100","criticality_period_years":"100","criticality_hazard":"storm_cmcc"},"geometry":{"type":"LineString","coordinates":[[-61.112153211349124,14.626556655799668],[-61.111855744089794,14.626346193876545]]}},{"type":"Feature","properties":{"feature_id":"hydraulic-native:martinique-eu-line-cacem-4575","layer_key":"eau_eu","layer_label":"Eau EU","economic_unit_id":"hydraulic-native:martinique-eu-line-cacem-4575","economic_state":"S0","economic_exposure_eur":16632.0,"economic_damage_eur":411.0,"economic_damage_ratio_pct":2.471,"economic_asset_count":1,"criticality_territory":"martinique","criticality_family":"eu","criticality_scenario":"rp100","criticality_period_years":"100","criticality_hazard":"storm_cmcc"},"geometry":{"type":"LineString","coordinates":[[-61.111818100169955,14.626327519601922],[-61.11173591984703,14.626286751821073],[-61.11176444070713,14.626225532190695]]}},{"type":"Feature","properties":{"feature_id":"hydraulic-native:martinique-eu-line-cacem-4576","layer_key":"eau_eu","layer_label":"Eau EU","economic_unit_id":"hydraulic-native:martinique-eu-line-cacem-4576","economic_state":"S0","economic_exposure_eur":19721.0,"economic_damage_eur":488.0,"economic_damage_ratio_pct":2.473,"economic_asset_count":1,"criticality_territory":"martinique","criticality_family":"eu","criticality_scenario":"rp100","criticality_period_years":"100","criticality_hazard":"storm_cmcc"},"geometry":{"type":"LineString","coordinates":[[-61.111782099628535,14.62617282092917],[-61.111622142579705,14.62607083603683]]}},{"type":"Feature","properties":{"feature_id":"hydraulic-native:martinique-eu-line-cacem-4577","layer_key":"eau_eu","layer_label":"Eau EU","economic_unit_id":"hydraulic-native:martinique-eu-line-cacem-4577","economic_state":"S0","economic_exposure_eur":7830.0,"economic_damage_eur":194.0,"economic_damage_ratio_pct":2.473,"economic_asset_count":1,"criticality_territory":"martinique","criticality_family":"eu","criticality_scenario":"rp100","criticality_period_years":"100","criticality_hazard":"storm_cmcc"},"geometry":{"type":"LineString","coordinates":[[-61.111622142579705,14.62607083603683],[-61.1115548865434,14.626036537611846]]}},{"type":"Feature","properties":{"feature_id":"hydraulic-native:martinique-eu-line-cacem-4581","layer_key":"eau_eu","layer_label":"Eau EU","economic_unit_id":"hydraulic-native:martinique-eu-line-cacem-4581","economic_state":"S0","economic_exposure_eur":8277.0,"economic_damage_eur":204.0,"economic_damage_ratio_pct":2.469,"economic_asset_count":1,"criticality_territory":"martinique","criticality_family":"eu","criticality_scenario":"rp100","criticality_period_years":"100","criticality_hazard":"storm_cmcc"},"geometry":{"type":"LineString","coordinates":[[-61.111532219320395,14.62697435390973],[-61.111567179119604,14.62690401162979]]}},{"type":"Feature","properties":{"feature_id":"hydraulic-native:martinique-eu-line-cacem-4582","layer_key":"eau_eu","layer_label":"Eau EU","economic_unit_id":"hydraulic-native:martinique-eu-line-cacem-4582","economic_state":"S0","economic_exposure_eur":11935.0,"economic_damage_eur":295.0,"economic_damage_ratio_pct":2.47,"economic_asset_count":1,"criticality_territory":"martinique","criticality_family":"eu","criticality_scenario":"rp100","criticality_period_years":"100","criticality_hazard":"storm_cmcc"},"geometry":{"type":"LineString","coordinates":[[-61.111567179119604,14.62690401162979],[-61.11161520453067,14.62680148863844]]}},{"type":"Feature","properties":{"feature_id":"hydraulic-native:martinique-eu-line-cacem-4583","layer_key":"eau_eu","layer_label":"Eau EU","economic_unit_id":"hydraulic-native:martinique-eu-line-cacem-4583","economic_state":"S0","economic_exposure_eur":7050.0,"economic_damage_eur":174.0,"economic_damage_ratio_pct":2.471,"economic_asset_count":1,"criticality_territory":"martinique","criticality_family":"eu","criticality_scenario":"rp100","criticality_period_years":"100","criticality_hazard":"storm_cmcc"},"geometry":{"type":"LineString","coordinates":[[-61.11161520453067,14.62680148863844],[-61.11164133926814,14.62674599617355]]}},{"type":"Feature","properties":{"feature_id":"hydraulic-native:martinique-eu-line-cacem-4584","layer_key":"eau_eu","layer_label":"Eau EU","economic_unit_id":"hydraulic-native:martinique-eu-line-cacem-4584","economic_state":"S0","economic_exposure_eur":12303.0,"economic_damage_eur":304.0,"economic_damage_ratio_pct":2.47,"economic_asset_count":1,"criticality_territory":"martinique","criticality_family":"eu","criticality_scenario":"rp100","criticality_period_years":"100","criticality_hazard":"storm_cmcc"},"geometry":{"type":"LineString","coordinates":[[-61.11164133926814,14.62674599617355],[-61.11170247679417,14.626646251249129]]}},{"type":"Feature","properties":{"feature_id":"hydraulic-native:martinique-eu-line-cacem-4585","layer_key":"eau_eu","layer_label":"Eau EU","economic_unit_id":"hydraulic-native:martinique-eu-line-cacem-4585","economic_state":"S0","economic_exposure_eur":17664.0,"economic_damage_eur":436.0,"economic_damage_ratio_pct":2.47,"economic_asset_count":1,"criticality_territory":"martinique","criticality_family":"eu","criticality_scenario":"rp100","criticality_period_years":"100","criticality_hazard":"storm_cmcc"},"geometry":{"type":"LineString","coordinates":[[-61.11170247679417,14.626646251249129],[-61.111770562279986,14.62649331694896]]}},{"type":"Feature","properties":{"feature_id":"hydraulic-native:martinique-eu-line-cacem-4586","layer_key":"eau_eu","layer_label":"Eau EU","economic_unit_id":"hydraulic-native:martinique-eu-line-cacem-4586","economic_state":"S0","economic_exposure_eur":5000.0,"economic_damage_eur":123.0,"economic_damage_ratio_pct":2.47,"economic_asset_count":1,"criticality_territory":"martinique","criticality_family":"eu","criticality_scenario":"rp100","criticality_period_years":"100","criticality_hazard":"storm_cmcc"},"geometry":{"type":"LineString","coordinates":[[-61.111855744089794,14.626346193876545],[-61.111818100169955,14.626327519601922]]}},{"type":"Feature","properties":{"feature_id":"hydraulic-native:martinique-eu-line-cacem-4587","layer_key":"eau_eu","layer_label":"Eau EU","economic_unit_id":"hydraulic-native:martinique-eu-line-cacem-4587","economic_state":"S0","economic_exposure_eur":5872.0,"economic_damage_eur":145.0,"economic_damage_ratio_pct":2.473,"economic_asset_count":1,"criticality_territory":"martinique","criticality_family":"eu","criticality_scenario":"rp100","criticality_period_years":"100","criticality_hazard":"storm_cmcc"},"geometry":{"type":"LineString","coordinates":[[-61.11176444070713,14.626225532190695],[-61.111782099628535,14.62617282092917]]}},{"type":"Feature","properties":{"feature_id":"hydraulic-native:martinique-eu-line-cacem-4588","layer_key":"eau_eu","layer_label":"Eau EU","economic_unit_id":"hydraulic-native:martinique-eu-line-cacem-4588","economic_state":"S0","economic_exposure_eur":17921.0,"economic_damage_eur":443.0,"economic_damage_ratio_pct":2.47,"economic_asset_count":1,"criticality_territory":"martinique","criticality_family":"eu","criticality_scenario":"rp100","criticality_period_years":"100","criticality_hazard":"storm_cmcc"},"geometry":{"type":"LineString","coordinates":[[-61.111770562279986,14.62649331694896],[-61.111855744089794,14.626346193876545]]}},{"type":"Feature","properties":{"feature_id":"hydraulic-native:martinique-eu-line-cacem-5230","layer_key":"eau_eu","layer_label":"Eau EU","economic_unit_id":"hydraulic-native:martinique-eu-line-cacem-5230","economic_state":"S0","economic_exposure_eur":13716.0,"economic_damage_eur":339.0,"economic_damage_ratio_pct":2.47,"economic_asset_count":1,"criticality_territory":"martinique","criticality_family":"eu","criticality_scenario":"rp100","criticality_period_years":"100","criticality_hazard":"storm_cmcc"},"geometry":{"type":"LineString","coordinates":[[-61.113807429865,14.628999655202005],[-61.1138859647681,14.629104165664536]]}},{"type":"Feature","properties":{"feature_id":"hydraulic-native:martinique-eu-line-cacem-5231","layer_key":"eau_eu","layer_label":"Eau EU","economic_unit_id":"hydraulic-native:martinique-eu-line-cacem-5231","economic_state":"S0","economic_exposure_eur":18367.0,"economic_damage_eur":454.0,"economic_damage_ratio_pct":2.47,"economic_asset_count":1,"criticality_territory":"martinique","criticality_family":"eu","criticality_scenario":"rp100","criticality_period_years":"100","criticality_hazard":"storm_cmcc"},"geometry":{"type":"LineString","coordinates":[[-61.1138859647681,14.629104165664536],[-61.11399113423107,14.629244119937123]]}},{"type":"Feature","properties":{"feature_id":"hydraulic-native:martinique-eu-line-cacem-5232","layer_key":"eau_eu","layer_label":"Eau EU","economic_unit_id":"hydraulic-native:martinique-eu-line-cacem-5232","economic_state":"S0","economic_exposure_eur":5923.0,"economic_damage_eur":146.0,"economic_damage_ratio_pct":2.47,"economic_asset_count":1,"criticality_territory":"martinique","criticality_family":"eu","criticality_scenario":"rp100","criticality_period_years":"100","criticality_hazard":"storm_cmcc"},"geometry":{"type":"LineString","coordinates":[[-61.11399113423107,14.629244119937123],[-61.11404160539148,14.629217428589541]]}},{"type":"Feature","properties":{"feature_id":"hydraulic-native:martinique-eu-line-cacem-5235","layer_key":"eau_eu","layer_label":"Eau EU","economic_unit_id":"hydraulic-native:martinique-eu-line-cacem-5235","economic_state":"S0","economic_exposure_eur":16739.0,"economic_damage_eur":414.0,"economic_damage_ratio_pct":2.47,"economic_asset_count":1,"criticality_territory":"martinique","criticality_family":"eu","criticality_scenario":"rp100","criticality_period_years":"100","criticality_hazard":"storm_cmcc"},"geometry":{"type":"LineString","coordinates":[[-61.1128113097283,14.630003168239325],[-61.11287142561076,14.63014997414295]]}},{"type":"Feature","properties":{"feature_id":"hydraulic-native:martinique-eu-line-cacem-5236","layer_key":"eau_eu","layer_label":"Eau EU","economic_unit_id":"hydraulic-native:martinique-eu-line-cacem-5236","economic_state":"S0","economic_exposure_eur":16458.0,"economic_damage_eur":407.0,"economic_damage_ratio_pct":2.471,"economic_asset_count":1,"criticality_territory":"martinique","criticality_family":"eu","criticality_scenario":"rp100","criticality_period_years":"100","criticality_hazard":"storm_cmcc"},"geometry":{"type":"LineString","coordinates":[[-61.11287142561076,14.63014997414295],[-61.11289120581454,14.630304109711926]]}},{"type":"Feature","properties":{"feature_id":"hydraulic-native:martinique-eu-line-cacem-5238","layer_key":"eau_eu","layer_label":"Eau EU","economic_unit_id":"hydraulic-native:martinique-eu-line-cacem-5238","economic_state":"S0","economic_exposure_eur":18018.0,"economic_damage_eur":445.0,"economic_damage_ratio_pct":2.47,"economic_asset_count":1,"criticality_territory":"martinique","criticality_family":"eu","criticality_scenario":"rp100","criticality_period_years":"100","criticality_hazard":"storm_cmcc"},"geometry":{"type":"LineString","coordinates":[[-61.112339371235194,14.630119646295718],[-61.11237530148443,14.629953164386508]]}},{"type":"Feature","properties":{"feature_id":"hydraulic-native:martinique-eu-line-cacem-5239","layer_key":"eau_eu","layer_label":"Eau EU","economic_unit_id":"hydraulic-native:martinique-eu-line-cacem-5239","economic_state":"S0","economic_exposure_eur":8506.0,"economic_damage_eur":210.0,"economic_damage_ratio_pct":2.47,"economic_asset_count":1,"criticality_territory":"martinique","criticality_family":"eu","criticality_scenario":"rp100","criticality_period_years":"100","criticality_hazard":"storm_cmcc"},"geometry":{"type":"LineString","coordinates":[[-61.112613921601245,14.629626169521424],[-61.11267714481286,14.629574599378762]]}},{"type":"Feature","properties":{"feature_id":"hydraulic-native:martinique-eu-line-cacem-5240","layer_key":"eau_eu","layer_label":"Eau EU","economic_unit_id":"hydraulic-native:martinique-eu-line-cacem-5240","economic_state":"S0","economic_exposure_eur":9495.0,"economic_damage_eur":235.0,"economic_damage_ratio_pct":2.47,"economic_asset_count":1,"criticality_territory":"martinique","criticality_family":"eu","criticality_scenario":"rp100","criticality_period_years":"100","criticality_hazard":"storm_cmcc"},"geometry":{"type":"LineString","coordinates":[[-61.11256996287925,14.629704901264915],[-61.112613921601245,14.629626169521424]]}},{"type":"Feature","properties":{"feature_id":"hydraulic-native:martinique-eu-line-cacem-5241","layer_key":"eau_eu","layer_label":"Eau EU","economic_unit_id":"hydraulic-native:martinique-eu-line-cacem-5241","economic_state":"S0","economic_exposure_eur":32914.0,"economic_damage_eur":813.0,"economic_damage_ratio_pct":2.47,"economic_asset_count":1,"criticality_territory":"martinique","criticality_family":"eu","criticality_scenario":"rp100","criticality_period_years":"100","criticality_hazard":"storm_cmcc"},"geometry":{"type":"LineString","coordinates":[[-61.11241769418349,14.629976698645857],[-61.11256996287925,14.629704901264915]]}},{"type":"Feature","properties":{"feature_id":"hydraulic-native:martinique-eu-line-cacem-5242","layer_key":"eau_eu","layer_label":"Eau EU","economic_unit_id":"hydraulic-native:martinique-eu-line-cacem-5242","economic_state":"S0","economic_exposure_eur":5033.0,"economic_damage_eur":124.0,"economic_damage_ratio_pct":2.469,"economic_asset_count":1,"criticality_territory":"martinique","criticality_family":"eu","criticality_scenario":"rp100","criticality_period_years":"100","criticality_hazard":"storm_cmcc"},"geometry":{"type":"LineString","coordinates":[[-61.11237530148443,14.629953164386508],[-61.11241769418349,14.629976698645857]]}},{"type":"Feature","properties":{"feature_id":"hydraulic-native:martinique-eu-line-cacem-5262","layer_key":"eau_eu","layer_label":"Eau EU","economic_unit_id":"hydraulic-native:martinique-eu-line-cacem-5262","economic_state":"S0","economic_exposure_eur":16794.0,"economic_damage_eur":415.0,"economic_damage_ratio_pct":2.471,"economic_asset_count":1,"criticality_territory":"martinique","criticality_family":"eu","criticality_scenario":"rp100","criticality_period_years":"100","criticality_hazard":"storm_cmcc"},"geometry":{"type":"LineString","coordinates":[[-61.112754238314984,14.631414927878856],[-61.11272106264543,14.631329184249475],[-61.11274815098145,14.631267670378787]]}},{"type":"Feature","properties":{"feature_id":"hydraulic-native:martinique-eu-line-cacem-6370","layer_key":"eau_eu","layer_label":"Eau EU","economic_unit_id":"hydraulic-native:martinique-eu-line-cacem-6370","economic_state":"S0","economic_exposure_eur":16567.0,"economic_damage_eur":409.0,"economic_damage_ratio_pct":2.467,"economic_asset_count":1,"criticality_territory":"martinique","criticality_family":"eu","criticality_scenario":"rp100","criticality_period_years":"100","criticality_hazard":"storm_cmcc"},"geometry":{"type":"LineString","coordinates":[[-60.992933125998356,14.608600039726158],[-60.99308368369879,14.608654537934385]]}},{"type":"Feature","properties":{"feature_id":"hydraulic-native:martinique-eu-line-cacem-8037","layer_key":"eau_eu","layer_label":"Eau EU","economic_unit_id":"hydraulic-native:martinique-eu-line-cacem-8037","economic_state":"S0","economic_exposure_eur":85000.0,"economic_damage_eur":2100.0,"economic_damage_ratio_pct":2.471,"economic_asset_count":1,"criticality_territory":"martinique","criticality_family":"eu","criticality_scenario":"rp100","criticality_period_years":"100","criticality_hazard":"storm_cmcc"},"geometry":{"type":"LineString","coordinates":[[-61.08157401802398,14.624916186165908],[-61.081479755703306,14.624830316226566],[-61.08097944064928,14.625300177080423]]}},{"type":"Feature","properties":{"feature_id":"hydraulic-native:martinique-eu-line-cacem-8038","layer_key":"eau_eu","layer_label":"Eau EU","economic_unit_id":"hydraulic-native:martinique-eu-line-cacem-8038","economic_state":"S0","economic_exposure_eur":69207.0,"economic_damage_eur":1710.0,"economic_damage_ratio_pct":2.471,"economic_asset_count":1,"criticality_territory":"martinique","criticality_family":"eu","criticality_scenario":"rp100","criticality_period_years":"100","criticality_hazard":"storm_cmcc"},"geometry":{"type":"LineString","coordinates":[[-61.08130091816309,14.625682305136783],[-61.08151707211526,14.625063716813937]]}},{"type":"Feature","properties":{"feature_id":"hydraulic-native:martinique-eu-line-cacem-8039","layer_key":"eau_eu","layer_label":"Eau EU","economic_unit_id":"hydraulic-native:martinique-eu-line-cacem-8039","economic_state":"S0","economic_exposure_eur":16693.0,"economic_damage_eur":413.0,"economic_damage_ratio_pct":2.471,"economic_asset_count":1,"criticality_territory":"martinique","criticality_family":"eu","criticality_scenario":"rp100","criticality_period_years":"100","criticality_hazard":"storm_cmcc"},"geometry":{"type":"LineString","coordinates":[[-61.08151707211526,14.625063716813937],[-61.08157401802398,14.624916186165908]]}},{"type":"Feature","properties":{"feature_id":"hydraulic-native:martinique-eu-line-cacem-8555","layer_key":"eau_eu","layer_label":"Eau EU","economic_unit_id":"hydraulic-native:martinique-eu-line-cacem-8555","economic_state":"S0","economic_exposure_eur":5256.0,"economic_damage_eur":130.0,"economic_damage_ratio_pct":2.468,"economic_asset_count":1,"criticality_territory":"martinique","criticality_family":"eu","criticality_scenario":"rp100","criticality_period_years":"100","criticality_hazard":"storm_cmcc"},"geometry":{"type":"LineString","coordinates":[[-61.07115423037303,14.60779179001293],[-61.07115895130801,14.6077423801981]]}},{"type":"Feature","properties":{"feature_id":"hydraulic-native:martinique-eu-line-cacem-8732","layer_key":"eau_eu","layer_label":"Eau EU","economic_unit_id":"hydraulic-native:martinique-eu-line-cacem-8732","economic_state":"S0","economic_exposure_eur":24439.0,"economic_damage_eur":603.0,"economic_damage_ratio_pct":2.468,"economic_asset_count":1,"criticality_territory":"martinique","criticality_family":"eu","criticality_scenario":"rp100","criticality_period_years":"100","criticality_hazard":"storm_cmcc"},"geometry":{"type":"LineString","coordinates":[[-61.06822938433505,14.607613605721104],[-61.06843616323602,14.607726270371973]]}},{"type":"Feature","properties":{"feature_id":"hydraulic-native:martinique-eu-line-cacem-8733","layer_key":"eau_eu","layer_label":"Eau EU","economic_unit_id":"hydraulic-native:martinique-eu-line-cacem-8733","economic_state":"S0","economic_exposure_eur":19645.0,"economic_damage_eur":485.0,"economic_damage_ratio_pct":2.468,"economic_asset_count":1,"criticality_territory":"martinique","criticality_family":"eu","criticality_scenario":"rp100","criticality_period_years":"100","criticality_hazard":"storm_cmcc"},"geometry":{"type":"LineString","coordinates":[[-61.07134458073599,14.607785361239566],[-61.07115423037303,14.60779179001293]]}},{"type":"Feature","properties":{"feature_id":"hydraulic-native:martinique-eu-line-cacem-8734","layer_key":"eau_eu","layer_label":"Eau EU","economic_unit_id":"hydraulic-native:martinique-eu-line-cacem-8734","economic_state":"S0","economic_exposure_eur":5000.0,"economic_damage_eur":123.0,"economic_damage_ratio_pct":2.468,"economic_asset_count":1,"criticality_territory":"martinique","criticality_family":"eu","criticality_scenario":"rp100","criticality_period_years":"100","criticality_hazard":"storm_cmcc"},"geometry":{"type":"LineString","coordinates":[[-61.07108920019676,14.607792367823828],[-61.07105055035287,14.607794149487145]]}},{"type":"Feature","properties":{"feature_id":"hydraulic-native:martinique-eu-line-cacem-8735","layer_key":"eau_eu","layer_label":"Eau EU","economic_unit_id":"hydraulic-native:martinique-eu-line-cacem-8735","economic_state":"S0","economic_exposure_eur":9033.0,"economic_damage_eur":223.0,"economic_damage_ratio_pct":2.468,"economic_asset_count":1,"criticality_territory":"martinique","criticality_family":"eu","criticality_scenario":"rp100","criticality_period_years":"100","criticality_hazard":"storm_cmcc"},"geometry":{"type":"LineString","coordinates":[[-61.07115895130801,14.6077423801981],[-61.07108920019676,14.607792367823828]]}},{"type":"Feature","properties":{"feature_id":"hydraulic-native:martinique-eu-line-cacem-8736","layer_key":"eau_eu","layer_label":"Eau EU","economic_unit_id":"hydraulic-native:martinique-eu-line-cacem-8736","economic_state":"S0","economic_exposure_eur":5000.0,"economic_damage_eur":123.0,"economic_damage_ratio_pct":2.468,"economic_asset_count":1,"criticality_territory":"martinique","criticality_family":"eu","criticality_scenario":"rp100","criticality_period_years":"100","criticality_hazard":"storm_cmcc"},"geometry":{"type":"LineString","coordinates":[[-61.071159732088205,14.607726858839435],[-61.07115895130801,14.6077423801981]]}},{"type":"Feature","properties":{"feature_id":"hydraulic-native:martinique-eu-line-cacem-9342","layer_key":"eau_eu","layer_label":"Eau EU","economic_unit_id":"hydraulic-native:martinique-eu-line-cacem-9342","economic_state":"S0","economic_exposure_eur":7440.0,"economic_damage_eur":184.0,"economic_damage_ratio_pct":2.468,"economic_asset_count":1,"criticality_territory":"martinique","criticality_family":"eu","criticality_scenario":"rp100","criticality_period_years":"100","criticality_hazard":"storm_cmcc"},"geometry":{"type":"LineString","coordinates":[[-61.06723989520359,14.607103339488754],[-61.067176855499866,14.60706919871199]]}},{"type":"Feature","properties":{"feature_id":"hydraulic-native:martinique-eu-line-cacem-9343","layer_key":"eau_eu","layer_label":"Eau EU","economic_unit_id":"hydraulic-native:martinique-eu-line-cacem-9343","economic_state":"S0","economic_exposure_eur":5000.0,"economic_damage_eur":123.0,"economic_damage_ratio_pct":2.468,"economic_asset_count":1,"criticality_territory":"martinique","criticality_family":"eu","criticality_scenario":"rp100","criticality_period_years":"100","criticality_hazard":"storm_cmcc"},"geometry":{"type":"LineString","coordinates":[[-61.06727706420633,14.607126330983311],[-61.06723989520359,14.607103339488754]]}},{"type":"Feature","properties":{"feature_id":"hydraulic-native:martinique-eu-line-cacem-9344","layer_key":"eau_eu","layer_label":"Eau EU","economic_unit_id":"hydraulic-native:martinique-eu-line-cacem-9344","economic_state":"S0","economic_exposure_eur":5000.0,"economic_damage_eur":123.0,"economic_damage_ratio_pct":2.468,"economic_asset_count":1,"criticality_territory":"martinique","criticality_family":"eu","criticality_scenario":"rp100","criticality_period_years":"100","criticality_hazard":"storm_cmcc"},"geometry":{"type":"LineString","coordinates":[[-61.06729621540066,14.60713938296937],[-61.06727706420633,14.607126330983311]]}},{"type":"Feature","properties":{"feature_id":"hydraulic-native:martinique-eu-line-cacem-9345","layer_key":"eau_eu","layer_label":"Eau EU","economic_unit_id":"hydraulic-native:martinique-eu-line-cacem-9345","economic_state":"S0","economic_exposure_eur":9885.0,"economic_damage_eur":244.0,"economic_damage_ratio_pct":2.469,"economic_asset_count":1,"criticality_territory":"martinique","criticality_family":"eu","criticality_scenario":"rp100","criticality_period_years":"100","criticality_hazard":"storm_cmcc"},"geometry":{"type":"LineString","coordinates":[[-61.067377188028786,14.60718931019492],[-61.06729621540066,14.60713938296937]]}},{"type":"Feature","properties":{"feature_id":"hydraulic-native:martinique-eu-line-cacem-9346","layer_key":"eau_eu","layer_label":"Eau EU","economic_unit_id":"hydraulic-native:martinique-eu-line-cacem-9346","economic_state":"S0","economic_exposure_eur":5927.0,"economic_damage_eur":146.0,"economic_damage_ratio_pct":2.468,"economic_asset_count":1,"criticality_territory":"martinique","criticality_family":"eu","criticality_scenario":"rp100","criticality_period_years":"100","criticality_hazard":"storm_cmcc"},"geometry":{"type":"LineString","coordinates":[[-61.067176855499866,14.60706919871199],[-61.06720452502684,14.607020153324699]]}},{"type":"Feature","properties":{"feature_id":"hydraulic-native:martinique-eu-line-cacem-9347","layer_key":"eau_eu","layer_label":"Eau EU","economic_unit_id":"hydraulic-native:martinique-eu-line-cacem-9347","economic_state":"S0","economic_exposure_eur":12326.0,"economic_damage_eur":304.0,"economic_damage_ratio_pct":2.468,"economic_asset_count":1,"criticality_territory":"martinique","criticality_family":"eu","criticality_scenario":"rp100","criticality_period_years":"100","criticality_hazard":"storm_cmcc"},"geometry":{"type":"LineString","coordinates":[[-61.06720452502684,14.607020153324699],[-61.06710246386513,14.606959618481197]]}},{"type":"Feature","properties":{"feature_id":"hydraulic-native:martinique-eu-line-cacem-9348","layer_key":"eau_eu","layer_label":"Eau EU","economic_unit_id":"hydraulic-native:martinique-eu-line-cacem-9348","economic_state":"S0","economic_exposure_eur":5365.0,"economic_damage_eur":132.0,"economic_damage_ratio_pct":2.467,"economic_asset_count":1,"criticality_territory":"martinique","criticality_family":"eu","criticality_scenario":"rp100","criticality_period_years":"100","criticality_hazard":"storm_cmcc"},"geometry":{"type":"LineString","coordinates":[[-61.06743662208483,14.60722415617286],[-61.06748142474985,14.607249794428798]]}},{"type":"Feature","properties":{"feature_id":"hydraulic-native:martinique-eu-line-cacem-9349","layer_key":"eau_eu","layer_label":"Eau EU","economic_unit_id":"hydraulic-native:martinique-eu-line-cacem-9349","economic_state":"S0","economic_exposure_eur":5000.0,"economic_damage_eur":123.0,"economic_damage_ratio_pct":2.468,"economic_asset_count":1,"criticality_territory":"martinique","criticality_family":"eu","criticality_scenario":"rp100","criticality_period_years":"100","criticality_hazard":"storm_cmcc"},"geometry":{"type":"LineString","coordinates":[[-61.067421914214094,14.607210626675649],[-61.06743662208483,14.60722415617286]]}},{"type":"Feature","properties":{"feature_id":"hydraulic-native:martinique-eu-line-cacem-9350","layer_key":"eau_eu","layer_label":"Eau EU","economic_unit_id":"hydraulic-native:martinique-eu-line-cacem-9350","economic_state":"S0","economic_exposure_eur":5000.0,"economic_damage_eur":123.0,"economic_damage_ratio_pct":2.468,"economic_asset_count":1,"criticality_territory":"martinique","criticality_family":"eu","criticality_scenario":"rp100","criticality_period_years":"100","criticality_hazard":"storm_cmcc"},"geometry":{"type":"LineString","coordinates":[[-61.06748142474985,14.607249794428798],[-61.06750635529306,14.607263783991712]]}},{"type":"Feature","properties":{"feature_id":"hydraulic-native:martinique-eu-line-cacem-9351","layer_key":"eau_eu","layer_label":"Eau EU","economic_unit_id":"hydraulic-native:martinique-eu-line-cacem-9351","economic_state":"S0","economic_exposure_eur":5000.0,"economic_damage_eur":123.0,"economic_damage_ratio_pct":2.468,"economic_asset_count":1,"criticality_territory":"martinique","criticality_family":"eu","criticality_scenario":"rp100","criticality_period_years":"100","criticality_hazard":"storm_cmcc"},"geometry":{"type":"LineString","coordinates":[[-61.06750635529306,14.607263783991712],[-61.06753321695499,14.607278857180948]]}},{"type":"Feature","properties":{"feature_id":"hydraulic-native:martinique-eu-line-cacem-9352","layer_key":"eau_eu","layer_label":"Eau EU","economic_unit_id":"hydraulic-native:martinique-eu-line-cacem-9352","economic_state":"S0","economic_exposure_eur":14322.0,"economic_damage_eur":354.0,"economic_damage_ratio_pct":2.469,"economic_asset_count":1,"criticality_territory":"martinique","criticality_family":"eu","criticality_scenario":"rp100","criticality_period_years":"100","criticality_hazard":"storm_cmcc"},"geometry":{"type":"LineString","coordinates":[[-61.07244688949667,14.607362460511707],[-61.072566233452264,14.607383908412041]]}},{"type":"Feature","properties":{"feature_id":"hydraulic-native:martinique-eu-line-caesm-298","layer_key":"eau_eu","layer_label":"Eau EU","economic_unit_id":"hydraulic-native:martinique-eu-line-caesm-298","economic_state":"S0","economic_exposure_eur":88786.0,"economic_damage_eur":2199.0,"economic_damage_ratio_pct":2.477,"economic_asset_count":1,"criticality_territory":"martinique","criticality_family":"eu","criticality_scenario":"rp100","criticality_period_years":"100","criticality_hazard":"storm_cmcc"},"geometry":{"type":"LineString","coordinates":[[-60.979207239990146,14.69294594337678],[-60.97991054639824,14.692462288590194]]}},{"type":"Feature","properties":{"feature_id":"hydraulic-native:martinique-eu-line-caesm-299","layer_key":"eau_eu","layer_label":"Eau EU","economic_unit_id":"hydraulic-native:martinique-eu-line-caesm-299","economic_state":"S0","economic_exposure_eur":28199.0,"economic_damage_eur":698.0,"economic_damage_ratio_pct":2.477,"economic_asset_count":1,"criticality_territory":"martinique","criticality_family":"eu","criticality_scenario":"rp100","criticality_period_years":"100","criticality_hazard":"storm_cmcc"},"geometry":{"type":"LineString","coordinates":[[-60.97991054639824,14.692462288590194],[-60.98014491533073,14.692325076269215]]}},{"type":"Feature","properties":{"feature_id":"hydraulic-native:martinique-eu-line-caesm-300","layer_key":"eau_eu","layer_label":"Eau EU","economic_unit_id":"hydraulic-native:martinique-eu-line-caesm-300","economic_state":"S0","economic_exposure_eur":15129.0,"economic_damage_eur":375.0,"economic_damage_ratio_pct":2.476,"economic_asset_count":1,"criticality_territory":"martinique","criticality_family":"eu","criticality_scenario":"rp100","criticality_period_years":"100","criticality_hazard":"storm_cmcc"},"geometry":{"type":"LineString","coordinates":[[-60.98014491533073,14.692325076269215],[-60.98025311869804,14.692228604442587]]}},{"type":"Feature","properties":{"feature_id":"hydraulic-native:martinique-eu-line-caesm-301","layer_key":"eau_eu","layer_label":"Eau EU","economic_unit_id":"hydraulic-native:martinique-eu-line-caesm-301","economic_state":"S0","economic_exposure_eur":34212.0,"economic_damage_eur":847.0,"economic_damage_ratio_pct":2.476,"economic_asset_count":1,"criticality_territory":"martinique","criticality_family":"eu","criticality_scenario":"rp100","criticality_period_years":"100","criticality_hazard":"storm_cmcc"},"geometry":{"type":"LineString","coordinates":[[-60.98025311869804,14.692228604442587],[-60.980288747126245,14.691907484797019]]}},{"type":"Feature","properties":{"feature_id":"hydraulic-native:martinique-eu-line-caesm-302","layer_key":"eau_eu","layer_label":"Eau EU","economic_unit_id":"hydraulic-native:martinique-eu-line-caesm-302","economic_state":"S0","economic_exposure_eur":37612.0,"economic_damage_eur":931.0,"economic_damage_ratio_pct":2.476,"economic_asset_count":1,"criticality_territory":"martinique","criticality_family":"eu","criticality_scenario":"rp100","criticality_period_years":"100","criticality_hazard":"storm_cmcc"},"geometry":{"type":"LineString","coordinates":[[-60.980288747126245,14.691907484797019],[-60.980415462034536,14.69157450693304]]}},{"type":"Feature","properties":{"feature_id":"hydraulic-native:martinique-eu-line-caesm-7740","layer_key":"eau_eu","layer_label":"Eau EU","economic_unit_id":"hydraulic-native:martinique-eu-line-caesm-7740","economic_state":"S0","economic_exposure_eur":14994.0,"economic_damage_eur":371.0,"economic_damage_ratio_pct":2.477,"economic_asset_count":1,"criticality_territory":"martinique","criticality_family":"eu","criticality_scenario":"rp100","criticality_period_years":"100","criticality_hazard":"storm_cmcc"},"geometry":{"type":"LineString","coordinates":[[-60.98011233602318,14.69219313017719],[-60.98025311869804,14.692228604442587]]}},{"type":"Feature","properties":{"feature_id":"hydraulic-native:martinique-eu-line-cap_nord-6374","layer_key":"eau_eu","layer_label":"Eau EU","economic_unit_id":"hydraulic-native:martinique-eu-line-cap_nord-6374","economic_state":"S0","economic_exposure_eur":5000.0,"economic_damage_eur":123.0,"economic_damage_ratio_pct":2.464,"economic_asset_count":1,"criticality_territory":"martinique","criticality_family":"eu","criticality_scenario":"rp100","criticality_period_years":"100","criticality_hazard":"storm_cmcc"},"geometry":{"type":"LineString","coordinates":[[-61.03599088222918,14.539731806535606],[-61.03598312419485,14.539727855603216]]}}],"metadata":{"source":"complete-analysis economic criticality reconstructed by generate_run_graphs","territory":"martinique","family":"eu","scenario":"rp100","scenario_label":"RP100","period_years":"100","hazard":"storm_cmcc","note":"Criticite economique reconstruite avec le moteur PML/interdependances utilise par state_damage_tables. Couleur: etat economique dominant par valeur exposee dans chaque zone hydraulique. Geometrie: geometries d'unites de service hydraulique. Epaisseur: valeur exposee pour les troncons lineaires. Controle carte: S0 16.6%, S1 0.0%, S2 83.4%, S3 0.0%; controle matrice: S0 17.0%, S1 0.0%, S2 83.0%, S3 0.0%. Unites cartographiees: 476/506 geometries, 476 unites economiques.","feature_count":476,"map_reference_pct":{"S0":16.555,"S1":0.0,"S2":83.445,"S3":0.0},"matrix_reference_pct":{"S0":17.035,"S1":0.0,"S2":82.965,"S3":0.0},"reference_warning":null}}