{"type":"FeatureCollection","features":[{"type":"Feature","properties":{"feature_id":"AEP_COMP_70012429","layer_key":"eau_aep","layer_label":"Eau AEP","economic_unit_id":"AEP_COMP_70012429","economic_state":"S0","economic_exposure_eur":641147.0,"economic_damage_eur":13638.0,"economic_damage_ratio_pct":2.127,"economic_asset_count":5,"criticality_territory":"saint-barthelemy","criticality_family":"aep","criticality_scenario":"rp1000","criticality_period_years":"1000","criticality_hazard":"storm"},"geometry":{"type":"Polygon","coordinates":[[[-62.85136006507544,17.910940030476795],[-62.85135994751011,17.911081099381914],[-62.851322527439535,17.911180968801],[-62.85116736558867,17.91132927447368],[-62.85095228731525,17.91137006002738],[-62.85074978742294,17.911289578185965],[-62.85058052163615,17.911038277570036],[-62.850558476426954,17.91089889087184],[-62.85058338087,17.91078631665296],[-62.84919176182601,17.90986076254007],[-62.84903135565922,17.909724339177206],[-62.84797032657972,17.90909007583103],[-62.847556698752214,17.90877984943468],[-62.84683885293409,17.90806537634977],[-62.84678479679395,17.907861952303293],[-62.84685790086654,17.907664060013968],[-62.84696671670142,17.90756893995041],[-62.847105271463825,17.90752092679172],[-62.84725247154538,17.907527330068593],[-62.84735501659721,17.907567571714893],[-62.847524087945864,17.907700504598317],[-62.84806798544264,17.908244927837558],[-62.848403537681236,17.908497408750197],[-62.849463513850715,17.90913052447946],[-62.84964459784573,17.90928009335078],[-62.85130148197209,17.910381053056565],[-62.85139687514212,17.910494575429883],[-62.85143771738583,17.910634927179526],[-62.85136006507544,17.910940030476795]]]}},{"type":"Feature","properties":{"feature_id":"AEP_COMP_70012434","layer_key":"eau_aep","layer_label":"Eau AEP","economic_unit_id":"AEP_COMP_70012434","economic_state":"S0","economic_exposure_eur":10000.0,"economic_damage_eur":213.0,"economic_damage_ratio_pct":2.128,"economic_asset_count":2,"criticality_territory":"saint-barthelemy","criticality_family":"aep","criticality_scenario":"rp1000","criticality_period_years":"1000","criticality_hazard":"storm"},"geometry":{"type":"Polygon","coordinates":[[[-62.851311382375485,17.91083922459817],[-62.85119676541233,17.910961290707398],[-62.851016900065886,17.911050487217892],[-62.85081507106828,17.911066998596983],[-62.850622005291704,17.911008311119467],[-62.85046709544547,17.91088335948831],[-62.850373925188315,17.91071116656814],[-62.85035667870731,17.910517947261205],[-62.85041798138599,17.91033311747285],[-62.8505543545277,17.91016943919159],[-62.85073165240517,17.910075651289088],[-62.85094677620392,17.910055254279797],[-62.85113984628973,17.910113925666188],[-62.85131686079121,17.910267350889526],[-62.85139697815931,17.91044546160105],[-62.85139709615767,17.910652417240872],[-62.851311382375485,17.91083922459817]]]}},{"type":"Feature","properties":{"feature_id":"AEP_COMP_70012500","layer_key":"eau_aep","layer_label":"Eau AEP","economic_unit_id":"AEP_COMP_70012500","economic_state":"S3","economic_exposure_eur":1551076.0,"economic_damage_eur":394721.0,"economic_damage_ratio_pct":25.448,"economic_asset_count":10,"criticality_territory":"saint-barthelemy","criticality_family":"aep","criticality_scenario":"rp1000","criticality_period_years":"1000","criticality_hazard":"storm"},"geometry":{"type":"Polygon","coordinates":[[[-62.85287149668577,17.90483534208222],[-62.852843956144106,17.904965399059144],[-62.85278397088776,17.905061816918654],[-62.85220809634986,17.905582256521846],[-62.852378407292875,17.90596698572517],[-62.85247955653861,17.90632089326645],[-62.85243689488998,17.906492851254562],[-62.85228053288178,17.906717011955408],[-62.852962786777226,17.90694885251006],[-62.853093258663584,17.907123476701436],[-62.853097294580714,17.907338141411675],[-62.85302707589619,17.907465880005013],[-62.85267122865253,17.907874026949518],[-62.85169640384626,17.908526613276717],[-62.851849175096866,17.909463109989886],[-62.85183419874459,17.90963357179948],[-62.85176369742953,17.909753161654372],[-62.8512893037037,17.910287041687745],[-62.85138849692274,17.91041180024686],[-62.851421808757884,17.910587995061128],[-62.851269097629675,17.91093765396334],[-62.85129811760093,17.911083202606875],[-62.851250019245256,17.911252759290047],[-62.85118225500507,17.911336715664614],[-62.851058141704925,17.911412759081834],[-62.850913078583716,17.9114375440074],[-62.850803792380816,17.91141990728181],[-62.85058410187363,17.911322552847533],[-62.85044954285681,17.911162919554954],[-62.8504273594062,17.910958894950166],[-62.85056397818688,17.910669697409595],[-62.85041865681657,17.91053292924293],[-62.850364111604605,17.91033396030378],[-62.850431758905714,17.910138713518275],[-62.851076193091004,17.90941089857886],[-62.85094997152185,17.908637132130888],[-62.85087613121249,17.90842476337952],[-62.8508915154421,17.908249713805827],[-62.85101956590381,17.908079371897017],[-62.85159104253733,17.90773859862858],[-62.85206092850592,17.907408894258243],[-62.851451644221065,17.907223129782977],[-62.85128006728581,17.90706422204305],[-62.851215611467815,17.90685644670476],[-62.85122789486607,17.906711109072972],[-62.85131109388761,17.906543111184522],[-62.851488785597375,17.906362938927778],[-62.85168156953524,17.90625467617951],[-62.851531034532776,17.905902785337947],[-62.85134641760156,17.90566591259265],[-62.85131898284602,17.905528642283848],[-62.85133553406383,17.905424732982297],[-62.85144030849536,17.905260503905712],[-62.85187055889155,17.904899569549617],[-62.851534744320375,17.90464740595736],[-62.851095645708924,17.904008754331613],[-62.85105374119599,17.903803339325123],[-62.85113774734082,17.903610112696203],[-62.85141645928745,17.903342684332674],[-62.851422189661086,17.90306927104615],[-62.85147587829991,17.902920762883248],[-62.85150017048395,17.902695061803893],[-62.85157101055865,17.90257544318473],[-62.85168337922911,17.9024897997735],[-62.851821022499394,17.9024505199618],[-62.85202432611574,17.902469019009093],[-62.85222838010398,17.90257296157103],[-62.85232176635465,17.902682080349226],[-62.85236442753183,17.902817107401294],[-62.852358902015744,17.902923075706283],[-62.852172901205776,17.903267157650642],[-62.85215231978717,17.90360458715635],[-62.85208329843048,17.90372657766611],[-62.85191504558144,17.90388716614314],[-62.85212389634272,17.904189437268396],[-62.85276739636904,17.904549749787073],[-62.85284044736899,17.90466649577881],[-62.85287149668577,17.90483534208222]]]}},{"type":"Feature","properties":{"feature_id":"AEP_COMP_70012611","layer_key":"eau_aep","layer_label":"Eau AEP","economic_unit_id":"AEP_COMP_70012611","economic_state":"S0","economic_exposure_eur":19094.0,"economic_damage_eur":406.0,"economic_damage_ratio_pct":2.127,"economic_asset_count":1,"criticality_territory":"saint-barthelemy","criticality_family":"aep","criticality_scenario":"rp1000","criticality_period_years":"1000","criticality_hazard":"storm"},"geometry":{"type":"Polygon","coordinates":[[[-62.84163755016873,17.904259005488306],[-62.841599104374794,17.90444770848125],[-62.84148872883889,17.904608323620078],[-62.84132293981145,17.904716816723084],[-62.84109907054088,17.904765258222742],[-62.840899134181576,17.904734163065687],[-62.84072684663661,17.904632183661583],[-62.840608437228354,17.904474845551963],[-62.84056193263802,17.90428610214411],[-62.840619649195666,17.904010139450882],[-62.840714796592025,17.90383894210948],[-62.84087113199258,17.90371563578033],[-62.8411018381279,17.903656710631772],[-62.84131447235677,17.90369398074321],[-62.841508408606906,17.903827336381656],[-62.84161321014991,17.904008343483124],[-62.84163755016873,17.904259005488306]]]}},{"type":"Feature","properties":{"feature_id":"AEP_COMP_70012657","layer_key":"eau_aep","layer_label":"Eau AEP","economic_unit_id":"AEP_COMP_70012657","economic_state":"S0","economic_exposure_eur":10000.0,"economic_damage_eur":213.0,"economic_damage_ratio_pct":2.126,"economic_asset_count":2,"criticality_territory":"saint-barthelemy","criticality_family":"aep","criticality_scenario":"rp1000","criticality_period_years":"1000","criticality_hazard":"storm"},"geometry":{"type":"Polygon","coordinates":[[[-62.84098020335183,17.904353754015133],[-62.84085001165757,17.90445685398915],[-62.84065855423139,17.90452016698817],[-62.84045636310919,17.904508515644842],[-62.840274220294376,17.904423673785992],[-62.84014702832816,17.90428995406268],[-62.840075796115585,17.904108417289574],[-62.84008255002717,17.903914601616115],[-62.84016626160187,17.90373801371222],[-62.840325891689645,17.903592940412626],[-62.84051545234137,17.903524598599862],[-62.84073139261922,17.903534101117945],[-62.84091360562447,17.903618802946184],[-62.841065664944175,17.903795053440604],[-62.84111812584798,17.90398236007112],[-62.84108708272234,17.904187170684335],[-62.84098020335183,17.904353754015133]]]}},{"type":"Feature","properties":{"feature_id":"AEP_COMP_70012672","layer_key":"eau_aep","layer_label":"Eau AEP","economic_unit_id":"AEP_COMP_70012672","economic_state":"S0","economic_exposure_eur":196970.0,"economic_damage_eur":4189.0,"economic_damage_ratio_pct":2.127,"economic_asset_count":7,"criticality_territory":"saint-barthelemy","criticality_family":"aep","criticality_scenario":"rp1000","criticality_period_years":"1000","criticality_hazard":"storm"},"geometry":{"type":"Polygon","coordinates":[[[-62.85319158218286,17.904848756316884],[-62.85234056546438,17.90560671764871],[-62.85184199651892,17.905972038086883],[-62.85164281884838,17.90600732247934],[-62.85144469870514,17.905966948223295],[-62.85127779830342,17.905857061980765],[-62.851162553960236,17.905681968724007],[-62.8511355844244,17.90544182578248],[-62.85117284429805,17.90531403235076],[-62.85125290806199,17.90518994479655],[-62.851650153168805,17.904863862542236],[-62.852273080661945,17.90428151737102],[-62.852653459835004,17.90402423989362],[-62.852853668871546,17.903994801239254],[-62.85305040516929,17.90404095454085],[-62.85321371762221,17.90415567343029],[-62.853318743460036,17.904321493104646],[-62.853349493338506,17.904513169120847],[-62.853301285637954,17.904701520575117],[-62.85319158218286,17.904848756316884]]]}},{"type":"Feature","properties":{"feature_id":"AEP_COMP_70012683","layer_key":"eau_aep","layer_label":"Eau AEP","economic_unit_id":"AEP_COMP_70012683","economic_state":"S3","economic_exposure_eur":38909.0,"economic_damage_eur":9902.0,"economic_damage_ratio_pct":25.448,"economic_asset_count":1,"criticality_territory":"saint-barthelemy","criticality_family":"aep","criticality_scenario":"rp1000","criticality_period_years":"1000","criticality_hazard":"storm"},"geometry":{"type":"Polygon","coordinates":[[[-62.85195898248911,17.90224771628249],[-62.85232991409829,17.902313773881815],[-62.85244228577987,17.90240857027741],[-62.852507330468214,17.902537731476613],[-62.85251481717047,17.902680941702695],[-62.85246466221606,17.902949612132506],[-62.85238425401188,17.903073527719553],[-62.85222328701358,17.903169682165448],[-62.852042004022465,17.903184458447765],[-62.851901034423314,17.903143401056706],[-62.85176515405603,17.903025306010637],[-62.8516342328398,17.90271222825355],[-62.85161990695006,17.90257182750444],[-62.85166279198986,17.90243686545425],[-62.85178614325321,17.90230677568889],[-62.85195898248911,17.90224771628249]]]}},{"type":"Feature","properties":{"feature_id":"AEP_COMP_70012685","layer_key":"eau_aep","layer_label":"Eau AEP","economic_unit_id":"AEP_COMP_70012685","economic_state":"S3","economic_exposure_eur":93405.0,"economic_damage_eur":23770.0,"economic_damage_ratio_pct":25.448,"economic_asset_count":3,"criticality_territory":"saint-barthelemy","criticality_family":"aep","criticality_scenario":"rp1000","criticality_period_years":"1000","criticality_hazard":"storm"},"geometry":{"type":"Polygon","coordinates":[[[-62.85256883457322,17.902345298896094],[-62.85252239360525,17.902633475055623],[-62.85237805068892,17.902851178719082],[-62.85224933483899,17.902915870929117],[-62.85214114378728,17.90293094033769],[-62.85199696048804,17.902923883730466],[-62.851860873372715,17.90286979541179],[-62.85175676540351,17.902769965236818],[-62.851695077432275,17.902604490748086],[-62.85170963671486,17.90246411200541],[-62.85180033631151,17.902317461409748],[-62.851732661129496,17.902007841088405],[-62.85179647157445,17.901807024228003],[-62.85190074457544,17.901707352635476],[-62.85203692034056,17.90165347135431],[-62.85225239715777,17.90164609020476],[-62.85242937373362,17.901708768361818],[-62.8525339871506,17.901813732782422],[-62.85257926307731,17.90191389170918],[-62.85256883457322,17.902345298896094]]]}},{"type":"Feature","properties":{"feature_id":"AEP_COMP_70012911","layer_key":"eau_aep","layer_label":"Eau AEP","economic_unit_id":"AEP_COMP_70012911","economic_state":"S0","economic_exposure_eur":437957.0,"economic_damage_eur":9323.0,"economic_damage_ratio_pct":2.129,"economic_asset_count":3,"criticality_territory":"saint-barthelemy","criticality_family":"aep","criticality_scenario":"rp1000","criticality_period_years":"1000","criticality_hazard":"storm"},"geometry":{"type":"Polygon","coordinates":[[[-62.8137159395068,17.903599237027873],[-62.81383471953244,17.90373986869818],[-62.81388953519694,17.90388995925913],[-62.81388816624498,17.90407081083518],[-62.8138377240021,17.90420843663399],[-62.81373782646191,17.904335457523395],[-62.813613614632956,17.904419906327554],[-62.81343244816406,17.904471150247694],[-62.8132705908962,17.904462979850976],[-62.813274919459815,17.905296975461944],[-62.81322976468158,17.905814847946285],[-62.81337882339132,17.905937952051065],[-62.813463946801626,17.906074480082196],[-62.81350046421812,17.90625192514377],[-62.81347985473342,17.906396437064934],[-62.81337760550369,17.906578777644395],[-62.81319677290353,17.90671536459445],[-62.8130067323056,17.906773710847524],[-62.81279459693601,17.906755446597742],[-62.81262921067546,17.906673713647095],[-62.812467255324634,17.906503707149877],[-62.812237260170065,17.90636332223492],[-62.812130486588934,17.906221248542554],[-62.81207922516025,17.906066648250903],[-62.81208047967051,17.90582238064948],[-62.81221292045329,17.905598653425077],[-62.81225067015062,17.90466801997992],[-62.8121173579653,17.904222771271925],[-62.812123478011905,17.904016279424894],[-62.81218054428633,17.90388133727204],[-62.81227600357338,17.903768014829033],[-62.81253752863328,17.90361731938701],[-62.81281564614945,17.90337510161236],[-62.81298146837527,17.90329675311551],[-62.81314281832571,17.90327778539709],[-62.81332351317983,17.903315398597044],[-62.8137159395068,17.903599237027873]]]}},{"type":"Feature","properties":{"feature_id":"AEP_COMP_70608543","layer_key":"eau_aep","layer_label":"Eau AEP","economic_unit_id":"AEP_COMP_70608543","economic_state":"S0","economic_exposure_eur":1286869.0,"economic_damage_eur":27389.0,"economic_damage_ratio_pct":2.128,"economic_asset_count":20,"criticality_territory":"saint-barthelemy","criticality_family":"aep","criticality_scenario":"rp1000","criticality_period_years":"1000","criticality_hazard":"storm"},"geometry":{"type":"Polygon","coordinates":[[[-62.82007660210062,17.906778724259183],[-62.819633426598685,17.906847486783025],[-62.819216297432526,17.906813118582196],[-62.818731136186166,17.906712691784904],[-62.81839226238425,17.906522214587458],[-62.81740989620279,17.90732095686279],[-62.81711910695672,17.907514601366543],[-62.81676200637641,17.907652665231712],[-62.81630000255737,17.90792001808813],[-62.81599261223523,17.908121746283445],[-62.81570225429867,17.908422006926457],[-62.81554648158014,17.908529343777765],[-62.81526433544155,17.908613245733267],[-62.81495559109004,17.908582539833276],[-62.81455834642775,17.908455787182675],[-62.8142669356165,17.908234404862117],[-62.81414173792475,17.90801874465393],[-62.814069049800295,17.907770172899845],[-62.81382354651054,17.907462924848296],[-62.81367258910659,17.906975877250822],[-62.81347155916826,17.906936372166992],[-62.81322096923248,17.906825014160823],[-62.812929421309,17.906802297282628],[-62.81274524322252,17.90673823516617],[-62.812603217005034,17.906632912780072],[-62.81234518405857,17.906323077675758],[-62.81224444134176,17.906160231316505],[-62.812204297575555,17.905967672966412],[-62.812273845718224,17.90522572118006],[-62.812374231345096,17.905004139101756],[-62.8126061507549,17.904840550973436],[-62.81287069040413,17.90481641293864],[-62.81313071198043,17.904935113704855],[-62.81325303396905,17.90508968391347],[-62.81330074348744,17.905241982900538],[-62.81325600260721,17.9058067909497],[-62.81357414598486,17.905887933512886],[-62.813800956755124,17.905989245516984],[-62.814273138920214,17.90608096867933],[-62.81453720943039,17.906233784372866],[-62.81462724728965,17.90635143930168],[-62.81468366763656,17.90649214487324],[-62.81470761788899,17.906881901190275],[-62.81475841119189,17.907023042096124],[-62.814953790154874,17.90722875232289],[-62.81509790114838,17.90759099569922],[-62.81534538142011,17.907341070269545],[-62.81610557159479,17.9068589691964],[-62.81661879639154,17.90663921261827],[-62.81701680394409,17.906359263335844],[-62.817509518938614,17.905911156735208],[-62.81801727038715,17.90555310833507],[-62.81829052049573,17.90544770557701],[-62.81847755516688,17.905437727742086],[-62.818656923193565,17.905478441055845],[-62.819060885109636,17.905761421188306],[-62.819149898478244,17.9057912880316],[-62.819595592295904,17.905853574205036],[-62.820232801745696,17.905755002822133],[-62.82038220326349,17.905783545788804],[-62.82051651716855,17.905852379772718],[-62.82064515798231,17.905984823815942],[-62.82071066848674,17.906130932565457],[-62.82072234634165,17.906311443023334],[-62.82068194984125,17.906452074874107],[-62.82059145059299,17.906585396386742],[-62.82047362433897,17.906677854720975],[-62.82007660210062,17.906778724259183]]]}},{"type":"Feature","properties":{"feature_id":"AEP_COMP_70635734","layer_key":"eau_aep","layer_label":"Eau AEP","economic_unit_id":"AEP_COMP_70635734","economic_state":"S0","economic_exposure_eur":10000.0,"economic_damage_eur":213.0,"economic_damage_ratio_pct":2.128,"economic_asset_count":2,"criticality_territory":"saint-barthelemy","criticality_family":"aep","criticality_scenario":"rp1000","criticality_period_years":"1000","criticality_hazard":"storm"},"geometry":{"type":"Polygon","coordinates":[[[-62.84854495832498,17.89434472566013],[-62.84836218669064,17.894418604446674],[-62.848159654478394,17.894420839548705],[-62.84797164586496,17.894348697843977],[-62.84782678362954,17.89421316233221],[-62.84775605914931,17.894069300539563],[-62.84773928201579,17.89387604317928],[-62.847801026189494,17.89369134960024],[-62.84793189148561,17.8935433376587],[-62.84811590722583,17.89345197978948],[-62.84831775180973,17.893435871427467],[-62.84854242507178,17.893513234176197],[-62.848687320147185,17.893648736966533],[-62.848767026036356,17.893827014038393],[-62.84876940807336,17.894020924403954],[-62.84869410337492,17.89420094696872],[-62.84854495832498,17.89434472566013]]]}},{"type":"Feature","properties":{"feature_id":"AEP_COMP_70769331","layer_key":"eau_aep","layer_label":"Eau AEP","economic_unit_id":"AEP_COMP_70769331","economic_state":"S0","economic_exposure_eur":108990.0,"economic_damage_eur":2319.0,"economic_damage_ratio_pct":2.127,"economic_asset_count":1,"criticality_territory":"saint-barthelemy","criticality_family":"aep","criticality_scenario":"rp1000","criticality_period_years":"1000","criticality_hazard":"storm"},"geometry":{"type":"Polygon","coordinates":[[[-62.851753809422576,17.91146406190346],[-62.85114899892557,17.910890328776027],[-62.850997171859866,17.910636782339292],[-62.850984794836144,17.910456314396033],[-62.851047311612824,17.91027185769997],[-62.85117880299485,17.910124345519606],[-62.8513592505754,17.910036235135518],[-62.851611425811356,17.910029023160035],[-62.85180834345385,17.910114413091026],[-62.85250833709115,17.910781007791737],[-62.852626564326144,17.910994372824636],[-62.852640108813496,17.911152844240277],[-62.852591182713404,17.911327530224753],[-62.852496639592566,17.911458256221852],[-62.85237603097009,17.911547370049796],[-62.85223359449261,17.91159912933221],[-62.85204477861599,17.911605015467735],[-62.85188666271074,17.91155635020684],[-62.851753809422576,17.91146406190346]]]}},{"type":"Feature","properties":{"feature_id":"AEP_SECT_9725ZS001","layer_key":"eau_aep","layer_label":"Eau AEP","economic_unit_id":"AEP_SECT_9725ZS001","economic_state":"S0","economic_exposure_eur":143862.0,"economic_damage_eur":3060.0,"economic_damage_ratio_pct":2.127,"economic_asset_count":4,"criticality_territory":"saint-barthelemy","criticality_family":"aep","criticality_scenario":"rp1000","criticality_period_years":"1000","criticality_hazard":"storm"},"geometry":{"type":"Polygon","coordinates":[[[-62.85097824204079,17.901766244346742],[-62.85038402989145,17.901482215417097],[-62.85023938057814,17.901365894060646],[-62.85015563034346,17.90122859070344],[-62.85012089258397,17.9010508182082],[-62.85015029983209,17.900839417175604],[-62.85022066978342,17.90069868618444],[-62.85036281331879,17.90056565184055],[-62.85054675856282,17.90049351512377],[-62.85073211153891,17.900490566441015],[-62.85087459383408,17.90053386882303],[-62.85129587681131,17.900816773382097],[-62.85173093904033,17.90086908081405],[-62.851873449281804,17.900920632111585],[-62.852057355126156,17.90108596340236],[-62.852133843097995,17.901279530482043],[-62.852124850395754,17.90147326292559],[-62.852039104611556,17.901648953603075],[-62.85188965961124,17.901779855113926],[-62.85171297496822,17.901843849138263],[-62.851553793410616,17.9018477395076],[-62.85097824204079,17.901766244346742]]]}},{"type":"Feature","properties":{"feature_id":"AEP_SECT_9725ZS002","layer_key":"eau_aep","layer_label":"Eau AEP","economic_unit_id":"AEP_SECT_9725ZS002","economic_state":"S0","economic_exposure_eur":52016823.0,"economic_damage_eur":1106758.0,"economic_damage_ratio_pct":2.128,"economic_asset_count":973,"criticality_territory":"saint-barthelemy","criticality_family":"aep","criticality_scenario":"rp1000","criticality_period_years":"1000","criticality_hazard":"storm"},"geometry":{"type":"Polygon","coordinates":[[[-62.8535425384379,17.89720763739291],[-62.85359017928317,17.897341129063832],[-62.85358858769638,17.89744721847232],[-62.85353696165098,17.897579345036377],[-62.8534654352945,17.897660386448795],[-62.853337979238795,17.89773116501524],[-62.85319193458906,17.897749857653274],[-62.85304953545899,17.897713618452105],[-62.85294894705504,17.89764420891989],[-62.85298249765468,17.897869471054243],[-62.852929715834094,17.89801332222289],[-62.8528333967828,17.898128514880774],[-62.85205254699063,17.898602269596996],[-62.851917783875074,17.89864046941262],[-62.85177111326275,17.8986269920967],[-62.85128723858371,17.898363221607678],[-62.85089000720347,17.897824109333737],[-62.85084585644608,17.897690817642246],[-62.85084953203991,17.897585710565775],[-62.85092643384294,17.897377196879003],[-62.851069824276074,17.897249161365544],[-62.85102846648001,17.897058498629054],[-62.85110528680544,17.896864288825995],[-62.85025222535735,17.895967720772827],[-62.84984594776575,17.89510683439556],[-62.84889717284028,17.89586316414771],[-62.848968725721065,17.89597083770664],[-62.849003702329384,17.8961151412719],[-62.84985081738115,17.89715450487536],[-62.84990234363604,17.897339273050765],[-62.84987893951396,17.89755770200421],[-62.85009865366508,17.89757001720776],[-62.85022421147279,17.897643840315183],[-62.85029358793148,17.897726577157925],[-62.85035774179397,17.89798784336535],[-62.850257476131716,17.898199091310797],[-62.851150620294575,17.899536842274617],[-62.85148706350276,17.89982375313339],[-62.85223414308706,17.90031994209179],[-62.852593602506104,17.900617218365632],[-62.852839211708584,17.900894173091896],[-62.85302633186931,17.901026921763673],[-62.85312221728025,17.90122851598994],[-62.85314668097063,17.901374733816013],[-62.85312938005421,17.901692613176497],[-62.85304280226002,17.901955400758464],[-62.85289789643454,17.90214846140845],[-62.8525819294368,17.902399367655654],[-62.85248198677694,17.902975015930366],[-62.85251146248037,17.903317962224026],[-62.852629808073154,17.903524090034264],[-62.85266834960943,17.90366024788818],[-62.852649532544255,17.903800161926213],[-62.85257622148732,17.903922531519466],[-62.852459577332176,17.90400872698571],[-62.852280304686865,17.90404630719647],[-62.852103696645926,17.903998543017288],[-62.851971460631454,17.903876714571116],[-62.8518087898672,17.903586115406284],[-62.85174462593266,17.90333934055321],[-62.8517270201542,17.902921243739307],[-62.85179534392705,17.90255531876039],[-62.85161232333235,17.90258797927477],[-62.85128690201719,17.902708896259448],[-62.85112742174752,17.902853745079597],[-62.85107120355683,17.902945957071136],[-62.85095709682316,17.903501868766877],[-62.85085244457163,17.904327318948702],[-62.85060780700481,17.904625856534686],[-62.85020274094668,17.905002200209193],[-62.85006814372322,17.905064046770523],[-62.849874350689426,17.905078138609724],[-62.84962144065236,17.90498060334872],[-62.84941744570291,17.904845216989994],[-62.8492511034161,17.904919421630453],[-62.84910776647194,17.904927558391773],[-62.84841386734587,17.904701453218426],[-62.848374591210984,17.904832149202488],[-62.848264232204016,17.904965789455588],[-62.848158644558126,17.905176560699765],[-62.84803790900028,17.905547268558863],[-62.84805739095448,17.906476454022382],[-62.84799356817658,17.906763097131613],[-62.847842206544016,17.90701753045137],[-62.847634052784734,17.907257143360933],[-62.84744290794658,17.907608592907273],[-62.84801047960237,17.908227268797866],[-62.84840410720483,17.908530549366237],[-62.84868298376313,17.90866955018312],[-62.848931900047035,17.908851969685305],[-62.84940622237176,17.909130312246443],[-62.84966645169711,17.909337427141665],[-62.85141107872715,17.9104943081746],[-62.85149387278032,17.910615972412664],[-62.851519988900144,17.910759009579863],[-62.8514731477212,17.910956306958024],[-62.85139915973139,17.911078304076774],[-62.85122477046128,17.911218052902864],[-62.851088998336216,17.911272876407132],[-62.85094164637603,17.911273785331055],[-62.850805147562966,17.911220641383448],[-62.85064326988587,17.91104833906561],[-62.85059948800767,17.91083255464244],[-62.84923808925289,17.909934773738296],[-62.84895910119331,17.909714433304124],[-62.84828160361697,17.909284350877762],[-62.84796268908494,17.90911781797752],[-62.84753780903636,17.908794935767336],[-62.847064021867475,17.9083070736824],[-62.84695591565918,17.90853629877023],[-62.84713264799783,17.908768267260374],[-62.84749612922804,17.90943686155086],[-62.847703387253226,17.909508031767658],[-62.84796733652422,17.909699888721693],[-62.84808081501519,17.90987520550697],[-62.84812429569768,17.910024732541274],[-62.848114435536196,17.910540222900114],[-62.847953738973196,17.911043990295454],[-62.84787800137348,17.911758902905987],[-62.84790736633651,17.912451808482437],[-62.84786854763643,17.912869782980167],[-62.847640125148125,17.9132742657102],[-62.8473098065309,17.91347329932795],[-62.8470520510681,17.913526306329132],[-62.8464683118584,17.913405052244972],[-62.84585424632336,17.914095518726985],[-62.84537981099284,17.914379058928045],[-62.84585589165334,17.915192624584698],[-62.84596303200859,17.915655358217357],[-62.846374406373236,17.915991088435746],[-62.84659831823551,17.9160800359064],[-62.846885938240966,17.91596407660096],[-62.847298334140945,17.915946985503503],[-62.84771631534654,17.91601563613176],[-62.84822747466762,17.916216746665842],[-62.848717760752585,17.915781037021667],[-62.84893080783159,17.91575397576075],[-62.84912478124636,17.915842559669578],[-62.84924921643024,17.91595929773961],[-62.849312579311814,17.916086659518047],[-62.849320206434314,17.916227539318292],[-62.84927093671413,17.916360489418317],[-62.84914150982588,17.916485060865124],[-62.84896886035448,17.916536241194628],[-62.84867786696769,17.91681780767558],[-62.84841186440087,17.916924446241666],[-62.84811080723541,17.91694242538903],[-62.84748811186048,17.91670827162771],[-62.847226564907004,17.916667016121327],[-62.84709082647971,17.91666395374187],[-62.84695395973049,17.91676587016493],[-62.84678095725532,17.916821924641226],[-62.846379765423606,17.916773605408157],[-62.84594720395886,17.91659437701841],[-62.84546980538698,17.916214172295177],[-62.84532549474268,17.916049138389706],[-62.84523734041269,17.91587294053482],[-62.84514566731034,17.91544596071432],[-62.84474416421086,17.914789135623735],[-62.84464497737409,17.91457208509267],[-62.84460926211771,17.914418430713194],[-62.844618300226,17.91425393517792],[-62.84468705937816,17.914047796168447],[-62.84480037224172,17.913909253464972],[-62.84499826881692,17.913738874758007],[-62.845333269080314,17.91356530086835],[-62.84600401709043,17.912812119965025],[-62.846047538788206,17.912587763032658],[-62.845867729308914,17.912398503183887],[-62.84574767257273,17.91205834895061],[-62.84549681414624,17.912029487694294],[-62.845253771010654,17.911959710363032],[-62.844384465649505,17.91157394208112],[-62.844242904160566,17.911462123304517],[-62.84416958275819,17.911264304288068],[-62.84419158804114,17.911124817242495],[-62.84426767620712,17.911004009822836],[-62.84435353215463,17.910936916846133],[-62.844492403359595,17.910889742021844],[-62.84472757363238,17.91091522043335],[-62.845607435442965,17.911312625295],[-62.84586569856226,17.911342819601515],[-62.84592416481474,17.911168012425307],[-62.846057558604166,17.911047341132623],[-62.84623462025165,17.911001117307308],[-62.84641353529982,17.911040257131578],[-62.846571761994355,17.91118556436994],[-62.846892636206135,17.911894738347574],[-62.84691429891602,17.91209763215894],[-62.846786975155695,17.912736028065353],[-62.84703972727819,17.912795469858807],[-62.84708425936283,17.912771920374176],[-62.847144906395414,17.912658221203635],[-62.84712574897643,17.91169066951735],[-62.84720311046453,17.910956142168796],[-62.84736830553432,17.910423805621534],[-62.8473824556502,17.910169278786917],[-62.847081687602966,17.910063657085374],[-62.84696965855655,17.909974085292124],[-62.84684973791777,17.909817573321455],[-62.84653864258092,17.909234461984187],[-62.84628559703387,17.909368835480656],[-62.8464515346898,17.909663552350807],[-62.846491188228775,17.909829949892636],[-62.846480034053066,17.910054302703994],[-62.84636818293787,17.910426829376373],[-62.84625644655167,17.91058388926718],[-62.84610262791965,17.91067972781958],[-62.84591978100901,17.910694833134745],[-62.8457816508127,17.910645705336133],[-62.84565345733719,17.910519974417177],[-62.84560231096572,17.91035123733674],[-62.845736149745086,17.909921147976757],[-62.84534433689519,17.909133393409373],[-62.84531405076251,17.908960905570407],[-62.84537987333698,17.908769010013312],[-62.845538271814235,17.908632615567523],[-62.84576537926952,17.908587486669532],[-62.846076595375436,17.908622787287484],[-62.8461453104975,17.908531583669205],[-62.84643775892161,17.907894372345478],[-62.846601954392256,17.90767757657133],[-62.84663939060311,17.907426145391362],[-62.84676470083131,17.90728971227071],[-62.847019389141145,17.906833739194663],[-62.84728247329952,17.90650718728148],[-62.84730703345732,17.906265090221613],[-62.84726763139464,17.905644806294667],[-62.84729927770998,17.905394305527217],[-62.847372991838434,17.90514825729982],[-62.847202519716234,17.905387059831465],[-62.84699586153617,17.905502518221926],[-62.84685032052244,17.90552455699328],[-62.846707048801186,17.905491596222912],[-62.84658785824544,17.90540865385945],[-62.846510894615164,17.905288357130132],[-62.84649115297042,17.905113678691382],[-62.84653945876941,17.904980405693248],[-62.84668661347286,17.904844050989148],[-62.84690426844101,17.90445961168807],[-62.84720449993412,17.90424796674089],[-62.84765607702248,17.904176678185486],[-62.847639593265505,17.903975989902946],[-62.84659437441822,17.903969752517522],[-62.84645883393892,17.903927281533445],[-62.84592569855632,17.90363085645043],[-62.84437411566476,17.903625459226724],[-62.84396582077284,17.903905804972357],[-62.84345155840487,17.90420181902282],[-62.842548729412336,17.904505255106884],[-62.841331879597774,17.904535947364494],[-62.840760305381224,17.90450780776278],[-62.840625141231726,17.90447153466673],[-62.840405086826124,17.904354595619317],[-62.839596589790396,17.903666509134315],[-62.83898192230936,17.903209203954003],[-62.83789816001378,17.90260028790009],[-62.83755091388757,17.902485006572395],[-62.83741747632348,17.902485842349115],[-62.837043635925326,17.90255035661948],[-62.8368295297832,17.902642656028473],[-62.836669420571354,17.90278916365341],[-62.836501183933656,17.902839588359587],[-62.836256535362516,17.902859874922413],[-62.83611432963003,17.90283389834518],[-62.83577419853471,17.90289492158292],[-62.835596826877236,17.902882544144305],[-62.835199475867626,17.90270658670548],[-62.834753750040164,17.902356515786025],[-62.83454330177903,17.902240229434984],[-62.833981529216004,17.901685566903996],[-62.83385021513215,17.901624460471457],[-62.83339602707221,17.902175430855156],[-62.83271781997845,17.90278657958529],[-62.83247314010378,17.903059495335423],[-62.83244965549209,17.90312340403005],[-62.83249777766362,17.903676644761255],[-62.83240864601695,17.90451728684482],[-62.8326765217534,17.90490317687217],[-62.833050610414936,17.905362291276376],[-62.833149884842,17.90554331229476],[-62.83318793683913,17.905723887079205],[-62.833127260733576,17.90593968066931],[-62.832956579435454,17.906110875132793],[-62.83249819921094,17.906251215701555],[-62.83233688899316,17.906520179747712],[-62.83187573630909,17.90701068785655],[-62.83152309610135,17.907557988422894],[-62.8312645641605,17.90776571271961],[-62.83096858417619,17.907866221694],[-62.83061430218261,17.90793485641534],[-62.830271578747904,17.907821155603887],[-62.8300129144033,17.907828346567026],[-62.82979151396799,17.907775420258726],[-62.82959675517166,17.907611171084696],[-62.82950363620333,17.907414532762267],[-62.82929644773677,17.90734972143355],[-62.82884251352742,17.9071094418438],[-62.828678529100856,17.907134128673107],[-62.828536312464394,17.907097212256726],[-62.828419678065984,17.90701100245705],[-62.828343885585156,17.906880158032926],[-62.828159978903955,17.90685377008105],[-62.827846912349074,17.90696632977211],[-62.82746511255917,17.906982218696683],[-62.8262388768311,17.906921465185036],[-62.82546517988519,17.906917884189593],[-62.82499205621858,17.906835155571265],[-62.82321670911019,17.90635217637165],[-62.82161250865949,17.90696880088724],[-62.82137256094863,17.90703170071669],[-62.82109819153209,17.907015350549923],[-62.82079244603361,17.906797117454662],[-62.82035387432352,17.90662025434715],[-62.82023031282324,17.90660446049085],[-62.819768975833725,17.90669263399826],[-62.81947637083206,17.90669569477416],[-62.819509694189,17.906884266599675],[-62.81950260448886,17.907139950001234],[-62.81938374192233,17.907482681923046],[-62.81906084503035,17.907825055343384],[-62.81896345964047,17.907876479887868],[-62.81881484140148,17.907900181678933],[-62.81857342016664,17.90827618287624],[-62.81844379115047,17.90834325949097],[-62.81829721692323,17.908357738626947],[-62.818124135865204,17.908299316836963],[-62.81801945923237,17.908200030420048],[-62.817962438446834,17.908069951956072],[-62.817970592324876,17.907894427808174],[-62.818367817247655,17.907197743371665],[-62.818523847221535,17.907101886012],[-62.81874574158041,17.907081034975477],[-62.818755379129435,17.907021064021613],[-62.818743123535796,17.90687492113607],[-62.81850502236766,17.906448438554747],[-62.818385792094546,17.90635170601139],[-62.818053233851906,17.9065886798378],[-62.817609629506094,17.907000974464484],[-62.81725386503775,17.907257821828214],[-62.81704007609614,17.9073962127298],[-62.81653126452804,17.907606860630178],[-62.815892020589374,17.90801227982278],[-62.815617155215655,17.908297464071545],[-62.81547023709739,17.908403356130158],[-62.81536385787073,17.908728732465484],[-62.81528083569255,17.909574190029456],[-62.8152277324403,17.90977216618897],[-62.81510945047288,17.910004108897656],[-62.81517462066578,17.910521741799883],[-62.815112344678745,17.911121905058845],[-62.81483474957955,17.912274251400643],[-62.81513780526439,17.912442011778612],[-62.815329705054815,17.91272381322054],[-62.815574480026505,17.91281477222681],[-62.815800995136826,17.913079211514635],[-62.81591008839392,17.913105170809395],[-62.816032529777814,17.91318366021053],[-62.81612672697882,17.913334450112515],[-62.81614125464279,17.91353928327216],[-62.816086204901055,17.91386023081919],[-62.81618798922948,17.914075570098838],[-62.81626465784693,17.914385140616194],[-62.81628816161124,17.914734043884867],[-62.81622797345951,17.91493556897497],[-62.81614551314613,17.91505248224333],[-62.816022594298936,17.915130286621057],[-62.81587793008683,17.91515713692599],[-62.815700117698405,17.915113620420904],[-62.81556472947202,17.914994999547165],[-62.81550373828916,17.91482928756318],[-62.81553137631074,17.914650246926808],[-62.815471484001144,17.914310444735595],[-62.81545128032021,17.91426860965205],[-62.81524459698678,17.91418824221422],[-62.815135068375234,17.914047262833652],[-62.815106124296165,17.913908942242443],[-62.815145810944514,17.913439828174994],[-62.8149840140794,17.913423724741655],[-62.81485298010955,17.91335553847026],[-62.81477858371834,17.913275161058387],[-62.81461626945988,17.91297367870477],[-62.814428169699084,17.912886426984073],[-62.814234389298704,17.913038865471254],[-62.813944206644706,17.913203936805377],[-62.81335375893384,17.91344480228796],[-62.81258080589226,17.913468329626692],[-62.81246917617319,17.913450073939675],[-62.81230126191219,17.91336631987826],[-62.81147398014988,17.91281506599186],[-62.81124276456627,17.91275508911132],[-62.810990575938376,17.912770281931067],[-62.81082839540557,17.91284553151397],[-62.81058998490128,17.913042902952117],[-62.81033544838294,17.913400837661346],[-62.80981883331899,17.914485885738927],[-62.80982391533048,17.914541692886612],[-62.80994140711697,17.914657986886027],[-62.80999111279372,17.91479078785925],[-62.80998394854726,17.914931689609933],[-62.80992100486465,17.915059241248912],[-62.809811864298155,17.91515402417365],[-62.80967314247109,17.91520160831393],[-62.809447270285915,17.915191114231384],[-62.809314276272325,17.915131106671474],[-62.80916721371018,17.915009264553287],[-62.8091039748635,17.91488817633839],[-62.80906546863771,17.914344031369907],[-62.809660588922206,17.913075512566014],[-62.80987637575334,17.912733678447815],[-62.81006476311504,17.91252263632312],[-62.810374455583954,17.912266986872833],[-62.81062145784798,17.91212958086413],[-62.81096178131763,17.912041071654393],[-62.811302129837294,17.912032530972503],[-62.811591936574736,17.912082021256026],[-62.811833113410685,17.91217842564647],[-62.8126916764842,17.912747093682356],[-62.813196151990745,17.912736773519075],[-62.81335391427946,17.912677800086666],[-62.81379850116146,17.91244696473877],[-62.814059010416614,17.91222166979221],[-62.81430094557157,17.911340092870002],[-62.81441669091775,17.910650334151256],[-62.8142503933009,17.910698671830495],[-62.8140648755941,17.91070797118637],[-62.813835716896335,17.91065926209688],[-62.812508678177444,17.910028031363602],[-62.81221569094629,17.91014814043988],[-62.81171874056797,17.91026459482338],[-62.8115265565321,17.910241553310208],[-62.81082534449839,17.91001961367347],[-62.809687568077706,17.910135036581345],[-62.809493297515274,17.910189185709985],[-62.80936052362725,17.91018965775851],[-62.80910237770934,17.910274676905033],[-62.80865868203835,17.91032975124219],[-62.80820358194607,17.910332213079037],[-62.80723141409113,17.910203013538883],[-62.80710566746431,17.910233224475007],[-62.806207641983065,17.91074711626578],[-62.80590874578699,17.91088352915448],[-62.80564315180105,17.91093184644487],[-62.80531776372803,17.910869380636846],[-62.80484905418389,17.910625382025703],[-62.80457361648095,17.91039857668951],[-62.8044637560243,17.910217640309675],[-62.80437484056707,17.90988854172094],[-62.803732879010546,17.909901255170997],[-62.80339968753369,17.909980418847248],[-62.803257816382335,17.90994229684153],[-62.803119289018916,17.909827049884168],[-62.80306006882615,17.909697875132768],[-62.80306524428013,17.90952224751533],[-62.8031562871951,17.909369693391792],[-62.80329494617878,17.909271027520212],[-62.803652629791785,17.909181965872623],[-62.80426380128134,17.909167389740073],[-62.80418977549483,17.908600024133207],[-62.8039050573691,17.90830407063024],[-62.80377454892015,17.9081154670335],[-62.803501219068615,17.907492789615276],[-62.80342175989459,17.906996549702125],[-62.803455495590576,17.90655483648751],[-62.803414282572376,17.906481334326216],[-62.803003463865075,17.906074272057417],[-62.80279103407344,17.905954771458486],[-62.80267032803326,17.905899852201546],[-62.801995777459275,17.905740335395905],[-62.80161137948396,17.905476292571787],[-62.801404058379546,17.905631309974442],[-62.801404948177755,17.90617695673534],[-62.80115340819358,17.906593622625113],[-62.80098859330927,17.90710899664277],[-62.80078625648707,17.907322298949452],[-62.80051678787813,17.907518760791866],[-62.80025379876899,17.907648788813624],[-62.800567044053395,17.90810617288397],[-62.8005796699283,17.908281454149478],[-62.80052598203996,17.908412825972448],[-62.80042386751216,17.90851452837185],[-62.800288872519126,17.90857107796781],[-62.80014154879263,17.90857386557662],[-62.80003648377309,17.908540102496644],[-62.799920754020015,17.90845278172109],[-62.79959282596176,17.908005498332205],[-62.79945215125781,17.908211922973322],[-62.79939667755352,17.908836897908863],[-62.79929020806059,17.90917037713176],[-62.79856795489057,17.909922627593254],[-62.79855225438621,17.910012215823023],[-62.79860992540617,17.9103070131418],[-62.79854879185687,17.91050859200676],[-62.798445849930516,17.91060952788755],[-62.79831039624854,17.910665066707104],[-62.79816305257279,17.910666752955006],[-62.79799622101466,17.910593536407784],[-62.79787223896074,17.910420414627236],[-62.797792789456174,17.910061323786163],[-62.797849106164335,17.909664290587468],[-62.797911770706584,17.909540907755073],[-62.79826679878079,17.909147715763535],[-62.79862530744119,17.90880795631576],[-62.79871156215147,17.90804666759747],[-62.79875183854712,17.9079203760718],[-62.798984784225055,17.907573154927462],[-62.79919527613912,17.90735887383144],[-62.80010724855572,17.906908932499192],[-62.80032670018865,17.90674081754427],[-62.80045146213783,17.906317364022804],[-62.80065942918026,17.905984687143743],[-62.80064446209483,17.905503755415577],[-62.80066870199878,17.90536511915906],[-62.800746335818445,17.90524581101416],[-62.80097899708337,17.905022588460238],[-62.80075332741312,17.904859482607396],[-62.800617572948994,17.904708180935575],[-62.80038648352394,17.904197619659566],[-62.79962202971552,17.903802609378328],[-62.79943254336299,17.90366268577216],[-62.79931515456117,17.903489754553995],[-62.799037794342354,17.902858589326037],[-62.798785745379135,17.903176657345906],[-62.798510174545484,17.903754200563238],[-62.79788594274549,17.904255085228698],[-62.797612517119106,17.904541753293053],[-62.79652449225953,17.905460074968104],[-62.79638897496642,17.905515462400903],[-62.79624163355728,17.905516984087367],[-62.79586479438589,17.905331654779353],[-62.79491166599282,17.905400637969112],[-62.7947787853993,17.9053644673925],[-62.79464266381799,17.905274075324478],[-62.79428701427153,17.905415259544213],[-62.79417238492814,17.905625087382504],[-62.793976724147605,17.905754860042165],[-62.793756005358006,17.905789928948295],[-62.793522276589464,17.90573557237309],[-62.79347506082117,17.90589168146813],[-62.79300011841863,17.906692180979228],[-62.79289325862057,17.90678931128295],[-62.79279187901181,17.90683217226742],[-62.7926818686252,17.906845013425507],[-62.792538143118115,17.9068139133912],[-62.792372324242784,17.90667658892462],[-62.79231948521613,17.906544902285145],[-62.792323306800235,17.9064038811088],[-62.79249581098647,17.90608233142347],[-62.792073539161436,17.905999675474973],[-62.79188450563141,17.905866445170318],[-62.79177622662227,17.90563264500194],[-62.79173981573591,17.905302549561288],[-62.791499716350046,17.90514775760913],[-62.79130341987243,17.905218815974614],[-62.79108928131156,17.905173760846363],[-62.79095579145039,17.905053192056],[-62.790897430336294,17.904886615485957],[-62.79092798017038,17.904713369499692],[-62.791093557038245,17.904441737540875],[-62.791212181381816,17.90435364467235],[-62.79140124997229,17.904304806018157],[-62.79160809606454,17.904347821367754],[-62.792365913535455,17.9048427325687],[-62.7924595938815,17.904992921372788],[-62.792503820868774,17.905351327397454],[-62.79253895480326,17.905356690164165],[-62.79255648026212,17.905189269474217],[-62.79261306015385,17.905062476051363],[-62.79271510569918,17.90496518130747],[-62.792857193548315,17.904891836610997],[-62.79300526898813,17.904864007659068],[-62.793163681622524,17.904879842425824],[-62.7936425777468,17.905011594399152],[-62.7937195453948,17.904898892046948],[-62.79384172928865,17.90481153338567],[-62.79459608588044,17.90452397873796],[-62.79485033216313,17.904546343797595],[-62.79506380379489,17.90467266313329],[-62.7959465175745,17.904600496324306],[-62.79605987405925,17.904618561146286],[-62.79626228457848,17.90471679145303],[-62.797090016002386,17.904019191195662],[-62.797369001248114,17.903727160388257],[-62.797910205486126,17.903303105587117],[-62.798182579485776,17.90270662456883],[-62.79851521590693,17.902334103752693],[-62.798767372042036,17.902119441069512],[-62.798441749959025,17.901160343289224],[-62.79825691000697,17.900355531071597],[-62.79808541035251,17.89997313055553],[-62.798019994967326,17.899399627878893],[-62.79800097030422,17.89878133822528],[-62.79806841885991,17.898523238756482],[-62.798365461730754,17.898009662686555],[-62.7985543225804,17.897556537886995],[-62.79885005588767,17.897092758217156],[-62.799384710520926,17.896550902638435],[-62.79992449781343,17.89610430397016],[-62.80031478990787,17.895586621387853],[-62.80109073969967,17.894727591103102],[-62.801828100216035,17.89430305426336],[-62.8022983711024,17.89410700116266],[-62.80251221869706,17.893957725796604],[-62.80283508070893,17.89380850625519],[-62.80367091178601,17.89356996517219],[-62.80400914932389,17.89340086598719],[-62.80435158720223,17.893278328115517],[-62.80526335099853,17.893141847971677],[-62.80602792364166,17.89291030843878],[-62.80672208355659,17.89279832942111],[-62.80682494817547,17.892743795795315],[-62.807105826432746,17.892683232699543],[-62.80960950248969,17.892620967519704],[-62.81009529836063,17.89268991678177],[-62.81021663178945,17.892769948439295],[-62.81030938159748,17.892924572429838],[-62.81096758588815,17.89354245920653],[-62.812277310191895,17.894962590728525],[-62.81257916543821,17.89513647994467],[-62.8129101896491,17.895271354605796],[-62.81309819899832,17.895460674576757],[-62.813645348212745,17.895220783639644],[-62.81385289932882,17.89520086632615],[-62.81403515970897,17.895279351547728],[-62.814315458112965,17.89550801695762],[-62.814824472391884,17.89573378221575],[-62.814987155656965,17.895889428744276],[-62.81613723838321,17.897469393605533],[-62.81626004808227,17.89792645831156],[-62.816348269568955,17.898853769232527],[-62.816388191606144,17.89902022364233],[-62.816593127272604,17.89934901467505],[-62.816595365825016,17.89953492765338],[-62.81664294409347,17.89972307720147],[-62.816765418319505,17.899994299115995],[-62.81697647840468,17.90025181336091],[-62.81717765930435,17.90044933198836],[-62.81739383567572,17.900600476354548],[-62.81806999582435,17.90041554582747],[-62.81831151717708,17.900407090319053],[-62.81881250250507,17.900241476201124],[-62.81930086697649,17.90012990155751],[-62.819764712370464,17.90021258424628],[-62.81991155919577,17.900197868823064],[-62.82073051546772,17.900307505431506],[-62.82128236195499,17.900450923214482],[-62.82213071863773,17.900395836944835],[-62.82231004143114,17.900438840758383],[-62.82284850372395,17.900665905161166],[-62.823234803691065,17.900376594486836],[-62.82387725907989,17.900183411416908],[-62.824534765866254,17.900093765408812],[-62.82605145842541,17.899991939527418],[-62.826475590015654,17.89984267291514],[-62.8266800009018,17.899751516934735],[-62.82717940209038,17.899380939028433],[-62.828351856828114,17.89874783355424],[-62.828515196564666,17.898621687749046],[-62.8287778947421,17.898313087472822],[-62.828604689121875,17.897922754239985],[-62.82849023317704,17.89785115652162],[-62.8283597597938,17.897681853698064],[-62.82761253754382,17.896354913255344],[-62.827459306210585,17.895819854735592],[-62.82729051969149,17.895447994057005],[-62.82705531991932,17.895344197094396],[-62.82692410156871,17.895245568329614],[-62.82615418382775,17.894268851557523],[-62.82515963459243,17.89369009705211],[-62.825015813711346,17.893493022753333],[-62.82431986885508,17.892785338099575],[-62.82360517576897,17.89255117651044],[-62.823293312355396,17.892347454916948],[-62.82299574417043,17.892223557036804],[-62.82249069772477,17.891912223205907],[-62.82221877491102,17.891660876375546],[-62.82214642698896,17.891537985267384],[-62.822141516568735,17.89132813422983],[-62.8222592019676,17.89115103738099],[-62.822423290493084,17.891072378021743],[-62.82264189334296,17.89108826783255],[-62.82298504160229,17.89136433406233],[-62.82336450194548,17.891591577965254],[-62.8236165825357,17.891690070226264],[-62.823879372694925,17.89187157138514],[-62.82474795449384,17.892183530048282],[-62.82519153602159,17.89259308914936],[-62.82568630120925,17.893156979769],[-62.82660613555108,17.893684976410842],[-62.82671810451525,17.89378278030063],[-62.827348158805805,17.893663136898045],[-62.82760428795644,17.893489800930084],[-62.82790958590356,17.892754734150184],[-62.82802689259512,17.892619622057737],[-62.82823377167162,17.89255015278585],[-62.828379377532436,17.892571729623516],[-62.82847677817632,17.892622332750154],[-62.82860626528456,17.89279171233039],[-62.828623102968,17.892966669227125],[-62.828227165493445,17.893922973796805],[-62.828129339764295,17.89401996680314],[-62.82769745138737,17.894310376423014],[-62.827220742467524,17.89443817372846],[-62.82745167167097,17.894722946875486],[-62.82757169100035,17.894767363520106],[-62.8277605258964,17.894772308110728],[-62.82790179489531,17.89484598617346],[-62.82855097382171,17.894805852214354],[-62.82888652787199,17.894621821829794],[-62.829079032351096,17.894561147187105],[-62.82987950045007,17.89459843472308],[-62.830534309613576,17.894139350171837],[-62.83146391039337,17.89374454338626],[-62.832166400910175,17.893158022701872],[-62.832119603449584,17.893024125893582],[-62.832129909684866,17.89288340237117],[-62.83219567776211,17.89275716687505],[-62.83230689489919,17.892664637687293],[-62.832446629503345,17.892619901364583],[-62.832557421586216,17.892622120464765],[-62.8328186684157,17.892729491797155],[-62.83305564104553,17.892724390505347],[-62.83320283410633,17.89277883987838],[-62.83335810122716,17.892910069208007],[-62.833420402919735,17.893041381805173],[-62.83342764133148,17.893215324460993],[-62.83333160228342,17.893410027266857],[-62.83324972314381,17.89348152286832],[-62.83311377365655,17.8935359107385],[-62.832877557855475,17.893507910103512],[-62.832282325367196,17.89402804170658],[-62.831732990186644,17.89444106220839],[-62.83091975225821,17.894767833635985],[-62.83035697081276,17.895175858997536],[-62.83012437872372,17.895285029373078],[-62.82988478591062,17.895330233491173],[-62.829201944051164,17.895280184993528],[-62.82877746222442,17.895497439939113],[-62.82816250893098,17.89555485800135],[-62.82830479014396,17.896058409897005],[-62.828987257626,17.897275146536497],[-62.8291012413408,17.897330503805136],[-62.82920049834309,17.89743687825423],[-62.82960228969771,17.898360436313226],[-62.8296045137899,17.89853949493607],[-62.829538513476095,17.898679335748593],[-62.82924593259643,17.898885499830413],[-62.8290557679283,17.899131295548607],[-62.828766068656236,17.899352951492496],[-62.82759110962798,17.899988803593782],[-62.827075219608695,17.90037042338643],[-62.82675100702778,17.90051614648802],[-62.826193245121885,17.90070566090023],[-62.82460089377779,17.90081419898278],[-62.824043821704485,17.900889921750338],[-62.8235563711216,17.90103579189973],[-62.82337177361861,17.901187394180997],[-62.82340480754297,17.901320257372188],[-62.823691724212836,17.901783457554824],[-62.8239844427183,17.90241147385626],[-62.82423872725998,17.90271264063209],[-62.824510142917454,17.90319101980879],[-62.824851189430866,17.90356800533949],[-62.82496959889532,17.903760789333333],[-62.825064973857586,17.904015451343863],[-62.82516346680888,17.904723156605833],[-62.825136766848615,17.90537206897837],[-62.82501249517036,17.90608722487184],[-62.825515091107484,17.90618782919203],[-62.82563635409349,17.906109417826325],[-62.82578069766327,17.90608106398168],[-62.825925387506736,17.906107751369873],[-62.82605251811963,17.90618971897196],[-62.827457117829546,17.906251142045942],[-62.82768954138554,17.906244819918427],[-62.82809519102733,17.9061258804874],[-62.828264843614306,17.906123698348694],[-62.8285445169597,17.906173718452926],[-62.82891827982101,17.906314673670387],[-62.8296260944208,17.9066836376415],[-62.829882508120825,17.906750410562058],[-62.830090584192234,17.906904695259406],[-62.83021660069948,17.9070843690881],[-62.83044408394182,17.907091826812763],[-62.830664630958374,17.9071800046199],[-62.83089227965619,17.907111474569696],[-62.83095435215348,17.90705276450494],[-62.83124789144069,17.906577787358177],[-62.831706238480066,17.90609321093187],[-62.831857464304015,17.9058250293952],[-62.832079113833885,17.905624043497905],[-62.83154173845539,17.90539177451306],[-62.831474675252295,17.90556087086395],[-62.83133530537971,17.90567517976729],[-62.83115610782405,17.905713093229274],[-62.83097940175778,17.905665657554714],[-62.83084691767585,17.90554407533255],[-62.830655597955364,17.905177879418254],[-62.83062936940495,17.905034000152554],[-62.83065714726388,17.904895460569648],[-62.83078786711856,17.904737127076388],[-62.831204641042554,17.904530680285365],[-62.831388146035465,17.904528431769517],[-62.83161873870167,17.904624743981906],[-62.831637603014805,17.904128538556726],[-62.83169528114792,17.90369903745215],[-62.831637794046,17.90332693217341],[-62.83164214610443,17.903030219889892],[-62.8316852539056,17.90280512886349],[-62.83177987977066,17.902627857107316],[-62.832001746330015,17.902383720191064],[-62.83268185846305,17.901773675132066],[-62.832921446588635,17.901524093796933],[-62.83312109117197,17.901255920025395],[-62.8326216795299,17.90095068168176],[-62.83237466207342,17.900913261812544],[-62.83203387325805,17.901042248913004],[-62.83176450093166,17.90110328191282],[-62.8314715979628,17.90106413236286],[-62.83132089391796,17.900971885936823],[-62.831200920127955,17.90083329561057],[-62.830789284202154,17.90010586237374],[-62.83011620447733,17.900598399446363],[-62.82940564792163,17.90094193251827],[-62.828799354774226,17.901602141773694],[-62.8288068319736,17.90165413758501],[-62.82917253682157,17.901812840842442],[-62.82937421253589,17.901453501926056],[-62.829543401141386,17.901320003202617],[-62.82965084546204,17.901294008753734],[-62.82979751235097,17.90130754367469],[-62.82989779252603,17.90135270748578],[-62.830002199321434,17.901452250214934],[-62.83006438421847,17.901617553880136],[-62.83003783496548,17.90179140345085],[-62.829676535920804,17.902445506987284],[-62.82955243350208,17.902576667200922],[-62.82941513515388,17.902630650963346],[-62.829266711784584,17.902629808787246],[-62.82852911983039,17.902327532337825],[-62.828284377322476,17.902386150230257],[-62.82818884951128,17.9024923560584],[-62.82809252338598,17.902544819661028],[-62.82787390088193,17.90256063990087],[-62.827770432310786,17.9025226340426],[-62.827658685525925,17.902430684907856],[-62.82760388715049,17.902338463283275],[-62.82757843397175,17.90219951506317],[-62.8276104581476,17.902061818169933],[-62.827718608709255,17.901888944416363],[-62.82786826047486,17.901754613141442],[-62.82804983844791,17.901691734732577],[-62.82804006682496,17.901450273554683],[-62.828108080838945,17.901284065947554],[-62.82833247680626,17.90099743158998],[-62.828843450964506,17.900456829169737],[-62.829013087702144,17.900321691120848],[-62.82970423726073,17.89999175457561],[-62.830381180379526,17.899496174584208],[-62.83034198573519,17.899304063342765],[-62.830336734354965,17.898243169111016],[-62.83041438172284,17.898046870856255],[-62.83055835836793,17.897937928158967],[-62.83070192138025,17.897906175783184],[-62.830847247945265,17.8979294398899],[-62.83097221345176,17.898004178618834],[-62.831057793146805,17.898119013674258],[-62.83109095829467,17.898256462717203],[-62.83110004418622,17.899248841688788],[-62.831248763797355,17.89949167784079],[-62.8313992055165,17.899647591354604],[-62.83178636047916,17.90035683196968],[-62.83225164802166,17.900187162465695],[-62.83290976177035,17.900254622689914],[-62.83301215260222,17.900295213041435],[-62.83313211843975,17.90040537337626],[-62.83368991677213,17.900746207526506],[-62.83444158239815,17.901051674349684],[-62.83381219399396,17.900105915883486],[-62.83355818410979,17.900137344763294],[-62.83335990670372,17.900116429902653],[-62.83320248928087,17.900036177420418],[-62.83309239858135,17.899931687705422],[-62.8329054806198,17.899897956565088],[-62.832687014639404,17.89977706523853],[-62.83251287201037,17.899796336255935],[-62.83235694838643,17.89975803154409],[-62.83189923964818,17.899436075274313],[-62.831803070603165,17.899320148069744],[-62.8317303875227,17.899155052681273],[-62.831703896281674,17.89883207398855],[-62.831623455671675,17.89851219329456],[-62.83166455590507,17.898294710560098],[-62.831878299136505,17.897996778107892],[-62.832181036106086,17.89772317865703],[-62.83270339607488,17.89737103273365],[-62.83297547963117,17.897269285218538],[-62.83314074406569,17.897264644970356],[-62.83329970704372,17.897315558835558],[-62.833592606678444,17.897591241526506],[-62.83391991469353,17.897772264930392],[-62.834176638424836,17.89765309084223],[-62.83432393132084,17.897656795541078],[-62.83442725638054,17.897695150764367],[-62.83453866069309,17.897787476753347],[-62.83460468184807,17.89791359193827],[-62.83461805820152,17.898018916401167],[-62.83458552783274,17.898156504480554],[-62.83447237590697,17.89829482920335],[-62.83409372264032,17.89849970133812],[-62.833899937234946,17.898540238950247],[-62.83372040869064,17.898505141921166],[-62.83314268405903,17.898175180858498],[-62.83300311174883,17.898044696177067],[-62.83266016147247,17.898282328171963],[-62.83239697119834,17.89852965778079],[-62.83245063824597,17.898715265363247],[-62.83246577599356,17.898947104649842],[-62.832586660215654,17.899033719755668],[-62.832735240586544,17.89901972275533],[-62.83288578678215,17.899047483963475],[-62.833151433534745,17.899205154484385],[-62.83339714525103,17.89924010521775],[-62.83362734228439,17.899404804706183],[-62.83368276174631,17.899391662053976],[-62.83377667859773,17.89926615526834],[-62.8343334816851,17.898763659706333],[-62.83476660175694,17.898607683824554],[-62.83486071424899,17.898524855974742],[-62.8349381228736,17.898374358048287],[-62.83504935504983,17.8982818414761],[-62.835263098974075,17.898235133150468],[-62.83546792475902,17.89830998879639],[-62.83556455713036,17.89841648344345],[-62.835614123191476,17.89858565146143],[-62.83558944260743,17.898724727414116],[-62.83548415636,17.89894996757781],[-62.835165306669936,17.89922567908242],[-62.834886098704395,17.89935539538492],[-62.83474369729007,17.899382383094558],[-62.834421450758846,17.89967569930986],[-62.83498020226901,17.900480195849944],[-62.83521039679637,17.90089948349697],[-62.835432293963024,17.901351782675274],[-62.835478392279875,17.901590273230315],[-62.835634809460046,17.902054617282108],[-62.83572337523652,17.902118209963838],[-62.83591209265634,17.902121075839943],[-62.83602543339507,17.901645362918845],[-62.835984731665405,17.90125253660234],[-62.83606004969014,17.901061316619995],[-62.836049188033336,17.900849072523762],[-62.83610896908047,17.900414341406837],[-62.836215146055885,17.900119064128333],[-62.83666202427083,17.899236043150015],[-62.83674218737431,17.899039308246156],[-62.836763912519274,17.8988534618781],[-62.83674920792508,17.89803540904036],[-62.83671702021355,17.897883389094154],[-62.835943173525614,17.89675146747028],[-62.83589800184604,17.896653123093778],[-62.835888111483094,17.896510605374807],[-62.83593664063306,17.896375541838136],[-62.83609813680761,17.896201325436394],[-62.83603882272587,17.896070258649257],[-62.83603037732882,17.8959644669507],[-62.83610873714485,17.895768428505857],[-62.83618879398926,17.895695064506253],[-62.83632333663764,17.895637555512963],[-62.83647062426272,17.8956337192066],[-62.83657594124126,17.8956667333607],[-62.83669233824421,17.895753227840107],[-62.83680283261614,17.895924793767797],[-62.83688286372565,17.896198306543326],[-62.83686940471871,17.896419198537618],[-62.83675180052345,17.896616663142094],[-62.83733667079043,17.897449581012594],[-62.83743962059171,17.897666405100168],[-62.837503192455195,17.897983245066353],[-62.83750269792918,17.89903477218181],[-62.838142843360146,17.898939033749432],[-62.83848347551998,17.898964324523252],[-62.83862977609193,17.899066568720077],[-62.839029072853975,17.899536451321826],[-62.83970683400752,17.90045998196685],[-62.840087603168094,17.90043527150835],[-62.84022976059786,17.90046027646274],[-62.84069158290427,17.900711450430837],[-62.84118247441856,17.900921916362826],[-62.84167643701869,17.90107160207333],[-62.84256327569286,17.90120335357888],[-62.842679216644314,17.90125853349613],[-62.84276847367475,17.901347395315366],[-62.84283326433257,17.901547924085037],[-62.842761300742346,17.902139636837177],[-62.8426801105379,17.902257358561247],[-62.84259145967154,17.90232102774662],[-62.84237666364854,17.902363103658583],[-62.84220353791072,17.902304818525366],[-62.84209877915004,17.902205614724224],[-62.84203600991137,17.90204051356912],[-62.8420464085328,17.90185838861849],[-62.841529151231555,17.901780941176245],[-62.84120280824025,17.901691905540858],[-62.84059224863981,17.901467671313906],[-62.8400037455929,17.901163990452783],[-62.8398254837355,17.901176641418875],[-62.83979337128949,17.901298288228777],[-62.839890636616424,17.901556535096876],[-62.83987997249845,17.901731936175175],[-62.83938026025851,17.902580295343757],[-62.83973797125824,17.902818977929915],[-62.84030907295355,17.903280571207606],[-62.84090059629989,17.902717469170128],[-62.84107302179516,17.902657310654863],[-62.841254708312114,17.90268207262832],[-62.84137770102857,17.90275975802202],[-62.84146027945775,17.902876591485768],[-62.84148987174445,17.903014786328765],[-62.841474253128325,17.90311982754772],[-62.84140555602858,17.90324462670461],[-62.840877729608636,17.903758388803457],[-62.840987322287596,17.903791844354078],[-62.84210794411945,17.903771678224487],[-62.84212130738618,17.903593376546677],[-62.84190987166822,17.903495449507204],[-62.84179176067071,17.903318607806955],[-62.84178424346986,17.902989329932034],[-62.841829847539394,17.902855187459686],[-62.841987969018234,17.902709782455023],[-62.842129805037914,17.902671559234808],[-62.84224036221566,17.902678898346235],[-62.84243159987376,17.902781554001628],[-62.84253063585325,17.902966950033044],[-62.84281665255762,17.903021737692097],[-62.842915695258974,17.902223504240908],[-62.84301183306575,17.90207384401114],[-62.84317030808157,17.901985243394332],[-62.84331710122314,17.90197301959847],[-62.843457606434164,17.902015507963053],[-62.84357043322567,17.90210623994163],[-62.84363840482594,17.902231402579375],[-62.84365117298274,17.902371940985187],[-62.84355626069037,17.903197780167297],[-62.84359136783058,17.903252412351353],[-62.84403328118427,17.902940546247176],[-62.844161340145085,17.90289378674035],[-62.84543914993407,17.902879119915408],[-62.84539383882888,17.902672798493363],[-62.8454796319194,17.902474063938943],[-62.84545100119755,17.90227200458376],[-62.8455212983366,17.902111140896057],[-62.84545474221486,17.901900566444997],[-62.84546663101291,17.901759957326668],[-62.845585246698484,17.901583426027727],[-62.845694098206806,17.901504533665932],[-62.84583315017392,17.901457869339733],[-62.84598026971492,17.90146570266363],[-62.84611305952706,17.901526841248458],[-62.846190913918605,17.901602349108213],[-62.84625305010276,17.901730261509062],[-62.846276853913444,17.90210198030045],[-62.84634115612091,17.902224049319717],[-62.846355326413594,17.902329278610903],[-62.84629093350146,17.902523995942726],[-62.846288962551974,17.902996868445552],[-62.846747192082866,17.903252501308135],[-62.847639235789046,17.90325270129043],[-62.84772449411308,17.902915883305592],[-62.84782290664067,17.902743135174],[-62.84809851301993,17.90250058012303],[-62.8486452253748,17.901911841445337],[-62.849159189458206,17.9014959861555],[-62.849485359862555,17.90116104694058],[-62.84970947474877,17.90100848753389],[-62.849500407022205,17.900847122609584],[-62.84939614405296,17.900810925938792],[-62.84929397195504,17.9009952542054],[-62.84894579396087,17.901241237516157],[-62.84880760287792,17.901300227932374],[-62.84865631712111,17.901302548944248],[-62.84851622282765,17.901247827953256],[-62.848222003383135,17.90101828278114],[-62.8479254400535,17.900681813497116],[-62.84787777337528,17.9005121456876],[-62.847919274785305,17.90034099938244],[-62.8480401433063,17.900208791946636],[-62.84821183479894,17.900146745170964],[-62.84832260006262,17.900150115160713],[-62.84845968604347,17.900201834635595],[-62.8487177506029,17.900468858389047],[-62.848788971875884,17.90034995864048],[-62.84898964200274,17.900170142067825],[-62.8492514511086,17.90005758535745],[-62.849530135205136,17.900089757634156],[-62.84980769811678,17.900184635492362],[-62.85009446163886,17.900366195727617],[-62.84996787355478,17.899963803262214],[-62.84974420881471,17.899952779550386],[-62.84956940953968,17.89982608116508],[-62.84951813669522,17.899732019645285],[-62.84949793094963,17.89959481488667],[-62.849353588969336,17.89934144888916],[-62.849074365007375,17.898873982800005],[-62.8489098604194,17.89869370861818],[-62.84874008267299,17.89840833180471],[-62.84852690503505,17.898388365717608],[-62.8483787910417,17.89828463096333],[-62.84829924183809,17.898126298238086],[-62.84831314830881,17.89793407887731],[-62.84827865422055,17.897899870681123],[-62.84808801249328,17.89789413965353],[-62.84790496520704,17.897778613132218],[-62.84782547114164,17.897620255125027],[-62.8478449836527,17.89741292184611],[-62.84669265999374,17.896142623544137],[-62.84662159814246,17.895980633136283],[-62.84662810224061,17.895839701449216],[-62.84669044166171,17.895711880624177],[-62.84679912582662,17.895616630173883],[-62.84696972149998,17.895565269500246],[-62.84678154591965,17.895395562657693],[-62.84662918828932,17.8951062054379],[-62.84661029099447,17.89496383221514],[-62.84666957060284,17.894794358140835],[-62.84720641604369,17.89433220220972],[-62.847259165074284,17.894216189779712],[-62.84736343607141,17.89411652057177],[-62.84767424003374,17.893940829255804],[-62.847820967057245,17.89392796743782],[-62.847955983894174,17.89396722560468],[-62.84795020233584,17.89380103008302],[-62.848029412074006,17.89364254222021],[-62.8487317090827,17.893091338946512],[-62.84894319226499,17.893032423786412],[-62.84915303278888,17.893096497441082],[-62.84941280796403,17.893380337895437],[-62.84954982236135,17.893436848334183],[-62.84963187229589,17.893508164325443],[-62.84972303404909,17.893740838285563],[-62.84990144388629,17.893632410700274],[-62.85009550215645,17.893621435035357],[-62.85023134507457,17.893676067205487],[-62.850351852705955,17.893798916768638],[-62.85050139182319,17.893785881456022],[-62.85066906749162,17.89384444329078],[-62.85090430482779,17.89409294489335],[-62.85100695728801,17.894042071137573],[-62.8511531331998,17.89402436696925],[-62.85129525848001,17.894061568335864],[-62.85138605934132,17.89412239126351],[-62.85182943785209,17.89460979930242],[-62.85199686770636,17.894712736636922],[-62.852088307284845,17.89489678241617],[-62.853122190857285,17.896065152330156],[-62.853318884515815,17.896112760053363],[-62.85345097024183,17.89623473242724],[-62.85350740533737,17.89640191603812],[-62.85348842275089,17.89654180962823],[-62.85338924254354,17.89668963714211],[-62.85323215501066,17.89679170669057],[-62.8535425384379,17.89720763739291]],[[-62.851146639983796,17.89495737320274],[-62.85111903246446,17.894965953338925],[-62.851123830548204,17.89497332337662],[-62.851146639983796,17.89495737320274]],[[-62.848850931835834,17.893925440152387],[-62.84889062490705,17.893911389451553],[-62.84888208095045,17.8939014351769],[-62.848850931835834,17.893925440152387]],[[-62.848515563005165,17.894680928016896],[-62.84838782448354,17.89469547051875],[-62.84824103089962,17.894683317077977],[-62.84804167143049,17.894549101899916],[-62.84791642310533,17.894699185675403],[-62.84816201182542,17.894702320120494],[-62.84833561846937,17.894824850393558],[-62.848515563005165,17.894680928016896]],[[-62.84796021630993,17.895593308391685],[-62.84798976275809,17.89557014761482],[-62.84797001399076,17.895546861495767],[-62.84793247743407,17.895558639005607],[-62.84796021630993,17.895593308391685]],[[-62.85178680661475,17.900902736464985],[-62.85133909267569,17.900608675564925],[-62.85125335492208,17.90084914562677],[-62.85111348347297,17.900988588218112],[-62.85106529524734,17.901164446855937],[-62.85097759558212,17.901272309589707],[-62.85047829111822,17.901522369623848],[-62.8500641814978,17.901650371132092],[-62.84968133124932,17.90201992836146],[-62.849160659177116,17.902440627627264],[-62.84862770098361,17.903019866264533],[-62.8484323572355,17.90318219763675],[-62.84837548531899,17.9034977868744],[-62.84844197806423,17.903934112461673],[-62.848926434179326,17.90411856095117],[-62.84904681146437,17.904015665810693],[-62.84930328689381,17.90390712828431],[-62.84952869546548,17.903884506039333],[-62.84966886248,17.903941797508693],[-62.84978083042044,17.904036286693135],[-62.8498657326987,17.90426325284343],[-62.84988523839457,17.90427659229048],[-62.8499387289245,17.904230892449483],[-62.849997246550885,17.90413676040485],[-62.8501442428032,17.90401199588166],[-62.85018718948415,17.903631089957887],[-62.849773224656495,17.90331291732595],[-62.84961249372315,17.90326928135803],[-62.84949965100386,17.903178566682886],[-62.849418033630585,17.902983749228262],[-62.849463223715034,17.90277835259006],[-62.84962185729331,17.902623612979962],[-62.84986595708807,17.90255412208898],[-62.85004319246847,17.902599701770043],[-62.850318592999635,17.90280480099081],[-62.85039694759698,17.902619797438483],[-62.8505491739558,17.90238669659794],[-62.85072863524744,17.902210393956523],[-62.8510495250131,17.901977724026803],[-62.85118545781235,17.901927663791284],[-62.851834618125466,17.90181362421489],[-62.852167148123904,17.901792953112817],[-62.85221772383748,17.901760598050615],[-62.85236097611796,17.901633265852094],[-62.85238530173184,17.90148073289103],[-62.85206550407164,17.901134739467555],[-62.85178680661475,17.900902736464985]],[[-62.83816502956972,17.899663573363757],[-62.83743713687819,17.899772945977592],[-62.83730991105977,17.89982712463022],[-62.83721903751029,17.89995828233166],[-62.83709215145529,17.900034806604765],[-62.836897761548265,17.900431775895008],[-62.83691404639064,17.90061994314037],[-62.836810390929664,17.900808734070058],[-62.836827809409066,17.901413705360547],[-62.836745827610535,17.90187177884316],[-62.83697931612819,17.901805185539338],[-62.837368394776334,17.901750091044022],[-62.837703738618345,17.901758786269937],[-62.838222936007554,17.901933420646255],[-62.83873336195866,17.902206779457103],[-62.83909988220695,17.901597156446908],[-62.839043946424916,17.90139370244438],[-62.83903820647031,17.901176250110723],[-62.83911855443004,17.90091696559073],[-62.83844071788783,17.899989970883812],[-62.83816502956972,17.899663573363757]],[[-62.823676943132476,17.905705144979382],[-62.82374970788542,17.90554916481061],[-62.82388915236152,17.90544257958069],[-62.82402813200168,17.905409389822378],[-62.824367288495054,17.90542130786489],[-62.82440774349088,17.904729014708977],[-62.824340567227914,17.90422288242352],[-62.824220896475865,17.90396776861543],[-62.82389681548403,17.90361906993265],[-62.823614891999654,17.90312095128871],[-62.8233314646411,17.902777481305062],[-62.82302191901102,17.90212007227949],[-62.822721134331026,17.901629975799587],[-62.822647370048216,17.901416034001766],[-62.82251194500226,17.901315618848436],[-62.82203430599281,17.901114509507135],[-62.82158668732714,17.90116997787299],[-62.82119907231521,17.901169897881022],[-62.82062690919074,17.901024227044648],[-62.819912036855705,17.900932636770758],[-62.819752736453005,17.900942338916785],[-62.81930723453968,17.900859292414943],[-62.81851825996508,17.901105649763657],[-62.818222571957214,17.90112778473279],[-62.8174327606742,17.901333582964785],[-62.817194987475574,17.90131174038715],[-62.81689157405466,17.90115268256582],[-62.81642156240846,17.900742721326353],[-62.81610565654775,17.90035206930652],[-62.81592537848816,17.899952874850488],[-62.81582915977668,17.899521929437615],[-62.81566737249184,17.89924579741382],[-62.81560186101525,17.89896547997103],[-62.81551069428941,17.89802672053345],[-62.815458690116934,17.897808268513533],[-62.814393953829395,17.8963382200657],[-62.813927777682,17.896129957656164],[-62.81372020392516,17.895975577387336],[-62.813452034633514,17.896100030399584],[-62.8137432127677,17.8966426862446],[-62.81375866642273,17.896779666023313],[-62.813726838522285,17.896942010071633],[-62.81364150090891,17.897063235774915],[-62.813513889631366,17.89715052214317],[-62.812867239833615,17.897449632015615],[-62.813023652997195,17.89776152181203],[-62.813046454464974,17.897865351855966],[-62.813012613819716,17.898038036537887],[-62.81292613426035,17.8981522519338],[-62.812800584982696,17.898226088320282],[-62.812692136235874,17.898247918594965],[-62.81254616034689,17.898228739108006],[-62.81244786343714,17.89817974484656],[-62.8123477313776,17.89807625664514],[-62.81209183292381,17.897576480338724],[-62.812020533871014,17.897313665961025],[-62.812075482399855,17.897102587811723],[-62.812190038226404,17.896967747525885],[-62.81289142319452,17.8966369604192],[-62.81261453841486,17.896085168468147],[-62.81245895649741,17.895857738772204],[-62.81222914185595,17.89577873649514],[-62.81166332856382,17.89541739590133],[-62.810407632788205,17.894027730498966],[-62.81008004415994,17.893699999961235],[-62.80965558728867,17.893347520004674],[-62.80744913400071,17.89340562773824],[-62.80638100868883,17.893570270218078],[-62.805442239013814,17.89384447615795],[-62.804574842744394,17.89396990978752],[-62.803937915964475,17.894246738342392],[-62.80312610684813,17.89447613505903],[-62.80289836208927,17.89457928676156],[-62.80257721547567,17.894792382764116],[-62.802193856097965,17.89493590071725],[-62.8016021812543,17.89526417895186],[-62.80090523018041,17.896037910446363],[-62.800530567875974,17.896535851444796],[-62.8006904859876,17.89666319390403],[-62.80080704610436,17.89687649792481],[-62.80095180261532,17.89696842634452],[-62.80167562362053,17.89726241695532],[-62.80196558940151,17.89659266499598],[-62.80216794674825,17.896246680812958],[-62.8021048049283,17.8960321548854],[-62.802176910360515,17.895833928902253],[-62.802285240357,17.895738309667188],[-62.802399623518006,17.89569441762943],[-62.80257678385823,17.895475073120963],[-62.80269660516121,17.895392977421615],[-62.80291398487756,17.895365713121745],[-62.80308230781162,17.895435699974346],[-62.80320989444241,17.89560639748736],[-62.80321750520541,17.895813639814683],[-62.80335950052361,17.8959816928731],[-62.803385731107085,17.89612050821539],[-62.80336756898296,17.896225173667748],[-62.80329586567565,17.896348411439387],[-62.8031803618642,17.89643599689994],[-62.802907751901735,17.896473481502493],[-62.80265246074355,17.896893694236258],[-62.802464096661645,17.89737961538275],[-62.8022461828987,17.897759001063974],[-62.80197045430722,17.89794526334263],[-62.801758185966754,17.898002584769735],[-62.801643206746135,17.898001394065513],[-62.8013117116554,17.897917018253985],[-62.800553384129444,17.897583112703664],[-62.80024142463391,17.89737512695395],[-62.80009411226045,17.89712600117242],[-62.79993184607233,17.897053752239533],[-62.79943237322937,17.897553968315915],[-62.79923817954099,17.897864571407467],[-62.799046161139515,17.898323123511982],[-62.79926934192571,17.898421803827983],[-62.79983006692296,17.898216496788347],[-62.79997564596264,17.898219252599453],[-62.80025947245376,17.89829116552458],[-62.80070386244372,17.89802433269916],[-62.80085810186498,17.898002673991687],[-62.801090518071454,17.89803972558097],[-62.80127383432345,17.898147698856658],[-62.80136558229376,17.89833315448725],[-62.801732797606235,17.89836789925379],[-62.80191340333177,17.898486895920097],[-62.80198107387867,17.898612207005435],[-62.80199583088823,17.898717362131176],[-62.801965107984444,17.89885533025827],[-62.801906837914004,17.89894557933699],[-62.80179166879351,17.899033569745914],[-62.80165009585118,17.899072666058764],[-62.801041029829285,17.899039740762912],[-62.800868256565366,17.898988891721903],[-62.80072946112489,17.898865303382916],[-62.80053178980169,17.898969921220317],[-62.800289458175286,17.89902119850405],[-62.799939977746185,17.898962901302003],[-62.799364442820334,17.899162733001155],[-62.799250098546416,17.89917697328404],[-62.79913659644239,17.899157514342836],[-62.79875522557012,17.898990966965936],[-62.798814258310216,17.899779247548764],[-62.798978909171,17.900137832198887],[-62.79916824872117,17.90096249321517],[-62.79953739690521,17.90210461263044],[-62.79999244778226,17.90316828827095],[-62.80088475746983,17.90364433815962],[-62.801053903992205,17.903845762378612],[-62.80127065289996,17.904329830151845],[-62.8016489643108,17.90457735178734],[-62.80220293354784,17.905006123487016],[-62.80230619795189,17.905075890520223],[-62.8029129387062,17.9052124128732],[-62.80342881074493,17.90547495104047],[-62.80402810941052,17.90605918369108],[-62.80415134189032,17.906252556318595],[-62.804207340906096,17.906455878460687],[-62.80417717966909,17.906966726344645],[-62.804194738755136,17.907161283223264],[-62.804281686045904,17.907433421919833],[-62.80449133077964,17.907847292807485],[-62.804810286331865,17.908182805242028],[-62.80491124895739,17.90836809695562],[-62.80505765407895,17.909457154698302],[-62.80516414003248,17.909942359118087],[-62.80562324304951,17.910207218418],[-62.805839434225135,17.910115391712974],[-62.806756270147936,17.90959180655777],[-62.807066536981765,17.909478423222794],[-62.80730214384427,17.909481827868145],[-62.80828902571406,17.909613285379173],[-62.808615796783606,17.90960773429205],[-62.80895234623208,17.909565272580444],[-62.809390862422205,17.90941455028746],[-62.809641546553046,17.909366547785783],[-62.81076379487794,17.909254899738396],[-62.81103842000617,17.90928422919411],[-62.81168608513326,17.90949050843422],[-62.812261271342074,17.90928907231795],[-62.81378417043769,17.90907500741546],[-62.81392835623472,17.909104098669165],[-62.814049937829424,17.909183799772446],[-62.81413040580282,17.909301976823574],[-62.81415750935222,17.909440638692693],[-62.81412712229597,17.909578675316634],[-62.81404387049468,17.909695071716275],[-62.81392042843125,17.909772107760823],[-62.813738108460015,17.909822244298375],[-62.814114654371664,17.909983946465175],[-62.81426174092921,17.909875630094046],[-62.81431082446975,17.90976110744438],[-62.81446229225538,17.909631116262684],[-62.814515221787104,17.909527520745705],[-62.81459371416212,17.908704468832955],[-62.81469992775891,17.908337464649538],[-62.81448975580297,17.908227306379093],[-62.814317674192715,17.908009150319423],[-62.81422441913918,17.907680900423568],[-62.81405899465142,17.907526056000645],[-62.81392470975235,17.90727337229482],[-62.81386232231768,17.907054025867975],[-62.813854725058285,17.906843286036842],[-62.81355624323135,17.90680240670997],[-62.813255811651274,17.90667367805413],[-62.81297173158567,17.90664847108551],[-62.81283631531073,17.90660426963871],[-62.81270840526167,17.906505637205832],[-62.81259539140021,17.90635252822044],[-62.81244266111231,17.90633979600748],[-62.81228026885578,17.906273468770852],[-62.81093266856044,17.905307154650192],[-62.80990764193929,17.904860272223118],[-62.8096115950955,17.905541525581143],[-62.80943634474536,17.905805177177285],[-62.80931391414744,17.905883674780732],[-62.809206439379906,17.905909563824444],[-62.80905978340323,17.9058958849496],[-62.80892975878903,17.905829516987872],[-62.8088077578691,17.905655111980067],[-62.80879855962238,17.90547963510606],[-62.80912107313656,17.904826119043975],[-62.809262560676046,17.904381146115945],[-62.809026960921294,17.904052993524758],[-62.80891117558477,17.903665688899707],[-62.808870600492945,17.903355535917406],[-62.808422597461806,17.903534035919403],[-62.80790542019833,17.903592120572764],[-62.807161287567695,17.90359343060519],[-62.806981743607444,17.903555760195633],[-62.80665950123143,17.903428522975627],[-62.806397477676036,17.903484117774376],[-62.80618710122843,17.903425015701686],[-62.806046476832464,17.903263976078936],[-62.80602300332703,17.9030552793156],[-62.80607815045175,17.90292446318778],[-62.80615182449374,17.90284520345573],[-62.80647980099203,17.90271464249951],[-62.80641424700359,17.90249807670164],[-62.805823752022505,17.902343927660954],[-62.804800616525576,17.90193981989175],[-62.8042465381657,17.90146422628604],[-62.80329439580878,17.900924122358717],[-62.802646683025905,17.900254480848318],[-62.802385878032375,17.90052923911651],[-62.802127527780414,17.900666338760445],[-62.80190833700274,17.900670936841873],[-62.80172341844294,17.900558171757748],[-62.801635101062836,17.900366052431515],[-62.8016731529859,17.900159334817076],[-62.801764110737054,17.90004835308162],[-62.801981116384255,17.899898965795366],[-62.80214391134547,17.89955003669505],[-62.80235695450507,17.89941881434022],[-62.8026315458158,17.899412220120826],[-62.8029012215631,17.899519236594468],[-62.80323348863112,17.89979240368445],[-62.80378602740714,17.9003729563445],[-62.80425467336439,17.900609909905366],[-62.80467324424911,17.900867142384723],[-62.80519641650829,17.901320490667704],[-62.805740276047466,17.90154550349153],[-62.80637749075875,17.9017558958457],[-62.806649856787836,17.90180791184518],[-62.80685768301575,17.901903898947527],[-62.80706916675161,17.902131180839334],[-62.80715326974453,17.90231277884303],[-62.80727242759242,17.902738328658614],[-62.80737592637525,17.90279977829593],[-62.807532932199024,17.902865276878824],[-62.80788947638003,17.90286881545037],[-62.80824396138883,17.902830724111844],[-62.80881683895466,17.902580938807972],[-62.80898912822795,17.902535817762427],[-62.80914296193327,17.902551740784155],[-62.8092986962172,17.902628546542633],[-62.80953875659012,17.902868993572707],[-62.80959267025203,17.903037773690965],[-62.80965237730564,17.90352552276491],[-62.809729541868734,17.903783784181414],[-62.8099598314351,17.904032748862907],[-62.81025281157691,17.904216623160323],[-62.81131358204559,17.904680478011592],[-62.812425031202416,17.905478980050574],[-62.81245205526397,17.904708264653042],[-62.812324050853164,17.904195942101133],[-62.81200314609379,17.90345108668739],[-62.81151351897672,17.902951044676733],[-62.811424171127996,17.90267490191222],[-62.811201456652924,17.902227150579204],[-62.811039114561936,17.90172653830922],[-62.81106670819877,17.901518304065416],[-62.811210488525454,17.90135984053761],[-62.811421992853724,17.9013045594247],[-62.81162993159897,17.901371093777676],[-62.81176421712176,17.901537017570803],[-62.8119104367243,17.90197649423791],[-62.812129618988024,17.902409204157163],[-62.81218321019891,17.902596645097237],[-62.81259305805097,17.902968934633616],[-62.81286202212617,17.903542297940135],[-62.81305403787377,17.90345757586418],[-62.81324127299963,17.90347665158972],[-62.81362065981539,17.903740391134903],[-62.81373256919761,17.90387964173897],[-62.81376386443229,17.90401749208994],[-62.81374954268531,17.904122702387404],[-62.81368238965739,17.904248269497707],[-62.813601602541354,17.904320899740597],[-62.81350227194516,17.90436795077043],[-62.813355910472794,17.904384255939704],[-62.813142732006106,17.90430041960059],[-62.81320738165668,17.90465850096627],[-62.81319520952073,17.904980608186616],[-62.81367013361938,17.90479278575119],[-62.81381665615783,17.904777861614637],[-62.814019865275995,17.90485666959499],[-62.81414309508482,17.905030280772547],[-62.81414480941473,17.905240177672834],[-62.814024430049024,17.905415612296814],[-62.81348688250023,17.905650414812634],[-62.81315177659407,17.90574237880274],[-62.813135278673094,17.90584140990394],[-62.81321667019878,17.905940977131998],[-62.81349600459653,17.9059866980955],[-62.81376469305902,17.906103168114615],[-62.81422885879494,17.906188728534218],[-62.81447281705388,17.90630763367426],[-62.814599572533524,17.90654544799303],[-62.814631615655635,17.9070131606451],[-62.8149000935235,17.907341634210148],[-62.81500097376125,17.90767406647175],[-62.81504517236197,17.907693658343696],[-62.815147265181416,17.907723646812435],[-62.81538980142529,17.907467806655955],[-62.81566476603584,17.90728285939777],[-62.816175782039,17.90696856260238],[-62.81667990397996,17.906757533643354],[-62.817107454435394,17.90645952723844],[-62.81758472626645,17.906021121960553],[-62.81808097589693,17.905668986539684],[-62.818276354866406,17.90558005559478],[-62.81847431233497,17.905563936490992],[-62.818618722267374,17.905598730326854],[-62.81904124693192,17.90591445746139],[-62.819573909030254,17.905978470325664],[-62.82020769128005,17.905878341878466],[-62.82051117102978,17.90591192275008],[-62.82074907479327,17.9059790222333],[-62.821160071190654,17.906163445653924],[-62.82133904541739,17.906293813709105],[-62.823076476948216,17.905635364928152],[-62.82322828029951,17.905624510709544],[-62.823676943132476,17.905705144979382]]]}},{"type":"Feature","properties":{"feature_id":"AEP_SECT_9725ZS004","layer_key":"eau_aep","layer_label":"Eau AEP","economic_unit_id":"AEP_SECT_9725ZS004","economic_state":"S3","economic_exposure_eur":5713741.0,"economic_damage_eur":1454046.0,"economic_damage_ratio_pct":25.448,"economic_asset_count":133,"criticality_territory":"saint-barthelemy","criticality_family":"aep","criticality_scenario":"rp1000","criticality_period_years":"1000","criticality_hazard":"storm"},"geometry":{"type":"Polygon","coordinates":[[[-62.84763165990617,17.894027930400075],[-62.84784646128461,17.89415835249422],[-62.847920732290355,17.894319017659047],[-62.847907129362284,17.894494232409077],[-62.84780886455314,17.89464261865584],[-62.84771822561272,17.894703663054678],[-62.84757619933473,17.89474121120137],[-62.847165385990664,17.89475987687326],[-62.84699485346262,17.894712085827113],[-62.84687205440805,17.89461644534673],[-62.84679041261291,17.89444778964856],[-62.84680077552961,17.89422687930674],[-62.846884683299784,17.89388515797094],[-62.846719626390666,17.89332686569842],[-62.846146714146414,17.89321524930502],[-62.84576809078261,17.893252144158087],[-62.84523209612375,17.893449821251316],[-62.84514179814976,17.893569475892285],[-62.845017455546305,17.89364144209488],[-62.844873960231894,17.893670629644205],[-62.84471756408493,17.893645230791467],[-62.84440848456609,17.893783946088224],[-62.84444715749028,17.893941565733087],[-62.84441873938877,17.89407998616934],[-62.844309756310004,17.894221344421315],[-62.84417997042639,17.894288124829036],[-62.8440333718356,17.894302269036064],[-62.84389718803072,17.894268828601657],[-62.84362460600423,17.89409447311969],[-62.84251160819609,17.894181484824518],[-62.84230263145184,17.894151043553855],[-62.842135948609624,17.89405286951934],[-62.842029096067094,17.893897424807438],[-62.84197173495243,17.893638222900766],[-62.84194090026501,17.892937510870087],[-62.84153367584141,17.892650412771822],[-62.84133137313712,17.8923283342829],[-62.84128836319081,17.89206499199193],[-62.841382035962255,17.891710979014942],[-62.84131372781284,17.89139402594739],[-62.84125148073596,17.891249306296857],[-62.84084956940506,17.890878524716367],[-62.84036337472301,17.890560036052374],[-62.8400339320237,17.890584786759476],[-62.83972034385815,17.890713885801077],[-62.839181424902314,17.890750954453466],[-62.83963196911242,17.89098528482283],[-62.8399206715302,17.891252586676288],[-62.839969980467544,17.8913855213855],[-62.83996240316815,17.891526403911417],[-62.83989909318314,17.891653786060434],[-62.839789688741355,17.891748275015292],[-62.83965084576299,17.89179548565358],[-62.83950370179064,17.89178823048416],[-62.83937065838977,17.89172761414561],[-62.83917292121361,17.891561281776198],[-62.839045277678196,17.891582729333233],[-62.83890083601232,17.8915548924468],[-62.838778515549926,17.891476250988156],[-62.83867903200508,17.89130410789302],[-62.83857932822701,17.891245471979698],[-62.838340614638945,17.89154353431358],[-62.8377359109878,17.892172685634847],[-62.83756748685564,17.89240216980109],[-62.837361469412336,17.892535837410726],[-62.836887432331125,17.892933103923145],[-62.83671245563705,17.892986052859232],[-62.83653207042766,17.892953776442244],[-62.836412716225404,17.892871061168332],[-62.836335508185066,17.892750911180336],[-62.83631540494875,17.89257627057988],[-62.83636343030702,17.892442905635917],[-62.83671576279287,17.892108722952905],[-62.83704959911551,17.891866091699082],[-62.83723820036133,17.891618233313455],[-62.83777800810398,17.891060951939807],[-62.83794788677409,17.8908471727974],[-62.8381535083236,17.890336679209145],[-62.83826782650857,17.890183237978228],[-62.83842901026476,17.890054156468683],[-62.83862774088182,17.889984461257658],[-62.839036777103836,17.890022284476558],[-62.83942162548123,17.89001840668377],[-62.83916503359854,17.889443946214374],[-62.839001230380646,17.889162967324665],[-62.83884364068056,17.888756261759635],[-62.83845871741067,17.88812673249307],[-62.83832993254982,17.887988741522857],[-62.83806482226158,17.887802131573423],[-62.837651979900485,17.887578044370557],[-62.837471157955186,17.887413523679083],[-62.83722972451785,17.886972662268686],[-62.83698508952978,17.886657240774785],[-62.83679996321469,17.886264873973417],[-62.83666885974998,17.886104675266278],[-62.83639388302234,17.8863258973378],[-62.836025805151415,17.88650820150176],[-62.83389489701939,17.886899021121934],[-62.83355141975447,17.887190546648622],[-62.83365568236105,17.887443467217803],[-62.83366582384161,17.88760842714894],[-62.83356939856527,17.887862958926313],[-62.83334151198788,17.888235313906954],[-62.833285463690366,17.88838920371874],[-62.833540664468025,17.8885594512333],[-62.834091274118194,17.88917348912265],[-62.83423106004712,17.889418268240178],[-62.83435121628969,17.88973557227827],[-62.834370145561955,17.88992936180243],[-62.83433494408726,17.890087381596754],[-62.834401345473346,17.890269396526392],[-62.83436819833971,17.89044220449418],[-62.83428218062281,17.890556736944927],[-62.83419095728151,17.89061697508528],[-62.83404857723481,17.89065326230861],[-62.833938147750374,17.890644417734052],[-62.83374846842358,17.890539166743636],[-62.83349780098755,17.890203701544593],[-62.833481268057334,17.88999904702548],[-62.83358213605182,17.88982046791594],[-62.83348604469656,17.889608221765396],[-62.83303687934976,17.8891053081111],[-62.83265874799977,17.888823931441504],[-62.83255343452708,17.888673752602283],[-62.83251048732843,17.888416089891848],[-62.832529723223246,17.888257262363958],[-62.83266066860313,17.887921201493207],[-62.832887864049475,17.88754892751782],[-62.83274808561819,17.887196724304314],[-62.83277674474963,17.886977876644885],[-62.8328904459722,17.88678812361778],[-62.833341092451384,17.886392401541187],[-62.83358921394462,17.88622915462011],[-62.835240236095814,17.88589952105621],[-62.835778207588326,17.885823243854915],[-62.83597375253653,17.88572463999463],[-62.83629623524349,17.885453418188554],[-62.8365033614354,17.885348444082325],[-62.83671248138541,17.88533675540554],[-62.836941755129224,17.885401718398803],[-62.83715517377007,17.885541407481178],[-62.83744144625773,17.885880017197277],[-62.8376372635865,17.88629193538057],[-62.83786774844642,17.886581454071827],[-62.83806917409366,17.886964781139458],[-62.838502187191956,17.88721214053004],[-62.838820213023695,17.8874384589934],[-62.83901053047348,17.8876165758154],[-62.839517462898584,17.888428278993775],[-62.83969155158154,17.888864544989428],[-62.83985223742759,17.889143700172646],[-62.840135245905024,17.88977677400366],[-62.84057952026881,17.889848355557334],[-62.8407758838852,17.889935060933674],[-62.841343653044746,17.890313779154475],[-62.841695697480105,17.890616362076592],[-62.841872320282185,17.890812789052127],[-62.84203808583082,17.89114246562021],[-62.84212995272078,17.89153253560229],[-62.84216307296125,17.89177429214058],[-62.84210704909643,17.891966130822624],[-62.84213036868434,17.892170721356973],[-62.84252145544341,17.89242582286756],[-62.842632901070324,17.892552909099688],[-62.842681787724516,17.892667122162237],[-62.842729265636386,17.893432861375928],[-62.8428419085596,17.89342606145679],[-62.84297408330211,17.89327869290334],[-62.84314699240477,17.89321984487378],[-62.84332845855748,17.893245984995158],[-62.84350901008357,17.89336215827442],[-62.844533873852114,17.892929465583354],[-62.844504558610886,17.892725292292727],[-62.84460100938153,17.8925152056469],[-62.84523939462465,17.892126555027904],[-62.84521864777279,17.89191815372257],[-62.845296130455615,17.89175888544785],[-62.845442879377025,17.89165339424804],[-62.84562423854398,17.891626592304974],[-62.845827273314555,17.891705777048646],[-62.845937453425144,17.891846281092842],[-62.84605050217022,17.8922152118074],[-62.84604395105356,17.892325363596715],[-62.84597838378296,17.892497668810904],[-62.84629471842766,17.892473801872633],[-62.84697617689257,17.89264248399271],[-62.847191187314245,17.892747312144078],[-62.84731349159684,17.892859760617814],[-62.84746576967991,17.89316684483831],[-62.84763889952728,17.89379490974639],[-62.84763165990617,17.894027930400075]]]}},{"type":"Feature","properties":{"feature_id":"AEP_SECT_9725ZS006","layer_key":"eau_aep","layer_label":"Eau AEP","economic_unit_id":"AEP_SECT_9725ZS006","economic_state":"S0","economic_exposure_eur":389516.0,"economic_damage_eur":8287.0,"economic_damage_ratio_pct":2.127,"economic_asset_count":7,"criticality_territory":"saint-barthelemy","criticality_family":"aep","criticality_scenario":"rp1000","criticality_period_years":"1000","criticality_hazard":"storm"},"geometry":{"type":"Polygon","coordinates":[[[-62.82121747957285,17.908287572618516],[-62.82097559072393,17.908634099530968],[-62.82092979433769,17.908778893423985],[-62.82089648373563,17.90909698576932],[-62.820798225878335,17.909245380560368],[-62.82067369703328,17.9093207961426],[-62.82052850133731,17.909344848267057],[-62.82038474363894,17.909313875196833],[-62.820264309858835,17.90923259232768],[-62.82018553498985,17.909113374296194],[-62.82016041173621,17.908974371020392],[-62.82018682153373,17.908646238746794],[-62.8202535902084,17.908420193768418],[-62.82040024218698,17.908121454992454],[-62.82053089492157,17.90794511910683],[-62.82084157259951,17.907644679827015],[-62.82051738593947,17.907264836284142],[-62.82039197372272,17.906956162659576],[-62.820388921710084,17.906507644735047],[-62.820426817085185,17.906273907661507],[-62.82052697979298,17.90612668568741],[-62.82068780562052,17.90604205083022],[-62.820834883760554,17.906033476861857],[-62.82094130638251,17.906063083091325],[-62.82110547613221,17.906202211568733],[-62.821160806104004,17.90636973397391],[-62.82115030883133,17.906866134435194],[-62.82143318509224,17.907175539958157],[-62.821658184524296,17.90762446550354],[-62.82166265969838,17.90777051734488],[-62.82159077863462,17.907958339975554],[-62.82147267509938,17.908090830540626],[-62.82121747957285,17.908287572618516]]]}},{"type":"Feature","properties":{"feature_id":"AEP_SECT_9725ZS007","layer_key":"eau_aep","layer_label":"Eau AEP","economic_unit_id":"AEP_SECT_9725ZS007","economic_state":"S0","economic_exposure_eur":815049.0,"economic_damage_eur":17352.0,"economic_damage_ratio_pct":2.129,"economic_asset_count":17,"criticality_territory":"saint-barthelemy","criticality_family":"aep","criticality_scenario":"rp1000","criticality_period_years":"1000","criticality_hazard":"storm"},"geometry":{"type":"Polygon","coordinates":[[[-62.8173311303551,17.913314088071527],[-62.81731195969355,17.91348269393166],[-62.817259412917394,17.913576110533455],[-62.81700732482576,17.913740592852022],[-62.817308076283645,17.914517724246867],[-62.81736170325182,17.914987814865157],[-62.817318694509076,17.915158620025416],[-62.81719665727641,17.91528984774355],[-62.817024411584576,17.915350507569094],[-62.816842634650314,17.915326274209953],[-62.81669462389526,17.915223253392284],[-62.81668311099383,17.91555939776766],[-62.81657741564471,17.915743302997793],[-62.816487602059816,17.915805469232154],[-62.81634608051273,17.915844780133316],[-62.81613156568038,17.915801337653875],[-62.81599708184693,17.915681777010846],[-62.81593735140272,17.915515644616743],[-62.81594863017312,17.91448142837839],[-62.81582033725788,17.91425192016372],[-62.81556866204395,17.914240854063316],[-62.815394488579706,17.914113351317216],[-62.81532366332158,17.913914700662882],[-62.8153621090217,17.913742901236734],[-62.815511725788234,17.913589461125227],[-62.81575401815927,17.913530996933908],[-62.81578764571857,17.91324612200911],[-62.81590839592965,17.912962004340667],[-62.816087783019746,17.91278583659102],[-62.81631510847407,17.912717252472643],[-62.81645457657053,17.912711135543702],[-62.81679346078368,17.912784840149808],[-62.81719520944765,17.912557681604433],[-62.81734212317793,17.912546761820167],[-62.81751360696082,17.912609362120058],[-62.8176491670993,17.91277433942362],[-62.81766613984346,17.912983612779826],[-62.817584256004615,17.913140853592452],[-62.8173311303551,17.913314088071527]]]}},{"type":"Feature","properties":{"feature_id":"AEP_SECT_9725ZS008","layer_key":"eau_aep","layer_label":"Eau AEP","economic_unit_id":"AEP_SECT_9725ZS008","economic_state":"S3","economic_exposure_eur":1119031.0,"economic_damage_eur":284774.0,"economic_damage_ratio_pct":25.448,"economic_asset_count":12,"criticality_territory":"saint-barthelemy","criticality_family":"aep","criticality_scenario":"rp1000","criticality_period_years":"1000","criticality_hazard":"storm"},"geometry":{"type":"MultiPolygon","coordinates":[[[[-62.803729122075275,17.91176310355655],[-62.803905709075806,17.911810963480015],[-62.80401671750177,17.911903734788453],[-62.80408219185338,17.91203011298758],[-62.80409216417628,17.912170858188972],[-62.80404511614866,17.91230454321841],[-62.80394821030587,17.912410815704945],[-62.80381619966815,17.91247349656652],[-62.803631537176784,17.912481136794703],[-62.80349266925245,17.912433950742145],[-62.80338323422445,17.912339481379874],[-62.80331989259559,17.912212110871433],[-62.80331228747359,17.912071230267674],[-62.80336157654284,17.911938287368354],[-62.80346025589159,17.911833521486177],[-62.8035933024717,17.911772882217495],[-62.803729122075275,17.91176310355655]]],[[[-62.80949425536103,17.90451348460969],[-62.80914042171268,17.904955299370442],[-62.80933306888276,17.905257860154244],[-62.80938671870432,17.905413394138424],[-62.80940541839823,17.905717747970623],[-62.809344835331125,17.9059363123539],[-62.808885404886254,17.90656276754026],[-62.808700535108144,17.906751444325103],[-62.80840090140191,17.906923876919816],[-62.80781694708128,17.90703103772566],[-62.80782214137539,17.907750749974284],[-62.80773834360175,17.90797644232742],[-62.807647826325464,17.908107401317775],[-62.80751995303476,17.908219793999322],[-62.80693064352605,17.90859339100089],[-62.806535480906156,17.909102557577796],[-62.80639565498785,17.909405385648117],[-62.80646950337487,17.909555668956436],[-62.80652350792258,17.90988016224023],[-62.806522324845204,17.91038975292504],[-62.806458788144084,17.910554585436532],[-62.806287931530036,17.9106861326249],[-62.80610613390485,17.91071018965613],[-62.80593395708918,17.910649362723003],[-62.805805915262816,17.910505248760224],[-62.80578553365242,17.9106381114932],[-62.8055395629308,17.91131022254402],[-62.80545286084839,17.911424287458875],[-62.80536127301446,17.911484031085365],[-62.805144689992694,17.91151671192021],[-62.804924344869725,17.91140866854119],[-62.80484342797161,17.911581997705404],[-62.80466099488913,17.911698430635028],[-62.8043965112135,17.91170678603655],[-62.80423068718476,17.911631498888095],[-62.8041563459973,17.91155280919276],[-62.804100098873725,17.911422422091057],[-62.804100253821765,17.911281353542662],[-62.80415678712498,17.91115107995393],[-62.80426109201172,17.91105143425464],[-62.804433955082665,17.91099241731099],[-62.80466175274976,17.911006473252442],[-62.804823974790736,17.911102149717777],[-62.80507212811471,17.910400602609446],[-62.80517272200197,17.910253649105094],[-62.80533379760947,17.91016944453837],[-62.80551731585839,17.910167874354965],[-62.805679937778635,17.91024930936569],[-62.80576994522555,17.910364508206303],[-62.80575673239238,17.909810395800736],[-62.80566180578404,17.90972059820617],[-62.80559847971685,17.909599857793026],[-62.805599407196745,17.909362099060395],[-62.80587622948412,17.908749167619],[-62.80627812532872,17.90821283959491],[-62.8064987798569,17.9079932073124],[-62.80707042355283,17.907633731588795],[-62.80706702464007,17.907141040387447],[-62.807008076890355,17.907022770535498],[-62.806980903941835,17.906830652837755],[-62.80701874858078,17.906687358063394],[-62.80710303707273,17.90655782566538],[-62.80732930009888,17.90640919516162],[-62.808157386692656,17.906230676389242],[-62.80828887594612,17.906118930912598],[-62.80865405790609,17.90561510851113],[-62.80861348890637,17.90550155265694],[-62.80833705795064,17.90506702867961],[-62.808324734636216,17.90487005178781],[-62.808383652308294,17.90470839025008],[-62.80890931543479,17.904062186649774],[-62.80910278041863,17.90396342867868],[-62.809320950179284,17.903984216629357],[-62.80949028862141,17.904117543737907],[-62.8095537184684,17.904318470842387],[-62.80949425536103,17.90451348460969]]]]}},{"type":"Feature","properties":{"feature_id":"AEP_SECT_9725ZS009","layer_key":"eau_aep","layer_label":"Eau AEP","economic_unit_id":"AEP_SECT_9725ZS009","economic_state":"S0","economic_exposure_eur":779063.0,"economic_damage_eur":16584.0,"economic_damage_ratio_pct":2.129,"economic_asset_count":10,"criticality_territory":"saint-barthelemy","criticality_family":"aep","criticality_scenario":"rp1000","criticality_period_years":"1000","criticality_hazard":"storm"},"geometry":{"type":"MultiPolygon","coordinates":[[[[-62.795415264597494,17.900210876965083],[-62.795646815038864,17.90026666503465],[-62.795813761625304,17.900398131328526],[-62.79591561261055,17.900604888722036],[-62.795918102090425,17.90079879721141],[-62.795835160840845,17.900989912148372],[-62.795658067631145,17.90114324373277],[-62.795464973867446,17.90120181282811],[-62.79521081528399,17.901193743859626],[-62.7950363699625,17.901124349583323],[-62.794891394813945,17.900988920209887],[-62.79481158827336,17.900810683798678],[-62.794809099995874,17.900616775307572],[-62.794884308559325,17.90043671554688],[-62.79502576396974,17.90029791690343],[-62.79521193091983,17.900221510099733],[-62.795415264597494,17.900210876965083]]],[[[-62.798949691112625,17.902406201740018],[-62.79917850724409,17.902549866608744],[-62.79936290775113,17.902813139071103],[-62.79941264983104,17.903040110188563],[-62.79939553869008,17.90353678132958],[-62.7993526626674,17.903979784129195],[-62.79927195150471,17.904171772798843],[-62.79905112143464,17.90434886723454],[-62.79880250912819,17.90438989683572],[-62.79855141806645,17.904306601100476],[-62.798366440479484,17.904095182468826],[-62.798322138877346,17.90389261992519],[-62.798362406646774,17.903252789803798],[-62.79823928414905,17.90316950483961],[-62.79814556826536,17.903054513910483],[-62.7980907537728,17.90291842946087],[-62.798079561179875,17.902772971024653],[-62.79816631136665,17.902532498122454],[-62.79838695304226,17.90235519113714],[-62.79864936386964,17.90231507913011],[-62.798949691112625,17.902406201740018]]],[[[-62.803007545397996,17.902837113774876],[-62.803076815706035,17.903055881008505],[-62.803045058073195,17.90326059079465],[-62.802912365716395,17.903450640023223],[-62.802740017788174,17.903552523414948],[-62.802489302833415,17.90357936768619],[-62.80225497454394,17.903489892537333],[-62.80201517623905,17.90323177757231],[-62.80194762758064,17.90309046026995],[-62.801924495709294,17.902936202486913],[-62.80187592612865,17.90293924308643],[-62.801514744279956,17.903487672819093],[-62.800736019422665,17.904245828434103],[-62.80050974129323,17.904318814747146],[-62.800295045875615,17.904294693048236],[-62.80009256598941,17.90417353443998],[-62.79997584160669,17.903999343349614],[-62.7999427080702,17.903808032273083],[-62.800005034471916,17.90358735902928],[-62.80020068818411,17.903352203954945],[-62.8007138643416,17.90285226413507],[-62.80087101097401,17.902630274663636],[-62.80124138994793,17.90187717105338],[-62.80115749383958,17.901669377073056],[-62.801183701094814,17.901429157332856],[-62.801288856753324,17.901263414595483],[-62.80148638858789,17.9011349919953],[-62.80169997024829,17.901103092604004],[-62.80216564210812,17.901179775819287],[-62.80240667028248,17.90127545713836],[-62.80254308689066,17.901384737778752],[-62.802632701098496,17.901531018595243],[-62.802665350913514,17.901685048290872],[-62.80264559986284,17.901842920653813],[-62.80257610426869,17.901984884712622],[-62.802814448088995,17.902207381543278],[-62.80292728251371,17.902386500848166],[-62.80300969636664,17.90266922651553],[-62.803007545397996,17.902837113774876]]]]}},{"type":"Feature","properties":{"feature_id":"AEP_SECT_9725ZS010","layer_key":"eau_aep","layer_label":"Eau AEP","economic_unit_id":"AEP_SECT_9725ZS010","economic_state":"S0","economic_exposure_eur":80476.0,"economic_damage_eur":1713.0,"economic_damage_ratio_pct":2.129,"economic_asset_count":3,"criticality_territory":"saint-barthelemy","criticality_family":"aep","criticality_scenario":"rp1000","criticality_period_years":"1000","criticality_hazard":"storm"},"geometry":{"type":"Polygon","coordinates":[[[-62.80954096876777,17.90401545749941],[-62.809514196260146,17.904404704259374],[-62.80945768402739,17.904495973209087],[-62.809344236972294,17.90458599496313],[-62.80924007415962,17.904622223787037],[-62.809021779714946,17.90460266436677],[-62.808926447558584,17.904548560577044],[-62.80883241832763,17.90443994872502],[-62.80878896112296,17.90430515472487],[-62.80879192351302,17.903799306775866],[-62.80887725250397,17.903610957178543],[-62.809032882572424,17.9034541887223],[-62.80920783764896,17.90338051535313],[-62.809354653765716,17.90336853699588],[-62.80952661609622,17.90342989960928],[-62.80962942704949,17.903530954280996],[-62.80968401867559,17.903661983916727],[-62.80968799953966,17.903768015473045],[-62.809643374786006,17.903902459345947],[-62.80954096876777,17.90401545749941]]]}},{"type":"Feature","properties":{"feature_id":"AEP_SECT_9725ZS012","layer_key":"eau_aep","layer_label":"Eau AEP","economic_unit_id":"AEP_SECT_9725ZS012","economic_state":"S0","economic_exposure_eur":377304.0,"economic_damage_eur":8031.0,"economic_damage_ratio_pct":2.129,"economic_asset_count":7,"criticality_territory":"saint-barthelemy","criticality_family":"aep","criticality_scenario":"rp1000","criticality_period_years":"1000","criticality_hazard":"storm"},"geometry":{"type":"MultiPolygon","coordinates":[[[[-62.81097646888057,17.89404798621034],[-62.810787868137396,17.894165487298572],[-62.81058812405431,17.894197626173852],[-62.81037814176716,17.894148515115432],[-62.81020527277164,17.894019030854142],[-62.80986616203577,17.8942516494625],[-62.80972028458041,17.894293672341508],[-62.80956794760284,17.894293342159976],[-62.80937739747755,17.894227597989918],[-62.80922763009009,17.894097041779865],[-62.80914144618764,17.893921549641707],[-62.80913196633331,17.89372783874797],[-62.809176517653185,17.893588362609265],[-62.80928734908411,17.893441908336765],[-62.80957411227953,17.893229481935343],[-62.80986750617507,17.892938505212346],[-62.81003177031628,17.892849206705865],[-62.81019536610504,17.892821869447076],[-62.81034631372835,17.892841517064408],[-62.81048480475592,17.892902271499455],[-62.81061377795296,17.89301710122457],[-62.8108565327751,17.892819678720976],[-62.81127482292328,17.892629037806255],[-62.8117858166082,17.892532420982313],[-62.81194840597907,17.892564796641107],[-62.81208113545193,17.892636375463027],[-62.8122138075438,17.89278290450762],[-62.81227781399087,17.89296689032231],[-62.812263410198554,17.89316032280043],[-62.81218116384715,17.89332313609505],[-62.81197429922539,17.893482815632662],[-62.811563306961204,17.89358557081173],[-62.811427488972946,17.893651899140803],[-62.81097646888057,17.89404798621034]]],[[[-62.82579418355553,17.905384377957763],[-62.82484508840627,17.90580752919898],[-62.82467900748328,17.905807538694646],[-62.82453382250778,17.90576334363398],[-62.82438208245253,17.90565561604821],[-62.82429574775069,17.905535444152427],[-62.82424752802282,17.905383292403474],[-62.824256786593075,17.905202653352646],[-62.824320333988744,17.905055752179283],[-62.824501084699705,17.904887258280088],[-62.82536998075488,17.904479233352603],[-62.82562062719985,17.904451795859778],[-62.82585518755896,17.904540715752393],[-62.82599355209677,17.904682344746107],[-62.82606477236462,17.904863885751265],[-62.826058005540304,17.90505770086819],[-62.825982232552946,17.905223370857584],[-62.82579418355553,17.905384377957763]]]]}},{"type":"Feature","properties":{"feature_id":"AEP_SECT_9725ZS014","layer_key":"eau_aep","layer_label":"Eau AEP","economic_unit_id":"AEP_SECT_9725ZS014","economic_state":"S0","economic_exposure_eur":987964.0,"economic_damage_eur":21011.0,"economic_damage_ratio_pct":2.127,"economic_asset_count":10,"criticality_territory":"saint-barthelemy","criticality_family":"aep","criticality_scenario":"rp1000","criticality_period_years":"1000","criticality_hazard":"storm"},"geometry":{"type":"MultiPolygon","coordinates":[[[[-62.85388199359541,17.9132471436614],[-62.853477923637115,17.913431435803535],[-62.85326834790859,17.91367228722145],[-62.85304989060372,17.913821055182943],[-62.85270422855517,17.913934583434802],[-62.852294609051015,17.91402087164574],[-62.852004989552434,17.914015263941874],[-62.85185339804261,17.91397822641556],[-62.851645754184425,17.913865395980128],[-62.85148398249807,17.913725135678586],[-62.85164371706851,17.913904233188997],[-62.85174880965369,17.91411537726287],[-62.851810888349526,17.91474760525155],[-62.85176945365143,17.914901578912772],[-62.85166344573645,17.91505127911827],[-62.851529381362624,17.91514513819604],[-62.85134823307861,17.91519647731057],[-62.85108562236416,17.9151574618063],[-62.850956542415595,17.915079980734944],[-62.850856515053884,17.91496996522886],[-62.850785390328035,17.914802415486182],[-62.850746334886324,17.914429950468076],[-62.8504863398581,17.91408408018812],[-62.85035749260578,17.913678167122402],[-62.85039326899083,17.912992913150646],[-62.85045468138311,17.91279681015675],[-62.850545155878834,17.912644697541175],[-62.850652085553136,17.912537395331988],[-62.85085532435974,17.912417570187454],[-62.851086498444495,17.912352019511044],[-62.851289676922086,17.91236377382274],[-62.851550469466986,17.912472488014792],[-62.85221568454784,17.913019164969256],[-62.85256243291091,17.912932184623877],[-62.85283952976404,17.912643617372503],[-62.85302676443969,17.91252751519883],[-62.85345045004431,17.91234211211345],[-62.85364857359826,17.912301721505482],[-62.85383478315998,17.912332229226614],[-62.85396850602602,17.91240211899528],[-62.85407527884647,17.912506160780445],[-62.854145906415084,17.912635394622903],[-62.85417430627231,17.912778691031196],[-62.85415803254318,17.91292370943227],[-62.85409848660748,17.913057960927564],[-62.85388199359541,17.9132471436614]]],[[[-62.859076795035,17.916235044611465],[-62.85861308319136,17.91840677234312],[-62.85849365902349,17.918623391878317],[-62.8583000321581,17.918752275035967],[-62.85810338303967,17.918787423993113],[-62.85769078849587,17.918767681719174],[-62.857439834198615,17.91863223548951],[-62.857312104552726,17.918423947625136],[-62.857302022883886,17.9181826137722],[-62.85735465653217,17.91804574064813],[-62.857446527966964,17.91792938758088],[-62.857689136537424,17.917801009901478],[-62.85797674258718,17.916458689484326],[-62.8578346454235,17.916256706011445],[-62.85781179724046,17.916003236343354],[-62.85788487810032,17.91582237260223],[-62.85805575863779,17.915662695495833],[-62.85826017032271,17.91559533557334],[-62.858497511256424,17.91562049117083],[-62.85883710947303,17.9157790817524],[-62.85901077421921,17.915953868165907],[-62.85906554066768,17.91608977482637],[-62.859076795035,17.916235044611465]]]]}},{"type":"Feature","properties":{"feature_id":"AEP_SECT_9725ZS015","layer_key":"eau_aep","layer_label":"Eau AEP","economic_unit_id":"AEP_SECT_9725ZS015","economic_state":"S3","economic_exposure_eur":11090962.0,"economic_damage_eur":2822453.0,"economic_damage_ratio_pct":25.448,"economic_asset_count":229,"criticality_territory":"saint-barthelemy","criticality_family":"aep","criticality_scenario":"rp1000","criticality_period_years":"1000","criticality_hazard":"storm"},"geometry":{"type":"Polygon","coordinates":[[[-62.86678620749999,17.917217991508334],[-62.867069798527716,17.91718642594719],[-62.867248848379454,17.917225023860066],[-62.86738775005687,17.917339864216178],[-62.86745640544284,17.917539212730553],[-62.86743112600045,17.917678190413188],[-62.867352214368054,17.917797328106342],[-62.867231683964725,17.917878487947867],[-62.86711841665404,17.917907480958494],[-62.867164443188315,17.918117586062046],[-62.86708510480173,17.918521525150386],[-62.86713424125506,17.91875325184832],[-62.86704850677284,17.918983219301406],[-62.8671704405151,17.919054998071637],[-62.86727911324138,17.91918014320166],[-62.86732689234454,17.919313591362208],[-62.86731768811174,17.91945438481249],[-62.86720244955176,17.919632961401327],[-62.867075047899164,17.919703855615367],[-62.8669660639193,17.919723156819213],[-62.86678655114994,17.91968657115139],[-62.86650872790601,17.919514047046935],[-62.86629551043425,17.9194495708665],[-62.8660234541974,17.919430202035983],[-62.865779146108075,17.919320879452403],[-62.8656718548651,17.919211633600117],[-62.86556192844644,17.919007083948898],[-62.86540013638717,17.918806273635052],[-62.865311504344106,17.918543782818446],[-62.86483683775554,17.91796497719247],[-62.863761302928694,17.917127346785968],[-62.86363380037722,17.91724506935451],[-62.86331911775599,17.917426959983715],[-62.86273605270589,17.917642466542663],[-62.862139242606496,17.917691965427505],[-62.86177615023549,17.917527608924583],[-62.861522273254046,17.917336301286646],[-62.8613010689967,17.917030026874734],[-62.86125777018908,17.91688036374395],[-62.86124457439544,17.916455582640847],[-62.86091363432169,17.91593195214875],[-62.86059119101236,17.915258638124357],[-62.85953814428258,17.914732502803865],[-62.85893120501907,17.91471053289403],[-62.85872260254922,17.91464333022815],[-62.85865867199051,17.914663841590272],[-62.85860685979106,17.91476006507],[-62.85859456117753,17.915196073985594],[-62.8585287250565,17.91549745452527],[-62.858431960467556,17.915603846780837],[-62.858300031597864,17.915666690613758],[-62.85815302371416,17.915676418677],[-62.85801331731796,17.91563154983074],[-62.857902181683905,17.91553891516383],[-62.857836536259825,17.915412617329526],[-62.857823012750615,17.914962869959886],[-62.85790786145925,17.91445367597201],[-62.85807586960513,17.91420213912917],[-62.85797289591385,17.914101278906337],[-62.85777132518159,17.913780325443383],[-62.857567996067075,17.91356132418285],[-62.85673849870655,17.913365308086465],[-62.85600839400671,17.91312430955465],[-62.85570429216777,17.91293595500924],[-62.855363334902094,17.912509819242004],[-62.85464425476429,17.912213828024196],[-62.854527182030466,17.912206848893707],[-62.85394781249172,17.91238104091605],[-62.853974791257755,17.912603499613446],[-62.855375033658156,17.913834304359867],[-62.8554926066808,17.914020935943253],[-62.85554048772239,17.91422377145752],[-62.855592380439134,17.91495567226724],[-62.8555182268701,17.915361128966005],[-62.85551963950405,17.915813508373322],[-62.85547073786577,17.91615701004934],[-62.85561750176483,17.916472087682845],[-62.855616401943436,17.91684338095269],[-62.85557317867187,17.916978244954247],[-62.855479333809946,17.91708700827368],[-62.85534915426056,17.917153112723227],[-62.855202458809615,17.91716649438806],[-62.85506158055944,17.917125116009082],[-62.85497276975054,17.917061642126235],[-62.854891290359525,17.91694409941749],[-62.85485803870233,17.916590592010024],[-62.85471539683809,17.916543022097084],[-62.85460266034867,17.916453442879067],[-62.85461042671914,17.916789263715607],[-62.854860790378766,17.917640630073475],[-62.85514343740814,17.917958417733598],[-62.85527880131157,17.918090236362314],[-62.85566564925896,17.917954954762106],[-62.85681155177486,17.91742051695286],[-62.85731297020424,17.917088690042174],[-62.85750152500841,17.917013157470674],[-62.85818419820412,17.916820091124436],[-62.85863508551853,17.91685104291204],[-62.85894359716673,17.917021521409048],[-62.85950872059798,17.9174740402241],[-62.86002252212609,17.9180248841514],[-62.860566850534155,17.91882963446626],[-62.86067168685729,17.91919542830627],[-62.86083567352482,17.919410236252535],[-62.861010807337756,17.919550197455994],[-62.86140989173067,17.919669735726682],[-62.86168557554232,17.91980668312001],[-62.86190388705613,17.919758078275073],[-62.86207994605334,17.919807716149485],[-62.862228509469816,17.919962096549515],[-62.86226244008672,17.920169471625066],[-62.862171749689566,17.920430512074606],[-62.86204461174326,17.92059913636956],[-62.8619491396335,17.920876315780152],[-62.861869335985,17.920994908496088],[-62.86178143328642,17.921059532896322],[-62.86164115277017,17.92110274160191],[-62.86153037640841,17.921099313757],[-62.86139330384886,17.92104752267622],[-62.86126778427483,17.920919336492506],[-62.861222648038236,17.920785047725694],[-62.86130065900726,17.920430049537323],[-62.86111543438558,17.920335965322835],[-62.8606101457126,17.920166793573458],[-62.86028812521989,17.919910466122044],[-62.85995111224478,17.91947666002743],[-62.859874611535,17.919133875603954],[-62.85942732851437,17.918473438162206],[-62.85900521961839,17.918013245046993],[-62.85848069713195,17.917593205772683],[-62.85837732390033,17.917541861448374],[-62.85823410049322,17.917555569522342],[-62.857681036983884,17.917722897472736],[-62.857156692974975,17.91806378160185],[-62.85595637464015,17.918622431915164],[-62.855171700855294,17.91887646736366],[-62.8546757118977,17.919198517258152],[-62.85445787186916,17.919222423888417],[-62.85429072635851,17.919149848681403],[-62.85416601337176,17.918977204263122],[-62.85416251311755,17.918767327565767],[-62.85425434378094,17.91861520380455],[-62.85455194759466,17.918409745056643],[-62.85417097043332,17.917949002478498],[-62.85386587692592,17.916932639205026],[-62.853846690006705,17.916434152611174],[-62.853878514452504,17.916052329762444],[-62.85381081262335,17.91587885239953],[-62.85198768409954,17.91661494230179],[-62.85184032560736,17.91661442222176],[-62.851704392032985,17.916559957336656],[-62.8516225464796,17.9164884154157],[-62.85155356162105,17.9163637592608],[-62.85155437038993,17.91615385729648],[-62.851602125982694,17.916058111873042],[-62.85170670819884,17.91595872965449],[-62.853662036086085,17.91515392594531],[-62.85362220844976,17.914976123210703],[-62.85362104158868,17.914703493603117],[-62.85350642082592,17.91446464089819],[-62.85340311836843,17.91401119994222],[-62.853443513082865,17.913780635348747],[-62.85358199836276,17.913617898822537],[-62.85371793437265,17.913563444669965],[-62.85386529035239,17.91356293606199],[-62.854001632957875,17.913616450416168],[-62.85410620538083,17.913715840711212],[-62.85416308721719,17.9138459758579],[-62.8541900080827,17.91412885840392],[-62.854370721704505,17.914589032071657],[-62.85437621409617,17.91489887741119],[-62.85446802490614,17.91535952870986],[-62.85462912706115,17.915391965371853],[-62.854761516501185,17.915458982580983],[-62.85483346060545,17.91492674834218],[-62.85479145868825,17.914319686349227],[-62.85337969609195,17.913057603211815],[-62.8532409306089,17.912804728652922],[-62.853178821584336,17.91231016276568],[-62.85293731202919,17.91215845585913],[-62.85248533316236,17.911618886681953],[-62.851752391346686,17.91158451349306],[-62.85161994604138,17.91155076717461],[-62.851232954657135,17.91127334317716],[-62.85108668846876,17.911235800705107],[-62.85088360468903,17.911097141259468],[-62.85079986100573,17.910903151456463],[-62.850853554035055,17.910680181097383],[-62.85071559510156,17.91073545279729],[-62.85053228998332,17.910726825301907],[-62.85037487755444,17.910636492983723],[-62.85029301642776,17.910519195406618],[-62.85026427447866,17.910380836024252],[-62.850308874424535,17.910210405191297],[-62.850906841621374,17.90950196098327],[-62.850906097004554,17.908467016950443],[-62.85095126069767,17.908298419048254],[-62.85118557172598,17.908064176851294],[-62.852159965366646,17.907463712311632],[-62.85148136218593,17.907267455926302],[-62.851268819273876,17.907085732788467],[-62.851191716573204,17.906850763070537],[-62.85120516220104,17.90668154589833],[-62.85129355185565,17.906518264673483],[-62.851417928544734,17.906380203186774],[-62.85165341068843,17.906241830520074],[-62.8516092590751,17.906120285976826],[-62.85149175072374,17.90587974373822],[-62.851058271689375,17.905456505928797],[-62.850705897094144,17.90516529262356],[-62.85012359152551,17.904557502164174],[-62.85007495794942,17.904462164061886],[-62.85005868081672,17.90432195834373],[-62.85014004157236,17.904127042329677],[-62.85022121834866,17.904054811263382],[-62.85035663467762,17.903999199208073],[-62.850503972188726,17.90399743326405],[-62.85064080028105,17.904049782090958],[-62.85123203011668,17.904646118858754],[-62.85157850657987,17.904932235588934],[-62.85209711360442,17.90544175281228],[-62.8523055502353,17.905839682426034],[-62.85244614176641,17.906270986323506],[-62.85241718884732,17.906492802419187],[-62.85223313686821,17.906730705858635],[-62.85284286999314,17.90691681332824],[-62.85308549454561,17.906928709411574],[-62.85377772245535,17.90720246873307],[-62.85402628242464,17.907388019466733],[-62.85420100643658,17.90768453090516],[-62.85436272387126,17.908374086520862],[-62.85450607659119,17.908549307270516],[-62.85471454582242,17.908561303969257],[-62.85503686293671,17.908344900284643],[-62.85512805415662,17.908218628378737],[-62.855253450184414,17.90814454231742],[-62.855435841948214,17.90812505611971],[-62.85558783927798,17.908178707627926],[-62.85564846599903,17.908144828637255],[-62.85541941863856,17.90785138963111],[-62.85536436590116,17.907648210680048],[-62.85539897160883,17.907511087193395],[-62.85545976935909,17.907422377628297],[-62.855577384466926,17.907337397096548],[-62.85572001553343,17.90730197553331],[-62.8558659484112,17.90732150538514],[-62.85599296637499,17.907393013378222],[-62.85644120835873,17.90794054203298],[-62.856566667613315,17.908013177164463],[-62.85693448814354,17.90819159907233],[-62.85742114065626,17.908242686079067],[-62.857594038289335,17.90837176402822],[-62.85765380184004,17.908500709490767],[-62.857661995751876,17.90860651927503],[-62.857622747720335,17.908742492208784],[-62.85754842171624,17.908838879232995],[-62.85765061056573,17.908996565637956],[-62.85765947568601,17.909172058511448],[-62.85758088187612,17.909330830158847],[-62.857336611733864,17.909535122219015],[-62.857127788983114,17.909601774792872],[-62.856846085916445,17.909606587248128],[-62.856205377345375,17.909532177527662],[-62.85570140360755,17.90939000113087],[-62.85517351579369,17.90955505818094],[-62.85454831621954,17.90958397891427],[-62.85473274357533,17.909923063480786],[-62.85499798191017,17.910880134068012],[-62.855038092061086,17.910906100948807],[-62.855486327880556,17.910944619753877],[-62.85575304023629,17.91101628481743],[-62.85598411524753,17.911172272014824],[-62.856142965509235,17.911395754739768],[-62.85628207641295,17.911709526314795],[-62.85633321032005,17.911923535827125],[-62.85631886488574,17.912170828993087],[-62.85618716980966,17.912366562244095],[-62.85623508685209,17.9124205973637],[-62.856481551555035,17.912525649795544],[-62.85721983043456,17.912728361013247],[-62.85740183007252,17.912621583936453],[-62.857595343344215,17.91256093073249],[-62.85799618901613,17.91252197926402],[-62.85791741360126,17.912407796352586],[-62.85789056639972,17.912304856251296],[-62.85793350557675,17.912099017141408],[-62.85808866250776,17.91195070605987],[-62.858330027631496,17.91188676636827],[-62.85819540892312,17.911335257854383],[-62.858208380789144,17.911162297687845],[-62.85825719084842,17.9110322697898],[-62.85839221867585,17.910867850826698],[-62.85860005360584,17.91077111955681],[-62.85880613685531,17.91075128326383],[-62.858986178771644,17.910799750606916],[-62.85916696162649,17.910926336733635],[-62.859612718159504,17.911343085016046],[-62.859769222718114,17.911598461499654],[-62.859967048030086,17.911728842038208],[-62.860030612245644,17.91185611126381],[-62.86003138678344,17.912031807600396],[-62.8599455561069,17.912187107530194],[-62.85982757010683,17.912271619559515],[-62.85928486975298,17.91241634653861],[-62.8590691654126,17.912782059153628],[-62.858788445940014,17.91302408498146],[-62.858602944685806,17.91312318812934],[-62.85825958758867,17.91321003132923],[-62.858581447078585,17.913664915536565],[-62.858776800576635,17.913806609297936],[-62.859147670060594,17.913345640237814],[-62.85903493504933,17.91314734935126],[-62.85903695015547,17.913006293519057],[-62.85907571088022,17.912906893652746],[-62.8591707417372,17.912799079892125],[-62.859337707116865,17.91272613814572],[-62.85948504973437,17.912728066981824],[-62.859588879909126,17.91276517357019],[-62.859795950485825,17.91294674474557],[-62.859980584090096,17.912936845186973],[-62.86014076950031,17.91299570523895],[-62.8606566931116,17.9133990525582],[-62.86095683948348,17.9131819064485],[-62.86114963353434,17.913120829076917],[-62.86168954298945,17.91318765815275],[-62.86187869037884,17.913293822591907],[-62.86194115297109,17.913381466916388],[-62.861978339688804,17.913517970056894],[-62.86195812980782,17.913657706023532],[-62.86190683366242,17.913751757777376],[-62.86176701142858,17.91387029927545],[-62.861616012259915,17.91392016057916],[-62.86122435867923,17.914296063120695],[-62.86109471890916,17.91436312922357],[-62.86087546026133,17.914364086230027],[-62.8607750561666,17.914319160237508],[-62.86067038544273,17.91421986590246],[-62.86040211847715,17.91417804309508],[-62.8598867014391,17.91371462303585],[-62.85979331261937,17.913727189696157],[-62.8595746885268,17.91400361022439],[-62.859864806082115,17.914078910624802],[-62.86088565472728,17.91458223055277],[-62.86118372344442,17.914801284040426],[-62.861589343172774,17.915608165365157],[-62.861956117031674,17.91619644828689],[-62.86199503126367,17.916340343917547],[-62.86200738466496,17.916759007450842],[-62.86206553555094,17.916829895250494],[-62.86227861065829,17.916970544321007],[-62.86273663636814,17.916888159161328],[-62.863169998707356,17.916670473320092],[-62.863270901968754,17.916500017413547],[-62.86344943456357,17.91634261377748],[-62.86373272820698,17.916238262612588],[-62.863943788690314,17.916255553117637],[-62.864121755553356,17.916373192571687],[-62.864220676621066,17.91655330921824],[-62.86539313982512,17.91747464342952],[-62.865972108608716,17.918183411278697],[-62.8660684705534,17.918465632094957],[-62.86616766940504,17.91856852230427],[-62.86632739310805,17.91851750528448],[-62.86638219575566,17.918093170749586],[-62.86636214986599,17.917705874886796],[-62.86645012472154,17.91744294430614],[-62.866567159626044,17.91729935480144],[-62.86678620749999,17.917217991508334]],[[-62.8511255309029,17.910499828702722],[-62.85118619824361,17.91033400794195],[-62.85132135200165,17.91021514552292],[-62.85149907474405,17.910171311655034],[-62.85167739598553,17.910212857807416],[-62.85242836903099,17.91088922597777],[-62.85270226025378,17.9109166680713],[-62.85292458547261,17.911025285597276],[-62.85309708451841,17.91117824165548],[-62.853450317595446,17.911621469536083],[-62.853613299491954,17.91171531943572],[-62.854234863169765,17.911525052131733],[-62.854581557801424,17.911485118773285],[-62.85444176014903,17.911372567065477],[-62.854318126876684,17.91119859918903],[-62.854168090400435,17.910742228671673],[-62.854063288609694,17.910631799526808],[-62.85400646318959,17.910489887023054],[-62.85400087435167,17.910348919527646],[-62.85403853354358,17.910240225963644],[-62.85401982610641,17.910163778883028],[-62.853651896636485,17.909491724618263],[-62.85352918180457,17.90920002079342],[-62.85348453262255,17.908892948506054],[-62.85352995865476,17.90874019359082],[-62.85360906129397,17.908614656926012],[-62.85345611807644,17.907863289206823],[-62.85301228914632,17.90767777821026],[-62.85282834954498,17.907884210954908],[-62.85267337324045,17.908004922972463],[-62.85166005219201,17.90863255393707],[-62.8516465843479,17.90973514578371],[-62.85157694985432,17.909860087229458],[-62.85097510998027,17.910562101831054],[-62.8511255309029,17.910499828702722]],[[-62.85656784049578,17.90883172240877],[-62.856227277299155,17.908659600673236],[-62.856088058324055,17.908751965955616],[-62.85633955984049,17.908820098118788],[-62.85656784049578,17.90883172240877]],[[-62.85549751811171,17.911776963321383],[-62.855432362228726,17.911677286056044],[-62.85518515023918,17.91164652939015],[-62.85549751811171,17.911776963321383]]]}},{"type":"Feature","properties":{"feature_id":"AEP_SECT_9725ZS017","layer_key":"eau_aep","layer_label":"Eau AEP","economic_unit_id":"AEP_SECT_9725ZS017","economic_state":"S0","economic_exposure_eur":5000.0,"economic_damage_eur":106.0,"economic_damage_ratio_pct":2.128,"economic_asset_count":1,"criticality_territory":"saint-barthelemy","criticality_family":"aep","criticality_scenario":"rp1000","criticality_period_years":"1000","criticality_hazard":"storm"},"geometry":{"type":"Polygon","coordinates":[[[-62.84728164320226,17.894773070319577],[-62.847160487549836,17.894617664885484],[-62.847110669742065,17.894429698390347],[-62.8471397738769,17.894237787081273],[-62.84726913811723,17.894045649573],[-62.847439682396654,17.893941033917642],[-62.847652948554824,17.893907301970373],[-62.84784957402469,17.893953843009495],[-62.84802343094614,17.894077950689468],[-62.84812809403268,17.89424397716456],[-62.84815842992496,17.89443571354248],[-62.84810982002881,17.894623969729434],[-62.84799980640848,17.894770989043028],[-62.84782926165641,17.89487560517646],[-62.84762988382109,17.894909771349255],[-62.84743202659615,17.89486828603395],[-62.84728164320226,17.894773070319577]]]}}],"metadata":{"source":"complete-analysis economic criticality reconstructed by generate_run_graphs","territory":"saint-barthelemy","family":"aep","scenario":"rp1000","scenario_label":"RP1000","period_years":"1000","hazard":"storm","note":"Criticite economique reconstruite avec le moteur PML/interdependances utilise par state_damage_tables. Couleur: etat economique dominant par valeur exposee dans chaque zone hydraulique. Geometrie: geometries d'unites de service hydraulique. Epaisseur: valeur exposee pour les troncons lineaires. Controle carte: S0 74.8%, S1 0.0%, S2 0.0%, S3 25.2%; controle matrice: S0 74.8%, S1 0.0%, S2 0.0%, S3 25.2%. Unites cartographiees: 24/24 geometries, 24 unites economiques.","feature_count":24,"map_reference_pct":{"S0":74.838,"S1":0.0,"S2":0.0,"S3":25.162},"matrix_reference_pct":{"S0":74.838,"S1":0.0,"S2":0.0,"S3":25.162}}}