{"type":"FeatureCollection","features":[{"id":"2","type":"Feature","properties":{"feature_id":"AEP_COMP_70012429","layer_key":"eau_aep","layer_label":"Eau AEP","state_geometry_mode":"hydraulic_zoning_v2","service_unit_kind":"hydraulic_zone_component","service_feature_id":"AEP_COMP_70012429","zone_component_key":"AEP_COMP_70012429","zone_uid":"AEP_COMP_70012429","network_kind":"AEP","feature_role":"canalisation","state_annual_storm":"S0","state_rp50_storm":"S0","state_rp100_storm":"S0","state_p99_storm":"S0","state_top10_storm":"S0","state_top5_storm":"S0","state_annual_storm_cmcc":"S0","state_rp50_storm_cmcc":"S0","state_rp100_storm_cmcc":"S0","state_p99_storm_cmcc":"S0","state_top10_storm_cmcc":"S0","state_top5_storm_cmcc":"S0"},"geometry":{"type":"Polygon","coordinates":[[[-62.85136006507544,17.910940030476795],[-62.851365473890525,17.910975131213767],[-62.85136726288429,17.911010570472087],[-62.8513654148256,17.911046006952397],[-62.85135994751011,17.911081099381914],[-62.851350913589016,17.911115509801032],[-62.851338400062005,17.91114890681813],[-62.851322527439535,17.911180968801],[-62.85130344858226,17.911211386974436],[-62.85128134722904,17.911239868393885],[-62.85125643622734,17.91126613876675],[-62.85122895548356,17.911289945093944],[-62.85119916965251,17.911311058106527],[-62.85116736558867,17.91132927447368],[-62.8511338495836,17.911344418760933],[-62.85109894441614,17.911356345119763],[-62.8510629862438,17.911364938692167],[-62.85102632136537,17.91137011671689],[-62.850989302885736,17.91137182932644],[-62.85095228731525,17.91137006002738],[-62.850915631136246,17.911364825859135],[-62.85087968736981,17.911356177229926],[-62.85084480217598,17.911344197431255],[-62.850811311519884,17.911329001835814],[-62.85077953793622,17.911310736786277],[-62.85074978742294,17.911289578185965],[-62.850722346494386,17.911265729804736],[-62.85069747942188,17.911239421316548],[-62.8506754256887,17.91121090608755],[-62.85065639768369,17.911180458735934],[-62.85064057865593,17.911148372487236],[-62.850635366487595,17.911134391541626],[-62.8506330018352,17.911131647954786],[-62.850612341884485,17.91110222022913],[-62.8505947922232,17.91107099666846],[-62.85058052163615,17.911038277570036],[-62.85056966737093,17.911004377614535],[-62.85056233381797,17.91096962283947],[-62.85055859150665,17.91093434750355],[-62.850558476426954,17.91089889087184],[-62.85056198968355,17.91086359395284],[-62.85056909748513,17.910828796218787],[-62.850579731469544,17.910794832340777],[-62.85058338087,17.91078631665296],[-62.850436285136375,17.91068720149194],[-62.85039264440065,17.910657861918743],[-62.850216404052205,17.91053938757565],[-62.850214052030836,17.9105377936092],[-62.84994511715827,17.910354057362976],[-62.84977167582232,17.910239156929453],[-62.84976064080458,17.91023156179439],[-62.84948238800525,17.910032679439254],[-62.84922070471137,17.90987951734442],[-62.84919176182601,17.90986076254007],[-62.84916475390551,17.909839526555213],[-62.84903135565922,17.909724339177206],[-62.84884340327374,17.90960985674627],[-62.84865330894712,17.90951091988291],[-62.8486084097529,17.90948345583858],[-62.84844336614059,17.909366021298837],[-62.848232028521394,17.90923454280683],[-62.84809844562443,17.9091685303928],[-62.84806370607325,17.90914905123718],[-62.84797032657972,17.90909007583103],[-62.84793710175715,17.909066494605902],[-62.84778426061258,17.908945053993335],[-62.847681118247195,17.908870365578778],[-62.847587126851245,17.90880383622218],[-62.847556698752214,17.90877984943468],[-62.847529047887875,17.908752957047934],[-62.847482537619264,17.908702729253136],[-62.847433242338546,17.90865310008936],[-62.84743228278044,17.90865213045116],[-62.84731558034692,17.908533764790175],[-62.84709909495255,17.90831984808871],[-62.84709861998277,17.90831937790352],[-62.84699434999459,17.90821597116395],[-62.846963333136294,17.9081872536854],[-62.846938209805415,17.90816955230885],[-62.84690947495022,17.90814714470368],[-62.8468831726272,17.908122148588863],[-62.846859556142064,17.90809480469167],[-62.84683885293409,17.90806537634977],[-62.84682126238563,17.90803414697512],[-62.8468069539021,17.90800141732451],[-62.84679606528048,17.90796750260307],[-62.84678870138235,17.90793272942868],[-62.846784933124084,17.90789743268638],[-62.84678479679395,17.907861952303293],[-62.8467882937027,17.90782662997489],[-62.8467953901711,17.907791805874304],[-62.846806017854284,17.907757815376257],[-62.84682007440005,17.907724985827254],[-62.84683742443464,17.90769363339308],[-62.84685790086654,17.907664060013968],[-62.84688130649571,17.907636550496772],[-62.8469074159127,17.907611369772194],[-62.84693597766959,17.907588760343344],[-62.84696671670142,17.90756893995041],[-62.84699933697538,17.90755209947367],[-62.84703352434158,17.907538401095273],[-62.84706894955854,17.90752797673739],[-62.847105271463825,17.90752092679172],[-62.847142140259656,17.907517319152713],[-62.84717920088148,17.90751718856373],[-62.8472160964174,17.907520536282405],[-62.84725247154538,17.907527330068593],[-62.84728797595503,17.907537504494822],[-62.84732226772129,17.907550961576355],[-62.84735501659721,17.907567571714893],[-62.84738590719442,17.907587174946556],[-62.847431473526875,17.907619279975364],[-62.84747016240289,17.907650576860068],[-62.847524087945864,17.907700504598317],[-62.84753325603137,17.90770928969043],[-62.84764179401739,17.907816928772935],[-62.84785975404975,17.908032301966102],[-62.84786315546421,17.90803570712478],[-62.84798106821802,17.90815529998486],[-62.84803442944561,17.908209022466906],[-62.84804335294316,17.908218326567322],[-62.84806798544264,17.908244927837558],[-62.84813181098455,17.90829010498993],[-62.84813511461219,17.908292470195917],[-62.84824670446082,17.908373275528945],[-62.84826007033819,17.908383416357793],[-62.848403537681236,17.908497408750197],[-62.84846280250474,17.908534838401618],[-62.84859522410454,17.908600276858454],[-62.84859548239918,17.90860042028425],[-62.84859575393862,17.908600539192516],[-62.84861151118973,17.908609320746542],[-62.84862728291197,17.908618078461863],[-62.8486275252785,17.90861824543463],[-62.84862778333623,17.908618389250773],[-62.84886488963405,17.90876589888662],[-62.84888438641075,17.90877888084659],[-62.849037529701185,17.908887847704527],[-62.849215559200324,17.908980505161278],[-62.84923790609832,17.908993106244008],[-62.849463513850715,17.90913052447946],[-62.84948942046494,17.909147801783845],[-62.84951372909316,17.909167090384567],[-62.84964459784573,17.90928009335078],[-62.84989129231898,17.909424482318098],[-62.84992023715684,17.90944323841198],[-62.85020706208718,17.909648247394244],[-62.850377164653395,17.90976093579257],[-62.850379337790386,17.90976253190164],[-62.85038164267638,17.90976394853229],[-62.850651631899986,17.90994840480686],[-62.850826700058946,17.910066090974208],[-62.85082670708541,17.910066096208634],[-62.850826714613746,17.91006610075886],[-62.85087052642723,17.910095555299232],[-62.85087085406679,17.910095775818615],[-62.85105407667052,17.910219233534054],[-62.85113997129482,17.910274937334417],[-62.85113998251658,17.910274945408343],[-62.851139994510405,17.910274952391223],[-62.851203624832074,17.910316224048827],[-62.85127076161653,17.910359167730157],[-62.85130148197209,17.910381053056565],[-62.8513297294437,17.910405804090868],[-62.851355213616074,17.910433166365955],[-62.851377672483196,17.910462858568252],[-62.85139687514212,17.910494575429883],[-62.85141262416692,17.9105279908671],[-62.85142475763845,17.910562761332795],[-62.85143315080919,17.910598529348473],[-62.85143771738583,17.910634927179526],[-62.851438410416556,17.91067158061592],[-62.85143522277386,17.910708112819485],[-62.8514281872279,17.91074414819824],[-62.851417376109715,17.91077931626791],[-62.85140290056768,17.9108132554609],[-62.85135337796384,17.910914386054287],[-62.85136006507544,17.910940030476795]]]}},{"id":"3","type":"Feature","properties":{"feature_id":"AEP_COMP_70012434","layer_key":"eau_aep","layer_label":"Eau AEP","state_geometry_mode":"hydraulic_zoning_v2","service_unit_kind":"hydraulic_zone_component","service_feature_id":"AEP_COMP_70012434","zone_component_key":"AEP_COMP_70012434","zone_uid":"AEP_COMP_70012434","network_kind":"AEP","feature_role":"canalisation","state_annual_storm":"S0","state_rp50_storm":"S0","state_rp100_storm":"S0","state_p99_storm":"S0","state_top10_storm":"S0","state_top5_storm":"S0","state_annual_storm_cmcc":"S0","state_rp50_storm_cmcc":"S0","state_rp100_storm_cmcc":"S0","state_p99_storm_cmcc":"S0","state_top10_storm_cmcc":"S0","state_top5_storm_cmcc":"S0"},"geometry":{"type":"Polygon","coordinates":[[[-62.851311382375485,17.91083922459817],[-62.85130452913334,17.910849053465043],[-62.851300529225696,17.910854495943635],[-62.85127846536484,17.91088300396223],[-62.85126965344974,17.910893292926172],[-62.85124477703975,17.91091959328282],[-62.85123495412089,17.9109290058263],[-62.851207504734916,17.910952845232814],[-62.85119676541233,17.910961290707398],[-62.851167007403305,17.910982439575864],[-62.85115545510279,17.910989836646472],[-62.85112367505746,17.911008091300396],[-62.851111421034425,17.911014368728733],[-62.851077925013435,17.9110295533646],[-62.85106508728144,17.911034650695157],[-62.85103019787166,17.911046619075552],[-62.851016900065886,17.911050487217892],[-62.85098095327374,17.9110591240799],[-62.850967323460225,17.911061725781416],[-62.850930665475595,17.9110669479467],[-62.85091683491796,17.911068258151378],[-62.850879818780136,17.91107001532724],[-62.8508659206753,17.911070021417007],[-62.85082890287286,17.91106829668076],[-62.85081507106828,17.911066998596983],[-62.85077840810587,17.911061808558948],[-62.85076477581049,17.911059218802976],[-62.850728820775316,17.91105061344648],[-62.850715519276605,17.91104675695929],[-62.85068061843793,17.91103481915931],[-62.850667775837515,17.911029733081282],[-62.85063426531177,17.911014577806238],[-62.850622005291704,17.911008311119467],[-62.850590207805446,17.91099008432404],[-62.85057864843703,17.910982697380575],[-62.850548870218816,17.91096157460002],[-62.85053812282551,17.910953138540652],[-62.85051065065671,17.910929323200225],[-62.85050081874201,17.91091991926935],[-62.85047591719488,17.9108936407252],[-62.85046709544547,17.91088335948831],[-62.85044500433522,17.91085487081856],[-62.85043727770917,17.910843811290125],[-62.850418209784394,17.910813386857573],[-62.85041165269286,17.910801655547363],[-62.850395791586685,17.910769588357148],[-62.850390467177455,17.91075729824454],[-62.85037796563907,17.9107238971223],[-62.850373925188315,17.91071116656814],[-62.85036490361208,17.91067675318581],[-62.85036218603061,17.91066370479259],[-62.85035673129661,17.910628610570505],[-62.85035536275519,17.91061537000158],[-62.85035352739262,17.910579932916654],[-62.85035352106996,17.910566627686034],[-62.85035532275143,17.910531189016886],[-62.85035667870731,17.910517947261205],[-62.85036210007868,17.91048284830144],[-62.85036480525339,17.91046979754594],[-62.85037379410105,17.910435376317295],[-62.850377822441274,17.910422642247678],[-62.85039029219509,17.910389230244732],[-62.850395604904776,17.910376935496732],[-62.85041143547192,17.910344854494436],[-62.85041798138599,17.91033311747285],[-62.850437020307595,17.910302676427694],[-62.8504407364636,17.910297052627143],[-62.85044757742719,17.910287241437146],[-62.85045733931781,17.910273238515718],[-62.85046133875288,17.91026779572756],[-62.85048340012628,17.91023928599837],[-62.850492211136945,17.910228996349804],[-62.85051708521629,17.91020269405603],[-62.85052690729367,17.910193280745855],[-62.8505543545277,17.91016943919159],[-62.85056509307983,17.91016099287461],[-62.85059484913699,17.910139841665654],[-62.850606400745946,17.91013244368399],[-62.85063817906003,17.910114186516736],[-62.850650432477956,17.910107908116522],[-62.85068392700783,17.910092720816234],[-62.85069676422823,17.91008762246147],[-62.85073165240517,17.910075651289088],[-62.8507449497994,17.910071782079353],[-62.85078089563349,17.910063142322947],[-62.85079452514129,17.91006053952055],[-62.85083118245715,17.910055314385048],[-62.85084501281995,17.910054003056214],[-62.850882028590426,17.910052242862143],[-62.85089592661537,17.91005223563559],[-62.850932944361304,17.91005395733447],[-62.85094677620392,17.910055254279797],[-62.85098343942717,17.91006044129088],[-62.85099707188035,17.910063029917907],[-62.85103302749685,17.910071632287863],[-62.85104632927365,17.910075487666912],[-62.85108123101377,17.910087422550898],[-62.85109407401175,17.910092507552847],[-62.85112758575493,17.910107660012304],[-62.85113984628973,17.910113925666188],[-62.85117164530146,17.91013214977574],[-62.85118320529809,17.910139535740324],[-62.85121298533787,17.910160655993078],[-62.85122373346763,17.910169091137973],[-62.85125120773825,17.910192904135688],[-62.851261040491,17.910202307226346],[-62.85128594440049,17.910228583638236],[-62.851294767081434,17.91023886411829],[-62.85131686079121,17.910267350889526],[-62.85132458843289,17.910278409752834],[-62.85134365916757,17.91030883254157],[-62.851350217348134,17.910320563285726],[-62.851366081444695,17.910352629105102],[-62.85137140700465,17.910364918757043],[-62.85138391168129,17.910398318796744],[-62.8513879533318,17.91041104900079],[-62.85139697815931,17.91044546160105],[-62.851399696976124,17.910458509758648],[-62.851405155037874,17.910493603507962],[-62.85140652483628,17.910506843958416],[-62.85140836356528,17.910542280885174],[-62.851408371152274,17.910555586115798],[-62.85140657283761,17.910591024943148],[-62.85140521813901,17.910604266817302],[-62.85139980009647,17.91063936624979],[-62.85139709615767,17.910652417240872],[-62.85138811056316,17.910686839251362],[-62.85138408342352,17.91069957367099],[-62.851371616810574,17.91073298675603],[-62.85136630525276,17.910745281964473],[-62.85135047767942,17.910777364336884],[-62.85134393285584,17.910789101924202],[-62.8513248967484,17.910819544612103],[-62.851321181110265,17.91082516873284],[-62.85131140696822,17.910839189324193],[-62.85131139422038,17.91083920667271],[-62.851311382375485,17.91083922459817]]]}},{"id":"4","type":"Feature","properties":{"feature_id":"AEP_COMP_70012500","layer_key":"eau_aep","layer_label":"Eau AEP","state_geometry_mode":"hydraulic_zoning_v2","service_unit_kind":"hydraulic_zone_component","service_feature_id":"AEP_COMP_70012500","zone_component_key":"AEP_COMP_70012500","zone_uid":"AEP_COMP_70012500","network_kind":"AEP","feature_role":"canalisation","state_annual_storm":"S0","state_rp50_storm":"S0","state_rp100_storm":"S0","state_p99_storm":"S0","state_top10_storm":"S0","state_top5_storm":"S0","state_annual_storm_cmcc":"S0","state_rp50_storm_cmcc":"S0","state_rp100_storm_cmcc":"S0","state_p99_storm_cmcc":"S0","state_top10_storm_cmcc":"S0","state_top5_storm_cmcc":"S0"},"geometry":{"type":"Polygon","coordinates":[[[-62.85287149668577,17.90483534208222],[-62.852870984351355,17.904840908994256],[-62.85287086399569,17.904846496358868],[-62.85287016977531,17.90485601630095],[-62.852865411304336,17.9048932820823],[-62.85285664184913,17.904929874521276],[-62.852843956144106,17.904965399059144],[-62.85282749092754,17.904999472647862],[-62.85280742371094,17.90503172790701],[-62.85278397088776,17.905061816918654],[-62.852757385369806,17.905089415293038],[-62.85265585241506,17.90518440755009],[-62.852651007034126,17.905188860776704],[-62.85253417043766,17.90529434733979],[-62.852534169681846,17.905294347971928],[-62.852534169114854,17.905294348604205],[-62.85235522093623,17.905455911742756],[-62.852348113080225,17.905462166557204],[-62.85220809634986,17.905582256521846],[-62.85228000644459,17.905724303796255],[-62.85229256651919,17.905752005924505],[-62.8523711632056,17.905947310568],[-62.852378407292875,17.90596698572517],[-62.85246158630922,17.90621554983932],[-62.85247119527239,17.90625003968185],[-62.852477204829675,17.906285268602193],[-62.85247955653861,17.90632089326645],[-62.85247822745896,17.90635656620964],[-62.85247323043277,17.906391939812906],[-62.852464614270865,17.90642666928646],[-62.852452462900345,17.90646041610366],[-62.85243689488998,17.906492851254562],[-62.85237657762013,17.906603737509677],[-62.85235889617932,17.906632847520076],[-62.852338462607584,17.906660256345745],[-62.85231545402969,17.906685726221585],[-62.85229007012125,17.90670903630196],[-62.85228053288178,17.906717011955408],[-62.85230469281033,17.906723834895256],[-62.852307708661144,17.906724699656575],[-62.85266064076595,17.906827438898073],[-62.852679190272895,17.906833344997224],[-62.85286312852393,17.90689701716445],[-62.85289810852595,17.906911065251713],[-62.85293144002568,17.906928401993877],[-62.852962786777226,17.90694885251006],[-62.8529918323868,17.906972210389444],[-62.853018283992846,17.906998240044096],[-62.853041874530135,17.907026678789514],[-62.85306236612634,17.90705723973951],[-62.8530795519879,17.907089614609607],[-62.853093258663584,17.907123476701436],[-62.85310334792991,17.907158484338854],[-62.853109718015766,17.907194284393896],[-62.85311230463822,17.907230515631877],[-62.85311108166048,17.907266812508105],[-62.8531060614665,17.90730280887403],[-62.853097294580714,17.907338141411675],[-62.85308486957023,17.90737245379138],[-62.853068911815136,17.90740539974404],[-62.85304958227794,17.907436646946866],[-62.85302707589619,17.907465880005013],[-62.85279793210099,17.9077341743477],[-62.85279417609182,17.907738502852613],[-62.85270209399442,17.90784295672717],[-62.85267122865253,17.907874026949518],[-62.85263673817674,17.907901380329523],[-62.852025634864475,17.90833017361422],[-62.85201332657064,17.908337951005983],[-62.852001183870506,17.908345963077164],[-62.85169640384626,17.908526613276717],[-62.851849175096866,17.909463109989886],[-62.85185303227629,17.90949743901339],[-62.85185345140622,17.90953196372871],[-62.85185042859205,17.909566369224603],[-62.85184399147229,17.909600341879074],[-62.85183419874459,17.90963357179948],[-62.85182113959691,17.909665755804873],[-62.851804933327266,17.909696600589246],[-62.85178572754832,17.90972582470877],[-62.85176369742953,17.909753161654372],[-62.8512893037037,17.910287041687745],[-62.851300075196285,17.910295571603147],[-62.8513266378551,17.910321297322724],[-62.85135038241902,17.91034943530321],[-62.85137107110415,17.910379703898965],[-62.85138849692274,17.91041180024686],[-62.85140248547505,17.910445402888865],[-62.85141289664565,17.910480175479137],[-62.851419626300306,17.910515770039233],[-62.851422606944304,17.910551830212505],[-62.851421808757884,17.910587995061128],[-62.851417239876774,17.910623902500994],[-62.85140894591698,17.91065919318804],[-62.851397009972096,17.910693513862515],[-62.85138155138315,17.91072652087321],[-62.851344395559245,17.910796280913463],[-62.851344394991784,17.910796282088054],[-62.85134439442454,17.910796282991498],[-62.851269097629675,17.91093765396334],[-62.85127222804215,17.910944327999335],[-62.85128402258089,17.910977963951108],[-62.85129231648349,17.911012544753774],[-62.85129702996223,17.91104773727077],[-62.85129811760093,17.911083202606875],[-62.85129556882455,17.911118599181655],[-62.85128940827407,17.91115358616451],[-62.851279695237515,17.91118782663776],[-62.85126652326969,17.9112209907599],[-62.851250019245256,17.911252759290047],[-62.85123034203493,17.911282826027346],[-62.851207681180476,17.911310901696684],[-62.85118225500507,17.911336715664614],[-62.8511543081556,17.911360019462624],[-62.85112410999602,17.911380588684114],[-62.851091951301,17.911398225151135],[-62.851058141704925,17.911412759081834],[-62.85102300686824,17.911424050444108],[-62.85098688507715,17.911431990489604],[-62.850950124315844,17.911436502836178],[-62.850913078583716,17.9114375440074],[-62.85087610468478,17.91143510388203],[-62.850839558639535,17.91142920605286],[-62.850803792380816,17.91141990728181],[-62.85076915044943,17.911407297135845],[-62.85064726599096,17.911356243455895],[-62.850614839779745,17.911340848714275],[-62.85058410187363,17.911322552847533],[-62.85055533471578,17.91130152410274],[-62.85052880241167,17.911277955569396],[-62.85050474874769,17.911252063641324],[-62.85048339454895,17.911224086206825],[-62.85046493607627,17.91119428029735],[-62.85044954285681,17.911162919554954],[-62.85043735617516,17.911130292152205],[-62.85042848813185,17.91109669780865],[-62.8504230200406,17.911062444987593],[-62.85042100214749,17.911027848274564],[-62.85042245306674,17.91099322566535],[-62.8504273594062,17.910958894950166],[-62.85043567614693,17.910925171544672],[-62.850447326740515,17.910892365145774],[-62.85046220443298,17.91086077729216],[-62.85056397818688,17.910669697409595],[-62.85051572366706,17.91063522670784],[-62.85048770764497,17.910613129612926],[-62.85046203697218,17.91058855952072],[-62.85043894900478,17.91056174348585],[-62.85041865681657,17.91053292924293],[-62.850401348067976,17.910502383036334],[-62.850387182553355,17.910470387087443],[-62.850376291164785,17.910437236972577],[-62.850368774572566,17.91040323891037],[-62.850364702189054,17.91036870695893],[-62.850364111604605,17.91033396030378],[-62.850367008401584,17.9102993199134],[-62.85037336559038,17.91026510573677],[-62.850383124650335,17.910231633902214],[-62.850396195249246,17.91019921364403],[-62.85041245675635,17.910168144501665],[-62.850431758905714,17.910138713518275],[-62.850453923403435,17.910111192620782],[-62.851076193091004,17.90941089857886],[-62.85094997152185,17.908637132130888],[-62.850946232302505,17.90863078211155],[-62.85094094420261,17.908620627601838],[-62.85092561879006,17.90858703356934],[-62.85091392542505,17.90855212655423],[-62.8509080269395,17.90852548950692],[-62.85090481762951,17.908518052808244],[-62.85089513268021,17.908493252235232],[-62.850883874966485,17.908459454509895],[-62.85087613121249,17.90842476337952],[-62.85087197591245,17.90838951261039],[-62.85087144909486,17.908354041726955],[-62.85087455575929,17.908318692124745],[-62.85088126606776,17.90828380417816],[-62.8508915154421,17.908249713805827],[-62.850905205039034,17.908216749036274],[-62.850922203263046,17.908185227387918],[-62.85094234633596,17.90815545216362],[-62.85096544047051,17.90812771019276],[-62.850991263194864,17.908102268487955],[-62.85101956590381,17.908079371897017],[-62.85105007631529,17.90805924093555],[-62.85159104253733,17.90773859862858],[-62.85206092850592,17.907408894258243],[-62.85177253667166,17.907327450366306],[-62.85154605179507,17.907263814955538],[-62.851513326419436,17.907253037915442],[-62.85148176882628,17.90723943816105],[-62.851451644221065,17.907223129782977],[-62.8514232055162,17.90720424982088],[-62.851378301941,17.907171423131082],[-62.851349686489385,17.90714826464444],[-62.851323608943275,17.907122505398164],[-62.85130032617651,17.90709439894427],[-62.85128006728581,17.90706422204305],[-62.85126303170512,17.9070322715884],[-62.85124938713049,17.906998862256085],[-62.85123926801264,17.90696432288713],[-62.85122221086824,17.906892587754466],[-62.851215611467815,17.90685644670476],[-62.85121287202464,17.906819851518197],[-62.85121402054585,17.9067831789494],[-62.85121904547905,17.9067468066264],[-62.85122789486607,17.906711109072972],[-62.85124047757352,17.9066764540037],[-62.85126191357603,17.906625853655843],[-62.85127574651824,17.90659692519526],[-62.851292182374806,17.90656927299836],[-62.85131109388761,17.906543111184522],[-62.851332334548424,17.90651864228882],[-62.85143726191017,17.906408052535962],[-62.851461932360266,17.906384353267516],[-62.851488785597375,17.906362938927778],[-62.851517591670195,17.906343992826088],[-62.851548103839825,17.906327677379675],[-62.851611818229884,17.906297221336654],[-62.85168156953524,17.90625467617951],[-62.85166244857044,17.906197536287888],[-62.85159344640325,17.906026071300587],[-62.851531034532776,17.905902785337947],[-62.85149421176834,17.90584978611339],[-62.85142618356242,17.90578296503466],[-62.85140186717686,17.905756632460026],[-62.85138033649703,17.905728163904154],[-62.85136179484992,17.90569782842462],[-62.85134641760156,17.90566591259265],[-62.851334349987745,17.905632718051017],[-62.85132570598349,17.905598558620746],[-62.851320567456156,17.90556375704647],[-62.85131898284602,17.905528642283848],[-62.85132096716921,17.905493546064804],[-62.851326501736885,17.90545880018573],[-62.85133553406383,17.905424732982297],[-62.85134797890943,17.9053916664379],[-62.85136371865816,17.905359913020426],[-62.851382604549414,17.905329772700437],[-62.85139144257769,17.90531710718636],[-62.8514143706212,17.905287614770028],[-62.85144030849536,17.905260503905712],[-62.85146898821535,17.90523605512987],[-62.85157360698276,17.90515561517897],[-62.85184053870116,17.904926673117792],[-62.85187055889155,17.904899569549617],[-62.851636558299404,17.90474638733584],[-62.85160746791164,17.90472529946947],[-62.85158063894486,17.904701622288194],[-62.85155632216046,17.904675576709288],[-62.851534744320375,17.90464740595736],[-62.851114498997326,17.90403917793485],[-62.851095645708924,17.904008754331613],[-62.85107998826213,17.90397671244126],[-62.851067676418324,17.903943359062346],[-62.85105882820618,17.903909013352028],[-62.85105352813017,17.903874004203487],[-62.85105182707917,17.90383866672068],[-62.85105374119599,17.903803339325123],[-62.85105925235271,17.903768360050357],[-62.851068307680954,17.903734063830022],[-62.85108082042458,17.90370077897337],[-62.85109667088646,17.90366882418328],[-62.85111570728081,17.903638505393392],[-62.85113774734082,17.903610112696203],[-62.85116258020894,17.903583917994496],[-62.85134906701214,17.903405573182432],[-62.85135244824705,17.90340238003981],[-62.85141645928745,17.903342684332674],[-62.851419887717526,17.903104456877575],[-62.851422189661086,17.90306927104615],[-62.851428060090356,17.90303446711161],[-62.851437443119984,17.90300037611872],[-62.85145024973273,17.902967322036645],[-62.85146635797039,17.902935619228206],[-62.85147587829991,17.902920762883248],[-62.85148073174402,17.902796780225522],[-62.85148380825959,17.90276233154716],[-62.85149030762669,17.902728321778],[-62.85150017048395,17.902695061803893],[-62.851513306603586,17.902662855888718],[-62.85152959593262,17.90263199851165],[-62.85154888935033,17.902602771836992],[-62.85157101055865,17.90257544318473],[-62.85159575712275,17.90255026250059],[-62.85162290292782,17.902527459917472],[-62.8516521995966,17.902507244039224],[-62.85168337922911,17.9024897997735],[-62.85171615676426,17.902475286616227],[-62.85175023243559,17.90246383729771],[-62.85178529451021,17.90245555651934],[-62.851821022499394,17.9024505199618],[-62.8518570896137,17.902448773744627],[-62.85189316606771,17.902450333796065],[-62.851951644021476,17.902455553837296],[-62.851988330515084,17.90246057715359],[-62.85202432611574,17.902469019009093],[-62.852059284124884,17.90248079797315],[-62.85209286778316,17.90249580071629],[-62.852124753857375,17.902513882735942],[-62.85212893709234,17.902516820781095],[-62.85213336961023,17.90251834301185],[-62.852166858712245,17.902533538375636],[-62.85219863088517,17.90255180324013],[-62.85222838010398,17.90257296157103],[-62.85225581990891,17.90259680978099],[-62.85228068604776,17.902623118087345],[-62.85230273892839,17.902651633135136],[-62.85232176635465,17.902682080349226],[-62.85233758494054,17.902714166466172],[-62.852350042373565,17.90274758251863],[-62.85235901873413,17.90278200672875],[-62.85236442753183,17.902817107401294],[-62.85236621664644,17.90285254672059],[-62.85236436889234,17.90288798328178],[-62.852358902015744,17.902923075706283],[-62.85234986869172,17.90295748625734],[-62.85233735595575,17.902990883370336],[-62.852321484256585,17.90302294544846],[-62.852302406415454,17.903053363754264],[-62.85228030630192,17.90308184530112],[-62.85225539656569,17.903108115834307],[-62.85222791721832,17.903131922360807],[-62.85222078873195,17.90313697546115],[-62.85221522844865,17.90316613850936],[-62.852205416656986,17.90319931142444],[-62.85219234913437,17.903231438710076],[-62.852176144606375,17.903262228234418],[-62.852172901205776,17.903267157650642],[-62.85216952877733,17.903501558989984],[-62.85216726947922,17.903536379246386],[-62.852161515312034,17.90357082888295],[-62.85215231978717,17.90360458715635],[-62.85213976851044,17.903637339764977],[-62.85212397833013,17.90366878174065],[-62.85210509639054,17.903698620340336],[-62.85208329843048,17.90372657766611],[-62.85205878736487,17.90375239346615],[-62.85202989366038,17.90378002090369],[-62.85202653642962,17.903783191117924],[-62.85191504558144,17.90388716614314],[-62.85212389634272,17.904189437268396],[-62.85227583439303,17.904288899373885],[-62.852503346333684,17.9043949366272],[-62.85250672181664,17.904396529815887],[-62.85264974247879,17.904464883957782],[-62.85264975116072,17.90446488866448],[-62.852649759843544,17.90446489228654],[-62.85265443984189,17.90446712929274],[-62.852666443335906,17.904473563360046],[-62.85266997146094,17.90447529947296],[-62.852671872308605,17.904476473412284],[-62.85268562248572,17.904483843854273],[-62.85271501519355,17.904503305455325],[-62.85274235479732,17.904525339902563],[-62.85276739636904,17.904549749787073],[-62.8527899157681,17.90457631665551],[-62.85280971124509,17.904604802457495],[-62.852826605516675,17.904634952168358],[-62.85284044736899,17.90466649577881],[-62.852851112694125,17.904699150826563],[-62.85285950034766,17.90472986525964],[-62.85286069797535,17.904735334671184],[-62.852862277003425,17.90474071515898],[-62.85286449778352,17.904752688872115],[-62.85286710391513,17.904764591109167],[-62.85286773575982,17.904770146954952],[-62.852868756339774,17.904775649314264],[-62.85286974058668,17.904787773671764],[-62.8528711155362,17.904799863254368],[-62.85287117559974,17.904805451568844],[-62.85287162786137,17.90481102327737],[-62.852871366040574,17.90482318167281],[-62.85287149668577,17.90483534208222]]]}},{"id":"5","type":"Feature","properties":{"feature_id":"AEP_COMP_70012611","layer_key":"eau_aep","layer_label":"Eau AEP","state_geometry_mode":"hydraulic_zoning_v2","service_unit_kind":"hydraulic_zone_component","service_feature_id":"AEP_COMP_70012611","zone_component_key":"AEP_COMP_70012611","zone_uid":"AEP_COMP_70012611","network_kind":"AEP","feature_role":"canalisation","state_annual_storm":"S0","state_rp50_storm":"S0","state_rp100_storm":"S0","state_p99_storm":"S0","state_top10_storm":"S0","state_top5_storm":"S0","state_annual_storm_cmcc":"S0","state_rp50_storm_cmcc":"S0","state_rp100_storm_cmcc":"S0","state_p99_storm_cmcc":"S0","state_top10_storm_cmcc":"S0","state_top5_storm_cmcc":"S0"},"geometry":{"type":"Polygon","coordinates":[[[-62.84163755016873,17.904259005488306],[-62.84163632393396,17.904294158181965],[-62.84163519489255,17.904307303424602],[-62.841630406699856,17.90434217570571],[-62.84162794884734,17.904355153715496],[-62.84161964400888,17.90438941555627],[-62.8416158806051,17.904402103510566],[-62.841604137714334,17.90443543066012],[-62.841599104374794,17.90444770848125],[-62.84158403456287,17.904479785534274],[-62.841577778921774,17.90449153702594],[-62.841559524805824,17.904522060407725],[-62.841552106065215,17.90453317435471],[-62.84153084039872,17.904561855194157],[-62.8415223287683,17.904572226414803],[-62.84149825280624,17.90459879327833],[-62.84148872883889,17.904608323620078],[-62.84146207043313,17.90463252508047],[-62.84145162426259,17.9046411243487],[-62.84142263570551,17.904662731364656],[-62.84141136619335,17.904670318176333],[-62.84138032183019,17.90468912626013],[-62.84136833563019,17.904695628814032],[-62.84133552926264,17.90471145996683],[-62.84132293981145,17.904716816723084],[-62.84128868191706,17.90472952111951],[-62.841282198012664,17.90473175354326],[-62.84127681505127,17.904733466507217],[-62.841269547751274,17.904735573726043],[-62.841230502075035,17.904745809691267],[-62.84121566609271,17.904748891300954],[-62.84121135180573,17.904749557960347],[-62.841199933964916,17.904752291500472],[-62.841163582933106,17.904759199718708],[-62.84114983494233,17.90476114681571],[-62.84111295167769,17.904764610606154],[-62.84109907054088,17.904765258222742],[-62.84106201025234,17.904765244226944],[-62.84104812965352,17.904764586126156],[-62.841011249254876,17.90476109447892],[-62.84099750287298,17.904759136998692],[-62.84096115754555,17.904752201326808],[-62.84094767776675,17.904748963318905],[-62.84091221753863,17.904738650417226],[-62.840899134181576,17.904734163065687],[-62.8408649005566,17.90472057225389],[-62.840852339622025,17.904714878774705],[-62.84081966229081,17.904698140940745],[-62.84080774474808,17.904691296165645],[-62.84077693841281,17.90467157250519],[-62.84076577903487,17.904663642353555],[-62.84073714037851,17.904641122817534],[-62.84072684663661,17.904632183661583],[-62.840700651465625,17.904607085126813],[-62.840691322494216,17.904597223056008],[-62.8406678230824,17.904569787236493],[-62.84065954872447,17.9045590972285],[-62.8406389713834,17.90452958834755],[-62.840631831325176,17.904518173353477],[-62.840614374224735,17.904486875599016],[-62.840608437228354,17.904474845551963],[-62.84059426848828,17.904442060339633],[-62.840589591729575,17.904429531095932],[-62.840578847800465,17.904395574166223],[-62.8405754763183,17.904382666389655],[-62.84056826066758,17.904347864767097],[-62.840566226930164,17.904334702766857],[-62.84056260904575,17.904299391610632],[-62.84056193263802,17.90428610214411],[-62.84056194735918,17.9042506215202],[-62.84056263479423,17.90423733257227],[-62.840566281976216,17.904202024178446],[-62.840568326632535,17.904188863728873],[-62.8405755711481,17.904154067603987],[-62.840577096786504,17.90414757525484],[-62.8405788967294,17.904140707316664],[-62.840580681990886,17.90413451981959],[-62.84059101380884,17.90410175406222],[-62.84059549137539,17.904089656246956],[-62.840605851709235,17.90406538037847],[-62.840607363640174,17.904057474214646],[-62.84061581850431,17.904022929262034],[-62.840619649195666,17.904010139450882],[-62.840631600075426,17.903976554241872],[-62.84063672174719,17.903964185487336],[-62.84065205354673,17.903931883464967],[-62.840658416873616,17.903920054884544],[-62.84067698193739,17.903889347133905],[-62.84068452563641,17.903878172642873],[-62.840706145171254,17.903849354895158],[-62.840714796592025,17.90383894210948],[-62.84073926238907,17.903812291894017],[-62.84074893821346,17.903802741094005],[-62.840776014653336,17.903778515065557],[-62.84078662169782,17.903769918230104],[-62.84081604801985,17.903748349697178],[-62.84082748413299,17.903740789618013],[-62.84085897694641,17.90372208629602],[-62.84087113199258,17.90371563578033],[-62.84090438800571,17.90369997779126],[-62.84091714492579,17.903694698960607],[-62.84095184386688,17.90368223709835],[-62.84096507980551,17.903678180790386],[-62.841000887507036,17.90366903506859],[-62.841014474995816,17.90366624034747],[-62.841051046612634,17.903660498843767],[-62.84106485479762,17.903658992623992],[-62.8411018381279,17.903656710631772],[-62.841115734029835,17.903656507418937],[-62.84115277290683,17.903657706914874],[-62.84116662270167,17.903658808666034],[-62.84120336042371,17.903663478098448],[-62.84121703073147,17.90366587420322],[-62.841253113497075,17.90367396860331],[-62.841266472666256,17.90367763598611],[-62.841301552981314,17.903689077401015],[-62.84131447235677,17.90369398074321],[-62.841348212381,17.90370865898673],[-62.841360567542864,17.903714751066822],[-62.84139264234334,17.903732524780512],[-62.841404314305315,17.903739746928874],[-62.84143441498561,17.903760444943366],[-62.841445291340754,17.903768727607243],[-62.84147312801582,17.903792150590693],[-62.84148310401913,17.90380141400401],[-62.841508408606906,17.903827336381656],[-62.841517388184045,17.903837491333206],[-62.84153991698729,17.90386566345978],[-62.84154781365982,17.90387661215234],[-62.84156734971307,17.903906762716197],[-62.841574087431326,17.90391839970837],[-62.84159044259033,17.903950238344343],[-62.8415959564658,17.90396245156597],[-62.84160897321963,17.903995671651682],[-62.84161321014991,17.904008343483124],[-62.84162276313785,17.90404262509189],[-62.84162568231807,17.904055633496792],[-62.84163167953703,17.90409064647865],[-62.841633252852866,17.904103866179174],[-62.84163563654353,17.9041392733404],[-62.84163591325586,17.904145922687295],[-62.84163761255171,17.904252409001618],[-62.84163755016873,17.904259005488306]]]}},{"id":"6","type":"Feature","properties":{"feature_id":"AEP_COMP_70012657","layer_key":"eau_aep","layer_label":"Eau AEP","state_geometry_mode":"hydraulic_zoning_v2","service_unit_kind":"hydraulic_zone_component","service_feature_id":"AEP_COMP_70012657","zone_component_key":"AEP_COMP_70012657","zone_uid":"AEP_COMP_70012657","network_kind":"AEP","feature_role":"canalisation","state_annual_storm":"S0","state_rp50_storm":"S0","state_rp100_storm":"S0","state_p99_storm":"S0","state_top10_storm":"S0","state_top5_storm":"S0","state_annual_storm_cmcc":"S0","state_rp50_storm_cmcc":"S0","state_rp100_storm_cmcc":"S0","state_p99_storm_cmcc":"S0","state_top10_storm_cmcc":"S0","state_top5_storm_cmcc":"S0"},"geometry":{"type":"Polygon","coordinates":[[[-62.84098020335183,17.904353754015133],[-62.840973616675775,17.904360744588487],[-62.84096883563898,17.904365574980623],[-62.84094269194781,17.904390722632815],[-62.84093241654423,17.904399681091817],[-62.84090382409466,17.904422254336062],[-62.84089268099174,17.904430205417274],[-62.84086191514529,17.904449986859508],[-62.84085001165757,17.90445685398915],[-62.8408173687073,17.904473653122],[-62.84080481947237,17.904479370165426],[-62.840770613789395,17.904493025202896],[-62.84075753966396,17.904497537101427],[-62.840722100669836,17.90450791653708],[-62.84070862756574,17.904511179838355],[-62.84067229655981,17.904518183711772],[-62.84065855423139,17.90452016698817],[-62.84062168110386,17.904523727847717],[-62.84060780189834,17.904524411999052],[-62.84057074176049,17.904524495551446],[-62.84055685934329,17.90452387398893],[-62.84051996910748,17.904520479429525],[-62.84050621717499,17.904518558139195],[-62.84046985211727,17.904511718159753],[-62.84045636310919,17.904508515644842],[-62.8404208734477,17.904498296118657],[-62.8404077772715,17.904493843221395],[-62.84037350479354,17.90448034256887],[-62.840360927573435,17.90447468217342],[-62.84032820234379,17.90445803041422],[-62.84031626520601,17.904451217033703],[-62.840285402388176,17.904431574534545],[-62.840274220294376,17.904423673785992],[-62.84024551711528,17.904401229716182],[-62.84023519775546,17.904392317688625],[-62.84020893064299,17.904367288198195],[-62.840199573398344,17.904357450719868],[-62.840175995319136,17.904330076857885],[-62.840167690304924,17.904319408669597],[-62.84014702832816,17.90428995406268],[-62.840139855525905,17.904278557905414],[-62.840122308636595,17.904247306218817],[-62.84011633712373,17.904235291844245],[-62.84010207430635,17.90420254404995],[-62.84009736159113,17.904190027163484],[-62.840086520202284,17.904156098641614],[-62.840083111669855,17.904143199788034],[-62.840075796115585,17.904108417289574],[-62.840073724590994,17.904095260692134],[-62.84007000532133,17.904059959192075],[-62.84006929075343,17.90404667155615],[-62.84006920358405,17.904011191027493],[-62.84006985285341,17.903997900320313],[-62.84007339862083,17.90396258245993],[-62.840075405473534,17.90394941667822],[-62.84008255002717,17.903914601616115],[-62.84008589513505,17.903901687553393],[-62.840096569666194,17.9038677105771],[-62.84010122081304,17.903855172602604],[-62.840115322517676,17.90382236092819],[-62.84012123490957,17.903810319789123],[-62.84013862797847,17.903778989409947],[-62.84014574467511,17.903767561068648],[-62.84016626160187,17.90373801371222],[-62.840174514065076,17.903727308229403],[-62.840197957259356,17.903699828451625],[-62.84020248497382,17.903694779300064],[-62.84020893245836,17.903687936484012],[-62.84021426496945,17.903682267889895],[-62.84021904196803,17.903677433853744],[-62.840245164621834,17.90365226627069],[-62.8402554325232,17.9036432999759],[-62.84028400604671,17.90362070492126],[-62.84029514247448,17.9036127453375],[-62.840325891689645,17.903592940412626],[-62.84033778939426,17.90358606419455],[-62.84037041817047,17.903569240130416],[-62.84038296257105,17.903563513499297],[-62.840417156677006,17.903549832319687],[-62.840430226964834,17.9035453104257],[-62.8404656570947,17.903534903886868],[-62.84047912739662,17.903531630278014],[-62.84051545234137,17.903524598599862],[-62.84052919293199,17.903522604802532],[-62.840566062865285,17.903519015703445],[-62.84057994141627,17.903518320918852],[-62.84061700126341,17.90351820896355],[-62.84063088411785,17.90351881988281],[-62.84066777697522,17.903522186149505],[-62.84068153043475,17.903524096889175],[-62.840717901006876,17.90353090895916],[-62.84073139261922,17.903534101117945],[-62.84076689064036,17.903544293387814],[-62.84077999047488,17.903548736223716],[-62.84081427408215,17.903562210537128],[-62.84082685598116,17.903567861263557],[-62.84085959500678,17.903584487856495],[-62.84087153780042,17.903591292054276],[-62.840902416951316,17.903610910804744],[-62.84091360562447,17.903618802946184],[-62.84094232751867,17.903641224916175],[-62.84095265431863,17.903650128996155],[-62.840978942349174,17.90367513825122],[-62.8409883078233,17.9036849685191],[-62.841011908822075,17.903712324207838],[-62.84102022277564,17.903722985993276],[-62.84104090945154,17.903752424666813],[-62.8410480918163,17.903763815291505],[-62.841065664944175,17.903795053440604],[-62.8410716465495,17.903807063207054],[-62.84108593688888,17.903839799992422],[-62.841090660127925,17.903852313240403],[-62.84110153005291,17.90388623338988],[-62.84110494943745,17.903899129610334],[-62.84111229426227,17.90393390645509],[-62.84111437686076,17.903947061450577],[-62.84111812584798,17.90398236007112],[-62.84111885160279,17.903995647152005],[-62.8411189686447,17.90403112760357],[-62.84111833056533,17.90404441880804],[-62.84111481453177,17.904079739394476],[-62.841112818762156,17.904092906720912],[-62.84110570351155,17.90412772728537],[-62.84110236927096,17.904140643925068],[-62.84109172332431,17.90417462912594],[-62.84108708272234,17.904187170684335],[-62.841073008603466,17.904219993224757],[-62.8410671063308,17.904232038919456],[-62.841049739579056,17.904263382699433],[-62.84104263247707,17.90427481652341],[-62.84102214034215,17.90430437968404],[-62.841013896855614,17.904315091522836],[-62.84099047668682,17.904342589353412],[-62.840985953200764,17.904347641991023],[-62.84098048162118,17.904353458444447],[-62.84098033875889,17.904353603013142],[-62.84098020335183,17.904353754015133]]]}},{"id":"7","type":"Feature","properties":{"feature_id":"AEP_COMP_70012672","layer_key":"eau_aep","layer_label":"Eau AEP","state_geometry_mode":"hydraulic_zoning_v2","service_unit_kind":"hydraulic_zone_component","service_feature_id":"AEP_COMP_70012672","zone_component_key":"AEP_COMP_70012672","zone_uid":"AEP_COMP_70012672","network_kind":"AEP","feature_role":"canalisation","state_annual_storm":"S0","state_rp50_storm":"S0","state_rp100_storm":"S0","state_p99_storm":"S0","state_top10_storm":"S0","state_top5_storm":"S0","state_annual_storm_cmcc":"S0","state_rp50_storm_cmcc":"S0","state_rp100_storm_cmcc":"S0","state_p99_storm_cmcc":"S0","state_top10_storm_cmcc":"S0","state_top5_storm_cmcc":"S0"},"geometry":{"type":"Polygon","coordinates":[[[-62.85299417286207,17.90500105617182],[-62.85299390433623,17.90500126806777],[-62.852992470750586,17.90500239649302],[-62.85299220168181,17.905002607756547],[-62.85295862268421,17.90502890682328],[-62.852912650275925,17.90507381415322],[-62.85291138745168,17.905075032202287],[-62.85290460971366,17.90508148739486],[-62.85290333088616,17.905082690043],[-62.85284007933469,17.905141425256144],[-62.85280494960876,17.905176393731757],[-62.85280334847107,17.905177961935557],[-62.852794738979036,17.905186259027683],[-62.852793111557226,17.905187802233424],[-62.85261942108873,17.9053498613003],[-62.85261919564009,17.90535007118446],[-62.85261799195053,17.905351189287277],[-62.85261776601559,17.905351398691675],[-62.8525443663007,17.905419277094296],[-62.85236147849917,17.905588407215014],[-62.852358662313534,17.90559094135108],[-62.8523434528337,17.905604258030134],[-62.85234056546438,17.90560671764871],[-62.85212303313397,17.905786992139024],[-62.85212016529776,17.905789305902058],[-62.852104702193316,17.90580144993171],[-62.852101771365355,17.9058036901798],[-62.85209545415342,17.905808389120757],[-62.85202488269437,17.905860882498825],[-62.85199637026025,17.90588208572438],[-62.8519683226693,17.90590294536569],[-62.85196273043408,17.905906897638612],[-62.851932382967014,17.90592726319551],[-62.85192062495282,17.90593435647908],[-62.85188833854738,17.905951776198567],[-62.851875910925436,17.90595773196742],[-62.85184199651892,17.905972038086883],[-62.851829018974705,17.90597679898329],[-62.85179380318341,17.905987853725975],[-62.851780400698594,17.905991373899575],[-62.851744222672245,17.905999070801457],[-62.851730524321034,17.906001316350785],[-62.85169373247653,17.90600558128591],[-62.85167987018261,17.90600653058493],[-62.85164281884838,17.90600732247934],[-62.85162892611433,17.906006966385714],[-62.85159197211795,17.90600427761299],[-62.851578182739495,17.90600261955614],[-62.85154168197109,17.90599647601086],[-62.851528128748555,17.905993531958913],[-62.851492432733274,17.905983992807275],[-62.85147924619262,17.9059797911133],[-62.85144469870514,17.905966948223295],[-62.85143200584082,17.905961529352208],[-62.85139893959448,17.905945506408845],[-62.851386862646486,17.90593892254774],[-62.85135559608907,17.905919873861862],[-62.851344251365575,17.905912188417386],[-62.85131508561237,17.905890297439512],[-62.851304582369586,17.905881584427174],[-62.85127779830342,17.905857061980765],[-62.85126823769351,17.90584740531217],[-62.85124409325968,17.905820487563183],[-62.85123556735646,17.905809980237844],[-62.85121429507859,17.90578092642029],[-62.85120688599089,17.90576966963001],[-62.85118869073163,17.90573875954934],[-62.85118246981251,17.905726861703613],[-62.85116752680058,17.90569439304198],[-62.851162553960236,17.905681968724007],[-62.851151007103,17.905648254173393],[-62.85114733023174,17.905635423036472],[-62.851139290729336,17.905600787287238],[-62.8511369452365,17.905587672902495],[-62.85113249051101,17.90555244951641],[-62.85113149898393,17.9055391781827],[-62.851130671933916,17.905503706380546],[-62.85113104392041,17.905490405908143],[-62.85113385250786,17.9054550273028],[-62.8511355844244,17.90544182578248],[-62.85114200159812,17.90540688108902],[-62.851145076764325,17.90539390565852],[-62.85115504072065,17.905359731412954],[-62.85115942951999,17.9053471070325],[-62.85117284429805,17.90531403235076],[-62.85117850446308,17.90530188059974],[-62.85119524086905,17.905270224008117],[-62.85120211788856,17.905258661914143],[-62.85122201473997,17.905228728281788],[-62.851230042383946,17.905217867193667],[-62.85125290806199,17.90518994479655],[-62.85126200901946,17.905179889312027],[-62.85128762331447,17.905154247056732],[-62.851297709938095,17.905145094015094],[-62.8513258261703,17.90512197884916],[-62.851331209096244,17.905117768653856],[-62.85135926667397,17.905096901637435],[-62.851359284020965,17.9050968887367],[-62.85138773540705,17.905075730966914],[-62.85145373839923,17.905026635889868],[-62.851650153168805,17.904863862542236],[-62.851822845358626,17.904704161633994],[-62.85189541571552,17.904637050445356],[-62.85206226498005,17.904481375028308],[-62.85209782381762,17.904445979550427],[-62.85210276370415,17.90444129794711],[-62.85210426835727,17.904439940319424],[-62.85210568007866,17.90443849409485],[-62.85211054926427,17.904433745088635],[-62.85217555612038,17.904373380129023],[-62.852236900748146,17.904313456943118],[-62.85224249215186,17.90430828690064],[-62.852273080661945,17.90428151737102],[-62.852278959949516,17.904276648839865],[-62.85233363728952,17.904233825678972],[-62.85238013004977,17.90419704601532],[-62.85238390644454,17.904194204953704],[-62.85238759030818,17.90419125464062],[-62.852405036168875,17.904177965607417],[-62.85240589347912,17.904177317721494],[-62.852410479650274,17.904173879261677],[-62.85241134215423,17.904173237725157],[-62.852513865092426,17.904097585544974],[-62.852519472941225,17.904093653674796],[-62.85254990082831,17.90407339882448],[-62.8525616868284,17.90406634842557],[-62.852594041892864,17.90404904644142],[-62.85260649296143,17.90404313598287],[-62.8526404636079,17.904028953491277],[-62.852653459835004,17.90402423989362],[-62.85268871890963,17.90401331347872],[-62.85270213513535,17.90400984213615],[-62.85273834307638,17.904002277024492],[-62.8527520500961,17.90400008136766],[-62.85278885820399,17.903995950414846],[-62.85280272401268,17.90399505158898],[-62.85283977780812,17.903994394578042],[-62.852853668871546,17.903994801239254],[-62.85289061150919,17.903997624497535],[-62.85290439404995,17.903999332729494],[-62.852940869754946,17.90400560906772],[-62.85295441104073,17.904008602419367],[-62.85299006853486,17.904018271393475],[-62.853003238156624,17.904022521037422],[-62.853037734041266,17.904035489530642],[-62.85305040516929,17.90404095454085],[-62.85308340723237,17.90405709766048],[-62.85309545783748,17.904063725406285],[-62.85312664825281,17.904082887686403],[-62.853137962281636,17.90409061433944],[-62.853167040669675,17.9041126112381],[-62.8531775091623,17.904121362386988],[-62.85320419548297,17.90414598206338],[-62.85321371762221,17.90415567343029],[-62.853237754871714,17.90418267878487],[-62.853246238954114,17.90419321703716],[-62.85326739564012,17.904222347994985],[-62.853274759959014,17.904233631644026],[-62.85329283233001,17.904264607659343],[-62.85329900596251,17.904276528037908],[-62.85331381997009,17.90430905079593],[-62.853318743460036,17.904321493104646],[-62.853330156435206,17.90435524939446],[-62.853333782365866,17.90436809380745],[-62.853341684392994,17.90440275853831],[-62.8533439778437,17.90441588135711],[-62.853348292819234,17.90445112068928],[-62.85334923170176,17.904464395534138],[-62.85334991806723,17.904499870093886],[-62.853349493338506,17.904513169120847],[-62.85334654448088,17.9045485372688],[-62.853344760230165,17.90456173240093],[-62.85333820454561,17.904596653522244],[-62.853335077955144,17.90460961768305],[-62.853324978575706,17.904643755467742],[-62.853320539755266,17.904656363805046],[-62.85330699394098,17.904689389486823],[-62.853301285637954,17.904701520575117],[-62.853284423840265,17.904733116097653],[-62.853277501027975,17.90474465310753],[-62.85325748563348,17.904774514187523],[-62.85324941498186,17.90478534601081],[-62.85322643874853,17.904813185068466],[-62.853217297982,17.90482320738829],[-62.85319158218286,17.904848756316884],[-62.85318145933187,17.904857872612304],[-62.85315325162403,17.904880885360303],[-62.85314785203737,17.90488507594801],[-62.8530485009526,17.904958387784937],[-62.853037947126,17.90496642697095],[-62.85299417286207,17.90500105617182]]]}},{"id":"8","type":"Feature","properties":{"feature_id":"AEP_COMP_70012683","layer_key":"eau_aep","layer_label":"Eau AEP","state_geometry_mode":"hydraulic_zoning_v2","service_unit_kind":"hydraulic_zone_component","service_feature_id":"AEP_COMP_70012683","zone_component_key":"AEP_COMP_70012683","zone_uid":"AEP_COMP_70012683","network_kind":"AEP","feature_role":"canalisation","state_annual_storm":"S0","state_rp50_storm":"S0","state_rp100_storm":"S0","state_p99_storm":"S0","state_top10_storm":"S0","state_top5_storm":"S0","state_annual_storm_cmcc":"S0","state_rp50_storm_cmcc":"S0","state_rp100_storm_cmcc":"S0","state_p99_storm_cmcc":"S0","state_top10_storm_cmcc":"S0","state_top5_storm_cmcc":"S0"},"geometry":{"type":"Polygon","coordinates":[[[-62.85215031517452,17.902265602951775],[-62.85218789040179,17.902268252796837],[-62.852225002821896,17.90227447410954],[-62.8522612830194,17.90228420496321],[-62.852296369862636,17.902297348497367],[-62.85232991409829,17.902313773881815],[-62.85236158182789,17.90233331761893],[-62.85239105783131,17.90235578517101],[-62.85241804870447,17.902380952896788],[-62.85244228577987,17.90240857027741],[-62.85246352780089,17.90243836241012],[-62.85248156332333,17.90247003274458],[-62.852496212820064,17.902503266034714],[-62.852507330468214,17.902537731476613],[-62.85251480560066,17.90257308600136],[-62.852518563807706,17.902608977689912],[-62.85251856767792,17.90264504927605],[-62.85251481717047,17.902680941702695],[-62.85248369668935,17.902878594617196],[-62.852476064646225,17.902914566507317],[-62.85246466221606,17.902949612132506],[-62.852449606927486,17.902983370259193],[-62.85243105396132,17.90301549292452],[-62.852409194551065,17.90304564902303],[-62.85238425401188,17.903073527719553],[-62.852356489418106,17.903098841653193],[-62.85232618695356,17.90312132989936],[-62.85229365896162,17.903140760659284],[-62.852259240725765,17.903156933649328],[-62.85222328701358,17.903169682165448],[-62.85218616841993,17.903178874801544],[-62.85214826754695,17.903184416803946],[-62.85210997506035,17.903186251048137],[-62.852079017907656,17.90318622752867],[-62.852042004022465,17.903184458447765],[-62.85200534948983,17.903179224492476],[-62.851969407314996,17.903170576068973],[-62.85193452364267,17.90315859646679],[-62.851901034423314,17.903143401056706],[-62.851869262177814,17.903125136179632],[-62.85183951289121,17.903103977737207],[-62.85181207306604,17.903080129497777],[-62.85178720696301,17.90305382113394],[-62.85176515405603,17.903025306010637],[-62.85174612672603,17.902994858745043],[-62.85173030821555,17.90296277256187],[-62.851717850864105,17.902929356469368],[-62.85170887464113,17.90289493228341],[-62.85170346599064,17.90285983152819],[-62.851702207802525,17.902834907275572],[-62.85168153592998,17.902808177816517],[-62.85166250863717,17.902777730542343],[-62.85164669016071,17.90274564435192],[-62.8516342328398,17.90271222825355],[-62.85162525664357,17.902677804063167],[-62.85161984801579,17.902642703305013],[-62.8516180590424,17.902607264018837],[-62.85161990695006,17.90257182750444],[-62.85162537394028,17.902536735034698],[-62.851634407360855,17.90250232456897],[-62.85164692021315,17.902468927498358],[-62.85166279198986,17.90243686545425],[-62.85168186983578,17.90240644721086],[-62.85170397001981,17.902377965711615],[-62.85172887970449,17.902351695247916],[-62.851756358995736,17.9023278888177],[-62.85178614325321,17.90230677568889],[-62.85181794563886,17.902288559191483],[-62.851851459879356,17.902273414759424],[-62.85188636321564,17.902261488241113],[-62.85192231951117,17.902252894494794],[-62.85195898248911,17.90224771628249],[-62.851995999066965,17.90224600347293],[-62.85203301275706,17.902247772561324],[-62.852069667099435,17.902253006510513],[-62.85210560909481,17.902261654914998],[-62.8521147638472,17.902264798808467],[-62.85215031517452,17.902265602951775]]]}},{"id":"9","type":"Feature","properties":{"feature_id":"AEP_COMP_70012685","layer_key":"eau_aep","layer_label":"Eau AEP","state_geometry_mode":"hydraulic_zoning_v2","service_unit_kind":"hydraulic_zone_component","service_feature_id":"AEP_COMP_70012685","zone_component_key":"AEP_COMP_70012685","zone_uid":"AEP_COMP_70012685","network_kind":"AEP","feature_role":"canalisation","state_annual_storm":"S0","state_rp50_storm":"S0","state_rp100_storm":"S0","state_p99_storm":"S0","state_top10_storm":"S0","state_top5_storm":"S0","state_annual_storm_cmcc":"S0","state_rp50_storm_cmcc":"S0","state_rp100_storm_cmcc":"S0","state_p99_storm_cmcc":"S0","state_top10_storm_cmcc":"S0","state_top5_storm_cmcc":"S0"},"geometry":{"type":"Polygon","coordinates":[[[-62.85256883457322,17.902345298896094],[-62.8525678980264,17.902355251171784],[-62.852567408199306,17.902365232746558],[-62.85256623631477,17.90237290945574],[-62.85256550917779,17.902380636421842],[-62.8525378415783,17.902570057705592],[-62.85253161195486,17.902602100033594],[-62.85252239360525,17.902633475055623],[-62.85251026144168,17.902663927799754],[-62.85248786428035,17.902713334473678],[-62.85247170364075,17.902744728658334],[-62.8524524480528,17.902774479729977],[-62.852430277963826,17.902802308884116],[-62.852405401133886,17.902827955326902],[-62.85237805068892,17.902851178719082],[-62.852348482936,17.90287176142835],[-62.85231697496149,17.902889510568855],[-62.85228382203432,17.902904259808775],[-62.85224933483899,17.902915870929117],[-62.85221383656394,17.902924235119016],[-62.852177659872886,17.902929273995422],[-62.85214114378728,17.90293094033769],[-62.852116774623425,17.90293092182794],[-62.85207062880016,17.90293088676925],[-62.852033614968015,17.902929117687087],[-62.85199696048804,17.902923883730466],[-62.85196101836496,17.902915235305564],[-62.85192613474298,17.902903255701943],[-62.8518926455721,17.90288806029038],[-62.851860873372715,17.90286979541179],[-62.85183112412946,17.902848636967846],[-62.851803684344404,17.90282478872691],[-62.8517788182779,17.902798480361586],[-62.85175676540351,17.902769965236818],[-62.85173773810182,17.902739517969824],[-62.851721919615116,17.902707431785306],[-62.85170946228269,17.902674015691538],[-62.85170048607379,17.90263959150439],[-62.851695077432275,17.902604490748086],[-62.851693288444274,17.90256905146236],[-62.85169513633656,17.902533614946993],[-62.85170060331075,17.90249852247489],[-62.85170963671486,17.90246411200541],[-62.85172214955037,17.90243071492971],[-62.851738021310176,17.90239865287922],[-62.851757099139185,17.902368234628227],[-62.85177919930649,17.90233975312019],[-62.85180033631151,17.902317461409748],[-62.85179573488073,17.902308749278244],[-62.85178218427374,17.902275153234378],[-62.851772192009165,17.90224043320361],[-62.851765857230134,17.902204933684917],[-62.85176324278934,17.9021690069113],[-62.85176379931775,17.902151306769426],[-62.851761292244355,17.902146221413084],[-62.85174883494288,17.902112805320147],[-62.851739858753724,17.90207838113299],[-62.851734450120595,17.90204328037583],[-62.851732661129496,17.902007841088405],[-62.85173450900725,17.90197240457053],[-62.85173997595564,17.90193731209511],[-62.851749009322894,17.901902901621565],[-62.85176152211086,17.901869504541068],[-62.85177739381288,17.901837442485107],[-62.85179647157445,17.901807024228003],[-62.8518185716653,17.90177854271331],[-62.85184348124884,17.901752272232603],[-62.851870960431995,17.90172846578395],[-62.85190074457544,17.901707352635476],[-62.85193254684221,17.901689136117366],[-62.85196606096016,17.901673991663756],[-62.85200096417139,17.901662065123244],[-62.85203692034056,17.90165347135431],[-62.85207358319205,17.90164829311918],[-62.85211059964461,17.9016465802868],[-62.85212744706187,17.901647385511072],[-62.8521379536338,17.901645901565992],[-62.85217497008534,17.901644188721367],[-62.852214319977996,17.901644218594683],[-62.85225239715777,17.90164609020476],[-62.85229008315041,17.90165162814812],[-62.8523269938082,17.90166077597442],[-62.85236275288656,17.901673440436376],[-62.852396995879204,17.90168949244027],[-62.85242937373362,17.901708768361818],[-62.852459556409045,17.901731071714043],[-62.852487236240734,17.901756175150105],[-62.85251213107606,17.901783822780704],[-62.8525339871506,17.901813732782422],[-62.85255258167494,17.901845600270445],[-62.8525677251056,17.901879100406322],[-62.85257926307731,17.90191389170918],[-62.85258707797649,17.901949619536538],[-62.85259109014025,17.9019859196993],[-62.85259125866856,17.902022422174095],[-62.85258840577148,17.90208165065684],[-62.85258489451595,17.902116902160746],[-62.85257779809311,17.902151655723202],[-62.852567184577,17.902185577952775],[-62.85256349745952,17.902195556132313],[-62.85256611684544,17.90220905922493],[-62.85256897510106,17.902252690894596],[-62.85256914742717,17.902329791188492],[-62.85256876712459,17.90233754090251],[-62.85256883457322,17.902345298896094]]]}},{"id":"10","type":"Feature","properties":{"feature_id":"AEP_COMP_70012911","layer_key":"eau_aep","layer_label":"Eau AEP","state_geometry_mode":"hydraulic_zoning_v2","service_unit_kind":"hydraulic_zone_component","service_feature_id":"AEP_COMP_70012911","zone_component_key":"AEP_COMP_70012911","zone_uid":"AEP_COMP_70012911","network_kind":"AEP","feature_role":"canalisation","state_annual_storm":"S0","state_rp50_storm":"S0","state_rp100_storm":"S0","state_p99_storm":"S0","state_top10_storm":"S0","state_top5_storm":"S0","state_annual_storm_cmcc":"S0","state_rp50_storm_cmcc":"S0","state_rp100_storm_cmcc":"S0","state_p99_storm_cmcc":"S0","state_top10_storm_cmcc":"S0","state_top5_storm_cmcc":"S0"},"geometry":{"type":"Polygon","coordinates":[[[-62.8137159395068,17.903599237027873],[-62.81374321806078,17.903623254238184],[-62.813752973600494,17.903632730386708],[-62.81377766191982,17.9036591917586],[-62.81378640031594,17.903669537733688],[-62.81380826063823,17.903698188431065],[-62.81381589773496,17.903709304595864],[-62.81383471953244,17.90373986869818],[-62.813841181779914,17.903751647998376],[-62.81385678378692,17.90378383115782],[-62.813862008949535,17.903796160152776],[-62.81387424090826,17.90382965242899],[-62.813878178664034,17.903842412384076],[-62.813886922771694,17.90387689122896],[-62.81388953519694,17.90388995925913],[-62.813894707240344,17.903925092623194],[-62.813895969174936,17.90393834287635],[-62.813897519341616,17.903973792406436],[-62.81389741863135,17.903987097275486],[-62.81389533198938,17.904022521573342],[-62.81389386960302,17.90403575292509],[-62.81388816624498,17.90407081083518],[-62.813885356265025,17.90408384124437],[-62.81387609111453,17.904118195139393],[-62.81387196060161,17.904130899115835],[-62.813859222884524,17.904164218148317],[-62.81385381161682,17.90417647334548],[-62.8138377240021,17.90420843663399],[-62.81383108409229,17.904220125027233],[-62.81381180151064,17.90425042474672],[-62.8138039969041,17.904261433769992],[-62.81378170505596,17.904289778116343],[-62.813772810914934,17.904300001746225],[-62.813747724482184,17.904326117746546],[-62.81373782646191,17.904335457523395],[-62.81371018704041,17.904359093664926],[-62.81369938046427,17.904367459641048],[-62.813669454237115,17.90438838829344],[-62.81365784317856,17.904395699899407],[-62.813625918352614,17.904413719506987],[-62.813613614632956,17.904419906327554],[-62.81357999866321,17.904434843350426],[-62.81356712077462,17.904439845802713],[-62.81353213740318,17.90445155638815],[-62.8135188093676,17.90445532629543],[-62.813482795505784,17.904463697663232],[-62.81346914568041,17.904466198718993],[-62.81343244816406,17.904471150247694],[-62.81341860800519,17.90447235836519],[-62.81338158025431,17.904473842368507],[-62.813367683051396,17.90447374591283],[-62.81333068166643,17.904471748098924],[-62.81331686125817,17.904470347999013],[-62.81328024258563,17.90446488760808],[-62.8132705908962,17.904462979850976],[-62.813287365803056,17.90459253711537],[-62.81328803250907,17.904598919712765],[-62.813290745425476,17.904633021689303],[-62.81329112984717,17.904645841685433],[-62.81329046488446,17.904680036500622],[-62.813290181739305,17.904686445204],[-62.81327541737935,17.904900526795608],[-62.81327500733221,17.905292333944857],[-62.813274919459815,17.905296975461944],[-62.81327400833678,17.905321715283968],[-62.81327375453804,17.905326351200138],[-62.81324600398506,17.905708082620805],[-62.813245364504894,17.905714601819675],[-62.81324107921232,17.90574927178291],[-62.81324011170771,17.90575575382025],[-62.81322976468158,17.905814847946285],[-62.81323304048404,17.905818834290738],[-62.81323732960045,17.90582433476489],[-62.81323876767252,17.9058262798243],[-62.81326476575459,17.90584125983084],[-62.813276307177105,17.90584867193498],[-62.81330603419772,17.90586985951799],[-62.81331676118512,17.905878318960184],[-62.81334417585147,17.90590219405719],[-62.81335398509722,17.905911619368908],[-62.81337882339132,17.905937952051065],[-62.81338762042701,17.905948252461922],[-62.813409643142165,17.90597678913249],[-62.813417343247295,17.905987865444413],[-62.813436338291844,17.90601833128098],[-62.81344286730975,17.906030076823505],[-62.81345865174959,17.906062178424623],[-62.813463946801626,17.906074480082196],[-62.813476368622055,17.906107908292967],[-62.813480378713194,17.906120647594253],[-62.813489318282954,17.906155080483593],[-62.81349200479287,17.906168134742426],[-62.81349737601641,17.906203240703416],[-62.8134987130715,17.906216484200353],[-62.81350046421812,17.90625192514377],[-62.81350043894075,17.90626523033678],[-62.813498553143,17.906300664947068],[-62.813497165775466,17.906313903699857],[-62.813491661191655,17.906348990722183],[-62.813488925093985,17.906362035538212],[-62.81347985473342,17.906396437064934],[-62.813475796254714,17.90640916231527],[-62.81346324746733,17.90644254704019],[-62.81345790569202,17.906454830173438],[-62.813441999327246,17.90648687658249],[-62.81343542569876,17.90649859930497],[-62.813416314941726,17.906528998772625],[-62.81340857276711,17.90654004818767],[-62.81338644166347,17.90656850794918],[-62.81337760550369,17.906578777644395],[-62.81335266718724,17.906605023615363],[-62.81334282213914,17.90661441468745],[-62.81331531677927,17.906638194103436],[-62.81330455765605,17.90664661611071],[-62.81327475014473,17.906667699961545],[-62.81326905986766,17.906671521832514],[-62.813249947493865,17.90668369973288],[-62.8132338961131,17.906693928209872],[-62.81322810609171,17.906697427438],[-62.81319677290353,17.90671536459445],[-62.813184697086044,17.906721539439655],[-62.81315170119322,17.906736496297768],[-62.81313905901646,17.90674152598443],[-62.81310470877615,17.906753362767404],[-62.81309161838534,17.90675720029142],[-62.81305623481181,17.906765806380566],[-62.81304281854101,17.906768415879],[-62.8130067323056,17.906773710847524],[-62.81299311553439,17.906775067933722],[-62.81295666387523,17.90677700229838],[-62.81294297385694,17.906777094289943],[-62.81290649742723,17.906775649973454],[-62.81289286209979,17.90677447601067],[-62.812856701784206,17.906769666510698],[-62.812843248574424,17.906767237564683],[-62.81280774230339,17.90675910782766],[-62.81279459693601,17.906755446597742],[-62.81276007652754,17.90674407259883],[-62.81274736185039,17.906739213300437],[-62.81271414990901,17.906724701333502],[-62.81270198474488,17.906718689378422],[-62.81267039164682,17.90670117506266],[-62.812658889683,17.90669406663461],[-62.81262921067546,17.906673713647095],[-62.81261847940125,17.90666557517666],[-62.812590991843294,17.906642573722696],[-62.812581131545514,17.906633481266546],[-62.81255609231599,17.906608046302125],[-62.81255151792162,17.906603168555908],[-62.8125046785673,17.90655072617389],[-62.81250058293393,17.90654592241838],[-62.81247936278656,17.906519837696404],[-62.81247550086464,17.906514859681185],[-62.812467255324634,17.906503707149877],[-62.81245860702096,17.906500739016806],[-62.812451612764455,17.906498136364277],[-62.812414720248825,17.90648331946428],[-62.812401212399685,17.906477069356338],[-62.81236616418976,17.90645859914347],[-62.81235342278339,17.90645101603892],[-62.8123206122239,17.90642909980415],[-62.812314574004105,17.906424834413873],[-62.812279433145434,17.906398606411454],[-62.81227422956443,17.906394528825597],[-62.81224703192672,17.906372163342724],[-62.812237260170065,17.90636332223492],[-62.8122124005232,17.906338588298755],[-62.81220354856308,17.906328899866637],[-62.812181250976664,17.906302020415076],[-62.812173398599114,17.906291571984724],[-62.81215386404937,17.906262789294],[-62.81214708203062,17.906251675041652],[-62.812130486588934,17.906221248542554],[-62.812124836057464,17.906209568645718],[-62.81211132930351,17.906177772585206],[-62.8121068611891,17.906165632319723],[-62.812096564862586,17.906132753288972],[-62.812094787223856,17.90612654457801],[-62.81207922516025,17.906066648250903],[-62.812077734077484,17.90606025334871],[-62.81207064686585,17.906025983201655],[-62.812068640807844,17.90601302397452],[-62.81206504153682,17.905978258956353],[-62.81206435129372,17.905965174868516],[-62.812064273566385,17.905930239575312],[-62.812064905581835,17.905917152791],[-62.81206835012108,17.90588237340838],[-62.81207029849296,17.905869406116924],[-62.81207723313484,17.90583510737457],[-62.81208047967051,17.90582238064948],[-62.812090839664684,17.905788882789153],[-62.81209535405076,17.90577651545775],[-62.812109042665135,17.90574413124326],[-62.81211478275064,17.905732238777155],[-62.81213167217462,17.905701270574166],[-62.81213858436454,17.905689964011177],[-62.81215851690249,17.905660700964127],[-62.812166536658225,17.905650085871514],[-62.81218932620187,17.905622801203894],[-62.8121983786438,17.90561297669272],[-62.81221292045329,17.905598653425077],[-62.81223650128111,17.905274305806927],[-62.81223691267749,17.9048833832302],[-62.81223699192967,17.904878982544037],[-62.812237812363726,17.90485552496874],[-62.81223804077431,17.904851129064166],[-62.81225067015062,17.90466801997992],[-62.812241200228364,17.90459487785937],[-62.81221347494494,17.904488176641166],[-62.812149248061154,17.904326578687638],[-62.8121427036387,17.904310112967792],[-62.81214039582124,17.90430384902035],[-62.81212894936083,17.904270172784173],[-62.81212530812503,17.904257358084237],[-62.8121173579653,17.904222771271925],[-62.81211504373655,17.904209676992153],[-62.812110666153814,17.90417451145278],[-62.81210970113529,17.904161263228396],[-62.81210893812809,17.90412585636343],[-62.812109331577716,17.90411258130665],[-62.812112190463885,17.904077272832748],[-62.812113938605535,17.904064098313082],[-62.812120391952114,17.904029227002606],[-62.812123478011905,17.904016279424894],[-62.81213346389852,17.903982179855483],[-62.812137858265785,17.903969583447015],[-62.81215128087879,17.90393658279151],[-62.81215694139022,17.90392445841015],[-62.81217367194211,17.90389287329746],[-62.81218054428633,17.90388133727204],[-62.812200422251564,17.90385147074926],[-62.81220844049024,17.903840633763515],[-62.812231275145365,17.903812772388328],[-62.81224036234592,17.903802738418896],[-62.81226593459966,17.9037771495102],[-62.81227600357338,17.903768014829033],[-62.812304068068705,17.903744943902172],[-62.81231502220738,17.90373679615283],[-62.812345309675635,17.903716464564006],[-62.812351086142165,17.903712785609077],[-62.812425377720494,17.903667943956563],[-62.812430738928335,17.903664864186755],[-62.81245969673643,17.90364905088772],[-62.812470818723696,17.903643585561888],[-62.812501120371365,17.90363027886396],[-62.81251270247122,17.90362577389272],[-62.81253752863328,17.90361731938701],[-62.81277194993473,17.90340962848978],[-62.81277705204661,17.903405321256876],[-62.81280482371998,17.903382988098247],[-62.81281564614945,17.90337510161236],[-62.812845527512806,17.90335542203599],[-62.81285709025173,17.9033485658668],[-62.812888805687344,17.903331721391297],[-62.812901002084175,17.90332595877807],[-62.812934259057755,17.903312104771864],[-62.81294697661641,17.903307488867227],[-62.81298146837527,17.90329675311551],[-62.81299458979275,17.90329332649516],[-62.81302999819523,17.903285808021256],[-62.813043402443505,17.903283602291317],[-62.81307940089328,17.903279370443347],[-62.8130929643357,17.903278405948793],[-62.813129220794146,17.903277499760044],[-62.81314281832571,17.90327778539709],[-62.81317899837447,17.903280213226],[-62.81319250457574,17.90328174636003],[-62.813228274501235,17.90328748581307],[-62.81324156479518,17.90329025230293],[-62.81327659466657,17.903299250441187],[-62.81328954646755,17.903303224769637],[-62.81332351317983,17.903315398597044],[-62.813336007024304,17.90332054410608],[-62.81336859727852,17.903335781334967],[-62.81338051792689,17.903342050564007],[-62.81341143111981,17.903360210650764],[-62.813422668619324,17.903367545774294],[-62.81345161961612,17.903388461215705],[-62.813456949521495,17.90339250771248],[-62.81363247230262,17.903532468947024],[-62.81371070930968,17.90359485400897],[-62.8137159395068,17.903599237027873]]]}},{"id":"11","type":"Feature","properties":{"feature_id":"AEP_COMP_70608543","layer_key":"eau_aep","layer_label":"Eau AEP","state_geometry_mode":"hydraulic_zoning_v2","service_unit_kind":"hydraulic_zone_component","service_feature_id":"AEP_COMP_70608543","zone_component_key":"AEP_COMP_70608543","zone_uid":"AEP_COMP_70608543","network_kind":"AEP","feature_role":"canalisation","state_annual_storm":"S0","state_rp50_storm":"S0","state_rp100_storm":"S0","state_p99_storm":"S0","state_top10_storm":"S0","state_top5_storm":"S0","state_annual_storm_cmcc":"S0","state_rp50_storm_cmcc":"S0","state_rp100_storm_cmcc":"S0","state_p99_storm_cmcc":"S0","state_top10_storm_cmcc":"S0","state_top5_storm_cmcc":"S0"},"geometry":{"type":"Polygon","coordinates":[[[-62.82007660210062,17.906778724259183],[-62.8199750953539,17.90680257674268],[-62.81997363792531,17.906802911396937],[-62.81996585532549,17.906804656792644],[-62.81996439427914,17.90680497666177],[-62.81987083143901,17.90682496231729],[-62.819863555315706,17.90682632616728],[-62.81982457709505,17.906832622865217],[-62.81981723638567,17.906833620276956],[-62.81978255774533,17.906837448596143],[-62.819779220192935,17.906837778736318],[-62.81976140062551,17.90683933737204],[-62.81975805584012,17.90683959172027],[-62.819640313281724,17.90684720259899],[-62.819633426598685,17.906847486783025],[-62.81959668085882,17.90684814602676],[-62.81958978788946,17.906848109059123],[-62.81953414766237,17.906846513671507],[-62.81952842334957,17.906846238448757],[-62.81949793720304,17.906844179860126],[-62.81949222921092,17.90684368311215],[-62.819251140613304,17.906817982932793],[-62.81924425329505,17.90681708441464],[-62.819233732961315,17.90681545924828],[-62.819223165958306,17.906814140475632],[-62.819216297432526,17.906813118582196],[-62.81894700557843,17.90676654680388],[-62.81894204019469,17.9067656000342],[-62.818915660874985,17.906760099090086],[-62.818910734013855,17.906758983005716],[-62.81877771106397,17.906726434710304],[-62.818772073695285,17.90672493592401],[-62.818742192995686,17.906716351349164],[-62.818731136186166,17.906712691784904],[-62.81870209755973,17.906701775340125],[-62.81869669699072,17.90669962080833],[-62.818636242533934,17.906674087134142],[-62.81862691530425,17.906669750452608],[-62.81857812060148,17.906644910161283],[-62.81856914981771,17.906639931733633],[-62.81847808288962,17.906585033503212],[-62.81847024333395,17.906579949413604],[-62.81842942543637,17.90655152712328],[-62.81842195828049,17.906545952854074],[-62.81839226238425,17.906522214587458],[-62.81834216593762,17.906557964138354],[-62.81827439369734,17.9066067845099],[-62.818273769437056,17.906607231630307],[-62.818270433217975,17.90660960748072],[-62.81826980639609,17.906610051304217],[-62.81814875846861,17.906695267177252],[-62.81811288690153,17.906727175559904],[-62.818112465397746,17.906727550050974],[-62.81807820770304,17.9067579446197],[-62.81801340437569,17.906816516149473],[-62.8179255455456,17.906897046269233],[-62.81784014440145,17.90697607477502],[-62.81781914309364,17.906995723551553],[-62.81773391146946,17.90707933078627],[-62.81772656046787,17.907086042338467],[-62.817686065492055,17.907120446003248],[-62.817678230877725,17.907126635825282],[-62.81765053689473,17.90714696229753],[-62.81765033376852,17.907147111106827],[-62.81764924968101,17.9071479038191],[-62.81764904627441,17.907148052276916],[-62.81752781921009,17.907236365061127],[-62.81752741669091,17.90723665720863],[-62.81752526702636,17.907238211658367],[-62.81752486342134,17.907238502429518],[-62.817415741638605,17.90731682608559],[-62.817414820996724,17.90731748132879],[-62.81740989620279,17.90732095686279],[-62.817408970046955,17.907321604944848],[-62.8173299265384,17.907376447137132],[-62.817329443726926,17.907376780642906],[-62.81732686483826,17.907378554150725],[-62.817326380566485,17.90737888571038],[-62.817295021281296,17.907400260794176],[-62.81729407533764,17.907400900004664],[-62.81728901583228,17.907404289326166],[-62.81728806446144,17.907404921111247],[-62.81724584415727,17.9074327146586],[-62.81716015450052,17.9074899334468],[-62.81715531521585,17.90749302535683],[-62.81712916284731,17.90750900114129],[-62.81711910695672,17.907514601366543],[-62.817091673167056,17.907528468245264],[-62.81708117107839,17.907533259402612],[-62.81705264099495,17.907544923799648],[-62.817047244668295,17.907547005654568],[-62.816985828405414,17.907569306834628],[-62.81688810338526,17.907605765418335],[-62.81688767104609,17.907605926485257],[-62.81676200637641,17.907652665231712],[-62.81661199910391,17.90772733516239],[-62.81630000255737,17.90792001808813],[-62.81599261223523,17.908121746283445],[-62.815925937504566,17.908198877346333],[-62.8159225808607,17.90820261965591],[-62.815904305497185,17.908222260314915],[-62.81590080887972,17.908225883252456],[-62.81573065507268,17.90839587279938],[-62.81572572403372,17.908400563031666],[-62.81571393932648,17.908411234983667],[-62.81570225429867,17.908422006926457],[-62.81569954651607,17.90842426876945],[-62.815698799954,17.908424944838167],[-62.81569527758364,17.90842783465927],[-62.815691782218465,17.908430754379033],[-62.81569097566899,17.908431364033447],[-62.815688246965664,17.90843360271443],[-62.81567542637218,17.908443117430615],[-62.815662694740936,17.9084527410096],[-62.81565713512867,17.908456735326016],[-62.815587766241045,17.908504071195],[-62.81558134291675,17.90850820566306],[-62.81554648158014,17.908529343777765],[-62.81553297573862,17.908536574957548],[-62.815495913503455,17.90855394553376],[-62.81548166418463,17.908559722828098],[-62.815442843558166,17.908573118468265],[-62.81543549296858,17.908575439650168],[-62.815370341782376,17.908594139458078],[-62.81536368820002,17.908595881284395],[-62.81532798722684,17.908604338409045],[-62.81531445393839,17.908606881978656],[-62.815278062989684,17.908611974467064],[-62.81526433544155,17.908613245733267],[-62.81522759964575,17.908614925288767],[-62.81522070367068,17.908615079564818],[-62.81518266276777,17.90861504344502],[-62.81517583122633,17.908614879112573],[-62.81513943962954,17.90861316184934],[-62.81512584111796,17.9086118883761],[-62.81508979175585,17.90860682168939],[-62.815083056449375,17.90860571551385],[-62.81505475955301,17.90860039232753],[-62.81501357591067,17.90859370263596],[-62.81500675341684,17.908592428772486],[-62.81500439114944,17.908591929794735],[-62.815002001093916,17.908591572102925],[-62.81499516187806,17.908590383261103],[-62.81495559109004,17.908582539833276],[-62.814951969016676,17.908581774401483],[-62.814932710443614,17.908577450624204],[-62.81492911055209,17.908576594639516],[-62.81481206314341,17.908547199768606],[-62.814805758990396,17.90854546623112],[-62.814772378452105,17.908535480457417],[-62.814766164903304,17.908533469329782],[-62.81472815124999,17.908520218768672],[-62.81462382959876,17.908483856326725],[-62.81461582603011,17.90848079950147],[-62.81457369768523,17.908463268845914],[-62.81455834642775,17.908455787182675],[-62.814518752957454,17.90843348949856],[-62.81451146210298,17.90842909235974],[-62.81444400296102,17.90838560801623],[-62.81444061408091,17.90838335415204],[-62.81442272679537,17.908371084036222],[-62.81441940794343,17.90836873660698],[-62.81436670976876,17.90833031441713],[-62.81436167158093,17.908326464526386],[-62.814335303166885,17.908305357091002],[-62.8143258015001,17.90829701921312],[-62.81430154685619,17.908273704034883],[-62.8142928763853,17.908264573644484],[-62.814270936423426,17.90823924385443],[-62.8142669356165,17.908234404862117],[-62.814252414360126,17.908215995383678],[-62.81424905780595,17.908211741201303],[-62.81424902533007,17.908211700035814],[-62.81423744346537,17.908197017215333],[-62.814234013334946,17.908192476529837],[-62.814216249761785,17.908167908022502],[-62.81420999178252,17.908158439176063],[-62.81419440797376,17.908132550303716],[-62.814188988079415,17.908122619080476],[-62.81417569047456,17.908095586669816],[-62.814173306608495,17.90809046875366],[-62.81414173792475,17.90801874465393],[-62.814139710037146,17.90801387640847],[-62.81412942277381,17.907987722039888],[-62.81412596388671,17.907977778738687],[-62.81411781753519,17.90795094179072],[-62.81411639170427,17.907945881593673],[-62.81407590192356,17.907790285418702],[-62.814069049800295,17.907770172899845],[-62.81406811853873,17.90776940698536],[-62.81403950545201,17.907744630127798],[-62.81403426451608,17.907739853201353],[-62.814011151807854,17.907717681815143],[-62.81399303608916,17.90770030389797],[-62.81398799854077,17.907695214883606],[-62.813961882370265,17.907667426781742],[-62.813952664588925,17.907656535482854],[-62.81392968499227,17.90762631432551],[-62.81392552940929,17.907620541166597],[-62.81385612829863,17.907518579882773],[-62.8138519503123,17.907512045236494],[-62.81383071368423,17.907476619104933],[-62.81382354651054,17.907462924848296],[-62.813806619244374,17.90742543156004],[-62.813803652943996,17.907418315680587],[-62.81375383508648,17.907288246506173],[-62.81373433510116,17.90723733375476],[-62.813732371025516,17.90723184514219],[-62.81372255481571,17.9072023714222],[-62.813720837812646,17.907196807389788],[-62.813690632899984,17.907090615485078],[-62.81368880797428,17.907083432529664],[-62.81368017276278,17.907044897974096],[-62.813677762053224,17.907030300026175],[-62.81367355925724,17.90699109458709],[-62.81367298063957,17.90698372299244],[-62.81367258910659,17.906975877250822],[-62.81361915353468,17.90696943068304],[-62.8136113402553,17.90696827513269],[-62.81356988151759,17.90696100386617],[-62.813562147770405,17.906959432691572],[-62.81351541273023,17.9069486246523],[-62.81350844452183,17.906946832135283],[-62.81347155916826,17.906936372166992],[-62.81345795379586,17.90693178030117],[-62.81342237134391,17.90691778210479],[-62.81341576949773,17.90691499467591],[-62.81336549797147,17.906892287394513],[-62.81336397765857,17.906891590058617],[-62.813355892731884,17.90688782486386],[-62.81335438119729,17.90688711025172],[-62.81328461697432,17.906853631684466],[-62.81322096923248,17.906825014160823],[-62.813205413211975,17.906822753158462],[-62.81299402931038,17.90681020237718],[-62.81298623917594,17.906809532662404],[-62.81294482646412,17.906804865586544],[-62.812929421309,17.906802297282628],[-62.81288879850144,17.906793287628563],[-62.812873783017814,17.90678910899775],[-62.812834445384254,17.906775866610467],[-62.81282714122527,17.90677318859107],[-62.812788298322765,17.90675775654357],[-62.812781427457644,17.906754819584346],[-62.81274524322252,17.90673823516617],[-62.81273203832739,17.90673133480004],[-62.81269789586676,17.906711169214336],[-62.81268553006232,17.906702966740113],[-62.81265381466053,17.906679447548264],[-62.81264242748997,17.906670035527906],[-62.81261349704229,17.906643428135386],[-62.812603217005034,17.906632912780072],[-62.81257739797899,17.906603517441404],[-62.81257270991235,17.906597882644185],[-62.81248171333994,17.906482339331323],[-62.81247969439626,17.90647971054914],[-62.81246910446254,17.906465568371598],[-62.81246715218108,17.90646289383721],[-62.81243564781185,17.90641860875733],[-62.81239305987837,17.90637702437809],[-62.81238625746728,17.906369890793357],[-62.812351438689255,17.906330656827972],[-62.81234518405857,17.906323077675758],[-62.812311730744334,17.906279429236193],[-62.81230786261545,17.906274121131037],[-62.81228794996003,17.90624535608038],[-62.8122810289388,17.906234240304805],[-62.81226407153914,17.90620378876923],[-62.81225828900178,17.906192091916143],[-62.81224444134176,17.906160231316505],[-62.81223984996774,17.906148059947018],[-62.812229238200466,17.906115080540886],[-62.81222587981734,17.906102545538996],[-62.81221860061595,17.906068747776285],[-62.81221739380402,17.90606237949853],[-62.81220940501664,17.90601362434227],[-62.812208426654045,17.906006385669105],[-62.812204297575555,17.905967672966412],[-62.81220356746412,17.90595309696377],[-62.812203808256555,17.905914183638995],[-62.81220405862321,17.905906888554483],[-62.81221223644101,17.9057760469785],[-62.812212802769885,17.905769583475916],[-62.81221668250777,17.90573520033521],[-62.81221757108057,17.90572877016003],[-62.81224948986231,17.905533784829913],[-62.812262354972944,17.9053746585011],[-62.81226748096677,17.90528080973482],[-62.81226801418546,17.90527417473206],[-62.81227176313121,17.905238876158997],[-62.812273845718224,17.90522572118006],[-62.81228119052338,17.905190944376],[-62.812284609904665,17.90517804816949],[-62.81229547983202,17.9051441280535],[-62.812300203076084,17.905131614816664],[-62.81231449343986,17.90509887805721],[-62.812320475058435,17.905086868299023],[-62.81233804823253,17.90505563016796],[-62.81234523061867,17.905044239548538],[-62.81236591736222,17.90501480088498],[-62.812374231345096,17.905004139101756],[-62.81239783243235,17.904976783414817],[-62.812407197943465,17.904966953146086],[-62.81243348608252,17.904941943884616],[-62.81244381292678,17.904933039800706],[-62.81247253494854,17.904910617816157],[-62.812483723672926,17.90490272566775],[-62.81251460296923,17.90488310689474],[-62.812526545820575,17.90487630268704],[-62.812559285008106,17.90485967606379],[-62.81257186697072,17.904854025324585],[-62.8126061507549,17.904840550973436],[-62.812619250658365,17.904836108122037],[-62.812654748869754,17.90482591580739],[-62.812668240555666,17.904822723630563],[-62.81270461132957,17.90481591150923],[-62.812718364866654,17.90481400074915],[-62.81275525793539,17.90481063442509],[-62.812769140870614,17.904810023483268],[-62.812806200936706,17.904810135375783],[-62.81282007957093,17.9048108301359],[-62.81285694972865,17.904814419167444],[-62.81287069040413,17.90481641293864],[-62.812907015576606,17.90482344454518],[-62.81292048596422,17.904826718126518],[-62.8129559163229,17.904837124590404],[-62.81296898669641,17.904841646455765],[-62.81300318103001,17.904855327557865],[-62.813015725515434,17.90486105415955],[-62.81304835451593,17.9048778781444],[-62.81306025230369,17.904884754332517],[-62.81309100173755,17.90490455917712],[-62.813102138245966,17.904912518730686],[-62.81313071198043,17.904935113704855],[-62.81314097995916,17.904944079969543],[-62.81316710281408,17.90496924747271],[-62.81317640337695,17.904979134098994],[-62.81319982377491,17.90500663175574],[-62.81320806735229,17.905017343530528],[-62.81322855974143,17.905046906524753],[-62.81323566694283,17.905058340288292],[-62.81325303396905,17.90508968391347],[-62.81325893634769,17.90510172955283],[-62.81327301075535,17.905134551953854],[-62.813277651467374,17.905147093463338],[-62.81328829771011,17.905181078543517],[-62.81329163206203,17.905193995141843],[-62.81329874760821,17.90522881560702],[-62.81330074348744,17.905241982900538],[-62.81330425980768,17.90527730341109],[-62.81330489799173,17.90529059459169],[-62.813304781219024,17.905326074992036],[-62.813304588741076,17.905332727052507],[-62.81329912430445,17.905432782805118],[-62.81329902080866,17.90543447492535],[-62.8132984099291,17.905443495910706],[-62.81329828434506,17.905445186659982],[-62.81328335151917,17.905629901434438],[-62.813282816365614,17.905635177976336],[-62.81327938873031,17.905663255365067],[-62.8132786385206,17.905668507843934],[-62.81325600260721,17.9058067909497],[-62.8132643230564,17.90581743813001],[-62.81326797740766,17.905822337505402],[-62.813273893605476,17.905830653739702],[-62.81329270498786,17.90583177064077],[-62.81329962994112,17.905832345426408],[-62.81331561101062,17.905834051106854],[-62.81333160819528,17.9058356122017],[-62.8133385039142,17.90583644928271],[-62.81341304852391,17.905847284022347],[-62.813421494772506,17.905848763711894],[-62.813466250253434,17.905857954939222],[-62.81347458731028,17.905859921959937],[-62.81353847391156,17.90587697771001],[-62.81354413846159,17.90587861280106],[-62.81357414598486,17.905887933512886],[-62.81358523649443,17.905891875703723],[-62.81361432673751,17.905903561661724],[-62.813619733340325,17.905905861881045],[-62.81373210603539,17.905956387248448],[-62.81373374041444,17.905957134351716],[-62.81374243013362,17.905961172100255],[-62.813744054399244,17.905961939152697],[-62.813800956755124,17.905989245516984],[-62.81384457738436,17.905994507978594],[-62.813939539664304,17.90600291184291],[-62.813944351714206,17.90600341724218],[-62.8139699603698,17.906006531795956],[-62.81397475156577,17.90600719435435],[-62.814026222198244,17.906015174082206],[-62.81403356731047,17.906016504172154],[-62.81407251846268,17.906024582525333],[-62.81407978003261,17.906026281817834],[-62.81416910420919,17.906049592928213],[-62.81417167704272,17.90605028941027],[-62.814185360974236,17.906054127654198],[-62.81418791961502,17.906054870513607],[-62.814254170308345,17.906074761011194],[-62.814260749720006,17.90607690750617],[-62.81426689533968,17.906079075046122],[-62.814273138920214,17.90608096867933],[-62.81428616577198,17.90608560446281],[-62.814290797131534,17.906087505127594],[-62.814295525415,17.9060891727768],[-62.814308314858295,17.906094379318148],[-62.81431420896977,17.906097113115315],[-62.814320228613454,17.906099583517147],[-62.81432654818791,17.90610235469185],[-62.81437149656445,17.90612335737631],[-62.81437517163307,17.906125138413618],[-62.81439462357616,17.906134908137197],[-62.81439824298621,17.90613679074623],[-62.81442248947051,17.90614984313324],[-62.814428462848134,17.906153246085335],[-62.814437801119105,17.906158867556695],[-62.81444730520604,17.90616422827471],[-62.81445891868814,17.906171536519928],[-62.81445936685189,17.906171849737323],[-62.81445983658459,17.906172132507855],[-62.81447122457358,17.906179759061732],[-62.81447994234435,17.906186229751533],[-62.814488851829054,17.906192456503483],[-62.81449966116091,17.9062008193468],[-62.81450007509901,17.906201173110897],[-62.814500513619386,17.906201498598726],[-62.8145110659549,17.906210157058066],[-62.814519079268855,17.906217414650452],[-62.81452730834834,17.906224447469704],[-62.81453720943039,17.906233784372866],[-62.8145375851564,17.906234175276758],[-62.81453798824129,17.906234540347278],[-62.81454760329874,17.906244147326905],[-62.814554834983305,17.90625212192769],[-62.81456230440713,17.906259893084787],[-62.81457120188658,17.90627011412885],[-62.81457153578202,17.906270538407917],[-62.81457189954947,17.906270939545315],[-62.81458048473057,17.9062814025253],[-62.81458686514058,17.90629001733518],[-62.81459350297396,17.906298451989976],[-62.81460131116302,17.906309458741216],[-62.814601600012274,17.90630991230943],[-62.81460192095902,17.906310345650578],[-62.814609393583495,17.906321563867195],[-62.81461486127183,17.906330735921216],[-62.814620603588565,17.906339752843802],[-62.81462724728965,17.90635143930168],[-62.81462748831094,17.906351917790957],[-62.814627763346046,17.90635237916252],[-62.81463405144797,17.906364244578718],[-62.81463855375735,17.90637388554532],[-62.81464334525537,17.90638339789818],[-62.814646209972764,17.906389461072703],[-62.81465447519159,17.906408163661787],[-62.81465740649326,17.90641536151672],[-62.814671885453166,17.906454145166276],[-62.8146743837614,17.906461491179936],[-62.81468204960785,17.906486423564804],[-62.81468366763656,17.90649214487324],[-62.81469159646655,17.90652282448497],[-62.8146940416945,17.906534442760606],[-62.814699141617076,17.906565668070737],[-62.81470051767566,17.906577446397762],[-62.81470274971819,17.906608978801064],[-62.81470303320103,17.906614899886904],[-62.81470337862718,17.906628709285688],[-62.81470419440162,17.906641087099825],[-62.81470446173282,17.906647736788344],[-62.81470458352921,17.906656109702645],[-62.8147050349758,17.90666447226767],[-62.81470522327518,17.906671124437366],[-62.81470532175918,17.90670810903429],[-62.814705304770456,17.906710582919104],[-62.81470508843974,17.906723775081815],[-62.81470502430444,17.90672624825801],[-62.81470287438782,17.906786859431307],[-62.81470761788899,17.906881901190275],[-62.814717041757284,17.906915032176634],[-62.81472888644012,17.90694595715902],[-62.81475841119189,17.907023042096124],[-62.81476215446726,17.90702854152439],[-62.81482333356683,17.90707631227198],[-62.81482887996903,17.907080876405548],[-62.81485778472794,17.907105933241557],[-62.81486810285473,17.90711585276081],[-62.81489415472017,17.907143629477737],[-62.81490334943636,17.90715451471512],[-62.81492627066187,17.907184715179422],[-62.81493424393981,17.907196450085056],[-62.814953790154874,17.90722875232289],[-62.81495729165604,17.907234899622807],[-62.814998482319375,17.907311879701414],[-62.81500093563462,17.907316696958002],[-62.81501348457374,17.90734262648621],[-62.81501778534885,17.907352520513026],[-62.81502815595645,17.907379317902148],[-62.81502999669607,17.907384379212754],[-62.815068975247925,17.90749878818549],[-62.815070448206775,17.90750338671958],[-62.81507784717473,17.90752803790225],[-62.815079148828836,17.90753268356167],[-62.815079790169655,17.907535146309396],[-62.81507980853759,17.907535216865714],[-62.8150939669376,17.90758962433755],[-62.81509790114838,17.90759099569922],[-62.81513789941406,17.907551036174],[-62.815238932577486,17.907434158912746],[-62.81524324032881,17.907429404728862],[-62.815266817174845,17.907404573109574],[-62.81527610035343,17.90739566409492],[-62.81530198044989,17.90737303216233],[-62.815312086430886,17.907364985515514],[-62.815340046828474,17.90734474823601],[-62.81534538142011,17.907341070269545],[-62.81571880926778,17.90709600482719],[-62.81572045296961,17.907094942249685],[-62.81572926039872,17.90708933421444],[-62.81573091948281,17.907088293778735],[-62.81606942761692,17.90687923816449],[-62.81607506920565,17.906875930074843],[-62.81610557159479,17.9068589691964],[-62.81611136840201,17.90685591695662],[-62.81630803164076,17.906758022941464],[-62.816314275634326,17.906755098901833],[-62.8163153357346,17.906754632970046],[-62.816319275165164,17.90675272324337],[-62.81633365073203,17.90674658322129],[-62.81634795651477,17.90674029558796],[-62.81635205506787,17.906738722448853],[-62.816353120339016,17.90673826745522],[-62.816359535809845,17.906735706137184],[-62.81651126878732,17.906679271813477],[-62.81661093542797,17.9066420888828],[-62.81661153385238,17.906641867120374],[-62.81661472823193,17.906640691315925],[-62.816615327699836,17.906640472151675],[-62.81661879639154,17.90663921261827],[-62.81665314385604,17.906616277328745],[-62.81665353162767,17.90661601931574],[-62.816655602133785,17.90661464655129],[-62.816655990801934,17.90661438977762],[-62.81669613946012,17.906587960044643],[-62.81672226183505,17.906570154575892],[-62.816796131534986,17.90651890220353],[-62.81690040565403,17.906444058198375],[-62.81701680394409,17.906359263335844],[-62.817080204062805,17.906297071759802],[-62.817081381368155,17.906295930480745],[-62.81708769771885,17.90628987943059],[-62.817088889045,17.90628875156583],[-62.817115303452056,17.90626403839687],[-62.81711558178792,17.906263778701266],[-62.81711706822831,17.90626239561068],[-62.81711734730759,17.90626213664732],[-62.817204663857396,17.9061813359541],[-62.817204907077155,17.90618111142074],[-62.817206205739225,17.90617991539287],[-62.817206449517734,17.906179691415787],[-62.817296515164614,17.906097138852],[-62.817296873572325,17.906096811489903],[-62.81729878826389,17.90609506876444],[-62.817299147865505,17.90609474260449],[-62.817367018167694,17.906033399246947],[-62.817367495460566,17.90603296984818],[-62.81737004654058,17.906030685369124],[-62.8173705259027,17.90603025808824],[-62.81740623426919,17.905998576581666],[-62.81746368881667,17.90594746992604],[-62.817468895591745,17.90594306134579],[-62.81746992888877,17.905942228812084],[-62.81747527767084,17.905937625638337],[-62.8174863390796,17.905929007019736],[-62.81749725086615,17.905920215323903],[-62.81750297428246,17.905916045515244],[-62.8175040217476,17.905915229370954],[-62.817509518938614,17.905911156735208],[-62.8176522667939,17.90581066469494],[-62.81771869115806,17.905762815390037],[-62.81771894678673,17.905762631678034],[-62.81772031129297,17.90576165335484],[-62.817720567354144,17.905761470195642],[-62.81785307715779,17.905666909438157],[-62.81785377953963,17.905666409148417],[-62.81797631117955,17.90557932441083],[-62.81798113291458,17.90557604481754],[-62.818007219062736,17.905559075294786],[-62.81801727038715,17.90555310833507],[-62.81804474454766,17.905538281828605],[-62.818049956603964,17.905535604870636],[-62.81812355585022,17.905499677971143],[-62.81812971540572,17.905496848326056],[-62.81816292737445,17.905482524070898],[-62.81817563796787,17.905477733781186],[-62.818210136946114,17.905466539554066],[-62.81821665840237,17.905464590057974],[-62.81823403118388,17.90545983385245],[-62.8182407591055,17.905458161784615],[-62.81824098191664,17.905458111964137],[-62.818241200507096,17.90545804723659],[-62.818254663087586,17.905454744157545],[-62.81826578927107,17.90545256504809],[-62.81827684826835,17.905450092258917],[-62.81829052049573,17.90544770557701],[-62.818290747334636,17.90544767690472],[-62.81829097149938,17.90544763300108],[-62.81830470742663,17.905445609137022],[-62.8183160031341,17.905444484586123],[-62.81832726204614,17.905443061464993],[-62.81834111278918,17.905441969258387],[-62.81834134147131,17.905441962010407],[-62.81834156905156,17.90544193935348],[-62.818348498249726,17.90544141370479],[-62.81842107715007,17.905437620996224],[-62.81842785491082,17.90543742246761],[-62.81846400871938,17.905437192545833],[-62.81847755516688,17.905437727742086],[-62.81851356625786,17.905440808771836],[-62.818526997167844,17.90544258169895],[-62.81856253548276,17.905448945441155],[-62.81857572775466,17.905451939849428],[-62.818610467568114,17.905461527977444],[-62.81862330028852,17.905465716421723],[-62.818656923193565,17.905478441055845],[-62.818669278744416,17.90548378514707],[-62.81870147657086,17.90549952966003],[-62.81870743981949,17.905502620168527],[-62.81871872326095,17.90550880681431],[-62.81872478553689,17.90551232652745],[-62.818756606753475,17.905531861162476],[-62.81876814180278,17.905539749236514],[-62.81879776375158,17.9055622316079],[-62.8188032076134,17.905566580198165],[-62.81888267791935,17.905633361874717],[-62.81900671346508,17.905719597173686],[-62.81901053873946,17.905722352405967],[-62.81903067500144,17.90573737284026],[-62.81903440082529,17.905740250270842],[-62.819060885109636,17.905761421188306],[-62.819083464706566,17.905775032909922],[-62.819149898478244,17.9057912880316],[-62.81938357661618,17.905831700699373],[-62.81958625697237,17.90585330653106],[-62.819595592295904,17.905853574205036],[-62.81967264382728,17.905848593588033],[-62.81973287520227,17.905835727754212],[-62.81984207423508,17.90581006769932],[-62.819845637962054,17.905809276855667],[-62.81986469823256,17.905805294725994],[-62.81986828210703,17.90580459227101],[-62.82001507311133,17.905777706888976],[-62.82001709261297,17.905777351517695],[-62.820027877073734,17.905775531055653],[-62.82002990174488,17.905775203753674],[-62.820124264843294,17.905760622083974],[-62.82013115207513,17.90575972324321],[-62.82016798470241,17.90575579506662],[-62.82018185579831,17.90575497261566],[-62.82021891323891,17.9057545196707],[-62.820232801745696,17.905755002822133],[-62.82026972711914,17.9057580294709],[-62.820283499284,17.905759813571756],[-62.820319936981704,17.90576629066622],[-62.820333460172236,17.90576935853479],[-62.82036905928201,17.90577922369753],[-62.82038220326349,17.905783545788804],[-62.82041662094894,17.905796704013667],[-62.82042925913851,17.90580223870387],[-62.82046216394064,17.905818563270937],[-62.82047417462635,17.905825257258392],[-62.820505249655625,17.905844590954324],[-62.82051651716855,17.905852379772718],[-62.82054546315665,17.905874536404735],[-62.82055587898481,17.905883345043996],[-62.82058241716665,17.905908111232996],[-62.82059188100007,17.905917854861627],[-62.82061575579849,17.905944992097066],[-62.82062417649519,17.905955576879116],[-62.82064515798231,17.905984823815942],[-62.820652454446055,17.905996147814694],[-62.82067034055761,17.90602722279022],[-62.820676442518966,17.906039176949825],[-62.820691061000296,17.906071780696216],[-62.82069590969334,17.906084249892],[-62.820707119758424,17.90611806841834],[-62.82071066848674,17.906130932565457],[-62.82071836217408,17.906165640181644],[-62.82072057676049,17.906178775391577],[-62.82072467997293,17.906214037844833],[-62.82072553908873,17.906227317618487],[-62.82072601230719,17.906262795312397],[-62.820725507677494,17.90627609175835],[-62.82072234634165,17.906311443023334],[-62.82072048282521,17.90632462808949],[-62.82071371737754,17.90635951247327],[-62.82071051291996,17.906372459180083],[-62.820700208512655,17.90640654072646],[-62.82069569397362,17.90641912438983],[-62.82068194984125,17.906452074874107],[-62.82067616869738,17.906464174306144],[-62.82065911720134,17.90649567639617],[-62.82065212512748,17.906507175072313],[-62.82063193048127,17.90653692538458],[-62.82062379481439,17.90654771256585],[-62.820600651502346,17.906575424587302],[-62.82059145059299,17.906585396386742],[-62.820565581497206,17.906610803234084],[-62.82055540395507,17.906619863617294],[-62.820527058209045,17.906642720607316],[-62.82051600204949,17.906650782317328],[-62.82048545263879,17.906670869323335],[-62.82047362433897,17.906677854720975],[-62.82044116547221,17.90669497829284],[-62.82042867894568,17.906700820104433],[-62.82039462322109,17.90671481533163],[-62.820381598720566,17.90671945729695],[-62.82034627411546,17.906730189396786],[-62.82033283707488,17.90673358681082],[-62.820296583786984,17.906740952426524],[-62.82028975088242,17.906742173724126],[-62.82020282058963,17.9067556068208],[-62.82007660210062,17.906778724259183]]]}},{"id":"12","type":"Feature","properties":{"feature_id":"AEP_COMP_70635734","layer_key":"eau_aep","layer_label":"Eau AEP","state_geometry_mode":"hydraulic_zoning_v2","service_unit_kind":"hydraulic_zone_component","service_feature_id":"AEP_COMP_70635734","zone_component_key":"AEP_COMP_70635734","zone_uid":"AEP_COMP_70635734","network_kind":"AEP","feature_role":"canalisation","state_annual_storm":"S0","state_rp50_storm":"S0","state_rp100_storm":"S0","state_p99_storm":"S0","state_top10_storm":"S0","state_top5_storm":"S0","state_annual_storm_cmcc":"S0","state_rp50_storm_cmcc":"S0","state_rp100_storm_cmcc":"S0","state_p99_storm_cmcc":"S0","state_top10_storm_cmcc":"S0","state_top5_storm_cmcc":"S0"},"geometry":{"type":"Polygon","coordinates":[[[-62.84854495832498,17.89434472566013],[-62.84854490897534,17.894344758805424],[-62.848542718522744,17.894346154486914],[-62.84853683947275,17.894349704244913],[-62.8485050182936,17.89436788837057],[-62.84849275025274,17.89437413860484],[-62.84845922069384,17.894389248908656],[-62.84844637185653,17.894394317751395],[-62.84841145682776,17.894406208711825],[-62.848398150936156,17.894410047346952],[-62.84836218669064,17.894418604446674],[-62.848348551888705,17.89442117590574],[-62.84831188478444,17.8944263167346],[-62.84829805238375,17.894427596252864],[-62.84826103554783,17.894429271301462],[-62.84824713876309,17.894429246556378],[-62.848210128690845,17.894427439692976],[-62.84819630135679,17.89442611092285],[-62.848159654478394,17.894420839548705],[-62.84814602976094,17.894418219550445],[-62.848110099008686,17.894409534432192],[-62.84809680812231,17.89440564843802],[-62.848061939531604,17.89439363321878],[-62.848049110475706,17.894388518653244],[-62.84801563985241,17.894373289047063],[-62.84800339617859,17.894366995166582],[-62.84797164586496,17.894348697843977],[-62.84796010548714,17.89434128526254],[-62.847930381257406,17.89432009643797],[-62.84791965531612,17.89431163654325],[-62.84789224343171,17.894287760278036],[-62.84788243522382,17.89427833454396],[-62.84785759967643,17.894252000780977],[-62.847848803660355,17.89424169998305],[-62.84782678362954,17.89421316233221],[-62.84781908451549,17.89420208567325],[-62.84780009206529,17.894171618969057],[-62.8477935639995,17.894159873123833],[-62.84777778203617,17.894127770778535],[-62.84777248788685,17.894115468866378],[-62.847760068397406,17.894082040044154],[-62.84775605914931,17.894069300539563],[-62.84774712173791,17.89403486717912],[-62.84774443600137,17.894021812770777],[-62.84773906673754,17.89398670648482],[-62.84773773037663,17.893973462894017],[-62.847735980966455,17.89393802177566],[-62.84773600684995,17.893924716545488],[-62.84773789413828,17.893889281912184],[-62.84773928201579,17.89387604317928],[-62.84774478782401,17.89384095628575],[-62.847747524328454,17.89382791154624],[-62.84775659562982,17.893793510298014],[-62.847760654406116,17.893780785179658],[-62.84777320383644,17.893747400878883],[-62.847778545795435,17.893735117931232],[-62.847794452494554,17.893703072086076],[-62.847801026189494,17.89369134960024],[-62.84782013696533,17.893660950828604],[-62.84782787908734,17.893649901698105],[-62.847850009891324,17.893621442755535],[-62.84785884587912,17.893611173389036],[-62.84788378357869,17.89358492834937],[-62.84789362833664,17.89357553764598],[-62.84792113276785,17.8935517592619],[-62.84793189148561,17.8935433376587],[-62.84796169776608,17.893522254927664],[-62.84796738779783,17.893518433270025],[-62.847969528076,17.89351706956053],[-62.84797135571011,17.893515904470565],[-62.84797723388282,17.893512353422725],[-62.848009050552335,17.893494162309352],[-62.8480213170335,17.89348790937831],[-62.84805484279465,17.89347279169612],[-62.848067690347065,17.893467720022855],[-62.84810260233035,17.89345582136233],[-62.84811590722583,17.89345197978948],[-62.848151869212096,17.89344341474036],[-62.84816550331818,17.893440840264063],[-62.84820216897647,17.893435691311833],[-62.8482160009903,17.893434408725522],[-62.84825301721313,17.893432725457014],[-62.84826691392591,17.893432747112605],[-62.84830392422978,17.893434545738508],[-62.84831775180973,17.893435871427467],[-62.848354399768134,17.89344113462619],[-62.84836802504916,17.893443751581504],[-62.84840395772504,17.89345242866601],[-62.84841724948928,17.893456311685178],[-62.84845212083395,17.89346831909107],[-62.84846495107536,17.893473430778805],[-62.84849842526096,17.893488652869106],[-62.84851067041807,17.893494943997432],[-62.84854242507178,17.893513234176197],[-62.84855396721765,17.893520644158546],[-62.848583696526134,17.893541826282576],[-62.848594424504014,17.893550283757268],[-62.84862184215864,17.893574153832493],[-62.84863165265243,17.89358357734993],[-62.84865649460643,17.893609905495865],[-62.8486652931357,17.893620204302938],[-62.848687320147185,17.893648736966533],[-62.848695021977065,17.893659811880614],[-62.84871402191294,17.893690274278036],[-62.84872055287017,17.893702018642145],[-62.848736342749255,17.893734117405085],[-62.8487416399365,17.893746418114986],[-62.84875406769173,17.893779844115862],[-62.84875808009338,17.893792582709374],[-62.848767026036356,17.893827014038393],[-62.84876971500988,17.893840067836166],[-62.848775092983644,17.893875172901442],[-62.848776432631695,17.893888416188464],[-62.84877819084057,17.893923856909403],[-62.84877816826054,17.893937162145676],[-62.84877628976904,17.893972597208883],[-62.84877490517727,17.89398583625768],[-62.84876940807336,17.894020924403954],[-62.84876667480311,17.894033969765914],[-62.84875761202408,17.89406837307679],[-62.84875355639723,17.89408109911772],[-62.84874101521999,17.89411448626984],[-62.848735676293515,17.8941267704307],[-62.84871977749417,17.894158819886627],[-62.84871320668408,17.89417054386388],[-62.84869410337492,17.89420094696872],[-62.84868636396109,17.8942119978536],[-62.848664240116044,17.894240461807613],[-62.84865540663286,17.894250733173575],[-62.84863047531581,17.89427698385197],[-62.84862063283434,17.894286376779622],[-62.84859313414725,17.894310161372626],[-62.84858237745596,17.894318585402434],[-62.848552576226545,17.89433967485003],[-62.84854688710755,17.894343497788835],[-62.8485450093064,17.894344694861818],[-62.84854495832498,17.89434472566013]]]}},{"id":"13","type":"Feature","properties":{"feature_id":"AEP_COMP_70769331","layer_key":"eau_aep","layer_label":"Eau AEP","state_geometry_mode":"hydraulic_zoning_v2","service_unit_kind":"hydraulic_zone_component","service_feature_id":"AEP_COMP_70769331","zone_component_key":"AEP_COMP_70769331","zone_uid":"AEP_COMP_70769331","network_kind":"AEP","feature_role":"canalisation","state_annual_storm":"S0","state_rp50_storm":"S0","state_rp100_storm":"S0","state_p99_storm":"S0","state_top10_storm":"S0","state_top5_storm":"S0","state_annual_storm_cmcc":"S0","state_rp50_storm_cmcc":"S0","state_rp100_storm_cmcc":"S0","state_p99_storm_cmcc":"S0","state_top10_storm_cmcc":"S0","state_top5_storm_cmcc":"S0"},"geometry":{"type":"Polygon","coordinates":[[[-62.851753809422576,17.91146406190346],[-62.8517447704341,17.91145567920538],[-62.85174308930218,17.911454093931805],[-62.851724158253774,17.91143594238074],[-62.851595422288895,17.911317439382515],[-62.85159437066033,17.911316461264654],[-62.8515887903321,17.91131121698121],[-62.85158774933759,17.91131022849278],[-62.851474315951336,17.91120139544781],[-62.851350878740206,17.91109747008546],[-62.851345245930894,17.91109246165175],[-62.85131598342539,17.911064989386603],[-62.851310642795134,17.911059695720912],[-62.851153023164066,17.910894727459162],[-62.85114899892557,17.910890328776027],[-62.85112807460345,17.910866437068385],[-62.851124252221155,17.91086187636116],[-62.85108844034358,17.91081720683335],[-62.85108434473127,17.91081182998691],[-62.85106324951878,17.91078265770307],[-62.85105590904349,17.910771359671248],[-62.85103790221099,17.910740348366893],[-62.85103175382927,17.910728415936408],[-62.8510170087908,17.910695864268522],[-62.85101211171426,17.910683412355617],[-62.85100077047055,17.910649633815563],[-62.850997171859866,17.910636782339292],[-62.85098934363087,17.91060210223367],[-62.85098707814166,17.91058897496105],[-62.85098283831478,17.9105537272788],[-62.850981927763875,17.91054045063278],[-62.85098131716808,17.910504974828633],[-62.85098177032348,17.91049167667066],[-62.850984794836144,17.910456314396033],[-62.850986607332615,17.910443122794582],[-62.850993237823104,17.910408214607262],[-62.85099639220424,17.910395256604513],[-62.85100656481453,17.91036113868892],[-62.85101103070092,17.9103485390773],[-62.851024647460704,17.910315540006845],[-62.85103038184252,17.910303420127168],[-62.851047311612824,17.91027185769997],[-62.85105425926412,17.910260334272913],[-62.85107433900027,17.910230512451257],[-62.85108243301079,17.91021969645325],[-62.85110546933275,17.910191902436303],[-62.851114631752445,17.910181898030814],[-62.851140402807175,17.910156399488784],[-62.85115054539676,17.910147303023216],[-62.85117880299485,17.910124345519606],[-62.851189828075746,17.910116244597344],[-62.85122030008159,17.910096049224077],[-62.85123210147652,17.910089021860948],[-62.8512644944291,17.91007178310922],[-62.851276958484696,17.91006589698209],[-62.851310960423774,17.91005178086934],[-62.85132396710504,17.91004709266443],[-62.8513592505754,17.910036235135518],[-62.851372674621715,17.910032790002454],[-62.85140889982667,17.910025295620528],[-62.85142261195814,17.91002312673758],[-62.85145943003189,17.910019067677087],[-62.85147329819421,17.910018195931617],[-62.85151035456147,17.910017611283216],[-62.851524245197794,17.910018045070558],[-62.851561182988455,17.910020940464715],[-62.851574962325465,17.910022675607294],[-62.851611425811356,17.910029023160035],[-62.85162496114757,17.910032042947623],[-62.851660599168156,17.910041781529053],[-62.85167376015189,17.910046056879683],[-62.85170822949605,17.910059092702692],[-62.85172088938072,17.910064582442732],[-62.851753858091996,17.910080789966198],[-62.85176589495672,17.91008744122684],[-62.8517970455301,17.910106664364587],[-62.85180834345385,17.910114413091026],[-62.851837375893496,17.910136466715024],[-62.85184782607142,17.91014523828327],[-62.85187446077973,17.91016991000642],[-62.851883962571044,17.91017961994201],[-62.8519079430413,17.910206672163532],[-62.851912309314706,17.91021185012556],[-62.85193447625809,17.910239499648196],[-62.85205792417282,17.910368702445336],[-62.852172878793795,17.9104654857317],[-62.852176293036834,17.910468456068177],[-62.852194228013715,17.910484577561096],[-62.85219753938702,17.91048765278448],[-62.85231912830573,17.9106043101655],[-62.85244780403448,17.910722757269774],[-62.8524488394082,17.910723720108486],[-62.852454333923184,17.910728882054695],[-62.852455358992586,17.910729854945824],[-62.8524719157483,17.910745729905845],[-62.85247761306181,17.910750840155757],[-62.85248256746805,17.910755507842264],[-62.85250833709115,17.910781007791737],[-62.8525174989459,17.910791012697626],[-62.85254053369005,17.910818807972774],[-62.852548627083614,17.91082962441288],[-62.85256870511097,17.91085944733137],[-62.85257565209916,17.910870971137964],[-62.85259258004606,17.910902534490035],[-62.85259831372505,17.910914654683005],[-62.852611928564365,17.910947654497463],[-62.852616393714946,17.910960254353114],[-62.852626564326144,17.910994372824636],[-62.85262971794556,17.911007330999784],[-62.85263634637758,17.91104223954955],[-62.85263815809377,17.91105543125011],[-62.85264118050838,17.91109079369018],[-62.85264163287244,17.911104091872993],[-62.85264102015919,17.91113956764396],[-62.852640108813496,17.911152844240277],[-62.8526358668702,17.911188091690974],[-62.8526336005904,17.911201218839846],[-62.8526257702664,17.91123589851775],[-62.85262217087695,17.911248749797362],[-62.85261082757983,17.911282527717596],[-62.85260592974387,17.91129497936285],[-62.852591182713404,17.911327530224753],[-62.85258503359892,17.911339462319145],[-62.85256702485505,17.911370472639092],[-62.852559683680724,17.9113817702696],[-62.852538586655925,17.911410941400053],[-62.85253012412079,17.911421495763854],[-62.852506141989956,17.911448546769567],[-62.852496639592566,17.911458256221852],[-62.85247000331624,17.91148292658548],[-62.8524595525698,17.911491697618402],[-62.85243051867001,17.91151374974945],[-62.852419220221115,17.91152149789264],[-62.85238806831088,17.91154071941568],[-62.85237603097009,17.911547370049796],[-62.85234306106061,17.911563575849787],[-62.852330400754695,17.911569064925132],[-62.85229593036595,17.911582098930246],[-62.85228276902129,17.91158637358364],[-62.852247130124155,17.911596110268338],[-62.85223359449261,17.91159912933221],[-62.85219713031168,17.911605474926183],[-62.852183350749776,17.911607209325084],[-62.85214641245785,17.911610102716313],[-62.85213252167138,17.911610535746906],[-62.852095465007324,17.911609949070247],[-62.85208159677327,17.911609076562186],[-62.85204477861599,17.911605015467735],[-62.85203106649414,17.91160284582381],[-62.8519948414255,17.91159534942246],[-62.85198141747212,17.911591903537715],[-62.85194613436206,17.91158104402451],[-62.851933127858125,17.911576355084968],[-62.85189912650466,17.911562237043775],[-62.85188666271074,17.91155635020684],[-62.85185427056751,17.911539109603154],[-62.85184246951746,17.911532081562715],[-62.85181199854006,17.911511884434177],[-62.85180097388488,17.91150378287456],[-62.851772717526515,17.911480823731868],[-62.85176752984723,17.911476394380415],[-62.851755517911336,17.911465620141673],[-62.851753809422576,17.91146406190346]]]}},{"id":"14","type":"Feature","properties":{"feature_id":"AEP_SECT_9725ZS001","layer_key":"eau_aep","layer_label":"Eau AEP","state_geometry_mode":"hydraulic_zoning_v2","service_unit_kind":"hydraulic_zone_component","service_feature_id":"AEP_SECT_9725ZS001","zone_component_key":"AEP_SECT_9725ZS001","zone_uid":"AEP_SECT_9725ZS001","network_kind":"AEP","feature_role":"canalisation","state_annual_storm":"S0","state_rp50_storm":"S0","state_rp100_storm":"S0","state_p99_storm":"S0","state_top10_storm":"S0","state_top5_storm":"S0","state_annual_storm_cmcc":"S0","state_rp50_storm_cmcc":"S0","state_rp100_storm_cmcc":"S0","state_p99_storm_cmcc":"S0","state_top10_storm_cmcc":"S0","state_top5_storm_cmcc":"S0"},"geometry":{"type":"Polygon","coordinates":[[[-62.85053975054627,17.90153748519307],[-62.85052615202349,17.901534740813844],[-62.85049030805339,17.9015257277633],[-62.85047705598051,17.901521720497136],[-62.85044230736376,17.90150938720536],[-62.85042952936641,17.901504155644748],[-62.85039621075342,17.901488620888994],[-62.85038402989145,17.901482215417097],[-62.8503524621605,17.901463628806688],[-62.850340995742876,17.90145611111216],[-62.85031148290977,17.90143465164755],[-62.85030084136476,17.901426094130382],[-62.850273667654996,17.901401968479306],[-62.850263953466666,17.901392453553584],[-62.85023938057814,17.901365894060646],[-62.850230687299394,17.901355513360837],[-62.850208951882074,17.90132677580986],[-62.8502013632337,17.90131562930827],[-62.850182674610565,17.901284990458883],[-62.85017626367493,17.90127318550291],[-62.850160801826185,17.901240940425204],[-62.85015563034346,17.90122859070344],[-62.850143544173186,17.901195049936177],[-62.850139661946756,17.901182274383554],[-62.85013106784905,17.901147760943502],[-62.85012851226595,17.90113468259585],[-62.85012349300398,17.90109952886691],[-62.85012228867481,17.901086273676043],[-62.85012089258397,17.9010508182082],[-62.850121051105994,17.901037513828953],[-62.850123291628414,17.901002098077818],[-62.850123881994286,17.900995467497925],[-62.85012836466625,17.90095646003249],[-62.850131772722804,17.900926743528473],[-62.850132680040666,17.90092027254165],[-62.85013838396872,17.900885892138273],[-62.85014116876032,17.90087311302371],[-62.85015029983209,17.900839417175604],[-62.8501543554035,17.900826953706925],[-62.85016682896546,17.90079425479627],[-62.85017211771799,17.900782222517815],[-62.85018781812983,17.900750823684323],[-62.85019429103251,17.900739334142916],[-62.85021307273926,17.900709526473545],[-62.85022066978342,17.90069868618444],[-62.85024235866491,17.900670746014864],[-62.85025100942052,17.90066065547426],[-62.85027540440567,17.900634841827102],[-62.85028502867431,17.900625594580514],[-62.85031190360517,17.900602146764083],[-62.85032241216347,17.90059382853913],[-62.850351517891895,17.900572963928905],[-62.85036281331879,17.90056565184055],[-62.8503938800162,17.900547563864045],[-62.85040585759598,17.90054132569974],[-62.85043859725482,17.900526182043325],[-62.85045114594796,17.900521075634583],[-62.85048525505164,17.900509016688964],[-62.85049825852417,17.90050508937522],[-62.85053342086085,17.900496226933985],[-62.85054675856282,17.90049351512377],[-62.850582648156774,17.900487931346973],[-62.850596196439845,17.90048646018037],[-62.85063248057342,17.90048420683294],[-62.85064611383702,17.900483989948533],[-62.85068245613503,17.90048508792034],[-62.85069604799086,17.900486127328787],[-62.85073211153891,17.900490566441015],[-62.85074553598246,17.900492852506382],[-62.85078098645028,17.900500591605862],[-62.85079411902906,17.900504103135006],[-62.85082862776983,17.900515070475755],[-62.85084134673703,17.900519774914727],[-62.85087459383408,17.90053386882303],[-62.850886781277204,17.900539722558896],[-62.850918458509796,17.900556812375864],[-62.85093000144379,17.900563761141026],[-62.85095981514441,17.900583688433876],[-62.85096531121918,17.90058755370208],[-62.8510865905311,17.900677229826275],[-62.851101713100384,17.90068841127227],[-62.851221394080895,17.900771724269454],[-62.85126791605428,17.900801757958483],[-62.85129587681131,17.900816773382097],[-62.85129938626561,17.900817574553326],[-62.851557812153615,17.90084568964428],[-62.85155894113628,17.90084581686599],[-62.85156495943588,17.900846518508125],[-62.851566087315554,17.90084665440222],[-62.8516875982338,17.90086176933198],[-62.851694466994026,17.90086278843067],[-62.85173093904033,17.90086908081405],[-62.851744478649536,17.900872080122433],[-62.85178013087142,17.900881764782362],[-62.85179329822034,17.90088602021979],[-62.85182778726995,17.900899003888448],[-62.85184045555073,17.90090447447305],[-62.851873449281804,17.900920632111585],[-62.851885496492685,17.900927265159037],[-62.851916677159295,17.9009464411617],[-62.85192798727961,17.90095417279259],[-62.851957054596106,17.90097618248527],[-62.85196751870356,17.90098493824026],[-62.85199419273644,17.90100956965894],[-62.852003710056124,17.901019265215858],[-62.852027733919975,17.90104628114792],[-62.852036212794786,17.90105682313375],[-62.852057355126156,17.90108596340236],[-62.85206471389962,17.901097250292548],[-62.85208277108525,17.9011282342623],[-62.85208893888785,17.901140157358363],[-62.85210373702559,17.901172686637874],[-62.85210865445735,17.90118513111431],[-62.85212005103099,17.901218892429817],[-62.852123670733505,17.901231738439854],[-62.85213155598541,17.901266406652258],[-62.852133843097995,17.901279530482043],[-62.85213814108615,17.901314771718067],[-62.852139073581604,17.901328046978104],[-62.85213974291114,17.901363521845674],[-62.852139311807925,17.901376820688032],[-62.85213634602988,17.9014121875448],[-62.852134555478635,17.9014253818943],[-62.85212798315212,17.901460300137874],[-62.852124850395754,17.90147326292559],[-62.852114734813114,17.901507396273672],[-62.852110290020796,17.901520002660625],[-62.852096728598084,17.901553022389674],[-62.85209101457471,17.90156515096915],[-62.85207413791369,17.901596739080155],[-62.85206720968769,17.901608273046893],[-62.852047180318124,17.901638125327928],[-62.852039104611556,17.901648953603075],[-62.852016115426,17.901676782559093],[-62.852006970011956,17.90168680085994],[-62.851981242408165,17.901712338481502],[-62.85197111536188,17.901721450325812],[-62.85194289711067,17.901744450670268],[-62.851931885961186,17.901752568305493],[-62.85190144882023,17.901772809865573],[-62.85188965961124,17.901779855113926],[-62.8518572967079,17.901797142951054],[-62.851844842976426,17.90180304796248],[-62.851810865984724,17.90181721558415],[-62.851797867667685,17.901821923489752],[-62.8517626038067,17.90183283445301],[-62.85174918608583,17.90183629991274],[-62.85171297496822,17.901843849138263],[-62.8516992670645,17.901846038777585],[-62.851662457425824,17.901850153561632],[-62.85164859135488,17.90185104629298],[-62.851611537695,17.90185168700762],[-62.85159764699581,17.901851274233433],[-62.85156070616467,17.90184843470823],[-62.851553793410616,17.9018477395076],[-62.85143641539241,17.901833138672174],[-62.85115089664006,17.90180207601266],[-62.85114242330565,17.90180090481196],[-62.85109747060456,17.90179335691318],[-62.85108908667613,17.90179169765185],[-62.85098456677901,17.90176783684547],[-62.85097824204079,17.901766244346742],[-62.85094473287592,17.901757010053053],[-62.85093234732795,17.901752995457485],[-62.85089987067425,17.901740841406035],[-62.85088792470484,17.901735750183107],[-62.850856757459006,17.90172077999974],[-62.85085098131554,17.901717843868802],[-62.85074126996355,17.901658926852765],[-62.85073626023513,17.90165610560758],[-62.850709875383814,17.901640540480436],[-62.850704990793005,17.901637524802965],[-62.85063316503029,17.90159115538193],[-62.8506310987323,17.901589795787277],[-62.85062014638463,17.901582451788524],[-62.850618105552236,17.901581057383645],[-62.85055996085286,17.901540581295983],[-62.85053975054627,17.90153748519307]]]}},{"id":"15","type":"Feature","properties":{"feature_id":"AEP_SECT_9725ZS002","layer_key":"eau_aep","layer_label":"Eau AEP","state_geometry_mode":"hydraulic_zoning_v2","service_unit_kind":"hydraulic_zone_component","service_feature_id":"AEP_SECT_9725ZS002","zone_component_key":"AEP_SECT_9725ZS002","zone_uid":"AEP_SECT_9725ZS002","network_kind":"AEP","feature_role":"canalisation","state_annual_storm":"S0","state_rp50_storm":"S0","state_rp100_storm":"S0","state_p99_storm":"S0","state_top10_storm":"S0","state_top5_storm":"S0","state_annual_storm_cmcc":"S0","state_rp50_storm_cmcc":"S0","state_rp100_storm_cmcc":"S0","state_p99_storm_cmcc":"S0","state_top10_storm_cmcc":"S0","state_top5_storm_cmcc":"S0"},"geometry":{"type":"Polygon","coordinates":[[[-62.8535425384379,17.89720763739291],[-62.853559536559914,17.897239165540835],[-62.85357322509511,17.897272137030892],[-62.85358347222664,17.897306234325107],[-62.85359017928317,17.897341129063832],[-62.853593281586065,17.8973764852299],[-62.853592749391,17.897411962222446],[-62.85358858769638,17.89744721847232],[-62.85358083652408,17.897481914424997],[-62.853569570728105,17.897515715884794],[-62.85355489867026,17.897548297267843],[-62.85353696165098,17.897579345036377],[-62.85351593239705,17.89760855995734],[-62.85349201354803,17.897635660807133],[-62.8534654352945,17.897660386448795],[-62.85343645367616,17.897682498903936],[-62.85340534784253,17.89770178515846],[-62.85337241731329,17.89771805942025],[-62.853337979238795,17.89773116501524],[-62.853302365283525,17.89774097574095],[-62.853265918415104,17.897747397129514],[-62.853228989599245,17.89775036725867],[-62.85319193458906,17.897749857653274],[-62.85315511014886,17.897745873101652],[-62.85311887093831,17.897738451924443],[-62.853083566019464,17.89772766579113],[-62.85304953545899,17.897713618452105],[-62.8530171067411,17.89769644519353],[-62.85298659240842,17.897676311389414],[-62.8529582861925,17.897653411052392],[-62.85294894705504,17.89764420891989],[-62.85296126734535,17.89766997095578],[-62.852972916202624,17.897701934847053],[-62.85298139128334,17.897734801749046],[-62.85298661833564,17.897768283542394],[-62.852988551528654,17.897802086615428],[-62.8529871739224,17.89783591466651],[-62.85298249765468,17.897869471054243],[-62.8529745636557,17.89790246150889],[-62.85296344145712,17.897934596934192],[-62.85294546710556,17.897979388248025],[-62.852929715834094,17.89801332222289],[-62.852910412190006,17.898045530463694],[-62.852887759711855,17.8980756730869],[-62.852861997323544,17.89810343219965],[-62.8528333967828,17.898128514880774],[-62.852802259940695,17.898150656522997],[-62.85272919900766,17.898197234697413],[-62.85272919891325,17.898197234697342],[-62.85272919806314,17.898197235239017],[-62.85268779631563,17.89822362985648],[-62.852658180199334,17.89824069133411],[-62.85262705886763,17.89825508877366],[-62.85260102981681,17.89826442793344],[-62.85256750506761,17.898285881149505],[-62.85256750450094,17.898285881420232],[-62.852567503650825,17.898285881961915],[-62.852442884928394,17.89836562793867],[-62.852250246951954,17.89848899601457],[-62.85224025640262,17.898495178232466],[-62.852154038261716,17.898546706014162],[-62.85215403722271,17.89854670664608],[-62.85215403703382,17.898546706736326],[-62.85212355866785,17.898564922081455],[-62.85210243479367,17.898576655456736],[-62.85205867691031,17.898599182834964],[-62.852055547614185,17.898600609025447],[-62.85205254699063,17.898602269596996],[-62.85203882353072,17.898608230954466],[-62.85202521552035,17.898614432737986],[-62.85202195496247,17.898615558471864],[-62.852018799183014,17.898616929324724],[-62.85200453302289,17.89862157359854],[-62.85199035407558,17.89862646903293],[-62.85198699360851,17.898627283487514],[-62.85198371298915,17.89862835144815],[-62.851969038697185,17.89863163490257],[-62.85195442819975,17.898635175826826],[-62.85195100143964,17.898635670892784],[-62.85194762638817,17.89863642604167],[-62.851932685320314,17.898638316786947],[-62.851917783875074,17.89864046941262],[-62.851914322735816,17.89864064050444],[-62.851910886867934,17.898641075274572],[-62.8518958229182,17.898641554800268],[-62.851880774137584,17.898642298628193],[-62.85187731289081,17.898642144144965],[-62.85187384830888,17.89864225440294],[-62.851858807625604,17.89864131802966],[-62.85184375529968,17.898640646028603],[-62.8518403261376,17.898640167350635],[-62.851836867396,17.89863995203808],[-62.85182199470018,17.898637608643522],[-62.851807084023925,17.898635527341494],[-62.851803720551956,17.898634729284883],[-62.85180030022008,17.89863419032473],[-62.85178574040972,17.898630462887215],[-62.85177111326275,17.8986269920967],[-62.851767847101655,17.898625882006918],[-62.85176449897322,17.89862502484816],[-62.85175039145998,17.8986199491769],[-62.85173618952174,17.89861512226839],[-62.85173305285571,17.898613711106833],[-62.851729808550864,17.898612543818025],[-62.8517162890534,17.898606168916043],[-62.851702649177604,17.898600032272206],[-62.85169967192299,17.89859833343901],[-62.851696562964655,17.898596867433007],[-62.851669862868945,17.89858267828642],[-62.851669862774536,17.898582678286353],[-62.85166983842804,17.898582665342452],[-62.85156093578838,17.898524801773235],[-62.85155435230254,17.898521220589124],[-62.85135144099793,17.89840825366442],[-62.85131809720667,17.89838736153351],[-62.85128723858371,17.898363221607678],[-62.851259208833284,17.898336102871475],[-62.851234319910674,17.898306307095766],[-62.851217070419196,17.898283261748613],[-62.85121707004195,17.89828326129639],[-62.85121706344079,17.89828325243341],[-62.851188617950996,17.898245251667046],[-62.85118643190689,17.89824200591322],[-62.851183991858576,17.898238930164162],[-62.85106973122643,17.8980791920831],[-62.85106941844152,17.89807875409917],[-62.8509092168596,17.897854082845562],[-62.85089000720347,17.897824109333737],[-62.85087392985997,17.897792490913904],[-62.85086113704629,17.897759526523142],[-62.85085174962491,17.897725528270904],[-62.85084585644608,17.897690817642246],[-62.85084351331146,17.897655723056527],[-62.85084474241048,17.897620576522677],[-62.85084953203991,17.897585710565775],[-62.850857836889695,17.89755145506377],[-62.85088084268065,17.89747390247296],[-62.8508817011767,17.897471469728842],[-62.850882343435785,17.897468976711718],[-62.8508876307799,17.897454666426516],[-62.85089270453582,17.897440288458437],[-62.850893807657975,17.897437948457956],[-62.85089470230208,17.89743552722062],[-62.850901428694556,17.89742178313699],[-62.85090795048575,17.897407949413235],[-62.85090928839767,17.89740572348017],[-62.85091042615424,17.897403398600748],[-62.85091852709886,17.897390352182235],[-62.85092643384294,17.897377196879003],[-62.8509279927421,17.897375107780267],[-62.85092936339746,17.89737290031109],[-62.85093876137553,17.89736067632254],[-62.85094797649567,17.89734832691703],[-62.850949742016084,17.897346393803627],[-62.850951331862554,17.89734432596935],[-62.85096193623856,17.89733304247692],[-62.85097237108137,17.897321617579113],[-62.85097432555256,17.897319859961055],[-62.8509761198467,17.897317950731615],[-62.850987830081344,17.897307715308976],[-62.85099938249954,17.89729732619717],[-62.85100150749844,17.89729576042035],[-62.85100348866465,17.897294028763522],[-62.85101618845787,17.89728494291634],[-62.85102875084073,17.89727568649311],[-62.85103102652957,17.897274327275394],[-62.85103317482244,17.89727279034953],[-62.851069824276074,17.897249161365544],[-62.85106046219519,17.897231505671495],[-62.8510470060657,17.89719844660039],[-62.85103699918008,17.89716428400945],[-62.85103053793501,17.897129346801187],[-62.85102768454524,17.897093971444338],[-62.85102846648001,17.897058498629054],[-62.85103287627703,17.897023270103215],[-62.851040871451204,17.896988624966482],[-62.851052374874676,17.896954896959],[-62.851067275912705,17.89692241093716],[-62.85108543099296,17.8968914796202],[-62.85110528680544,17.896864288825995],[-62.85087772047242,17.89662934873959],[-62.850876495575974,17.896627952495834],[-62.850875148047756,17.89662666588811],[-62.8506485554131,17.89638795171211],[-62.85028737489069,17.896010520425126],[-62.85028493731095,17.89600770769279],[-62.85028227771665,17.896005084693062],[-62.85027847055074,17.89600050646091],[-62.8502743579584,17.89599617872772],[-62.85026921221199,17.895989562321514],[-62.85026371146031,17.895983214995805],[-62.85026157399105,17.89598018764377],[-62.8502591952675,17.895977327141573],[-62.85025587523859,17.89597241385696],[-62.85025222535735,17.895967720772827],[-62.85024778190361,17.89596065360321],[-62.85024295732341,17.89595382042381],[-62.850241139389354,17.895950605854388],[-62.85023906577448,17.89594753706351],[-62.85023626503507,17.895942336385318],[-62.85023311285196,17.895937322899695],[-62.850229414493995,17.895929873242068],[-62.85022531247811,17.89592261977551],[-62.85022383236723,17.895919249909504],[-62.850222082907095,17.895916001407],[-62.85021982832078,17.895910563520896],[-62.85021720428849,17.89590527783367],[-62.850197446202394,17.89585985395867],[-62.850197445354254,17.89585985215027],[-62.85019744497754,17.895859851065335],[-62.85003459743672,17.895485470383814],[-62.84990711544973,17.895229598599926],[-62.84984594776575,17.89510683439556],[-62.84970822479743,17.895217304780896],[-62.84969811646168,17.895225133362302],[-62.84968258697036,17.895236742719536],[-62.84959298604542,17.895308354321415],[-62.84959212878703,17.895308973714975],[-62.84959133604161,17.895309665377653],[-62.84920857149152,17.895612066342267],[-62.8491002345677,17.895699430874192],[-62.849100225688,17.89569943737519],[-62.849100217940865,17.8956994442386],[-62.849051474291464,17.895738747182534],[-62.849051473819046,17.895738747634095],[-62.84905147287437,17.89573874835646],[-62.84889717284028,17.89586316414771],[-62.84889802534199,17.895864155180703],[-62.84889802751096,17.895864157984395],[-62.84889802949175,17.895864160064836],[-62.84891159086203,17.895879925963353],[-62.84891556539272,17.89588503853968],[-62.848919867914276,17.895889901630802],[-62.84892662252213,17.89589926166531],[-62.8489337174752,17.89590838804175],[-62.84893714962981,17.895913849181536],[-62.84894093344453,17.895919092489933],[-62.84894669694889,17.895929040717355],[-62.84895282380463,17.895938789561303],[-62.84895568049074,17.895944546724124],[-62.84895890910601,17.895950119604894],[-62.84896362617091,17.895960560262647],[-62.848968725721065,17.89597083770664],[-62.84897097941839,17.895976835735162],[-62.848973621725484,17.895982684203204],[-62.84897724712015,17.895993517017157],[-62.84898127007366,17.896004223778146],[-62.84898289864615,17.896010403813325],[-62.84898492976813,17.89601647271335],[-62.84898742893197,17.896027594615582],[-62.84899033610337,17.89603862635666],[-62.84899132411805,17.89604492927345],[-62.84899272418457,17.89605115974813],[-62.849003702329384,17.8961151412719],[-62.84905858677266,17.896184140594546],[-62.84908457809823,17.896215930811582],[-62.84908457866414,17.896215931444733],[-62.84909911878514,17.896233715618976],[-62.84909911906804,17.89623371598075],[-62.84909912680137,17.896233725477387],[-62.84916698401159,17.896316716802264],[-62.84918131206484,17.896335449961043],[-62.849186591940075,17.89634283976111],[-62.84918659241165,17.896342840303802],[-62.849186596372,17.89634284591087],[-62.84923863390476,17.89641567502905],[-62.84930766684936,17.896511024939333],[-62.849400236423925,17.89661637185446],[-62.84940165748049,17.89661799874624],[-62.84941724204545,17.89663594712401],[-62.84941724213978,17.89663594721447],[-62.84941724232844,17.89663594739539],[-62.84954116613488,17.896778667249542],[-62.84954116660653,17.896778667701845],[-62.8495411733972,17.896778675570765],[-62.84954901619965,17.896787707414983],[-62.84965552547191,17.896908275227815],[-62.84966231904205,17.896916190247836],[-62.84979765662603,17.89707850337346],[-62.8498021500302,17.89708400038642],[-62.849814230903704,17.897099077233534],[-62.84983383919313,17.897125995352308],[-62.84985081738115,17.89715450487536],[-62.84986502537543,17.897184370869656],[-62.849876346316826,17.897215347302406],[-62.84988468686102,17.897247179029737],[-62.849893217672445,17.897287390691233],[-62.84989321804817,17.897287392951196],[-62.8498932186128,17.89728739512092],[-62.84989673362326,17.897303964881697],[-62.84990234363604,17.897339273050765],[-62.84990428779707,17.897374938857787],[-62.84990254713762,17.897410614388306],[-62.84989713865853,17.89744595130342],[-62.84988811504353,17.897480604997433],[-62.84987556446833,17.8975142373093],[-62.849865579375994,17.897534440617967],[-62.84987893951396,17.89755770200421],[-62.84987980618881,17.897557459982988],[-62.84991622869507,17.89755091330062],[-62.8499531461093,17.89754781616437],[-62.849990202681425,17.897548198398823],[-62.850027041839915,17.897552056294593],[-62.850063308551846,17.897559352610124],[-62.85009865366508,17.89757001720776],[-62.85013273683442,17.897583947417466],[-62.85016522973068,17.897601008943223],[-62.85019581943776,17.897621037582887],[-62.85022421147279,17.897643840315183],[-62.850250132238614,17.89766919774194],[-62.85027333223239,17.89769686553674],[-62.85029358793148,17.897726577157925],[-62.85031070434013,17.897758046652473],[-62.85032451659261,17.897790970826566],[-62.85033484692917,17.897824885948825],[-62.85034328428096,17.897847454950547],[-62.85035229259205,17.89788187142718],[-62.850357734089265,17.89791696749452],[-62.85035955627998,17.897952405245547],[-62.85035774179397,17.89798784336535],[-62.85035230790857,17.898022940565394],[-62.85034330711253,17.89805735883801],[-62.850330825970566,17.898090766618967],[-62.850314984742774,17.898122842402778],[-62.85029593596663,17.89815327709164],[-62.85027386303791,17.89818177760991],[-62.850257476131716,17.898199091310797],[-62.85026074428521,17.89820500803213],[-62.85027517572612,17.898231134671384],[-62.850279089970215,17.898238221498147],[-62.85031002291395,17.89828522324708],[-62.85031002498796,17.898285226773773],[-62.85031002677966,17.8982852292156],[-62.85032015770595,17.898300623507357],[-62.85034357556252,17.898336206838383],[-62.85034357707093,17.898336209370378],[-62.8503435787683,17.898336211721748],[-62.850364638213954,17.89836821246261],[-62.850370975387726,17.898377841840077],[-62.85037330347397,17.898381797250718],[-62.850375927107635,17.89838557952599],[-62.85037605070973,17.898385778291793],[-62.85039223288153,17.8984117923796],[-62.850421934214744,17.898456795790146],[-62.85049830956888,17.898572522169246],[-62.85050704990544,17.89858576615918],[-62.85054623312292,17.89864513635521],[-62.85057859357828,17.898693246217167],[-62.850687788876314,17.89885558338816],[-62.85074165509106,17.89893566380689],[-62.85074337701193,17.898938247757012],[-62.85075008942642,17.898948415122252],[-62.85075009055773,17.898948417021252],[-62.85075009187793,17.898948418830006],[-62.8507563229489,17.898957857396546],[-62.85075632530615,17.898957860923456],[-62.850756325589,17.898957861375607],[-62.850860460242025,17.89911559522181],[-62.850860461090726,17.899115596397493],[-62.85092265569035,17.89920980296227],[-62.85095765684857,17.899260181870385],[-62.85095765713149,17.89926018223215],[-62.85095765769726,17.899260183046067],[-62.850995062738285,17.8993140224491],[-62.85102821037885,17.89936173305495],[-62.85102821169884,17.899361735134868],[-62.85102821349063,17.899361737486295],[-62.85103398831095,17.8993700496524],[-62.85103399000826,17.899370052094145],[-62.851058071473624,17.899404713806277],[-62.85108371793287,17.899441327627066],[-62.85108477782048,17.899442841427046],[-62.85108477791474,17.899442841607893],[-62.85108482355401,17.899442906811885],[-62.851150620294575,17.899536842274617],[-62.85119420638665,17.899578666056822],[-62.851262744995765,17.899642076514752],[-62.85126274556176,17.899642077057507],[-62.8512627465995,17.89964207796217],[-62.851263744389186,17.89964300112453],[-62.851278642690254,17.89965572119929],[-62.85128872976994,17.899664332759475],[-62.851387783976335,17.89974890177885],[-62.8514057008257,17.89976240997303],[-62.851405708373115,17.899762416305883],[-62.8514057166764,17.89976242191622],[-62.8514109758043,17.89976638741466],[-62.85148706350276,17.89982375313339],[-62.8517733448714,17.90001705137215],[-62.851973628177106,17.90014430677478],[-62.85198238219822,17.90015004008403],[-62.85223414308706,17.90031994209179],[-62.852257817986924,17.900337298016726],[-62.852423406194525,17.900468936793583],[-62.852429972198564,17.900474700511705],[-62.85243683633469,17.900480136079292],[-62.852593602506104,17.900617218365632],[-62.852628636995455,17.90065226102094],[-62.85275164908669,17.900793113884983],[-62.85275259558469,17.90079420195732],[-62.852839211708584,17.900894173091896],[-62.8528939733927,17.900920621330112],[-62.852924329821526,17.900937006764707],[-62.85295297935851,17.900956001555333],[-62.85297967808976,17.900977443906473],[-62.85300419854531,17.90100115124606],[-62.85302633186931,17.901026921763673],[-62.85304588970698,17.901054535858126],[-62.85306270552441,17.90108375848849],[-62.85307663602342,17.901114340802096],[-62.85312221728025,17.90122851598994],[-62.853134222373875,17.901263967082844],[-62.85314235190251,17.901300412944153],[-62.85314651951471,17.901337466381356],[-62.85314668097063,17.901374733816013],[-62.853132539642054,17.90166005705309],[-62.85312938005421,17.901692613176497],[-62.85312316136092,17.90172476296176],[-62.85311393438067,17.90175624333017],[-62.85305820342961,17.901917894700354],[-62.85304280226002,17.901955400758464],[-62.853023136910416,17.901991032764577],[-62.85299945169839,17.902024348095658],[-62.85298670268226,17.90204029178608],[-62.852986696445406,17.902040298831565],[-62.85298669124692,17.902040306058602],[-62.85292190655908,17.902121316247232],[-62.85289789643454,17.90214846140845],[-62.85287121647394,17.902173216341982],[-62.85286060632509,17.902182134859434],[-62.852726917126425,17.902294811430323],[-62.8527269008777,17.902294823801057],[-62.85272688613842,17.902294837528743],[-62.85270126056342,17.902316430592624],[-62.852668940812755,17.902340805943467],[-62.8525819294368,17.902399367655654],[-62.8525543801856,17.902603939348314],[-62.852550270253424,17.902628019957657],[-62.85250602414346,17.90284168087766],[-62.85248198677694,17.902975015930366],[-62.85248263412486,17.903002681096325],[-62.852483753907556,17.903050210983082],[-62.85249440564228,17.90324290328172],[-62.85251146248037,17.903317962224026],[-62.852552359085806,17.90340231835668],[-62.85260391081151,17.903481188823005],[-62.85260391090584,17.90348118891347],[-62.852603914206036,17.903481193977637],[-62.852611713520055,17.903493125911616],[-62.852629808073154,17.903524090034264],[-62.852644645320495,17.903556603092973],[-62.85265608248718,17.903590351879664],[-62.85266400937945,17.90362501137007],[-62.85266834960943,17.90366024788818],[-62.852669061442555,17.903695721999277],[-62.85266613798356,17.903731092035105],[-62.85265960736267,17.903766017438393],[-62.852649532544255,17.903800161926213],[-62.85263601047474,17.90383319647217],[-62.852619171418766,17.90386480310215],[-62.85259917763541,17.903894677333792],[-62.85257622148732,17.903922531519466],[-62.85255052411691,17.9039480973761],[-62.852522333083826,17.903971128695094],[-62.85249191990852,17.90399140360015],[-62.852459577332176,17.90400872698571],[-62.85242561686091,17.904022931870944],[-62.85239036564845,17.904033881566722],[-62.85235416319083,17.904041470577017],[-62.85231735802098,17.90404562577144],[-62.852280304686865,17.90404630719647],[-62.85224336006915,17.904043508253444],[-62.85220687988781,17.90403725587668],[-62.85217121539772,17.90402761035016],[-62.852136710273754,17.904014664491733],[-62.852103696645926,17.903998543017288],[-62.85207249255128,17.903979401273407],[-62.85204339844211,17.903957423426952],[-62.85201669454351,17.90393282119756],[-62.85199263802283,17.903905831595765],[-62.851971460631454,17.903876714571116],[-62.85196365804371,17.903864777547962],[-62.85196365644097,17.903864774835135],[-62.85196365474354,17.903864772483782],[-62.85189960379091,17.903766778556605],[-62.85187719030735,17.903727203794183],[-62.8518087898672,17.903586115406284],[-62.85179338642789,17.903549137004937],[-62.85178232298236,17.903510761449695],[-62.85174989538392,17.903368060802645],[-62.85174462593266,17.90333934055321],[-62.85174179111723,17.903310307158836],[-62.851729224234816,17.903082952463784],[-62.851729202546565,17.903077467218676],[-62.851728792629935,17.903071997676385],[-62.851727543280994,17.90301895760296],[-62.85172607413067,17.902956164146953],[-62.8517270201542,17.902921243739307],[-62.851731481806794,17.902886573759954],[-62.85176254429587,17.902714274496077],[-62.85176425232723,17.90270545456238],[-62.85179534392705,17.90255531876039],[-62.85177022736027,17.90255974487406],[-62.85161232333235,17.90258797927477],[-62.85149229703935,17.902630986561512],[-62.8514922946785,17.902630987282812],[-62.8514922933563,17.902630987824125],[-62.851484165054195,17.902633900221552],[-62.85144994585448,17.902644413063964],[-62.85143408096184,17.90264773488438],[-62.85142420481053,17.90265329482848],[-62.85139161223276,17.90266784432236],[-62.85128690201719,17.902708896259448],[-62.85122054486436,17.902759666403234],[-62.85112742174752,17.902853745079597],[-62.85107120355683,17.902945957071136],[-62.85104816034932,17.90299189981071],[-62.85102501578199,17.903076006412707],[-62.85100583914994,17.90326698264287],[-62.85100392836361,17.903282488705358],[-62.8509858825502,17.903405954444988],[-62.85097901530837,17.90344055811698],[-62.85096866356964,17.903474357839954],[-62.85095709682316,17.903501868766877],[-62.85093958600447,17.90369492145286],[-62.850939036431136,17.90369877450285],[-62.85093879678352,17.903702656894783],[-62.850899641016014,17.90404802209628],[-62.850880967915586,17.904221938216192],[-62.850875179149305,17.90425792418289],[-62.85086563901198,17.90429317025949],[-62.85085244457163,17.904327318948702],[-62.85083572932983,17.90436002398893],[-62.85081566312461,17.904390953698638],[-62.85079244920106,17.904419794228],[-62.850766323075376,17.904446253264037],[-62.850696235244165,17.904510428548274],[-62.850681997313124,17.904522816197925],[-62.850673713333734,17.904529662988494],[-62.85067001427517,17.904538047886952],[-62.850652318196445,17.9045692224478],[-62.850631515612335,17.904598586249897],[-62.85060780700481,17.904625856534686],[-62.85058142050184,17.90465077072113],[-62.85056475442616,17.904665032029044],[-62.85056475253656,17.904665033654563],[-62.850564752442075,17.904665033744877],[-62.85054554969928,17.904681465917683],[-62.850545548754546,17.90468146664006],[-62.85054554790417,17.904681467452885],[-62.85039187311646,17.904812968291225],[-62.85038927136955,17.904815174085247],[-62.85037421236181,17.904827823474196],[-62.850262620708506,17.904948293900034],[-62.850262619480176,17.90494829507412],[-62.85026261844059,17.90494829633874],[-62.850259856011384,17.904951278431966],[-62.850259822275916,17.90495131492237],[-62.85025982170891,17.904951315554644],[-62.850257838501,17.90495345701516],[-62.850231557089046,17.904979141692568],[-62.85020274094668,17.905002200209193],[-62.85017167501038,17.905022404555982],[-62.850138666474564,17.905039554851513],[-62.85010404195747,17.905053481509096],[-62.85006814372322,17.905064046770523],[-62.85003132684825,17.905071146240484],[-62.84998456206475,17.905077867540925],[-62.849947892730064,17.905081396911587],[-62.84991103850241,17.905081487539118],[-62.849874350689426,17.905078138609724],[-62.849838178494224,17.905071381937947],[-62.849802866466185,17.905061281874335],[-62.84976875081946,17.905047934669856],[-62.84965042805442,17.904995052774574],[-62.84962144065236,17.90498060334872],[-62.84959386677598,17.90496380865391],[-62.84943520179477,17.904857665629386],[-62.849426071124114,17.904851361483516],[-62.849419063411624,17.904846369410556],[-62.84941906322295,17.904846369229638],[-62.849419062751124,17.90484636895811],[-62.84941744570291,17.904845216989994],[-62.84939322617642,17.904860556003488],[-62.849361535945384,17.904876712568328],[-62.84931894960952,17.904895995316046],[-62.849285612062886,17.90490926263737],[-62.8492511034161,17.904919421630453],[-62.84921573917762,17.904926379259685],[-62.849179842572774,17.904930072142573],[-62.8491437417115,17.904930466366817],[-62.84910776647194,17.904927558391773],[-62.84907224566816,17.904921374865467],[-62.848984865521366,17.904901991389984],[-62.84895637047744,17.904894534949197],[-62.84879495152743,17.904845724469908],[-62.84878201021868,17.904841131252784],[-62.84876895676747,17.90483685159065],[-62.84841386734587,17.904701453218426],[-62.84841253416212,17.904708124550456],[-62.848408920782745,17.904724213248304],[-62.84839862322926,17.90476547052123],[-62.84838830973448,17.904799372356138],[-62.848374591210984,17.904832149202488],[-62.84835759849345,17.904863488693547],[-62.848337493466985,17.904893091683146],[-62.84831446811997,17.904920675950887],[-62.84828874199315,17.904945978279052],[-62.848264232204016,17.904965789455588],[-62.84825771067444,17.904980632157777],[-62.84817116599054,17.905151796288205],[-62.84817116542307,17.905151797462796],[-62.848171165233865,17.90515179791458],[-62.848158644558126,17.905176560699765],[-62.84806074509628,17.905460355587216],[-62.84803790900028,17.905547268558863],[-62.84802593118014,17.905648356542272],[-62.84804893061916,17.905797903091074],[-62.84805221198683,17.90582784318726],[-62.84805288028023,17.905857940867005],[-62.84804805445699,17.906084477322228],[-62.84806111792657,17.90621909013825],[-62.84806263497066,17.906260957410247],[-62.84805739095448,17.906476454022382],[-62.84805448068312,17.90651360993967],[-62.848047591538524,17.906550281801394],[-62.848004464542086,17.906727017996385],[-62.84799356817658,17.906763097131613],[-62.84797882096699,17.90679789952486],[-62.847960382316344,17.906831049470608],[-62.847856595515054,17.906996331394886],[-62.847849245238706,17.90700683286717],[-62.847842206544016,17.90701753045137],[-62.84780677947766,17.907065932109074],[-62.84778166207896,17.907096589815914],[-62.84770513258466,17.907180287968966],[-62.8477037051587,17.90718184015267],[-62.847634052784734,17.907257143360933],[-62.84758470531969,17.90733915117263],[-62.84752203768623,17.90745210074993],[-62.84745679437661,17.90757953497187],[-62.84744290794658,17.907608592907273],[-62.84745692426642,17.907620413044075],[-62.847482199312715,17.90764636225887],[-62.84750469586071,17.907674558302656],[-62.847524197370255,17.907704729664985],[-62.84754051592414,17.907736585695737],[-62.84754080881264,17.907737335594888],[-62.847545782314185,17.907741726332958],[-62.84756878123882,17.90776386403213],[-62.84776666292095,17.907971549340438],[-62.84793117638818,17.90813525815532],[-62.84795310624781,17.908159093073984],[-62.84801047960237,17.908227268797866],[-62.84804052499391,17.90825470762696],[-62.84811635813555,17.908307164158117],[-62.84812521321938,17.90831394674814],[-62.84813433114645,17.908320400805362],[-62.84837735381183,17.90851076667633],[-62.84840410720483,17.908530549366237],[-62.84843272207153,17.908546312456107],[-62.848555074811415,17.908607374628666],[-62.84864911629306,17.908651529155403],[-62.84868298376313,17.90866955018312],[-62.848714744313625,17.908690798552037],[-62.848807161624556,17.90875964365774],[-62.848931900047035,17.908851969685305],[-62.849029413507054,17.908913321040362],[-62.84920703392124,17.909010977351794],[-62.84921806562032,17.909017283973686],[-62.84938210230186,17.9091147216209],[-62.84940622237176,17.909130312246443],[-62.84942901673946,17.909147634833072],[-62.84948152136683,17.90919079492041],[-62.84966645169711,17.909337427141665],[-62.8497587611931,17.909387036548203],[-62.84977982244722,17.90939923615802],[-62.849924737616305,17.909489481861552],[-62.849951088270274,17.909507475721874],[-62.85012675160922,17.90963865620775],[-62.85040100080541,17.909829793086114],[-62.85055599387167,17.909934063280026],[-62.850867375411774,17.910136293186397],[-62.85090046355598,17.910157783368696],[-62.85101935884091,17.91023137332039],[-62.85102277976553,17.910233726271876],[-62.8510263783068,17.91023582491991],[-62.85127427938707,17.910396876240863],[-62.85127644885508,17.910398439785858],[-62.85127874678187,17.910399823649286],[-62.85128856990971,17.910406404639513],[-62.85131375015789,17.910423197443514],[-62.8513322217073,17.910435012389236],[-62.851332223688956,17.910435013656162],[-62.85135229386056,17.910447850922935],[-62.851382913775744,17.910469656034742],[-62.85141107872715,17.9104943081746],[-62.851436501150054,17.910521555577056],[-62.851458921447744,17.91055112010506],[-62.85147811063304,17.91058269987311],[-62.85149387278032,17.910615972412664],[-62.851506047005735,17.91065059792749],[-62.85151450888034,17.91068622291021],[-62.85151917203259,17.910722483487774],[-62.851519988900144,17.910759009579863],[-62.85151695119958,17.910795428062745],[-62.851510089734035,17.9108313670173],[-62.85149947467333,17.9108664597063],[-62.85148966050792,17.91088978218076],[-62.85148341111587,17.910922213953608],[-62.8514731477212,17.910956306958024],[-62.85145944309633,17.91098927264996],[-62.851442429306665,17.911020793690447],[-62.85142227012986,17.911050566413042],[-62.85139915973139,17.911078304076774],[-62.85137332077401,17.91110373966676],[-62.851345001961015,17.91112662815205],[-62.851314476051506,17.911146749014986],[-62.851297679836705,17.91115563387506],[-62.85128169562501,17.911172737699513],[-62.85125439573245,17.911196733919258],[-62.85122477046128,17.911218052902864],[-62.85119310511562,17.911236489327493],[-62.8511597045207,17.91125186563414],[-62.85112489056663,17.91126403374315],[-62.851088998336216,17.911272876407132],[-62.8510523736489,17.91127830856491],[-62.851015369094966,17.911280277790404],[-62.85097834110778,17.911278765194332],[-62.85094164637603,17.911273785331055],[-62.850905638066976,17.911265386195655],[-62.8508706631834,17.91125364858923],[-62.8508370585039,17.911238685663815],[-62.850805147562966,17.911220641383448],[-62.850775237724754,17.911199689618005],[-62.85074761706898,17.911176032152294],[-62.85072255165456,17.911149896785762],[-62.850699855106136,17.91112376585462],[-62.850699854445836,17.911123765131016],[-62.8506842061394,17.91110575707861],[-62.85068393866469,17.91110541656642],[-62.85068363831192,17.911105102060464],[-62.85068331761276,17.9111047312278],[-62.85066190193053,17.911077440977383],[-62.85064326988587,17.91104833906561],[-62.850627587525,17.911017684579374],[-62.85061499482326,17.910985751047424],[-62.85060560389437,17.91095282282344],[-62.85059949842519,17.910919193549006],[-62.850596732828905,17.91088516289901],[-62.85059733177484,17.910851034321592],[-62.85059948800767,17.91083255464244],[-62.850486861384624,17.91076284459506],[-62.850479881827326,17.910758418857604],[-62.85044333776717,17.910734684080698],[-62.850129385797906,17.91053078442763],[-62.85012426930848,17.91052740227404],[-62.84996414832267,17.91041968223599],[-62.84995901127686,17.91041616457213],[-62.849677142669826,17.91021971692487],[-62.849667136137924,17.91021249667604],[-62.84949930410416,17.910087164181007],[-62.84937829003391,17.910011802791377],[-62.84926696878886,17.909951975870978],[-62.84923808925289,17.909934773738296],[-62.84921094360176,17.909915153737263],[-62.84899715452478,17.90974563892985],[-62.848994675920885,17.909743468803807],[-62.8489920237113,17.909741496490515],[-62.84895910119331,17.909714433304124],[-62.848825308876116,17.90963496070578],[-62.84864341518261,17.90953495482243],[-62.84862408314576,17.909523573081596],[-62.84850496832211,17.90944863093778],[-62.8484813864159,17.909432521256672],[-62.848344714179994,17.90933136215902],[-62.848343784037475,17.909330671510386],[-62.84828160361697,17.909284350877762],[-62.848218322678896,17.909254639059636],[-62.84821004233549,17.909250629723875],[-62.84807660766184,17.909184036945177],[-62.84806283057127,17.9091768084281],[-62.84800518982424,17.9091450556673],[-62.84796268908494,17.90911781797752],[-62.8479114548397,17.90907993291746],[-62.84790315551929,17.909073615883788],[-62.84766480822586,17.908886911954564],[-62.847577302654365,17.908826381149368],[-62.84753780903636,17.908794935767336],[-62.84747124106552,17.908734142651934],[-62.84743782961197,17.908699362216986],[-62.84737535771847,17.90862512775769],[-62.84721887826285,17.908469413099823],[-62.84721201891766,17.908462403356488],[-62.847064021867475,17.9083070736824],[-62.84705258975221,17.90832767790328],[-62.84695591565918,17.90853629877023],[-62.84705250801466,17.908657772013264],[-62.847058022731595,17.90866488645823],[-62.84710794848392,17.908730971453455],[-62.84713264799783,17.908768267260374],[-62.84714779957009,17.90879457182993],[-62.84717713548526,17.90884550171965],[-62.84728582482497,17.90903420053195],[-62.847292555381166,17.90904643300231],[-62.847449149399814,17.90934473341661],[-62.84745112485502,17.909348552368698],[-62.84749612922804,17.90943686155086],[-62.84757023916374,17.90945785567386],[-62.84759900741791,17.9094672258441],[-62.84766620878689,17.909492044488044],[-62.847703387253226,17.909508031767658],[-62.847738549536146,17.90952776156261],[-62.84781951281444,17.909579001994977],[-62.847859211340015,17.909607906249136],[-62.84788390584322,17.909628486420395],[-62.847883907069814,17.90962848732523],[-62.847943081372385,17.9096777944705],[-62.84796733652422,17.909699888721693],[-62.84798945247383,17.909723952729347],[-62.848009255188714,17.909749797268706],[-62.848026589247375,17.909777219300324],[-62.84806616510014,17.909846595088965],[-62.84808081501519,17.90987520550697],[-62.84809277686258,17.90990493959545],[-62.84810195774567,17.909935566434037],[-62.84812429569768,17.910024732541274],[-62.84813062604252,17.91005602628842],[-62.84813405280675,17.910087732193762],[-62.848139146967924,17.910170286592145],[-62.84813971034053,17.91019966867324],[-62.848136133491984,17.910353215270977],[-62.848133523243334,17.910388342492126],[-62.848114435536196,17.910540222900114],[-62.84810936741077,17.910570007235876],[-62.84810172239457,17.910599283212278],[-62.84805851218108,17.91073958428796],[-62.848053641033715,17.91075424360095],[-62.84798637169328,17.910942705830028],[-62.847953738973196,17.911043990295454],[-62.84795133046214,17.911057386202266],[-62.847940209269815,17.91126846704673],[-62.84793784689205,17.91129452385246],[-62.84787800137348,17.911758902905987],[-62.847876374179364,17.911919791592652],[-62.84787947499731,17.91207460246722],[-62.84787964300767,17.912076762485228],[-62.847906360428915,17.912419600475268],[-62.84790736633651,17.912451808482437],[-62.847903667337725,17.912692921820163],[-62.84790070875207,17.9127330881909],[-62.84789310295047,17.91277269043934],[-62.84786854763643,17.912869782980167],[-62.8478556263749,17.912910318383357],[-62.84783783898608,17.912949127657072],[-62.84774678049714,17.913119842563876],[-62.84772455777839,17.91315612574639],[-62.847661552535406,17.913246499528938],[-62.847640125148125,17.9132742657102],[-62.84761602926797,17.913299948911025],[-62.84758948451703,17.913323314929126],[-62.84756073287619,17.913344150820667],[-62.84753003651212,17.91336226661601],[-62.84736563144127,17.91344920746317],[-62.84733822988737,17.91346233835131],[-62.8473098065309,17.91347329932795],[-62.84724014221915,17.91349706757336],[-62.84724014127469,17.913497067934163],[-62.84724014118019,17.913497068024473],[-62.84721187803227,17.91350671090934],[-62.84717298065116,17.91351776668232],[-62.84713306884707,17.913524763728898],[-62.84709260334683,17.913527621333454],[-62.8470520510681,17.913526306329132],[-62.846971642880995,17.91351954543662],[-62.846943411873355,17.91351614158579],[-62.84691552863937,17.91351071261396],[-62.84669879317629,17.91346030491931],[-62.846696197551374,17.913459691858634],[-62.8464683118584,17.913405052244972],[-62.84628975317483,17.913608579886738],[-62.84626744906673,17.913631857329396],[-62.84616168048178,17.913732993453568],[-62.84602365737614,17.913895144732578],[-62.84592342769128,17.914016616741677],[-62.845922419032306,17.914017722911694],[-62.84592151755787,17.914018912593722],[-62.84588234833712,17.914065598961567],[-62.84585424632336,17.914095518726985],[-62.84582284559461,17.914122263835505],[-62.84578853505445,17.91414550314492],[-62.84569518449058,17.914201541342074],[-62.845665723100865,17.914217512123507],[-62.8455630380487,17.914267496057075],[-62.84543238620561,17.9143338958491],[-62.84537981099284,17.914379058928045],[-62.84541454671638,17.914455556668454],[-62.845638727962466,17.914846117126224],[-62.84577481267353,17.915041022324093],[-62.84579695391382,17.915077089069396],[-62.84583811917083,17.915154013843008],[-62.84585589165334,17.915192624584698],[-62.845868844192424,17.91523295464268],[-62.84592939661338,17.915469933829577],[-62.84593497025034,17.915495809419145],[-62.84596303200859,17.915655358217357],[-62.84599055081358,17.915686914008607],[-62.84616504008728,17.915811180492316],[-62.84619371403386,17.915833780367205],[-62.846374406373236,17.915991088435746],[-62.846514991873285,17.916041713204446],[-62.84655471566994,17.91605857458149],[-62.84659831823551,17.9160800359064],[-62.84663227642608,17.916087717546],[-62.84663466347524,17.916085749716053],[-62.84666073423851,17.91606609927093],[-62.84668850614462,17.916048715258817],[-62.8467579744351,17.916009288983258],[-62.84678822177754,17.91599385329825],[-62.84681980648982,17.91598110649711],[-62.84685246826911,17.915971153675084],[-62.846885938240966,17.91596407660096],[-62.846997923520455,17.915945454607613],[-62.84703455646744,17.915941115645605],[-62.847071456869394,17.915940220809187],[-62.84726239296082,17.915944528594846],[-62.847298334140945,17.915946985503503],[-62.84742634180814,17.915961638223504],[-62.84745249741441,17.915965526479685],[-62.847605238562664,17.915993512104805],[-62.84760523978992,17.915993512286544],[-62.84768029913314,17.916007264683106],[-62.84769363640476,17.91601036473004],[-62.84770704873461,17.91601313772456],[-62.84771163384462,17.91601454800517],[-62.84771631534654,17.91601563613176],[-62.84772926917436,17.916019972098002],[-62.847742334874866,17.916023990802476],[-62.84774675495976,17.916025825138913],[-62.8477513010754,17.916027346835147],[-62.847763747903485,17.916032877136644],[-62.847776339828435,17.91603810276617],[-62.84796426392254,17.91612681759025],[-62.84809230118176,17.916166467573337],[-62.84811465170971,17.916174139981578],[-62.84822747466762,17.916216746665842],[-62.848235129351174,17.91621587028],[-62.848237595103484,17.916215595800217],[-62.84824376064774,17.916214929215492],[-62.84859964189898,17.91586053570755],[-62.84862603267158,17.915836665803642],[-62.84865469579171,17.915815332203394],[-62.84868536625269,17.91579673192398],[-62.848717760752585,17.915781037021667],[-62.84875157977305,17.91576839251456],[-62.84878651088487,17.91575891521019],[-62.84882223110914,17.9157526927131],[-62.84885841050587,17.915749782523815],[-62.8488947145347,17.91575021149834],[-62.84893080783159,17.91575397576075],[-62.84896635675817,17.915761040524377],[-62.84900103280039,17.915771340365584],[-62.84903451549452,17.915784780220292],[-62.849066495448014,17.91580123592864],[-62.84909667698218,17.915820555231218],[-62.84912478124636,17.915842559669578],[-62.849174492192034,17.915885459782462],[-62.849174492286366,17.91588545987292],[-62.84917449521115,17.915885462406024],[-62.84919934927813,17.915906910784443],[-62.8492256270676,17.915931931631143],[-62.84924921643024,17.91595929773961],[-62.84926989032633,17.915988745637804],[-62.8492874494915,17.916019991538107],[-62.849301724983235,17.916052734593187],[-62.849312579311814,17.916086659518047],[-62.84931990775963,17.91612143957381],[-62.84932363998367,17.91615673982283],[-62.849323739824044,17.916192220292064],[-62.849320206434314,17.916227539318292],[-62.849313073901236,17.91626235671133],[-62.849302410769944,17.916296337098004],[-62.84928831985235,17.91632915335672],[-62.84927093671413,17.916360489418317],[-62.849250428916726,17.91639004351946],[-62.849226993843544,17.916417530912533],[-62.84920085728103,17.916442687028237],[-62.84917227086773,17.916465269462087],[-62.84914150982588,17.916485060865124],[-62.84910887059955,17.916501870478697],[-62.849074667453664,17.916515536572312],[-62.84903922973476,17.91652592752621],[-62.8490028987542,17.91653294309439],[-62.84896886035448,17.916536241194628],[-62.84872840535859,17.916775691154008],[-62.84870411379785,17.91679782447043],[-62.84867786696769,17.91681780767558],[-62.84864987196558,17.91683548320466],[-62.848620349375594,17.916850711671156],[-62.84853368906301,17.9168907669719],[-62.848494488248335,17.916906350335392],[-62.84845370827216,17.91691762416865],[-62.84841186440087,17.916924446241666],[-62.84832359672603,17.916933989551307],[-62.8482224646948,17.916945568602483],[-62.84818519799892,17.916948054179546],[-62.84814785698629,17.916947002942024],[-62.84811080723541,17.91694242538903],[-62.8480744110854,17.916934366183664],[-62.84803902470898,17.91692290415074],[-62.84784852038481,17.916850961746732],[-62.847705636994895,17.91680671420213],[-62.84765484274065,17.91678698165675],[-62.84748811186048,17.91670827162771],[-62.84746325231232,17.9167037168847],[-62.84746325165156,17.91670371670341],[-62.847463251085124,17.916703716612584],[-62.84732351464869,17.916678113736477],[-62.847226564907004,17.916667016121327],[-62.84709082647971,17.91666395374187],[-62.8470645726847,17.91668559667869],[-62.847058524831425,17.916690477698424],[-62.84700859131152,17.91672992847865],[-62.846982100879636,17.916749048971283],[-62.84695395973049,17.91676587016493],[-62.846924385136695,17.91678026216308],[-62.84689360530725,17.916792114059177],[-62.84685670567381,17.91680454937116],[-62.84681930062211,17.916815111461425],[-62.84678095725532,17.916821924641226],[-62.846742084372,17.916824916289823],[-62.84670309649546,17.91682405437503],[-62.84658593147352,17.91681565546225],[-62.84655642885222,17.916812419844856],[-62.8465272830493,17.91680697517732],[-62.846379765423606,17.916773605408157],[-62.84633588236007,17.916760942978588],[-62.84629392462927,17.91674328492978],[-62.846228688637545,17.916711175493266],[-62.84604081875297,17.91664352362077],[-62.846008039992626,17.916629994597766],[-62.845976741850194,17.916613563423617],[-62.84594720395886,17.91659437701841],[-62.845919690162596,17.91657260669429],[-62.84569927832056,17.91638071893997],[-62.8455038510144,17.916241540740696],[-62.84546980538698,17.916214172295177],[-62.84543935512491,17.916183163474876],[-62.84535048357187,17.91608125392275],[-62.84532549474268,17.916049138389706],[-62.84530436923718,17.916014574270694],[-62.84526537200797,17.915941799874602],[-62.845249513533076,17.915908057668652],[-62.84523734041269,17.91587294053482],[-62.84522898026078,17.915836816269255],[-62.84522232835628,17.91579900213269],[-62.84522232770014,17.915798996618566],[-62.84522232647727,17.91579899137515],[-62.84519241194685,17.915628904329083],[-62.84514566731034,17.91544596071432],[-62.84513468000683,17.91542542871637],[-62.84500164931092,17.91523489671584],[-62.84498464709449,17.915208098996477],[-62.84474416421086,17.914789135623735],[-62.84472879409793,17.914759155123672],[-62.84465515831683,17.914596987406227],[-62.84464497737409,17.91457208509267],[-62.844636746889755,17.91454653056736],[-62.84462160238482,17.914492485172673],[-62.84461342119748,17.91445576509879],[-62.84460926211771,17.914418430713194],[-62.84460916982861,17.91438088481592],[-62.844611109350495,17.914343478742754],[-62.844611109639175,17.914343472506292],[-62.844611109734146,17.914343471873657],[-62.844613586943794,17.914295677789493],[-62.844618300226,17.91425393517792],[-62.84462803669172,17.914212997134193],[-62.84465632970929,17.914119496374003],[-62.84466968195269,17.914082855768186],[-62.84468705937816,17.914047796168447],[-62.84470826184746,17.9140147216243],[-62.844733045150754,17.913984013010918],[-62.84480037224172,17.913909253464972],[-62.84483418180609,17.913876238764857],[-62.84496229619306,17.913766186337284],[-62.84499826881692,17.913738874758007],[-62.845037437379744,17.91371594378891],[-62.845211809929985,17.913627324422176],[-62.845217722163184,17.91362438341516],[-62.845308271734446,17.913580306739906],[-62.845333269080314,17.91356530086835],[-62.845432718969974,17.9134447742577],[-62.845436308122345,17.913440491593033],[-62.84558834949751,17.913261872141327],[-62.845614227651545,17.913234459064995],[-62.84572198420734,17.913131422345252],[-62.845938490712925,17.912884641217918],[-62.845938491847086,17.912884639863016],[-62.84593849241411,17.912884639230754],[-62.84598285775293,17.912834069595306],[-62.84600401709043,17.912812119965025],[-62.84602390077877,17.912708041939432],[-62.846024120977575,17.912707141588555],[-62.84602425291214,17.912706224807806],[-62.846047538788206,17.912587763032658],[-62.84601601475736,17.91256651387923],[-62.845986047012126,17.912541403447193],[-62.845959007978365,17.91251341144313],[-62.84590744242887,17.912454031587252],[-62.84588623335627,17.91242715387004],[-62.845867729308914,17.912398503183887],[-62.845852090860326,17.912368328130455],[-62.84583945374093,17.912336890668932],[-62.8458111336358,17.91225528497379],[-62.84580860672719,17.91224772752671],[-62.84574767257273,17.91205834895061],[-62.8457204855742,17.91205582440266],[-62.84571371368135,17.91205513652179],[-62.84553305825065,17.912035207501074],[-62.84549681414624,17.912029487694294],[-62.84542456176245,17.912014597816526],[-62.8453775841633,17.912001824612183],[-62.84529805549478,17.911974769872927],[-62.845253771010654,17.911959710363032],[-62.845217466694926,17.91194528655502],[-62.84505570651745,17.9118713497405],[-62.844837179146616,17.911772634323636],[-62.84480835282682,17.9117581261054],[-62.8447103476564,17.911703512053215],[-62.84471034718456,17.911703511781678],[-62.84471034558021,17.911703510966912],[-62.84466391712309,17.91167763797755],[-62.844569987716454,17.91163616141635],[-62.84454315976525,17.911627571213486],[-62.844499193017725,17.91161048395502],[-62.84448505016335,17.91160396867962],[-62.84445410609627,17.911597994950338],[-62.844418668715626,17.91158760619846],[-62.844384465649505,17.91157394208112],[-62.844351826197816,17.911557134284976],[-62.844321064905095,17.91153734467431],[-62.84429247778493,17.911514763932143],[-62.84426634033928,17.91148960929896],[-62.844242904160566,17.911462123304517],[-62.84422239504634,17.91143257042195],[-62.84420501045159,17.911401235348347],[-62.84419091779202,17.91136841993021],[-62.84418025284168,17.911334440088936],[-62.84417311822488,17.911299623107997],[-62.84416958275819,17.911264304288068],[-62.84416968032043,17.911228823782537],[-62.844173410138744,17.911193523343837],[-62.84418073631981,17.91115874279792],[-62.84419158804114,17.911124817242495],[-62.84420586106516,17.911092073342346],[-62.84422341783615,17.911060826346684],[-62.844244089276714,17.91103137737902],[-62.84426767620712,17.911004009822836],[-62.84429395170739,17.91097898742543],[-62.844322662441975,17.910956551045075],[-62.84435353215463,17.910936916846133],[-62.84438626346443,17.91092027386008],[-62.84442054107723,17.91090678236116],[-62.84445603499704,17.910896572332433],[-62.844492403359595,17.910889742021844],[-62.844529295926264,17.910886357312382],[-62.8445663573893,17.910886450640042],[-62.84460323077042,17.91089002126777],[-62.84465484065466,17.91089748324143],[-62.84469166854453,17.910904617773735],[-62.84472757363238,17.91091522043335],[-62.84476220054099,17.910929186269215],[-62.84480528546233,17.910949034357856],[-62.844829179361916,17.910956685053144],[-62.844867568178046,17.910971256118152],[-62.84499657385254,17.911028221347532],[-62.84502838524361,17.911044063044095],[-62.84509032405893,17.91107857943533],[-62.84509032613511,17.91107858052163],[-62.845090327267535,17.911078581155238],[-62.84517424293173,17.911125343734923],[-62.84537880803507,17.911217751869575],[-62.84538036337556,17.91121845857554],[-62.845525140374775,17.911284632767952],[-62.84555090091221,17.911293392910274],[-62.845607435442965,17.911312625295],[-62.845637790109066,17.911318880832695],[-62.84579679467509,17.91133642138637],[-62.84586569856226,17.911342819601515],[-62.84586594063454,17.911334633989075],[-62.84587061568789,17.91129943685379],[-62.8458788719284,17.911264847785567],[-62.84589062975781,17.911231200068],[-62.84590577606895,17.91119881764813],[-62.84592416481474,17.911168012425307],[-62.84594561899359,17.911139081089264],[-62.845969932068265,17.91111230222891],[-62.845996869762004,17.911087933712533],[-62.846026172704256,17.911066210249576],[-62.846057558604166,17.911047341132623],[-62.84609072536827,17.911031507889962],[-62.84612535355615,17.911018863202855],[-62.846161109497864,17.911009528738777],[-62.84619764907127,17.91100359434095],[-62.84623462025165,17.911001117307308],[-62.8462716669835,17.91100212139928],[-62.84630843248482,17.91100659693483],[-62.84634456283475,17.91101450088163],[-62.84637970990011,17.9110257570402],[-62.84641353529982,17.911040257131578],[-62.846445713236676,17.91105786134193],[-62.846475933800335,17.91107840022317],[-62.846503905987184,17.911101676051175],[-62.84652936043695,17.91112746454519],[-62.84655205197971,17.911155517400665],[-62.846571761994355,17.91118556436994],[-62.84658830086096,17.91121731624693],[-62.84687168426712,17.91183560544974],[-62.84688349624891,17.911864738053374],[-62.846892636206135,17.911894738347574],[-62.846899035973586,17.91192538211942],[-62.846911874586034,17.91200450791957],[-62.846915477723954,17.91203544415191],[-62.84691628781407,17.91206656248589],[-62.84691429891602,17.91209763215894],[-62.84690952576587,17.91212842296703],[-62.846862071990905,17.912364143175342],[-62.8468620718961,17.912364143627197],[-62.84686206857752,17.912364159984623],[-62.84685250457716,17.9124116796327],[-62.84685124896878,17.912416603558153],[-62.84685035698572,17.91242159998896],[-62.8468473285938,17.912432180109384],[-62.84684471639092,17.91244286224263],[-62.846844380252335,17.912443985126284],[-62.846786975155695,17.912736028065353],[-62.84687840703564,17.912757950445776],[-62.84703972727819,17.912795469858807],[-62.84708425936283,17.912771920374176],[-62.847144906395414,17.912658221203635],[-62.84714904647318,17.91264185140259],[-62.8471518782886,17.912457313758697],[-62.84712641324373,17.912130528569215],[-62.84712546537941,17.912118338511394],[-62.847124492879225,17.912098430925074],[-62.84712108859095,17.911928437508273],[-62.84712125168005,17.911923220682205],[-62.84712103691898,17.911918005367024],[-62.847122924635975,17.91173143913693],[-62.84712574897643,17.91169066951735],[-62.847186539954116,17.911218969832476],[-62.847198116860056,17.910999257167756],[-62.84720311046453,17.910956142168796],[-62.84721349834546,17.910898365939055],[-62.84722480253293,17.910853130443964],[-62.8472662851967,17.910724379658006],[-62.84726979692254,17.910714035275827],[-62.847336305446795,17.910527706462872],[-62.84736830553432,17.910423805621534],[-62.84738141878235,17.910319467403923],[-62.84738424304755,17.910198247314607],[-62.8473824556502,17.910169278786917],[-62.847382132701,17.910169009722804],[-62.84735616599167,17.910152575716435],[-62.847341343984624,17.91014710173448],[-62.84722151222416,17.91011315533798],[-62.84721458586095,17.910111123876458],[-62.847149107854676,17.910091259636538],[-62.84711469630023,17.910079028557618],[-62.847081687602966,17.910063657085374],[-62.84705039358369,17.910045290355892],[-62.847021109893646,17.91002410196461],[-62.84699411327811,17.91000029197558],[-62.84696965855655,17.909974085292124],[-62.84689561874218,17.90988652343163],[-62.84687063607465,17.909853293885277],[-62.84684973791777,17.909817573321455],[-62.84677327400762,17.90966753213226],[-62.846620923359886,17.909377312960316],[-62.84653864258092,17.909234461984187],[-62.84651562676395,17.909253393102667],[-62.84648594280343,17.90927340830258],[-62.84645438828762,17.90929060203886],[-62.84637188349317,17.909330659707873],[-62.8463662814311,17.909333324051502],[-62.8463152114831,17.909357109736714],[-62.84628559703387,17.909368835480656],[-62.846318468949775,17.90943720682823],[-62.84636853106505,17.909525438460268],[-62.84642136982184,17.909606569029087],[-62.84643776949846,17.909634421609386],[-62.8464515346898,17.909663552350807],[-62.84646255786481,17.909693733393887],[-62.84647075264792,17.90972472876094],[-62.84648509354915,17.909791201613885],[-62.846491188228775,17.909829949892636],[-62.846492866918645,17.909869102061982],[-62.84649146716151,17.909970659757544],[-62.84648830748894,17.910012801545548],[-62.846480034053066,17.910054302703994],[-62.846405369077104,17.91033773166713],[-62.84639574589782,17.910368446059266],[-62.84638331800421,17.910398223364528],[-62.84636818293787,17.910426829376373],[-62.846337060006896,17.910479697448412],[-62.84630864939459,17.910521056154153],[-62.846280302860606,17.91055673661629],[-62.84625644655167,17.91058388926718],[-62.846229925073686,17.91060867266499],[-62.84620099392893,17.910630847937046],[-62.84616993163524,17.910650201718063],[-62.846137037364635,17.91066654741373],[-62.84610262791965,17.91067972781958],[-62.846067034711396,17.91068961593214],[-62.846030600548,17.91069611648297],[-62.84599367623488,17.910699166839926],[-62.84595661736402,17.910698737637293],[-62.84591978100901,17.910694833134745],[-62.84588352166552,17.910687490762186],[-62.84584818870186,17.910676781388922],[-62.845814122394444,17.910662808055015],[-62.8457816508127,17.910645705336133],[-62.84575108661011,17.910625637894775],[-62.8457227241929,17.910602799122145],[-62.8456968366063,17.910577408875998],[-62.845673673364466,17.91054971176152],[-62.84565345733719,17.910519974417177],[-62.845636383430055,17.910488483253967],[-62.84562261584896,17.910455541560836],[-62.84561228725297,17.91042146661155],[-62.84560549715204,17.91038658659024],[-62.84560231096572,17.91035123733674],[-62.84560275936505,17.91031575927283],[-62.84560683789774,17.91028049423845],[-62.845614507463715,17.91024578160538],[-62.845625694034055,17.910211955836623],[-62.84564028997619,17.9101793426912],[-62.84565815471751,17.910148256241964],[-62.84567911625864,17.910118995803646],[-62.84568646618264,17.910109744198703],[-62.845736149745086,17.909921147976757],[-62.845721609669326,17.909898822529783],[-62.845710219333235,17.909880106922706],[-62.845648783476165,17.909771828851493],[-62.84563758053475,17.909750423382075],[-62.84540629642123,17.909269363040274],[-62.8454031295188,17.909262594065535],[-62.84534433689519,17.909133393409373],[-62.84533127245515,17.909100364213977],[-62.845321636528894,17.909066272351225],[-62.84531552107449,17.909031443107036],[-62.845312984432546,17.908996208790597],[-62.84531405076251,17.908960905570407],[-62.845315377240524,17.90894460985308],[-62.84532046713911,17.90890729194126],[-62.84532958164148,17.908870682697927],[-62.84534262183378,17.908835178842732],[-62.84535944651562,17.908801165130452],[-62.84537987333698,17.908769010013312],[-62.84540368097294,17.90873906202737],[-62.845418093124856,17.908722767664013],[-62.845444378372434,17.908695944510768],[-62.8454733740541,17.90867181667625],[-62.84550478019157,17.90865063402191],[-62.845538271814235,17.908632615567523],[-62.84557350226522,17.908617947776474],[-62.845610106885,17.908606782570264],[-62.845647707072885,17.90859923543358],[-62.84569745988414,17.908591754687727],[-62.84573131892761,17.908588152762462],[-62.84576537926952,17.908587486669532],[-62.845875330685075,17.90859008652862],[-62.84591541284386,17.908593083681414],[-62.8459952588584,17.908603170794425],[-62.84603166762375,17.90860952144674],[-62.84606725236197,17.90861925317901],[-62.846076595375436,17.908622787287484],[-62.84607836962269,17.908620013358416],[-62.84610851476514,17.908577410696186],[-62.846126419423214,17.908554163943617],[-62.8461453104975,17.908531583669205],[-62.846154901448095,17.908503467702776],[-62.846154901731964,17.908503466979898],[-62.84615490192133,17.90850346634734],[-62.84617701273762,17.90843864924116],[-62.84617726347457,17.908438020617083],[-62.846177451160735,17.908437372058046],[-62.84617864482944,17.908434412285438],[-62.84617958601518,17.90843136870531],[-62.84618505373023,17.908418488271703],[-62.8461902328197,17.908405502760928],[-62.846190546696,17.90840490076051],[-62.846190799886976,17.908404272861446],[-62.84636759607879,17.90802275345094],[-62.84637928324055,17.907999762622183],[-62.84643775892161,17.907894372345478],[-62.84645657492066,17.907864115683527],[-62.84650736602101,17.907790815741674],[-62.846524170720286,17.90776846137692],[-62.84654270413725,17.907747396659396],[-62.84655003191752,17.907739684291606],[-62.84658146504449,17.90770061226832],[-62.84658421426468,17.907697521392496],[-62.84658671118851,17.907694240414703],[-62.84659622271681,17.90768402053307],[-62.846601954392256,17.90767757657133],[-62.846601056619015,17.907666160529075],[-62.8465998089125,17.907618448772187],[-62.846599809010264,17.907618444885614],[-62.84659980873013,17.907618441269918],[-62.84659926395853,17.907597592177],[-62.84660015616439,17.907562121860888],[-62.84660467567513,17.907526906040772],[-62.84661277886157,17.907492283904382],[-62.84662438782789,17.907458588827506],[-62.84663939060311,17.907426145391362],[-62.84665764274909,17.907395266039607],[-62.8466789685905,17.90736624809655],[-62.846703162633375,17.90733937105671],[-62.84672999183358,17.907314893694252],[-62.84675919795905,17.90729305180525],[-62.84676470083131,17.90728971227071],[-62.84677205736771,17.907274318558603],[-62.84677636637729,17.90726561045213],[-62.846846529640764,17.90712856758048],[-62.846852116524296,17.90711809006752],[-62.84692071224824,17.906994456651905],[-62.84692699820955,17.90698358261631],[-62.84699870182286,17.906864423059808],[-62.847019389141145,17.906833739194663],[-62.84704320418409,17.906805209809157],[-62.84713752759711,17.906703234362006],[-62.84719992305372,17.9066349945268],[-62.84721607359904,17.90661292909438],[-62.84728247329952,17.90650718728148],[-62.84730320935587,17.906422211835345],[-62.84730703345732,17.906265090221613],[-62.84729402146562,17.906131001373314],[-62.84729248066856,17.90609018292821],[-62.847297100201246,17.90587337224999],[-62.84727152591166,17.9057070788612],[-62.847268173124,17.905676023139844],[-62.84726763139464,17.905644806294667],[-62.84726990477139,17.90561366107542],[-62.847290274893666,17.905441751918517],[-62.84729927770998,17.905394305527217],[-62.847331615127345,17.905271232815384],[-62.847335604077756,17.905258688870166],[-62.847339256438005,17.90524604939297],[-62.847372991838434,17.90514825729982],[-62.8473058199464,17.905269773621555],[-62.84728506807859,17.905302902622537],[-62.847260742720664,17.905333722773296],[-62.84723312145963,17.905361882323326],[-62.847202519716234,17.905387059831465],[-62.84716928677662,17.905408967778286],[-62.847062478154996,17.9054716007279],[-62.847029963120576,17.90548862605619],[-62.84699586153617,17.905502518221926],[-62.846960501881604,17.905513143438615],[-62.846924224694696,17.905520399384127],[-62.84688737926596,17.905524216192386],[-62.84685032052244,17.90552455699328],[-62.846813405344875,17.90552141872324],[-62.846776989263795,17.905514831399525],[-62.84674142287138,17.90550485856937],[-62.846707048801186,17.905491596222912],[-62.846674198140896,17.905475172157647],[-62.846643187129175,17.9054557444392],[-62.84661431441862,17.90543350031451],[-62.84658785824544,17.90540865385945],[-62.84656407331508,17.905381444439797],[-62.846543188538654,17.905352134088147],[-62.84652540524125,17.905321005062003],[-62.846510894615164,17.905288357130132],[-62.84649979640062,17.905254504769452],[-62.84649221747242,17.905219774000386],[-62.84648823080414,17.905184499222436],[-62.84648787490445,17.905149020230958],[-62.84649115297042,17.905113678691382],[-62.846498033645716,17.905078814976303],[-62.846508450551596,17.905044764730352],[-62.84652230342238,17.905011855978767],[-62.84653945876941,17.904980405693248],[-62.84655975148887,17.904950716629656],[-62.846582985996946,17.904923074707803],[-62.846608938686956,17.90489774630176],[-62.84663735953694,17.904874975258416],[-62.84666797484941,17.904854980730423],[-62.84668661347286,17.904844050989148],[-62.846804896529314,17.904630073754323],[-62.8468141626424,17.904602430120114],[-62.8468264529682,17.904570892461308],[-62.84684175366398,17.904540585710507],[-62.846859932138614,17.904511772698523],[-62.846880830793616,17.90448470313034],[-62.84690426844101,17.90445961168807],[-62.846930042004665,17.90443671577269],[-62.846957927937794,17.904416213968602],[-62.84698768467942,17.904398283966714],[-62.84699424793508,17.90439510316367],[-62.8469972197679,17.90439217424831],[-62.84707977306064,17.90432023138899],[-62.84710805158371,17.904297891489623],[-62.847138459465604,17.90427828213279],[-62.84717071029478,17.904261588024493],[-62.84720449993412,17.90424796674089],[-62.84723951001598,17.904237546471318],[-62.847370554646986,17.904205129816464],[-62.847401485597445,17.904198788378206],[-62.847432862387535,17.90419494738959],[-62.84755914205155,17.904184612038893],[-62.84765607702248,17.904176678185486],[-62.847660525069074,17.904130379555678],[-62.847639593265505,17.903975989902946],[-62.84763427946454,17.903975970016656],[-62.847475558887744,17.903971503802346],[-62.84731084525234,17.903976152899673],[-62.847305123577314,17.903976045461004],[-62.847299407343186,17.903976309788277],[-62.84729511456507,17.903976104496333],[-62.84729081878346,17.903976209500613],[-62.84727813399236,17.903975923326893],[-62.84727523402135,17.903975980164923],[-62.84726927608385,17.903975816951817],[-62.84726331885954,17.903976033816548],[-62.84717938652645,17.903975143616407],[-62.847076419189115,17.903974025114707],[-62.84696793252038,17.90397497840986],[-62.84696556562975,17.903974992095783],[-62.84666443692642,17.90397583074575],[-62.84662925751745,17.903974356930956],[-62.84659437441822,17.903969752517522],[-62.84656009093812,17.903962057424565],[-62.84652771750004,17.903953248093973],[-62.84651922449828,17.90395049914622],[-62.84651059613192,17.903948165690917],[-62.84650167983358,17.90394482048699],[-62.84649260948259,17.90394188470479],[-62.84648443909685,17.903938352173633],[-62.84647609087461,17.90393522009719],[-62.84646756019633,17.90393105439124],[-62.84645883393892,17.903927281533445],[-62.84645106478446,17.903922999466598],[-62.84644307721316,17.90391909893155],[-62.84619592010854,17.903783382030632],[-62.84619133612518,17.90378082371004],[-62.845946394962624,17.903641908543044],[-62.84592569855632,17.90363085645043],[-62.8459167523093,17.903632048805584],[-62.845880989412144,17.90363353908866],[-62.84565532515835,17.903632693248543],[-62.845652753334264,17.90363267521099],[-62.845549360463565,17.90363161341327],[-62.845513037187644,17.90362956209165],[-62.84547708878053,17.90362417342953],[-62.845441848847884,17.90361549758562],[-62.84543856444144,17.903614356553415],[-62.8452198134811,17.903615851569178],[-62.84460908589162,17.9036227902422],[-62.844609084003324,17.903622790331085],[-62.84437411566476,17.903625459226724],[-62.84399078217932,17.903889980676148],[-62.84396582077284,17.903905804972357],[-62.84348870050769,17.904182875750287],[-62.84345155840487,17.90420181902282],[-62.84341244535964,17.90421668813518],[-62.84336074209945,17.9042332150209],[-62.84336074200504,17.904233215020817],[-62.84336073803867,17.904233216283043],[-62.84306887919808,17.904326511530424],[-62.84306263022304,17.904328451440403],[-62.842687779220846,17.904441375692645],[-62.84268213587978,17.904445355481798],[-62.84267531681087,17.9044496870107],[-62.842668754417694,17.90445437098498],[-62.842659884234735,17.90445948984377],[-62.84265125466838,17.90446497143894],[-62.842644023981606,17.904468642718474],[-62.842637014547634,17.90447268774609],[-62.842627662961476,17.90447694961658],[-62.84261851373713,17.904481594981505],[-62.84261094265067,17.904484569733484],[-62.84260355220292,17.904487937905078],[-62.84259380931827,17.904491301733792],[-62.84258422865571,17.904495066107625],[-62.842576388947045,17.90449731627955],[-62.84256868973949,17.904499974481347],[-62.84255864999658,17.904502407714745],[-62.842548729412336,17.904505255106884],[-62.84254069738542,17.90450675870591],[-62.8425327627981,17.904508681688746],[-62.84252252072329,17.904510161264078],[-62.84251235786359,17.904512063733364],[-62.842504211420746,17.90451280627011],[-62.8424961173769,17.904513975565962],[-62.842485773437,17.904514486921713],[-62.84247546452309,17.904515426558884],[-62.842467280899214,17.904515401045607],[-62.84245910643155,17.904515805148826],[-62.84218670771795,17.90451645719563],[-62.84173927638396,17.904523564801668],[-62.84134712818563,17.904535767810724],[-62.841331879597774,17.904535947364494],[-62.840957815974065,17.904533120316042],[-62.84090340890421,17.904528932517685],[-62.84076706889733,17.904508863592262],[-62.840763708922346,17.904508205990027],[-62.840760305381224,17.90450780776278],[-62.84074556062119,17.904504654210214],[-62.840730759552265,17.904501757490316],[-62.84072748388177,17.904500788030894],[-62.84072413670463,17.904500072138827],[-62.84068763654513,17.904490443171554],[-62.840665752121716,17.904484667879643],[-62.840625141231726,17.90447153466673],[-62.840586346617386,17.904454080084065],[-62.84045708227556,17.904387096844527],[-62.84043038560421,17.904371871146434],[-62.840405086826124,17.904354595619317],[-62.84038135719298,17.90433538727451],[-62.84031419539418,17.904276317526435],[-62.839870320197306,17.903894011611218],[-62.839596589790396,17.903666509134315],[-62.839396544027444,17.90350566530416],[-62.83939623590595,17.9035054172088],[-62.83925927927067,17.903395060409782],[-62.83898192230936,17.903209203954003],[-62.83864155211782,17.90301191986202],[-62.838281719388526,17.90280356892743],[-62.838057029244865,17.902677508393218],[-62.83789816001378,17.90260028790009],[-62.837758645867005,17.90254378501582],[-62.83755091388757,17.902485006572395],[-62.837481098240296,17.902481309865713],[-62.83741747632348,17.902485842349115],[-62.83716160265638,17.90251973151669],[-62.837043635925326,17.90255035661948],[-62.83692470062416,17.90260254871482],[-62.83691933867091,17.902604853520913],[-62.8368295297832,17.902642656028473],[-62.836812722918424,17.902666900818733],[-62.83678963623616,17.902696754008502],[-62.836763472012834,17.90272418170099],[-62.83673450647357,17.90274889461706],[-62.836703045274206,17.902770631703035],[-62.836669420571354,17.90278916365341],[-62.83663398724424,17.902804294805872],[-62.83659711939936,17.902815865398097],[-62.83653113835302,17.902833034153662],[-62.83651613236438,17.902836190882745],[-62.836501183933656,17.902839588359587],[-62.836498040645,17.90283999679982],[-62.836494941883664,17.902840648689594],[-62.83647968436767,17.90284238206129],[-62.83646446070902,17.90284436031862],[-62.836461290313395,17.90284447181419],[-62.836458140273336,17.902844829721776],[-62.83644277880922,17.902845123047964],[-62.8364274258046,17.90284566313655],[-62.83637770919393,17.902845074878222],[-62.836363156906934,17.90284847023694],[-62.83635296568557,17.90285034632991],[-62.836342868678045,17.902852642168387],[-62.836334779877035,17.90285369407137],[-62.83632676366629,17.9028551697693],[-62.83631643010956,17.90285608040754],[-62.83630614600981,17.902857417803833],[-62.83629234408638,17.90285855592091],[-62.836256535362516,17.902859874922413],[-62.8362207571939,17.90285793847448],[-62.83618533188285,17.902852763931502],[-62.83615057840032,17.90284439802104],[-62.83611432963003,17.90283389834518],[-62.83599143735068,17.90285237570925],[-62.83595522241711,17.902856118311625],[-62.83589868202527,17.902859331100483],[-62.83588105247547,17.902866781482253],[-62.835870217793214,17.902870764380314],[-62.83585954222129,17.902875125591102],[-62.83585292827505,17.90287712009809],[-62.835846455212156,17.902879499591485],[-62.83583526423305,17.902882446804096],[-62.83582419430539,17.902885784951522],[-62.83581740873422,17.902887149044034],[-62.835810722589514,17.902888909838307],[-62.83579928362904,17.902890792623197],[-62.83578792530365,17.90289307598021],[-62.83578103222428,17.902893796786895],[-62.83577419853471,17.90289492158292],[-62.835762622258876,17.902895721865526],[-62.835751084506015,17.902896928379107],[-62.83574415133424,17.90289699881622],[-62.835737234875346,17.902897477002927],[-62.835725631185355,17.902897187102628],[-62.83571402674229,17.902897305027135],[-62.83568641269777,17.902896287465488],[-62.83564118708301,17.90289200091958],[-62.835596826877236,17.902882544144305],[-62.83550519666299,17.90285738435199],[-62.835476786254866,17.902848402993403],[-62.83544920767453,17.902837296612393],[-62.835351061691654,17.90279331266769],[-62.83531288553709,17.90277356905214],[-62.835199475867626,17.90270658670548],[-62.83515864516503,17.902678726862355],[-62.83496894278484,17.90253015973601],[-62.834964632361704,17.902526732584167],[-62.834753750040164,17.902356515786025],[-62.834706524807444,17.902329079939527],[-62.83460407348711,17.90227802098908],[-62.834572738552616,17.902260524005435],[-62.83454330177903,17.902240229434984],[-62.83445455316501,17.902172616825712],[-62.83443227250613,17.90215424145451],[-62.834411552895574,17.9021342619546],[-62.83423496989843,17.90195017414186],[-62.834233513631204,17.901948647259776],[-62.834038015043845,17.901742485027228],[-62.833981529216004,17.901685566903996],[-62.83393690843435,17.90165644746476],[-62.833871087753614,17.901629835520488],[-62.83385021513215,17.901624460471457],[-62.83381373837895,17.90165886371336],[-62.83374434614308,17.901750678968348],[-62.83363690716511,17.90189765280485],[-62.8336256975622,17.901912199148104],[-62.83355797144098,17.901995635345422],[-62.83355797106293,17.901995635797032],[-62.83355797030672,17.90199563679064],[-62.83353214033748,17.902027458045616],[-62.8335321378803,17.902027460755125],[-62.83353213665137,17.90202746247143],[-62.833530348364285,17.902029665481205],[-62.83352752833895,17.902032911307412],[-62.83352657657415,17.902034147530024],[-62.83352498589291,17.902035837672123],[-62.83351433145428,17.902048101036637],[-62.833487565848486,17.90207690888674],[-62.83348756499804,17.902076909699495],[-62.83348756433641,17.902076910512413],[-62.83339602707221,17.902175430855156],[-62.833384041015826,17.90218774197207],[-62.83320602870432,17.902362254275232],[-62.8331980789277,17.902369819724903],[-62.83306026958991,17.90249713099255],[-62.8330478263639,17.90250812141325],[-62.83293026022802,17.90260738433212],[-62.83282417367361,17.902697866268706],[-62.832820998325346,17.902700544148875],[-62.83271781997845,17.90278657958529],[-62.83264535771814,17.902860104155305],[-62.832578046377606,17.902937294884644],[-62.832575670751844,17.902939992339316],[-62.832521579788306,17.90300080599152],[-62.83247314010378,17.903059495335423],[-62.83246003607599,17.903079078871897],[-62.832459261184795,17.90308266855676],[-62.83244965549209,17.90312340403005],[-62.832448322807174,17.90315436042451],[-62.832447707811966,17.903239830277112],[-62.8324481053146,17.903295595228773],[-62.83246601327793,17.903414338278008],[-62.83246645267739,17.90341734085968],[-62.83248677225458,17.90356055572471],[-62.832488305349166,17.90357296600101],[-62.8324959074685,17.903645182699087],[-62.83249777766362,17.903676644761255],[-62.8324967791587,17.90370814331179],[-62.832489015030006,17.903808496906873],[-62.832486572249294,17.90383072087195],[-62.832451827032415,17.9040742486171],[-62.832450199538115,17.904084547354316],[-62.83242896553529,17.904206962570715],[-62.83242023899441,17.904287734799397],[-62.83241602023297,17.904355294253595],[-62.83241087067836,17.904478530737112],[-62.832410578198136,17.90448435520242],[-62.83240864601695,17.90451728684482],[-62.832411297034334,17.90452808946608],[-62.83242180576132,17.904544651530426],[-62.83252721466257,17.90469351702483],[-62.83252770864747,17.904694294145024],[-62.83252827537403,17.904695023241942],[-62.832629664885275,17.904839772614896],[-62.8326765217534,17.90490317687217],[-62.832717088651364,17.90495222506452],[-62.8327235471545,17.904960262942712],[-62.832763991764025,17.90501208580958],[-62.83284145977942,17.905106354728574],[-62.83284146091125,17.90510635590457],[-62.83285733243788,17.90512566904838],[-62.8329172504616,17.905197506357272],[-62.83291810137217,17.905198636020828],[-62.83291905507592,17.905199687135948],[-62.83303084575527,17.9053358515933],[-62.833050610414936,17.905362291276376],[-62.83306781418864,17.90539032391044],[-62.83311571767508,17.90547709127658],[-62.83312078829833,17.905486613822845],[-62.833149884842,17.90554331229476],[-62.83316521539932,17.905577534459677],[-62.83317678798782,17.90561308480265],[-62.83318447975097,17.905649586124625],[-62.83318820928796,17.90568665131933],[-62.83318793683913,17.905723887079205],[-62.833186570599615,17.905746211487763],[-62.83318259501211,17.90578145727809],[-62.83317503313405,17.905816160836437],[-62.83316395759477,17.905849988515968],[-62.83314282879297,17.90590492567688],[-62.833127260733576,17.90593968066931],[-62.833107985900675,17.905972688737037],[-62.83308521526331,17.906003588873563],[-62.833059197912185,17.906032042882547],[-62.83304438520751,17.906046627671696],[-62.83301735686954,17.906070756786075],[-62.83298799458939,17.906092241160216],[-62.832956579435454,17.906110875132793],[-62.8329234121832,17.906126480266003],[-62.83288881066992,17.906138907060647],[-62.83285310611124,17.906148036489625],[-62.83278173562014,17.90616274568448],[-62.83269806973042,17.90618533841104],[-62.83269682997878,17.906185671054107],[-62.83259192635581,17.906213629288224],[-62.83254828743522,17.906226731845653],[-62.83249819921094,17.906251215701555],[-62.832477584034436,17.90627197376329],[-62.83247732784226,17.906272230784076],[-62.8324640147414,17.906296735431113],[-62.832377869458355,17.906458635407287],[-62.8323632367401,17.90648363395969],[-62.832346581977504,17.906507444440546],[-62.83233688899316,17.906520179747712],[-62.83231974557328,17.90654104870425],[-62.83227522094284,17.906591333729306],[-62.83224946763311,17.906622602684646],[-62.832247840294436,17.906624564486695],[-62.8322263170969,17.906650328180636],[-62.83222087312335,17.9066575341974],[-62.83220295311649,17.906679428184844],[-62.83218332800082,17.906699938503266],[-62.832160734422864,17.906721799894928],[-62.832152901385605,17.906729161936404],[-62.83205464741439,17.906818860799124],[-62.83199664357562,17.906874070610208],[-62.83198499662801,17.9068869655532],[-62.83194506878844,17.9069328023681],[-62.83194335487529,17.906934755867542],[-62.83188968560977,17.906995491126466],[-62.83188660101102,17.9069986531804],[-62.83188376933282,17.907002026235094],[-62.83187573630909,17.90701068785655],[-62.831867020459164,17.907022592513716],[-62.83183111435427,17.907075722937044],[-62.83182560405932,17.907083645834152],[-62.83179652108447,17.90712429229727],[-62.83179549067039,17.90712579110697],[-62.83178383764696,17.907145697437635],[-62.83178265096808,17.907147709600434],[-62.83176529969386,17.907176911008047],[-62.83174287020115,17.907217376745002],[-62.83174065288926,17.907221317958577],[-62.83171064623724,17.90727387190821],[-62.831710208480644,17.90727463638402],[-62.831673173428534,17.90733912996925],[-62.83166010119557,17.907362508996172],[-62.831660089941465,17.907362529142727],[-62.83166008984696,17.907362529233026],[-62.831654105887125,17.90737323292141],[-62.83163250778569,17.90741225109361],[-62.83162305976939,17.90742831552619],[-62.831604144851866,17.907458641154072],[-62.83158887348752,17.907481178488098],[-62.83157189622287,17.907502568057506],[-62.831541471268054,17.907538080063564],[-62.83152309610135,17.907557988422894],[-62.83147398882886,17.907607408353506],[-62.83147007080984,17.907611292864768],[-62.831447730093004,17.907633113714937],[-62.83141853221885,17.90765878633779],[-62.8314056758752,17.907668952771072],[-62.83138168853935,17.907686427558243],[-62.83135859179844,17.907701900229938],[-62.83129972002176,17.90774360074509],[-62.8312645641605,17.90776571271961],[-62.831227057779216,17.907783944598048],[-62.831187666076744,17.907798070001757],[-62.83112069638602,17.907818090187924],[-62.83096858417619,17.907866221694],[-62.83095991609702,17.90786885400673],[-62.830791356868104,17.907917912377922],[-62.830758637203935,17.907925924208826],[-62.830725300685764,17.907931105482895],[-62.83069665090381,17.907934307377264],[-62.83065549215237,17.907936737235797],[-62.83061430218261,17.90793485641534],[-62.83057357182849,17.90792868739755],[-62.830533786966036,17.90791830354804],[-62.830399016587414,17.907875434947467],[-62.830396039952355,17.907874330085033],[-62.830392978217105,17.907873459883263],[-62.83037876548439,17.90786791816748],[-62.83036446189511,17.907862609027433],[-62.83036161250629,17.907861230131815],[-62.83035865480032,17.907860076837917],[-62.83029819394139,17.907833119557715],[-62.830297100729354,17.907832630063186],[-62.830271578747904,17.907821155603887],[-62.83021714666738,17.907822840666245],[-62.83012904083107,17.90782831553627],[-62.83012517923233,17.907828536506308],[-62.83008196623826,17.907830796421482],[-62.83004738171009,17.907831086647434],[-62.8300129144033,17.907828346567026],[-62.82997885357854,17.907822599120138],[-62.82991785084457,17.907809522873496],[-62.829914924280274,17.907808883901712],[-62.829856122316386,17.907795808655074],[-62.82982333766427,17.907787010020403],[-62.82979151396799,17.907775420258726],[-62.82976090992424,17.9077611335992],[-62.82973177438978,17.907744266045736],[-62.82970434411594,17.90772495483273],[-62.829678842145114,17.90770335688701],[-62.82966685007288,17.9076922387429],[-62.82962992434621,17.907652568411386],[-62.82959675517166,17.907611171084696],[-62.829585706241595,17.907596647800975],[-62.82957132168735,17.907576717542117],[-62.829561815406414,17.90756205686386],[-62.82955226558359,17.907547416303277],[-62.82954802396588,17.907540141864075],[-62.82952953183171,17.907503788766967],[-62.82951539549667,17.907465686157646],[-62.829505791620846,17.907426310621297],[-62.82950363620333,17.907414532762267],[-62.82948805523739,17.907411534807967],[-62.829476459052024,17.907408730517645],[-62.82946476912154,17.907406314808295],[-62.829437117742195,17.907399225032783],[-62.829420701053465,17.907394632005676],[-62.82938697440628,17.90738439685667],[-62.829386041882245,17.907384112585838],[-62.82936889875302,17.90737886325079],[-62.82934112239109,17.907369195516843],[-62.829331060835585,17.907365260286344],[-62.82929644773677,17.90734972143355],[-62.829274464115535,17.907338519480973],[-62.829272498279416,17.907337510665464],[-62.829230156708846,17.907315626909355],[-62.82918694988354,17.907293618102695],[-62.829182193287636,17.90729115314411],[-62.82913064931919,17.90726398368755],[-62.82912282922853,17.907259744815825],[-62.829096514185174,17.907245082011574],[-62.82906233239224,17.907226602034083],[-62.82906191624923,17.907226376695547],[-62.82903960864169,17.907214280595625],[-62.828995563543636,17.90719053332157],[-62.82894406049754,17.90716347900466],[-62.828943170218444,17.907162955333852],[-62.82894223350489,17.907162512970473],[-62.82884251352742,17.9071094418438],[-62.82882467647815,17.907116131422157],[-62.82878901021162,17.907125772538876],[-62.82875252854861,17.907132020348552],[-62.828715582951865,17.907134814691172],[-62.828678529100856,17.907134128673107],[-62.82864172387038,17.907129968845183],[-62.82860552183694,17.907122375380418],[-62.82857027150289,17.907111421347572],[-62.828536312464394,17.907097212256726],[-62.8285039717304,17.907079884880932],[-62.828473560702314,17.907059606259292],[-62.82844537234379,17.90703657143475],[-62.828419678065984,17.90701100245705],[-62.82839672537006,17.906983145488194],[-62.82837673520556,17.906953268811595],[-62.82835990017917,17.906921660118805],[-62.82834638238583,17.906888623886374],[-62.828343885585156,17.906880158032926],[-62.82820123136642,17.906852623873522],[-62.828159978903955,17.90685377008105],[-62.82811417807872,17.906863593204967],[-62.82791744185126,17.906944787042207],[-62.82790228712349,17.906950213761558],[-62.82788720756283,17.906955819783466],[-62.82788493768326,17.9069564264419],[-62.827882729843964,17.906957217002184],[-62.827867092459535,17.906961195474132],[-62.8278515115428,17.906965359468746],[-62.827849190511095,17.90696575014714],[-62.827846912349074,17.90696632977211],[-62.82783094010058,17.90696882216463],[-62.82781501072132,17.906971503502437],[-62.827812661577866,17.9069716744249],[-62.82781033434132,17.90697203761972],[-62.827794184827745,17.906973019125267],[-62.82777805656,17.906974192901263],[-62.82746511255917,17.906982218696683],[-62.827433003019124,17.906981734500643],[-62.827283644950214,17.906973391457228],[-62.82688279394149,17.906954432273555],[-62.82688186151669,17.90695434413047],[-62.826880924384724,17.906954339410333],[-62.82665237272538,17.90694244155687],[-62.826493778589494,17.906934752941297],[-62.82649125809684,17.906934622616223],[-62.82632004328499,17.906925223243928],[-62.8262388768311,17.906921465185036],[-62.82608261939261,17.906920021707027],[-62.826080858339964,17.906920001513782],[-62.82598305701876,17.90691866124786],[-62.825856211834456,17.906922547605156],[-62.82570386644442,17.906927989383288],[-62.82567456195075,17.906927946960675],[-62.825504470482066,17.90692137707841],[-62.82546517988519,17.906917884189593],[-62.82534956236534,17.90690173680375],[-62.825346675926674,17.906901322772516],[-62.82522058669998,17.90688275891],[-62.82520763336738,17.906880223404215],[-62.82519461029917,17.90687803790348],[-62.82513150165234,17.906864361173312],[-62.825011652861065,17.906839713053778],[-62.82499205621858,17.906835155571265],[-62.82489125381418,17.906808964875527],[-62.82476352183015,17.906776277458686],[-62.82474007339195,17.906769489530202],[-62.82459365183961,17.906722088621596],[-62.82452411864821,17.906700342849955],[-62.824518218904146,17.906698446094484],[-62.82444531741934,17.90667436699293],[-62.824369682921066,17.90665401882984],[-62.824365386066994,17.90665283648806],[-62.82431005558524,17.906637271820085],[-62.823982152420314,17.90656773684523],[-62.82394640563128,17.90655837315169],[-62.82391178967578,17.906545700234535],[-62.823909927049755,17.906544809142222],[-62.82390470657375,17.906543621073844],[-62.823899617435885,17.906541943769373],[-62.8238932940474,17.90654026815008],[-62.8238912796409,17.906539629551705],[-62.82389127945216,17.906539629461143],[-62.823891246890206,17.906539619127575],[-62.82386112328699,17.9065300717781],[-62.82355619974554,17.906433407453036],[-62.8232847580267,17.906360586840982],[-62.82321670911019,17.90635217637165],[-62.82300528568448,17.906438391146793],[-62.823004053017044,17.906438891311737],[-62.82270020763591,17.9065615771406],[-62.82269449563648,17.906563831068063],[-62.822515950572765,17.906632651638702],[-62.82250215838925,17.906637670359107],[-62.82210019580513,17.90677539533841],[-62.82176805484442,17.9069063835306],[-62.82161250865949,17.90696880088724],[-62.82156492538957,17.90698441752627],[-62.821414582123275,17.90702326351523],[-62.82137256094863,17.90703170071669],[-62.821329811097385,17.907035517113616],[-62.821245271372554,17.90703844033784],[-62.82120778299133,17.90703795379049],[-62.82117052976874,17.907033910908144],[-62.82113387893079,17.90702635170826],[-62.82109819153209,17.907015350549923],[-62.82106381943476,17.907001015950247],[-62.82103110134454,17.906983489044165],[-62.82100035979035,17.90696294276809],[-62.820931527829174,17.906911892204313],[-62.82091533821734,17.90689918201709],[-62.82079244603361,17.906797117454662],[-62.820638898277124,17.906728386465062],[-62.820636542819216,17.906727322609978],[-62.82047887987248,17.906655476766037],[-62.82035387432352,17.90662025434715],[-62.82023031282324,17.90660446049085],[-62.82019655759534,17.90660921629328],[-62.82006583126083,17.906633879037635],[-62.81989714853966,17.90667148288204],[-62.819876100134174,17.906675574743645],[-62.81978720752022,17.906690349357337],[-62.819775271595766,17.906691529243865],[-62.819768975833725,17.90669263399826],[-62.81974372516132,17.906694647665425],[-62.81973540416615,17.90669547016305],[-62.81973204307824,17.9066955792204],[-62.81973199199959,17.906695580890446],[-62.81973199190518,17.90669558089036],[-62.81965829353426,17.906697981991773],[-62.8196073355393,17.906700956857737],[-62.81959565454678,17.906701089023787],[-62.81958398419003,17.90670162703617],[-62.81955365242993,17.906701598919398],[-62.81955217230817,17.90670152794933],[-62.81955069167921,17.906701585057018],[-62.81953366814309,17.906700640458524],[-62.81951663815226,17.906699823659643],[-62.81951517271016,17.906699614139793],[-62.81951369307175,17.90669953205229],[-62.81947637083206,17.90669569477416],[-62.819483301127946,17.90672016766955],[-62.81948861324856,17.906746553277703],[-62.819501431448536,17.90682600892088],[-62.8195014316359,17.90682601036724],[-62.819501432011634,17.90682601226572],[-62.81950636338868,17.906856582071864],[-62.819509694189,17.906884266599675],[-62.81951078782107,17.906912114551293],[-62.81951068229433,17.907016419123973],[-62.819510660797135,17.90703766725548],[-62.81950917048648,17.907069407310754],[-62.81950260448886,17.907139950001234],[-62.8194966889233,17.907179110331807],[-62.81948313395513,17.907243668350134],[-62.81947647475856,17.907270170209408],[-62.81946774886713,17.90729611644137],[-62.81942792450285,17.907400827061203],[-62.81941564539271,17.90742928139369],[-62.81940088217416,17.907456632508044],[-62.81938374192233,17.907482681923046],[-62.819344875815155,17.90753652186292],[-62.819344835633466,17.90753657750395],[-62.819344832797064,17.90753658147834],[-62.819343115382196,17.90753896157885],[-62.8193430819178,17.907539003396924],[-62.81934305298236,17.90753904802119],[-62.81934126588914,17.907541523144015],[-62.81934126267454,17.907541527660374],[-62.81934123015105,17.90754157264286],[-62.819338731131204,17.90754503503358],[-62.8193314396718,17.907554146585408],[-62.81932448219217,17.90756349517024],[-62.819320176628636,17.90756822111942],[-62.819316192283516,17.907573200088432],[-62.81930800180585,17.907581584817272],[-62.81930012186564,17.907590234215707],[-62.819140904300376,17.90774859085988],[-62.819115187479966,17.90777655381504],[-62.819089265124276,17.90780208706649],[-62.81906084503035,17.907825055343384],[-62.81903020282638,17.907845235916486],[-62.818997635734235,17.907862433012006],[-62.81896345964047,17.907876479887868],[-62.8189280060737,17.907887240277088],[-62.81889161880404,17.907894609830866],[-62.818854650915476,17.90789851701974],[-62.81882935718376,17.907899988476355],[-62.81881484140148,17.907900181678933],[-62.81875131589543,17.90801286444296],[-62.818670636800974,17.908158991252545],[-62.818670631221515,17.908159000195646],[-62.81867062715322,17.908159008597842],[-62.818668566763904,17.908162739927633],[-62.81866856657471,17.908162740289],[-62.818668542455065,17.908162783923395],[-62.81866744004245,17.908164781079105],[-62.818667433517206,17.908164791648293],[-62.818667428597536,17.908164801676655],[-62.818666369222406,17.90816672050703],[-62.818647464017985,17.908197237660023],[-62.818625525384014,17.90822583388423],[-62.818600764612846,17.90825223369558],[-62.81857342016664,17.90827618287624],[-62.818543755409074,17.908297450822577],[-62.81851205605401,17.908315832621746],[-62.81847862733077,17.908331151399178],[-62.81844379115047,17.90834325949097],[-62.81840788298826,17.90835204042955],[-62.81837124876716,17.908357409483102],[-62.81833424126883,17.908359315008077],[-62.81829721692323,17.908357738626947],[-62.818260532126025,17.908352695676744],[-62.818224540406696,17.90834423457365],[-62.81818958817985,17.908332436809097],[-62.818156012291404,17.908317415953107],[-62.818124135865204,17.908299316836963],[-62.81809426594454,17.90827831365281],[-62.81806669028336,17.908254608685223],[-62.81804167442153,17.908228430229492],[-62.81801945923237,17.908200030420048],[-62.81800025875356,17.908169682787882],[-62.8179842577353,17.908137679546645],[-62.81797161041571,17.908104328879844],[-62.817962438446834,17.908069951956072],[-62.81795683033135,17.908034879945717],[-62.81795484000993,17.907999450584896],[-62.81795648667566,17.907964005102134],[-62.81796175430566,17.907928884692808],[-62.817970592324876,17.907894427808174],[-62.817982915610315,17.907860966088],[-62.81799860553209,17.90782882201146],[-62.81799965289971,17.907826924956705],[-62.817999653467375,17.907826923782206],[-62.81800078000507,17.907824882995946],[-62.8180007933392,17.907824861496344],[-62.818000804124836,17.907824839361638],[-62.81800287861767,17.90782108247257],[-62.818002879185244,17.907821081388455],[-62.818002888833036,17.907821064043194],[-62.81808432369088,17.907673569305548],[-62.81808586628613,17.90767080454712],[-62.81820424156684,17.907460829453743],[-62.81822517829907,17.90742108293563],[-62.81822517858294,17.907421082303184],[-62.818225187569446,17.907421065318843],[-62.818226840626295,17.907417926641422],[-62.81822684355814,17.90741792167288],[-62.81822684582901,17.907417916794106],[-62.818228877740474,17.907414059171636],[-62.81822887963194,17.90741405600986],[-62.81822888057818,17.907414053931845],[-62.818263506300696,17.907348318958462],[-62.8182795200147,17.907320941621297],[-62.818322365845965,17.907254617757367],[-62.818343617078625,17.907225100512672],[-62.818367817247655,17.907197743371665],[-62.81839472834861,17.907172815102573],[-62.81842408577739,17.90715056076747],[-62.81845560107061,17.907131199374813],[-62.8184889641743,17.907114921079614],[-62.818523847221535,17.907101886012],[-62.818559907083454,17.90709222238148],[-62.81859678943041,17.907086025034587],[-62.818646443133936,17.907080093115784],[-62.81868137400342,17.907077488169307],[-62.81871640660343,17.90707799352425],[-62.81874574158041,17.907081034975477],[-62.81874827065658,17.907074385216873],[-62.818752124142534,17.90705603267361],[-62.818755379129435,17.907021064021613],[-62.81875538456148,17.90701571728042],[-62.81875546215449,17.906939342597322],[-62.81875498404074,17.906936378727437],[-62.81875498347767,17.906936375382593],[-62.81875498338371,17.90693637493057],[-62.81874645914896,17.906883534588147],[-62.81874520445827,17.906879677514876],[-62.818743123535796,17.90687492113607],[-62.818710649960686,17.90682532507053],[-62.81870895103155,17.90682270552215],[-62.81866106540058,17.906748165845013],[-62.81864308269746,17.906716792973064],[-62.81861466208528,17.906660806156086],[-62.81860522896497,17.906640684473384],[-62.81859091502042,17.906607475551677],[-62.81857645358911,17.906591647801104],[-62.81855490487849,17.906562781279522],[-62.818536415341114,17.90653203168494],[-62.818521163113516,17.90649969511098],[-62.81850929497144,17.906466082987713],[-62.81850502236766,17.906448438554747],[-62.81849590113685,17.906441564351333],[-62.818385792094546,17.90635170601139],[-62.818072392937516,17.906575027722482],[-62.81807239189834,17.90657502835422],[-62.818072390575466,17.90657502943762],[-62.818053233851906,17.9065886798378],[-62.81790468075953,17.90672265138743],[-62.81772581772973,17.906887850496307],[-62.81767559363637,17.906937362317603],[-62.817675593636274,17.906937362407998],[-62.81767559051754,17.90693736547823],[-62.81762980758716,17.90698250030442],[-62.817609629506094,17.907000974464484],[-62.81758808093218,17.907017970958584],[-62.81742827240627,17.907134799834783],[-62.81742348585905,17.907138241796954],[-62.81731087136122,17.907217895596627],[-62.817310870321855,17.907217896409133],[-62.81726681200793,17.90724906021912],[-62.81725386503775,17.907257821828214],[-62.81714354676825,17.907329200686718],[-62.81707927875198,17.907372880770907],[-62.81704007609614,17.9073962127298],[-62.816998192930996,17.907414791516302],[-62.81688158275885,17.907458444097557],[-62.81688158171995,17.90745844445813],[-62.81688158143652,17.90745844463864],[-62.8166983055983,17.90752705283341],[-62.81653126452804,17.907606860630178],[-62.8163303614704,17.90773030476135],[-62.816265742429295,17.90777071774977],[-62.81626574157902,17.90777071829129],[-62.816265741201185,17.907770718471706],[-62.8160825104901,17.90788531170998],[-62.815892020589374,17.90801227982278],[-62.81581242859448,17.908105279766158],[-62.81578954718521,17.90812967042992],[-62.815617155215655,17.908297464071545],[-62.81559455351639,17.908317729629434],[-62.815570293557414,17.90833615415014],[-62.815522685456735,17.90836935964802],[-62.81552106841819,17.90837048126253],[-62.81550175312677,17.908383804145544],[-62.815500587611524,17.908384612726252],[-62.81547023709739,17.908403356130158],[-62.8154582488832,17.908439521202954],[-62.81538609123344,17.908658763392634],[-62.81536385787073,17.908728732465484],[-62.815344548784935,17.908805509446115],[-62.81534145972264,17.908815590073598],[-62.815339380347346,17.908823542054165],[-62.81531918960044,17.908979390066804],[-62.815314907549755,17.909085561097704],[-62.815314582787465,17.909089098350425],[-62.81531454890055,17.90909264744868],[-62.81530790917468,17.909201713681952],[-62.815307758517484,17.90920405871641],[-62.8152947121058,17.909396791789035],[-62.81529468467643,17.909397021887937],[-62.815294680566915,17.909397252280133],[-62.81529415530134,17.909404861451062],[-62.815294154348685,17.909404869675367],[-62.81529415415078,17.9094048784427],[-62.815284756017164,17.909540925241437],[-62.81528083569255,17.909574190029456],[-62.81527371846061,17.909606965049658],[-62.81523804334863,17.90974000774906],[-62.8152277324403,17.90977216618897],[-62.815214344167664,17.90980326797636],[-62.81514634473053,17.909942471460415],[-62.81512497281158,17.909980207012108],[-62.81510945047288,17.910004108897656],[-62.8151176067282,17.91005964264385],[-62.815118584094094,17.91006994197882],[-62.815120001663495,17.91008019717124],[-62.81512139193101,17.910096297836013],[-62.81512504783682,17.910123432819898],[-62.8151250479301,17.910123433904626],[-62.81517158205284,17.91046879509029],[-62.81517462066578,17.910521741799883],[-62.81517120889018,17.910698155603004],[-62.81516766915885,17.910741294966208],[-62.815134087686324,17.91097231895334],[-62.815134087590685,17.910972320128284],[-62.815112344678745,17.911121905058845],[-62.8151093622166,17.911139304313103],[-62.81504115818485,17.911484318369872],[-62.815036740502215,17.911503729986453],[-62.814939413281316,17.911881210374872],[-62.814938714962125,17.91188387494729],[-62.81483490703658,17.91227373209737],[-62.81483474957955,17.912274251400643],[-62.81497486434017,17.91233553299293],[-62.81500793831317,17.91235193159443],[-62.81503916407999,17.912371369408042],[-62.81510737727821,17.91241857096389],[-62.81513780526439,17.912442011778612],[-62.81516554179842,17.91246833572196],[-62.815190290047504,17.91249726131971],[-62.815239433029404,17.91256117531841],[-62.815257998365894,17.912587698972395],[-62.81527404696861,17.91261568712325],[-62.815329705054815,17.91272381322054],[-62.8153516106529,17.912727169191857],[-62.81538248801704,17.91273449523714],[-62.81544250645891,17.91275133338902],[-62.81545648984658,17.912755980964416],[-62.81547056594247,17.91276036288947],[-62.81547398871374,17.91276179704911],[-62.815477518350065,17.9127629701825],[-62.815490957611885,17.91276890705946],[-62.81550451827316,17.91277458906936],[-62.81551526971545,17.912779709734007],[-62.815545720672894,17.912795931943716],[-62.815574480026505,17.91281477222681],[-62.81560130293507,17.912836070096155],[-62.81562596110123,17.91285964420102],[-62.81571158804109,17.912949434239277],[-62.81573630479442,17.91297819812596],[-62.81575779925346,17.91300924375666],[-62.815800995136826,17.913079211514635],[-62.815802607484855,17.91307928887546],[-62.81583926285646,17.913084529670865],[-62.81587520526698,17.913093184779754],[-62.81591008839392,17.913105170809395],[-62.81594357633325,17.9131203723802],[-62.81597534661956,17.913138643122807],[-62.81600509324604,17.913159806946336],[-62.816032529777814,17.91318366021053],[-62.81605739199425,17.913209973084054],[-62.81607944034096,17.913238492167945],[-62.81609846266547,17.913268942848234],[-62.81611427563089,17.91330103182806],[-62.81612672697882,17.913334450112515],[-62.81613569684832,17.913368875902275],[-62.816141098811485,17.91340397748686],[-62.81614288081386,17.913439417041808],[-62.8161428112953,17.913506845545438],[-62.81614125464279,17.91353928327216],[-62.81613666411734,17.913571456552553],[-62.816135837288265,17.91357578981934],[-62.81610262558403,17.913749760836108],[-62.816102625393896,17.913749762101343],[-62.81610262520403,17.91374976309542],[-62.816095424389,17.913787483386553],[-62.81609542419896,17.91378748456141],[-62.81609005559394,17.913815613288484],[-62.81608860799754,17.913836680997285],[-62.81608744445889,17.913846343423458],[-62.816086729922226,17.913856044598017],[-62.816086204901055,17.91386023081919],[-62.816173491814276,17.91404097124321],[-62.81618798922948,17.914075570098838],[-62.81619868814218,17.914111414149435],[-62.81626465784693,17.914385140616194],[-62.8162702018196,17.914413139913023],[-62.81627342507975,17.914441470274483],[-62.816289762208804,17.91466755215757],[-62.816290562372764,17.914700833337076],[-62.81628816161124,17.914734043884867],[-62.81628258003994,17.914766902264866],[-62.81627386524683,17.914799129859215],[-62.816240628288845,17.914902220782924],[-62.81622797345951,17.91493556897497],[-62.816211965113204,17.914967569133015],[-62.816192757465096,17.91499791309252],[-62.81617053549408,17.915026308625993],[-62.81614551314613,17.91505248224333],[-62.81611793144311,17.915076181901657],[-62.81608805612005,17.91509717926288],[-62.81605617469557,17.91511527231209],[-62.816022594298936,17.915130286621057],[-62.815987638268695,17.915142077604674],[-62.81595164341319,17.91515053178383],[-62.815914956232824,17.91515556777614],[-62.81587793008683,17.91515713692599],[-62.81584092150985,17.915155224295287],[-62.81580428709663,17.915149848208625],[-62.81576837944174,17.91514106043018],[-62.81573354449645,17.915128945618896],[-62.815700117698405,17.915113620420904],[-62.815668420951326,17.915095232472396],[-62.81563875951078,17.915073958860035],[-62.81561141905894,17.91505000440082],[-62.815586662874,17.915023599831613],[-62.81556472947202,17.914994999547165],[-62.81554582987186,17.91496447879552],[-62.81553014627542,17.91493233159776],[-62.815517829710735,17.9148988674919],[-62.81550899871286,17.91486440891029],[-62.81550373828916,17.91482928756318],[-62.81550209926125,17.914793841726468],[-62.815504097230225,17.914758412715592],[-62.81550971305185,17.914723341903247],[-62.81551889265193,17.91468896683257],[-62.81553137631074,17.914650246926808],[-62.815521955411285,17.91451986812852],[-62.815471484001144,17.914310444735595],[-62.81545128032021,17.91426860965205],[-62.815450261138295,17.914268570813306],[-62.815448777404164,17.91426837353778],[-62.8154472808849,17.914268305141718],[-62.815430423356936,17.914265933671373],[-62.81541355115624,17.914263690806088],[-62.815412094945906,17.914263355354965],[-62.815410612450975,17.91426314678198],[-62.8153940790752,17.914259204964385],[-62.815377517622004,17.914255389660276],[-62.815376102528354,17.914254919029226],[-62.81537464869007,17.914254572462497],[-62.81535860163387,17.914249099318056],[-62.81534250743397,17.91424374733626],[-62.81534114704822,17.914243146147935],[-62.8153397360257,17.91424266485484],[-62.81532433017133,17.91423571385903],[-62.81530885792102,17.914228875872883],[-62.815307565266934,17.914228149653272],[-62.81530621074551,17.914227538527715],[-62.81529158708535,17.914219173356646],[-62.81527689316116,17.914210918480073],[-62.81527568201537,17.914210075105935],[-62.81527439550862,17.91420933922054],[-62.81526069888663,17.91419964217373],[-62.81524692077261,17.914190048270317],[-62.815245800947295,17.914189094620404],[-62.81524459698678,17.91418824221422],[-62.815231961847005,17.914177309049006],[-62.81521922965002,17.914166466087224],[-62.815218213314274,17.914165412386843],[-62.81521710190062,17.914164450700326],[-62.81520564436541,17.91415238176642],[-62.81519408637811,17.914140399055835],[-62.81519318268028,17.914139254985113],[-62.81519217522781,17.914138193700545],[-62.81518200885065,17.914125108055302],[-62.81517173306261,17.91411209823051],[-62.81517095096064,17.91411087491557],[-62.81517005690045,17.914109724165268],[-62.81516127766885,17.914095745097537],[-62.81515238497228,17.914081836152164],[-62.81515173210127,17.91408054571212],[-62.81515095991961,17.914079316260214],[-62.81514365295158,17.914064578075692],[-62.815136228558856,17.91404990431549],[-62.81513571094885,17.914048558867947],[-62.815135068375234,17.914047262833652],[-62.815129306972366,17.914031913565545],[-62.815123419288646,17.914016610274548],[-62.81512304174192,17.91401522220709],[-62.81512253518308,17.91401387261221],[-62.81511837338832,17.913998058015725],[-62.81511408051272,17.913982274478027],[-62.81511384697997,17.913980857985155],[-62.81511348095504,17.913979467126623],[-62.81511095779766,17.91396333429841],[-62.815108302336625,17.913947227827762],[-62.815108214975275,17.913945796469562],[-62.81510799305821,17.91394437763766],[-62.81510713395751,17.913928087129],[-62.815106140208336,17.91391180770034],[-62.81510619985457,17.9139103744933],[-62.815106124296165,17.913908942242443],[-62.81510693720806,17.913892651153237],[-62.815107615110016,17.9138763552356],[-62.8151463630709,17.913460155791064],[-62.815145810944514,17.913439828174994],[-62.81509493236273,17.913439779833315],[-62.81505746415632,17.913437960350592],[-62.81502036936479,17.913432591002223],[-62.8149840140794,17.913423724741655],[-62.81494875708516,17.91341144922417],[-62.81491494618003,17.91339588544761],[-62.814882915248596,17.913377187026406],[-62.81485298010955,17.91335553847026],[-62.8148254363459,17.9133311534647],[-62.81480055571942,17.91330427260793],[-62.81477858371834,17.913275161058387],[-62.81475973729361,17.913244106363273],[-62.81466784028952,17.913073721051674],[-62.81466464722306,17.91306766200311],[-62.81461626945988,17.91297367870477],[-62.81450072929543,17.912923145131824],[-62.81447758182983,17.91291208864097],[-62.814428169699084,17.912886426984073],[-62.81425789346258,17.913021643459476],[-62.814234389298704,17.913038865471254],[-62.81420954849299,17.91305427241163],[-62.81396835335623,17.91319133050408],[-62.813944206644706,17.913203936805377],[-62.81368348013864,17.913328484405216],[-62.813667962702425,17.91333548021877],[-62.81352130789291,17.91339774278237],[-62.81349332047636,17.91340836813465],[-62.813464537795255,17.913416825335144],[-62.81335375893384,17.91344480228796],[-62.81331841933436,17.91345201569125],[-62.813282521472864,17.913455962967326],[-62.81304145266513,17.913471332255497],[-62.813018853721964,17.91347212338916],[-62.8128564009963,17.913473151281238],[-62.812846835044994,17.913473095802665],[-62.81267633398858,17.913470039538897],[-62.81267633389417,17.913470039538804],[-62.81267632350864,17.91347003934803],[-62.81258080589226,17.913468329626692],[-62.812543019766906,17.913465834706617],[-62.812505684686165,17.913459728989718],[-62.81246917617319,17.913450073939675],[-62.812433861499315,17.91343696662487],[-62.812400095813864,17.913420538810787],[-62.81230126191219,17.91336631987826],[-62.8122772398345,17.913351970576386],[-62.81192197018369,17.913121602122875],[-62.81190802860048,17.91311211403063],[-62.811557729930364,17.91286209058851],[-62.81147398014988,17.91281506599186],[-62.81138090613912,17.91277849224437],[-62.81124276456627,17.91275508911132],[-62.811088399867934,17.91275777393175],[-62.81106279519332,17.912758217547168],[-62.81103473226174,17.91276290559615],[-62.81103473112856,17.912762905775825],[-62.8110347300898,17.91276290595559],[-62.810990575938376,17.912770281931067],[-62.810913606248285,17.912797229644454],[-62.81082839540557,17.91284553151397],[-62.81073275125898,17.91291970319962],[-62.81058998490128,17.913042902952117],[-62.81049103192863,17.913155741209014],[-62.81033544838294,17.913400837661346],[-62.81011251778958,17.913854245622147],[-62.81000853534649,17.914078945108372],[-62.81000853468422,17.91407894637314],[-62.80988468713706,17.914346569150457],[-62.80988345436802,17.914349204709303],[-62.80981883331899,17.914485885738927],[-62.80982391533048,17.914541692886612],[-62.809842398688914,17.914553504528964],[-62.80987105883289,17.914576000884036],[-62.809897277554604,17.914601078103892],[-62.809920802547865,17.914628494791053],[-62.80994140711697,17.914657986886027],[-62.809958892817484,17.91468927038138],[-62.80997309134171,17.914722044035173],[-62.809983865932,17.914755992174275],[-62.80999111279372,17.91479078785925],[-62.80999476213059,17.91482609595851],[-62.809994778802235,17.914861576493212],[-62.80999116269854,17.914896887710817],[-62.80998394854726,17.914931689609933],[-62.80997320581642,17.914965647013428],[-62.80995903814434,17.91499843291216],[-62.80994158173142,17.915029731446253],[-62.80992100486465,17.915059241248912],[-62.80989750555419,17.915086678246208],[-62.809871310303535,17.915111778005933],[-62.80984267127359,17.915134298988832],[-62.809811864298155,17.91515402417365],[-62.80977918604867,17.915170763585255],[-62.80974495119988,17.91518435609965],[-62.809709489501266,17.915194670796936],[-62.80967314247109,17.91520160831393],[-62.809636260184966,17.9152051018353],[-62.809599197781765,17.91520511772287],[-62.80952034496372,17.915201443148046],[-62.80948354317219,17.91519799311656],[-62.809447270285915,17.915191114231384],[-62.809411873972785,17.915180872363788],[-62.80937769355704,17.91516736591636],[-62.809345056622035,17.915150724102286],[-62.809314276272325,17.915131106671474],[-62.809242989064394,17.91508068231887],[-62.80921542288638,17.915059192046105],[-62.809190089575225,17.91503531557898],[-62.80916721371018,17.915009264553287],[-62.80914699785062,17.914981269745244],[-62.8091296212159,17.9149515793528],[-62.80911523770576,17.91492045628203],[-62.8091039748635,17.91488817633839],[-62.80909593246266,17.914855025694465],[-62.80909118166048,17.914821297906315],[-62.809057773453674,17.91445441229357],[-62.80905639171147,17.914417431173693],[-62.809058965755305,17.91438050861967],[-62.80906546863771,17.914344031369907],[-62.8090758323454,17.91430838142222],[-62.809089948180905,17.91427393241868],[-62.80919470653715,17.91405235796684],[-62.809317942904855,17.91378605829132],[-62.80931794337829,17.913786057026375],[-62.80942367838263,17.91355757241823],[-62.809427272151765,17.913550040843],[-62.809660588922206,17.913075512566014],[-62.80967954933295,17.913041726629803],[-62.80986051725832,17.912756642802822],[-62.80987637575334,17.912733678447815],[-62.809894013519624,17.91271193587078],[-62.81002837861319,17.91255871684213],[-62.81006476311504,17.91252263632312],[-62.81023443192608,17.91237622157434],[-62.81024957361794,17.91236383210636],[-62.810374455583954,17.912266986872833],[-62.81041975626448,17.912236823107442],[-62.81055875279369,17.91215803271071],[-62.81058942129075,17.912142425104076],[-62.81062145784798,17.91212958086413],[-62.810762774032185,17.91208010502014],[-62.81079478483932,17.912070418751185],[-62.81082756776781,17.91206349237538],[-62.81090488992771,17.912050575688625],[-62.81090489002212,17.912050575688717],[-62.810904892194046,17.91205057532929],[-62.81096178131763,17.912041071654393],[-62.810990717694956,17.91203733451882],[-62.811019869134654,17.912035748703584],[-62.81107469292373,17.912034798915272],[-62.81126565619998,17.91203147748369],[-62.811302129837294,17.912032530972503],[-62.811338326961895,17.912036949468312],[-62.811552534974986,17.912073239444062],[-62.811591936574736,17.912082021256026],[-62.8116301309346,17.912094787498066],[-62.811785454665554,17.91215582235093],[-62.811833113410685,17.91217842564647],[-62.81195782789102,17.91224845136582],[-62.811992497591305,17.912270460702278],[-62.81235263800955,17.912527508235765],[-62.812689094108244,17.912745677094858],[-62.8126916764842,17.912747093682356],[-62.81285619244784,17.912750042666758],[-62.813002549429406,17.912749116624212],[-62.813196151990745,17.912736773519075],[-62.81324269008544,17.912725020450544],[-62.81335391427946,17.912677800086666],[-62.8135946510606,17.91256280148231],[-62.81379850116146,17.91244696473877],[-62.81396903062043,17.912311547335218],[-62.81403141243864,17.912247555604715],[-62.81404035938615,17.912239236455207],[-62.814049023087165,17.912230646145286],[-62.814059010416614,17.91222166979221],[-62.8141060608591,17.912083597257464],[-62.814206448309925,17.91170659159821],[-62.81430094557157,17.911340092870002],[-62.814365507791976,17.911013507740844],[-62.81438598169984,17.91087265739395],[-62.8143859819845,17.91087265603842],[-62.81438598198468,17.91087265585764],[-62.81441644405686,17.910663097351286],[-62.81441669091775,17.910650334151256],[-62.81438762107528,17.910660214361677],[-62.81428440438342,17.91069036836418],[-62.8142503933009,17.910698671830495],[-62.814215723840825,17.910703916513967],[-62.814180695534056,17.9107060571453],[-62.8140648755941,17.91070797118637],[-62.81402540087263,17.910706645815868],[-62.813986286580224,17.910701380458022],[-62.81394796073335,17.91069223282752],[-62.81385112131077,17.910663894334355],[-62.81385010927136,17.91066354537698],[-62.81384906720796,17.910663287139265],[-62.81384085289908,17.91066083431776],[-62.813838319466576,17.91065994501864],[-62.813835716896335,17.91065926209688],[-62.81382092511191,17.91065383937868],[-62.813806056640296,17.91064862031791],[-62.813803626552094,17.91064749764802],[-62.8138011063741,17.910646573742934],[-62.81353357228988,17.91053379049137],[-62.8135133460541,17.910524568645577],[-62.813434076552916,17.910485624881773],[-62.81343407551484,17.91048562442885],[-62.81343406475722,17.91048561908572],[-62.813429808489936,17.91048352824438],[-62.813429781878796,17.910483515203165],[-62.81342978140702,17.910483514931553],[-62.81342669197052,17.910481997538234],[-62.813426691687376,17.910481997447576],[-62.8134266812128,17.910481992285487],[-62.81342451939041,17.910480930608013],[-62.81342450042415,17.91048092010496],[-62.81342447966243,17.910480911136755],[-62.81328687953895,17.910413314432468],[-62.813286877368654,17.910413313255354],[-62.813286875953104,17.910413312621287],[-62.81324184188774,17.91039118880868],[-62.81323896366055,17.910389759832636],[-62.8132088821497,17.910374667995466],[-62.81320886884519,17.91037466048059],[-62.813208854689634,17.910374654230313],[-62.813203680591556,17.910372057873378],[-62.81299635473486,17.910269175517495],[-62.81289977175699,17.910222826860114],[-62.81289975911264,17.910222820068945],[-62.81289974590058,17.910222814452258],[-62.81289530237258,17.91022068166053],[-62.812895273873906,17.91022066798472],[-62.812891754193295,17.910218978976626],[-62.81289005947874,17.91021806344592],[-62.81288828738044,17.91021729390593],[-62.81288493175248,17.910215642023665],[-62.81288491137084,17.910215630796095],[-62.812884890420534,17.910215621646888],[-62.81265372407786,17.91010179022363],[-62.8126531254263,17.910101494805467],[-62.81258521008481,17.910067904935573],[-62.81257765525004,17.91006406408305],[-62.812508678177444,17.910028031363602],[-62.812478099234234,17.910030626012105],[-62.81247158796521,17.91003252735223],[-62.81245423275225,17.91003985266062],[-62.812441465698264,17.91004625782235],[-62.81237763475174,17.910081879482032],[-62.812356788782424,17.910092688269263],[-62.81232299796433,17.91010891718166],[-62.8122851974182,17.910124662085664],[-62.81225549689537,17.91013522767678],[-62.812244661293704,17.910138903650427],[-62.81223930053678,17.91014063480963],[-62.8122392590772,17.910140646067983],[-62.81223921997437,17.91014066076331],[-62.81223098872102,17.91014331688332],[-62.812230987870905,17.910143317244042],[-62.81223092572548,17.910143337249963],[-62.81222758498031,17.910144415957106],[-62.81222756042435,17.910144423887456],[-62.81222457687388,17.910145387424805],[-62.81221569094629,17.91014814043988],[-62.81213152010433,17.91017312166608],[-62.81212711406278,17.910174401176906],[-62.81195719643948,17.910222665431842],[-62.81194484551058,17.910225956322765],[-62.81186113969855,17.910246800875164],[-62.811810431539016,17.910255941386012],[-62.81175546753143,17.910262165593643],[-62.81171874056797,17.91026459482338],[-62.81168194113266,17.91026358900522],[-62.811632921450204,17.910259954111226],[-62.81159232811031,17.91025481256986],[-62.81155892323869,17.910248802041924],[-62.8115265565321,17.910241553310208],[-62.811494980940445,17.91023160792518],[-62.81144045038153,17.910211846249304],[-62.811433107027945,17.910209100774715],[-62.811372881400956,17.91018588792529],[-62.81132243826262,17.91016735256968],[-62.81122704697089,17.91013548556746],[-62.81122063972975,17.91013328295236],[-62.81120243985456,17.91012684837439],[-62.81120243891071,17.910126848102312],[-62.81120243315367,17.91012684601783],[-62.811200297649016,17.9101260911142],[-62.811198148299596,17.910125393231198],[-62.8111981334817,17.910125388426323],[-62.811198133387286,17.910125388426234],[-62.81101179438868,17.91006489514071],[-62.81087052940652,17.910022425144664],[-62.810862161855205,17.91002084934353],[-62.81083906799668,17.910019284175668],[-62.81082534449839,17.91001961367347],[-62.81073460267747,17.910026998901035],[-62.810653626164374,17.91003510095481],[-62.81063072348729,17.91003763291213],[-62.810484706833016,17.91005828381393],[-62.81046871834275,17.91006021228357],[-62.81027435049226,17.91007963322096],[-62.810269004532,17.910080130650346],[-62.80992370680542,17.91010988574348],[-62.80988077758171,17.910114293373002],[-62.809880776920714,17.910114293462744],[-62.80988076275711,17.910114294895095],[-62.80987179878044,17.910115215585645],[-62.80987179141569,17.91011521603038],[-62.80987178461683,17.91011521701799],[-62.80977209244328,17.910125452710066],[-62.809687568077706,17.910135036581345],[-62.809671724266316,17.91013904013721],[-62.80967078941219,17.910139275132547],[-62.80965037091872,17.91014438127046],[-62.80954755261986,17.910175975540632],[-62.80954754109819,17.91017597851212],[-62.80954752976418,17.910175982568443],[-62.80954276690696,17.910177445789373],[-62.80953603590133,17.910179169928885],[-62.80952942844329,17.910181285292882],[-62.80951814551441,17.910183752385333],[-62.80950696488381,17.91018661628503],[-62.809500090107704,17.91018770043423],[-62.809493297515274,17.910189185709985],[-62.809481816421076,17.91019058224556],[-62.80947039635824,17.910192383140465],[-62.809463443346345,17.910192816968966],[-62.80945653172514,17.910193657668838],[-62.80944496332271,17.910193970107557],[-62.80943341346133,17.91019469075065],[-62.80942644953565,17.910194470076142],[-62.809419485078855,17.910194658130088],[-62.80940794011959,17.910193883507233],[-62.80939637234837,17.910193516867476],[-62.80938946435219,17.910192643743937],[-62.80938251447363,17.910192177410234],[-62.809377212835436,17.910191570241107],[-62.809377199714135,17.910191568149354],[-62.809377185269874,17.910191567140952],[-62.80936052362725,17.91018965775851],[-62.809296809502285,17.910215539426172],[-62.809272317866274,17.910224540639625],[-62.80916685802022,17.910259326569687],[-62.80913497117107,17.91026836200149],[-62.80910237770934,17.910274676905033],[-62.8088838213604,17.910307507818615],[-62.80886444454082,17.910309928600274],[-62.808682328752965,17.910328107214898],[-62.80865868203835,17.91032975124219],[-62.808476578032646,17.910336920560933],[-62.808467851133486,17.910336853853565],[-62.808459131321335,17.91033722119029],[-62.808257870021244,17.910336236634603],[-62.80820358194607,17.910332213079037],[-62.807908567424526,17.91028969627921],[-62.80752799903127,17.910240923188567],[-62.80738077632207,17.910224747608073],[-62.80736639765717,17.91022289924686],[-62.80723141409113,17.910203013538883],[-62.807217849724864,17.910207652402285],[-62.80718370402821,17.910215990743747],[-62.807148895193876,17.91022124596053],[-62.8071310348527,17.910223129818768],[-62.80710566746431,17.910233224475007],[-62.806928835719674,17.910327838858713],[-62.80657163328975,17.9105271010742],[-62.80657163272287,17.910527101435186],[-62.80657163196716,17.91052710179598],[-62.80656381957157,17.910531459894468],[-62.806560795282394,17.910533129044342],[-62.806434732309825,17.910601965850024],[-62.806288656054456,17.91069733766361],[-62.806246381282314,17.910724944089328],[-62.806207641983065,17.91074711626578],[-62.80606559451596,17.910817747628922],[-62.80604618893999,17.91082673316511],[-62.805946478618594,17.910869585572446],[-62.80590874578699,17.91088352915448],[-62.80584767678052,17.91090256696869],[-62.805795639120404,17.91091495642702],[-62.805724617198884,17.910926816596344],[-62.80568402693507,17.910931445000898],[-62.80564315180105,17.91093184644487],[-62.805555945292156,17.910928180012863],[-62.80550368356187,17.910922472466105],[-62.80545635338663,17.910914073416357],[-62.80542210144896,17.910906400041483],[-62.80538874398355,17.910895708997508],[-62.80531776372803,17.910869380636846],[-62.805278100662804,17.91085208665636],[-62.80503406108636,17.910728934348292],[-62.80502402634792,17.910723683035414],[-62.804889556435946,17.910650759774224],[-62.80484905418389,17.910625382025703],[-62.80471995937509,17.91053266028983],[-62.80468558807731,17.910504754936614],[-62.80460469024989,17.910430692132405],[-62.80457361648095,17.91039857668951],[-62.8045468247761,17.910363101345535],[-62.80450329636737,17.91029742776714],[-62.804480971966406,17.91025869411877],[-62.8044637560243,17.910217640309675],[-62.80441408141986,17.910074399619575],[-62.804401005078034,17.910025517676946],[-62.80437484056707,17.90988854172094],[-62.8040212959609,17.909895166141276],[-62.803732879010546,17.909901255170997],[-62.803677196498214,17.909908471620295],[-62.80364158319813,17.909918464829957],[-62.80361378930272,17.909935178318825],[-62.80358062450649,17.909951014783086],[-62.80354599810283,17.909963662817997],[-62.803510243319145,17.909973000827442],[-62.80347370477255,17.909978938681636],[-62.803436734124915,17.909981419339733],[-62.80339968753369,17.909980418847248],[-62.8033629217801,17.909975946874493],[-62.803326790965016,17.909968046442046],[-62.803291643015726,17.909956793646085],[-62.803257816382335,17.90994229684153],[-62.80322563692309,17.909924695644587],[-62.80319541441241,17.909904159663814],[-62.80316744008817,17.90988088659943],[-62.80314198325467,17.90985510052252],[-62.803119289018916,17.909827049884168],[-62.803099576122165,17.909797004711216],[-62.80308303420438,17.909765254434188],[-62.80306982276895,17.909732104903437],[-62.80306006882615,17.909697875132768],[-62.8030538665179,17.909662895039375],[-62.803051275423115,17.909627501284316],[-62.803052320560425,17.90959203483206],[-62.803056991825976,17.909556837244015],[-62.80306524428013,17.90952224751533],[-62.80307699843463,17.90948859873088],[-62.80309214110588,17.90945621490257],[-62.80311052645676,17.909425407987705],[-62.803131977322344,17.90939647454605],[-62.8031562871951,17.909369693391792],[-62.803183222022426,17.909345322341498],[-62.803212522286124,17.909323596047017],[-62.8032534546663,17.909296211723987],[-62.80325351853698,17.90929616894521],[-62.80325351900934,17.909296168674526],[-62.8032602102145,17.909291690174246],[-62.80329494617878,17.909271027520212],[-62.80333181225221,17.909254081819757],[-62.8033703760873,17.909241051757018],[-62.80349208427694,17.90920690000575],[-62.80351964229793,17.90920023423388],[-62.80354764600786,17.909195571608468],[-62.803652629791785,17.909181965872623],[-62.803694965703535,17.909178785747244],[-62.804005111418476,17.90917223796932],[-62.80400604820854,17.909172219298775],[-62.80426380128134,17.909167389740073],[-62.80425880838652,17.90911872190536],[-62.80423818073835,17.908917527952244],[-62.80421619277739,17.90874089759189],[-62.80418977549483,17.908600024133207],[-62.804134753582204,17.908540995890768],[-62.804021147564285,17.908429475529623],[-62.80400819369173,17.908416100511896],[-62.8039050573691,17.90830407063024],[-62.80388635022534,17.908282066814927],[-62.803869502884744,17.908258726423952],[-62.80377454892015,17.9081154670335],[-62.80376017872953,17.9080918592353],[-62.80374771184062,17.90806727979873],[-62.803674038695426,17.90790686831894],[-62.80367403794232,17.90790686632967],[-62.803674036623235,17.907906863887895],[-62.803585058257866,17.907713120351687],[-62.80357546491624,17.90769012475928],[-62.803501219068615,17.907492789615276],[-62.803487943496926,17.907449031972416],[-62.80345208514351,17.90729523873849],[-62.80344441602614,17.907247594877408],[-62.80342175989459,17.906996549702125],[-62.8034203606425,17.906964133945504],[-62.80342200230167,17.906931728581267],[-62.80345400042957,17.90660450281299],[-62.803455495590576,17.90655483648751],[-62.80344915767872,17.90653155909391],[-62.803414282572376,17.906481334326216],[-62.80329204407408,17.906350959519553],[-62.803003463865075,17.906074272057417],[-62.80279103407344,17.905954771458486],[-62.80267032803326,17.905899852201546],[-62.802463843668065,17.905858126920066],[-62.80245838001316,17.90585698241091],[-62.802239067356155,17.905809406058193],[-62.80221753815068,17.905804093119645],[-62.80203529484297,17.905753598550383],[-62.801995777459275,17.905740335395905],[-62.80195803674523,17.90572296514599],[-62.80192253697052,17.90570170140626],[-62.80175581806766,17.905589063348053],[-62.80173321261329,17.905572535598374],[-62.80161137948396,17.905476292571787],[-62.801557842202186,17.905514376725062],[-62.80155563187105,17.905515793364234],[-62.80155355465744,17.905517382054843],[-62.80143628245867,17.90559837768605],[-62.801404058379546,17.905631309974442],[-62.801417779558534,17.906072146053862],[-62.80141707808325,17.90610742774586],[-62.80141278733226,17.906142475922177],[-62.801404948177755,17.90617695673534],[-62.801393635096666,17.90621054170478],[-62.80137895616745,17.906242910790034],[-62.801361050989215,17.906273755732954],[-62.80115340819358,17.906593622625113],[-62.80103045955943,17.907016917201116],[-62.801019506536136,17.90704880893511],[-62.80100551089601,17.907079590499986],[-62.80098859330927,17.90710899664277],[-62.800968899547236,17.90713677370559],[-62.80094659953531,17.90716268215555],[-62.800839973726404,17.907275456271652],[-62.80081429463601,17.90730011734486],[-62.80078625648707,17.907322298949452],[-62.80063871360962,17.907428002047695],[-62.800548152955116,17.907497208836183],[-62.80051678787813,17.907518760791866],[-62.80048328828297,17.907537134271493],[-62.80025897798952,17.907645978579698],[-62.80025379876899,17.907648788813624],[-62.80051768930796,17.908011174943873],[-62.8005373669002,17.90804124113107],[-62.80055387145984,17.908073009121434],[-62.800567044053395,17.90810617288397],[-62.80057675786225,17.908140413043167],[-62.80058291921811,17.90817539977251],[-62.800585468920914,17.908210796320784],[-62.80058438233046,17.908246261543077],[-62.8005796699283,17.908281454149478],[-62.80057137703203,17.908316034964475],[-62.80055958360188,17.908349671174932],[-62.800544403199474,17.908382038769517],[-62.80052598203996,17.908412825972448],[-62.80050449738365,17.908441736315005],[-62.80048015630555,17.908468491436352],[-62.80045319314352,17.90849283352137],[-62.80042386751216,17.90851452837185],[-62.80039246203533,17.90853336685037],[-62.80035927894419,17.90854916758851],[-62.800324637904,17.90856177843081],[-62.800288872519126,17.90857107796781],[-62.800252327310616,17.90857697652725],[-62.80021535403257,17.908579417435735],[-62.80017830902838,17.908578377106377],[-62.80014154879263,17.90857386557662],[-62.800105427610966,17.908565926234637],[-62.80007029312278,17.90855463563397],[-62.80003648377309,17.908540102496644],[-62.80000432522578,17.908522466805618],[-62.7999741271552,17.908501898264806],[-62.79994618032068,17.908478595121075],[-62.799920754020015,17.90845278172109],[-62.79989809288159,17.90842470660986],[-62.79959282596176,17.908005498332205],[-62.79958606150758,17.90801269881048],[-62.79945215125781,17.908211922973322],[-62.799413638209984,17.90853775399176],[-62.7994024969903,17.908787282551863],[-62.79939667755352,17.908836897908863],[-62.799381373732395,17.908916992852237],[-62.79937466880926,17.9089455152661],[-62.799365578560575,17.90897342565213],[-62.799304536426696,17.909137225831234],[-62.79929020806059,17.90917037713176],[-62.79927251811518,17.909202005562133],[-62.799251641037756,17.909231799828515],[-62.799227782223525,17.909259466565477],[-62.79920117669053,17.909284733227096],[-62.79898486603572,17.909470706256638],[-62.798839621987774,17.9096191352454],[-62.79865609147273,17.909829516107752],[-62.79864539701352,17.90984125188999],[-62.79856795489057,17.909922627593254],[-62.79855225438621,17.910012215823023],[-62.798601788575674,17.91023656693965],[-62.798607664430556,17.910271598709514],[-62.79860992540617,17.9103070131418],[-62.79860854960364,17.910342469275033],[-62.798603550246895,17.910377625460793],[-62.79859497548938,17.91041214334053],[-62.79858290793935,17.910445690285542],[-62.79856746390018,17.910477943373227],[-62.79854879185687,17.91050859200676],[-62.798527071906335,17.910537340806922],[-62.7985025130155,17.91056391313437],[-62.798475351886154,17.910588052986675],[-62.798445849930516,17.91060952788755],[-62.798414291286086,17.9106281310542],[-62.79838097998101,17.910643683292495],[-62.79834623672192,17.910656034801452],[-62.79831039624854,17.910665066707104],[-62.79827380355615,17.910670691872088],[-62.798236811155824,17.91067285633903],[-62.79819977520361,17.910671539145763],[-62.79816305257279,17.910666752955006],[-62.798126996699814,17.910658543869307],[-62.798091955035595,17.910646990976385],[-62.79805826489188,17.910632205621784],[-62.7980262507049,17.91061432995975],[-62.79799622101466,17.910593536407784],[-62.79796846478567,17.910570025021553],[-62.79794324942546,17.910544022408104],[-62.797920817766645,17.910515778830394],[-62.79790138580306,17.910485566306665],[-62.79788514071028,17.910453675896818],[-62.79787223896074,17.910420414627236],[-62.79786280472175,17.910386102958235],[-62.797798472786766,17.910094724079087],[-62.797792789456174,17.910061323786163],[-62.79779039279974,17.910027561112685],[-62.79779130410105,17.909993731826386],[-62.79779551528031,17.909960132297062],[-62.797841455768804,17.909697998716656],[-62.797849106164335,17.909664290587468],[-62.79786007734565,17.909631433734976],[-62.79787426927126,17.909599727415742],[-62.79789155283253,17.90956946028074],[-62.797911770706584,17.909540907755073],[-62.7979347388695,17.909514329689532],[-62.79808158628953,17.909360023926133],[-62.79826679878079,17.909147715763535],[-62.79828105177146,17.90913229247392],[-62.79844479684273,17.908964957328237],[-62.7984680704697,17.90894314045642],[-62.79862530744119,17.90880795631576],[-62.798643905481235,17.908758050956823],[-62.79864899780744,17.908731400256876],[-62.79865958816072,17.908494231481487],[-62.79866163866115,17.908469018760677],[-62.79871156215147,17.90804666759747],[-62.79871703673573,17.90801389774114],[-62.79872562680626,17.907981746550046],[-62.79873726011345,17.90795048483829],[-62.79875183854712,17.9079203760718],[-62.79876923927236,17.907891673838645],[-62.79896735844028,17.907596924747725],[-62.798984784225055,17.907573154927462],[-62.79900414641559,17.907550800664424],[-62.79913743250657,17.907408923416515],[-62.7991650015469,17.90738246563894],[-62.79919527613912,17.90735887383144],[-62.79922793273219,17.907338399838217],[-62.799262622415654,17.90732126266703],[-62.79943217355313,17.907247862324148],[-62.799432175158955,17.907247861602706],[-62.79954895677379,17.90719730563796],[-62.79954895819059,17.907197305097107],[-62.79957422974157,17.907186364399553],[-62.79989420057761,17.90701275007504],[-62.7999096766679,17.9070048021837],[-62.80010724855572,17.906908932499192],[-62.80017212691654,17.906859352260646],[-62.800181459644634,17.90685244580422],[-62.800304501892946,17.906764295704974],[-62.80032670018865,17.90674081754427],[-62.800440231367794,17.906349951148574],[-62.80045146213783,17.906317364022804],[-62.800465869313065,17.906285942978847],[-62.80048332313699,17.90625597106491],[-62.80065942918026,17.905984687143743],[-62.80064446209483,17.905503755415577],[-62.80064516822826,17.905468409555635],[-62.80064947674292,17.905433298594346],[-62.80065734638125,17.90539875845705],[-62.80066870199878,17.90536511915906],[-62.800683434850086,17.905332702455926],[-62.80070140419784,17.905301818229606],[-62.800722438260095,17.905272761777905],[-62.800746335818445,17.90524581101416],[-62.80091007499301,17.90507847366951],[-62.80093624350639,17.905054192338767],[-62.80096473472871,17.90503243887786],[-62.80097899708337,17.905022588460238],[-62.80096974774047,17.905016895569698],[-62.800946714112335,17.905001531021707],[-62.800784004798295,17.90488415996408],[-62.80075332741312,17.904859482607396],[-62.800725553853695,17.904831832322344],[-62.80064531877193,17.904742963180983],[-62.800617572948994,17.904708180935575],[-62.8005944202291,17.90467044385503],[-62.80051733538493,17.904525348235996],[-62.80050398745838,17.904497330997618],[-62.800493178213834,17.90446832788963],[-62.80042958641402,17.904271602637767],[-62.80040541864725,17.904221071049573],[-62.80038648352394,17.904197619659566],[-62.80033023996324,17.904167476629095],[-62.80033020156382,17.90416745363145],[-62.80033016146065,17.904167434518694],[-62.80032560359185,17.904164990393255],[-62.80025290737872,17.90412861040336],[-62.8002528902999,17.90412860188948],[-62.80025288973375,17.904128601617735],[-62.79986817314905,17.90393609802627],[-62.799856704535685,17.903930115461723],[-62.79962202971552,17.903802609378328],[-62.79958144020132,17.903777121530105],[-62.799482653452735,17.903705993823344],[-62.7994565855895,17.903685413997867],[-62.79943254336299,17.90366268577216],[-62.79941071926021,17.903637991294023],[-62.79939128800141,17.903611528058693],[-62.799341937970944,17.903537486529732],[-62.799327610966245,17.903514101611254],[-62.79931515456117,17.903489754553995],[-62.79918878132208,17.90321734291395],[-62.79918355467886,17.903205514290683],[-62.799037794342354,17.902858589326037],[-62.79895703323248,17.902943347555336],[-62.798878039985226,17.903060591794365],[-62.79887456873792,17.90306718762285],[-62.79886942520945,17.903075872371257],[-62.798864675707314,17.90308476107779],[-62.79886029082653,17.9030912958548],[-62.7988562894731,17.9030980520238],[-62.798850281737266,17.903106212177388],[-62.79884464495084,17.90311461251036],[-62.798839612159085,17.903120704264197],[-62.79883493840295,17.903127052454817],[-62.798828123949164,17.903134609707315],[-62.798821654444424,17.903142440465075],[-62.79881602205103,17.903148030765152],[-62.79881072099483,17.903153909651117],[-62.798803165803754,17.90316079085709],[-62.79879592559825,17.903167976991963],[-62.79878974813894,17.903173011662314],[-62.798785745379135,17.903176657345906],[-62.79873882252198,17.903281166713576],[-62.79866954937564,17.903441080244367],[-62.79866831925268,17.90344388656819],[-62.798573635848676,17.9036573618763],[-62.79855609703735,17.903691728598382],[-62.79853486408053,17.903724129016723],[-62.798510174545484,17.903754200563238],[-62.79848230486777,17.90378160674144],[-62.79846844146932,17.90379386927237],[-62.798468440051735,17.903793870536322],[-62.79846843995722,17.903793870626608],[-62.7984382972298,17.90382053291154],[-62.798437612637606,17.903821136981026],[-62.798292547205094,17.903948819018144],[-62.79826550211889,17.90397048220653],[-62.7979672180998,17.904187571455697],[-62.79788594274549,17.904255085228698],[-62.79776288136532,17.904394263407095],[-62.79775310472327,17.904404279318346],[-62.79774356396732,17.904414501917667],[-62.797612517119106,17.904541753293053],[-62.79758015586303,17.904569743266734],[-62.797378346250945,17.904725004884394],[-62.79688876866532,17.905149156078686],[-62.796641227903166,17.905363797614683],[-62.796640317258415,17.905364584745943],[-62.796563909702236,17.905430405932073],[-62.79655882736146,17.90543436986689],[-62.79655401951077,17.905438632997633],[-62.79654447095722,17.905445566894098],[-62.796535177143575,17.90545281551207],[-62.79652971404001,17.905456283095674],[-62.79652449225953,17.905460074968104],[-62.79651427887963,17.905466079985946],[-62.79650428858752,17.90547242102346],[-62.7964984970631,17.90547535904806],[-62.796492911999444,17.905478642837117],[-62.796482132708654,17.905483660689566],[-62.796471541457365,17.905489033596627],[-62.796465477058184,17.90549141400985],[-62.79645958265677,17.905494157865228],[-62.79644834126887,17.905498140122834],[-62.796437251271016,17.905502493124033],[-62.79643097236969,17.90550429302853],[-62.79642482540218,17.905506470526117],[-62.79641323053471,17.905509378707087],[-62.79640174814556,17.905512670154693],[-62.79639531556327,17.90551387207893],[-62.79638897496642,17.905515462400903],[-62.79637713824622,17.905517268511524],[-62.7963653740584,17.905519466614503],[-62.79635884860948,17.90552005914289],[-62.796352376524126,17.90552104671725],[-62.796340412020584,17.90552173343208],[-62.79632847935265,17.905522816977573],[-62.796321925715844,17.905522794392997],[-62.796315382576296,17.905523169882684],[-62.796303403874745,17.905522730451125],[-62.79629141924292,17.90552268907612],[-62.79628489972983,17.905522051624544],[-62.796278349362844,17.90552181130009],[-62.796266473057415,17.90552024982118],[-62.79625455060512,17.905519084097087],[-62.796248127803906,17.905517837899964],[-62.79624163355728,17.905516984087367],[-62.79622997452993,17.905514315776035],[-62.796218228671876,17.90551203675948],[-62.79621196374788,17.905510193721565],[-62.79620558886814,17.90550873471227],[-62.79619426132726,17.905504985900393],[-62.79618280316179,17.90550161503911],[-62.79617675632983,17.905499192668202],[-62.79617056226285,17.905497142717365],[-62.79613051260636,17.905481743153565],[-62.79610153308695,17.905469219264415],[-62.796073756629056,17.905454405958434],[-62.79586479438589,17.905331654779353],[-62.79565892855863,17.905349366101213],[-62.79565753000323,17.905349483943674],[-62.79508050704124,17.905397056235845],[-62.795080506285956,17.905397056235046],[-62.795080504397426,17.905397056504217],[-62.795033551079754,17.905400927145614],[-62.795000737925314,17.905402259782687],[-62.794946347617,17.905402202495058],[-62.79491166599282,17.905400637969112],[-62.79487728101497,17.90539603051629],[-62.7948434833326,17.905388419309404],[-62.79481055875113,17.905377868463123],[-62.7947787853993,17.9053644673925],[-62.794748431843004,17.90534832909363],[-62.79471975481912,17.905329590231613],[-62.79464266381799,17.905274075324478],[-62.79428701427153,17.905415259544213],[-62.794245512359986,17.905514322909294],[-62.79423126774347,17.905544295661347],[-62.794214233800346,17.905572903334345],[-62.79419455175983,17.9055999085404],[-62.79417238492814,17.905625087382504],[-62.794147917082014,17.905648230808726],[-62.79412135123856,17.905669147051384],[-62.794070118946244,17.905705871246198],[-62.79404064464021,17.90572499166887],[-62.79400942055542,17.905741369798005],[-62.793976724147605,17.905754860042165],[-62.793942846060915,17.90576534240348],[-62.79390808738833,17.90577272383057],[-62.79383447952549,17.905784902332968],[-62.793795379574206,17.905789376821776],[-62.793756005358006,17.905789928948295],[-62.793716785231446,17.905786552839263],[-62.79367814551725,17.905779285101378],[-62.79361417117995,17.90576389672],[-62.793586317380814,17.905756095999987],[-62.793522276589464,17.90573557237309],[-62.793511853108484,17.905789637114],[-62.7935031648198,17.90582477010196],[-62.79349085983901,17.90585889830908],[-62.79347506082117,17.90589168146813],[-62.79346418991202,17.905911564066976],[-62.793422909496144,17.905987051623367],[-62.793422909401514,17.905987051804036],[-62.79342290911766,17.905987052346063],[-62.793362828586616,17.906096917894523],[-62.79335367116835,17.906112692237414],[-62.79314037250312,17.906459443562248],[-62.793019989224454,17.90666223157021],[-62.79300011841863,17.906692180979228],[-62.79297727690239,17.906720121543746],[-62.792951684778664,17.906745784144245],[-62.79292358846639,17.9067689216532],[-62.79289325862057,17.90678931128295],[-62.79286098729771,17.906806756571253],[-62.792827085215144,17.906821089638097],[-62.79279187901181,17.90683217226742],[-62.79275570756379,17.906839897891814],[-62.79271891934018,17.906844192041596],[-62.7926818686252,17.906845013425507],[-62.79264491230806,17.906842354017616],[-62.79260840610582,17.906836239505335],[-62.79257270182595,17.906826728744065],[-62.792538143118115,17.9068139133912],[-62.79250506292639,17.906797916728287],[-62.79247377980778,17.906778893024416],[-62.792444595008035,17.90675702527335],[-62.79241778963045,17.906732524196226],[-62.79239362180636,17.906705625707676],[-62.792372324242784,17.90667658892462],[-62.79235410214852,17.906645693452433],[-62.79233913087695,17.906613236761153],[-62.79232755479617,17.90657953156302],[-62.79231948521613,17.906544902285145],[-62.792314999919626,17.906509682538157],[-62.79231414203359,17.9064742114995],[-62.79231691993843,17.906438830840184],[-62.792323306800235,17.9064038811088],[-62.79233324114042,17.90636969911092],[-62.792346627218244,17.906336613842136],[-62.79236333626098,17.906304944048944],[-62.7924851584787,17.906099733262444],[-62.79248807433122,17.906094908451166],[-62.79249581098647,17.90608233142347],[-62.792220384577405,17.906040290579966],[-62.79217084698444,17.90602941360624],[-62.79210687627426,17.906010951583397],[-62.792073539161436,17.905999675474973],[-62.792041449725374,17.905985464027168],[-62.79201088916894,17.90596844164215],[-62.791982125353506,17.905948757745076],[-62.79193737585617,17.90591499564675],[-62.79190970813095,17.90589195070297],[-62.79188450563141,17.905866445170318],[-62.79186200608849,17.905838719552023],[-62.791842421528166,17.90580903538392],[-62.791825936858466,17.905777672521346],[-62.791812707417705,17.905744926695995],[-62.791787198322375,17.90567135168331],[-62.79177622662227,17.90563264500194],[-62.791769800500866,17.905593013012023],[-62.79173981573591,17.905302549561288],[-62.791499716350046,17.90514775760913],[-62.79147741303076,17.90516294210969],[-62.79144525107561,17.90518057113151],[-62.79141143912935,17.905195097209102],[-62.79137630269801,17.90520638041022],[-62.79134018037452,17.90521431218102],[-62.79130341987243,17.905218815974614],[-62.79126637528646,17.905219848603924],[-62.7912294033162,17.905217399966517],[-62.791192860149735,17.905211493673917],[-62.79115709759305,17.90520218668596],[-62.79112246014411,17.905189568584497],[-62.79108928131156,17.905173760846363],[-62.79105788068901,17.90515491584591],[-62.79102856065301,17.905133214862964],[-62.79100160353177,17.905108867085428],[-62.79097726905921,17.905082106894962],[-62.79095579145039,17.905053192056],[-62.790937377610845,17.905022401002224],[-62.790922204873695,17.90499003030322],[-62.79091041939839,17.904956391589586],[-62.79090213456866,17.90492180902034],[-62.790897430336294,17.904886615485957],[-62.79089635180803,17.90485114998558],[-62.79089890953316,17.904815754011864],[-62.79090507884627,17.904780768567537],[-62.79091480024934,17.904746530459896],[-62.79092798017038,17.904713369499692],[-62.79094449172293,17.90468160497687],[-62.79105028309999,17.904500899779954],[-62.79107037304401,17.904470281485008],[-62.791093557038245,17.904441737540875],[-62.79111960306386,17.904415553319783],[-62.79114825071233,17.90439199075331],[-62.79117921336019,17.904371285532783],[-62.791212181381816,17.90435364467235],[-62.7912468249838,17.90433924470433],[-62.7912827977006,17.904328229604104],[-62.79133081040256,17.904316024626414],[-62.791365752600726,17.904308817757684],[-62.79140124997229,17.904304806018157],[-62.791436984502006,17.904304025131168],[-62.791472636130905,17.904306482346247],[-62.791507885306494,17.90431215544761],[-62.79154241647472,17.904320993752123],[-62.79157592006267,17.90433291793067],[-62.79160809606454,17.904347821367754],[-62.79163865621283,17.90436557034457],[-62.79167142041365,17.904386692651002],[-62.791671423054936,17.904386694551953],[-62.791671426357084,17.904386696453603],[-62.792309089237136,17.904797797164285],[-62.792338649175235,17.904818934559884],[-62.792365913535455,17.9048427325687],[-62.79239062219648,17.90486896422416],[-62.79241253932772,17.9048973789043],[-62.792431455556894,17.90492770558796],[-62.792447190517024,17.90495965475552],[-62.7924595938815,17.904992921372788],[-62.792468547343105,17.90502718805659],[-62.79247396536642,17.90506212760638],[-62.792503820868774,17.905351327397454],[-62.79253895480326,17.905356690164165],[-62.792538424836216,17.905337316274764],[-62.792540876302716,17.905303148250418],[-62.792550570569304,17.905223473583963],[-62.79255648026212,17.905189269474217],[-62.79256578473307,17.905155764417753],[-62.79257839846315,17.905123266632305],[-62.79259420535534,17.905092074902658],[-62.79261306015385,17.905062476051363],[-62.79263478948575,17.90503474222828],[-62.79265919356344,17.90500912838157],[-62.79268604788641,17.904985870180703],[-62.79271510569918,17.90496518130747],[-62.792746099692174,17.904947252102055],[-62.79282293040133,17.904907491386755],[-62.792857193548315,17.904891836610997],[-62.792892925303555,17.904879554548092],[-62.79292976459147,17.904870769185408],[-62.792967339048225,17.904865569338103],[-62.79300526898813,17.904864007659068],[-62.793043171086474,17.904866099829448],[-62.79313274696279,17.904875387379825],[-62.793163681622524,17.904879842425824],[-62.79319412516627,17.904886733502156],[-62.79354917031972,17.90498212497909],[-62.79356700898276,17.9049873762989],[-62.7936425777468,17.905011594399152],[-62.79365594703457,17.90498366585299],[-62.79367425878999,17.904953489020713],[-62.79369552424437,17.904925143028493],[-62.7937195453948,17.904898892046948],[-62.79374609820392,17.90487498069553],[-62.793774935529356,17.904853631786047],[-62.79380695619146,17.90483220787874],[-62.79384172928865,17.90481153338567],[-62.79387863535145,17.904794583544586],[-62.79444841150494,17.904568396483945],[-62.79447828441068,17.904557926252902],[-62.79455829745714,17.904533488770188],[-62.79459608588044,17.90452397873796],[-62.79463469839421,17.904518257588606],[-62.794673721788314,17.904516386620003],[-62.79471273817965,17.904518385909075],[-62.79475133001618,17.904524233955453],[-62.794799270119455,17.904533955884805],[-62.794812233576025,17.904536589230386],[-62.79485033216313,17.904546343797595],[-62.79488716039275,17.904559848975406],[-62.79492231671761,17.90457695764372],[-62.79495541766802,17.90459748302191],[-62.79506380379489,17.90467266313329],[-62.795592027480936,17.90462911399662],[-62.795908108166046,17.904601920505815],[-62.7959465175745,17.904600496324306],[-62.79598487917639,17.904602817534016],[-62.79602279562618,17.904608859946887],[-62.79605987405925,17.904618561146286],[-62.7960957303401,17.90463182058171],[-62.796153302369625,17.904656402821296],[-62.796158233367116,17.90465879247944],[-62.796163323919664,17.904660851217628],[-62.796174755766735,17.90466679979393],[-62.796186367551066,17.90467242723282],[-62.796191030473075,17.90467526836277],[-62.79619588531475,17.9046777946051],[-62.79619715901465,17.904678537110495],[-62.79619769194686,17.90467888321725],[-62.79619825703554,17.904679179644912],[-62.79626228457848,17.90471679145303],[-62.7963818059335,17.904613155153925],[-62.79687976874704,17.90418174016911],[-62.79689660441951,17.904167991460042],[-62.797090016002386,17.904019191195662],[-62.79719566810449,17.903916599257805],[-62.79732825651745,17.903766646846265],[-62.79734783626362,17.903746153938375],[-62.797369001248114,17.903727160388257],[-62.79748146234157,17.90363374150507],[-62.79750041194674,17.90361900086685],[-62.79779436800723,17.90340506187021],[-62.797910205486126,17.903303105587117],[-62.797972497199545,17.90316266263534],[-62.79804209004197,17.90300201239884],[-62.798043974961224,17.902997738785494],[-62.798146818179035,17.902768682260938],[-62.79814829622848,17.902765790239414],[-62.79814952704175,17.90276279392628],[-62.79815643775204,17.90274986076849],[-62.79816310661886,17.90273681247803],[-62.79816487367283,17.90273407305782],[-62.79816640531754,17.902731206671174],[-62.79817460722226,17.902718983574548],[-62.798182579485776,17.90270662456883],[-62.7981846181423,17.902704064667095],[-62.79818643614298,17.90270135530792],[-62.79819585074857,17.902689959783977],[-62.79820504914058,17.90267840938355],[-62.7982073401129,17.90267605293272],[-62.79820942669005,17.90267352742738],[-62.798219961536965,17.9026630712788],[-62.79823029926556,17.902652438580592],[-62.798232820813766,17.90265030824515],[-62.79823515554726,17.90264799097683],[-62.79824670818052,17.90263857551105],[-62.79825808666099,17.90262896236883],[-62.798260814782,17.90262707846084],[-62.798263374988025,17.902624991912273],[-62.798275836547745,17.90261670541439],[-62.79828050621262,17.90261348082128],[-62.79833943667014,17.90252601486639],[-62.79835757539877,17.902501407125175],[-62.79837779063605,17.902478330064653],[-62.79851521590693,17.902334103752693],[-62.7985231595766,17.902326547498205],[-62.79853079041564,17.90231870150096],[-62.798536296353866,17.902314051372045],[-62.79854150543425,17.902309096332104],[-62.79855018499297,17.90230232150918],[-62.798558581868456,17.902295229768228],[-62.79858129557892,17.902277867177368],[-62.79871929175416,17.90215611626802],[-62.79875039531803,17.902131483115937],[-62.798767372042036,17.902119441069512],[-62.79862952561631,17.901736902767006],[-62.798626703749804,17.90172875978893],[-62.798499587872996,17.90134683418811],[-62.79849734306546,17.901339845864573],[-62.798441749959025,17.901160343289224],[-62.798437334220246,17.90114482742884],[-62.79838971365322,17.900961518764017],[-62.79838632801508,17.90094726106938],[-62.7983125912612,17.90060485431039],[-62.79827997730821,17.90045881021525],[-62.7982799772141,17.90045880994399],[-62.798279974865835,17.900458799366298],[-62.79825691000697,17.900355531071597],[-62.79820743593238,17.900243356612325],[-62.79811248629227,17.900049610918376],[-62.79809671105514,17.900012096754928],[-62.79808541035251,17.89997313055553],[-62.7980616147927,17.89986874519855],[-62.798054063674044,17.899819645094308],[-62.79803475483116,17.89958159223583],[-62.798034754643666,17.899581591060603],[-62.798019994967326,17.899399627878893],[-62.79801983991116,17.899394405706797],[-62.79801930757472,17.899389205830435],[-62.797998519247635,17.89898015653598],[-62.79799811867547,17.898956966011117],[-62.79800097030422,17.89878133822528],[-62.798003014991664,17.898748969550834],[-62.79800808085486,17.89871690635439],[-62.798016126910255,17.898685406828513],[-62.79805346177461,17.89856326960505],[-62.79806841885991,17.898523238756482],[-62.7980881806804,17.89848516569734],[-62.798193248321674,17.89830948839617],[-62.7981932485108,17.89830948812521],[-62.79819324917308,17.898309486860477],[-62.79825606482495,17.898204457582356],[-62.798365461730754,17.898009662686555],[-62.79841375325679,17.897909733668296],[-62.798467515194396,17.897786948470728],[-62.798532749817795,17.897604932664276],[-62.7985543225804,17.897556537886995],[-62.79864751825376,17.89738355240932],[-62.798667963561364,17.897350128770203],[-62.79869389004026,17.897312521091212],[-62.798817010574254,17.89713392532136],[-62.7988220967806,17.89712728117333],[-62.79882681045092,17.897120390787943],[-62.798833043241615,17.897112981704744],[-62.79883891758356,17.897105307959766],[-62.79884465924808,17.89709917336644],[-62.79885005588767,17.897092758217156],[-62.79907872217613,17.896846699014187],[-62.79909288489743,17.8968322744992],[-62.799384710520926,17.896550902638435],[-62.79941190814838,17.896527120122183],[-62.799580058176815,17.896393886691335],[-62.79958005846033,17.896393886420466],[-62.79958006384627,17.89639388217783],[-62.799629051856826,17.896355065041973],[-62.799629053557574,17.89635506377831],[-62.799629055164004,17.896355062424153],[-62.799651483076644,17.896337291389653],[-62.7998527089141,17.896176271645295],[-62.79989144550903,17.8961374384822],[-62.79989144560355,17.89613743839191],[-62.79992449781343,17.89610430397016],[-62.80006600153495,17.895917533495105],[-62.800066001818585,17.89591753313385],[-62.80006600238593,17.89591753232095],[-62.80012197035107,17.895843660866888],[-62.800286757479284,17.895622846565146],[-62.800287172699754,17.895622236156143],[-62.80028824452904,17.89562085397388],[-62.800291492912116,17.89561650110744],[-62.80029354496437,17.8956140186561],[-62.80031478990787,17.895586621387853],[-62.80045889142532,17.895422828002314],[-62.80045889312665,17.89542282619632],[-62.800458894828274,17.89542282411917],[-62.80047828261789,17.895400787585363],[-62.80047828876216,17.89540078054148],[-62.8004782893292,17.895400779999733],[-62.800486675217385,17.895391247799285],[-62.800611160144186,17.895243712431064],[-62.800621452022796,17.895232028978562],[-62.80084225233798,17.894991861828565],[-62.80084493479647,17.89498897526312],[-62.80108232519443,17.894736259202485],[-62.801086680942426,17.894732056681914],[-62.80109073969967,17.894727591103102],[-62.80109972465289,17.894719471782665],[-62.80110842830291,17.89471107432509],[-62.80111319329252,17.894707300836657],[-62.801117689642766,17.894703237654813],[-62.801127462464756,17.894696000681346],[-62.8011369839382,17.894688460383346],[-62.801142112153364,17.89468515230583],[-62.80114700300419,17.894681530523936],[-62.801157470345125,17.894675245128564],[-62.80116771723195,17.894668635108857],[-62.801173158979715,17.894665824478718],[-62.801178397467304,17.894662678847734],[-62.80147617087224,17.894502804123796],[-62.80169854595966,17.894375366443246],[-62.80170049965831,17.894374368120218],[-62.80170235723949,17.894373211160616],[-62.801828100216035,17.89430305426336],[-62.80185780192543,17.894288133308212],[-62.80197663458992,17.894234739675817],[-62.8021961582735,17.894136318872917],[-62.80223437293892,17.89412156260348],[-62.80227403919477,17.89411088063575],[-62.8022983711024,17.89410700116266],[-62.80240967293109,17.894021586099527],[-62.80244725738024,17.89399618192798],[-62.80251221869706,17.893957725796604],[-62.8025347362947,17.893945398517126],[-62.80258930847283,17.893917859607757],[-62.80260214479948,17.893911677858323],[-62.80267660226715,17.8938775038864],[-62.80268020722585,17.89387605303193],[-62.80268368483937,17.89387433902237],[-62.80283508070893,17.89380850625519],[-62.80287867528142,17.893792580996617],[-62.802979092333906,17.893762558439736],[-62.80299684370124,17.893757703725726],[-62.80317015172843,17.89371466530754],[-62.803407559953904,17.893648978560464],[-62.803557589650815,17.893607134171308],[-62.80367091178601,17.89356996517219],[-62.80378709641508,17.8935156256498],[-62.803959177198195,17.89342326338638],[-62.80400914932389,17.89340086598719],[-62.8042204879581,17.89332361600909],[-62.80422718520231,17.893321237248298],[-62.80435158720223,17.893278328115517],[-62.804384709639436,17.89326852303494],[-62.80441863175604,17.893261667716633],[-62.8047827696751,17.8932046535774],[-62.80481067415317,17.89320130052896],[-62.80493792963016,17.893190599115037],[-62.805115501716095,17.893168716666622],[-62.80526335099853,17.893141847971677],[-62.80539060225976,17.89310992204193],[-62.80543259685133,17.89309563440879],[-62.80547330225114,17.893079259980503],[-62.80548951790498,17.89307361623354],[-62.80550568590075,17.89306786984842],[-62.805579532027906,17.893045505010335],[-62.80600749205701,17.892915895878705],[-62.80602792364166,17.89291030843878],[-62.806216094004945,17.89286428992323],[-62.80626059794024,17.892856093525],[-62.80672208355659,17.89279832942111],[-62.806727394311515,17.89279412762925],[-62.80675813684566,17.89277431584121],[-62.806790759521654,17.892757484615995],[-62.80682494817547,17.892743795795315],[-62.80686037357092,17.892733381468837],[-62.80689669461176,17.89272634171767],[-62.80693356136275,17.89272274443664],[-62.806970618826924,17.89272262425341],[-62.80697853019995,17.8927233444334],[-62.806999437564954,17.89271292364781],[-62.80703382695845,17.89269970382635],[-62.80706940408346,17.89268977499001],[-62.807105826432746,17.892683232699543],[-62.807142743038,17.892680140058648],[-62.80717979862465,17.89268052663346],[-62.80721663606567,17.89268438899729],[-62.80725290081971,17.892691689650366],[-62.80727633141184,17.892698762658032],[-62.80728952205685,17.892696971133187],[-62.80728952252887,17.892696971133653],[-62.8072895232843,17.892696970953626],[-62.80736465209602,17.892686767367678],[-62.80740803780269,17.892683301900963],[-62.80797004361832,17.892669546724473],[-62.80797004390154,17.89266954672475],[-62.80797004399594,17.892669546724843],[-62.80833149866461,17.892660699543523],[-62.808331499042225,17.892660699543892],[-62.80833149970306,17.89266069954455],[-62.809038384194324,17.8926433942902],[-62.80905306662371,17.89264281746317],[-62.809053071532745,17.892642817467983],[-62.80905307606455,17.89264281711088],[-62.80960950248969,17.892620967519704],[-62.809656746442734,17.89262194549327],[-62.80983036996806,17.8926359804507],[-62.80986622368053,17.892640543027568],[-62.8099014568916,17.89264836895681],[-62.809935746627005,17.89265938624673],[-62.809939142235386,17.89266083647506],[-62.80995121286835,17.89266043319599],[-62.809988196436976,17.892662677251586],[-62.81002477208433,17.892668381368185],[-62.81006058774168,17.89267749042819],[-62.81009529836063,17.89268991678177],[-62.81012856978316,17.892705540702575],[-62.81016008147783,17.89272421174613],[-62.81018953003125,17.892745750109057],[-62.81021663178945,17.892769948439295],[-62.810241125782476,17.892796573646674],[-62.81026277608204,17.89282536916484],[-62.81028137425297,17.89285605793633],[-62.810296741050585,17.892888344221987],[-62.810308728682564,17.892921917218516],[-62.81030938159748,17.892924572429838],[-62.81035574598076,17.892964561215436],[-62.810355746829536,17.89296456202975],[-62.81035574692385,17.892964562120223],[-62.81059592898913,17.893171717765185],[-62.81061600094319,17.893190364233142],[-62.810958101988795,17.893532612463048],[-62.81096758588815,17.89354245920653],[-62.81158815096747,17.894211210134433],[-62.81159362088096,17.89421723754893],[-62.81160626562381,17.894231485730177],[-62.81200800378945,17.89468437916407],[-62.81201149354284,17.894688371129156],[-62.81219285437073,17.894898894136038],[-62.812277310191895,17.894962590728525],[-62.81257916543821,17.89513647994467],[-62.81272335313835,17.89517912665113],[-62.812760334675275,17.89519212388271],[-62.81279570062971,17.89520873901047],[-62.812882467899286,17.895255028218067],[-62.8129101896491,17.895271354605796],[-62.81293634013823,17.89528990580201],[-62.812960725034934,17.89531054405172],[-62.81298316314608,17.89533311588526],[-62.81308434467857,17.89544410880373],[-62.81309819899832,17.895460674576757],[-62.81346201683709,17.895291832706466],[-62.81348675827863,17.89528138091337],[-62.813645348212745,17.895220783639644],[-62.81367862321331,17.89520976132985],[-62.81371282590688,17.8952017543075],[-62.81374765893787,17.895196832156916],[-62.81378281931463,17.895195037521884],[-62.813818001430185,17.895196386198943],[-62.81385289932882,17.89520086632615],[-62.8138872098207,17.89520843901869],[-62.81392063446421,17.895219038461143],[-62.81395288258637,17.895232572452755],[-62.81398367401947,17.895248923313815],[-62.81403515970897,17.895279351547728],[-62.81407125914661,17.895303582067662],[-62.814104162984414,17.895331675653043],[-62.81416226531991,17.89538744500735],[-62.814315458112965,17.89550801695762],[-62.81455573700689,17.89562787316323],[-62.814701939573915,17.89567159539118],[-62.814734695588584,17.895683004648806],[-62.814766213256625,17.895697257020615],[-62.814796224119206,17.895714231133365],[-62.814824472391884,17.89573378221575],[-62.81485071741739,17.89575574381807],[-62.81494178006216,17.895839347941436],[-62.81496566940955,17.895863390438514],[-62.814987155656965,17.895889428744276],[-62.81505839073229,17.895984411773593],[-62.81506673152415,17.895996002876117],[-62.815285103405586,17.896312486906737],[-62.8155239446745,17.896618651708295],[-62.81557847318996,17.896685538467754],[-62.81559524534988,17.896707805996908],[-62.81573771065679,17.896912938508688],[-62.81574483153932,17.896923591204956],[-62.81593140626223,17.897213759066332],[-62.816063213722614,17.897374514003225],[-62.81609698595482,17.897413234416103],[-62.81611849659355,17.89744040444447],[-62.81613723838321,17.897469393605533],[-62.81615304495984,17.897499943959385],[-62.81616577555747,17.89753178403213],[-62.8161753170833,17.897564630535232],[-62.816254240175056,17.897896154035376],[-62.81626004808227,17.89792645831156],[-62.816263140080096,17.897957125911333],[-62.81628958838684,17.89842901257763],[-62.816348269568955,17.898853769232527],[-62.816388191606144,17.89902022364233],[-62.8165444522084,17.899246759070913],[-62.8165643581014,17.89927916374203],[-62.81658064178146,17.899313372286173],[-62.816593127272604,17.89934901467505],[-62.81660167958729,17.899385705643393],[-62.81660620613872,17.89942304848654],[-62.8166066581525,17.89946063949067],[-62.81660303056797,17.899498072271268],[-62.816595365825016,17.89953492765338],[-62.81664294409347,17.89972307720147],[-62.816765418319505,17.899994299115995],[-62.81697647840468,17.90025181336091],[-62.81717765930435,17.90044933198836],[-62.817310072804,17.90055038595708],[-62.81739383567572,17.900600476354548],[-62.817949753193446,17.90045282941045],[-62.8180347562945,17.900425201112494],[-62.81806999582435,17.90041554582747],[-62.81810604700167,17.900409206868424],[-62.81814257036788,17.900406243934803],[-62.818197216102135,17.900404360686466],[-62.818223159682326,17.900404320372942],[-62.81831151717708,17.900407090319053],[-62.81848146081818,17.90033816698344],[-62.81852102249315,17.900324555070203],[-62.81859897006478,17.90030234090556],[-62.818689700584486,17.900276478936025],[-62.81868970228421,17.900276478576057],[-62.818689703511986,17.90027647812527],[-62.81881250250507,17.900241476201124],[-62.81881715788729,17.900240180316867],[-62.81910864011254,17.900160983123413],[-62.8191389358225,17.900154030501614],[-62.819231219002994,17.900136671517657],[-62.81926587877691,17.900131738014483],[-62.81930086697649,17.90012990155751],[-62.81933588232957,17.900131177865532],[-62.819370623402214,17.90013555599324],[-62.81951832846105,17.900160892847275],[-62.819538402042774,17.90016487745227],[-62.81972200488539,17.900206328706613],[-62.819764712370464,17.90021258424628],[-62.81976500617938,17.900212481838658],[-62.819782549778715,17.900208174507725],[-62.819800074153626,17.900203831725722],[-62.81980049329717,17.900203769023538],[-62.81980090388805,17.900203668170143],[-62.819818795774516,17.90020102906884],[-62.81983668864434,17.90019835055807],[-62.81983711199628,17.9001983274492],[-62.819837531044485,17.900198265650715],[-62.81985560890686,17.90019731821968],[-62.819873687846965,17.90019633174079],[-62.8198741115363,17.900196348492795],[-62.819874534981736,17.900196326287787],[-62.819892621889736,17.900197079853882],[-62.81991071563438,17.900197794739007],[-62.81991113569617,17.900197851167455],[-62.81991155919577,17.900197868823064],[-62.81992947738691,17.900200315448625],[-62.81994741534696,17.90020272539372],[-62.81994782762777,17.90020282095244],[-62.81994824731103,17.900202878284322],[-62.82019055555503,17.900247673913253],[-62.8204167423363,17.90027677169251],[-62.82073051546772,17.900307505431506],[-62.82078333499944,17.900316342561624],[-62.820860130238465,17.900334651694944],[-62.8210200325666,17.90037276868505],[-62.821057255478635,17.900383619506115],[-62.821232252389635,17.90044422753424],[-62.82128236195499,17.900450923214482],[-62.821386139240865,17.900453497938564],[-62.82150655779293,17.90044993242115],[-62.82154309372574,17.900443517796074],[-62.82156112939989,17.900440780958192],[-62.82187625918409,17.90040041345006],[-62.82190254676794,17.90039793838801],[-62.82203498199588,17.900389933693955],[-62.82206703054681,17.900389301713464],[-62.82209901957292,17.900391274173774],[-62.82213071863773,17.900395836944835],[-62.822227469767824,17.900413812887237],[-62.82226950746722,17.90042405288025],[-62.82231004143114,17.900438840758383],[-62.822454293173536,17.900500769921482],[-62.822460673741915,17.900503577645296],[-62.82264717600536,17.900587667307384],[-62.822711986594534,17.900613137995297],[-62.82284850372395,17.900665905161166],[-62.82289683001658,17.900620480412776],[-62.822960325701885,17.900560798428003],[-62.822981565001385,17.900542299437767],[-62.8230042109141,17.90052539895198],[-62.82316465513073,17.900414784543912],[-62.82319866083696,17.900393890389843],[-62.823234803691065,17.900376594486836],[-62.82327266989378,17.900363094676763],[-62.823847742161234,17.900191003794795],[-62.82387725907989,17.900183411416908],[-62.82390732062636,17.900178129185505],[-62.824508038564694,17.900096473629052],[-62.824534765866254,17.900093765408812],[-62.82544759698983,17.90003261747636],[-62.82562445548591,17.90002076957231],[-62.8260427803808,17.89999252525539],[-62.82605145842541,17.899991939527418],[-62.826475590015654,17.89984267291514],[-62.8266800009018,17.899751516934735],[-62.82672462431163,17.89971825175585],[-62.82672667006329,17.8997168755363],[-62.82672858578148,17.899715338764093],[-62.826758125560055,17.89969391269064],[-62.82715254936254,17.899399252183972],[-62.82717940209038,17.899380939028433],[-62.827207820884695,17.899364938092845],[-62.827875934968134,17.899025431664537],[-62.8280877584309,17.898901562450273],[-62.828088130113436,17.898901368446367],[-62.82808848039722,17.898901141341916],[-62.8283075875047,17.898773656417276],[-62.828351856828114,17.89874783355424],[-62.828515196564666,17.898621687749046],[-62.82867404199436,17.898407689808984],[-62.828697093244855,17.89837967185721],[-62.828722915593055,17.898353964733932],[-62.82875125786306,17.89833081849881],[-62.8287778947421,17.898313087472822],[-62.82871067965471,17.898143273050735],[-62.828604689121875,17.897922754239985],[-62.828586220305695,17.89791524616505],[-62.82855196373863,17.89789710416626],[-62.82851985292544,17.897875664111478],[-62.82849023317704,17.89785115652162],[-62.82846342258298,17.897823844613846],[-62.8284397094645,17.897794022129958],[-62.8283597597938,17.897681853698064],[-62.82833610082938,17.897643859991582],[-62.82801752518987,17.897052807527643],[-62.82801751925416,17.897052795139377],[-62.82801751256198,17.897052784015862],[-62.8280153191588,17.897048713939654],[-62.82801531887611,17.89704871339708],[-62.82801530643668,17.89704869024702],[-62.82788538407523,17.89680764388083],[-62.8276256062725,17.89637846594374],[-62.827619222229195,17.896366613807615],[-62.82761253754382,17.896354913255344],[-62.82761073282107,17.8963508531899],[-62.82760862057638,17.896346931686683],[-62.82760348048965,17.896334537154004],[-62.82759802600464,17.896322265992303],[-62.82759664569079,17.896318056169584],[-62.82759494504428,17.896313955341185],[-62.82759109883278,17.896301138851932],[-62.82758692664133,17.89628841417838],[-62.82747866758097,17.895890939866224],[-62.82747866692309,17.89589093679248],[-62.827478665699395,17.89589093308553],[-62.8274756802105,17.895879970742133],[-62.82747567136749,17.895879938466127],[-62.82747567117954,17.89587993756209],[-62.82747420797195,17.895874567005066],[-62.82747420515207,17.895874554258],[-62.82747420091638,17.89587454123851],[-62.827459306210585,17.895819854735592],[-62.82729051969149,17.895447994057005],[-62.827274494201134,17.895432613054588],[-62.827190404422446,17.89540149683796],[-62.827190330721535,17.895401465498654],[-62.8271902547479,17.89540144138829],[-62.827120562666515,17.895375620134914],[-62.827087145962494,17.895361422210406],[-62.82705531991932,17.895344197094396],[-62.82702538270534,17.89532410603179],[-62.82695826105067,17.8952742521873],[-62.82692410156871,17.895245568329614],[-62.826893787561154,17.895213164209355],[-62.82667394701485,17.894947610423486],[-62.8266638953008,17.89493490282207],[-62.82633631276945,17.894501221691602],[-62.82624147602111,17.89438062777114],[-62.82624143963044,17.89438057648922],[-62.826241398704255,17.89438052936106],[-62.826235453507884,17.894372964175275],[-62.8261868802948,17.894311191907626],[-62.82618486074473,17.894308599612717],[-62.82615418382775,17.894268851557523],[-62.82607906571778,17.89422597493029],[-62.826077742324564,17.894225216033945],[-62.82559355131506,17.89394627048291],[-62.825218583146594,17.89373174869839],[-62.825188051410734,17.89371229486234],[-62.82515963459243,17.89369009705211],[-62.82513360097572,17.89366536466511],[-62.82511019588028,17.89363833094035],[-62.82508964024737,17.893609250968634],[-62.825015813711346,17.893493022753333],[-62.824830718889466,17.893306033856998],[-62.824739359383834,17.893218354693786],[-62.824718912582334,17.89319709615221],[-62.82470030446995,17.893174342001956],[-62.82462342245782,17.89307216634284],[-62.82454586090332,17.89300285585538],[-62.824539794415244,17.8929973127378],[-62.82453038144746,17.89298851863716],[-62.82453038078734,17.892988517913466],[-62.82439959017577,17.892866394251705],[-62.82438743779759,17.89285451303566],[-62.82431986885508,17.892785338099575],[-62.82430707577872,17.892779196691585],[-62.824080896238236,17.89271931069728],[-62.824056409881244,17.892711961263775],[-62.823828809441096,17.892635423677124],[-62.82382009738002,17.89263237834041],[-62.82364939931771,17.892570426242845],[-62.82360517576897,17.89255117651044],[-62.823491390765554,17.892492918406056],[-62.82346050544791,17.892475243790763],[-62.82343151735227,17.89245483487454],[-62.823293312355396,17.892347454916948],[-62.82325717793514,17.892326794542587],[-62.82305981973553,17.892254114193502],[-62.823027023901254,17.89224029260094],[-62.82299574417043,17.892223557036804],[-62.82274543721963,17.89207429021296],[-62.82274400199353,17.89207343004916],[-62.82255058871227,17.891956934852775],[-62.82251946625536,17.89193602428758],[-62.82249069772477,17.891912223205907],[-62.8222840866837,17.891723077070537],[-62.82228408564624,17.89172307607533],[-62.82228408460869,17.891723075170518],[-62.82224427003654,17.891686625514666],[-62.82221877491102,17.891660876375546],[-62.822196038653985,17.891632858596047],[-62.82217628010834,17.89160284200147],[-62.82215968958722,17.891571115733832],[-62.82214642698896,17.891537985267384],[-62.822136619817336,17.8915037696951],[-62.82213036271286,17.891468798474303],[-62.822127715851,17.89143340844241],[-62.82212870466241,17.891397940472345],[-62.82213331974197,17.891362736037717],[-62.822141516568735,17.89132813422983],[-62.82215321626465,17.891294468323654],[-62.82216830607001,17.891262062433956],[-62.822186640667965,17.89123122871458],[-62.822208043509406,17.891202264196096],[-62.82223230851545,17.89117544762389],[-62.8222592019676,17.89115103738099],[-62.82228846487075,17.891129268597943],[-62.82231981541002,17.89111035080499],[-62.82235295159571,17.891094466217204],[-62.82238755438046,17.891081767929617],[-62.822423290493084,17.891072378021743],[-62.82245981583757,17.89106638710872],[-62.822496778609796,17.89106385280766],[-62.82253382279063,17.891064799469653],[-62.822570591733324,17.89106921809265],[-62.82260673127897,17.89107706605315],[-62.82264189334296,17.89108826783255],[-62.822675739407515,17.891102715472233],[-62.82270794344675,17.89112026984164],[-62.82273819522957,17.891140761906616],[-62.82276620362203,17.891163994359406],[-62.82280601611124,17.891200442010426],[-62.82280601818625,17.891200443910442],[-62.82298504160229,17.89136433406233],[-62.82314543251212,17.89146093927989],[-62.82336450194548,17.891591577965254],[-62.82355853659066,17.891663034318107],[-62.82358816402646,17.891675362559862],[-62.8236165825357,17.891690070226264],[-62.82370380999444,17.89173994342132],[-62.823748147114706,17.891769614319216],[-62.823879372694925,17.89187157138514],[-62.82393985551558,17.891902538706656],[-62.8240834568802,17.891954656463028],[-62.824294568347376,17.892025649088687],[-62.82454396661115,17.89209168263559],[-62.82457891288336,17.892102716385082],[-62.8246125716401,17.892116954365125],[-62.82471877379757,17.892167937875076],[-62.82474795449384,17.892183530048282],[-62.82477558110451,17.89220153126105],[-62.82480143739357,17.892221800406123],[-62.82482532092491,17.892244178853613],[-62.82493310633314,17.892354525729942],[-62.82505775398692,17.892470913344944],[-62.82505778935294,17.89247094980269],[-62.82505782934735,17.892470983643374],[-62.82506424120001,17.892476973928872],[-62.82516581677172,17.8925677435903],[-62.82519153602159,17.89259308914936],[-62.82521454825453,17.892620717622076],[-62.825295396583165,17.892728164097516],[-62.82536880593382,17.89279861595177],[-62.8253755547597,17.89280526120252],[-62.825591641836006,17.89302355876656],[-62.825617607539336,17.893052745125946],[-62.82564019926181,17.893084399914613],[-62.82568630120925,17.893156979769],[-62.82598144416942,17.893325832706612],[-62.825982440246605,17.893326404571543],[-62.8264664669712,17.893605255106692],[-62.82660613555108,17.893684976410842],[-62.82663730965788,17.89370483977975],[-62.826666275782955,17.893727561657577],[-62.826692748945305,17.893752918535718],[-62.82671646892272,17.893780661076935],[-62.82671810451525,17.89378278030063],[-62.826869299539226,17.893768599800193],[-62.827085774949154,17.89372656391101],[-62.827348158805805,17.893663136898045],[-62.82760428795644,17.893489800930084],[-62.82775575784682,17.893139783171502],[-62.82783980801449,17.892932730566386],[-62.82787022952555,17.892852914315327],[-62.82787022971481,17.892852913863557],[-62.827870229809385,17.892852913682866],[-62.827895189283964,17.89278742789746],[-62.82790958590356,17.892754734150184],[-62.827927260214075,17.892723548965016],[-62.827948041996386,17.892694172546914],[-62.82797173102777,17.892666887810343],[-62.827998099161434,17.89264195766953],[-62.82802689259512,17.892619622057737],[-62.828057833949785,17.89260009612142],[-62.82809062529261,17.892583567963268],[-62.82812495078234,17.892570196656063],[-62.82816047978558,17.89256011107043],[-62.828196870276926,17.892553408250937],[-62.82823377167162,17.89255015278585],[-62.828270828696695,17.89255037608755],[-62.8283076844123,17.89255407594318],[-62.82834398389319,17.892561216698752],[-62.828379377532436,17.892571729623516],[-62.82841352453378,17.89258551345542],[-62.82844609593144,17.892602435488314],[-62.82847677817632,17.892622332750154],[-62.82850527577776,17.892645013541863],[-62.82853131413377,17.89267025942824],[-62.82855464264427,17.892697827410043],[-62.828575036597265,17.892727451914027],[-62.82859229952622,17.892758847687382],[-62.82860626528456,17.89279171233039],[-62.82861679927013,17.892825729280176],[-62.828623800121456,17.89286057106616],[-62.82862720037601,17.892895902022165],[-62.828626967222085,17.89293138199298],[-62.828623102968,17.892966669227125],[-62.828615644850174,17.89300142390177],[-62.82860466465242,17.893035311286003],[-62.828579705307135,17.89310079734327],[-62.82857970521256,17.893100797523957],[-62.828579705117896,17.893100797795036],[-62.828547162067686,17.893186181036214],[-62.828544368036894,17.893193279655247],[-62.828458161133945,17.89340552294917],[-62.82845507835209,17.89341287331151],[-62.828260236738366,17.89386311837559],[-62.82824516788871,17.8938937890514],[-62.828227165493445,17.893922973796805],[-62.82820638764415,17.893950416231974],[-62.82818301696361,17.893975875183724],[-62.82815725880993,17.893999126853195],[-62.828129339764295,17.89401996680314],[-62.82772670185403,17.894292453419364],[-62.82769745138737,17.894310376423014],[-62.82766660499534,17.89432565084465],[-62.82763442336313,17.89433814757038],[-62.82760117876558,17.894347760816576],[-62.82726201326729,17.894429748663477],[-62.8272446318779,17.89443353483538],[-62.827220742467524,17.89443817372846],[-62.82727099350203,17.894504699779212],[-62.82745167167097,17.894722946875486],[-62.82746267271459,17.894727022863517],[-62.827462684605436,17.89472702730302],[-62.82757169100035,17.894767363520106],[-62.82757713482937,17.894765985237207],[-62.8276137175669,17.894760320074063],[-62.82765070413395,17.894758115367733],[-62.82768773831898,17.89475939222457],[-62.827724463470624,17.894764138398003],[-62.8277605258964,17.894772308110728],[-62.82779557826049,17.894783822780845],[-62.82782928307621,17.894798571476787],[-62.82786131563139,17.894816412095004],[-62.827891367574175,17.89483717298998],[-62.82790179489531,17.89484598617346],[-62.8283932546869,17.89481649865053],[-62.82855097382171,17.894805852214354],[-62.82856370366952,17.894800771827686],[-62.82880518957079,17.89466363507464],[-62.82882071477617,17.894655285840084],[-62.82888652787199,17.894621821829794],[-62.82893734616355,17.894600407140285],[-62.82899996418259,17.894579129882167],[-62.82903899151911,17.89456809616003],[-62.829079032351096,17.894561147187105],[-62.829119621749804,17.89455836381285],[-62.82923420952761,17.894556433320485],[-62.82927103861467,17.894557534345342],[-62.829502747636575,17.89457532429686],[-62.82952970869696,17.89457670786095],[-62.829537375233954,17.894577463879866],[-62.82954507361121,17.894577797728424],[-62.82975258231465,17.89459659842138],[-62.829852079018615,17.894604128382483],[-62.82987950045007,17.89459843472308],[-62.82993325598758,17.894573917904644],[-62.83005300169664,17.894477502888126],[-62.83007711000685,17.894459631535014],[-62.83020017622053,17.89437578673884],[-62.83021761968672,17.894362147444646],[-62.83024599773549,17.894342000953806],[-62.830276218060696,17.894324481808162],[-62.830345309745304,17.894288544998716],[-62.830364655004026,17.894271317173803],[-62.830376348131935,17.894261329012966],[-62.83048002381593,17.89417640302072],[-62.830506310936585,17.894156727395504],[-62.830534309613576,17.894139350171837],[-62.83056380107544,17.8941244071008],[-62.83059455505158,17.894112014942323],[-62.830812148012676,17.894034983434835],[-62.8309002887502,17.894002690114718],[-62.831103330305346,17.89390735627447],[-62.831129672076834,17.893896160725408],[-62.83134396491498,17.893814307222577],[-62.83137523421138,17.893802042831616],[-62.83146391039337,17.89374454338626],[-62.83162340173901,17.89361466098267],[-62.83162411835201,17.89361407878637],[-62.83178799344669,17.89348129761498],[-62.83200397230828,17.893289793564733],[-62.832016980835974,17.893278780182975],[-62.832166400910175,17.893158022701872],[-62.832166328226336,17.89315791372281],[-62.83214954669563,17.893126279603532],[-62.83213608446626,17.893093222848933],[-62.832126071327295,17.893059062005225],[-62.832119603449584,17.893024125893582],[-62.832116743388355,17.892988751079344],[-62.83211751848178,17.892953278255096],[-62.832121921420686,17.892918048896853],[-62.832129909684866,17.89288340237117],[-62.8321414063963,17.892849672320438],[-62.832156300888514,17.89281718368059],[-62.832174449559375,17.89278624924719],[-62.83219567776211,17.89275716687505],[-62.83221978094056,17.892730216767696],[-62.832246527181184,17.89270565840641],[-62.83227565863117,17.892683728291832],[-62.83230689489919,17.892664637687293],[-62.83233993513436,17.892648570360915],[-62.83237446123739,17.892635681051896],[-62.832410140505274,17.892626094026596],[-62.832446629503345,17.892619901364583],[-62.83248357670855,17.89261716296088],[-62.832520626286964,17.892617904992704],[-62.832557421586216,17.892622120464765],[-62.832593608156756,17.892629768669558],[-62.8326288375272,17.892640776004065],[-62.832662770319125,17.892655036514746],[-62.8328186684157,17.892729491797155],[-62.83287737918937,17.892722985140733],[-62.832917073537814,17.89272060477557],[-62.832992422450644,17.89271989297156],[-62.833005608072106,17.892720388390067],[-62.833018803657,17.89272052660648],[-62.83302411387814,17.892721083604677],[-62.833029451810056,17.892721284139824],[-62.83304252308554,17.89272301459728],[-62.83305564104553,17.892724390505347],[-62.83306086914322,17.892725443295678],[-62.833066160349595,17.892726143720726],[-62.83307899126516,17.892729092387587],[-62.833091905488494,17.892731692863567],[-62.83309700021086,17.89273323109804],[-62.83310219456925,17.892734424771813],[-62.833114662897515,17.892738563704274],[-62.833127247755804,17.89274236333228],[-62.83313216021533,17.892744372145604],[-62.83313720760774,17.892746047636454],[-62.83314919084982,17.892751336236362],[-62.833161327427256,17.892756299031063],[-62.83316601166654,17.89275875967384],[-62.83317086216856,17.892760900398258],[-62.83318224567076,17.89276728767975],[-62.83319381628965,17.892773365906617],[-62.833198225601244,17.892776254024845],[-62.83320283410633,17.89277883987838],[-62.83321350936033,17.892786265008706],[-62.833224401640166,17.89279339954904],[-62.833280604255634,17.892834228507226],[-62.83328189436864,17.892835265085896],[-62.83328327446269,17.892836186407667],[-62.83329608070763,17.89284666301758],[-62.833308991368185,17.89285703604203],[-62.83331016865425,17.892858188129033],[-62.83331144827904,17.892859235002664],[-62.83332312229143,17.892870864884852],[-62.833334906849764,17.892882397604428],[-62.83333596055654,17.892883654705717],[-62.83333712688281,17.892884816635366],[-62.83334755642428,17.89289748897007],[-62.83335810122716,17.892910069208007],[-62.8333590207932,17.89291141856999],[-62.833360062974336,17.89291268488076],[-62.83336914450511,17.89292627430335],[-62.833378351103605,17.892939784201488],[-62.83337912851534,17.892941214157425],[-62.833380035518516,17.892942571372235],[-62.83338767976253,17.892956943130013],[-62.8333954614214,17.89297125652458],[-62.83339608866794,17.892972752515345],[-62.83339685238577,17.89297418833466],[-62.83340298875789,17.89298920877551],[-62.83340926734803,17.89300418296922],[-62.83340973840081,17.893005730618146],[-62.833410351482556,17.893007231206486],[-62.83341492167752,17.893022758734702],[-62.83341963597241,17.89303824643494],[-62.83341994622011,17.893039830101138],[-62.833420402919735,17.893041381805173],[-62.8334233618572,17.893057265887947],[-62.83342646752942,17.89307311900299],[-62.83342661415303,17.893074724493307],[-62.83342690976522,17.89307631122013],[-62.833430693568644,17.893104590246008],[-62.833433637673416,17.89314153685526],[-62.83343261677373,17.893178577962768],[-62.83342764133148,17.893215324460993],[-62.83341876381592,17.8932513904417],[-62.833406077378534,17.893286396990998],[-62.83338971518837,17.89331997652743],[-62.833372538513565,17.89335097454334],[-62.83335358541404,17.893381463604634],[-62.83333160228342,17.893410027266857],[-62.833306800845534,17.893436390300764],[-62.833279419898965,17.89346029892204],[-62.83324972314381,17.89348152286832],[-62.83321799663058,17.893499857656806],[-62.83318454583166,17.893515126751037],[-62.83314969299631,17.893527183185654],[-62.83311377365655,17.8935359107385],[-62.833077133793594,17.89354122537437],[-62.833040126249685,17.893543075965116],[-62.8330031075178,17.89354144464838],[-62.83296643405954,17.893536347186085],[-62.83293045900108,17.893527832599958],[-62.83289552882918,17.89351598289759],[-62.832877557855475,17.893507910103512],[-62.83283782181965,17.89354716672208],[-62.832826417280046,17.893557965058292],[-62.832704219077286,17.89366885274735],[-62.832688029451035,17.893682719673468],[-62.83251076946283,17.893825977072044],[-62.832294966887844,17.89401732527438],[-62.832282325367196,17.89402804170658],[-62.83211236284825,17.89416575552191],[-62.831937461326554,17.89430818764716],[-62.831904553702365,17.894332142189445],[-62.831766341517564,17.894421761837542],[-62.831732990186644,17.89444106220839],[-62.83169773892288,17.89445696897642],[-62.831628649923715,17.894484066956824],[-62.83162701127263,17.89448462142061],[-62.83162542951271,17.89448531359306],[-62.83142292302812,17.894562665023237],[-62.83121748305284,17.894659125047514],[-62.83118617499216,17.894672178637038],[-62.831080076099774,17.894711051598872],[-62.83107607702689,17.89471249206351],[-62.83091975225821,17.894767833635985],[-62.83087329013183,17.8948058931545],[-62.830824719037906,17.89484914799485],[-62.830800656129924,17.89486884204394],[-62.83077495499694,17.89488653729344],[-62.83074779607261,17.894902109346148],[-62.83071744280804,17.894917897084017],[-62.830667816965736,17.8949437091589],[-62.83064826912926,17.894957985608638],[-62.83052742061842,17.89504031971289],[-62.830382350618656,17.895157125158093],[-62.83035697081276,17.895175858997536],[-62.83033002342805,17.89519246502224],[-62.8303017023943,17.89520682381848],[-62.83016474845745,17.89526928571522],[-62.83012437872372,17.895285029373078],[-62.83008238292791,17.895296214017765],[-62.82995779692553,17.89532208251606],[-62.8299214990459,17.895327862888035],[-62.82988478591062,17.895330233491173],[-62.82984800618523,17.895329171761958],[-62.82969015725416,17.895317225624414],[-62.829684338614406,17.895316741846177],[-62.82948159353726,17.89529837277726],[-62.829457336499935,17.89529712796774],[-62.82945236100939,17.895296637328403],[-62.82944736272294,17.895296489235868],[-62.82922905453252,17.895279728179613],[-62.829201944051164,17.895280184993528],[-62.82918281948617,17.89528990923194],[-62.82892615112942,17.895435668049313],[-62.8288787963055,17.895458422509442],[-62.82880768308609,17.895486803005248],[-62.82877746222442,17.895497439939113],[-62.82874640467793,17.895505573405796],[-62.82869546654426,17.895516702252497],[-62.82866690418729,17.89552184419211],[-62.82863801344013,17.89552486779909],[-62.828444901394185,17.895537903329174],[-62.82844196253574,17.895538090643488],[-62.82816250893098,17.89555485800135],[-62.82816365363429,17.89555737981543],[-62.828174258394895,17.895583461312743],[-62.828182724174944,17.895610250099015],[-62.82820500511456,17.895692054204424],[-62.82820501217024,17.895692079970953],[-62.82820501235845,17.89569208060383],[-62.82820647737383,17.89569745793624],[-62.82820648085155,17.895697473847427],[-62.82820648621697,17.895697490212214],[-62.82820947870943,17.895708478040252],[-62.828209480591035,17.89570848482094],[-62.82820948068484,17.895708485453728],[-62.82830479014396,17.896058409897005],[-62.828542257411875,17.896450726098507],[-62.828542257883214,17.896450726822017],[-62.828542278525454,17.89645076100649],[-62.82854343892625,17.89645267751007],[-62.82854767580693,17.89646054111561],[-62.82855231156899,17.89646819519353],[-62.82868647770758,17.896717113504142],[-62.828686483454774,17.896717125621063],[-62.82868649014707,17.896717136654164],[-62.82868868327882,17.896721206270858],[-62.82868868365584,17.8967212069039],[-62.8286886962838,17.89672123041564],[-62.828987257626,17.897275146536497],[-62.82900258743257,17.897279616168976],[-62.82903717983021,17.897293419806793],[-62.82907017272895,17.897310438185592],[-62.8291012413408,17.897330503805136],[-62.82913007959884,17.897353418992527],[-62.82915640345935,17.897378958074295],[-62.82917995373197,17.89740686945777],[-62.82920049834309,17.89743687825423],[-62.829217835070885,17.89746868899284],[-62.8294022329247,17.897852335640483],[-62.82941230667433,17.897875355102705],[-62.82959068425948,17.898326009222057],[-62.82960228969771,17.898360436313226],[-62.8296102435901,17.89839580149879],[-62.829614466309316,17.89843175057319],[-62.82961491561874,17.898467923668967],[-62.82961158704685,17.898503958782225],[-62.8296045137899,17.89853949493607],[-62.82959376680235,17.89857417651928],[-62.82958899625687,17.898587151919557],[-62.82957529021294,17.89861938612395],[-62.829558410478626,17.898650209229245],[-62.829538513476095,17.898679335748593],[-62.829515783557866,17.898706495675704],[-62.82949043149354,17.898731437375954],[-62.82946269201322,17.89875392975354],[-62.82943282220044,17.898773764419435],[-62.82938434525836,17.898802749738014],[-62.82938433685174,17.898802754250003],[-62.829384328821966,17.898802759575798],[-62.82924593259643,17.898885499830413],[-62.829100656929675,17.899081217254867],[-62.829079408303436,17.899107239010522],[-62.8290557679283,17.899131295548607],[-62.82902993302623,17.899153186201517],[-62.82880668110769,17.899325602110473],[-62.828766068656236,17.899352951492496],[-62.82870037090942,17.8993912738353],[-62.82870000883993,17.8993914847512],[-62.828481087806985,17.899518861534055],[-62.828259889224526,17.899648213183095],[-62.82824009043724,17.899659019471798],[-62.82759110962798,17.899988803593782],[-62.82722062837343,17.90026557793069],[-62.82721635748694,17.900268721867608],[-62.82718666414488,17.900290259319867],[-62.827110244433435,17.900347227565174],[-62.827075219608695,17.90037042338643],[-62.827037689567774,17.9003896960787],[-62.82678016298183,17.900504538810644],[-62.82675100702778,17.90051614648802],[-62.82626175411389,17.900688331589773],[-62.82622792508298,17.90069853799695],[-62.826193245121885,17.90070566090023],[-62.826158020084485,17.900709637210994],[-62.826095908379116,17.90071382966073],[-62.82567748294699,17.900742080765717],[-62.82550031481217,17.900753949403818],[-62.82460089377779,17.90081419898278],[-62.824043821704485,17.900889921750338],[-62.8235563711216,17.90103579189973],[-62.82346891314264,17.901096087771656],[-62.82342595609599,17.901136464807696],[-62.82337177361861,17.901187394180997],[-62.82337840928389,17.90123326010637],[-62.82340480754297,17.901320257372188],[-62.82350593259623,17.90149949928557],[-62.823676699025555,17.90175851974325],[-62.823691724212836,17.901783457554824],[-62.82370462932894,17.901809460825092],[-62.82378234345119,17.901983621527965],[-62.823913496713814,17.90227752112893],[-62.8239844427183,17.90241147385626],[-62.824136230022454,17.90258056187479],[-62.82415444263486,17.90260251840354],[-62.82423872725998,17.90271264063209],[-62.82426521631963,17.902752465536384],[-62.824443420865926,17.903063512242323],[-62.82445028601123,17.903076072909485],[-62.824510142917454,17.90319101980879],[-62.82460910517887,17.903292773884292],[-62.82461883084111,17.903303169101097],[-62.824740870029515,17.90343878865845],[-62.824811038631374,17.903515303990336],[-62.82483235803107,17.9035407859917],[-62.824851189430866,17.90356800533949],[-62.82495164525171,17.903728505411554],[-62.82496959889532,17.903760789333333],[-62.82498405384572,17.90379464464863],[-62.825064973857586,17.904015451343863],[-62.82507508252261,17.90404779635726],[-62.825081995678175,17.90408090317237],[-62.82511748240825,17.904304778322896],[-62.82511936811339,17.904318419497056],[-62.82516121301725,17.904672873321218],[-62.82516346680888,17.904723156605833],[-62.82515337963049,17.905083773350597],[-62.825153027076006,17.905092467082163],[-62.82514527456905,17.905238335593673],[-62.82513980052246,17.905341197244347],[-62.825136766848615,17.90537206897837],[-62.825100815142655,17.90562229097835],[-62.82509823576452,17.905637754587733],[-62.82505587976736,17.905860580414323],[-62.8250558795774,17.905860581589188],[-62.82502319744459,17.90603251515115],[-62.82502284007282,17.906034367671516],[-62.82501249517036,17.90608722487184],[-62.825178081174194,17.906129515389622],[-62.82534268434083,17.90616302451822],[-62.825515091107484,17.90618782919203],[-62.82554164129132,17.90616451110815],[-62.82557127516513,17.906143204091048],[-62.82560294777531,17.906124780521605],[-62.82563635409349,17.906109417826325],[-62.825671172409805,17.906097263769993],[-62.825707067354855,17.90608843564499],[-62.82574369339469,17.906083018285894],[-62.82578069766327,17.90608106398168],[-62.82581772383414,17.90608259148494],[-62.825854415330284,17.906087586105144],[-62.82589041881722,17.906095999711745],[-62.825925387506736,17.906107751369873],[-62.825958984649596,17.906122727795342],[-62.82599088674388,17.906140784894024],[-62.82602078655541,17.906161748578103],[-62.82604839594768,17.90618541711851],[-62.82605251811963,17.90618971897196],[-62.82627049659954,17.90619242576859],[-62.82628524829482,17.90619288508413],[-62.8269121378113,17.90622415358504],[-62.827457117829546,17.906251142045942],[-62.82766231575247,17.90624498391068],[-62.82767449751778,17.906244806600505],[-62.82768954138554,17.906244819918427],[-62.827711721326395,17.90623618690066],[-62.82783461718256,17.90618400218709],[-62.827866331385984,17.906172142906925],[-62.82789903243181,17.906163066423215],[-62.828016620340556,17.906135864459753],[-62.828055631342984,17.90612889366514],[-62.82809519102733,17.9061258804874],[-62.82822343384475,17.90612258611459],[-62.828264843614306,17.906123698348694],[-62.828305877134824,17.906129146193962],[-62.8285445169597,17.906173718452926],[-62.82857999270519,17.906182068008142],[-62.828614459852304,17.906193660113793],[-62.8287974089925,17.906264883322986],[-62.82887800074887,17.906296263954985],[-62.82891827982101,17.906314673670387],[-62.828939105232024,17.906325683477014],[-62.828939106081386,17.906325683839306],[-62.82893910787426,17.90632568483514],[-62.82905283388509,17.90638580745904],[-62.829052834262576,17.90638580764014],[-62.82905283473436,17.906385807911715],[-62.82920852707457,17.906468116164326],[-62.8293358099812,17.9065347661512],[-62.82933581092488,17.90653476660396],[-62.82933581167975,17.906534767056566],[-62.82955442812961,17.90664924169105],[-62.8296260944208,17.9066836376415],[-62.829650694573196,17.90669073339671],[-62.82978807056587,17.906718394748165],[-62.82982049835509,17.906726376339858],[-62.82985206024952,17.906737076279533],[-62.829882508120825,17.906750410562058],[-62.8299116027352,17.906766274220455],[-62.829939115357014,17.906784542683038],[-62.829976321916014,17.906811663248604],[-62.82997632201035,17.906811663339077],[-62.829976322198995,17.906811663520013],[-62.83003359990543,17.9068534142816],[-62.830063482387,17.906877638764445],[-62.830090584192234,17.906904695259406],[-62.83011461395849,17.906934292919296],[-62.830183844763006,17.907029354523257],[-62.8302028176831,17.907058218699163],[-62.83021660069948,17.9070843690881],[-62.8302304633134,17.907083629341237],[-62.83025182559314,17.907083069134632],[-62.830362259670665,17.907083165413514],[-62.83040341902948,17.90708535520187],[-62.83044408394182,17.907091826812763],[-62.830483769770616,17.907102503085937],[-62.83052200372752,17.90711725688786],[-62.830657362906635,17.907177908912175],[-62.830664630958374,17.9071800046199],[-62.83074128073829,17.907157911304342],[-62.83089227965619,17.907111474569696],[-62.830910903038,17.90709875766974],[-62.83095435215348,17.90705276450494],[-62.83112963094473,17.906751200340775],[-62.83114444367324,17.906727839398908],[-62.83124789144069,17.906577787358177],[-62.831277165721716,17.90654074197603],[-62.83141867731799,17.90638374495795],[-62.83143032787476,17.906372034210783],[-62.83144186975678,17.906360228824038],[-62.83162085537058,17.906194285242194],[-62.831706238480066,17.90609321093187],[-62.83181882944118,17.90588289636506],[-62.83183670844567,17.905853082580155],[-62.831857464304015,17.9058250293952],[-62.83188090946381,17.90579899027308],[-62.8319875355495,17.905691368199],[-62.83201787647573,17.90566395010262],[-62.832051191395024,17.905639903650815],[-62.832079113833885,17.905624043497905],[-62.83206287735855,17.90561736227754],[-62.83180033699121,17.9055095789133],[-62.8317969861022,17.905508012594613],[-62.831793516485426,17.905506702239514],[-62.83174482661699,17.905485614460314],[-62.83173615112183,17.90548172945119],[-62.83154173845539,17.90539177451306],[-62.831541304174316,17.905397161561478],[-62.83153484440574,17.905432099026573],[-62.83152483879647,17.905466262060127],[-62.8315113836718,17.90549932173645],[-62.831494608580336,17.905530959552937],[-62.831474675252295,17.90556087086395],[-62.831451775425464,17.905588767680914],[-62.83142612980435,17.905614381202366],[-62.83139798531934,17.905637464884723],[-62.83136761304785,17.905657796338687],[-62.83133530537971,17.90567517976729],[-62.83130137356063,17.90568944777152],[-62.831266144291874,17.905700462974437],[-62.83122995699102,17.90570811928418],[-62.83119316001445,17.905712342885053],[-62.83115610782405,17.905713093229274],[-62.831119157305025,17.90571036294345],[-62.831082664177664,17.905704178458187],[-62.831046979976655,17.905694599282313],[-62.831012448274976,17.90568171763808],[-62.83097940175778,17.905665657554714],[-62.83094815863574,17.905646573871017],[-62.83091901972012,17.905624650153868],[-62.83089226578018,17.905600097701665],[-62.83086815433561,17.90557315292023],[-62.83084691767585,17.90554407533255],[-62.830828760313466,17.905513144864905],[-62.8308268095423,17.905509402957364],[-62.83082680483158,17.905509392558773],[-62.83082679861037,17.905509382068473],[-62.83082533317646,17.905506570664475],[-62.830825332611205,17.905506569398565],[-62.830676692139484,17.905221511824596],[-62.83067073044002,17.905210267563064],[-62.83066711672594,17.905202533080843],[-62.83066309374874,17.905194987060884],[-62.8306595551003,17.905186348955027],[-62.830655597955364,17.905177879418254],[-62.8306527938226,17.90516984392839],[-62.83064956243304,17.905161955939835],[-62.830646925218,17.905153027481575],[-62.83064385425,17.90514422735692],[-62.83064188606134,17.90513596671715],[-62.83063947809659,17.905127814159087],[-62.83063776791189,17.9051186822327],[-62.83063561240283,17.905109635244116],[-62.83063449934239,17.90510122883099],[-62.8306329377637,17.905092890360155],[-62.83063217076485,17.90508364211282],[-62.83063095187317,17.90507443631571],[-62.830630704814425,17.905065966029348],[-62.83063000446288,17.90505752110886],[-62.830629913730284,17.90505464039758],[-62.83062991432705,17.9050546084915],[-62.83062991162052,17.905054575407515],[-62.8306298126569,17.905051414489503],[-62.830629812658024,17.905051413314474],[-62.83062969885033,17.905047777761624],[-62.83062969875661,17.905047777038444],[-62.83062969829949,17.90504776131072],[-62.83062953105928,17.905042430503986],[-62.830629615124415,17.905038212217807],[-62.83062936940495,17.905034000152554],[-62.830629968247344,17.90502048312326],[-62.83063023769793,17.905006956316715],[-62.830630753101,17.905002766696935],[-62.83063093988272,17.904998551392495],[-62.830632919847446,17.904985154875593],[-62.830634572808314,17.904971719298143],[-62.830635514790806,17.90496759802047],[-62.83063613214611,17.904963420691598],[-62.83063947403794,17.904950274646737],[-62.8306424946197,17.904937058724297],[-62.830643853796325,17.904933046183498],[-62.83064489602272,17.90492894641468],[-62.830649568567246,17.904916175096552],[-62.830653926906514,17.904903308508256],[-62.83065569011737,17.904899443197642],[-62.83065714726388,17.904895460569648],[-62.830663104362266,17.904883190298882],[-62.83066875946401,17.904870793494627],[-62.83067091043597,17.904867111464377],[-62.83067276783101,17.904863285644232],[-62.83067995168511,17.904851634777174],[-62.830686849526806,17.90483982702045],[-62.83068936707714,17.90483636458758],[-62.83069160731494,17.9048327313533],[-62.83069994880378,17.904821811547762],[-62.8307080229055,17.90481070711992],[-62.83071088340028,17.90480749698385],[-62.83071348426005,17.904804092199594],[-62.830722903318026,17.90479400787293],[-62.830732075688175,17.904783714356633],[-62.83073525030135,17.90478078876032],[-62.830738187867276,17.90477764376945],[-62.830748596507576,17.904768489660675],[-62.83075877613163,17.904759108752106],[-62.83076223443633,17.90475649559854],[-62.83076548045058,17.904753640836784],[-62.83077677643452,17.904745507424344],[-62.83078786711856,17.904737127076388],[-62.83079157661418,17.90473485083207],[-62.830795098950105,17.90473231465287],[-62.830807170891376,17.90472528183204],[-62.830819068519524,17.904717981132777],[-62.83082299453692,17.904716063279558],[-62.830826758333245,17.904713870599295],[-62.83083949108196,17.90470800488484],[-62.830852079933145,17.90470185531982],[-62.83085618242349,17.904700315527148],[-62.83086015348479,17.90469848611076],[-62.83098307567652,17.904648814064746],[-62.83099254076081,17.904645132867497],[-62.831008353800236,17.90463922010332],[-62.831072255884656,17.904592621974576],[-62.831074773885,17.904590966191567],[-62.8310771411032,17.904589119018876],[-62.83109004031201,17.90458092741414],[-62.83110280432507,17.904572534128306],[-62.83110547994901,17.904571122526463],[-62.8311080247239,17.904569506446123],[-62.83112170192206,17.90456256393899],[-62.8311352623443,17.90455540964331],[-62.83113806886034,17.904554256209334],[-62.83114076748049,17.90455288638572],[-62.8311550921291,17.90454725983932],[-62.83116931719234,17.90454141347477],[-62.831172228155374,17.904540528941716],[-62.831175054267376,17.90453941890994],[-62.83118988365899,17.9045351643305],[-62.831204641042554,17.904530680285365],[-62.83120762944319,17.904530073035737],[-62.831210554619055,17.904529233798296],[-62.831225747005334,17.90452639146563],[-62.83124089373012,17.90452331363414],[-62.831243929445634,17.904522989788113],[-62.83124692686553,17.904522429004604],[-62.83126233833934,17.904521025909855],[-62.8312777259636,17.904519384352405],[-62.83128078019591,17.904519346958143],[-62.83128382068181,17.904519070116848],[-62.83129930215606,17.90451911995992],[-62.83131478310148,17.904518930275845],[-62.83131782629989,17.90451917957889],[-62.83132088067633,17.904519189456504],[-62.83133628392687,17.904520691928166],[-62.831351708362476,17.904521955795367],[-62.831354711073146,17.904522489420156],[-62.83135775007299,17.90452278590094],[-62.831372924340016,17.904525726499113],[-62.831388146035465,17.904528431769517],[-62.831391080317545,17.904529244810977],[-62.83139407363787,17.904529824885927],[-62.83140887261231,17.904534174831362],[-62.83142374525553,17.904538295889285],[-62.83142658184938,17.904539380277672],[-62.83142950164423,17.904540238499486],[-62.831443785731544,17.904545956906997],[-62.831458163118945,17.904551453132697],[-62.83146087484424,17.90455279835964],[-62.83146369298699,17.904553926569196],[-62.83161873870167,17.904624743981906],[-62.83161816010847,17.90462228748681],[-62.8316135281465,17.904582434940206],[-62.83161353426701,17.90454233639501],[-62.831637603014805,17.904128538556726],[-62.83164024295371,17.904101498323822],[-62.83168485868679,17.903776707187273],[-62.83169528114792,17.90369903745215],[-62.83168484757137,17.903643065517045],[-62.831683502023495,17.90363536781239],[-62.831642322145775,17.903383080231475],[-62.83163891446957,17.903355090764737],[-62.831637794046,17.90332693217341],[-62.831638024044395,17.903083167729612],[-62.83164214610443,17.903030219889892],[-62.831665959116926,17.902877188206713],[-62.831673665606765,17.902840682144852],[-62.8316852539056,17.90280512886349],[-62.8317006011112,17.902770905621352],[-62.831747647054115,17.902679321000875],[-62.8317538699362,17.90266857322011],[-62.831759752069466,17.902657648709265],[-62.83176284954844,17.90265306397539],[-62.83176561422233,17.902648289050823],[-62.831772907868576,17.902638176440153],[-62.83177987977066,17.902627857107316],[-62.831783431537886,17.902623585323827],[-62.83178667196016,17.902619092546235],[-62.83179496594267,17.9026097128432],[-62.831802960583225,17.90260009769425],[-62.832001746330015,17.902383720191064],[-62.83201047306276,17.90237454368029],[-62.83215726023045,17.9022254142489],[-62.83218851660369,17.9021970833595],[-62.83245963152535,17.90197799869769],[-62.83268185846305,17.901773675132066],[-62.83283730516556,17.901614033102703],[-62.83288682115475,17.901561105394887],[-62.83288682238334,17.901561104040137],[-62.83288682276132,17.901561103678915],[-62.832912843602685,17.901533289618246],[-62.83291284369719,17.90153328952794],[-62.832912843791675,17.901533289437634],[-62.832921446588635,17.901524093796933],[-62.832973390304524,17.90145750769116],[-62.83304796158511,17.901351931572695],[-62.833056140949786,17.901340808331017],[-62.83312109117197,17.901255920025395],[-62.833045240389126,17.901208467622716],[-62.83283056785663,17.90107953084154],[-62.83282668975483,17.90107716994753],[-62.8326216795299,17.90095068168176],[-62.83249204345335,17.900927287134397],[-62.83237466207342,17.900913261812544],[-62.83236877779317,17.900914714056068],[-62.832237369902025,17.90097458195866],[-62.8321942564068,17.90099119201187],[-62.83203387325805,17.901042248913004],[-62.8320026969847,17.90105076946144],[-62.8318041492799,17.90109630674694],[-62.83176450093166,17.90110328191282],[-62.831724301967824,17.901106171011993],[-62.83168401040137,17.901104941087286],[-62.831602522647444,17.901098272373375],[-62.83156871521787,17.901094026576388],[-62.83153544554665,17.901086878550796],[-62.83150298491234,17.901076886650486],[-62.8314715979628,17.90106413236286],[-62.83144154063886,17.901048719583883],[-62.831380490757354,17.901013930997667],[-62.83136963917898,17.901007035285108],[-62.83135858301001,17.901000446439365],[-62.83135420905126,17.900997230206453],[-62.831349613612254,17.90099430997978],[-62.83133952003453,17.900986428980758],[-62.83132919186338,17.900978834485542],[-62.831325168631125,17.90097522356463],[-62.83132089391796,17.900971885936823],[-62.83131165560526,17.900963095480247],[-62.83130215496457,17.9009545685452],[-62.83129852019043,17.900950596864263],[-62.831294608372986,17.90094687468247],[-62.831286316347914,17.90093726179986],[-62.83127773247324,17.900927882314367],[-62.83121863375517,17.900856524788693],[-62.831200920127955,17.90083329561057],[-62.83118519124556,17.900808791887282],[-62.83106606166527,17.900605495240352],[-62.83088595823059,17.900305232624206],[-62.83086976891734,17.90027504421703],[-62.830789284202154,17.90010586237374],[-62.83051284124162,17.900296281474752],[-62.83051284010786,17.90029628237763],[-62.8303618900857,17.900400259842165],[-62.83025501095456,17.900493767402104],[-62.830239839088634,17.900506349241184],[-62.83016178197093,17.90056768195972],[-62.830139585960666,17.900583846840817],[-62.83011620447733,17.900598399446363],[-62.83000347810925,17.900663019953747],[-62.82999810675808,17.90066604169167],[-62.82992006688466,17.900709119768674],[-62.82988507113858,17.900726180833736],[-62.82960223695134,17.90084677043507],[-62.82940564792163,17.90094193251827],[-62.82938396279627,17.90096218505909],[-62.82917367582204,17.90120081710461],[-62.82915701396566,17.901218507849546],[-62.82890740837162,17.901466582166176],[-62.82885520329357,17.901527693471753],[-62.828799354774226,17.901602141773694],[-62.8288068319736,17.90165413758501],[-62.82917253682157,17.901812840842442],[-62.829355226179665,17.901483972545165],[-62.82937421253589,17.901453501926056],[-62.829396226922526,17.901424959743466],[-62.82942105741042,17.901398620767907],[-62.829448464901034,17.9013747387763],[-62.829478185394976,17.90135354375202],[-62.82950993273191,17.90133523980842],[-62.829543401141386,17.901320003202617],[-62.8295782682656,17.90130798062083],[-62.82961419837041,17.901299287915798],[-62.82965084546204,17.901294008753734],[-62.82968785649751,17.901292194074863],[-62.82972487506714,17.901293861283122],[-62.829761544793286,17.901298994249206],[-62.82979751235097,17.90130754367469],[-62.829832431527336,17.90131942709561],[-62.829865965863824,17.901334530150123],[-62.82989779252603,17.90135270748578],[-62.82992760494607,17.9013737838464],[-62.82995511612466,17.901397556334604],[-62.82998006098982,17.901423796040792],[-62.830002199321434,17.901452250214934],[-62.83002131792022,17.901482644889636],[-62.8300372326824,17.901514687322372],[-62.83004979039083,17.901548068889355],[-62.830058870033795,17.90158246815986],[-62.83006438421847,17.901617553880136],[-62.830066279734446,17.901652988047076],[-62.83006453840027,17.90168842943402],[-62.83005917706036,17.901723536844685],[-62.83005024720475,17.901757972005218],[-62.83003783496548,17.90179140345085],[-62.83002205979257,17.90182350905559],[-62.829676535920804,17.902445506987284],[-62.82965739720529,17.902476196687484],[-62.8296351868373,17.902504927181212],[-62.829610121943965,17.90253141764437],[-62.8295824472941,17.90255540915065],[-62.82955243350208,17.902576667200922],[-62.82952037391007,17.90259498398016],[-62.829486581848,17.90261018061483],[-62.82945138761116,17.902622108435672],[-62.82941513515388,17.902630650963346],[-62.82937817887882,17.90263572462878],[-62.829340879859444,17.9026372798545],[-62.82930360272408,17.902635301413465],[-62.829266711784584,17.902629808787246],[-62.829230567638206,17.902620855439903],[-62.82919552357965,17.902608529086027],[-62.829073271505834,17.902558831880867],[-62.82907327084522,17.90255883160913],[-62.82907326990147,17.902558831246754],[-62.828900970857894,17.90248878816925],[-62.82889266027705,17.902485296357042],[-62.82852911983039,17.902327532337825],[-62.82851543204118,17.902333487720227],[-62.82848469520644,17.9023439031416],[-62.82845313457035,17.902351741441876],[-62.82829216612742,17.902384690209743],[-62.828284377322476,17.902386150230257],[-62.828265120633944,17.902415380932588],[-62.82824237326802,17.902443391492735],[-62.82821686772201,17.90246913243996],[-62.82818884951128,17.9024923560584],[-62.828158588675244,17.90251283851605],[-62.82812637656472,17.90253038275433],[-62.82809252338598,17.902544819661028],[-62.82805735517764,17.90255601023695],[-62.82802121059947,17.902563846677747],[-62.82798443772125,17.902568253636545],[-62.82794739081232,17.902569188582678],[-62.82791042647016,17.902566642430966],[-62.82787390088193,17.90256063990087],[-62.82783816576571,17.90255123860901],[-62.827803565160316,17.902538529156725],[-62.827770432310786,17.9025226340426],[-62.827739086459694,17.90250370621344],[-62.82770982926055,17.902481928066816],[-62.827682942702765,17.902457509279827],[-62.827658685525925,17.902430684907856],[-62.827637291522244,17.902401713484803],[-62.827618966518386,17.902370873947255],[-62.82760388715049,17.902338463283275],[-62.82759219860118,17.90230479363799],[-62.82758401346965,17.90227018923939],[-62.827579410453026,17.90223498332395],[-62.82757843397175,17.90219951506317],[-62.827581093512414,17.902164125857094],[-62.82758736325276,17.902129156712725],[-62.82759718300962,17.90209494435828],[-62.8276104581476,17.902061818169933],[-62.827622364573166,17.902035976229957],[-62.82763793542386,17.902006017785464],[-62.827664982454074,17.90195950870647],[-62.827689563686306,17.901922671920573],[-62.827718608709255,17.901888944416363],[-62.827775911768164,17.901830051960335],[-62.82780855891702,17.90180027979911],[-62.827836662971535,17.901777554251076],[-62.82786826047486,17.901754613141442],[-62.827902196523226,17.901734970777976],[-62.82793809695272,17.90171884375757],[-62.82797556592303,17.901706410062914],[-62.82801419007371,17.90169780662581],[-62.82804983844791,17.901691734732577],[-62.828038896070225,17.9016156397494],[-62.82803596603193,17.901586680969395],[-62.82803547764437,17.901557590482767],[-62.828037279761446,17.901486234265036],[-62.82804006682496,17.901450273554683],[-62.828046581496466,17.901414757405636],[-62.82805675904606,17.901380039263813],[-62.82807049830984,17.901346464498364],[-62.82808766244867,17.901314366877205],[-62.828108080838945,17.901284065947554],[-62.8282486591626,17.90109667046018],[-62.828263065473294,17.901078684317287],[-62.82833247680626,17.90099743158998],[-62.828352824198696,17.90097549326489],[-62.82860443334176,17.900725428468398],[-62.82881851269539,17.9004824936928],[-62.828843450964506,17.900456829169737],[-62.82891978468146,17.900385538436506],[-62.828948569035276,17.900361261555712],[-62.828979777455125,17.900339905666986],[-62.829013087702144,17.900321691120848],[-62.829269735096766,17.90019745705587],[-62.82928650041477,17.900189830891144],[-62.82955985250201,17.900073284127416],[-62.829618159626634,17.90004109863509],[-62.82970423726073,17.89999175457561],[-62.829752932062235,17.899953493136262],[-62.82986868802666,17.899852219597452],[-62.82990288671556,17.89982563213071],[-62.83007174707061,17.899709317724984],[-62.8300717481097,17.899709317093183],[-62.830071748298614,17.899709317002966],[-62.830381180379526,17.899496174584208],[-62.8303813630164,17.899488769697268],[-62.8303733463224,17.899468215034982],[-62.83036479789527,17.899439047202204],[-62.83035207259589,17.899387398017282],[-62.83034449601718,17.899346011700736],[-62.83034198573519,17.899304063342765],[-62.830342042570464,17.899244272385086],[-62.830345338892755,17.89919693433726],[-62.8303530440588,17.89914146936679],[-62.83035731334274,17.899039206961433],[-62.830357313438434,17.89903920560571],[-62.83035731344109,17.899039202803717],[-62.830359076804626,17.898996978962423],[-62.830336052148226,17.898278643794793],[-62.830336734354965,17.898243169111016],[-62.83034104508651,17.89820792934089],[-62.83034894276204,17.89817326385121],[-62.8303603514419,17.898139506284245],[-62.83037516111348,17.898106981936817],[-62.83039322920531,17.89807600405578],[-62.83041438172284,17.898046870856255],[-62.83043841504477,17.898019862902036],[-62.83046509753052,17.897995240395414],[-62.83049417226083,17.897973240377603],[-62.83052535939965,17.897954074832736],[-62.83055835836793,17.897937928158967],[-62.830592851621006,17.897924955996757],[-62.830628506727344,17.897915283242227],[-62.83066498042906,17.897909002966045],[-62.83070192138025,17.897906175783184],[-62.83073897401847,17.897906828861984],[-62.83077578130258,17.89791095592658],[-62.8308119887721,17.89791851717001],[-62.830847247945265,17.8979294398899],[-62.830881219056515,17.897943618761968],[-62.83091357492563,17.897960917289534],[-62.83094400407222,17.89798116889087],[-62.83097221345176,17.898004178618834],[-62.830997931286355,17.89802972469991],[-62.83102090998891,17.89805756115789],[-62.83104092814347,17.898087420075246],[-62.831057793146805,17.898119013674258],[-62.8310713424322,17.898152037933514],[-62.831081445544704,17.898186174578193],[-62.83108800527036,17.89822109496766],[-62.83109095829467,17.898256462717203],[-62.831114395249195,17.898987566699397],[-62.83111427158255,17.899013100291338],[-62.8311119754692,17.899068088856016],[-62.83111197537343,17.899068090302126],[-62.83110701043695,17.89918702699107],[-62.83110401542583,17.89922025445572],[-62.83110004418622,17.899248841688788],[-62.831111411604425,17.899269589041218],[-62.83116737421508,17.89936655568028],[-62.83116847887244,17.899368167605825],[-62.83117366494721,17.899376611447423],[-62.831199115521265,17.89941775797621],[-62.831199914261354,17.899419207120516],[-62.831200844864874,17.899420582894493],[-62.83120440960719,17.89942719463116],[-62.83120444514457,17.899427252328874],[-62.831248763797355,17.89949167784079],[-62.83133045739963,17.899564846951012],[-62.83135615970349,17.899590234520872],[-62.83137914901464,17.899617904179205],[-62.8313992055165,17.899647591354604],[-62.831416137544004,17.899679012157176],[-62.83142338119121,17.899694238606994],[-62.83142338128553,17.89969423869746],[-62.831423381662404,17.89969423951127],[-62.83154974830918,17.899959864964586],[-62.83172195895102,17.900246967135004],[-62.83172382612492,17.900250116566614],[-62.83178636047916,17.90035683196968],[-62.83181096449087,17.900351188942057],[-62.8319338587549,17.900312066377264],[-62.83207705588585,17.900246827469218],[-62.83209823730044,17.90023834456659],[-62.832111419352415,17.900230475813352],[-62.832144637333506,17.90021474529761],[-62.83217930582355,17.900202207682018],[-62.832215090881185,17.900192983796646],[-62.83225164802166,17.900187162465695],[-62.83228862504974,17.900184799696504],[-62.8323203120683,17.90018575661806],[-62.83232587726709,17.90018516214482],[-62.83236139834549,17.900184583793738],[-62.83239681908471,17.900187203784515],[-62.83258640553042,17.900209856712678],[-62.83258642346613,17.900209858806996],[-62.832586424504456,17.900209858988667],[-62.83259719901876,17.900211145872962],[-62.83262040011073,17.90021462140498],[-62.83278964706663,17.900245164247647],[-62.83279947296303,17.900244236457063],[-62.83283653228355,17.900244231942025],[-62.832873413596786,17.900247705178536],[-62.83290976177035,17.900254622689914],[-62.8329452267064,17.900264917922417],[-62.83297946692874,17.900278491519437],[-62.83301215260222,17.900295213041435],[-62.83304296893117,17.900314921240003],[-62.83307161917816,17.90033742641044],[-62.833097827495,17.900362511749943],[-62.83312134137505,17.900389935800124],[-62.83313211843975,17.90040537337626],[-62.83323388737526,17.900468163212906],[-62.83344957295045,17.900597708183007],[-62.83345545815416,17.900601316043375],[-62.833633078321796,17.900712435303657],[-62.83368991677213,17.900746207526506],[-62.833755091997034,17.90077302913051],[-62.83391184143151,17.90083461477547],[-62.83393173379046,17.90084234157463],[-62.83394585163125,17.90084731495876],[-62.83394788452851,17.900848141654777],[-62.83394998433234,17.90084879712445],[-62.8341608685227,17.900925777077713],[-62.834223607013264,17.900947294890194],[-62.83426661301634,17.900964995564884],[-62.834409946734084,17.901034363009696],[-62.83443944627869,17.901050267557597],[-62.83444158239815,17.901051674349684],[-62.83433469103619,17.900855924475152],[-62.83397849305253,17.900321268422655],[-62.83383866644689,17.900135763208958],[-62.83381219399396,17.900105915883486],[-62.83378646901974,17.900112016560495],[-62.83377350093896,17.90011486081557],[-62.83373694845953,17.900122231399042],[-62.83368929979488,17.90012883659143],[-62.83363728914153,17.900132828843226],[-62.83362916996098,17.90013336784339],[-62.83355818410979,17.900137344763294],[-62.83352361020561,17.900137763615326],[-62.83348003809326,17.90013638049324],[-62.83345163155431,17.900134450205982],[-62.83342345775316,17.90013047583062],[-62.83340448569991,17.900127095394005],[-62.83335990670372,17.900116429902653],[-62.83331701078397,17.900100659789175],[-62.833293827787436,17.900090547327594],[-62.833260944465486,17.90007429596698],[-62.83322988037911,17.900055041152378],[-62.83320248928087,17.900036177420418],[-62.83317882096421,17.900018468495173],[-62.833160562020396,17.900003650169225],[-62.833129760560304,17.89997565532023],[-62.83310243712783,17.899944526204735],[-62.83309239858135,17.899931687705422],[-62.83308643074952,17.89993176737263],[-62.833061834807786,17.899930400423653],[-62.83301648527396,17.899925231621932],[-62.83298135114052,17.899919145557597],[-62.83294283536951,17.899910456603113],[-62.8329054806198,17.899897956565088],[-62.832855600214856,17.899878401004035],[-62.83283637350891,17.89987025780188],[-62.83280827346459,17.899857449335915],[-62.832771302593926,17.899838105135597],[-62.83273681249962,17.899814938513643],[-62.8326939728311,17.89978260462015],[-62.832687014639404,17.89977706523853],[-62.83265188723318,17.89978680462151],[-62.83261025599951,17.89979364538981],[-62.83259198134745,17.899795648924368],[-62.83255244548846,17.899797981441],[-62.83251287201037,17.899796336255935],[-62.832498115342375,17.899794977699266],[-62.832457448925226,17.899789079486446],[-62.832417693814264,17.899778981945765],[-62.832393805041384,17.899771559591322],[-62.83235694838643,17.89975803154409],[-62.83232176804694,17.89974089415308],[-62.832288648280056,17.899720334580135],[-62.83215380016637,17.899626691325903],[-62.832149256469776,17.899623486172203],[-62.831974379879895,17.899498184578878],[-62.83195734362448,17.899485228264172],[-62.83192644363162,17.899460305394978],[-62.83189923964818,17.899436075274313],[-62.83187465440526,17.89940940289418],[-62.831826918835624,17.899352169287532],[-62.831803070603165,17.899320148069744],[-62.83178299624274,17.899285836358036],[-62.83176195074988,17.89924477433549],[-62.831748705219226,17.899215788338434],[-62.831738157215355,17.899185804539147],[-62.8317303875227,17.899155052681273],[-62.831721293518896,17.899110635873182],[-62.83171684062736,17.899083438186903],[-62.831714562093886,17.89905599490002],[-62.831710000667464,17.898950163577556],[-62.83170489825286,17.8988840186475],[-62.83170387271923,17.89885706299625],[-62.831703896281674,17.89883207398855],[-62.831669429659726,17.898724610274652],[-62.83166382001326,17.89870521117261],[-62.83164141298444,17.898618393144396],[-62.83163595671716,17.898593531724753],[-62.83162826564752,17.89855113536924],[-62.831623455671675,17.89851219329456],[-62.83162307896665,17.898472981541993],[-62.83162714000352,17.89843396145077],[-62.83163279593205,17.898398978428524],[-62.83163997410884,17.898365275879275],[-62.831650464952254,17.898332378920802],[-62.83166455590507,17.898294710560098],[-62.83167692407362,17.898265679448865],[-62.83169241566881,17.898233395747745],[-62.83171341908799,17.898195678040693],[-62.83173892495793,17.898160597015035],[-62.831803655126535,17.89808192854881],[-62.83181146250343,17.89807275305505],[-62.831878299136505,17.897996778107892],[-62.83190326849976,17.897971043338142],[-62.83196868539366,17.897909869816743],[-62.8319761267397,17.897903097933682],[-62.83215829994603,17.897741769570555],[-62.832181036106086,17.89772317865703],[-62.832337868287865,17.89760489137401],[-62.83235318343511,17.89759393021801],[-62.832498752233384,17.89749514585816],[-62.83251517360548,17.897484609375102],[-62.83268815714125,17.89737979251656],[-62.83270339607488,17.89737103273365],[-62.83277370965592,17.897332740100257],[-62.832814715661854,17.89731345236873],[-62.832857854466674,17.897299047087973],[-62.83293728896428,17.897277584154878],[-62.83297547963117,17.897269285218538],[-62.83300781344501,17.897263929496727],[-62.83304094047431,17.897259877288377],[-62.83307431193062,17.897258643009472],[-62.83310766677052,17.897260236378735],[-62.83314074406569,17.897264644970356],[-62.83317517435,17.89727073040079],[-62.833207742738,17.89727792689487],[-62.83323951895722,17.89728785239373],[-62.83327025394088,17.897300429222838],[-62.83329970704372,17.897315558835558],[-62.833322183834795,17.89732836241822],[-62.83335312595659,17.897348022411148],[-62.833381901549195,17.897370497005593],[-62.83340823240887,17.897395568945228],[-62.83351846193949,17.897511394778892],[-62.83352161399896,17.89751474875387],[-62.833592606678444,17.897591241526506],[-62.833770005636914,17.897681629314654],[-62.83379389403437,17.89769489601613],[-62.83388660956567,17.897750821663898],[-62.833897935813255,17.897757928334812],[-62.83391991469353,17.897772264930392],[-62.83397236599653,17.897743925235545],[-62.83403907664986,17.897703634141543],[-62.83407135244571,17.897686199051172],[-62.834105257835525,17.897671876646324],[-62.834140466137086,17.897660805030487],[-62.834176638424836,17.89765309084223],[-62.834213426268434,17.897648808263323],[-62.83425047541503,17.897647998569937],[-62.834287429093926,17.89765066959317],[-62.83432393132084,17.897656795541078],[-62.83435963067363,17.89766631754419],[-62.83439418331317,17.897679143748476],[-62.83442725638054,17.897695150764367],[-62.83445853148947,17.89771418430244],[-62.83448770746213,17.897736061254584],[-62.83451450316041,17.89776057069061],[-62.83453866069309,17.897787476753347],[-62.834559947396805,17.897816520287208],[-62.834578158099404,17.89784742155173],[-62.834593117666344,17.897879883025603],[-62.83460468184807,17.89791359193827],[-62.834612739259406,17.897948223796632],[-62.83461721241567,17.897983445007117],[-62.83461805820152,17.898018916401167],[-62.834615268434604,17.898054296399245],[-62.83460887005155,17.89808924417455],[-62.8345989245382,17.898123423267993],[-62.83458552783274,17.898156504480554],[-62.83456880881215,17.89818816912593],[-62.83454892862839,17.898218112374334],[-62.83452607853458,17.89824604587191],[-62.83450047884418,17.898271700451524],[-62.83447237590697,17.89829482920335],[-62.834442040408035,17.898315209371656],[-62.834367503354486,17.898360227421744],[-62.834351618369205,17.898369308381458],[-62.83424966249861,17.8984243956752],[-62.83423691113932,17.898430979729756],[-62.83412652332059,17.898485387300525],[-62.83409372264032,17.89849970133812],[-62.834059645950255,17.89851095585676],[-62.834006922425765,17.898525713603245],[-62.83397179997028,17.898533820752004],[-62.833936029121595,17.898538677294965],[-62.833899937234946,17.898540238950247],[-62.83386385465903,17.898538491176048],[-62.83382811161945,17.898533450252707],[-62.83379578919483,17.89852736673571],[-62.83375749122375,17.898518143670458],[-62.83372040869064,17.898505141921166],[-62.833684947135744,17.89848850356177],[-62.83365965933621,17.898475025140467],[-62.83363286762871,17.898459312961727],[-62.833562631583824,17.89841417150574],[-62.8335604842529,17.89841278114476],[-62.83347828496189,17.898359163331282],[-62.8334029896587,17.898313745426282],[-62.83321147689391,17.8982161663184],[-62.83318412492928,17.898200785047447],[-62.83314268405903,17.898175180858498],[-62.833114871138704,17.898156239018476],[-62.83308895808872,17.898134970252297],[-62.833065156786596,17.898111548195054],[-62.83300311174883,17.898044696177067],[-62.83292742840397,17.89809055537055],[-62.83279772851535,17.89817857103928],[-62.83266016147247,17.898282328171963],[-62.83249274031331,17.898430592852325],[-62.83244413435744,17.898476046077782],[-62.83239697119834,17.89852965778079],[-62.83243696821911,17.89865436293565],[-62.83244517576334,17.898684531696176],[-62.83245063824597,17.898715265363247],[-62.83245622138924,17.898757659873354],[-62.83245918760128,17.898803212784895],[-62.83245914911037,17.898844218180262],[-62.83246366520858,17.89890275941295],[-62.832464369818226,17.898914482040862],[-62.83246577599356,17.898947104649842],[-62.832586660215654,17.899033719755668],[-62.83260268438966,17.89903019912852],[-62.83263782874709,17.89902417431218],[-62.83267012505157,17.899020005399187],[-62.83270267638665,17.899018517850156],[-62.832735240586544,17.89901972275533],[-62.83276124244988,17.8990217634317],[-62.83279022420481,17.899025121975495],[-62.83281884832716,17.899030613883955],[-62.83285398039002,17.899038718317247],[-62.83288578678215,17.899047483963475],[-62.83291666947806,17.899058882418572],[-62.83294639093568,17.89907282598455],[-62.833009610672846,17.899105849782526],[-62.83303375233076,17.899119600002525],[-62.83307730027793,17.89914655188276],[-62.833104894632484,17.89916536202689],[-62.83313061737866,17.899186463953065],[-62.833151433534745,17.899205154484385],[-62.833158030509374,17.899204739023972],[-62.833183153834256,17.899203959629837],[-62.83322110496811,17.89920399213961],[-62.83326168869971,17.89920612098287],[-62.83330179839059,17.89921241345155],[-62.83332428295965,17.899217142767245],[-62.83336132469415,17.899226848142295],[-62.83339714525103,17.89924010521775],[-62.833431374302116,17.89925677683154],[-62.83348405634165,17.899285754776848],[-62.83351880466143,17.899307379214687],[-62.83354479151602,17.899325568319227],[-62.833575050527955,17.899349137020714],[-62.83360260868911,17.899375568497252],[-62.833627171897355,17.899404580671945],[-62.83362734228439,17.899404804706183],[-62.83368276174631,17.899391662053976],[-62.83369552759368,17.89936982749912],[-62.833718369189235,17.8993348943452],[-62.83373582291274,17.89931048215665],[-62.83375530288934,17.899287517888805],[-62.83377667859773,17.89926615526834],[-62.83389825412095,17.899154205228136],[-62.83407462879702,17.898987718986312],[-62.83408591091014,17.89897749868652],[-62.834311879698156,17.898781072193827],[-62.8343334816851,17.898763659706333],[-62.83435638228082,17.89874784139248],[-62.834370070099034,17.898739112610066],[-62.83439870845326,17.898722554563275],[-62.83442876504758,17.89870848815199],[-62.83446000404377,17.89869702389921],[-62.8344921802766,17.898688251621472],[-62.83452504114219,17.89868224024974],[-62.83461718632946,17.89866940421519],[-62.8346355668422,17.89866671201079],[-62.834654611104824,17.89865630890824],[-62.83469242517632,17.89863825845548],[-62.83476660175694,17.898607683824554],[-62.83486071424899,17.898524855974742],[-62.83488383835514,17.898466857231604],[-62.83489873726339,17.89843437030237],[-62.83491689038183,17.898403437895354],[-62.8349381228736,17.898374358048287],[-62.83496223018061,17.89834741069622],[-62.83498898029147,17.898322855323464],[-62.83501811544305,17.89830092861495],[-62.83504935504983,17.8982818414761],[-62.83508239834838,17.89826577795034],[-62.83511692704307,17.898252892600258],[-62.835152608705584,17.89824330951624],[-62.835189099513876,17.898237121143758],[-62.835226048312805,17.89823438684069],[-62.835263098974075,17.898235133150468],[-62.835299894928546,17.89823935281165],[-62.835336081620476,17.89824700512156],[-62.83537131075519,17.898258016482202],[-62.8354052428477,17.898272280763916],[-62.83543755128088,17.8982896606646],[-62.83546792475902,17.89830998879639],[-62.835496070893726,17.89833306931562],[-62.83552171865653,17.898358680094137],[-62.835544620831946,17.898386574348276],[-62.83556455713036,17.89841648344345],[-62.83558133531862,17.8984481194259],[-62.83559479395552,17.898481177555823],[-62.83560480342747,17.89851533956205],[-62.83561126717332,17.898550276264384],[-62.835614123191476,17.89858565146143],[-62.835613343754694,17.89862112419002],[-62.83560893644463,17.89865635306465],[-62.8356009437722,17.89869099862725],[-62.83558944260743,17.898724727414116],[-62.835534587520215,17.89886231342675],[-62.83552063001065,17.898892981436866],[-62.83550377146195,17.898922283145172],[-62.83548415636,17.89894996757781],[-62.83546195259142,17.898975797700242],[-62.835437350214384,17.89899955240478],[-62.83526060679332,17.89915510365131],[-62.835236484212174,17.89917633368353],[-62.83520239984564,17.8992029954059],[-62.835165306669936,17.89922567908242],[-62.835142495791494,17.899237898174416],[-62.83510743775324,17.899254457853104],[-62.835010517742,17.89929440708326],[-62.83494903406514,17.89932799296016],[-62.83491822271013,17.899343076026092],[-62.834886098704395,17.89935539538492],[-62.834852931586155,17.89936484768108],[-62.834818999934974,17.89937135342902],[-62.83474369729007,17.899382383094558],[-62.83459935482322,17.899507855023852],[-62.83442684593913,17.899670692660465],[-62.834423494749316,17.89967381711132],[-62.834421450758846,17.89967569930986],[-62.83442402324826,17.89967859975728],[-62.83444239112243,17.899701046361475],[-62.834597276089724,17.89990652826794],[-62.83460943607734,17.899923675705182],[-62.83498020226901,17.900480195849944],[-62.83499647934438,17.900507115871026],[-62.83520366812784,17.900886537183535],[-62.83521039679637,17.90089948349697],[-62.83541982064447,17.901323476297435],[-62.835432293963024,17.901351782675274],[-62.83544221219883,17.901381000705367],[-62.835449503699714,17.901410919454644],[-62.83546312940077,17.901479968567877],[-62.835466715551725,17.901501770594987],[-62.83546934630062,17.90152170676907],[-62.835469346673676,17.901521711740667],[-62.835469347613184,17.901521716712747],[-62.835478392279875,17.901590273230315],[-62.835490877281586,17.901628671684666],[-62.835583888010106,17.901908746874607],[-62.835628510945,17.90203459648551],[-62.835634809460046,17.902054617282108],[-62.835683684584055,17.902091374281994],[-62.8357177615057,17.902115474545152],[-62.83572337523652,17.902118209963838],[-62.83572607842456,17.90211867150111],[-62.835743548189015,17.902121657171378],[-62.835782990270076,17.902124185125547],[-62.83578300490275,17.902124186041757],[-62.83578300537471,17.902124186132546],[-62.8358261158176,17.902126947568636],[-62.835863517209575,17.902126422320382],[-62.83591209265634,17.902121075839943],[-62.83591309351147,17.902110687239617],[-62.83591450971559,17.902103642856577],[-62.83591549301647,17.90209653312041],[-62.835929229726446,17.902024557774673],[-62.83593120018862,17.902014968108514],[-62.835947870797746,17.901939255922738],[-62.835951105714926,17.901925835816535],[-62.83597560408196,17.90183236646459],[-62.83597816835802,17.901823104498984],[-62.83600238660654,17.901740088344805],[-62.83600772518258,17.901718105749858],[-62.83600772802567,17.901718094001943],[-62.836007728120244,17.90171809382125],[-62.836009208305306,17.901711997741188],[-62.83600921010481,17.901711991505994],[-62.836009211337874,17.90171198527034],[-62.8360220732692,17.901659023893064],[-62.836022325630154,17.901657991795577],[-62.83602543339507,17.901645362918845],[-62.83602237373657,17.90163851641833],[-62.83601120558916,17.90160468527741],[-62.83600355472977,17.901569968955762],[-62.83599949505498,17.901534701857564],[-62.8359990654305,17.901499223599757],[-62.83600227016624,17.90146387584889],[-62.836009078358565,17.9014289990666],[-62.836012737789595,17.901416948408205],[-62.83600287811141,17.901392531723587],[-62.83599296708858,17.901358343436083],[-62.835986603921576,17.901323389666384],[-62.83598384994818,17.901288007158104],[-62.835984731665405,17.90125253660234],[-62.83598924054356,17.90121731956438],[-62.83599733331257,17.901182695229963],[-62.83600893177648,17.901148996970473],[-62.83602392442105,17.901116549451892],[-62.83604216679476,17.90108566520049],[-62.83606004969014,17.901061316619995],[-62.836058223127864,17.90104551931839],[-62.8360486947919,17.900901227405573],[-62.836048572182314,17.900892873011163],[-62.836047996394086,17.900884534775965],[-62.836048311944964,17.90087514437298],[-62.836048174052145,17.90086575033421],[-62.83604890742399,17.900857424318996],[-62.836049188033336,17.900849072523762],[-62.836060908056695,17.90071127201829],[-62.83606290124373,17.90069336350886],[-62.83606569075878,17.900673103799637],[-62.83606569151779,17.90067309973286],[-62.83606569189933,17.90067309548499],[-62.83608429749791,17.90053799069048],[-62.83608814935364,17.900515510975463],[-62.83608979470826,17.90050749774352],[-62.83608979868754,17.900507482381077],[-62.83608980106204,17.90050746683651],[-62.83609111449792,17.900501073060532],[-62.83609111629807,17.900501066102237],[-62.83609111743778,17.900501058691468],[-62.83609213708002,17.90049609639855],[-62.83609214352888,17.900496064768518],[-62.83609214371853,17.900496063864804],[-62.83609440358895,17.90048506024362],[-62.836094404725756,17.900485055996388],[-62.83609440539085,17.900485051387207],[-62.83610788019931,17.90041944808007],[-62.836108536399834,17.900416916711183],[-62.83610896908047,17.900414341406837],[-62.836112998867044,17.90039970128791],[-62.836116806553946,17.900385012082545],[-62.83611771853399,17.90038255504627],[-62.836118412962094,17.90038003211551],[-62.836162671909555,17.900246260415052],[-62.836172552508145,17.900219971618814],[-62.836215146055885,17.900119064128333],[-62.83622818659319,17.900091541130838],[-62.83628058675091,17.899992206471907],[-62.83632529272638,17.89990750197218],[-62.836369616899624,17.899811336065174],[-62.83636961812942,17.899811333354595],[-62.836369618318486,17.89981133308359],[-62.836377280937015,17.89979470785789],[-62.83637728680211,17.89979469502786],[-62.83637728718041,17.89979469430508],[-62.83638013113658,17.899788523260938],[-62.83638013454125,17.899788516755933],[-62.83638013794774,17.899788508262418],[-62.83644993323001,17.899637079143933],[-62.836456970038775,17.89962267799461],[-62.83656691265736,17.899409986942825],[-62.836566913035824,17.89940998603927],[-62.83656691748079,17.89940997754662],[-62.836571972846286,17.899400196851214],[-62.836571973791855,17.89940019522504],[-62.83657197445403,17.899400193779403],[-62.83657910925841,17.899386390436874],[-62.8365791122842,17.89938638528735],[-62.83657911455463,17.89938638022758],[-62.836583007296824,17.899378849735513],[-62.836583007958765,17.899378848561035],[-62.83658300871552,17.899378846934706],[-62.836587844378236,17.89936949268124],[-62.83658785478169,17.899369472443276],[-62.83658785525455,17.899369471539803],[-62.8365919398913,17.899361568814005],[-62.83661888562231,17.89930722877718],[-62.83663797320057,17.899273484602485],[-62.836654031520034,17.8992483767157],[-62.836654073024704,17.899248311762246],[-62.83665407321377,17.89924831149124],[-62.836655779631506,17.899245642166658],[-62.836655800144484,17.899245613350406],[-62.8366558182054,17.899245581730092],[-62.83666098973767,17.899237495524932],[-62.83666202427083,17.899236043150015],[-62.83674218737431,17.899039308246156],[-62.836763912519274,17.8988534618781],[-62.83676027239204,17.898628778159416],[-62.83676024710397,17.898626905589907],[-62.83675918793555,17.898528743833563],[-62.836759187935634,17.89852874374317],[-62.836759187935876,17.89852874347201],[-62.83675638535134,17.898269019741374],[-62.83674920792508,17.89803540904036],[-62.83671702021355,17.897883389094154],[-62.83669184668689,17.897827606226258],[-62.83636486940603,17.897366827891222],[-62.836362382950874,17.89736327901397],[-62.836028002190886,17.89687986991257],[-62.83602359069567,17.896873340795022],[-62.835943173525614,17.89675146747028],[-62.8359247314745,17.896720175752428],[-62.83590962459559,17.89668728599794],[-62.83589800184604,17.896653123093778],[-62.83588997818478,17.89661802437151],[-62.83588563268722,17.896582336532582],[-62.83588500845437,17.896546411942253],[-62.835888111483094,17.896510605374807],[-62.83589491114137,17.896475270579188],[-62.83590534036089,17.896440756302123],[-62.83591929611159,17.89640740366736],[-62.83593664063306,17.896375541838136],[-62.83595720247527,17.896345485577648],[-62.83599115436931,17.896300862967298],[-62.83601048073516,17.896277543834813],[-62.83603174530479,17.89625582600241],[-62.836054803878355,17.896235856588603],[-62.83609813680761,17.896201325436394],[-62.836078979901984,17.896169147788704],[-62.836062230170455,17.89613749803739],[-62.836048801367895,17.896104428749624],[-62.83603882272587,17.896070258649257],[-62.83603239032965,17.896035316555448],[-62.836029566082,17.89599993903167],[-62.83603037732882,17.8959644669507],[-62.83603481610744,17.8959292416977],[-62.83604283971555,17.895894602639885],[-62.836054370903454,17.895860883420806],[-62.83606929863252,17.895828408616705],[-62.83608747902174,17.895797491116095],[-62.83610873714485,17.895768428505857],[-62.836132868165166,17.89574150090293],[-62.83615963969916,17.895716967431238],[-62.83618879398926,17.895695064506253],[-62.83622005017226,17.895676003034886],[-62.83625310730207,17.895659966429644],[-62.83628764708863,17.8956471093455],[-62.83632333663764,17.895637555512963],[-62.83635983251069,17.89563139692803],[-62.83639678318058,17.895628692860054],[-62.83643383261914,17.895629469493176],[-62.83647062426272,17.8956337192066],[-62.83650680365497,17.895641401119125],[-62.83654202231734,17.895652441273153],[-62.83657594124126,17.8956667333607],[-62.83660823362503,17.895684139629516],[-62.83663858864847,17.895704492603624],[-62.83666671373754,17.895727596169753],[-62.83669233824421,17.895753227840107],[-62.836715215238144,17.895781140832696],[-62.836735124431364,17.89581106624305],[-62.83680283261614,17.895924793767797],[-62.83681957511058,17.895956427723497],[-62.836833000001555,17.89598947996353],[-62.83684297824126,17.896023632398734],[-62.836876749765985,17.89616575819279],[-62.83688286372565,17.896198306543326],[-62.836885845759404,17.896231253679296],[-62.836885671005284,17.896264323899473],[-62.83688135794711,17.896345524023467],[-62.8368773701669,17.896382657111328],[-62.83686940471871,17.896419198537618],[-62.836857546261335,17.896454758894915],[-62.83684192136101,17.896488959114834],[-62.83682269659972,17.896521434533867],[-62.836792993166455,17.896566069888664],[-62.83677040839736,17.89659643203875],[-62.83675180052345,17.896616663142094],[-62.836990839425724,17.896962235942773],[-62.83733667079043,17.897449581012594],[-62.83735529584364,17.897478695687024],[-62.83737096935333,17.89750936273277],[-62.837425954510486,17.897631205198586],[-62.83743962059171,17.897666405100168],[-62.83744939933238,17.897702772448877],[-62.8374958275463,17.897922044989958],[-62.8375008739491,17.897952494542167],[-62.837503192455195,17.897983245066353],[-62.83751142632542,17.89825120433989],[-62.837511569495646,17.89825809981597],[-62.83751441044626,17.89852127220326],[-62.83751441044609,17.89852127238403],[-62.83751441044602,17.898521272474422],[-62.83751545993053,17.89861849826382],[-62.83751945819584,17.89886522586586],[-62.837517160697146,17.898911046291623],[-62.83750269792918,17.89903477218181],[-62.83776332492773,17.898990872588005],[-62.83796437503536,17.898957015783633],[-62.83799250436517,17.898953316418467],[-62.838142843360146,17.898939033749432],[-62.838180460551165,17.898937266945175],[-62.8383408031613,17.898937400130915],[-62.838377327246306,17.89893912565953],[-62.838413505764855,17.89894422522363],[-62.8384489994593,17.89895265117914],[-62.83848347551998,17.898964324523252],[-62.8385166106055,17.89897913562005],[-62.83854809405117,17.89899694573965],[-62.83857763070048,17.899017587783703],[-62.83860494335797,17.899040868185423],[-62.83862977609193,17.899066568720077],[-62.83867744648065,17.899120967892106],[-62.83867744704644,17.899120968615666],[-62.83867744836694,17.899120969972564],[-62.838722381879116,17.899172246705277],[-62.83873118810105,17.899182683398266],[-62.83886017668865,17.899341494195834],[-62.839029072853975,17.899536451321826],[-62.839042618147026,17.89955304763735],[-62.839327643087834,17.899924059715502],[-62.83933673209982,17.89993642429852],[-62.8396207734864,17.90034052491971],[-62.83970683400752,17.90045998196685],[-62.84004495859101,17.900435985697438],[-62.840087603168094,17.90043527150835],[-62.840130059802625,17.90043916571938],[-62.8401607802028,17.900443671426565],[-62.84019567968776,17.900450415649576],[-62.84022976059786,17.90046027646274],[-62.84026272014928,17.90047316630419],[-62.84029426530624,17.900488970594534],[-62.84047094824849,17.900587916061266],[-62.84069158290427,17.900711450430837],[-62.840904940548945,17.900809439025082],[-62.841096575198335,17.900891379065726],[-62.84118247441856,17.900921916362826],[-62.84120329258882,17.900928808000298],[-62.8414281465189,17.90100171901966],[-62.84162367461892,17.90105861971478],[-62.84167643701869,17.90107160207333],[-62.841793687416754,17.90109177198203],[-62.841826143980214,17.901096373473205],[-62.84182614634005,17.901096373927064],[-62.84182614737846,17.901096374018294],[-62.842035794508085,17.901126098434737],[-62.84233865021077,17.90116854354379],[-62.84250935341481,17.90119203147408],[-62.84251827778492,17.90119369087746],[-62.84252727796711,17.90119492091293],[-62.842536457092855,17.901197071142352],[-62.84254573326927,17.901198795998052],[-62.842554444770514,17.90120128489024],[-62.84256327569286,17.90120335357888],[-62.8425721904779,17.901206354857987],[-62.8425812452601,17.901208941825328],[-62.84258965960668,17.901212236095336],[-62.842598236696325,17.90121512366451],[-62.842606801726,17.90121894727171],[-62.842615547619054,17.901222371333258],[-62.84262358459115,17.901226439552115],[-62.84263182432102,17.90123011791447],[-62.842639955698935,17.90123472627151],[-62.84264830993476,17.901238955092378],[-62.84265589215151,17.901243758150542],[-62.84266371515496,17.901248191810396],[-62.84267133607061,17.901253541379255],[-62.842679216644314,17.90125853349613],[-62.84268626994164,17.901264024423018],[-62.84269360205026,17.901269171290686],[-62.8427006385326,17.901275210220074],[-62.842707970147856,17.901280917847988],[-62.84271442763548,17.901287044617245],[-62.842721197142666,17.90129285437984],[-62.84272758107972,17.901299524224957],[-62.842734293449816,17.90130589271361],[-62.842740093246974,17.901312596614318],[-62.84274623468217,17.901319013088848],[-62.84275190485882,17.9013262496257],[-62.84275793308422,17.901333217550125],[-62.84276301813109,17.901340432825066],[-62.84276847367475,17.901347395315366],[-62.84277337605503,17.90135512962565],[-62.84277866147272,17.90136262914844],[-62.842782983303664,17.901370286612618],[-62.842787699768095,17.901377727737636],[-62.842791786835214,17.901385885123524],[-62.84279627890487,17.901393844346398],[-62.842799795855576,17.901401870300962],[-62.84280372789275,17.901409718347356],[-62.842806960063974,17.901418219869207],[-62.842810615707485,17.901426562380546],[-62.842813294141045,17.901434880059917],[-62.842816403676125,17.901443059072033],[-62.8428187499624,17.901451822904733],[-62.84282153384663,17.90146046832211],[-62.84282334768231,17.901468996989763],[-62.84282560504485,17.901477428668603],[-62.84282704276709,17.901486370734037],[-62.842828928152876,17.901495235518375],[-62.842829860185226,17.901503893450638],[-62.842831243354766,17.90151249624944],[-62.84283175871068,17.90152152976499],[-62.84283272745098,17.90153052929946],[-62.8428327685948,17.901539233604144],[-62.84283326433257,17.901547924085037],[-62.842832852394814,17.901556961732894],[-62.84283289512433,17.901566009509576],[-62.84283204488689,17.901574675855205],[-62.84283164854495,17.90158337103915],[-62.8427876396377,17.902036576762026],[-62.84278240256057,17.90207170127146],[-62.842773594634835,17.90210616533127],[-62.842761300742346,17.902139636837177],[-62.8427456391777,17.90217179347354],[-62.84272676089043,17.90220232560514],[-62.8427048476888,17.90223093916816],[-62.8426801105379,17.902257358561247],[-62.84265278757468,17.90228132935553],[-62.842623142123124,17.90230262082397],[-62.84259145967154,17.90232102774662],[-62.842558045226795,17.902336372939434],[-62.842523220575266,17.90234850860789],[-62.84248732126018,17.90235731788113],[-62.8424506928987,17.902362715893705],[-62.842413688254254,17.90236465068705],[-62.84237666364854,17.902363103658583],[-62.842339975845746,17.902358089649514],[-62.842303977898425,17.90234965694154],[-62.842269016693194,17.902337886802854],[-62.842235428891826,17.902322892490616],[-62.84220353791072,17.902304818525366],[-62.84217365090125,17.90228383897117],[-62.84214605573005,17.902260155806182],[-62.84212101814832,17.90223399702218],[-62.84209877915004,17.902205614724224],[-62.842079553086386,17.902175282236716],[-62.842063525024464,17.902143291570365],[-62.84205084933355,17.902109950799773],[-62.84204164808278,17.90207558116973],[-62.84203600991137,17.90204051356912],[-62.84203398908717,17.90200508572823],[-62.842035605037694,17.901969638783534],[-62.8420464085328,17.90185838861849],[-62.84192608579274,17.901841525344107],[-62.841925462483644,17.90184143743377],[-62.84171550764695,17.901811669349378],[-62.84171550632529,17.901811669257924],[-62.84167730260457,17.90180625293531],[-62.841665837394366,17.901804454490645],[-62.841529151231555,17.901780941176245],[-62.841501935999815,17.901775260252],[-62.84142771416599,17.901756997674337],[-62.84141188837557,17.901752750061284],[-62.84120280824025,17.901691905540858],[-62.84119149210121,17.90168842526809],[-62.840959878882366,17.90161332253387],[-62.84095876362021,17.901612901413547],[-62.84095761343187,17.901612580232733],[-62.84093161882857,17.901603974940333],[-62.84092357155659,17.901601212916837],[-62.84082224561844,17.901565191314944],[-62.84081105227267,17.901560601890928],[-62.84079970414917,17.9015563760571],[-62.84059224863981,17.901467671313906],[-62.840582911560375,17.901463531987442],[-62.84035096353,17.901357005206638],[-62.840323656329545,17.90134311970261],[-62.84008965072279,17.901212098750857],[-62.8400037455929,17.901163990452783],[-62.8398254837355,17.901176641418875],[-62.83979342154117,17.90124231113256],[-62.83979337128949,17.901298288228777],[-62.83979734821081,17.901319613619904],[-62.83981792574714,17.901365711302837],[-62.83982085713781,17.901372466619648],[-62.83986978923991,17.90148852765665],[-62.83987118861198,17.90149238164491],[-62.83987288849488,17.90149612434272],[-62.839877270828325,17.90150913283208],[-62.83988195781726,17.901522041151885],[-62.83988295594254,17.901526008155383],[-62.839884264371975,17.901529892077246],[-62.83988729407199,17.901543249974814],[-62.839890636616424,17.901556535096876],[-62.83989122371117,17.90156057606045],[-62.83989212835206,17.901564564679898],[-62.83989377560779,17.901578140809768],[-62.83989574228661,17.901591677431984],[-62.83989591290783,17.90159575556366],[-62.839896404638644,17.901599808289475],[-62.839896653990444,17.90161347031242],[-62.839897225470054,17.90162712961747],[-62.839896977765655,17.901631204422358],[-62.83989705218272,17.901635283559543],[-62.839895901572426,17.901648904299357],[-62.83989507193174,17.901662550340305],[-62.83989440839253,17.90166658123666],[-62.83989406477445,17.90167064873168],[-62.83989152470243,17.901684098762733],[-62.839889302368185,17.90169759831596],[-62.83988822935335,17.901701547436826],[-62.83988747094573,17.901705563250882],[-62.83988356645529,17.90171870882083],[-62.83987997249845,17.901731936175175],[-62.839878500143215,17.901735766018223],[-62.839877334439464,17.90173969083906],[-62.83987210340716,17.901752405527425],[-62.839867172023254,17.901765233174714],[-62.83986531442755,17.901768906873553],[-62.83986375269609,17.901772702928604],[-62.839857245551,17.901784864844508],[-62.83985102424446,17.901797168631767],[-62.83984879975599,17.901800650046603],[-62.83984685666226,17.901804281554575],[-62.839627452063205,17.902169044324555],[-62.83938026025851,17.902580295343757],[-62.839421116752064,17.902603920599944],[-62.839444184540376,17.902618385548895],[-62.83971480660008,17.902801940521588],[-62.83973797125824,17.902818977929915],[-62.84002484891718,17.90304739588819],[-62.840029135059424,17.90305086050965],[-62.84030907295355,17.903280571207606],[-62.84084364596447,17.90276275225191],[-62.84087095933894,17.902738771402976],[-62.84090059629989,17.902717469170128],[-62.840932271546514,17.902699050588144],[-62.840965679882565,17.902683693107612],[-62.8410004997112,17.90267154460933],[-62.841036395585114,17.90266272214103],[-62.84107302179516,17.902657310654863],[-62.84111002576978,17.902655362196782],[-62.841147051001926,17.902656895547356],[-62.84118374091989,17.902661896044172],[-62.84121974228618,17.902670315403824],[-62.841254708312114,17.90268207262832],[-62.841288302244884,17.90269705445991],[-62.84132020057644,17.902715116558724],[-62.84135009615753,17.90273608504181],[-62.84137770102857,17.90275975802202],[-62.84140274934482,17.902785907418075],[-62.84142499982874,17.90281428139694],[-62.84144423831698,17.90284460681635],[-62.84146027945775,17.902876591485768],[-62.84147296878496,17.902909927512383],[-62.84148218403779,17.9029442937426],[-62.841487836479544,17.902979359197758],[-62.84148987174445,17.903014786328765],[-62.84148827021302,17.90305023381837],[-62.841483047197556,17.903085360287168],[-62.841474253128325,17.90311982754772],[-62.84146197260675,17.90315330358652],[-62.841446323930526,17.903185465998398],[-62.84142745786361,17.903216005058667],[-62.84140555602858,17.90324462670461],[-62.841380829299425,17.90327105524587],[-62.840877729608636,17.903758388803457],[-62.84091374420856,17.90377813968861],[-62.840987322287596,17.903791844354078],[-62.84124493704913,17.903792054608655],[-62.841262643005486,17.903792069047004],[-62.84181074662682,17.903771720495715],[-62.8418257009525,17.903771449102816],[-62.84210794411945,17.903771678224487],[-62.84212130738618,17.903593376546677],[-62.84211636858343,17.90359166504023],[-62.84202674746898,17.90356060893297],[-62.842015330200915,17.9035560342198],[-62.842003761181736,17.903551817676913],[-62.841998245212366,17.90354918854203],[-62.84199256069231,17.90354691087568],[-62.8419816651247,17.903541285925325],[-62.84197058524709,17.903536004837722],[-62.841965364853365,17.90353287067844],[-62.84195994108684,17.903530070605093],[-62.84194967479902,17.903523450912406],[-62.84193918796535,17.903517154987163],[-62.84193431353592,17.903513546033807],[-62.84192920251952,17.90351025044078],[-62.84191966269906,17.903502698723173],[-62.84190987166822,17.903495449507204],[-62.84190539037751,17.903491400687628],[-62.841900641271174,17.903487641250432],[-62.841891921130625,17.90347923115897],[-62.841882918836035,17.903471097602967],[-62.84187887332366,17.903466647276055],[-62.841874532261706,17.90346246063907],[-62.841866714339666,17.90345327187207],[-62.84185858898465,17.903444333588588],[-62.841855019335675,17.903439526167094],[-62.84185112697449,17.90343495132032],[-62.84184428766398,17.90342507342332],[-62.84183711630643,17.903415415439078],[-62.84183405514791,17.903410294787367],[-62.841830650909934,17.903405378041132],[-62.841824856778906,17.903394907601864],[-62.84181870769064,17.90338462144429],[-62.84181618566076,17.903379238384915],[-62.84181330103823,17.90337402568155],[-62.841808606473684,17.903363061356732],[-62.84180354045927,17.903352248308966],[-62.84180158168104,17.903346654563023],[-62.84179924466899,17.90334119627099],[-62.84179569508273,17.9033298435794],[-62.84179176067071,17.903318607806955],[-62.84179038426075,17.903312857983845],[-62.84178861699951,17.903307205822625],[-62.84178624637716,17.903295572985325],[-62.84178348170625,17.90328402379729],[-62.841782700644,17.90327817304373],[-62.84178152045629,17.9032723817116],[-62.84178035239257,17.90326058335867],[-62.841778783234226,17.90324882942129],[-62.84177860492951,17.903242932156328],[-62.84177802347065,17.90323705942013],[-62.841778068909406,17.903225209990477],[-62.84177771064659,17.903213363667405],[-62.841781679813515,17.903024725573975],[-62.84178424346986,17.902989329932034],[-62.841790418424665,17.902954345322115],[-62.841800145465264,17.902920108568154],[-62.84181333083125,17.90288694950607],[-62.841829847539394,17.902855187459686],[-62.84184953642494,17.902825128258954],[-62.84187220803242,17.90279706134902],[-62.841897643845314,17.90277125717016],[-62.84192559912105,17.902747964177255],[-62.84195580440359,17.902727406581487],[-62.841987969018234,17.902709782455023],[-62.84202178305613,17.90269526156343],[-62.842056920868856,17.902683983741557],[-62.84209304418504,17.90267605754031],[-62.842129805037914,17.902671559234808],[-62.84216684935322,17.902670532284972],[-62.84220382044302,17.90267298661529],[-62.84224036221566,17.902678898346235],[-62.84227612285685,17.902688210791542],[-62.842310757850925,17.902700834189446],[-62.842343933661574,17.902716646971047],[-62.84237533084647,17.902735496757096],[-62.84240464707676,17.902757202168125],[-62.84243159987376,17.902781554001628],[-62.842455929722185,17.902808317946175],[-62.842477402429054,17.90283723602945],[-62.842495811103376,17.90286802996413],[-62.8425109784204,17.902900403047788],[-62.84252275831798,17.902934043508562],[-62.84253063585325,17.902966950033044],[-62.84255659709007,17.9029775189245],[-62.84259264264212,17.90299689360625],[-62.84259511281031,17.902998585840763],[-62.84263893368489,17.902998621266345],[-62.842685623308085,17.902998659000225],[-62.84272447396597,17.90300060894514],[-62.842762908877916,17.903006375138496],[-62.842800520153304,17.903015896511103],[-62.84281665255762,17.903021737692097],[-62.84288658770423,17.90241325093973],[-62.84288658779943,17.902413250035934],[-62.84288658779959,17.90241324985517],[-62.8429004246812,17.902292855738434],[-62.84290628061427,17.902257820847467],[-62.842915695258974,17.902223504240908],[-62.84292857787793,17.902190236300008],[-62.842944804416156,17.90215833743641],[-62.84296421854243,17.90212811492948],[-62.84298663335147,17.90209985976415],[-62.84301183306575,17.90207384401114],[-62.84303957483136,17.902050318388003],[-62.843069591553004,17.902029509278655],[-62.84310159416112,17.902011617198717],[-62.843135274446325,17.90199681435734],[-62.84317030808157,17.901985243394332],[-62.84320635755019,17.901977015755534],[-62.843243075828774,17.901972210611195],[-62.84328010931423,17.90197087431603],[-62.84331710122314,17.90197301959847],[-62.84335369536778,17.901978625925267],[-62.843389539271634,17.901987639323227],[-62.843424287850794,17.901999972924454],[-62.843457606434164,17.902015507963053],[-62.8434891740668,17.90203409477196],[-62.84351868681277,17.90205555441257],[-62.84354586049158,17.902079680303835],[-62.84357043322567,17.90210623994163],[-62.843592168553585,17.90213497761281],[-62.84361085703303,17.902165616565753],[-62.84362631878758,17.902197861723927],[-62.84363840482594,17.902231402579375],[-62.843646998739004,17.902265915995947],[-62.843652017829626,17.90230106973534],[-62.84365341367683,17.902336525259486],[-62.84365117298274,17.902371940985187],[-62.843637336505246,17.90249233624275],[-62.84363733641052,17.902492336604226],[-62.84363733641003,17.90249233714654],[-62.84355626069037,17.903197780167297],[-62.84356406723008,17.903207547425403],[-62.84356697104444,17.903212031599267],[-62.84357019102786,17.903216313469823],[-62.84357672978157,17.90322710108205],[-62.84358359517023,17.903237702759224],[-62.84358602633533,17.903242438552063],[-62.84358879195945,17.90324700134166],[-62.84359136783058,17.903252412351353],[-62.84400470815869,17.90295895968616],[-62.84403328118427,17.902940546247176],[-62.8440634876164,17.90292470173653],[-62.84409507639845,17.902911557917484],[-62.84412778459783,17.902901224308717],[-62.844161340145085,17.90289378674035],[-62.84419546400551,17.90288930708453],[-62.844229872162295,17.902887822624344],[-62.84464382641413,17.902888054608056],[-62.84530917894322,17.902879044253872],[-62.84531487568712,17.90287900819655],[-62.84543914993407,17.902879119915408],[-62.84543861205239,17.9028782787082],[-62.845422455630235,17.90284634723691],[-62.845409646196636,17.902813053397004],[-62.845400307055165,17.902778717799468],[-62.84539452817346,17.902743671242362],[-62.84539236514798,17.902708251094552],[-62.84539383882888,17.902672798493363],[-62.845398935039874,17.902637654909654],[-62.84540760477003,17.902603158803643],[-62.84541976445994,17.90256964237125],[-62.84543529694866,17.90253742838129],[-62.84545405270372,17.902506827103338],[-62.84547585105131,17.902478133235558],[-62.8454796319194,17.902474063938943],[-62.845468064973886,17.902446941358875],[-62.8454574866109,17.90241293686118],[-62.84545044056301,17.90237810342543],[-62.84544699470177,17.90234277644178],[-62.84544718215129,17.90230729633428],[-62.84545100119755,17.90227200458376],[-62.845458414912976,17.902237241106338],[-62.84546935210372,17.90220334081944],[-62.84548370721842,17.902170630026312],[-62.84550134223862,17.902139423977033],[-62.8455212983366,17.902111140896057],[-62.84551921947989,17.902064408876022],[-62.84549996179645,17.902034828174692],[-62.84548353626134,17.902003022853677],[-62.845470445919716,17.901969829302676],[-62.84546081700227,17.90193556714073],[-62.84545474221486,17.901900566444997],[-62.84545227998643,17.901865164225075],[-62.845453454094105,17.90182970134947],[-62.84545825319391,17.901794519472126],[-62.84546663101291,17.901759957326668],[-62.845478507012686,17.90172634783458],[-62.84549376677008,17.901694014580396],[-62.84551226320704,17.901663269101153],[-62.84553381838749,17.901634407272333],[-62.845558224557735,17.90160770722983],[-62.845585246698484,17.901583426027727],[-62.84561462460359,17.901561797561058],[-62.845623902768516,17.901556261028723],[-62.84563435262665,17.901546385039037],[-62.84566315164152,17.901524054340882],[-62.845694098206806,17.901504533665932],[-62.8457268942045,17.90148801096279],[-62.84576122388721,17.90147464551353],[-62.84579675661767,17.90146456594744],[-62.84583315017392,17.901457869339733],[-62.8458700540543,17.901454620129602],[-62.84590711287663,17.901454849670976],[-62.845943969777174,17.901458555783268],[-62.84598026971492,17.90146570266363],[-62.84601566324728,17.901476221613024],[-62.84604980945652,17.90149001121925],[-62.84608237934712,17.901506938805852],[-62.84611305952706,17.901526841248458],[-62.84614155428303,17.901549526874486],[-62.84616758935536,17.90157477718346],[-62.846190913918605,17.901602349108213],[-62.8462113034121,17.901631977095946],[-62.846228561520256,17.901663375730973],[-62.84624252186943,17.901696242718835],[-62.84625305010276,17.901730261509062],[-62.84626004482155,17.90176510445947],[-62.8462634387156,17.90180043600055],[-62.84626369943582,17.901806289761822],[-62.84626369989938,17.901806299614375],[-62.846263699899,17.901806300066312],[-62.84626378464576,17.901808201515095],[-62.84626378453437,17.90180822121939],[-62.846263786405586,17.90180824092524],[-62.84626478933302,17.901830800515743],[-62.84626478942588,17.901830802323552],[-62.84626478942565,17.90183080259472],[-62.84626530936731,17.90184249664836],[-62.84626530946093,17.901842497552302],[-62.846265310756664,17.9018425277426],[-62.84626539652248,17.901844451788953],[-62.84626539641906,17.901844462273758],[-62.8462653974486,17.901844472669087],[-62.846276853913444,17.90210198030045],[-62.846295690002066,17.90212728926278],[-62.84631413364763,17.90215806388902],[-62.846329337867424,17.902190421074096],[-62.84634115612091,17.902224049319717],[-62.84634947463829,17.902258624589543],[-62.84635421326706,17.902293813925265],[-62.846355326413594,17.902329278610903],[-62.846352803324,17.902364676884627],[-62.84634666836408,17.90239966800636],[-62.846336980544955,17.902433914969066],[-62.84632383323711,17.90246708784284],[-62.84630735294016,17.902498867208653],[-62.84629093350146,17.902523995942726],[-62.84629385971357,17.902697752056653],[-62.84629381700969,17.90269899312733],[-62.84629389260286,17.90270023284522],[-62.84629370027413,17.902704854001765],[-62.846293858583465,17.902709476519792],[-62.846288962551974,17.902996868445552],[-62.84631860243558,17.903012696470427],[-62.846327114964076,17.903017382165256],[-62.84657399749787,17.90315739812732],[-62.846747192082866,17.903252501308135],[-62.846962184388694,17.9032519025058],[-62.847073362468024,17.903250925564713],[-62.84708111280152,17.903250933641246],[-62.847187803800686,17.903252092480866],[-62.84722385947495,17.9032524749158],[-62.847226353081254,17.90325187896244],[-62.84726301632515,17.90324670161809],[-62.847300033189555,17.90324498971194],[-62.847337047074376,17.903246759685768],[-62.8473677032081,17.903251137937986],[-62.8474644130656,17.903248408213724],[-62.84748663671346,17.903248407276738],[-62.847639235789046,17.90325270129043],[-62.847711929083864,17.90295633586783],[-62.84772449411308,17.902915883305592],[-62.847741897456714,17.902877108132817],[-62.847775931206826,17.90281203800095],[-62.84779736485525,17.90277630297853],[-62.84782290664067,17.902743135174],[-62.84785222472067,17.90271296529184],[-62.848006791139696,17.902571060866222],[-62.84803715549397,17.90254600587105],[-62.84809851301993,17.90250058012303],[-62.84815142391895,17.90243830893198],[-62.84815931082993,17.902429328441777],[-62.84844375108736,17.902115916059962],[-62.84845327995891,17.90210580744936],[-62.84862111611758,17.901934365322056],[-62.8486452253748,17.901911841445337],[-62.84867731667696,17.901884426508857],[-62.848677329053665,17.9018844158528],[-62.848677330092855,17.901884415040122],[-62.848829322465,17.90175455897424],[-62.84883569183001,17.901749632763583],[-62.84884176955676,17.90174437993864],[-62.849159189458206,17.9014959861555],[-62.849347928635694,17.9012949666719],[-62.84935794327499,17.90128470816811],[-62.84946200282242,17.90118218126268],[-62.849485359862555,17.90116104694058],[-62.84951050919509,17.901141890494827],[-62.84966183236807,17.901036372039314],[-62.84969075663942,17.901018086923504],[-62.84970947474877,17.90100848753389],[-62.84969000482769,17.90099256664031],[-62.84965189659856,17.900956635745974],[-62.84964048740101,17.900944236043944],[-62.849500407022205,17.900847122609584],[-62.84939614405296,17.900810925938792],[-62.84938176236491,17.900854176955153],[-62.849369769215464,17.90088524383421],[-62.84935485679355,17.900915129625613],[-62.84933715040204,17.900943583420773],[-62.84931679846403,17.900970366531205],[-62.84929397195504,17.9009952542054],[-62.84926886222994,17.901018037525382],[-62.84924168026623,17.901038525213842],[-62.84920657519798,17.90106257542412],[-62.849206572741885,17.901062577139573],[-62.84920657226961,17.901062577410364],[-62.84894579396087,17.901241237516157],[-62.84891375873345,17.901260926076727],[-62.848879815918984,17.901277426736332],[-62.8488443103494,17.901290571912956],[-62.84880760287792,17.901300227932374],[-62.84877006650665,17.901306296832928],[-62.84873208270424,17.90130871672424],[-62.84869403734486,17.901307463230278],[-62.84865631712111,17.901302548944248],[-62.84861930538937,17.901294023877306],[-62.848583378110895,17.901281974641883],[-62.848548900453586,17.901266523635545],[-62.84851622282765,17.901247827953256],[-62.848485677205204,17.90122607748628],[-62.8484244497331,17.90117770565415],[-62.848222003383135,17.90101828278114],[-62.84819679006499,17.90099653760061],[-62.84817371755162,17.900972713195348],[-62.8480433710813,17.90082535851502],[-62.8479676283949,17.900740053903565],[-62.847945039965424,17.900711925797957],[-62.8479254400535,17.900681813497116],[-62.847909017323765,17.90065000683983],[-62.847895930026546,17.900616812272258],[-62.84788630420719,17.900582549321385],[-62.84788023248091,17.900547548153636],[-62.84787777337528,17.9005121456876],[-62.84787895048293,17.90047668297223],[-62.84788375265369,17.900441501390663],[-62.84789213352499,17.900406939948283],[-62.847904012374826,17.900373331386728],[-62.847919274785305,17.90034099938244],[-62.84793777377825,17.900310255293675],[-62.84795933132832,17.900281395269293],[-62.84798373959302,17.900254697176624],[-62.848010763652695,17.900230418072827],[-62.8480401433063,17.900208791946636],[-62.84807159543386,17.900190027008666],[-62.84810481730232,17.900174303886285],[-62.848139488832594,17.900161774088847],[-62.84817527628296,17.900152558293257],[-62.84821183479894,17.900146745170964],[-62.84824881247337,17.900144390758424],[-62.848285853084846,17.90014551764577],[-62.84832260006262,17.900150115160713],[-62.848358699319135,17.900158138918755],[-62.84839380330886,17.900169511639874],[-62.84842757395423,17.90018412378346],[-62.84845968604347,17.900201834635595],[-62.84848983025029,17.90022247375754],[-62.848517716342805,17.90024584216323],[-62.84854307582465,17.900271714942523],[-62.84861902128209,17.900357247629344],[-62.84861923555279,17.90035751443778],[-62.848619474577326,17.900357759211023],[-62.8487177506029,17.900468858389047],[-62.84872800037887,17.90044270200885],[-62.84874500869659,17.90040986386256],[-62.84876540238752,17.90037884313572],[-62.848788971875884,17.90034995864048],[-62.848815474939386,17.90032350747069],[-62.848954279790185,17.900198341435402],[-62.84898964200274,17.900170142067825],[-62.849028324393316,17.90014627047015],[-62.84911210494924,17.90010123678523],[-62.84914510053784,17.90008547760623],[-62.849179544044034,17.900072874413446],[-62.849215107297475,17.90006354734757],[-62.8492514511086,17.90005758535745],[-62.849288228951345,17.900055045299055],[-62.84932509017328,17.900055951395707],[-62.849361683488986,17.900060294879218],[-62.84949774609088,17.90008294986495],[-62.849530135205136,17.900089757634156],[-62.849561775655346,17.90009925943892],[-62.84980769811678,17.900184635492362],[-62.84984009506361,17.90019754289733],[-62.84987110079198,17.900213273639444],[-62.84990044748505,17.900231691751507],[-62.85009446163886,17.900366195727617],[-62.850050355536936,17.900276817489242],[-62.85004397815656,17.90026205950947],[-62.85003745183969,17.90024736676461],[-62.85003689681753,17.900245672573796],[-62.850036187863964,17.900244031954337],[-62.8500313532828,17.900228750646203],[-62.850026361286886,17.90021351224092],[-62.84997924578729,17.900040348545012],[-62.84997037957914,17.899997111022287],[-62.84996787355478,17.899963803262214],[-62.849963070891974,17.899965148678955],[-62.849926654098645,17.899971726643525],[-62.84988973917669,17.899974855498424],[-62.8498526816966,17.899974505237914],[-62.84981583842836,17.8999706790295],[-62.84977956441417,17.899963413754],[-62.84974420881471,17.899952779550386],[-62.84971011217227,17.89993887863864],[-62.849677602917765,17.899921844955458],[-62.84964699406772,17.899901842615105],[-62.849618580393354,17.899879064189815],[-62.84959263558978,17.899853728990234],[-62.84956940953968,17.89982608116508],[-62.84954912576676,17.899796386806806],[-62.849531979832484,17.899764931961748],[-62.84951813669522,17.899732019645285],[-62.849507729674386,17.89969796667744],[-62.849500859131076,17.89966310115103],[-62.84949759114942,17.899627758724698],[-62.84949793094963,17.89959481488667],[-62.849385912783696,17.899398622028517],[-62.84938516523543,17.899397306318303],[-62.84938020581289,17.899388534031637],[-62.84938019676486,17.899388516037607],[-62.849380185922406,17.89938849885568],[-62.849376744399684,17.899382409798832],[-62.849376731956326,17.89938238782515],[-62.849376731767805,17.89938238746345],[-62.84937184879787,17.89937374955091],[-62.849371848515034,17.89937374909876],[-62.849371839653934,17.899373733364552],[-62.849370006524985,17.8993704910274],[-62.849370001812574,17.899370481533115],[-62.84936999643839,17.899370473122953],[-62.84936444756272,17.89936065704184],[-62.849364447374136,17.899360656770536],[-62.84936443747606,17.899360639227787],[-62.849359621813534,17.899352121401034],[-62.84935961625283,17.89935211027912],[-62.84935960908734,17.89935209897519],[-62.849353588969336,17.89934144888916],[-62.84926691261366,17.899212602910907],[-62.84926286876289,17.899206973275177],[-62.84925141673041,17.899187104921936],[-62.849247086252966,17.89917991543491],[-62.84924623658639,17.89917811770118],[-62.84924496337402,17.899175908739853],[-62.849243919904126,17.899173867534035],[-62.84924391933845,17.89917386662973],[-62.84924389832022,17.899173825396947],[-62.84923665020175,17.899159652062337],[-62.84922393439231,17.899135130144394],[-62.84921662777496,17.89912237276769],[-62.84921662551245,17.899122368879297],[-62.84921662522969,17.899122368336755],[-62.84921031739513,17.899111355119224],[-62.84921031664109,17.899111353672453],[-62.84921031532114,17.89911135159252],[-62.849131644259195,17.898973991503823],[-62.849131634549444,17.89897397459392],[-62.84913163436094,17.898973974232227],[-62.849129953072335,17.8989710390553],[-62.849129948831,17.8989710307364],[-62.849129944211114,17.898971023501854],[-62.849074365007375,17.898873982800005],[-62.84903323239766,17.898826919171213],[-62.848961629513205,17.898751628781525],[-62.84896162394857,17.898751622359722],[-62.84896161828868,17.89875161693211],[-62.84895767789898,17.8987474732434],[-62.84895767704999,17.898747472429264],[-62.84895766327873,17.89874745786626],[-62.848936968192604,17.89872569748224],[-62.8489098604194,17.89869370861818],[-62.8488867291787,17.898658975249795],[-62.848852194680035,17.898599950085636],[-62.84879438138011,17.89850113751754],[-62.8487943808145,17.898501136522842],[-62.84879438062585,17.898501136341917],[-62.84874008267299,17.89840833180471],[-62.848708605489676,17.898413004586896],[-62.84867160395647,17.898414978089523],[-62.84863457846887,17.898413469856013],[-62.84859788568977,17.898408494264075],[-62.84856187894927,17.898400099222663],[-62.84852690503505,17.898388365717608],[-62.848493300889075,17.898373406633937],[-62.84846138992615,17.898355366029875],[-62.84843147967486,17.898334417779232],[-62.848403858002975,17.898310763489427],[-62.8483787910417,17.89828463096333],[-62.8483565201666,17.898256271937132],[-62.84833725992275,17.89822595954787],[-62.84832119566682,17.898193985710297],[-62.848308482153435,17.898160658223393],[-62.84829924183809,17.898126298238086],[-62.84829356365313,17.898091236460107],[-62.84829150244339,17.898055810799406],[-62.848293077836956,17.89802036221146],[-62.848298274813864,17.897985232166892],[-62.848307043331715,17.897950758945253],[-62.84831314830881,17.89793407887731],[-62.84828995981924,17.897911082517062],[-62.84827865422055,17.897899870681123],[-62.84827135734665,17.897901666952645],[-62.84823473410437,17.897907091646804],[-62.848197731926156,17.897909053490114],[-62.848160707124656,17.897907533417367],[-62.84812401617257,17.89790254616854],[-62.84808801249328,17.89789413965353],[-62.84805304277869,17.89788239503969],[-62.84801944387508,17.89786742521278],[-62.84798753929017,17.89784937450308],[-62.84795763636245,17.897828416694587],[-62.8479300230525,17.897804753666662],[-62.84790496520704,17.897778613132218],[-62.84788270429445,17.89775024709926],[-62.84786345448101,17.897719928524296],[-62.84784740140512,17.897687949503542],[-62.84783469953681,17.897654618016865],[-62.84782547114164,17.897620255125027],[-62.84781980524522,17.897585191534013],[-62.847817756219335,17.89754976515356],[-62.84781934397415,17.89751431712019],[-62.84782455311139,17.897479188723434],[-62.847833333587815,17.897444718333144],[-62.8478449836527,17.89741292184611],[-62.847701649713684,17.897237319375115],[-62.84766828403255,17.89720168564425],[-62.8476682835609,17.897201685191938],[-62.84766828233477,17.897201683835178],[-62.84751249129693,17.897035304339344],[-62.84751249101394,17.897035304067956],[-62.84751249044804,17.897035303434805],[-62.84743847163073,17.89695625410097],[-62.84743847002743,17.89695625220159],[-62.8474384689898,17.896956251206518],[-62.847382681908954,17.89689667132281],[-62.84736522365131,17.89687661384985],[-62.847221735059875,17.89669910183501],[-62.84720592369626,17.896681445236243],[-62.847205923036036,17.89668144451263],[-62.84720589596718,17.896681414211713],[-62.847205032213736,17.89668044991718],[-62.84720008656903,17.89667498484841],[-62.84719871664586,17.89667331179303],[-62.84719813493813,17.896672727797505],[-62.84719758946021,17.89667205977041],[-62.847196981534765,17.896671443757285],[-62.84719512726965,17.89666936972622],[-62.84719510972855,17.896669348019557],[-62.84719508954296,17.896669327576234],[-62.84719363178544,17.896667696572276],[-62.847139839587754,17.896612650915788],[-62.847137301721425,17.89661002805947],[-62.84703250748964,17.896500643368945],[-62.84703218556741,17.89650030687608],[-62.84694199371622,17.896405925209848],[-62.84694199343324,17.89640592493846],[-62.846733956611565,17.89618822289731],[-62.84672283147961,17.89617674718216],[-62.8467219790656,17.896175776386528],[-62.846721037370365,17.89617488352468],[-62.84671832957575,17.896172050831048],[-62.8467183291041,17.89617205037874],[-62.84671830674984,17.89617202695089],[-62.84671631061405,17.89616993915512],[-62.84669265999374,17.896142623544137],[-62.84667191974845,17.896113219929664],[-62.846654289492875,17.896082011652542],[-62.846639939182964,17.89604929911339],[-62.846629007041024,17.896015397420804],[-62.84662159814246,17.895980633136283],[-62.846617783946826,17.895945340839162],[-62.84661760126161,17.895909860594884],[-62.84662105177364,17.895874534068014],[-62.84662810224061,17.895839701449216],[-62.84663868477726,17.895805698201546],[-62.84665269742464,17.895772851807003],[-62.846670005285866,17.895741478603888],[-62.84669044166171,17.895711880624177],[-62.846713809752174,17.895684343064076],[-62.846739884453086,17.895659131031554],[-62.8467684147181,17.895636487378923],[-62.84679912582662,17.895616630173883],[-62.846831721840225,17.89559975053215],[-62.846865889002494,17.895586011174064],[-62.84690129819521,17.895575544437957],[-62.8469376083381,17.89556845092712],[-62.84696972149998,17.895565269500246],[-62.84692570184458,17.895510936208154],[-62.84692150857952,17.89550919702784],[-62.846889111585575,17.895491969900007],[-62.84685863414938,17.89547178536396],[-62.84683036999169,17.89544883789348],[-62.84680459109663,17.895423348519174],[-62.84678154591965,17.895395562657693],[-62.846761456274145,17.895365747939955],[-62.8467445156344,17.895334191498165],[-62.846730887249855,17.89530119725267],[-62.84672070225963,17.895267082927635],[-62.84671760808313,17.895250825546235],[-62.84668086092297,17.895202154889326],[-62.84666032262509,17.89517187530829],[-62.846643040918195,17.89513978548559],[-62.84662918828932,17.8951062054379],[-62.84661890275411,17.89507146997807],[-62.846612286915644,17.895035925550854],[-62.84660940674024,17.894999926706795],[-62.84661029099447,17.89496383221514],[-62.84661493077571,17.894928002171046],[-62.84662327979905,17.89489279383802],[-62.84663525496676,17.89485855830408],[-62.84665073665459,17.89482563695686],[-62.84666957060284,17.894794358140835],[-62.84669156895788,17.894765033723484],[-62.8467165124461,17.894737956114245],[-62.84674415217015,17.894713395373604],[-62.846907628557624,17.894582048658112],[-62.84690975933836,17.89458034942831],[-62.847010845926675,17.894500334127237],[-62.84701676211506,17.89449574647632],[-62.8471156237812,17.894420652577278],[-62.84717900648178,17.894357125560298],[-62.847201667860745,17.894336229298126],[-62.84720641604369,17.89433220220972],[-62.84721170243611,17.89431206611868],[-62.84722421550686,17.894278669307944],[-62.847240087327954,17.894246607617585],[-62.847259165074284,17.894216189779712],[-62.84728126487519,17.89418770877463],[-62.847306174082796,17.894161438849917],[-62.84733365269021,17.89413763299068],[-62.84736343607141,17.89411652057177],[-62.84739523743797,17.894098304738446],[-62.84742875048351,17.894083161052748],[-62.84745753767196,17.894073324716725],[-62.84754382263505,17.894006471912718],[-62.84757373902814,17.893985532475728],[-62.8476056549894,17.893967501448465],[-62.84763926317618,17.893952552403967],[-62.84767424003374,17.893940829255804],[-62.847710248534156,17.89393244499479],[-62.84774694195356,17.89392748024581],[-62.847783966987826,17.89392598290872],[-62.847820967057245,17.89392796743782],[-62.847857585799545,17.893933414663863],[-62.84789347046813,17.89394227215823],[-62.84792827570786,17.893954454597374],[-62.847955983894174,17.89396722560468],[-62.84795405865254,17.89395972269361],[-62.847949689960366,17.893942853045903],[-62.84794963175414,17.893942471205257],[-62.847949535967324,17.893942097831662],[-62.84794695906233,17.893924930762857],[-62.8479443402586,17.893907743956888],[-62.84794432151625,17.893907359345047],[-62.84794426425365,17.893906978047458],[-62.847943456097504,17.893889628150465],[-62.84794261053672,17.893872301996055],[-62.84794263125554,17.89387191777657],[-62.847942613268984,17.893871532532607],[-62.847943585022634,17.89385419550431],[-62.84794451749506,17.89383686829752],[-62.84794457748388,17.893836487181847],[-62.847944599052404,17.893836102872637],[-62.84794733857489,17.893818955319972],[-62.847950042809245,17.89380178423903],[-62.84795014149778,17.89380141074609],[-62.84795020233584,17.89380103008302],[-62.84795468448186,17.893784220944184],[-62.847959133228095,17.893767387645774],[-62.84795926976383,17.893767025119207],[-62.847959369207175,17.89376665207879],[-62.84796554785514,17.893750351878055],[-62.84797170123704,17.893734009717743],[-62.84797187429541,17.89373366150084],[-62.84797201139676,17.893733299878583],[-62.8479798332757,17.893717649397196],[-62.84798762581616,17.893701971957203],[-62.84798783331664,17.893701642296534],[-62.847988007035255,17.893701294712844],[-62.84799740216027,17.893686439871],[-62.84800675348136,17.893671583005982],[-62.84800699372248,17.893671274431043],[-62.848007202261414,17.89367094468077],[-62.84801806806272,17.89365704926986],[-62.84802890008102,17.893643135302586],[-62.84802917107811,17.893642850342655],[-62.848029412074006,17.89364254222021],[-62.84804165149179,17.893629729813597],[-62.84805385240271,17.893616903004602],[-62.848054150754,17.89361664536288],[-62.848054422600335,17.89361636076512],[-62.848067915726425,17.89360475790113],[-62.84808137006411,17.893593138645848],[-62.848115617888034,17.893566359607217],[-62.84811561798251,17.893566359516903],[-62.848115619494,17.893566358343055],[-62.84833512678144,17.89339471910021],[-62.84833721309631,17.89339309954122],[-62.848701587062315,17.893112296121366],[-62.8487317090827,17.893091338946512],[-62.848763840375426,17.893073323891695],[-62.848797668501184,17.893058426245208],[-62.848832864620476,17.89304679073194],[-62.84886908651538,17.893038530521487],[-62.84890598198906,17.893033725965413],[-62.84894319226499,17.893032423786412],[-62.84898035557469,17.893034636538786],[-62.84901711065033,17.893040342882337],[-62.84905310012365,17.893049487133048],[-62.84908797392333,17.893061980531083],[-62.84912139314522,17.893077701605375],[-62.84915303278888,17.893096497441082],[-62.84918258524927,17.89311818521888],[-62.84920976314715,17.893142554205568],[-62.84923430234852,17.89316936747376],[-62.84926843812293,17.893210602925173],[-62.849356307195684,17.893313881624564],[-62.84941280796403,17.893380337895437],[-62.84943632168756,17.893387356286002],[-62.84944395672116,17.89339002906033],[-62.84944968331234,17.893391407190506],[-62.84948456490887,17.893403387215226],[-62.84951805207787,17.893418583034446],[-62.84954982236135,17.893436848334183],[-62.84957956975249,17.893458007075985],[-62.84960700780912,17.893481855668526],[-62.84963187229589,17.893508164325443],[-62.84965392363654,17.893536679688417],[-62.849672949649786,17.893567127179274],[-62.849688766963226,17.8935992135319],[-62.84970122327659,17.893632629776686],[-62.8497101986811,17.893667054133928],[-62.84971560669557,17.89370215490697],[-62.84971717588015,17.89373324793511],[-62.84972303404909,17.893740838285563],[-62.84978188514565,17.893695063283992],[-62.84979229467811,17.893687748237216],[-62.849802472408435,17.893680139433712],[-62.8498072250288,17.893677256314476],[-62.84981175992246,17.893674069507238],[-62.8498228675782,17.893667766881073],[-62.849833775830575,17.893661149462915],[-62.84983880023362,17.893658726442165],[-62.84984363996815,17.893655980325693],[-62.849855340435184,17.89365074996529],[-62.84986687257187,17.893645188657516],[-62.849872120874814,17.89364324883733],[-62.849877218414036,17.893640970129805],[-62.84988939760823,17.893636863106067],[-62.84990144388629,17.893632410700274],[-62.8499068656613,17.893630972661413],[-62.84991217180175,17.893629183379275],[-62.8499247122502,17.893626239190993],[-62.849937156893226,17.89362293853162],[-62.84994269973387,17.893622016243622],[-62.8499481634825,17.893620733521033],[-62.849960946306,17.893618980186847],[-62.849973667599045,17.893616863538522],[-62.8499792774039,17.893616465907986],[-62.84998484701658,17.893615701997657],[-62.84999774815272,17.89361515677621],[-62.85001062448565,17.893614244111102],[-62.85001624866809,17.89361437489375],[-62.85002186891169,17.893614137345637],[-62.85003476175942,17.89361480529145],[-62.85004767153147,17.893615105464196],[-62.850053255620956,17.893615763443055],[-62.8500588727773,17.893616054475448],[-62.85007163603183,17.893617929258454],[-62.85008445208212,17.893619439459556],[-62.850089941518135,17.893620618175177],[-62.85009550215645,17.893621435035357],[-62.85010801159632,17.8936244984826],[-62.850120611777285,17.893627204156203],[-62.850125954268925,17.893628892450778],[-62.850131404396365,17.89363022714317],[-62.850143539585865,17.89363444969592],[-62.85015580242028,17.893638324897974],[-62.850160946813666,17.893640506643322],[-62.850166233574406,17.893642346201975],[-62.85017787729713,17.893647686824902],[-62.85018968518754,17.893652694587203],[-62.850194581277115,17.893655348503835],[-62.850199654462415,17.89365767544551],[-62.85021069743931,17.893664084251515],[-62.8502219336485,17.893670174861995],[-62.85022653340413,17.89367327470083],[-62.85023134507457,17.893676067205487],[-62.850241678603716,17.8936834813826],[-62.850252237351995,17.893690597183625],[-62.85025649869271,17.893694114711668],[-62.850261000159016,17.893697344450818],[-62.85027052309927,17.89370569106959],[-62.85028030446774,17.893713765098184],[-62.85028418541218,17.89371766575542],[-62.850288334312,17.893721302236187],[-62.85029695761038,17.893730503043642],[-62.85030586452297,17.893739455413687],[-62.8503093268691,17.893743700846766],[-62.85031308414736,17.89374770978256],[-62.850320724423696,17.893757676225952],[-62.85032867151573,17.893767420733248],[-62.850351852705955,17.893798916768638],[-62.85035856944581,17.89379679819322],[-62.85039370286691,17.893789176624246],[-62.85042943493331,17.89378479507388],[-62.85046544038689,17.893783693333567],[-62.85050139182319,17.893785881456022],[-62.85053696176838,17.89379133957597],[-62.85057182673854,17.89380001800367],[-62.850605669221615,17.893811837768784],[-62.85063818145302,17.893826691255896],[-62.85066906749162,17.89384444329078],[-62.850698046239565,17.893864932408086],[-62.85071783959391,17.893880376663716],[-62.85074849845909,17.89390711127557],[-62.85077591072146,17.893936903451547],[-62.85090430482779,17.89409294489335],[-62.850908128106255,17.894090069803436],[-62.850939374912244,17.894070994467416],[-62.85097242403285,17.89405494341264],[-62.85100695728801,17.894042071137573],[-62.851042642079456,17.89403250157902],[-62.851079134601484,17.894026326939493],[-62.85111608361786,17.89402360660559],[-62.8511531331998,17.89402436696925],[-62.851189926502755,17.894028600436442],[-62.85122610925854,17.894036266514412],[-62.851261332985445,17.894047291181487],[-62.85129525848001,17.894061568335864],[-62.851327558931736,17.89407896043069],[-62.85135792341476,17.894099300103665],[-62.85138605934132,17.89412239126351],[-62.85141169595263,17.894148011713803],[-62.85154943478898,17.894299932874635],[-62.85175047109029,17.894520019497698],[-62.85175520370454,17.8945253023412],[-62.85182943785209,17.89460979930242],[-62.85184482543918,17.89461435350412],[-62.851878987351085,17.8946281043222],[-62.851911576977244,17.894644994891568],[-62.85194228055421,17.894664862548805],[-62.851970802373515,17.89468751581086],[-62.85199686770636,17.894712736636922],[-62.85202022544551,17.89474028214772],[-62.85204065084115,17.89476988697762],[-62.852057947103475,17.894801266077817],[-62.852071947571936,17.894834117248738],[-62.852082517506666,17.894868124033785],[-62.852088307284845,17.89489678241617],[-62.8521557439579,17.894970542877477],[-62.85215708971793,17.894972022903644],[-62.85233082497584,17.89516414365952],[-62.85247188027208,17.895316395957387],[-62.85248311186202,17.89532909626381],[-62.852665997768106,17.89554581979359],[-62.852861401245924,17.895764078522955],[-62.85286498449435,17.895768140967803],[-62.853012520986965,17.895937924372575],[-62.85302486825857,17.895953260002955],[-62.853122190857285,17.896065152330156],[-62.85314234120355,17.896064803718417],[-62.85317928084865,17.896067642881746],[-62.85321575194786,17.896073934924875],[-62.853251403360275,17.896083619295286],[-62.85328589152418,17.89609660272624],[-62.853318884515815,17.896112760053363],[-62.853350064502536,17.896131935843364],[-62.85337913123499,17.896153945300565],[-62.8534058047831,17.896178576528534],[-62.85342982827235,17.89620559224949],[-62.85345097024183,17.89623473242724],[-62.85346902728602,17.896265716257634],[-62.85348382527939,17.89629824542341],[-62.85349522182901,17.89633200662679],[-62.85350310712157,17.89636667484403],[-62.85350740533737,17.89640191603812],[-62.853508074930474,17.896437390955143],[-62.85350510957072,17.896472757836687],[-62.85349853776311,17.89650767612534],[-62.85348842275089,17.89654180962823],[-62.853474861946886,17.896574829409],[-62.85345798608073,17.8966064176738],[-62.853437957497626,17.896636270120165],[-62.85341496921167,17.896664099280592],[-62.85338924254354,17.89668963714211],[-62.85336102532461,17.896712637766147],[-62.85333058915733,17.896732879546214],[-62.85323215501066,17.89679170669057],[-62.85352239437225,17.89717785622928],[-62.8535425384379,17.89720763739291]],[[-62.851140252636675,17.89495038058252],[-62.85113203071551,17.894957178459975],[-62.85111903246446,17.894965953338925],[-62.85112239086299,17.89497093741181],[-62.851123830548204,17.89497332337662],[-62.851146639983796,17.89495737320274],[-62.851140252636675,17.89495038058252]],[[-62.848858002448964,17.89393389294913],[-62.84885800263762,17.893933893130054],[-62.84885800292054,17.893933893491816],[-62.848859491133275,17.89393567256147],[-62.84889062490705,17.893911389451553],[-62.84888208095045,17.8939014351769],[-62.848850931835834,17.893925440152387],[-62.848858002448964,17.89393389294913]],[[-62.8485022438864,17.894665080297028],[-62.84849499262391,17.89466846570984],[-62.848460251913835,17.894680816022344],[-62.84842441418881,17.894689846550243],[-62.84838782448354,17.89469547051875],[-62.84835083516903,17.894697633608033],[-62.84831380255293,17.894696315035176],[-62.84827708329215,17.894691527461056],[-62.84824103089962,17.894683317077977],[-62.848205992723805,17.894671762884222],[-62.848172306078474,17.894656976138673],[-62.848140295505736,17.894639099274013],[-62.848110269189746,17.8946183045381],[-62.848082516314854,17.894594792093706],[-62.848057304140426,17.894568788389257],[-62.84804167143049,17.894549101899916],[-62.84801892051641,17.89456857332747],[-62.84797514557711,17.89460248982937],[-62.84796410237941,17.89462774052154],[-62.84794630221539,17.894659258713265],[-62.84792533100914,17.89468893532052],[-62.84791642310533,17.894699185675403],[-62.847946214484566,17.89469088193325],[-62.847982098684476,17.894684397373315],[-62.84801846924239,17.894681261577013],[-62.84805498608519,17.894681504016134],[-62.84809130775084,17.89468512234538],[-62.84812709459772,17.894692082766394],[-62.84816201182542,17.894702320120494],[-62.848195733061466,17.89471573870499],[-62.84822794281491,17.894732213178848],[-62.84825833996887,17.89475158919819],[-62.84828664023281,17.894773685858528],[-62.84831257887996,17.894798296239266],[-62.84833561846937,17.894824850393558],[-62.848515563005165,17.894680928016896],[-62.84850645268836,17.89467008821526],[-62.848506451839626,17.894670087129956],[-62.8485022438864,17.894665080297028]],[[-62.84796021630993,17.895593308391685],[-62.84798763531573,17.895571804738466],[-62.84798915532382,17.895570618961397],[-62.84798976275809,17.89557014761482],[-62.84797001399076,17.895546861495767],[-62.847955128787426,17.895552473761082],[-62.84793247743407,17.895558639005607],[-62.84796021630993,17.895593308391685]],[[-62.85178680661475,17.900902736464985],[-62.851551575873884,17.900743989589362],[-62.851351254459395,17.900616709776283],[-62.85134242627218,17.90061092639824],[-62.85133909267569,17.900608675564925],[-62.85128102009433,17.900786176733817],[-62.85126874431425,17.900818288210175],[-62.85125335492208,17.90084914562677],[-62.851234989322975,17.90087847322651],[-62.85121381200692,17.900906008379057],[-62.85119001228,17.900931505104204],[-62.851163803130746,17.90095473506531],[-62.85113541886739,17.90097549055031],[-62.85111348347297,17.900988588218112],[-62.8511094373175,17.90101887238443],[-62.85109994666306,17.901067158936964],[-62.851091639449876,17.90110059236398],[-62.851080054059665,17.90113311968363],[-62.85106529524734,17.901164446855937],[-62.85104749636485,17.901194290980285],[-62.85102681813222,17.901222382283066],[-62.851003447502265,17.901248467099535],[-62.85097759558212,17.901272309589707],[-62.85094949602606,17.90129369444872],[-62.850919402579606,17.9013124283512],[-62.850906633212084,17.901319574788253],[-62.85090661923293,17.901319582641232],[-62.85090661876066,17.90131958291203],[-62.850863084437684,17.901343949557752],[-62.85086306932591,17.901343957048304],[-62.8508630539291,17.901343966707923],[-62.85079014518011,17.901384765799154],[-62.850755651048495,17.90140185360881],[-62.850508886502006,17.901509075307718],[-62.850508886218634,17.901509075488274],[-62.85050888347977,17.90150907666121],[-62.85047829111822,17.901522369623848],[-62.85042854220109,17.90154006553339],[-62.85017311626861,17.90161181768945],[-62.8500641814978,17.901650371132092],[-62.84998121443405,17.901708224626102],[-62.84990472381834,17.90178358879042],[-62.84970149372314,17.90200004277728],[-62.84968133124932,17.90201992836146],[-62.84965963694533,17.902038276903788],[-62.84932609297959,17.902299288881995],[-62.849180195477274,17.902423938061073],[-62.84918018952555,17.9024239426662],[-62.849180183100565,17.902423948717157],[-62.849160659177116,17.902440627627264],[-62.849009216428854,17.902595324625246],[-62.8487334609892,17.90289916860276],[-62.84865693326338,17.90298923504002],[-62.84862770098361,17.903019866264533],[-62.848594995491986,17.903047089270803],[-62.84851506194338,17.903106267749635],[-62.8484323572355,17.90318219763675],[-62.84837671754232,17.90340904041842],[-62.84837548531899,17.9034977868744],[-62.84838890755115,17.903638928639474],[-62.84839018297027,17.903657787712536],[-62.84839041393124,17.90366352737872],[-62.84844197806423,17.903934112461673],[-62.84849984725458,17.90395590317992],[-62.848500587730165,17.903956223003178],[-62.848501356492136,17.90395647505818],[-62.848926434179326,17.90411856095117],[-62.848931094260145,17.904112029856297],[-62.84895600250061,17.9040838066712],[-62.84898378940143,17.904058164638755],[-62.84901416480014,17.90403537171104],[-62.84904681146437,17.904015665810693],[-62.84908138839783,17.903999252845075],[-62.8492868530891,17.903913951081645],[-62.84928686007763,17.903913948556216],[-62.849286867916845,17.90391394485642],[-62.849295603882624,17.903910318422255],[-62.84929563514356,17.90391030543072],[-62.84929563533246,17.903910305340485],[-62.84930328689381,17.90390712828431],[-62.84933919850539,17.903894248992504],[-62.84937628932405,17.90388492281693],[-62.84941417671813,17.903879246084696],[-62.84945247015764,17.903877277244927],[-62.849490774802014,17.90387903660037],[-62.84952869546548,17.903884506039333],[-62.849565841242914,17.903893629129616],[-62.849601829191215,17.90390631184447],[-62.84963628801053,17.903922423288478],[-62.84966886248,17.903941797508693],[-62.84969798135492,17.903961144741373],[-62.849728200539914,17.903983471162306],[-62.849755911328224,17.904008604058216],[-62.84978083042044,17.904036286693135],[-62.84980270333383,17.904066236321892],[-62.84982130657154,17.904098146812967],[-62.84983644997991,17.9041316922657],[-62.84984797901195,17.90416652990443],[-62.84985577576278,17.904202303785066],[-62.8498657326987,17.90426325284343],[-62.84986651612337,17.904263810954852],[-62.84986652310559,17.90426381593152],[-62.849869938640985,17.90426624907299],[-62.849869939301485,17.90426624952544],[-62.84986993958455,17.904266249706435],[-62.8498724301637,17.904268023936137],[-62.84988523839457,17.90427659229048],[-62.849889838137784,17.90427272862818],[-62.8499387289245,17.904230892449483],[-62.84993978766112,17.904228071472776],[-62.84995576839482,17.904195872292078],[-62.84997498356404,17.90416533628363],[-62.849997246550885,17.90413676040485],[-62.85002234073136,17.904110422518347],[-62.850050022215555,17.904086578592043],[-62.850120023960045,17.904032012879302],[-62.8501442428032,17.90401199588166],[-62.85014842353823,17.903973058827546],[-62.85014864919791,17.903971014084913],[-62.85018718948415,17.903631089957887],[-62.849773224656495,17.90331291732595],[-62.849753007168005,17.903311747933056],[-62.84971641187464,17.903306147325132],[-62.849680566051866,17.903297139426382],[-62.849645815170575,17.903284811275604],[-62.84961249372315,17.90326928135803],[-62.84958092276919,17.90325069933223],[-62.84955140616032,17.903229244219432],[-62.84952422837049,17.903205122503692],[-62.84949965100386,17.903178566682886],[-62.849477910720346,17.903149832284367],[-62.84945921706565,17.90311919614585],[-62.84944374992474,17.9030869533402],[-62.8494316582026,17.903053414372458],[-62.849423058504996,17.90301890219593],[-62.849418033630585,17.902983749228262],[-62.84941663181856,17.902948293916126],[-62.849418866751265,17.902912877842798],[-62.84942471670755,17.902877842112055],[-62.84943412560439,17.902843523914253],[-62.849447002527015,17.902810253995153],[-62.849463223715034,17.90277835259006],[-62.849482632847796,17.902748127074023],[-62.84950504293559,17.902719868347834],[-62.84953023830419,17.902693848760727],[-62.84955797610816,17.902670318767257],[-62.84958292445895,17.902651162432324],[-62.84959270584283,17.90264318131094],[-62.84962185729331,17.902623612979962],[-62.849652804017886,17.902606759811732],[-62.849685270968955,17.902592771816305],[-62.849720973111474,17.902579289226274],[-62.84973356301807,17.902575206037795],[-62.84974603415466,17.902570788324763],[-62.8497511076904,17.90256951588483],[-62.849756073600055,17.902567905314154],[-62.84976902191318,17.902565023011146],[-62.84978188431877,17.902561797079805],[-62.84978706299849,17.902561006934977],[-62.84979217059603,17.902559870010453],[-62.84980535286039,17.902558216516685],[-62.84981848236034,17.90255621336421],[-62.849823717179184,17.90255591297875],[-62.84982891632377,17.90255526086962],[-62.84984220346795,17.902554852355088],[-62.849855475897854,17.90255409086687],[-62.84986071634429,17.90255428318456],[-62.84986595708807,17.90255412208898],[-62.8498792228833,17.902554962433328],[-62.84989250851822,17.902555450101797],[-62.849897703612726,17.90255613318521],[-62.84990293610615,17.902556464691692],[-62.849916051501445,17.902558545841387],[-62.84992922364786,17.902560277868773],[-62.84993432449169,17.902561445353143],[-62.84993949718994,17.902562266168044],[-62.849952335693565,17.90256556786937],[-62.84996526776218,17.902568527798138],[-62.849970224422286,17.902570168256275],[-62.84997528823897,17.90257147056852],[-62.849987726390076,17.902575960910262],[-62.85000029368972,17.90258012035335],[-62.8500050587856,17.902582218202248],[-62.850009964638424,17.902583989319904],[-62.85002188464947,17.902589625910405],[-62.85003396410433,17.90259494400864],[-62.85003849016558,17.902597478242054],[-62.85004319246847,17.902599701770043],[-62.850054479110646,17.90260643055974],[-62.850065954828864,17.902612855884296],[-62.850070200240566,17.902615802969645],[-62.850074651524054,17.902618456726703],[-62.85008519429897,17.902626211738653],[-62.85009595757156,17.90263368346603],[-62.850318592999635,17.90280480099081],[-62.85032697138501,17.902774354589255],[-62.85033774897155,17.902741593773083],[-62.85035172507448,17.90270995992012],[-62.85039694759698,17.902619797438483],[-62.85040420469416,17.902606981069464],[-62.85041122586486,17.902594045659903],[-62.85049713436643,17.90245313496466],[-62.85052115515082,17.90241848057406],[-62.8505491739558,17.90238669659794],[-62.85069028509723,17.90224413794337],[-62.85072863524744,17.902210393956523],[-62.85085779503334,17.90211157334828],[-62.8508869004097,17.902091399739056],[-62.85091787667576,17.902073965833956],[-62.85095044339792,17.90205942941398],[-62.85095714925636,17.902056800397688],[-62.85096623129982,17.90204582414756],[-62.85099164814547,17.902020576713653],[-62.85101950001074,17.901997805214233],[-62.8510495250131,17.901977724026803],[-62.85108144071055,17.901960521843282],[-62.85111494684042,17.901946360587544],[-62.85114972824767,17.901935373429122],[-62.85118545781235,17.901927663791284],[-62.85122179947171,17.901923304087894],[-62.85125841124147,17.90192233536427],[-62.85129494889821,17.90192476675759],[-62.851305235566244,17.901925933376422],[-62.85137834090345,17.901899738625108],[-62.851409479458475,17.90189003267777],[-62.85144137922665,17.90188294590982],[-62.85163204910901,17.90184885268778],[-62.851633018745254,17.901848680606648],[-62.85166875606762,17.90184238291239],[-62.85166875682305,17.901842382732188],[-62.851668758050515,17.901842382552353],[-62.85181574590316,17.90181647946019],[-62.851834618125466,17.90181362421489],[-62.852028848660105,17.901789042031904],[-62.852073632842156,17.901785951835116],[-62.852118483594914,17.9017879722536],[-62.852167148123904,17.901792953112817],[-62.85217196147316,17.90179139777152],[-62.85221772383748,17.901760598050615],[-62.852227852847136,17.901752062986148],[-62.8522278530361,17.90175206280552],[-62.85222788402408,17.90175203670718],[-62.85234479012501,17.90165350561309],[-62.85236097611796,17.901633265852094],[-62.852380556156824,17.90157647342154],[-62.85238530173184,17.90148073289103],[-62.85236349879759,17.901465787217447],[-62.85233443829625,17.901441179715388],[-62.852308168347115,17.901413847619164],[-62.852171754826976,17.90125640054087],[-62.85206550407164,17.901134739467555],[-62.851934062797376,17.90101980196538],[-62.85178680661475,17.900902736464985]],[[-62.83808122008214,17.899671535479218],[-62.83789418382219,17.899703032398403],[-62.837513893244875,17.89976708779723],[-62.83750439404351,17.89976823112954],[-62.837494962141086,17.899769804850212],[-62.83748601974933,17.89977044265973],[-62.837477123412235,17.89977151346116],[-62.83746755271022,17.899771759911854],[-62.83745800530903,17.89977244087199],[-62.83743713687819,17.899772945977592],[-62.83740716661596,17.899790962114416],[-62.837374000720935,17.899806792821103],[-62.837339373732334,17.8998194349836],[-62.83730991105977,17.89982712463022],[-62.83730363928979,17.899842784275684],[-62.83728704326602,17.899874508276856],[-62.83726727930962,17.899904522037044],[-62.837244537727614,17.899932536656646],[-62.83721903751029,17.89995828233166],[-62.837191024346254,17.899981510973287],[-62.83716076797654,17.900001998917382],[-62.83712855973808,17.90001954900134],[-62.8370947098245,17.900033992008087],[-62.83709215145529,17.900034806604765],[-62.83707112161866,17.900080433644106],[-62.8370711207675,17.90008043527036],[-62.83706827824933,17.900086603252596],[-62.83706827512848,17.90008660912514],[-62.83706827238427,17.900086616082643],[-62.8370606025332,17.900103257147098],[-62.837060601965675,17.900103258321657],[-62.837060601303406,17.900103259857683],[-62.837012288210694,17.900208081026644],[-62.83700786197058,17.900216534835472],[-62.83700384529461,17.900225174280454],[-62.83695473853165,17.90031821761072],[-62.83690947813406,17.900404018002256],[-62.836897761548265,17.900431775895008],[-62.83690273699756,17.900444579136586],[-62.8369121930816,17.900478885227034],[-62.83691809146371,17.900513913602534],[-62.8369203753328,17.900549326801055],[-62.83691902262344,17.900584783773976],[-62.83691404639064,17.90061994314037],[-62.83690549452399,17.900654466169495],[-62.83689344946122,17.90068802039608],[-62.836878027146916,17.900720282783006],[-62.83685937608584,17.90075094261296],[-62.83683767592419,17.900779704469986],[-62.83681313565286,17.90080629149204],[-62.836810390929664,17.900808734070058],[-62.836804185730315,17.90088169650235],[-62.83681086800431,17.900982881965014],[-62.83681569598259,17.90101201223399],[-62.83681569607658,17.901012012686007],[-62.836815696170326,17.901012013409176],[-62.83682248910628,17.901052998949513],[-62.83682615090592,17.901083308152792],[-62.83682832329795,17.901111767964352],[-62.83682832637618,17.90111180873147],[-62.83682832740286,17.90111182165768],[-62.836828536941304,17.901114561102233],[-62.836828875248116,17.901128045592163],[-62.83682932301445,17.901135704911326],[-62.83682915999338,17.901139396180486],[-62.8368294267941,17.9011500314309],[-62.83682668083625,17.901185414562022],[-62.83682032571755,17.90122036957795],[-62.83681912510057,17.901224514624126],[-62.83682475078662,17.901276114778703],[-62.83682475097436,17.901276115953895],[-62.836827324706675,17.901299718160736],[-62.83682928678768,17.90134466538126],[-62.836827809409066,17.901413705360547],[-62.83682427428793,17.901456201919984],[-62.836811509338006,17.90154389780795],[-62.8368083602107,17.901565789885765],[-62.836808358503404,17.90156579856149],[-62.83680835783584,17.901565805882274],[-62.836807813124686,17.90156959119535],[-62.83680781312443,17.901569591466515],[-62.83680781150931,17.901569602582764],[-62.836793050875606,17.90167220541014],[-62.83678975205242,17.901688993026507],[-62.836786519218336,17.90170578340971],[-62.83675760169958,17.901823295903935],[-62.836745827610535,17.90187177884316],[-62.83674959541268,17.901870119695033],[-62.836778506115934,17.901858751736846],[-62.83680829958843,17.901849711527856],[-62.83697931612819,17.901805185539338],[-62.837027123758766,17.901795865175632],[-62.83717641466329,17.9017762706239],[-62.837368394776334,17.901750091044022],[-62.83740215311782,17.901746960395034],[-62.83743805115079,17.901745183987657],[-62.83750054557063,17.90174208300762],[-62.837528413187975,17.901741686146455],[-62.837556235490176,17.901743258143828],[-62.83766503343206,17.901753273384593],[-62.837703738618345,17.901758786269937],[-62.83774164013166,17.901768104132678],[-62.83775901715214,17.901773308636493],[-62.837759021871136,17.90177331026739],[-62.83775902649614,17.90177331144628],[-62.838007547914756,17.901847751434012],[-62.83800758189136,17.901847763393373],[-62.838007615776775,17.90184777182756],[-62.83802502482649,17.901853902891645],[-62.83804233138445,17.901859994369797],[-62.838042362715306,17.901860008857774],[-62.838042396880674,17.90186002090767],[-62.838222936007554,17.901933420646255],[-62.83824595862417,17.901943668421996],[-62.8384060921285,17.902021317303717],[-62.83842827436884,17.902032983707727],[-62.83869282558635,17.902183381103182],[-62.838695060431256,17.902184661569535],[-62.83873336195866,17.902206779457103],[-62.83897285699546,17.90180833596772],[-62.83909988220695,17.901597156446908],[-62.839085907050716,17.901565848933146],[-62.839071323021166,17.901527247767046],[-62.83906140327297,17.90148731263708],[-62.839043946424916,17.90139370244438],[-62.8390395259725,17.90136189855633],[-62.83903806793573,17.901329844666282],[-62.83903820647031,17.901176250110723],[-62.839040200537426,17.9011394557437],[-62.83904609552989,17.90110304666735],[-62.83905583030475,17.901067401010074],[-62.839070910805376,17.901021813220826],[-62.8390888167064,17.900977873713018],[-62.83911855443004,17.90091696559073],[-62.83899781950756,17.900749377813263],[-62.8389953822174,17.90074595284103],[-62.838714542682474,17.90034640542106],[-62.83844071788783,17.899989970883812],[-62.838275052059444,17.899798741785137],[-62.83826760777171,17.899789868272155],[-62.83816502956972,17.899663573363757],[-62.83808122008214,17.899671535479218]],[[-62.823676943132476,17.905705144979382],[-62.823685126681994,17.905671567955128],[-62.82369661374577,17.905638890018462],[-62.82371130008152,17.90560740817621],[-62.82372905190698,17.905577408833054],[-62.82374970788542,17.90554916481061],[-62.823773080166724,17.905522932907907],[-62.82379895608885,17.90549895182415],[-62.82382710054078,17.905477439449214],[-62.823857257379984,17.90545859159961],[-62.82388915236152,17.90544257958069],[-62.82392249549941,17.905429549104213],[-62.82395698352283,17.905419618663597],[-62.8239923027095,17.905412878451916],[-62.82402813200168,17.905409389822378],[-62.82406414546156,17.905409184567496],[-62.824103826928635,17.905410771468183],[-62.824103827589425,17.905410771559172],[-62.824103828250294,17.905410771559765],[-62.824367288495054,17.90542130786489],[-62.8243863127286,17.90528890401764],[-62.824390960451744,17.905201577080256],[-62.82439848194258,17.90506006567752],[-62.82440774349088,17.904729014708977],[-62.82436966634867,17.904406464940667],[-62.824340567227914,17.90422288242352],[-62.824284057750724,17.90406868309346],[-62.824220896475865,17.90396776861543],[-62.82417212938157,17.90391459024888],[-62.824169807697686,17.903912034630384],[-62.82405137201276,17.90378041922865],[-62.823926142642534,17.903651656458656],[-62.8239261388704,17.903651652116668],[-62.823926134154156,17.90365164777383],[-62.823920149877395,17.903645494241257],[-62.82389681548403,17.90361906993265],[-62.82387622656117,17.90359063103004],[-62.82385857148325,17.903560438019106],[-62.82377765107193,17.903405040513956],[-62.823614891999654,17.90312095128871],[-62.82355387436296,17.903041228215823],[-62.82338187666506,17.90284962546231],[-62.8233544010536,17.902815007007856],[-62.8233314646411,17.902777481305062],[-62.823234271868586,17.902593970841753],[-62.823223812678975,17.902572507459595],[-62.82308779629968,17.902267707566807],[-62.82302191901102,17.90212007227949],[-62.82286040698129,17.901875087647504],[-62.8228474867846,17.90185393411123],[-62.822721134331026,17.901629975799587],[-62.82270397392154,17.901595268393155],[-62.822690755233104,17.901559014348205],[-62.822647370048216,17.901416034001766],[-62.822579938020475,17.901369078272978],[-62.82255943623432,17.901353740897576],[-62.82251194500226,17.901315618848436],[-62.822428222177656,17.901283257911984],[-62.82242619222119,17.90128246671123],[-62.822351524805626,17.90125312225957],[-62.8223340340499,17.90124574789709],[-62.822142060052876,17.901159191068395],[-62.822040788909575,17.90111571405429],[-62.82203430599281,17.901114509507135],[-62.82196332261403,17.901118799906723],[-62.821670342626994,17.90115633006742],[-62.82161479533593,17.90116608246106],[-62.82158668732714,17.90116997787299],[-62.821558353068895,17.90117183981886],[-62.82139875898892,17.901176565341157],[-62.82137730283604,17.901176616792174],[-62.82124148910024,17.90117324725231],[-62.82119907231521,17.901169897881022],[-62.82112098841005,17.901159464196034],[-62.82112098708859,17.901159463923655],[-62.82112098567254,17.901159463831966],[-62.82108872942093,17.901155153467474],[-62.8210501067869,17.901148011930808],[-62.82101246964191,17.9011370626573],[-62.820818649616335,17.901069935484927],[-62.82067764374394,17.901036322902613],[-62.82062690919074,17.901024227044648],[-62.82033393421435,17.90099553039401],[-62.82032207834673,17.900994187511017],[-62.820079270689824,17.900962951520594],[-62.82005796421991,17.900959614357827],[-62.819912036855705,17.900932636770758],[-62.81989093953899,17.900938063069535],[-62.81985669024983,17.90094370506326],[-62.81982204420358,17.900946308687885],[-62.81978729484758,17.90094585207003],[-62.819752736453005,17.900942338916785],[-62.819592887761765,17.900918925266133],[-62.81956332495779,17.90091343217221],[-62.819375034900105,17.900870922686305],[-62.81930723453968,17.900859292414943],[-62.819299841847226,17.90086068302663],[-62.81902568862839,17.900935171893686],[-62.81890521592173,17.900969510681335],[-62.81890521544951,17.900969510861668],[-62.818905212522,17.90096951167243],[-62.818814475257476,17.900995375629822],[-62.81875667637208,17.90101184755091],[-62.81856146552782,17.901091018422434],[-62.81851825996508,17.901105649763657],[-62.81847352129853,17.90111516258964],[-62.81839764231574,17.90112672462901],[-62.8183618922169,17.901130511484425],[-62.81832592802468,17.901131024860643],[-62.818222571957214,17.90112778473279],[-62.81818241483521,17.90114083689295],[-62.818161964281906,17.901146870917497],[-62.8175364751308,17.901312995410624],[-62.81751888980671,17.90131723326187],[-62.81747436596213,17.901326881006245],[-62.8174327606742,17.901333582964785],[-62.8173906341129,17.901335799787095],[-62.81732991955528,17.9013357428321],[-62.81729546702745,17.901334202579214],[-62.817261305051524,17.90132965939649],[-62.8172277184232,17.901322151152435],[-62.817194987475574,17.90131174038715],[-62.81716338505813,17.901298514128758],[-62.81704809156486,17.9012441284671],[-62.817014938432806,17.901226454865153],[-62.81689157405466,17.90115268256582],[-62.816856241612705,17.90112875419004],[-62.81668840037174,17.90100066256259],[-62.81665342356388,17.90097036238643],[-62.81642156240846,17.900742721326353],[-62.81639484008657,17.900713496988935],[-62.81614108565836,17.900403890145324],[-62.81612220992522,17.900378707420064],[-62.81610565654775,17.90035206930652],[-62.81609154711072,17.900324171698248],[-62.81593688118626,17.899981657878183],[-62.81592537848816,17.899952874850488],[-62.81591647789167,17.89992325856446],[-62.81583927407586,17.899617948835523],[-62.815835974320365,17.899601382667626],[-62.81583258715058,17.899584809457185],[-62.81583250127953,17.899583946722913],[-62.8158323318444,17.89958309629262],[-62.81583074404476,17.899566300624397],[-62.81582906987828,17.89954948896634],[-62.8158290726611,17.89954862197735],[-62.81582899122635,17.89954776015114],[-62.81582913051286,17.89953089281261],[-62.81582915977668,17.899521929437615],[-62.81572030903872,17.8993641245411],[-62.81570297234453,17.89933636575615],[-62.81568829608013,17.8993072347024],[-62.815676397730805,17.899276964509202],[-62.81566737249184,17.89924579741382],[-62.81560817864558,17.89899898498592],[-62.81560186101525,17.89896547997103],[-62.81553891801151,17.898509861055942],[-62.81553620009627,17.898481825689178],[-62.81551069428941,17.89802672053345],[-62.815458690116934,17.897808268513533],[-62.815324057820824,17.89764406774835],[-62.81529951724883,17.89761035562433],[-62.81510513815101,17.897308048387185],[-62.814974275190124,17.897119621012035],[-62.81492610747407,17.897060536370073],[-62.814923795871586,17.897057394401003],[-62.81492123937964,17.89705443234039],[-62.81467347597501,17.89673682907458],[-62.81466094692998,17.896719762665835],[-62.81444062090482,17.896400444990753],[-62.814393953829395,17.8963382200657],[-62.814392047596606,17.896336469893658],[-62.81429847715345,17.896308487360223],[-62.81426696189277,17.89629757091773],[-62.814236581688,17.896284022218804],[-62.81393158035465,17.896131880928],[-62.813929722858035,17.896130840335765],[-62.813927777682,17.896129957656164],[-62.813913735952134,17.89612188461357],[-62.81389959475026,17.896113962782717],[-62.81389785185184,17.896112752281795],[-62.81389600731003,17.89611169181648],[-62.81388286000168,17.896102340198787],[-62.81386959765535,17.896093129202793],[-62.81386798775115,17.896091761555375],[-62.813866259883106,17.896090532539198],[-62.81372020392516,17.895975577387336],[-62.813452034633514,17.896100030399584],[-62.81353890288396,17.89626280083097],[-62.813715386651886,17.896578813618554],[-62.81373089967202,17.89661011102561],[-62.8137432127677,17.8966426862446],[-62.813752212961326,17.89667624016795],[-62.81375781768326,17.896710464859126],[-62.81375997543018,17.896745045993665],[-62.81375866642273,17.896779666023313],[-62.81375378438963,17.89683510471956],[-62.813748613077344,17.89687155500643],[-62.813739599933655,17.896907313502464],[-62.813726838522285,17.896942010071633],[-62.81371046063061,17.896975285551065],[-62.81369063607701,17.89700679554722],[-62.81366756987523,17.897036213777497],[-62.81364150090891,17.897063235774915],[-62.813612699001936,17.897087581777722],[-62.813581462366265,17.897108999800196],[-62.813513889631366,17.89715052214317],[-62.81347267979792,17.897172493526867],[-62.812908971299656,17.897430282755906],[-62.812867239833615,17.897449632015615],[-62.81300909944552,17.897728891795115],[-62.813023652997195,17.89776152181203],[-62.81303479585922,17.897795360551783],[-62.813042420841306,17.897830081976675],[-62.813046454464974,17.897865351855966],[-62.813046857716195,17.897900830297477],[-62.81304362698536,17.897936175815804],[-62.813036793120574,17.89797104795274],[-62.81302642217918,17.898005110893404],[-62.813012613819716,17.898038036537887],[-62.812995501109825,17.898069507755046],[-62.812975248823555,17.898099221634844],[-62.81295205211726,17.89812689183711],[-62.81292613426035,17.8981522519338],[-62.812897744933515,17.898175057757456],[-62.81286715748864,17.898195089567853],[-62.81283466649154,17.89821215458059],[-62.812800584982696,17.898226088320282],[-62.812765240982,17.898236756605737],[-62.81272897503278,17.898244056813056],[-62.812692136235874,17.898247918594965],[-62.812655079605186,17.898248304691755],[-62.81261816181885,17.898245211379127],[-62.81258173848125,17.898238668465584],[-62.81254616034689,17.898228739108006],[-62.81251177011146,17.89821551872388],[-62.81247889901346,17.898199134716883],[-62.81244786343714,17.89817974484656],[-62.812418962459134,17.89815753596056],[-62.81239247435767,17.898132721821877],[-62.812368654159656,17.89810554147955],[-62.8123477313776,17.89807625664514],[-62.81232990736878,17.898045149340142],[-62.81209183292381,17.897576480338724],[-62.81207693562871,17.897542956898274],[-62.81206029954346,17.897499573183122],[-62.81206029869645,17.897499570651476],[-62.812060297472115,17.897499567848293],[-62.812043256557786,17.8974551262135],[-62.81203207056925,17.8974207521044],[-62.81202451095166,17.897385483319976],[-62.81202065267161,17.897349669549726],[-62.812020533871014,17.897313665961025],[-62.81202415587093,17.897277829583597],[-62.81203148260904,17.89724251578391],[-62.81205085724111,17.897168606993333],[-62.81206149460628,17.897135024676267],[-62.812075482399855,17.897102587811723],[-62.81209268888386,17.897071602141313],[-62.81211295193626,17.89704235954804],[-62.812136080564095,17.897015135526907],[-62.81216185698341,17.896990186475435],[-62.812190038226404,17.896967747525885],[-62.812220358976354,17.89694803001727],[-62.81225253345752,17.89693121977984],[-62.812580700688315,17.896779062126885],[-62.81258253467293,17.8967782176892],[-62.81289142319452,17.8966369604192],[-62.81287121935947,17.89660078305665],[-62.81286795942721,17.89659481275745],[-62.812680638787334,17.896243815813996],[-62.81267058650358,17.89622498070866],[-62.81265183510293,17.89618368230946],[-62.81262791272015,17.89612049688093],[-62.81262791121468,17.896120492088972],[-62.8126279087659,17.89612048657301],[-62.81261453841486,17.896085168468147],[-62.8126104778809,17.896078798516438],[-62.81261047769237,17.8960787982451],[-62.81261047740962,17.896078797792896],[-62.81249422969247,17.895896432328698],[-62.81245895649741,17.895857738772204],[-62.812312368025665,17.895814381915606],[-62.81226962721645,17.895798972855804],[-62.81222914185595,17.89577873649514],[-62.81186759629048,17.895570461382903],[-62.811828608207854,17.895544679698883],[-62.81169365804963,17.895442900074062],[-62.81166332856382,17.89541739590133],[-62.81163601583572,17.89538893781274],[-62.811430589439354,17.89515047868885],[-62.81103069703245,17.894699664418756],[-62.81102078096197,17.89468849092116],[-62.810407632788205,17.894027730498966],[-62.81008004415994,17.893699999961235],[-62.809850260607035,17.893501812457725],[-62.809850259569444,17.89350181164323],[-62.80985025872067,17.89350181082892],[-62.80976832636588,17.89343114473704],[-62.80968034280597,17.89336588226834],[-62.80968034157976,17.893365881272885],[-62.809680339693,17.893365880005625],[-62.80967539206066,17.893362209978907],[-62.809675386401274,17.89336220536364],[-62.80967538102405,17.893362201742907],[-62.80967146093374,17.893359293688167],[-62.80967143999232,17.893359278211527],[-62.809671371980116,17.89335922770913],[-62.80966985071229,17.893358099910376],[-62.80966981515265,17.893358070771026],[-62.809669776757204,17.8933580450636],[-62.80965558728867,17.893347520004674],[-62.809616798282185,17.8933443844411],[-62.80908403350266,17.893365304819614],[-62.80908403312503,17.89336530481924],[-62.80908402368416,17.89336530517154],[-62.80906643623018,17.893365996203727],[-62.809060605953675,17.893366182108615],[-62.808350802069725,17.89338355875315],[-62.80835080159769,17.893383558752685],[-62.80835080140888,17.8933835587525],[-62.80798934480502,17.89339240595462],[-62.80798934461622,17.893392405954437],[-62.80798934423859,17.893392405954067],[-62.80744913400071,17.89340562773824],[-62.80739559452585,17.8934128991289],[-62.80739559329838,17.893412899308462],[-62.80739559301517,17.893412899308178],[-62.80727078973493,17.893429849770598],[-62.80727078803544,17.89342984994969],[-62.80727078690237,17.893429850129344],[-62.80726468838507,17.89343067836636],[-62.807264685930335,17.893430678544707],[-62.80726468319201,17.893430679084325],[-62.807260260893656,17.89343127957778],[-62.80726026061034,17.893431279667883],[-62.8072601964055,17.893431288371882],[-62.80725763387583,17.893431636808653],[-62.80725760385213,17.893431639490547],[-62.8072575739198,17.893431644974534],[-62.8071900900778,17.89344080976429],[-62.80706705209441,17.8934728241086],[-62.80706333177152,17.893473791721693],[-62.80706333082718,17.89347379199192],[-62.80705359492427,17.8934763258367],[-62.80701798361465,17.893483846815677],[-62.80697755911396,17.893490442969195],[-62.80697755883065,17.8934904430593],[-62.80697750973135,17.893490451055083],[-62.80697308607152,17.89349117347267],[-62.80697303083767,17.893491179835404],[-62.80697297692,17.89349119126111],[-62.80696963240765,17.893491736414614],[-62.80696963136891,17.893491736684748],[-62.806849135031236,17.893511400222657],[-62.806834639510086,17.893513489332552],[-62.80638100868883,17.893570270218078],[-62.806225130301875,17.893608391545957],[-62.80580730546195,17.893734931122758],[-62.80574992433736,17.893752309366366],[-62.80571533176876,17.89376622482446],[-62.805695502724234,17.89377357953481],[-62.8056283264505,17.8937964346394],[-62.80559760551636,17.893805496454526],[-62.805442239013814,17.89384447615795],[-62.80541693744556,17.893849942341454],[-62.805245285003664,17.893881136856592],[-62.80522307227731,17.89388452078595],[-62.80502677441568,17.893908710778636],[-62.80501160903549,17.893910282158725],[-62.8048907713121,17.893920443926806],[-62.804574842744394,17.89396990978752],[-62.80448652179343,17.894000373744973],[-62.804304362310084,17.894066957923794],[-62.804147095311414,17.894151369125673],[-62.80412818493479,17.89416085664641],[-62.80398128072096,17.894229563820378],[-62.803937915964475,17.894246738342392],[-62.80379403073814,17.89429393179966],[-62.80377726316806,17.894299016979037],[-62.803618398873226,17.894343325427993],[-62.80361762196155,17.89434354121174],[-62.80337482946578,17.894410717676738],[-62.80336480192316,17.894413349472934],[-62.80319539828436,17.894455418352994],[-62.80312610684813,17.89447613505903],[-62.802999549982474,17.894531166803258],[-62.802935097571556,17.8945607487864],[-62.80289836208927,17.89457928676156],[-62.802864040097035,17.894599604902997],[-62.80272364281345,17.894707348501584],[-62.80268049182208,17.894735984834472],[-62.80261300021048,17.894774414951694],[-62.80257721547567,17.894792382764116],[-62.802539630330166,17.894806586840165],[-62.802500675068586,17.894816864557157],[-62.802460795890774,17.894823098231146],[-62.802443167230386,17.894824023718286],[-62.80229734807209,17.894889399858688],[-62.802193856097965,17.89493590071725],[-62.802084524475895,17.894996901151984],[-62.80185947124094,17.895125873746583],[-62.80185023217832,17.895131000041662],[-62.8016021812543,17.89526417895186],[-62.80140783213873,17.89547107566542],[-62.801193640017516,17.895704055664485],[-62.80107173953586,17.895848528657424],[-62.8010668128956,17.89585424656321],[-62.801055926329155,17.895866621162035],[-62.801055923304745,17.895866624232102],[-62.8010559201849,17.895866628205933],[-62.80103652967345,17.895888667957145],[-62.80103652627051,17.8958886718403],[-62.80103652617589,17.895888672020977],[-62.80090523018041,17.896037910446363],[-62.8007356953193,17.896265087623405],[-62.80073411383344,17.896267190845293],[-62.80067735217751,17.896342110239374],[-62.80067735132654,17.89634211141354],[-62.80067735094841,17.896342111865085],[-62.800530567875974,17.896535851444796],[-62.80060706698874,17.89658693195728],[-62.80063754336594,17.896609582393673],[-62.80066544671284,17.896635091750817],[-62.8006904859876,17.89666319390403],[-62.800712399633085,17.896693595461958],[-62.800730959066414,17.896725979024076],[-62.80080704610436,17.89687649792481],[-62.80095180261532,17.89696842634452],[-62.801102456455745,17.89704073858633],[-62.801309285941024,17.897121986743063],[-62.80132833073828,17.897130062539834],[-62.80154261736191,17.897227782937108],[-62.80167562362053,17.89726241695532],[-62.8017654767058,17.897100704574743],[-62.801834830639535,17.896886983357867],[-62.80184892795962,17.896850570239657],[-62.80196558940151,17.89659266499598],[-62.80197910314102,17.8965658707915],[-62.8020772969627,17.896390045130556],[-62.802087949281294,17.896372209149558],[-62.80216794674825,17.896246680812958],[-62.80215987728158,17.896235327791246],[-62.80214213146864,17.896204179693065],[-62.80212765994263,17.896171516239058],[-62.80211660207495,17.896137652027665],[-62.80210906427605,17.896102913193182],[-62.80210511924373,17.89606763424149],[-62.8021048049283,17.8960321548854],[-62.802108124347384,17.89599681688094],[-62.80211504558981,17.895961960592636],[-62.802125501913814,17.89592792164931],[-62.80213939260026,17.895895027871834],[-62.80215658399464,17.895863596110615],[-62.802176910360515,17.895833928902253],[-62.80220017614797,17.895806312121792],[-62.802226157130214,17.895781011639567],[-62.80225460314376,17.895758271154826],[-62.802285240357,17.895738309667188],[-62.80231777353826,17.895721319400113],[-62.80235188945635,17.89570746399668],[-62.80238725952565,17.89569687689531],[-62.802399623518006,17.89569441762943],[-62.802411722216306,17.89567789569532],[-62.802552790561116,17.89550211326515],[-62.80257678385823,17.895475073120963],[-62.802603429780696,17.89545041482716],[-62.80263247184781,17.895428375840375],[-62.802663630383364,17.895409168375846],[-62.80269660516121,17.895392977421615],[-62.80273107871138,17.895379958934246],[-62.802766719059534,17.895370238304967],[-62.802803182938035,17.895363909097618],[-62.80284011918544,17.89536103223859],[-62.802877172145486,17.89536163556839],[-62.80291398487756,17.895365713121745],[-62.80295020293219,17.895373225764178],[-62.80298547737208,17.89538410101428],[-62.803019468735826,17.895398234222686],[-62.80305184949153,17.89541548929768],[-62.80308230781162,17.895435699974346],[-62.803110550402884,17.895458671715545],[-62.80313630524253,17.895484183160814],[-62.80315932431321,17.895511988750293],[-62.80317938596078,17.895541820715614],[-62.80319629696867,17.895573391612725],[-62.80320989444241,17.89560639748736],[-62.8032200474118,17.89564052049776],[-62.8032266581492,17.895675431989208],[-62.80322966301578,17.895710795748737],[-62.80322903292997,17.895746271259544],[-62.803224774119506,17.895781516774868],[-62.80321750520541,17.895813639814683],[-62.80322338238072,17.895817146800553],[-62.80325275997391,17.895838774348665],[-62.80327978195068,17.89586305471936],[-62.80330418819626,17.895889754000667],[-62.80332574344974,17.895918615166682],[-62.803344240322765,17.89594936015948],[-62.80335950052361,17.8959816928731],[-62.80337137711982,17.896015301957693],[-62.80337975585674,17.896049863803686],[-62.80338455590956,17.89608504552524],[-62.803385731107085,17.89612050821539],[-62.80338327002228,17.89615591056159],[-62.803377196536,17.896190911377136],[-62.80336756898296,17.896225173667748],[-62.80335448024299,17.89625836761438],[-62.803338056133185,17.89629017328328],[-62.803318455025995,17.89632028460265],[-62.80329586567565,17.896348411439387],[-62.80327050551519,17.896374282941725],[-62.80324261886001,17.8963976500683],[-62.803212474167836,17.896418287573955],[-62.8031803618642,17.89643599689994],[-62.80314659122575,17.89645060734589],[-62.80311148745108,17.896461978236143],[-62.80307538854396,17.896470000182084],[-62.80303864219701,17.896474595802065],[-62.803001602391596,17.896475720893097],[-62.80296462562152,17.896473364517338],[-62.8029328067251,17.896468303283008],[-62.802907751901735,17.896473481502493],[-62.80290446574303,17.896479257245318],[-62.80273825963197,17.89674006185042],[-62.80265246074355,17.896893694236258],[-62.802550051974926,17.89712009271916],[-62.802476180647204,17.897347737420127],[-62.802464096661645,17.89737961538275],[-62.802448946077476,17.89741026910635],[-62.802289378231094,17.89769745167045],[-62.80226943302956,17.8977292894599],[-62.8022461828987,17.897759001063974],[-62.80221987279412,17.897786273358903],[-62.80219078021436,17.897810818652644],[-62.80215921198711,17.89783237820685],[-62.802005983105154,17.897926048596396],[-62.80197045430722,17.89794526334263],[-62.801932967440216,17.897960695658345],[-62.80189396019007,17.897972165394687],[-62.80179593366243,17.897995522851897],[-62.801758185966754,17.898002584769735],[-62.80171988368911,17.898005933925393],[-62.801681424325785,17.89800553565329],[-62.801643206746135,17.898001394065513],[-62.8016056273218,17.897993552047897],[-62.8013117116554,17.897917018253985],[-62.80127954529902,17.89790714329132],[-62.80124842932241,17.897894555709488],[-62.80101295942459,17.897787175117607],[-62.800802597193325,17.897704539118422],[-62.80077669960879,17.897693256563254],[-62.80059287861291,17.897605024340482],[-62.800553384129444,17.897583112703664],[-62.80030342975516,17.89742437756536],[-62.80027105141238,17.897401339897982],[-62.80024142463391,17.89737512695395],[-62.80021488753492,17.89734603771971],[-62.80019174288477,17.897314404136708],[-62.80017225480697,17.89728058730168],[-62.80009411226045,17.89712600117242],[-62.800047806847445,17.897095081713648],[-62.79993184607233,17.897053752239533],[-62.79990763949487,17.89707293232607],[-62.799636093933444,17.897334751364433],[-62.79943237322937,17.897553968315915],[-62.79932422720731,17.897710843029095],[-62.79930945811712,17.897732266405008],[-62.79923817954099,17.897864571407467],[-62.7991778169608,17.898032995033144],[-62.79916889702643,17.898055428447062],[-62.79910762958006,17.898195356465486],[-62.79910208714617,17.898207395433225],[-62.799046161139515,17.898323123511982],[-62.79926934192571,17.898421803827983],[-62.799274873157046,17.89841980646595],[-62.7996470187572,17.898295154015663],[-62.79969422062157,17.89826667954634],[-62.79972611063324,17.898249450891832],[-62.799759593568346,17.898235260146556],[-62.79979435452353,17.89822424093934],[-62.79983006692296,17.898216496788347],[-62.799866394690376,17.898212100470666],[-62.79990299649814,17.898211093303583],[-62.79993952803321,17.89821348487578],[-62.79997564596264,17.898219252599453],[-62.80001101057637,17.898228342255372],[-62.80010527513316,17.898257329227658],[-62.80025947245376,17.89829116552458],[-62.800299139388315,17.898270768286288],[-62.800409670300006,17.89819333869294],[-62.80043161183815,17.8981790730017],[-62.80063355323127,17.898057472670065],[-62.80066780754382,17.8980391517855],[-62.80070386244372,17.89802433269916],[-62.800741328795404,17.89801317535823],[-62.80077980211916,17.898005800376183],[-62.80081886703024,17.898002287229573],[-62.80085810186498,17.898002673991687],[-62.80089708302451,17.898006956342662],[-62.801054988992085,17.898032319408763],[-62.801090518071454,17.89803972558097],[-62.8011251385568,17.89805036901986],[-62.80115852929119,17.898064150966647],[-62.80119038085619,17.898080943660528],[-62.80122039774193,17.898100591515888],[-62.80124830183885,17.8981229122105],[-62.80127383432345,17.898147698856658],[-62.80129675848861,17.898174721721393],[-62.801316861818364,17.898203730126678],[-62.80133395787299,17.898234455253277],[-62.80134788826939,17.898266612131263],[-62.80135852371632,17.898299902623783],[-62.80136558229376,17.89833315448725],[-62.801582451398694,17.898345258937432],[-62.801602653460876,17.898346908564772],[-62.80162764942594,17.89834959836536],[-62.80162765018111,17.898349598456516],[-62.80162766849395,17.898349600463682],[-62.80166039627827,17.898353120747796],[-62.801696976132625,17.898358807275134],[-62.801732797606235,17.89836789925379],[-62.80176751583292,17.898380308928942],[-62.80180079636614,17.89839591692124],[-62.801832318860086,17.89841457295353],[-62.80186177952266,17.89843609720916],[-62.80188889470049,17.89846028250485],[-62.80191340333177,17.898486895920097],[-62.80193506939817,17.89851568114972],[-62.80195368418796,17.89854636094652],[-62.80196906836998,17.89857863983496],[-62.80198107387867,17.898612207005435],[-62.801989585043785,17.898646739207763],[-62.80199451990881,17.89868190382562],[-62.80199583088823,17.898717362131176],[-62.80199350551909,17.89875277281088],[-62.80198756608027,17.89878779476707],[-62.80197806968309,17.898822090643215],[-62.801965107984444,17.89885533025827],[-62.801948805673184,17.898887193407212],[-62.80192931971104,17.89891737338534],[-62.801906837914004,17.89894557933699],[-62.80188157668271,17.898971539687903],[-62.80185377930055,17.89899500449367],[-62.80182371347647,17.89901574778729],[-62.80179166879351,17.899033569745914],[-62.80175795387434,17.89904829867655],[-62.80172289335816,17.899059792820733],[-62.80168682487837,17.899067941436137],[-62.80165009585118,17.899072666058764],[-62.801613060076164,17.899073921132175],[-62.80157607405345,17.8990716947269],[-62.80154332782641,17.899068172420424],[-62.80154331829282,17.899068170964515],[-62.801543309513484,17.899068170413248],[-62.80152837226989,17.899066563023425],[-62.8012776048425,17.89905256646291],[-62.801041029829285,17.899039740762912],[-62.801004739883304,17.89903608268979],[-62.80096898810301,17.899029088256782],[-62.800934108338666,17.899018822703283],[-62.800900426381226,17.899005382082606],[-62.800868256565366,17.898988891721903],[-62.80083789940976,17.898969505677403],[-62.8008096382204,17.898947404923145],[-62.8007837371097,17.898922795812354],[-62.80073553492777,17.89887234404879],[-62.80072946112489,17.898865303382916],[-62.800723936017725,17.898869173880016],[-62.80067962507748,17.898895906095255],[-62.80056549490091,17.898954593137113],[-62.80053178980169,17.898969921220317],[-62.800496669199454,17.898981989761527],[-62.80046047592863,17.89899068088528],[-62.80032883467248,17.89901574670785],[-62.800289458175286,17.89902119850405],[-62.800249701058455,17.899022653626357],[-62.8002100047001,17.899020095896233],[-62.8001708097674,17.89901355387632],[-62.799939977746185,17.898962901302003],[-62.7999368260449,17.898964152181858],[-62.7995328853853,17.899099454628498],[-62.79940088489853,17.899150637283768],[-62.799364442820334,17.899162733001155],[-62.799326902029016,17.899171206680855],[-62.7992886543251,17.899175969966194],[-62.799250098546416,17.89917697328404],[-62.79921163707459,17.899174205931576],[-62.79917367101911,17.899167697065607],[-62.79913659644239,17.899157514342836],[-62.79910080011104,17.899143764096255],[-62.79875522557012,17.898990966965936],[-62.79877341497764,17.89934884757634],[-62.79878775305351,17.899525603717823],[-62.79878775305269,17.89952560444092],[-62.79878775305218,17.899525604892855],[-62.79880505153353,17.89973886041115],[-62.798814258310216,17.899779247548764],[-62.79889432286139,17.89994261866615],[-62.79890034051998,17.899955550023464],[-62.798966606528005,17.90010579624178],[-62.798978909171,17.900137832198887],[-62.79898800159134,17.900170836047923],[-62.79901854924612,17.900307604840425],[-62.799018550184,17.90030761035499],[-62.79901855159442,17.900307615418114],[-62.79905145704418,17.900454961901417],[-62.79905202407884,17.900457547189536],[-62.79912449852949,17.900794085643145],[-62.79916824872117,17.90096249321517],[-62.79922036878028,17.901130779611183],[-62.799344966287144,17.901505134074952],[-62.79950774646044,17.901956860780178],[-62.799517469438,17.90198843822169],[-62.79952415190964,17.90202073155923],[-62.79953739690521,17.90210461263044],[-62.79955665334649,17.902151770015738],[-62.7995566534406,17.902151770287002],[-62.79955665428825,17.90215177209561],[-62.799570778772406,17.9021863623209],[-62.799570779242835,17.90218636376757],[-62.79961686934248,17.902299225847003],[-62.79988176714466,17.902929705821823],[-62.79999244778226,17.90316828827095],[-62.80001596847111,17.903185223451796],[-62.800223810513856,17.903298150332052],[-62.80060275539988,17.90348776568977],[-62.8006027634197,17.903487770217325],[-62.80060277247863,17.903487774203626],[-62.80068032499767,17.903526584386086],[-62.80068992871583,17.90353156097599],[-62.80069917209234,17.903536517672958],[-62.80069917237547,17.903536517763627],[-62.80069925087787,17.903536559873885],[-62.800822625065486,17.90360268074186],[-62.800854786491115,17.903622012140428],[-62.80088475746983,17.90364433815962],[-62.80091223491347,17.903669432975278],[-62.80093694097205,17.903697042859623],[-62.80102950533274,17.90381168474064],[-62.801053903992205,17.903845762378612],[-62.801074082523485,17.903882282563494],[-62.8011264810129,17.903991839763858],[-62.80114388324718,17.904035470730452],[-62.80120516668546,17.90422505266126],[-62.80124679064815,17.904303400268308],[-62.80127065289996,17.904329830151845],[-62.80139000627593,17.90441592602607],[-62.801619019340585,17.904556880831002],[-62.8016489643108,17.90457735178734],[-62.80185642974704,17.904734334168026],[-62.801856429935775,17.9047343342586],[-62.801856432671386,17.904734336340283],[-62.80190391560787,17.904770264355847],[-62.80190391787163,17.904770266256275],[-62.80190392079616,17.90477026824776],[-62.80191137866778,17.904775911456586],[-62.801917559268475,17.904780690171087],[-62.80220293354784,17.905006123487016],[-62.80230619795189,17.905075890520223],[-62.80241682640104,17.905106542656622],[-62.80262256459938,17.9051511741581],[-62.8028700472286,17.905201184160713],[-62.8029129387062,17.9052124128732],[-62.80295415433691,17.905228390431528],[-62.8031301807814,17.90530847954426],[-62.80315939992821,17.905323308582794],[-62.80339958266199,17.905458421133577],[-62.80339995636711,17.905458655703324],[-62.80340035210881,17.905458855134835],[-62.80342881074493,17.90547495104047],[-62.80345546797264,17.90549151495389],[-62.803480576163835,17.905510165958955],[-62.803503957498755,17.90553077200236],[-62.8038336063294,17.90584683476473],[-62.803840342411014,17.90585396060138],[-62.80384740699457,17.905860789396115],[-62.80399464877878,17.906017831193584],[-62.80402810941052,17.90605918369108],[-62.80411314377639,17.906181644025086],[-62.80413429234643,17.906216088320782],[-62.80415134189032,17.906252556318595],[-62.80416408424477,17.906290602654952],[-62.804199976577316,17.90642242277138],[-62.804207340906096,17.906455878460687],[-62.80421137136209,17.906489850610917],[-62.804212031739546,17.906524035305303],[-62.804208631671735,17.90663699735177],[-62.80420714443066,17.90666028149284],[-62.80417717966909,17.906966726344645],[-62.804194738755136,17.907161283223264],[-62.80421990561843,17.90726921974756],[-62.804281686045904,17.907433421919833],[-62.80436545476219,17.907615820252143],[-62.8043654568344,17.90761582468318],[-62.804365457116944,17.907615825316178],[-62.80442761583799,17.907751164955435],[-62.80449133077964,17.907847292807485],[-62.80456852664782,17.907931145001616],[-62.80468131878966,17.90804186611676],[-62.804692726615784,17.908053572173266],[-62.80478501063074,17.908152575056373],[-62.804810286331865,17.908182805242028],[-62.80483203997102,17.908215450011298],[-62.8048781507299,17.908293581419816],[-62.80489688571778,17.90832994926173],[-62.80491124895739,17.90836809695562],[-62.80492105979279,17.908407544457695],[-62.804961581616546,17.90862362764726],[-62.80496487065112,17.908644728763445],[-62.80498864281887,17.908835685699447],[-62.8049894904162,17.90884315340373],[-62.805010498833845,17.90904805226154],[-62.80503422170167,17.90927927989587],[-62.805054489071395,17.90943312318823],[-62.80505448963077,17.90943312969664],[-62.80505449094455,17.909433137019292],[-62.80505765407895,17.909457154698302],[-62.80506465627522,17.90948409381846],[-62.8050696717364,17.909506360842617],[-62.805139241487126,17.909870563267557],[-62.80516414003248,17.909942359118087],[-62.805191298195666,17.909967222701983],[-62.80528293613868,17.910033041075494],[-62.80539132763954,17.910091821921473],[-62.80561099835785,17.910202676543257],[-62.80562324304951,17.910207218418],[-62.80563527215546,17.910207724215322],[-62.805639367538696,17.910207040281072],[-62.80565562132027,17.91020197324948],[-62.80572701873974,17.910171288887437],[-62.805839434225135,17.910115391712974],[-62.8058630475883,17.91009997168932],[-62.80602168273431,17.909996400430867],[-62.806047354594334,17.90998104534537],[-62.8061850586012,17.909905851993614],[-62.80619136416518,17.909902334543244],[-62.80619136425969,17.90990233445295],[-62.80619136482657,17.909902334091967],[-62.80655149652273,17.909701438018743],[-62.80655738576072,17.909698220226723],[-62.806756270147936,17.90959180655777],[-62.80679556116785,17.909573553173427],[-62.806891016680986,17.909535567945202],[-62.80692465344042,17.90952393825489],[-62.80694587798442,17.909518710095412],[-62.806960653613515,17.90951085965218],[-62.8069947768418,17.909496732050066],[-62.80703018563855,17.90948588486003],[-62.807066536981765,17.909478423222794],[-62.8071034784437,17.909474419549912],[-62.807140652157166,17.909473912623945],[-62.80725791898553,17.909477843119014],[-62.80730214384427,17.909481827868145],[-62.807474103733576,17.909507160932474],[-62.80761764709336,17.909522932297524],[-62.8076246969004,17.909523771276902],[-62.808011843043026,17.90957338727863],[-62.80801795297437,17.909574218989533],[-62.80828902571406,17.909613285379173],[-62.808454264187844,17.90961409371262],[-62.808615796783606,17.90960773429205],[-62.80877639437369,17.909591703512767],[-62.80895234623208,17.909565272580444],[-62.80901386445302,17.909544980738918],[-62.809158055712494,17.90948640816668],[-62.80915805580701,17.909486408076386],[-62.80915805826283,17.90948640708454],[-62.809168614888904,17.90948211872877],[-62.809204875140175,17.909469440739613],[-62.809390862422205,17.90941455028746],[-62.809431397757265,17.90940490114764],[-62.809641546553046,17.909366547785783],[-62.8096671159948,17.90936274518243],[-62.80999862855555,17.909324525994286],[-62.81024962502405,17.90929541114854],[-62.81028953616136,17.90929282459038],[-62.81037196714579,17.909291671957323],[-62.81046504755519,17.909271094411874],[-62.81050109886689,17.909264870138838],[-62.81053761044653,17.909262019092008],[-62.81076379487794,17.909254899738396],[-62.810814849319115,17.909256602277654],[-62.81097326800625,17.909272203317926],[-62.81100612039129,17.90927684377701],[-62.81103842000617,17.90928422919411],[-62.81106991700038,17.909294302383262],[-62.81120178023932,17.909342742112116],[-62.81126343434812,17.909365392746896],[-62.81150807023244,17.909437328652356],[-62.811509689295534,17.90943780845721],[-62.81168608513326,17.90949050843422],[-62.81178412952083,17.90946452667398],[-62.81191266958652,17.909428843471936],[-62.81203707273654,17.909367127128373],[-62.81207553195022,17.90935058533268],[-62.81219351894422,17.90930724123002],[-62.8122269521926,17.909296642912263],[-62.812261271342074,17.90928907231795],[-62.81239821672385,17.909265239204355],[-62.812404008435024,17.909264510122814],[-62.81240973539085,17.909263410211842],[-62.81246647512158,17.909255261383414],[-62.812471000720585,17.909254827458337],[-62.81247547925978,17.90925407415108],[-62.81273611216971,17.90922276201875],[-62.81274090894645,17.90922221554552],[-62.812951162739125,17.909199566852106],[-62.813105423987,17.909180566686214],[-62.81335949668029,17.90914119864887],[-62.81337085202825,17.90913960833513],[-62.8135946932082,17.909111576511343],[-62.81367436579432,17.90908938202564],[-62.81371041622441,17.909081152556286],[-62.81374713567845,17.90907634558595],[-62.81378417043769,17.90907500741546],[-62.81382116389156,17.909077150899982],[-62.813857759747705,17.909082755361766],[-62.81389360561935,17.909091766864663],[-62.81392835623472,17.909104098669165],[-62.81396167692952,17.90911963195879],[-62.813993246761136,17.90913821719884],[-62.814022761906074,17.909159675314637],[-62.814049937829424,17.909183799772446],[-62.81407451305964,17.90921035811961],[-62.81409625079091,17.909239094607273],[-62.81411494171305,17.909269732543045],[-62.81413040580282,17.909301976823574],[-62.81414249411454,17.909335517009286],[-62.81415109028816,17.90937002994706],[-62.81415611148961,17.909405183386554],[-62.81415750935222,17.909440638692693],[-62.81415527044516,17.90947605446157],[-62.814149416364764,17.90951108959369],[-62.814140003447704,17.909545406728412],[-62.81412712229597,17.909578675316634],[-62.81411089701805,17.909610574964447],[-62.81409148380975,17.909640798414543],[-62.81406906972349,17.90966905479903],[-62.81404387049468,17.909695071716275],[-62.81401612893287,17.909718598844908],[-62.81398611218229,17.909739409477837],[-62.81395410926415,17.909757303231505],[-62.81392042843125,17.909772107760823],[-62.813885393956156,17.909783680473435],[-62.813777910409996,17.909813622243234],[-62.81374987214808,17.909820330316922],[-62.813738108460015,17.909822244298375],[-62.81376927167874,17.909837553385017],[-62.813769311406595,17.909837572856215],[-62.81376931206712,17.909837573218386],[-62.81377144397,17.909838620220754],[-62.81377144925415,17.909838623118183],[-62.813771454444534,17.90983862538282],[-62.813774581713474,17.909840161336202],[-62.813774594451964,17.909840168398567],[-62.81377460832454,17.909840174377372],[-62.813778901949334,17.909842283595484],[-62.813778907705256,17.909842286764533],[-62.81377891270692,17.909842288938602],[-62.81384822361798,17.909876340159325],[-62.8140854401708,17.909976342514454],[-62.814111597387246,17.909983996963902],[-62.814114654371664,17.909983946465175],[-62.81411815139257,17.90998292481848],[-62.81414838855653,17.90996453629196],[-62.81426174092921,17.909875630094046],[-62.814265865349405,17.909858084971862],[-62.814277507276365,17.909824400407523],[-62.81429254197261,17.909791970485745],[-62.81431082446975,17.90976110744438],[-62.8143321788475,17.909732108668177],[-62.81435639937026,17.90970525334566],[-62.814383252849886,17.909680800121286],[-62.81441248063113,17.909658984476255],[-62.814443801332,17.909640016471425],[-62.81446229225538,17.909631116262684],[-62.81447166961712,17.90961667668343],[-62.814515221787104,17.909527520745705],[-62.81453340896013,17.909459696328312],[-62.81454049148848,17.9093571771797],[-62.814540492639104,17.909357160188076],[-62.81454049273398,17.909357159736228],[-62.814540997806844,17.90934984240746],[-62.81455395316824,17.909158467728393],[-62.81456030615202,17.909054119715993],[-62.81456506409649,17.90893616099488],[-62.814567654740465,17.908905608999397],[-62.81459371416212,17.908704468832955],[-62.81459904701696,17.908674018060594],[-62.814607074136205,17.908644113983343],[-62.81461279433759,17.908626043506125],[-62.81463214846521,17.908549088760665],[-62.814638004499244,17.908528495533773],[-62.81466403053524,17.908446591859356],[-62.81466466391483,17.908444901414676],[-62.81466513939085,17.90844316336654],[-62.81469992775891,17.908337464649538],[-62.81458201183544,17.908285196147276],[-62.814549336210824,17.908268811681822],[-62.81451848613724,17.90824945350548],[-62.81448975580297,17.908227306379093],[-62.81446341944711,17.908202581618358],[-62.81443972805725,17.908175515011667],[-62.81435738549922,17.90807151871147],[-62.814335880439955,17.90804129705458],[-62.814317674192715,17.908009150319423],[-62.814302952879245,17.90797540733111],[-62.81429186719897,17.90794041333125],[-62.81423805039047,17.907733348934634],[-62.814238050108735,17.90773334748818],[-62.81423804992048,17.907733346945673],[-62.81422441913918,17.907680900423568],[-62.81413291533346,17.907606799053962],[-62.814105517898724,17.90758227669194],[-62.81408079644327,17.907555273593392],[-62.81405899465142,17.907526056000645],[-62.814040327577125,17.907494912092698],[-62.81394071926726,17.907307770312755],[-62.81392470975235,17.90727337229482],[-62.81391252447001,17.907237566631135],[-62.81386928360286,17.907083722985487],[-62.81386232231768,17.907054025867975],[-62.81385799476293,17.907023873459366],[-62.813856331492715,17.90699347946361],[-62.813854725058285,17.906843286036842],[-62.81373129718517,17.90682943521009],[-62.81371885230653,17.906827837462604],[-62.81359409601917,17.906809794309503],[-62.81355624323135,17.90680240670997],[-62.81351937691808,17.9067913554932],[-62.81348388272843,17.90677675645335],[-62.813332946052384,17.90670571094241],[-62.813255811651274,17.90667367805413],[-62.81323574930502,17.90666904428411],[-62.81307264157688,17.90665424277929],[-62.813007556298054,17.90665157892976],[-62.81297173158567,17.90664847108551],[-62.81293637828206,17.90664211418929],[-62.812901817046544,17.90663256585486],[-62.81286836152124,17.906619912703647],[-62.81283631531073,17.90660426963871],[-62.81280596905642,17.90658577857648],[-62.81277759807762,17.906564607179067],[-62.812733960740694,17.906528717767735],[-62.81270840526167,17.906505637205832],[-62.81268520075886,17.906480382839067],[-62.812664548099974,17.90645317332662],[-62.81259539140021,17.90635252822044],[-62.81255120691135,17.906353238236374],[-62.81251462732753,17.906352128035277],[-62.81247833179964,17.90634763320296],[-62.81244266111231,17.90633979600748],[-62.812398375574006,17.906327876495197],[-62.812367099425785,17.906318031238357],[-62.812336837891635,17.906305615538567],[-62.81230782086088,17.906290723620337],[-62.81228026885578,17.906273468770852],[-62.81216162237471,17.906191879585016],[-62.812157286110335,17.906188852682643],[-62.811859799533636,17.90597808146189],[-62.81185521111374,17.90597477853873],[-62.81155772297198,17.905757227840546],[-62.81155505594055,17.90575525943447],[-62.81124437004719,17.90552382733288],[-62.81111197070751,17.90543258332778],[-62.811109785650665,17.90543106605227],[-62.81093266856044,17.905307154650192],[-62.81069274549213,17.905203757867678],[-62.81036727198184,17.905064441060865],[-62.81036398713487,17.905063016888757],[-62.810116009169654,17.90495413916822],[-62.81011262037417,17.90495263182496],[-62.80990764193929,17.904860272223118],[-62.80990028837211,17.904882228148956],[-62.809899641125824,17.904883877529283],[-62.80989914875749,17.90488557451398],[-62.809855803339985,17.90501078669492],[-62.80984953701467,17.90502750187443],[-62.80982008043699,17.90510039361221],[-62.80980819286537,17.90512666776595],[-62.809718955412485,17.905304267407228],[-62.809676262978165,17.905398520597444],[-62.8096115950955,17.905541525581143],[-62.8095978956395,17.905568658792713],[-62.80958188341959,17.905594605401674],[-62.80951627484994,17.905691460787892],[-62.809502268562504,17.905719890020272],[-62.809483249309714,17.905750341993723],[-62.809461203955095,17.905778862599295],[-62.80943634474536,17.905805177177285],[-62.80940891109569,17.905829032245133],[-62.80937916722655,17.905850198116333],[-62.80934739961245,17.905868470976895],[-62.80931391414744,17.905883674780732],[-62.80927903331075,17.905895663145085],[-62.809243092955356,17.90590432061278],[-62.809206439379906,17.905909563824444],[-62.809169425551445,17.905911342147565],[-62.809132407799886,17.905909638667453],[-62.809095742702894,17.905904469641918],[-62.80905978340323,17.9058958849496],[-62.80902487621084,17.905883967182685],[-62.8089913572044,17.9058688311917],[-62.80895954930601,17.905850622636358],[-62.80892975878903,17.905829516987872],[-62.80890227254226,17.9058057174473],[-62.80887735533384,17.905779453225495],[-62.80885524707572,17.905750977280682],[-62.808836160654835,17.90572056387583],[-62.808820279953366,17.905688505865058],[-62.8088077578691,17.905655111980067],[-62.808798714997,17.905620703755613],[-62.80879323840495,17.905585612726313],[-62.8087913809768,17.905550176810493],[-62.80879316037742,17.90551473714561],[-62.80879855962238,17.90547963510606],[-62.80880752660981,17.905445208777607],[-62.80881997506812,17.905411789704438],[-62.808832066159134,17.905383759957807],[-62.808846758007654,17.90535369318462],[-62.80886426821214,17.905325043099328],[-62.808931011631856,17.905226512910925],[-62.80898318609546,17.905111136649843],[-62.809028959661106,17.905010081768186],[-62.80903511377141,17.904997193304954],[-62.80912107313656,17.904826119043975],[-62.80914178227068,17.904774873813206],[-62.80918162987316,17.9046597669602],[-62.8092437409912,17.904474321787777],[-62.809262560676046,17.904381146115945],[-62.809193062136295,17.904311012088996],[-62.80916943209517,17.9042847518752],[-62.80914853715859,17.904256445992598],[-62.809067153734944,17.904134154089604],[-62.809051422755445,17.90410819789683],[-62.80903799428265,17.904081082038093],[-62.809026960921294,17.904052993524758],[-62.80895401022192,17.903840955673225],[-62.808944176508504,17.903806834465396],[-62.8089329270763,17.903758728564945],[-62.80893292529286,17.903758718891794],[-62.80893292256521,17.90375870930811],[-62.80891117558477,17.903665688899707],[-62.80890475196483,17.90362983280654],[-62.808876640522726,17.90340574516368],[-62.80887642207371,17.90340396685842],[-62.808870600492945,17.903355535917406],[-62.808759062520664,17.903410337948724],[-62.80873348658775,17.903421769088812],[-62.80854910818877,17.903496274533556],[-62.80850767721757,17.903510356915532],[-62.808422597461806,17.903534035919403],[-62.808390111493345,17.903541601778485],[-62.80835705392664,17.903546387130508],[-62.808160690132354,17.903566348553955],[-62.807953679889515,17.90358966573581],[-62.80790542019833,17.903592120572764],[-62.807549339468856,17.90358838814472],[-62.80745197720078,17.90358829187026],[-62.80741255036578,17.90358627683218],[-62.807373558663606,17.903580331743346],[-62.807365070596326,17.90357814791304],[-62.8073544578014,17.90358088056247],[-62.80731705134083,17.903586745082205],[-62.80726876422079,17.903591949664435],[-62.80723231343651,17.90359417677105],[-62.80719884440303,17.903594668774694],[-62.807161287567695,17.90359343060519],[-62.807124045293875,17.90358862498936],[-62.80707357846122,17.903579645662788],[-62.807036044223665,17.903571046926757],[-62.806981743607444,17.903555760195633],[-62.80694556732367,17.903543634808095],[-62.80691086125338,17.90352806098585],[-62.80686644488202,17.903505430150013],[-62.806856159375364,17.90349999130996],[-62.80683211438951,17.903486805044718],[-62.80680642034982,17.90347544196064],[-62.80678350403284,17.9034665409666],[-62.80675410148445,17.903458298778787],[-62.8067240980674,17.90345184031731],[-62.80669048205416,17.90344136011548],[-62.80665950123143,17.903428522975627],[-62.806640173363355,17.903426773051503],[-62.80660879308726,17.903428056377162],[-62.806541727248764,17.903455339002797],[-62.806506948756926,17.90346759551697],[-62.80647108276338,17.903476529316563],[-62.80643447490513,17.903482054515578],[-62.806397477676036,17.903484117774376],[-62.806360447404614,17.90348269920052],[-62.8063237405716,17.903477812616313],[-62.80628771078934,17.903469505013444],[-62.806252705119995,17.90345785627814],[-62.806219060582706,17.903442978735768],[-62.80618710122843,17.903425015701686],[-62.80615713483703,17.90340414003171],[-62.8061294499919,17.903380552853775],[-62.80610431334462,17.903354481215082],[-62.80608196687888,17.903326176361993],[-62.80606262602542,17.903295910845692],[-62.806046476832464,17.903263976078936],[-62.806033674835604,17.903230679713587],[-62.80602434345669,17.903196342204343],[-62.80601857240149,17.90316129445702],[-62.806016417380754,17.903125873941633],[-62.80601789916936,17.903090421799043],[-62.80602300332703,17.9030552793156],[-62.806031680768015,17.90302078503134],[-62.806043848048304,17.902987271215178],[-62.806059387841344,17.902955060521123],[-62.80607815045175,17.90292446318778],[-62.80609995532939,17.9028957738764],[-62.80612459239421,17.902869268870212],[-62.80615182449374,17.90284520345573],[-62.80618138919978,17.902823809303342],[-62.80621300183148,17.902805292662666],[-62.80624635800727,17.90278983165348],[-62.806347585684016,17.90274865178032],[-62.80638052225755,17.90273695268438],[-62.80641445180701,17.902728234535257],[-62.80647713068955,17.90271508771213],[-62.80647980099203,17.90271464249951],[-62.806436888073186,17.90254631302289],[-62.80641494541848,17.902498886901036],[-62.80641424700359,17.90249807670164],[-62.80630630886767,17.902476424092892],[-62.806241424779564,17.902467881690722],[-62.80620858366843,17.902462131761666],[-62.80617640122756,17.902453627400284],[-62.80583628194413,17.902348051043415],[-62.805823752022505,17.902343927660954],[-62.80547442675345,17.902222370130414],[-62.80545886830315,17.902216580308753],[-62.80543992422054,17.90220906505161],[-62.80523995237605,17.902129753448342],[-62.80523995114931,17.90212975290479],[-62.80507276053882,17.90206344326351],[-62.805056577901915,17.902056595619932],[-62.80482987043128,17.90195452054734],[-62.804800616525576,17.90193981989175],[-62.80477281669366,17.901922727516446],[-62.804746683686574,17.901903374244434],[-62.80463336998375,17.901811599234293],[-62.80460989102025,17.901790891086637],[-62.80445323655772,17.90164051804119],[-62.80430654740298,17.90151222899008],[-62.8042465381657,17.90146422628604],[-62.80407215616018,17.901357683594146],[-62.804069289005774,17.901355914277968],[-62.80387951393832,17.90123764350023],[-62.8037461727264,17.90116780394907],[-62.80349518998812,17.90105428256629],[-62.80346701229787,17.901040117526193],[-62.80344018040526,17.901023731227262],[-62.80332331263034,17.900945537017595],[-62.80329439580878,17.900924122358717],[-62.80326777738937,17.90090013109941],[-62.803062445676495,17.900696236673678],[-62.80305454342394,17.90068814529105],[-62.80284214461391,17.9004638702802],[-62.80283526084116,17.90045639717201],[-62.802693940014166,17.900298647847027],[-62.802646683025905,17.900254480848318],[-62.80263530811938,17.900274871175288],[-62.80261426575024,17.900304917765236],[-62.80259019241577,17.90033280076196],[-62.80251567427877,17.900410810424425],[-62.80249830736578,17.9004278308269],[-62.80240961465324,17.900509215576626],[-62.802385878032375,17.90052923911651],[-62.80236047425403,17.900547290165516],[-62.80233358141939,17.900563242091042],[-62.80221587488722,17.900626689301152],[-62.8022158747927,17.900626689391444],[-62.80221587394253,17.900626689842515],[-62.802195285138765,17.900637787868927],[-62.802162139008,17.900653656769247],[-62.802127527780414,17.900666338760445],[-62.80209178495077,17.900675711706544],[-62.80205525464688,17.900681685389127],[-62.802018288607734,17.90068420222747],[-62.801981242878206,17.900683237998223],[-62.8019444743158,17.90067880192228],[-62.80190833700274,17.900670936841873],[-62.80187317884814,17.90065971840369],[-62.80183933856703,17.90064525478453],[-62.80180714190583,17.900627685060524],[-62.80177689918821,17.900607178662273],[-62.80174890144697,17.900583932930413],[-62.80172341844294,17.900558171757748],[-62.801700695457626,17.900530143326268],[-62.801680951502284,17.90050011748406],[-62.80166437658279,17.90046838339241],[-62.80165113038109,17.900435246632043],[-62.80164134046461,17.900401026489646],[-62.801635101062836,17.900366052431515],[-62.801632472315454,17.900330661210365],[-62.80163347952057,17.90029519370102],[-62.80163811304427,17.900259991556013],[-62.8016463281356,17.900225393770672],[-62.80165804578,17.9001917334301],[-62.8016731529859,17.900159334817076],[-62.80169150448806,17.9001285097984],[-62.801712923316806,17.90009955547538],[-62.80173720335113,17.90007275048067],[-62.801764110737054,17.90004835308162],[-62.801793386251234,17.900026598109562],[-62.80182474804066,17.900007695245314],[-62.80184533764412,17.899996596805813],[-62.801845338116465,17.89999659653513],[-62.8018453384943,17.89999659635474],[-62.80192146379796,17.899955562693297],[-62.8019667290993,17.89991402706303],[-62.801981116384255,17.899898965795366],[-62.80201951376228,17.89979509951018],[-62.802026256352754,17.899778214954598],[-62.80208310479423,17.89964587403212],[-62.802099867392556,17.89961196778544],[-62.80212020922261,17.8995799069883],[-62.80214391134547,17.89955003669505],[-62.80217071869033,17.899522678513037],[-62.802200342513395,17.899498126899324],[-62.80223246408303,17.899476646181757],[-62.80226083365247,17.899459700335907],[-62.802291499641896,17.899443229992997],[-62.802323632835616,17.899429561862974],[-62.80235695450507,17.89941881434022],[-62.80239117584828,17.89941108059108],[-62.802426000161944,17.899406427742672],[-62.802461125580116,17.899404896162558],[-62.802556817628975,17.89940499321952],[-62.80259436986686,17.899406823485876],[-62.8026315458158,17.899412220120826],[-62.8026679769676,17.89942112951325],[-62.80270330202733,17.899433463260653],[-62.80284394523937,17.899490314456898],[-62.802873232151306,17.899503597991394],[-62.8029012215631,17.899519236594468],[-62.8029277075094,17.899537115086062],[-62.80306580869224,17.899639102765065],[-62.80309895374878,17.899666666054777],[-62.80323348863112,17.89979240368445],[-62.80325633967194,17.89981573782653],[-62.80340515848473,17.89998185619511],[-62.80361017542797,17.90019833578543],[-62.80378602740714,17.9003729563445],[-62.803846667135865,17.900413529301265],[-62.804074879006606,17.90051675114408],[-62.80407491609087,17.900516767902968],[-62.80407503527002,17.9005168218031],[-62.80407872897624,17.900518490446473],[-62.80409881843232,17.9005282784103],[-62.80425467336439,17.900609909905366],[-62.80427944674613,17.900624089125785],[-62.80447989557196,17.900749011775023],[-62.80467324424911,17.900867142384723],[-62.804712224235864,17.900894467932616],[-62.804797212386895,17.900962451790704],[-62.80480977730787,17.90097296255381],[-62.80496911022402,17.901112308995035],[-62.804981793379596,17.901123930358814],[-62.805133366401186,17.90126942532465],[-62.80519641650829,17.901320490667704],[-62.80536999582478,17.901398644740425],[-62.80552901333098,17.901461712824002],[-62.80552901465222,17.90146171327725],[-62.80572900050998,17.90154103038244],[-62.805740276047466,17.90154550349153],[-62.80607552698294,17.90166216337366],[-62.80637749075875,17.9017558958457],[-62.80642228070971,17.901761792754858],[-62.806448278759284,17.9017661063757],[-62.806618358214955,17.901800224701052],[-62.806649856787836,17.90180791184518],[-62.806680548215965,17.901818163905023],[-62.80671020505598,17.901830904820574],[-62.806823560281025,17.90188533080938],[-62.80685768301575,17.901903898947527],[-62.80688960840203,17.90192575751383],[-62.80691899162917,17.901950670528787],[-62.80694551530056,17.90197836877779],[-62.80703046234721,17.90207690239305],[-62.80705110537787,17.90210319786944],[-62.80706916675161,17.902131180839334],[-62.80708449679554,17.902160619674294],[-62.80714106711037,17.902282887833053],[-62.80715326974453,17.90231277884303],[-62.80716265561865,17.90234358819496],[-62.80724835016431,17.902679726618363],[-62.80727242759242,17.902738328658614],[-62.80737592637525,17.90279977829593],[-62.807474025418394,17.90284016555816],[-62.80747862931871,17.902842095803592],[-62.80751895688226,17.90285931099525],[-62.80751895716531,17.902859311176304],[-62.807518958014704,17.90285931144831],[-62.807532932199024,17.902865276878824],[-62.80755199177568,17.9028652957207],[-62.80755573662186,17.90286531722877],[-62.80788947638003,17.90286881545037],[-62.808074563011886,17.902847967688196],[-62.808078815258575,17.902847512082108],[-62.80824396138883,17.902830724111844],[-62.80827569765722,17.902821891397714],[-62.80842677772121,17.902760841511988],[-62.808538323792455,17.90270603551498],[-62.808551357502125,17.90269993158061],[-62.80876274876243,17.902605707369577],[-62.8087890342715,17.90259302768337],[-62.80881683895466,17.902580938807972],[-62.808845572924625,17.90257104037307],[-62.80891292780746,17.90255074232823],[-62.808950625583435,17.902541396895174],[-62.80898912822795,17.902535817762427],[-62.80902802622398,17.902534064454354],[-62.80906690603902,17.902536155365645],[-62.80910535418379,17.902542068488422],[-62.80914296193327,17.902551740784155],[-62.80917932938483,17.90256506945301],[-62.80921406970562,17.9025819128419],[-62.80928845886795,17.902622723100567],[-62.80929347649068,17.902625798368145],[-62.8092986962172,17.902628546542633],[-62.80930907280539,17.902635357145424],[-62.80931967093364,17.90264185260478],[-62.80932434951609,17.902645383902936],[-62.809329262751774,17.902648608657667],[-62.80933889325254,17.90265636117308],[-62.80934877406657,17.902663819000715],[-62.809353068423015,17.902667772119088],[-62.80935762809029,17.90267144267658],[-62.80945322186903,17.902756400517312],[-62.80947878714532,17.902781434325806],[-62.80950170352471,17.902808718070748],[-62.8095217560249,17.902837996018953],[-62.80953875659012,17.902868993572707],[-62.80955254578763,17.90290142007334],[-62.80957375476994,17.902959152850634],[-62.80958551037881,17.902997956504848],[-62.80959267025203,17.903037773690965],[-62.80962664498519,17.903320407042724],[-62.80965237730564,17.90352552276491],[-62.80966996493387,17.90360075070848],[-62.80966996944504,17.9036007699653],[-62.80966996944483,17.90360077014607],[-62.809677170988024,17.903631565310306],[-62.809729541868734,17.903783784181414],[-62.809766001744066,17.903838570855434],[-62.80987793862653,17.903951530854837],[-62.8099598314351,17.904032748862907],[-62.81016858959295,17.90415132076681],[-62.8101979575233,17.904169823035495],[-62.81022540103301,17.904190859679677],[-62.81025068230668,17.904214248519573],[-62.81025281157691,17.904216623160323],[-62.81043255881702,17.90429761391617],[-62.81067719887929,17.904405025980655],[-62.81100146258285,17.904543824896535],[-62.81100233633639,17.90454420021771],[-62.81127865512237,17.904663281854205],[-62.81131358204559,17.904680478011592],[-62.81134645469945,17.904701054177913],[-62.81155432168669,17.904846478042753],[-62.811691343703224,17.904940907660073],[-62.811702622878364,17.904948990752136],[-62.8120175403498,17.9051835745749],[-62.81231140889444,17.905398477906292],[-62.812425031202416,17.905478980050574],[-62.812433284968975,17.905385820641477],[-62.812433285254016,17.9053858189244],[-62.812433285255146,17.90538581783976],[-62.81243737114198,17.905339704762692],[-62.81242921767432,17.905150313518718],[-62.8124296556287,17.905112524359573],[-62.812448262492495,17.904831846989982],[-62.81245089920449,17.904745894221843],[-62.81245205526397,17.904708264653042],[-62.812447900048824,17.904684639121133],[-62.8124478999549,17.904684638669103],[-62.81244789976682,17.904684637945827],[-62.812420444028994,17.90452853014631],[-62.81239148300468,17.90439222004814],[-62.812373672110645,17.904341939274588],[-62.812373671828176,17.90434193855122],[-62.81237367145177,17.904341937375825],[-62.81236929377575,17.904329579347326],[-62.81236929330532,17.9043295778103],[-62.8123692928345,17.90432957663482],[-62.81233681751523,17.904237896638286],[-62.81233387369868,17.90422801623045],[-62.81233050565818,17.904218260328275],[-62.812324050853164,17.904195942101133],[-62.81229289407647,17.90411668930567],[-62.812096072351565,17.903661322233344],[-62.81209305247724,17.903654117561736],[-62.81203696741494,17.903516039373056],[-62.81200314609379,17.90345108668739],[-62.81198563365772,17.90343824523],[-62.811958228075724,17.903413648528293],[-62.81193351043415,17.90338656679122],[-62.81191172544507,17.903357268072593],[-62.811878181628344,17.90330704218951],[-62.811710571772046,17.903161671881577],[-62.81162141438122,17.90308650765014],[-62.81159815943867,17.90306514850532],[-62.81157689139772,17.903041968990504],[-62.811557764912635,17.90301713791797],[-62.81153292041574,17.902981822302845],[-62.81151351897672,17.902951044676733],[-62.81149740593683,17.902918574574464],[-62.811488212002686,17.902897389829015],[-62.81147137780253,17.902849343826574],[-62.811424171127996,17.90267490191222],[-62.81141130934338,17.902652151181965],[-62.8113886226139,17.90262242183121],[-62.8113642189735,17.902586064098436],[-62.81134452095082,17.902547178371858],[-62.8113178607248,17.902485392068122],[-62.811317094780584,17.902483603382443],[-62.811257254267545,17.90234279100375],[-62.811222294975906,17.902275683426822],[-62.811201456652924,17.902227150579204],[-62.81114725139155,17.902069165868685],[-62.811142467613635,17.902054128349043],[-62.811096102517276,17.90189613568094],[-62.811061987562056,17.901808002909114],[-62.811056963828534,17.90179276874348],[-62.81105178540043,17.90177758432113],[-62.81104710872577,17.901761183597028],[-62.811039114561936,17.90172653830922],[-62.81103470584015,17.90169130970917],[-62.81103392506106,17.901655836970054],[-62.81103677979102,17.901620461852126],[-62.81104324228856,17.901585524906174],[-62.811053250640356,17.9015513626726],[-62.81106670819877,17.901518304065416],[-62.81108348547299,17.901486667572122],[-62.81110342088818,17.901456757729374],[-62.81112632248739,17.90142886277465],[-62.81115196954017,17.901403251213083],[-62.81118011528276,17.90138016965096],[-62.811210488525454,17.90135984053761],[-62.811242796770856,17.901342459547262],[-62.81127672895332,17.90132819404518],[-62.811311958178415,17.901317181553786],[-62.81134814521788,17.901309527948317],[-62.81138494153112,17.90130530700789],[-62.811421992853724,17.9013045594247],[-62.81145894221882,17.901307292445438],[-62.81149543392254,17.901313479513593],[-62.81153111644945,17.901323061356873],[-62.81156564624941,17.901335945448587],[-62.811598690662294,17.90135200781814],[-62.81162993159897,17.901371093777676],[-62.81165906799436,17.90139301955138],[-62.81168581939314,17.90141757381547],[-62.8117099282129,17.901444520321558],[-62.81173116210268,17.901473599435494],[-62.81174931667775,17.90150453112267],[-62.81176421712176,17.901537017570803],[-62.811775719789125,17.901570745812627],[-62.81177599774061,17.901571720723435],[-62.81180962736497,17.901658598696912],[-62.81181908464245,17.901686441855386],[-62.811867368636264,17.901850970916456],[-62.8119104367243,17.90197649423791],[-62.811939560856146,17.902032400374306],[-62.811951416791224,17.902057511728945],[-62.812016305138684,17.902210200735247],[-62.8120252517504,17.902230934730326],[-62.81203621081216,17.902245295769628],[-62.812063396714414,17.90228648611126],[-62.812110309359404,17.902369467707413],[-62.812129618988024,17.902409204157163],[-62.812143764907475,17.902450885539146],[-62.81218321019891,17.902596645097237],[-62.81221171210215,17.902620673569295],[-62.812215682433006,17.902624068625308],[-62.81242268578855,17.902803604843637],[-62.81244645872459,17.90282613734097],[-62.81246805566196,17.902850595692016],[-62.81247456668982,17.902859454186157],[-62.812477167338116,17.902861044337186],[-62.81248971579431,17.902868378215086],[-62.812492778493535,17.90287058994975],[-62.812496011094815,17.902872566570892],[-62.81250756577054,17.902881268671337],[-62.81251930251906,17.902889744436855],[-62.81252212342773,17.902892232431757],[-62.81252513876616,17.902894503323726],[-62.81253574692678,17.90290424793745],[-62.81254655932772,17.90291378413428],[-62.81254911250718,17.90291652549665],[-62.81255188020671,17.902919067852803],[-62.81256144008204,17.902929761422154],[-62.812571223625845,17.9029402659362],[-62.812573483236946,17.902943232802105],[-62.81257597802001,17.90294602345915],[-62.81258439747921,17.902957563216308],[-62.81259305805097,17.902968934633616],[-62.812595003352044,17.902972099776733],[-62.81259720004062,17.902975110600217],[-62.812604396687725,17.902987383482596],[-62.812611852263196,17.902999514344945],[-62.812613464215566,17.903002847015497],[-62.81261534197515,17.90300604924241],[-62.812720633101065,17.90320825567665],[-62.8127346256028,17.90323852362178],[-62.81279551345719,17.90338842459423],[-62.81286202212617,17.903542297940135],[-62.81288045540496,17.903527426043983],[-62.81291186587062,17.903506876581698],[-62.81294527643706,17.903489456874784],[-62.81298034817541,17.90347534393573],[-62.81301672501008,17.90346468086568],[-62.81305403787377,17.90345757586418],[-62.81309190810736,17.903454101057466],[-62.81312995133154,17.903454291688703],[-62.81316778150651,17.90345814585076],[-62.81320501470839,17.90346562448978],[-62.81324127299963,17.90347665158972],[-62.813276188393004,17.903491115351123],[-62.813309406721515,17.903508868917903],[-62.81334059065764,17.90352973209753],[-62.813449674537594,17.90361083869],[-62.813450998167966,17.90361192668012],[-62.813452418501896,17.903612898344562],[-62.81362065981539,17.903740391134903],[-62.813648554884644,17.9037637503144],[-62.81367392412829,17.90378961458581],[-62.81369652328284,17.903817734971593],[-62.81371613454207,17.90384784064588],[-62.81373256919761,17.90387964173897],[-62.81374566895819,17.90391283186938],[-62.813755307551155,17.903947091399246],[-62.81376139223,17.903982090508926],[-62.81376386443229,17.90401749208994],[-62.81376270024831,17.904052955089778],[-62.81375791098378,17.904088138218217],[-62.81374954268531,17.904122702387404],[-62.81373767594734,17.904156314959803],[-62.81372242506007,17.904188652007097],[-62.81370393696706,17.904219402195878],[-62.81368238965739,17.904248269497707],[-62.813657990558205,17.9042749757185],[-62.813630974831845,17.90429926375083],[-62.813601602541354,17.904320899740597],[-62.813570156571195,17.904339675163925],[-62.8135369396979,17.904355409355293],[-62.81350227194516,17.90436795077043],[-62.81346648718345,17.90437717851967],[-62.81342992991832,17.90438300381112],[-62.81339295226864,17.904385370580503],[-62.813355910472794,17.904384255939704],[-62.8133191610171,17.904379670715464],[-62.81328305808717,17.90437165899492],[-62.813247949130655,17.904360297940634],[-62.813214172497766,17.90434569697477],[-62.81318205338248,17.904327996780957],[-62.81315190099187,17.904307367764932],[-62.813142732006106,17.90430041960059],[-62.813161848885535,17.90439039451183],[-62.81316418484994,17.90440242824366],[-62.813192702784484,17.904564571736124],[-62.81319270297209,17.904564572911333],[-62.813203030107516,17.90462328901741],[-62.81320738165668,17.90465850096627],[-62.81320810955582,17.904693951674712],[-62.813205861775465,17.90476712773897],[-62.813203037067424,17.904859221225053],[-62.81320253347632,17.904865355300018],[-62.813202441592665,17.904871508028197],[-62.81319520952073,17.904980608186616],[-62.8132151363772,17.904975329461497],[-62.81363533839443,17.9048049995951],[-62.81367013361938,17.90479278575119],[-62.81370601166305,17.904783895920982],[-62.81374262717663,17.904778415641022],[-62.81377962748157,17.904776397721033],[-62.81381665615783,17.904777861614637],[-62.81385335663163,17.90478279315169],[-62.813889375573794,17.904791144902994],[-62.81392436592049,17.904802836454397],[-62.81395799083765,17.904817755133635],[-62.81398992645754,17.904835757278324],[-62.814019865275995,17.90485666959499],[-62.814047518888856,17.904880290607828],[-62.81407262091628,17.90490639292108],[-62.81409492983318,17.904934725029516],[-62.81411423057125,17.9049650142122],[-62.814130337349,17.904996968704516],[-62.81414309508482,17.905030280772547],[-62.8141523808103,17.90506462951646],[-62.81415810517723,17.905099684306563],[-62.81416021302147,17.905135107495433],[-62.81415868402017,17.90517055785325],[-62.81415353297174,17.905205694002767],[-62.81414480941473,17.905240177672834],[-62.81413259734178,17.905273676590582],[-62.81411701444048,17.90530586827692],[-62.81409821076889,17.90533644266653],[-62.81407636733611,17.905365105360513],[-62.81405169458901,17.90539158024618],[-62.814024430049024,17.905415612296814],[-62.81399483642113,17.905436970281556],[-62.813963198571095,17.90545544829912],[-62.813929821256714,17.905470868487306],[-62.81348688250023,17.905650414812634],[-62.8134403517745,17.905665934120826],[-62.81315177659407,17.90574237880274],[-62.813135278673094,17.90584140990394],[-62.813163850644614,17.905871718291294],[-62.81318232184231,17.905892882030468],[-62.81319905423901,17.905915332202643],[-62.81320886960972,17.905929624827767],[-62.813208892705354,17.90592965847386],[-62.81320892409663,17.905929704149354],[-62.81321667019878,17.905940977131998],[-62.81333380314621,17.90595160655034],[-62.81338673433526,17.905960076750233],[-62.81346469959004,17.905978084237105],[-62.81349600459653,17.9059866980955],[-62.813526417864935,17.90599786244508],[-62.81364177673767,17.906045769505585],[-62.813658114598624,17.906053001996785],[-62.81376469305902,17.906103168114615],[-62.81382546412667,17.906111957259967],[-62.814000713285395,17.906131623418513],[-62.81401210198047,17.906133447551923],[-62.81402355350393,17.906134866901866],[-62.8140303677117,17.90613637320182],[-62.81403726570363,17.90613747808306],[-62.814048413677256,17.906140362403267],[-62.814059663935794,17.906142849299048],[-62.81422885879494,17.906188728534218],[-62.814245762377475,17.906193724350494],[-62.814323852710366,17.906218736597083],[-62.8143568768413,17.90623099093323],[-62.81438855664196,17.90624615317407],[-62.81441861345381,17.906264090095476],[-62.81444678280539,17.90628464381135],[-62.81447281705388,17.90630763367426],[-62.81449648708332,17.90633285736163],[-62.814517584851345,17.906360093137796],[-62.81453592470955,17.906389101301464],[-62.814551345289026,17.90641962671825],[-62.81457731415386,17.90647785157059],[-62.81457735483045,17.906477956819664],[-62.81457740552025,17.906478056745456],[-62.81458376497759,17.906494538162434],[-62.81459017766789,17.906511126376813],[-62.81459020729529,17.90651123450774],[-62.81459024759501,17.906511339033365],[-62.8145948956513,17.906528362225675],[-62.814599572533524,17.90654544799303],[-62.81459959092348,17.90654555846331],[-62.81459962036245,17.906545666232507],[-62.81460250292651,17.906563041969143],[-62.814605408268,17.906580485879108],[-62.81460541523289,17.90658059751354],[-62.81460543352882,17.90658070762219],[-62.81460652227492,17.906598255283335],[-62.81460762866697,17.90661590274837],[-62.814607624207646,17.906616014733466],[-62.814607631078786,17.906616125735102],[-62.81461109839846,17.90694016490993],[-62.814631615655635,17.9070131606451],[-62.81467876537051,17.907101743825777],[-62.81475945886422,17.907167090628132],[-62.814783498365664,17.907188335168335],[-62.814805527169845,17.90721149182492],[-62.81482537976333,17.907236386807906],[-62.81488171088842,17.90731375732377],[-62.8149000935235,17.907341634210148],[-62.8149157473283,17.907370998165973],[-62.81492854217134,17.907401605204353],[-62.81493837172372,17.907433200785682],[-62.81497100189031,17.907558749255728],[-62.8149710021727,17.90755875006948],[-62.81497100264269,17.907558752058442],[-62.81500097376125,17.90767406647175],[-62.81504517236197,17.907693658343696],[-62.81509002029462,17.90770682964882],[-62.815147265181416,17.907723646812435],[-62.8152390509093,17.907634309620864],[-62.81534104406683,17.907515135238434],[-62.81536428420819,17.90749039589191],[-62.81538980142529,17.907467806655955],[-62.81541737978755,17.9074475589451],[-62.81544186367515,17.90743123931165],[-62.81544186480875,17.907431238680015],[-62.81544186669849,17.907431237235613],[-62.81565552302772,17.907288828199246],[-62.81566476603584,17.90728285939777],[-62.815852664223044,17.907165347214338],[-62.815852664600875,17.90716534703392],[-62.815852665073216,17.907165346763204],[-62.81591855975359,17.90712413600442],[-62.81592111647043,17.907122551048026],[-62.81614043362182,17.9069877926486],[-62.816175782039,17.90696856260238],[-62.81637628011731,17.906872770021348],[-62.81640738678222,17.906859548918302],[-62.81660652684282,17.906785002061422],[-62.81660652825946,17.90678500161082],[-62.81667990397996,17.906757533643354],[-62.816709866301814,17.906737169674606],[-62.816713533306775,17.906734928007772],[-62.816717014584285,17.906732428834523],[-62.81682436481705,17.9066629704901],[-62.816862045614634,17.90663631768146],[-62.816862048070924,17.906636316147196],[-62.8168620492993,17.906636315154095],[-62.81697226088884,17.906558361062512],[-62.817107454435394,17.90645952723844],[-62.81713374954114,17.90643360448851],[-62.81713375124204,17.906433603043915],[-62.81713375265988,17.906433601418282],[-62.817188267396595,17.906379859770897],[-62.81719698410076,17.906371542239928],[-62.81738189479253,17.90620075803906],[-62.81738515032254,17.90619778691256],[-62.817551260697776,17.906047981782308],[-62.81758472626645,17.906021121960553],[-62.81762142583594,17.905994971175062],[-62.81762142819798,17.905994969459925],[-62.81762142867032,17.905994969189205],[-62.81803813042511,17.90569803643259],[-62.81803813061411,17.905698036251998],[-62.81803813836148,17.90569803074564],[-62.81805568221289,17.905685528649165],[-62.81808097589693,17.905668986539684],[-62.81810758673294,17.905654461466344],[-62.81820144902458,17.905607951991644],[-62.81823812453023,17.90559209052924],[-62.818276354866406,17.90558005559478],[-62.81831570588631,17.905571983808716],[-62.81835573064938,17.905567966767197],[-62.81843685403093,17.90556399130998],[-62.81847431233497,17.905563936490992],[-62.8185115919858,17.905567434697872],[-62.81854832642074,17.905574451422755],[-62.81858415392703,17.905584917634837],[-62.818618722267374,17.905598730326854],[-62.81865169122768,17.905615753782946],[-62.81868273648712,17.905635820305275],[-62.81871155254239,17.90565873256677],[-62.8188494984536,17.905779974111343],[-62.81896340713855,17.905872933195994],[-62.819020089622704,17.9059061937826],[-62.819032731268365,17.905912325994684],[-62.81904124693192,17.90591445746139],[-62.819062016057636,17.90591737981488],[-62.81906201822873,17.905917380178444],[-62.81906202068316,17.905917380451882],[-62.81911416193735,17.9059247178028],[-62.81941867647267,17.90596251002362],[-62.819573909030254,17.905978470325664],[-62.81961738953319,17.905975931975558],[-62.81962753104949,17.905975470819133],[-62.81968370874448,17.90597364056023],[-62.81973632163916,17.905964895910593],[-62.81990083224074,17.905928222124775],[-62.81991346252729,17.905925623707613],[-62.8200595046684,17.905898071448817],[-62.82007753558035,17.90589510218456],[-62.820152131431,17.90588459223727],[-62.82015213199756,17.905884592147405],[-62.82015213218639,17.905884592147583],[-62.820172776350454,17.9058816835885],[-62.82020769128005,17.905878341878466],[-62.82024277952348,17.905878117043617],[-62.82027773801899,17.905881011063727],[-62.82048261623543,17.905907199009956],[-62.82051117102978,17.90591192275008],[-62.8205392635684,17.90591872875503],[-62.82072081312946,17.905969883306994],[-62.82074907479327,17.9059790222333],[-62.82077649492832,17.90599026820344],[-62.82095997960084,17.906073880808172],[-62.821160071190654,17.906163445653924],[-62.82117356778703,17.906170278740444],[-62.821187182814846,17.906176885606],[-62.82118994078763,17.906178567980284],[-62.82119283285517,17.90618003219332],[-62.82120556555829,17.906188099261108],[-62.82121843782976,17.906195951516175],[-62.82122101050441,17.906197884814663],[-62.82122373850321,17.906199613167882],[-62.82123558220283,17.90620883483307],[-62.821247590473064,17.906217858610955],[-62.82133904541739,17.906293813709105],[-62.821343784895326,17.90629258915881],[-62.821477154517055,17.906239070779915],[-62.821479299465224,17.906238217506196],[-62.82182073298083,17.906103564610323],[-62.821837322614996,17.90609745508776],[-62.822240706474325,17.905959243207175],[-62.82240954048711,17.905894165800394],[-62.82270992183521,17.905772878703697],[-62.82296616237809,17.905668388274695],[-62.823010701481756,17.90565330116954],[-62.823076476948216,17.905635364928152],[-62.82311379903705,17.90562712121247],[-62.823151801410475,17.905622539139586],[-62.82319009315998,17.90562166598797],[-62.82322828029951,17.905624510709544],[-62.82340863157309,17.905646801126828],[-62.823417303315274,17.905648290164173],[-62.823426045252624,17.905649349926918],[-62.82343553355186,17.905651420620924],[-62.82344510988712,17.905653065039193],[-62.82345358700481,17.905655360601703],[-62.823462178776914,17.90565723560708],[-62.82367562779803,17.905714498382675],[-62.823676943132476,17.905705144979382]]]}},{"id":"16","type":"Feature","properties":{"feature_id":"AEP_SECT_9725ZS004","layer_key":"eau_aep","layer_label":"Eau AEP","state_geometry_mode":"hydraulic_zoning_v2","service_unit_kind":"hydraulic_zone_component","service_feature_id":"AEP_SECT_9725ZS004","zone_component_key":"AEP_SECT_9725ZS004","zone_uid":"AEP_SECT_9725ZS004","network_kind":"AEP","feature_role":"canalisation","state_annual_storm":"S0","state_rp50_storm":"S0","state_rp100_storm":"S0","state_p99_storm":"S0","state_top10_storm":"S0","state_top5_storm":"S0","state_annual_storm_cmcc":"S0","state_rp50_storm_cmcc":"S0","state_rp100_storm_cmcc":"S0","state_p99_storm_cmcc":"S0","state_top10_storm_cmcc":"S0","state_top5_storm_cmcc":"S0"},"geometry":{"type":"Polygon","coordinates":[[[-62.84766728860598,17.894037391250635],[-62.84770185599627,17.8940501793186],[-62.84773494776184,17.89406614975162],[-62.847766245227575,17.894085148733655],[-62.847795446924565,17.894106993357564],[-62.8478222717985,17.894131473164247],[-62.84784646128461,17.89415835249422],[-62.847867782515785,17.89418737247861],[-62.84788603020834,17.89421825366179],[-62.84790102854816,17.8942506985337],[-62.84791263317043,17.894284394694814],[-62.847920732290355,17.894319017659047],[-62.847925247927705,17.894354233927864],[-62.84792613647057,17.894389704425343],[-62.8479233894281,17.89442508748158],[-62.84791703333317,17.894460042357696],[-62.847907129362284,17.894494232409077],[-62.84789377276624,17.89452732842931],[-62.847877092301324,17.89455901163249],[-62.84785724862174,17.894588976905993],[-62.84783443276673,17.89461693561127],[-62.84780886455314,17.89464261865584],[-62.84778079011915,17.894665778479936],[-62.84775047984485,17.894686192128063],[-62.84771822561272,17.894703663054678],[-62.84768433816289,17.89471802292989],[-62.847649143787166,17.894729133535048],[-62.8476129814014,17.89473688784515],[-62.84757619933473,17.89474121120137],[-62.84751915774987,17.894745208662204],[-62.84750961463258,17.894745761228986],[-62.847201246374226,17.894759868494713],[-62.847165385990664,17.89475987687326],[-62.84712968643132,17.894756628542986],[-62.847094469786256,17.89475015259035],[-62.84706005349427,17.894740507564602],[-62.84702674788921,17.89472778039115],[-62.84699485346262,17.894712085827113],[-62.84697725129886,17.89470238611477],[-62.84694795815137,17.894684477204493],[-62.846920508920064,17.89466406556418],[-62.8468951359789,17.894641324016643],[-62.84687205440805,17.89461644534673],[-62.84685145963557,17.89458964022051],[-62.84683352621133,17.89456113573805],[-62.84681840601513,17.89453117335312],[-62.84681391903144,17.8945211260079],[-62.84680012850136,17.894485056396512],[-62.84679041261291,17.89444778964856],[-62.846784880891214,17.894409746241237],[-62.846783595744775,17.894371355743562],[-62.84678657171525,17.894333051302088],[-62.84680077552961,17.89422687930674],[-62.84680696328153,17.89419328963264],[-62.846816429508365,17.89416040773708],[-62.846878079423114,17.893979962540573],[-62.846884683299784,17.89388515797094],[-62.846807201348824,17.893607435489944],[-62.84674208662176,17.893374802016485],[-62.846719626390666,17.89332686569842],[-62.84667857167869,17.893317277387027],[-62.84645732915387,17.893279903287024],[-62.84642745917088,17.89327365396287],[-62.84639821508639,17.89326511146407],[-62.84634751828453,17.89324812578912],[-62.84633337316059,17.89324574260045],[-62.84633337221661,17.893245742509315],[-62.8463333627775,17.8932457408749],[-62.846328051371,17.893244846190417],[-62.846328047878636,17.893244845464565],[-62.846328044386034,17.89324484500987],[-62.84615280462968,17.893215321815834],[-62.846146714146414,17.89321524930502],[-62.84610179715846,17.893218621504243],[-62.84596072027956,17.893229402986194],[-62.84576809078261,17.893252144158087],[-62.84573263773482,17.893266188903997],[-62.84572826171815,17.89326789185643],[-62.845657700775185,17.893294859896432],[-62.845654300610114,17.89329614115108],[-62.845513041145516,17.893348618194],[-62.84550964573134,17.893349861668053],[-62.845426343004284,17.89337992792953],[-62.84542577979618,17.893380130672803],[-62.84528399145572,17.893431058977935],[-62.84523209612375,17.893449821251316],[-62.84522855563931,17.893457886030586],[-62.84521120879605,17.893488674457867],[-62.84519083532001,17.89351771374678],[-62.84516762605056,17.893544731802077],[-62.84514179814976,17.893569475892285],[-62.84511359349619,17.89359171427538],[-62.84508327613358,17.89361123881806],[-62.84505112981497,17.893627866620818],[-62.845017455546305,17.89364144209488],[-62.84498256865883,17.893651838044633],[-62.84496701203096,17.893655694230922],[-62.84496583478249,17.893655927667634],[-62.84496468425602,17.893656263714988],[-62.844949061617484,17.893660034883403],[-62.84491178968894,17.893667143711614],[-62.844873960231894,17.893670629644205],[-62.84483595647058,17.893670457373652],[-62.8447981632021,17.893666628562286],[-62.84476096320849,17.893659182201045],[-62.84472473338705,17.89364819352165],[-62.84471756408493,17.893645230791467],[-62.844602576317044,17.893692082171558],[-62.844497643352476,17.893739658732883],[-62.84440848456609,17.893783946088224],[-62.84441808622192,17.89380326975544],[-62.844430649497646,17.893836649266348],[-62.844439735126784,17.89387104710199],[-62.84444525550476,17.8939061318337],[-62.84444715749028,17.893941565733087],[-62.8444454227806,17.89397700757428],[-62.84444006809765,17.894012115887993],[-62.844431144996115,17.89404655257695],[-62.84441873938877,17.89407998616934],[-62.844402970788856,17.894112094529948],[-62.8443839909854,17.894142568474546],[-62.844361982813595,17.89417111448058],[-62.84433715826423,17.894197457668515],[-62.844309756310004,17.894221344421315],[-62.84428004092117,17.894242544552224],[-62.84424829823109,17.894260853923775],[-62.84421483398559,17.89427609634393],[-62.84417997042639,17.894288124829036],[-62.84414404326827,17.89429682368036],[-62.844107398677586,17.89430210902401],[-62.84407038940038,17.89430392998293],[-62.8440333718356,17.894302269036064],[-62.843996702636,17.89429714219645],[-62.8439607349322,17.894288598827426],[-62.843928579018005,17.894279335499895],[-62.84389718803072,17.894268828601657],[-62.843866884328044,17.894255718336698],[-62.84383790279769,17.89424010648898],[-62.84381046811463,17.894222113906036],[-62.84375390907357,17.894181405008304],[-62.843673494218635,17.894124544837798],[-62.84362460600423,17.89409447311969],[-62.843555710420645,17.894108162326038],[-62.84351714349301,17.89411385384138],[-62.843270223506345,17.894137870002673],[-62.84325560030016,17.89413901790112],[-62.84315435640989,17.89414507268457],[-62.843154355371354,17.894145072774112],[-62.84315435499366,17.894145072864198],[-62.8427024673191,17.89417209662492],[-62.842698256155195,17.894172325789807],[-62.84251160819609,17.894181484824518],[-62.8424919606492,17.894181958653547],[-62.84245502920133,17.89418192878301],[-62.842415876317496,17.894179948362186],[-62.8423771488499,17.894174091665384],[-62.84233926448984,17.894164422030798],[-62.84230263145184,17.894151043553855],[-62.84226764479224,17.894134100451456],[-62.84219963021927,17.894096796832358],[-62.842166594200904,17.89407642157667],[-62.842135948609624,17.89405286951934],[-62.84210802552794,17.894026395731924],[-62.842083127083285,17.89399728689727],[-62.842061523184775,17.893965858415218],[-62.84204344756172,17.89393245042228],[-62.842029096067094,17.893897424807438],[-62.84201862413239,17.89386116087148],[-62.84197989634308,17.89369352464741],[-62.841974698651114,17.893666024853808],[-62.84197173495243,17.893638222900766],[-62.84195638303168,17.893405418452097],[-62.8419562982088,17.893399605769176],[-62.84195581299782,17.893393810838774],[-62.84194189440616,17.892962827570162],[-62.84194090026501,17.892937510870087],[-62.84180097448805,17.89284874360312],[-62.84179529475768,17.892845069001996],[-62.841668897289104,17.892761683611017],[-62.841632879429206,17.892734702429],[-62.841628059059424,17.892730617621904],[-62.841620813487765,17.89272476440736],[-62.84161937080152,17.892723477748753],[-62.84161781537888,17.892722316726935],[-62.84160632631786,17.892712837255377],[-62.84160632594048,17.892712836983907],[-62.84160631018643,17.892712823955353],[-62.84159720367011,17.8927053111654],[-62.84159720234956,17.89270530989891],[-62.841597201783465,17.892705309536904],[-62.84156155984505,17.892675904736205],[-62.84153367584141,17.892650412771822],[-62.84150865196564,17.892622331551443],[-62.84148674908127,17.89259195369077],[-62.841379424658186,17.89242552601012],[-62.841362801423145,17.892396928903022],[-62.841356641642406,17.892385102155423],[-62.84134650899041,17.89236397215103],[-62.84134218267701,17.892354127278036],[-62.84133945862506,17.892347759636962],[-62.84133137313712,17.8923283342829],[-62.84131511113342,17.89227942250971],[-62.84130363794479,17.892233971039985],[-62.84129550590272,17.892190034739365],[-62.84129286611509,17.892167890004686],[-62.84129286527147,17.892167883224964],[-62.841292865272116,17.892167882501873],[-62.84128959530885,17.892140456567123],[-62.841289595214846,17.89214045611511],[-62.84128959390315,17.892140444906044],[-62.84128931222234,17.892138083222726],[-62.84128797776793,17.89211784961201],[-62.841287301205405,17.892109420190927],[-62.84128733177835,17.89210805537037],[-62.84128690347936,17.89210156061665],[-62.84128836319081,17.89206499199193],[-62.841288620827505,17.892062222830965],[-62.8412886208284,17.892062221836706],[-62.841289000186144,17.892058140263597],[-62.84128900075634,17.892058136015866],[-62.84128900094828,17.89205813249092],[-62.84129492863507,17.89199437101696],[-62.84129681859239,17.891981328701448],[-62.841298363066564,17.89196824434557],[-62.84130398777237,17.891935215148077],[-62.841309715182526,17.891908140737367],[-62.841317584844916,17.891881564116122],[-62.84135282565221,17.89177783021632],[-62.84136849556777,17.891739335986145],[-62.841382035962255,17.891710979014942],[-62.8413623439205,17.891605635769736],[-62.84135496023061,17.89157349722474],[-62.841354958070404,17.891573484749564],[-62.84135495430587,17.891573471640363],[-62.84135444676978,17.891571261623408],[-62.84135444084513,17.891571235948643],[-62.841354440751125,17.89157123549663],[-62.84131372781284,17.89139402594739],[-62.8413095962948,17.891379915320865],[-62.84128623248618,17.891325976931405],[-62.8412862319208,17.891325975755915],[-62.84126697731405,17.891281525484956],[-62.84125223532883,17.89125087521882],[-62.8412522347637,17.891250873772165],[-62.84125148073596,17.891249306296857],[-62.84121202904424,17.891198615230632],[-62.84110660257638,17.89109413122816],[-62.84110404561349,17.891091938520034],[-62.84110404429296,17.89109193725354],[-62.841104042406165,17.891091935805807],[-62.84109606758029,17.891085096937584],[-62.84109606673139,17.891085096123412],[-62.841096065316286,17.891085095037607],[-62.841083692923405,17.891074484794135],[-62.84108369264037,17.89107448461313],[-62.841083687074786,17.891074479818073],[-62.84099511958034,17.89099852981003],[-62.840859624712515,17.890886815194285],[-62.84085962197674,17.89088681302276],[-62.8408596210335,17.89088681211812],[-62.84085253452821,17.890880969489455],[-62.84085253226437,17.89088096740871],[-62.840852529811485,17.890880965598956],[-62.84084956940506,17.890878524716367],[-62.8407250570349,17.89080010684106],[-62.84071134229382,17.890791048056023],[-62.84057167132013,17.89069437015268],[-62.84043198930364,17.89060071161265],[-62.84036337472301,17.890560036052374],[-62.84035503033631,17.89055924149014],[-62.84023919463889,17.8905603137826],[-62.84018368346202,17.890561597480914],[-62.840183680535596,17.89056159738813],[-62.840183678269746,17.890561597567043],[-62.84015620150846,17.890562232588866],[-62.84006196190287,17.890579616221498],[-62.840061960108876,17.890579616581572],[-62.84006195954237,17.890579616671502],[-62.8400339320237,17.890584786759476],[-62.83997267977072,17.890605770980354],[-62.839968184575994,17.890609638839233],[-62.83993719943002,17.890631290383553],[-62.839904079963304,17.8906498204571],[-62.83986916790119,17.890665037809402],[-62.83979152278566,17.89069442028385],[-62.839756432680815,17.890705827019318],[-62.83972034385815,17.890713885801077],[-62.839683603795216,17.890718518910464],[-62.83964656626499,17.890719681806353],[-62.83962460446514,17.890718304756028],[-62.83959548793408,17.890725716298167],[-62.839558178882044,17.890733304845423],[-62.83952026060845,17.890737251096017],[-62.839373344024835,17.890745383253538],[-62.83936344880634,17.890745806421123],[-62.8391915036955,17.890750996488418],[-62.839181424902314,17.890750954453466],[-62.839279931633186,17.890808885771172],[-62.839284377048486,17.89081084080648],[-62.83928438403128,17.890810844246957],[-62.83928439148658,17.890810847145495],[-62.839496766146084,17.89090425656594],[-62.83952339234735,17.89091721217716],[-62.83954886590094,17.8909321419747],[-62.83963196911242,17.89098528482283],[-62.83965488151081,17.891001156139538],[-62.83967648904425,17.89101862469506],[-62.83970817641046,17.891046253191718],[-62.839708177448,17.891046254186822],[-62.83970817905174,17.891046255453567],[-62.839715555855264,17.891052687505663],[-62.839715557553234,17.89105268895326],[-62.839715557930525,17.891052689315114],[-62.8398505734721,17.89117041118337],[-62.83987671508667,17.89119555902821],[-62.839900156361495,17.891223039078287],[-62.8399206715302,17.891252586676288],[-62.83993806297621,17.891283917212476],[-62.83995216340144,17.89131672910915],[-62.8399628367682,17.891350706261868],[-62.839969980467544,17.8913855213855],[-62.83997352559959,17.891420839358762],[-62.83997343800966,17.891456319936648],[-62.83996971856819,17.891491621456563],[-62.83996240316815,17.891526403911417],[-62.839951562155655,17.89156033238396],[-62.83993730004408,17.89159308002926],[-62.83991975400062,17.891624331598656],[-62.83989909318314,17.891653786060434],[-62.8398755164718,17.891681159671162],[-62.8398492509559,17.89170618895729],[-62.83982054957198,17.891728632792148],[-62.839789688741355,17.891748275015292],[-62.83975696572499,17.891764926418862],[-62.83972269550621,17.891778426823997],[-62.839687208240974,17.891788645982636],[-62.83965084576299,17.89179548565358],[-62.839613958090325,17.891798879870816],[-62.83957690059243,17.891798795935443],[-62.839540030119075,17.891795234683666],[-62.83950370179064,17.89178823048416],[-62.83946826541102,17.891777850692748],[-62.839434062352495,17.891764195378705],[-62.83940142187518,17.89174739587546],[-62.83937065838977,17.89172761414561],[-62.83934206824969,17.891705040608954],[-62.83920705056997,17.891587316584687],[-62.8392070499097,17.891587315951433],[-62.839207048871984,17.891587315137095],[-62.839199673008345,17.89158088388032],[-62.83919967036706,17.891580881618456],[-62.83919966989545,17.891580881166135],[-62.83918893899179,17.89157152483349],[-62.83917292121361,17.891561281776198],[-62.83915493085005,17.89156740068154],[-62.83911896345546,17.89157594320183],[-62.83908229469205,17.891581069226227],[-62.839045277678196,17.891582729333233],[-62.839008268995215,17.891580907547684],[-62.83897162509983,17.891575621337847],[-62.83893569873668,17.891566921702776],[-62.83890083601232,17.8915548924468],[-62.83886737261982,17.891539649272545],[-62.83883563091267,17.891521339145715],[-62.838805916507916,17.891500138394147],[-62.838778515549926,17.891476250988156],[-62.83875369197381,17.89144990727276],[-62.83873168486499,17.89142136071157],[-62.83871270610056,17.891390886348162],[-62.83869693855842,17.891358777641027],[-62.83868453394847,17.891325343840496],[-62.83867903200508,17.89130410789302],[-62.838674586141735,17.8913014932888],[-62.838674585669956,17.89130149301725],[-62.83867458557563,17.891301492926782],[-62.8386694778195,17.891298489109673],[-62.83866947225301,17.891298485399187],[-62.83866946696884,17.891298482683197],[-62.8386648340021,17.891295757832285],[-62.83866483362465,17.8912957576512],[-62.83866482381186,17.891295751858298],[-62.83857932822701,17.891245471979698],[-62.83856328990125,17.891271498402624],[-62.83853442526297,17.891311832957687],[-62.838446419642814,17.89141854332411],[-62.83844486764703,17.891420412507834],[-62.83835888566151,17.891523264981462],[-62.838340614638945,17.89154353431358],[-62.83804024827767,17.89185281852848],[-62.83804024771075,17.891852819070337],[-62.838040247521704,17.891852819341334],[-62.83799088711806,17.891903644902904],[-62.837923990098915,17.891972801189027],[-62.83780681279016,17.89209417931223],[-62.83777337329633,17.892131491371718],[-62.83777154302825,17.89213351831474],[-62.8377359109878,17.892172685634847],[-62.8376761243329,17.89227474730521],[-62.837646555398756,17.89231773426761],[-62.8376249782999,17.892344705870034],[-62.837597888757394,17.89237495681807],[-62.83756748685564,17.89240216980109],[-62.837534141734515,17.8924260142183],[-62.837361469412336,17.892535837410726],[-62.83722105275167,17.892646252506697],[-62.83694637544271,17.892890225823574],[-62.83691800395204,17.8929130511145],[-62.836887432331125,17.892933103923145],[-62.836854955111576,17.8929501912476],[-62.83682088483107,17.89296414830193],[-62.83678554985972,17.892974840864515],[-62.83674929034012,17.892982165907306],[-62.83671245563705,17.892986052859232],[-62.83667540027744,17.89298646432585],[-62.836638481212184,17.892983396358233],[-62.836602054039986,17.892976878359434],[-62.83656646951405,17.892966973262318],[-62.83653207042766,17.892953776442244],[-62.83649918793298,17.89293741499093],[-62.83646813889881,17.8929180463583],[-62.8364392221354,17.892895857264755],[-62.836412716225404,17.892871061168332],[-62.83638887640953,17.892843897087104],[-62.836367932323675,17.89281462652402],[-62.836350085546236,17.892783531476322],[-62.836335508185066,17.892750911180336],[-62.836324340424895,17.892717080030508],[-62.83631668987012,17.892682363692124],[-62.83631263022548,17.89264709665976],[-62.83631220054451,17.892611618369987],[-62.83631540494875,17.89257627057988],[-62.83632221272565,17.892541393751614],[-62.83633255814286,17.892507323708024],[-62.83634634158397,17.89247438865077],[-62.83636343030702,17.892442905635917],[-62.83638365986303,17.892413178044347],[-62.836406835232154,17.892385491967218],[-62.83643273346898,17.89236011412937],[-62.83671576279287,17.892108722952905],[-62.83673291891223,17.892094381421924],[-62.83689692289632,17.8919654189237],[-62.83692764110224,17.891943659363037],[-62.83704959911551,17.891866091699082],[-62.837096247102394,17.891786459546772],[-62.837116923387406,17.891755058822365],[-62.83714085338356,17.891725853426433],[-62.83720113193006,17.891659594478725],[-62.83723820036133,17.891618233313455],[-62.8372474729565,17.891608265397853],[-62.8373695111512,17.891481852492305],[-62.83736976817285,17.891481586426476],[-62.83743704725464,17.891412035473845],[-62.837437554586934,17.891411512013555],[-62.837487168722355,17.89136042531158],[-62.837487168911416,17.891360425040574],[-62.83748716966731,17.89136042431811],[-62.83777800810398,17.891060951939807],[-62.83785446762362,17.89096949060176],[-62.83792584074684,17.890882948205764],[-62.83794788677409,17.8908471727974],[-62.83798104284904,17.890737988245075],[-62.83799203996476,17.890707061134982],[-62.83802021587326,17.89063819150463],[-62.83802187807404,17.890634198589634],[-62.83806541021155,17.890531409582255],[-62.8380654121038,17.890531404974087],[-62.83806541257671,17.890531403980223],[-62.83808464743977,17.890485984352356],[-62.83810616673984,17.89044340513803],[-62.83811145983393,17.890434474137344],[-62.838122523168764,17.8904089740068],[-62.83813512469916,17.890376510464417],[-62.8381535083236,17.890336679209145],[-62.83817676013338,17.8902992529492],[-62.838213709641714,17.890247193541356],[-62.83823917434599,17.890215283539302],[-62.83826782650857,17.890183237978228],[-62.838303325587766,17.89014854993427],[-62.83833607114417,17.89012058421983],[-62.838341501289044,17.890116035203604],[-62.838365346453315,17.89009644098425],[-62.838396042644895,17.8900737311973],[-62.83842901026476,17.890054156468683],[-62.838444167265465,17.890046158390074],[-62.83846075054442,17.89003739329283],[-62.83848083662811,17.89002751517906],[-62.83849907344718,17.890019196606115],[-62.838540637611395,17.89000306224973],[-62.83858390657366,17.889991759946625],[-62.838594028454615,17.889989725584424],[-62.83862774088182,17.889984461257658],[-62.83864584928136,17.88998243350853],[-62.83867834621301,17.88998014985674],[-62.83871092775359,17.889980556913578],[-62.83874335138487,17.88998365185704],[-62.83874828712498,17.889984330049955],[-62.83882782643064,17.88999267081546],[-62.838840060955654,17.889993886520962],[-62.83886956108348,17.889997950053722],[-62.838912807749054,17.89000558584117],[-62.839036777103836,17.890022284476558],[-62.83918124856124,17.890027849984357],[-62.83933470064152,17.89002321817565],[-62.83942162548123,17.89001840668377],[-62.83938068315074,17.889927461645303],[-62.839379720572104,17.889925304305095],[-62.83925063698309,17.88963337411867],[-62.83916503359854,17.889443946214374],[-62.83910783394617,17.889340594350706],[-62.83901992198398,17.88919751734578],[-62.839001230380646,17.889162967324665],[-62.83898652480223,17.889126694201924],[-62.83890103424743,17.888876703993958],[-62.83884364068056,17.888756261759635],[-62.8387327984604,17.88860008617921],[-62.838715930549554,17.888574003840976],[-62.838606337348885,17.888387281711783],[-62.838603585579655,17.888382509431473],[-62.838531890662615,17.888255925558948],[-62.838531890568305,17.88825592546848],[-62.838531889908545,17.888255924292903],[-62.83845871741067,17.88812673249307],[-62.83841009542706,17.888057485355812],[-62.83832993254982,17.887988741522857],[-62.83806482226158,17.887802131573423],[-62.837841546398835,17.88768305919713],[-62.837838189215304,17.88768124721371],[-62.837679125019264,17.88759437020857],[-62.837651979900485,17.887578044370557],[-62.83762637870112,17.88755957284965],[-62.837602506139824,17.88753908875992],[-62.83749831816981,17.88744174531681],[-62.837471157955186,17.887413523679083],[-62.83744727491836,17.887382704604804],[-62.83742693826026,17.88734963531605],[-62.83735846072713,17.887223406744184],[-62.837354630089045,17.887216147085347],[-62.83722972451785,17.886972662268686],[-62.837136152289595,17.886862460797378],[-62.83712235293091,17.88684517103483],[-62.837009991226864,17.886695242289257],[-62.83698508952978,17.886657240774785],[-62.836935777836835,17.886570454960317],[-62.836924642448466,17.8865492240024],[-62.83685617053973,17.88640722269484],[-62.836844831708866,17.88638106040024],[-62.83679996321469,17.886264873973417],[-62.83672313714328,17.886163709766617],[-62.83666885974998,17.886104675266278],[-62.836616653958046,17.88615460013657],[-62.83658677471383,17.886180284710793],[-62.83643025993546,17.886301073311415],[-62.83639388302234,17.8863258973378],[-62.8362758257087,17.886396770160207],[-62.83623290261867,17.886418976104807],[-62.83605996479163,17.886495063189958],[-62.836025805151415,17.88650820150176],[-62.835990471583976,17.88651809256484],[-62.835762670285966,17.886570469837377],[-62.835713432830126,17.886578537137922],[-62.83537351126776,17.88661227365553],[-62.83509773817883,17.88667998563621],[-62.83507301116972,17.886685217555247],[-62.8344734555046,17.886792024496273],[-62.83428251818711,17.886841907737534],[-62.83427410761197,17.886843685548854],[-62.83426580473587,17.886845884474724],[-62.834103768697304,17.886880701989632],[-62.83407497920215,17.886885774675637],[-62.83404586573434,17.88688869686178],[-62.83390092275588,17.886897824562116],[-62.83389489701939,17.886899021121934],[-62.83383480340547,17.886940042156393],[-62.833596111502914,17.887150004345987],[-62.83355141975447,17.887190546648622],[-62.833644221629385,17.887411993309904],[-62.83365568236105,17.887443467217803],[-62.83366406713406,17.88747581787525],[-62.83366930455168,17.88750877044476],[-62.8336713501266,17.887542044688516],[-62.83367018665581,17.887575358041722],[-62.83366582384161,17.88760842714894],[-62.833658298760746,17.887640971028006],[-62.83364767548506,17.887672713058258],[-62.833592499203505,17.887814693945497],[-62.83356939856527,17.887862958926313],[-62.8334977831281,17.88798752712086],[-62.83348649827415,17.88800585756633],[-62.83337289133954,17.88817856642603],[-62.83334151198788,17.888235313906954],[-62.833285463690366,17.88838920371874],[-62.833391979943464,17.88846711227751],[-62.83345759049199,17.888501107023686],[-62.83348709895298,17.88851810586409],[-62.83351486722878,17.888537608020837],[-62.833540664468025,17.8885594512333],[-62.83356427597995,17.888583453821507],[-62.83387012364145,17.888924251063774],[-62.833871505107815,17.88892579930777],[-62.834091274118194,17.88917348912265],[-62.834118624413236,17.889208379063312],[-62.834141386873625,17.88924616896103],[-62.83423106004712,17.889418268240178],[-62.834248663073325,17.889457764129894],[-62.834341931425755,17.889707102203833],[-62.83435121628969,17.88973557227827],[-62.83435801861107,17.88976467828395],[-62.83436229222052,17.889794222053315],[-62.83436955871038,17.889866197162515],[-62.83437129571584,17.889897767151847],[-62.834370145561955,17.88992936180243],[-62.83436611734526,17.88996073942681],[-62.83435805125943,17.890006823668017],[-62.83435805097513,17.890006824842803],[-62.83435690346175,17.890013382084685],[-62.834349492033304,17.890046263313568],[-62.83433892100295,17.89007834274267],[-62.83433494408726,17.890087381596754],[-62.834345497825666,17.890102032831603],[-62.83436344561643,17.890133074372553],[-62.83437812921771,17.89016565080209],[-62.83438940712494,17.890199448447735],[-62.83439717079112,17.8902341417338],[-62.834401345473346,17.890269396526392],[-62.8344018908908,17.890304873387883],[-62.83439880188284,17.890340230560238],[-62.83439210812255,17.890375127580267],[-62.83438187401963,17.890409228352695],[-62.83436819833971,17.89044220449418],[-62.834351212502334,17.890473738495473],[-62.83433108029512,17.890503526523155],[-62.83430799560513,17.89053128176213],[-62.83428218062281,17.890556736944927],[-62.834253883951725,17.890579646790627],[-62.8342233782458,17.890599790895283],[-62.83419095728151,17.89061697508528],[-62.83415693321775,17.89063103394588],[-62.834121633668275,17.890641831993804],[-62.8340853986791,17.8906492653017],[-62.83404857723481,17.89065326230861],[-62.834011523859246,17.89065378444988],[-62.833974595499605,17.890650826787155],[-62.833938147750374,17.890644417734052],[-62.833902531643616,17.890634618963013],[-62.833868090156244,17.890621525040746],[-62.83383515490737,17.890605261798438],[-62.83380404323192,17.89058598605806],[-62.833775054689674,17.890563883460043],[-62.83374846842358,17.890539166743636],[-62.83372454061241,17.890512073936947],[-62.833550576478466,17.890294263276886],[-62.83352998203432,17.890265740929834],[-62.833512336134724,17.890235460902087],[-62.83349780098755,17.890203701544593],[-62.833486510277396,17.890170755193786],[-62.83347856784731,17.890136924645425],[-62.83347404675661,17.89010252125553],[-62.83347298862345,17.890067861414767],[-62.833475403060866,17.890033263926743],[-62.833481268057334,17.88999904702548],[-62.83349052950761,17.88996552539234],[-62.83350310225373,17.889933007445244],[-62.833518870748954,17.889901792175728],[-62.83353768981525,17.889872166709225],[-62.83355938643952,17.889844403685313],[-62.83358213605182,17.88982046791594],[-62.83354523739741,17.889721824053268],[-62.83348604469656,17.889608221765396],[-62.833296625515096,17.889394736689454],[-62.83303687934976,17.8891053081111],[-62.833006534931805,17.88908958574685],[-62.832981151953526,17.889075178877444],[-62.83295702136243,17.889058918244643],[-62.832810455543395,17.888951716323742],[-62.83278881062902,17.888934629043884],[-62.83265874799977,17.888823931441504],[-62.8326315348495,17.888798298140195],[-62.83260716396679,17.888770165090758],[-62.83258588421054,17.88873981975837],[-62.83256791317041,17.8887075724492],[-62.83255343452708,17.888673752602283],[-62.832542596261334,17.88863870589552],[-62.83253550905286,17.88860279053839],[-62.83251365269874,17.888450057290402],[-62.83251048732843,17.888416089891848],[-62.832510678660945,17.88838198790018],[-62.8325142248047,17.88834805501449],[-62.832523447244064,17.888288381231455],[-62.832529723223246,17.888257262363958],[-62.83253882151022,17.888226789388064],[-62.83255067202643,17.888197196345768],[-62.832575475184576,17.888142552706743],[-62.83263783849705,17.88797132576618],[-62.83264826238517,17.887945849799898],[-62.83266066860313,17.887921201493207],[-62.83271208881952,17.8878282119933],[-62.83272629250175,17.887804705459],[-62.83284153879839,17.887629505411823],[-62.832887864049475,17.88754892751782],[-62.83276878455945,17.887264772940632],[-62.832766880695395,17.88725949405382],[-62.832764610520385,17.887254349800543],[-62.83276083654014,17.887242734887895],[-62.83275668928156,17.88723123544065],[-62.83275533498093,17.88722580309618],[-62.83275360241267,17.887220470847087],[-62.83275103545335,17.887208556704305],[-62.83274808561819,17.887196724304314],[-62.83274729404734,17.887191191480422],[-62.83274611555847,17.88718572186653],[-62.83274478071565,17.887173624933926],[-62.832743056235365,17.887161571956508],[-62.83274283480297,17.887155990722587],[-62.832742222048644,17.88715043753429],[-62.83274213195751,17.88713827351833],[-62.832741649714265,17.887126116848616],[-62.83274200063391,17.88712054243313],[-62.83274195932353,17.887114957738337],[-62.8327431150075,17.88710284269699],[-62.83274387951569,17.887090700384437],[-62.83274479943329,17.88708518584174],[-62.832745329987496,17.887079624144256],[-62.83274772038502,17.887067675752007],[-62.8327497241719,17.88705566384723],[-62.83275120406912,17.887050262407566],[-62.83275230152875,17.88704477703149],[-62.83275590349694,17.887033110783122],[-62.832759127384755,17.887021344513116],[-62.832761153336065,17.887016107594718],[-62.832762806888994,17.8870107519495],[-62.83276758596039,17.88699947953373],[-62.832771998689225,17.886988072849658],[-62.83277455063305,17.886983051865492],[-62.83277674474963,17.886977876644885],[-62.83282087401047,17.886886877498675],[-62.832829467989946,17.886871217076457],[-62.83283798416598,17.886855673457635],[-62.83283805203897,17.886855574541954],[-62.8328381101952,17.886855468567745],[-62.83284827316193,17.886840679466946],[-62.832858332352124,17.88682602052442],[-62.83285847876003,17.886825828486966],[-62.8328622094696,17.886820933247012],[-62.8328904459722,17.88678812361778],[-62.83292250972487,17.886758714376437],[-62.8329901765557,17.886703576131225],[-62.833078801256804,17.886623180049604],[-62.833083043523445,17.886619390407045],[-62.833341092451384,17.886392401541187],[-62.833377354422836,17.88636425562971],[-62.83352119573307,17.886266067205487],[-62.833554204393785,17.886245920815846],[-62.83358921394462,17.88622915462011],[-62.83362584821852,17.886215948799162],[-62.83366371352599,17.886206445194983],[-62.83377325728376,17.886184691206672],[-62.833825161558735,17.88617793638019],[-62.83396702563134,17.886169002609233],[-62.83409203106412,17.88614214208836],[-62.8342896787881,17.886090505617727],[-62.83432000826017,17.886083854150378],[-62.83492241452965,17.8859765393848],[-62.8352129844092,17.885905194298708],[-62.835240236095814,17.88589952105621],[-62.83526785066226,17.8858957890904],[-62.835610669542575,17.885861765046585],[-62.835778207588326,17.885823243854915],[-62.83589536279787,17.885771699319765],[-62.83597375253653,17.88572463999463],[-62.836097193033915,17.885629376292123],[-62.836225770607506,17.885506416778565],[-62.836259355256054,17.885477909145678],[-62.83629623524349,17.885453418188554],[-62.83640880242286,17.885387792227025],[-62.83643902580859,17.885371935219897],[-62.83647063327384,17.88535878266887],[-62.8365033614354,17.885348444082325],[-62.8365369377747,17.885341005641198],[-62.83657108262114,17.885336529296875],[-62.83660551141791,17.885335052321107],[-62.83667685013108,17.885335112131305],[-62.83671248138541,17.88533675540554],[-62.83674779176269,17.88534161067381],[-62.83678246600526,17.885349634647923],[-62.836871897457144,17.885374665437524],[-62.836907532803906,17.88538651926549],[-62.836941755129224,17.885401718398803],[-62.83697422274722,17.885420111153813],[-62.83710310947977,17.885501712016115],[-62.83713005680475,17.88552045932858],[-62.83715517377007,17.885541407481178],[-62.83717826492557,17.885564393524003],[-62.837301619276005,17.88569855880546],[-62.83732359552572,17.885724832546494],[-62.83744144625773,17.885880017197277],[-62.8374604619488,17.88590762916539],[-62.837476762673596,17.88593678945873],[-62.83749021205461,17.885967254009245],[-62.83754803710747,17.886116989693924],[-62.837605101130514,17.886235331729033],[-62.8376372635865,17.88629193538057],[-62.837729313183,17.8864147603565],[-62.837842752257224,17.886548358801523],[-62.83786774844642,17.886581454071827],[-62.837888686799936,17.886617037394178],[-62.838030616795955,17.886893706685118],[-62.83806917409366,17.886964781139458],[-62.83809533238487,17.88698922087773],[-62.83821071585158,17.88705224046695],[-62.8384558685542,17.88718297947996],[-62.838502187191956,17.88721214053004],[-62.838514017605995,17.887220843501307],[-62.83879194916557,17.88741647794843],[-62.838820213023695,17.8874384589934],[-62.83894908542605,17.887548973471944],[-62.83897149540275,17.88756985542896],[-62.83899202401953,17.887592441162965],[-62.83901053047348,17.8876165758154],[-62.839095477796846,17.88773755688193],[-62.83911404433031,17.887766919476334],[-62.83919577245394,17.887911215916365],[-62.83919577273658,17.887911216549305],[-62.839195773113694,17.887911217091943],[-62.839266111978205,17.888035405885397],[-62.83936645546117,17.88820636744571],[-62.83948624310901,17.888375146216386],[-62.83950302477381,17.888401081448574],[-62.839517462898584,17.888428278993775],[-62.83959687569983,17.888594927901284],[-62.839612196737626,17.888632499265796],[-62.83969155158154,17.888864544989428],[-62.839763027651756,17.888980871664533],[-62.839771221588244,17.888994912905716],[-62.83983933616021,17.88911798581413],[-62.83985223742759,17.889143700172646],[-62.83994435249475,17.889347535602386],[-62.83994552291741,17.889350153633185],[-62.840074709571745,17.889642314488395],[-62.840133245881816,17.889772339867665],[-62.840135245905024,17.88977677400366],[-62.8401532663166,17.889775131271854],[-62.84019032327322,17.889775246548883],[-62.840227190011774,17.889778838946317],[-62.840263511514586,17.889785873916438],[-62.84029893789135,17.88979628365353],[-62.840333127965565,17.889809968000662],[-62.840365752578066,17.889826794994686],[-62.84036903224239,17.889828907950648],[-62.84042502378586,17.889828377064184],[-62.840455855275735,17.88982929109424],[-62.84048650591114,17.889832611438415],[-62.84054121671555,17.889840716954875],[-62.84057952026881,17.889848355557334],[-62.8406167927063,17.889859747899862],[-62.84065263386926,17.889874771633103],[-62.840750805314,17.889921868587813],[-62.8407758838852,17.889935060933674],[-62.84079984719659,17.889950033533772],[-62.84108819373242,17.89014550093172],[-62.84130919131944,17.8902885895654],[-62.841343653044746,17.890313779154475],[-62.84149086520975,17.890434800827204],[-62.84150415603618,17.890446261702863],[-62.841598845090715,17.890531887884435],[-62.841676634457286,17.890598776319585],[-62.841695697480105,17.890616362076592],[-62.841784012145055,17.89070375141181],[-62.84181626245136,17.890740202442313],[-62.841872320282185,17.890812789052127],[-62.8418916457109,17.890840379683233],[-62.841915463524664,17.89087801361836],[-62.84193721967619,17.89091776464232],[-62.84195542495796,17.89095673626698],[-62.841956049948394,17.89095808155378],[-62.84202186788392,17.891100529923428],[-62.84203808583082,17.89114246562021],[-62.842056274521624,17.891200244975032],[-62.842062917116614,17.891224317199217],[-62.8420964653408,17.891365396221136],[-62.84209922200736,17.89137802553736],[-62.84212995272078,17.89153253560229],[-62.84213143390076,17.891540462217037],[-62.842155165171654,17.891676159753967],[-62.842159071551194,17.89170614188799],[-62.842161849689745,17.891738385226166],[-62.84216307296125,17.89177429214058],[-62.84216056816482,17.89181013800541],[-62.84215436015624,17.891845568884673],[-62.84214451013335,17.89188023502945],[-62.84213111544471,17.891913793950877],[-62.84210704909643,17.891966130822624],[-62.842116283819514,17.891988246546003],[-62.84212660164435,17.89202232416485],[-62.84213338123717,17.89205720607243],[-62.842136557187615,17.89209255615677],[-62.84213609892409,17.89212803417613],[-62.842132010806054,17.892163298289912],[-62.84213036868434,17.892170721356973],[-62.842215098164246,17.892223940620216],[-62.8422189092105,17.892226366082152],[-62.84246423380506,17.89238456043129],[-62.842469464380564,17.892387994762398],[-62.8424864717353,17.89239936385025],[-62.84252145544341,17.89242582286756],[-62.842552938432874,17.892456045028133],[-62.84258951750243,17.892495573763476],[-62.842612678646866,17.89252322228512],[-62.842632901070324,17.892552909099688],[-62.842649990454994,17.892584349150876],[-62.84266378242418,17.892617240142602],[-62.842681787724516,17.892667122162237],[-62.84269357728525,17.892707085139673],[-62.842697687114054,17.892724863085242],[-62.84270360776148,17.892757492825076],[-62.842706384958724,17.89279050444254],[-62.84271494262032,17.893027504559857],[-62.842714918569804,17.89302908622453],[-62.842715042266676,17.893030663850713],[-62.842721984716185,17.8932880888794],[-62.84272476892883,17.893362662120982],[-62.842729265636386,17.893432861375928],[-62.8428004004493,17.89342855861822],[-62.8428419085596,17.89342606145679],[-62.8428505649041,17.89340863177347],[-62.842869682367926,17.893378236815526],[-62.84289181936631,17.89334978237167],[-62.84291676277388,17.893323542413107],[-62.84294427239027,17.89329976955785],[-62.84297408330211,17.89327869290334],[-62.84300590834009,17.89326051522655],[-62.84303944110086,17.893245411811353],[-62.84307435849812,17.89323352801022],[-62.84311032444514,17.893224978252967],[-62.84314699240477,17.89321984487378],[-62.84318400935496,17.893218177300966],[-62.843221018715575,17.893219991697777],[-62.84325766421942,17.893225270423198],[-62.843293592837966,17.893233962757403],[-62.84332845855748,17.893245984995158],[-62.843361925587814,17.893261221352248],[-62.84339367176001,17.893279525052854],[-62.84342339116831,17.893300719777784],[-62.84345079766149,17.893324601475015],[-62.84347562739017,17.893350940169427],[-62.84348715805495,17.893365890334923],[-62.84350901008357,17.89336215827442],[-62.84362484477293,17.893322700528973],[-62.84362484486733,17.89332270052905],[-62.8436248504389,17.893322698635394],[-62.84363248877345,17.893320096557233],[-62.84382784174679,17.89324130521044],[-62.84399837460642,17.893165645496367],[-62.84412013580723,17.893105106693824],[-62.84412013703496,17.89310510615248],[-62.84412680728671,17.893101789583312],[-62.84412686839333,17.893101759171753],[-62.84412686867662,17.893101759081596],[-62.84412882276561,17.89310078699537],[-62.84413698355623,17.89309684677253],[-62.844213697289646,17.89306091599536],[-62.844227090164416,17.893054951033772],[-62.844264671368514,17.89303906147414],[-62.84426467165189,17.893039061293596],[-62.84426470177818,17.893039048573097],[-62.84427130605109,17.893036255558748],[-62.8442713228606,17.893036249335477],[-62.844271340049474,17.893036241123994],[-62.84427433379224,17.893034975386293],[-62.8442743350199,17.89303497493534],[-62.844282555157406,17.89303149943396],[-62.84428256516802,17.89303149519377],[-62.84428256526251,17.893031495103457],[-62.84433377648396,17.893009841141808],[-62.844347422205196,17.89300437440696],[-62.844425605807,17.892974761966254],[-62.84446199875135,17.89295892348205],[-62.84447012018437,17.892955498691418],[-62.844533873852114,17.892929465583354],[-62.84453035804635,17.892921198682604],[-62.84452495889468,17.892909425246692],[-62.844523373165075,17.892904774648184],[-62.84452144671738,17.89290024480604],[-62.844517625931886,17.892887919099085],[-62.8445134584023,17.89287569642773],[-62.8445123566079,17.89287092021579],[-62.844510902891024,17.892866230584925],[-62.84450836230972,17.892853605272176],[-62.84450546613825,17.892841050719777],[-62.844504858529895,17.892836193734666],[-62.84450389204155,17.89283139069532],[-62.84450265629087,17.892818588542283],[-62.84450105922201,17.892805821803684],[-62.844500951800455,17.89280093096115],[-62.84450048165749,17.892796060618075],[-62.84450056242969,17.892783205193364],[-62.844500280027056,17.892770348936377],[-62.844500673883935,17.892765471238597],[-62.84450070457663,17.8927605805063],[-62.844502101199005,17.89274779292813],[-62.84450313618358,17.892734973877662],[-62.84450402721684,17.892730157949636],[-62.844504558610886,17.892725292292727],[-62.844507258042086,17.892712695567486],[-62.84450960001555,17.892700037093586],[-62.84451097978368,17.8926953279413],[-62.84451200673891,17.89269053562237],[-62.844515982626135,17.89267825319769],[-62.84451960929827,17.89266587513574],[-62.84452146454482,17.892661318122897],[-62.84452297710824,17.892656645321743],[-62.8445354954869,17.892623772478352],[-62.84453945699862,17.89261476910569],[-62.84454299967935,17.892605607401965],[-62.84454664636551,17.89259842995932],[-62.84454988263968,17.892591074849516],[-62.844554746297334,17.89258248752533],[-62.84455921022894,17.892573701482277],[-62.844563574439995,17.892566900351166],[-62.844567547812815,17.89255988487136],[-62.84457326738127,17.892551794997317],[-62.844578609062374,17.892543470538143],[-62.84458364778575,17.89253711257052],[-62.8445883209095,17.892530502854076],[-62.84459484203855,17.892522987667544],[-62.84460100938153,17.8925152056469],[-62.84460667479582,17.892509351092603],[-62.844612002016575,17.892503211820053],[-62.84461926006846,17.89249634574818],[-62.8446261953285,17.892489178971744],[-62.84463243329094,17.892483883917755],[-62.844638362917514,17.892478274522368],[-62.84464628920348,17.892472122498432],[-62.844653924536836,17.892465641232977],[-62.84466067467822,17.89246095697081],[-62.84466714983223,17.892455931187317],[-62.844675666793975,17.892450553166228],[-62.84468392973865,17.8924448190881],[-62.84469112735269,17.892440790669102],[-62.844698085401774,17.89243639698522],[-62.84470711265687,17.892431843790582],[-62.84471592216494,17.892426913146053],[-62.8448536821965,17.89235826073611],[-62.84496182402346,17.892298600318927],[-62.84509951430327,17.892215999045188],[-62.8452244629203,17.892135620743165],[-62.84523939462465,17.892126555027904],[-62.8452309106596,17.89210032797458],[-62.84523091065967,17.892100327884187],[-62.8452309025626,17.892100302840518],[-62.84522972998987,17.892096678921455],[-62.845229729330995,17.892096676661254],[-62.84522972838922,17.89209667403928],[-62.84522872943352,17.892093586525004],[-62.84521951400037,17.8920592204326],[-62.84521386105796,17.892024154953045],[-62.8452118251604,17.891988727906664],[-62.845213425834835,17.891953280339738],[-62.84521864777279,17.89191815372257],[-62.845227440550296,17.891883686243464],[-62.845239719480105,17.891850209916946],[-62.84525536646443,17.89181804714985],[-62.84527423065852,17.891787507578243],[-62.845296130455615,17.89175888544785],[-62.84532085500018,17.89173245636138],[-62.84534816598379,17.89170847483951],[-62.84537780066814,17.891687171882893],[-62.84540947339765,17.891668752532972],[-62.845442879377025,17.89165339424804],[-62.8454776966554,17.891641244916347],[-62.84551359009233,17.891632421593858],[-62.84555021400223,17.89162700915058],[-62.84558721555323,17.89162505982135],[-62.84562423854398,17.891626592304974],[-62.845660926329984,17.891631591947306],[-62.845696925694256,17.891640010473168],[-62.84573188986748,17.891651766802216],[-62.845765482114544,17.891666747865226],[-62.845797379038096,17.891684809239404],[-62.845827273314555,17.891705777048646],[-62.84585487709131,17.891729449412356],[-62.84587992453423,17.8917555981648],[-62.84590217437395,17.891783971749447],[-62.84592141245364,17.891814296667135],[-62.845937453425144,17.891846281092842],[-62.84595014282429,17.891879616775434],[-62.845951140190685,17.89188269940399],[-62.845951141791346,17.891882704286157],[-62.845951141885436,17.89188270464778],[-62.84595232087389,17.891886348362537],[-62.845952324261454,17.891886361109798],[-62.845952328971066,17.89188637340618],[-62.846017597997225,17.892088141982395],[-62.846017597997154,17.892088142072787],[-62.8460175980914,17.89208814225363],[-62.84603459337035,17.8921406805554],[-62.8460345937472,17.892140681459576],[-62.84603532626324,17.892142944428535],[-62.84604484284295,17.89217870684083],[-62.84605050217022,17.8922152118074],[-62.846052245284625,17.892252078932895],[-62.84605005391718,17.89228892414804],[-62.84604395105356,17.892325363596715],[-62.84603400008123,17.892361017431526],[-62.846011837583234,17.892426766492008],[-62.845999410276534,17.892458470799323],[-62.845983939493095,17.892488922825965],[-62.84597838378296,17.892497668810904],[-62.84601632575343,17.892494876290925],[-62.84609966900291,17.892487957404683],[-62.84613115506203,17.89248696461143],[-62.84614762917036,17.892482020884867],[-62.84618390683678,17.892474778795723],[-62.846220751081766,17.892470976106292],[-62.84625780729179,17.892470649414314],[-62.84629471842766,17.892473801872633],[-62.84633112917828,17.892480403102127],[-62.84636668879249,17.89249038946504],[-62.846401054854354,17.89250366497184],[-62.84643389630379,17.892520101554755],[-62.84644055325172,17.892524275909484],[-62.846454835821675,17.89252649315736],[-62.84645483648243,17.89252649324827],[-62.84645483676556,17.892526493338874],[-62.84646006391952,17.892527304797255],[-62.84646007930547,17.89252730715945],[-62.84646007987181,17.892527307250287],[-62.84646924827591,17.892528730210962],[-62.8465017595872,17.892535191940755],[-62.84653355222885,17.892544363085868],[-62.84661873895624,17.89257290439211],[-62.84682181620423,17.892607209839788],[-62.846845693101095,17.892612009552646],[-62.84697617689257,17.89264248399271],[-62.84701146769078,17.892652493979607],[-62.84704557310665,17.892665745848404],[-62.84707816887443,17.8926821138878],[-62.84716405096852,17.8927304896024],[-62.847191187314245,17.892747312144078],[-62.84721672137049,17.892766295214173],[-62.84724046605175,17.892787299741556],[-62.84729063110928,17.8928356473849],[-62.84731349159684,17.892859760617814],[-62.847333993104534,17.89288574545313],[-62.847351969376255,17.892913391068866],[-62.84736727455852,17.89294247319132],[-62.84743509130876,17.893087211713873],[-62.84744150928546,17.893101751172097],[-62.84745197801151,17.8931269900348],[-62.84746576967991,17.89316684483831],[-62.847536741211115,17.893420399240753],[-62.847630451485514,17.893756284244674],[-62.84763889952728,17.89379490974639],[-62.847642900331415,17.893834186804266],[-62.847642406242095,17.893873647356756],[-62.84763165990617,17.894027930400075],[-62.84766728860598,17.894037391250635]]]}},{"id":"17","type":"Feature","properties":{"feature_id":"AEP_SECT_9725ZS006","layer_key":"eau_aep","layer_label":"Eau AEP","state_geometry_mode":"hydraulic_zoning_v2","service_unit_kind":"hydraulic_zone_component","service_feature_id":"AEP_SECT_9725ZS006","zone_component_key":"AEP_SECT_9725ZS006","zone_uid":"AEP_SECT_9725ZS006","network_kind":"AEP","feature_role":"canalisation","state_annual_storm":"S0","state_rp50_storm":"S0","state_rp100_storm":"S0","state_p99_storm":"S0","state_top10_storm":"S0","state_top5_storm":"S0","state_annual_storm_cmcc":"S0","state_rp50_storm_cmcc":"S0","state_rp100_storm_cmcc":"S0","state_p99_storm_cmcc":"S0","state_top10_storm_cmcc":"S0","state_top5_storm_cmcc":"S0"},"geometry":{"type":"Polygon","coordinates":[[[-62.82121747957285,17.908287572618516],[-62.8211350412748,17.90837939035723],[-62.821072771896205,17.90846253728503],[-62.821047415377954,17.90849639583646],[-62.821009961478175,17.908567620997214],[-62.82097559072393,17.908634099530968],[-62.820969762026046,17.90865009326215],[-62.820947969399086,17.908720768377332],[-62.82094772863278,17.908721428088008],[-62.82094755383131,17.90872210657366],[-62.82092979433769,17.908778893423985],[-62.82091931065053,17.908845840867755],[-62.82091594947095,17.908974564224902],[-62.82091594921056,17.90897456758384],[-62.82091594929526,17.908974570951045],[-62.82091548193149,17.90899245627746],[-62.82091273825478,17.909027839493103],[-62.820906385128815,17.909062794870305],[-62.82089648373563,17.90909698576932],[-62.82088312942921,17.909130082912558],[-62.82086645081724,17.909161767555744],[-62.82084660852259,17.909191734557606],[-62.820823793636514,17.909219695318615],[-62.820798225878335,17.909245380560368],[-62.82077015147945,17.909268542918934],[-62.82073984081202,17.909288959327128],[-62.820707585785065,17.90930643316284],[-62.82067369703328,17.9093207961426],[-62.82063850092533,17.909331909942345],[-62.82060233642071,17.909339667529512],[-62.82056555180535,17.909343994193865],[-62.82052850133731,17.909344848267057],[-62.82049154183499,17.909342221523854],[-62.82045502924074,17.909336139261406],[-62.820419315192844,17.909326660055573],[-62.82038474363894,17.909313875196833],[-62.820351647523566,17.909297907811062],[-62.8203203455817,17.909278911673752],[-62.82029113926904,17.909257069729005],[-62.820264309858835,17.90923259232768],[-62.820240115733085,17.909205715201544],[-62.820218789894085,17.90917669719303],[-62.82020053772058,17.909145817762354],[-62.82018553498985,17.909113374296194],[-62.82017392618492,17.90907967924358],[-62.8201658231032,17.90904505710689],[-62.82016130377981,17.909009841316653],[-62.82016041173621,17.908974371020392],[-62.82016087908779,17.908956489056774],[-62.82016482583384,17.90880536468493],[-62.820168881781385,17.908760796584307],[-62.82018682153373,17.908646238746794],[-62.82019851561201,17.90859614204888],[-62.820223775300384,17.90851537401364],[-62.820247962787676,17.908436933211775],[-62.8202535902084,17.908420193768418],[-62.82027016397806,17.908374716450528],[-62.820288276648164,17.908333433463117],[-62.82033360861418,17.908245754841033],[-62.82033475032709,17.908243565271192],[-62.82038602032113,17.908146067062237],[-62.82040024218698,17.908121454992454],[-62.82041641951445,17.908097975829286],[-62.820458935070356,17.90804120508498],[-62.82045893602436,17.90804120393479],[-62.82045893685602,17.908041202700602],[-62.82053089492157,17.90794511910683],[-62.8205514203047,17.907920112686888],[-62.82066380010971,17.9077949472642],[-62.82068370510764,17.90777444024774],[-62.82070520774936,17.907755469099815],[-62.820832717478766,17.90765141562168],[-62.82083512828026,17.907649636199693],[-62.82083737860346,17.907647673568388],[-62.82084157259951,17.907644679827015],[-62.82080673947477,17.907582864483828],[-62.820696009993014,17.90745662168794],[-62.82057186688134,17.90733364193599],[-62.820542473309615,17.907300801669845],[-62.82051738593947,17.907264836284142],[-62.82048086131907,17.907205011667585],[-62.820463231875,17.907172449436647],[-62.82044913902242,17.907138344822748],[-62.82040836527516,17.9070228650587],[-62.82039851514848,17.906989886473724],[-62.82039197372272,17.906956162659576],[-62.82038879987219,17.906921997147915],[-62.82038248945082,17.906775618777495],[-62.82038244428642,17.90674688774176],[-62.82038677176943,17.906638596049547],[-62.820388921710084,17.906507644735047],[-62.82039234438411,17.906464432422908],[-62.820396241854084,17.906437094884406],[-62.820403665904514,17.906385022247825],[-62.82040967216938,17.90634285652214],[-62.82041647559001,17.906307978908455],[-62.820426817085185,17.906273907661507],[-62.82044059705885,17.90624097090549],[-62.82045768280078,17.906209485838648],[-62.820477909764705,17.90617975567854],[-62.820501083153054,17.906152066741925],[-62.82052697979298,17.90612668568741],[-62.82055535028564,17.906103856947404],[-62.82058592140809,17.90608380037416],[-62.820618398744514,17.906066709122495],[-62.820652469521555,17.906052747789673],[-62.82068780562052,17.90604205083022],[-62.820724066737256,17.906034721261154],[-62.82076090365936,17.906030829669827],[-62.82079796162924,17.90603041353419],[-62.820834883760554,17.906033476861857],[-62.82087131447513,17.906039990151495],[-62.820906902927256,17.906049890676954],[-62.82094130638251,17.906063083091325],[-62.82097419351836,17.906079440345145],[-62.821005247614934,17.906098804909977],[-62.82103416960517,17.906120990295403],[-62.82106068095493,17.906145782845034],[-62.82108452634545,17.906172943794076],[-62.82110547613221,17.906202211568733],[-62.8211233285565,17.906233304305285],[-62.821137911688545,17.906265922564522],[-62.82114908508331,17.906299752215507],[-62.82115674113311,17.90633446746077],[-62.821160806104004,17.90636973397391],[-62.821161240846024,17.906405212119335],[-62.821158041170165,17.90644056022311],[-62.821152032039166,17.906482747310278],[-62.8211520279056,17.90648276850133],[-62.82115202595886,17.906482789978014],[-62.82114459924559,17.906534882822047],[-62.8211437682247,17.906540711920414],[-62.82114190826599,17.906654029838215],[-62.82114163268881,17.906658095562083],[-62.821141678872976,17.90666216959704],[-62.82113776331558,17.906760163572287],[-62.821141222715205,17.906840400951534],[-62.82115030883133,17.906866134435194],[-62.821248294512756,17.906963201553253],[-62.82126594388952,17.906981953387028],[-62.821409984834254,17.907146173985613],[-62.82143318509224,17.907175539958157],[-62.82145314530338,17.907207012671176],[-62.82152404588744,17.907332832992644],[-62.821533955379984,17.907351719502916],[-62.8216329993879,17.907555099469313],[-62.82164743635555,17.907589168719387],[-62.821658184524296,17.90762446550354],[-62.82166513274493,17.90766062481707],[-62.821668209163406,17.90769727273562],[-62.82166738196399,17.907734030281944],[-62.82166265969838,17.90777051734488],[-62.82165409119737,17.907806356610134],[-62.821638888438294,17.90785776830403],[-62.82162647148567,17.90789280813899],[-62.82161037870063,17.907926449480968],[-62.82159077863462,17.907958339975554],[-62.82156787657415,17.90798814560625],[-62.82151892376798,17.908045461149243],[-62.82149684011886,17.90806911815228],[-62.82147267509938,17.908090830540626],[-62.82139341157281,17.90815602890675],[-62.82135791391622,17.90818190133794],[-62.82130624476803,17.908215136205953],[-62.82121747957285,17.908287572618516]]]}},{"id":"18","type":"Feature","properties":{"feature_id":"AEP_SECT_9725ZS007","layer_key":"eau_aep","layer_label":"Eau AEP","state_geometry_mode":"hydraulic_zoning_v2","service_unit_kind":"hydraulic_zone_component","service_feature_id":"AEP_SECT_9725ZS007","zone_component_key":"AEP_SECT_9725ZS007","zone_uid":"AEP_SECT_9725ZS007","network_kind":"AEP","feature_role":"canalisation","state_annual_storm":"S0","state_rp50_storm":"S0","state_rp100_storm":"S0","state_p99_storm":"S0","state_top10_storm":"S0","state_top5_storm":"S0","state_annual_storm_cmcc":"S0","state_rp50_storm_cmcc":"S0","state_rp100_storm_cmcc":"S0","state_p99_storm_cmcc":"S0","state_top10_storm_cmcc":"S0","state_top5_storm_cmcc":"S0"},"geometry":{"type":"Polygon","coordinates":[[[-62.81733403221812,17.91334321677611],[-62.817333917510155,17.91337869720431],[-62.81733017072236,17.91341399597987],[-62.81732282788989,17.913448773191536],[-62.81731195969355,17.91348269393166],[-62.81729767070111,17.91351543154946],[-62.81728009879783,17.91354667072364],[-62.817259412917394,17.913576110533455],[-62.81723581247216,17.91360346762174],[-62.81720952461297,17.913628478452097],[-62.81718080262107,17.913650902109357],[-62.81714992307335,17.913670522647106],[-62.8171171832909,17.913687151164147],[-62.81708289869371,17.91370062742909],[-62.817047399305245,17.913710821775194],[-62.81701102710788,17.9137176359114],[-62.81701000052261,17.913717729671355],[-62.81700732482576,17.913740592852022],[-62.81702368166571,17.91379225915152],[-62.81713375510253,17.914046559117153],[-62.81714031291355,17.914062805441844],[-62.81729545830378,17.914476534153383],[-62.817308076283645,17.914517724246867],[-62.81731550605782,17.914560055663454],[-62.817359555395,17.914952393872316],[-62.81736170325182,17.914987814865157],[-62.81736021405842,17.915023266700384],[-62.81735510223019,17.91505840818122],[-62.81734641701957,17.915092900764616],[-62.81733424204034,17.91512641226665],[-62.817318694509076,17.915158620025416],[-62.81729992410936,17.91518921370197],[-62.8172781117608,17.91521789889467],[-62.817253467445376,17.915244399125722],[-62.81722622850442,17.915268459364658],[-62.81719665727641,17.91528984774355],[-62.81716503845048,17.915308358356597],[-62.817131676704165,17.915323812975217],[-62.8170968932083,17.915336062671848],[-62.81706102307591,17.915344989534898],[-62.817024411584576,17.915350507569094],[-62.816987411342836,17.915352563687126],[-62.81695037889075,17.915351137977574],[-62.8169136706394,17.91534624424346],[-62.81687764022742,17.915337929638188],[-62.816842634650314,17.915326274209953],[-62.81680899095655,17.915311390175532],[-62.81677703332166,17.915293420832846],[-62.81674706927266,17.91527253938231],[-62.816719387613055,17.915248946846003],[-62.81669462389526,17.915223253392284],[-62.8166912601125,17.915488952727053],[-62.81668899310826,17.915524366853177],[-62.81668311099383,17.91555939776766],[-62.81667367048099,17.91559370792886],[-62.81666076254752,17.91562696714862],[-62.816644511396206,17.915658854941285],[-62.816625073601216,17.91568906440963],[-62.816602636312,17.915717304412446],[-62.81657741564471,17.915743302997793],[-62.81654965450806,17.915766809931814],[-62.81651962024075,17.91578759877545],[-62.816487602059816,17.915805469232154],[-62.81645390832032,17.915820249224243],[-62.81641886349231,17.915831796517033],[-62.81638280513831,17.915839999800724],[-62.81634608051273,17.915844780133316],[-62.8163090433511,17.915846091389636],[-62.81627205018692,17.915843921071268],[-62.81623545733058,17.91583828994221],[-62.816199617375545,17.915829252296728],[-62.81616487523349,17.915816895232467],[-62.81613156568038,17.915801337653875],[-62.81610000929738,17.915782729454854],[-62.81607051020643,17.915761249799235],[-62.81604335248407,17.915737105580764],[-62.81601879751983,17.915710529341663],[-62.81599708184693,17.915681777010846],[-62.81597841469008,17.915651125461128],[-62.8159629757965,17.915618869885904],[-62.81595091373957,17.915585320905148],[-62.81594234478883,17.91555080167185],[-62.81593735140272,17.915515644616743],[-62.81593598175985,17.915480188374627],[-62.81594863017312,17.91448142837839],[-62.81582033725788,17.91425192016372],[-62.81578166747067,17.914256730277625],[-62.81575102416894,17.914260642308665],[-62.815714091093426,17.914263600943208],[-62.81567703283011,17.914263079740607],[-62.81564020645783,17.914259083648886],[-62.81560396647138,17.914251651237752],[-62.81556866204395,17.914240854063316],[-62.81553463306219,17.914226796122005],[-62.81550220738915,17.914209612763262],[-62.81547169708876,17.91418946951093],[-62.815443396161605,17.91416656034371],[-62.81541757714767,17.91414110597451],[-62.815394488579706,17.914113351317216],[-62.81537435290771,17.914083563948047],[-62.81535736404783,17.914052030487706],[-62.8153436855904,17.91401905479195],[-62.8153334492931,17.913984954334605],[-62.81532675376187,17.913950057585055],[-62.81532366332158,17.913914700662882],[-62.81532420783072,17.91387922390293],[-62.815328382117904,17.91384396914318],[-62.81533614589168,17.913809275747628],[-62.815347424404166,17.913775477985734],[-62.8153621090217,17.913742901236734],[-62.8153800583605,17.91371185936951],[-62.815401099518,17.91368265112832],[-62.815425029868955,17.913655557965296],[-62.8154516188628,17.913630840788233],[-62.81548061066982,17.913608737522726],[-62.815511725788234,17.913589461125227],[-62.81554466482331,17.913573197236605],[-62.81557911037732,17.913560102466654],[-62.815614730827676,17.91355030295151],[-62.815651183066166,17.91354389309088],[-62.81568245768796,17.913539900504933],[-62.81568309042021,17.913539849854967],[-62.81568371546952,17.91353974198286],[-62.81575401815927,17.913530996933908],[-62.81577459032886,17.91331309496168],[-62.81577946648151,17.913279313435986],[-62.81578764571857,17.91324612200911],[-62.81579905522199,17.91321381608624],[-62.81587863126273,17.913019261450927],[-62.81589218846852,17.912990001601294],[-62.81590839592965,17.912962004340667],[-62.8159271264299,17.912935489188026],[-62.815948233315915,17.91291066389365],[-62.81597725652496,17.912879457633036],[-62.81597727278249,17.912879440113365],[-62.81597727316052,17.912879439752174],[-62.815999078419175,17.91285599125193],[-62.816026100541315,17.912829756084346],[-62.81605577154913,17.912806289886543],[-62.816087783019746,17.91278583659102],[-62.81612180277099,17.912768608291806],[-62.81615747741169,17.91275478416225],[-62.81619443649876,17.91274450765698],[-62.81631510847407,17.912717252472643],[-62.81634960107629,17.912711065602004],[-62.81638454472488,17.912707970561218],[-62.81641963754855,17.91270799391014],[-62.81645457657053,17.912711135543702],[-62.816489060258135,17.912717368242348],[-62.816744587178256,17.912775441080182],[-62.81677255516027,17.912780509375533],[-62.81678752378825,17.91278352377015],[-62.81679346078368,17.912784840149808],[-62.81709406258961,17.912601051145437],[-62.81712623895176,17.912583444023404],[-62.817160063164394,17.91256894097242],[-62.81719520944765,17.912557681604433],[-62.8172313392134,17.912549774426463],[-62.81726810455998,17.91254529548818],[-62.817305151482394,17.91254428811371],[-62.81734212317793,17.912546761820167],[-62.817378663538804,17.9125526928632],[-62.81741442074007,17.912562024059635],[-62.81744905035428,17.912574665694205],[-62.81748221893883,17.91259049579407],[-62.81751360696082,17.912609362120058],[-62.81754291228957,17.91263108289294],[-62.81756985255467,17.91265544896497],[-62.81759416844887,17.912682225540173],[-62.81761562561334,17.912711154978165],[-62.81763401756308,17.91274195842373],[-62.8176491670993,17.91277433942362],[-62.817660928384534,17.912807986097707],[-62.81766918807236,17.91284257430357],[-62.817673866720384,17.912877770982103],[-62.81767491907034,17.912913237230892],[-62.81767233517804,17.91294863146882],[-62.81766613984346,17.912983612779826],[-62.817656392796266,17.9130178443478],[-62.81764318774863,17.913050996438464],[-62.81762665210861,17.913082749833862],[-62.817606944900184,17.913112798632383],[-62.817584256004615,17.913140853592452],[-62.81755880389217,17.91316664439009],[-62.81753083382502,17.913189922780813],[-62.81750061492857,17.913210464404706],[-62.8173311303551,17.913314088071527],[-62.81733403221812,17.91334321677611]]]}},{"id":"19","type":"Feature","properties":{"feature_id":"AEP_SECT_9725ZS008","layer_key":"eau_aep","layer_label":"Eau AEP","state_geometry_mode":"hydraulic_zoning_v2","service_unit_kind":"hydraulic_zone_component","service_feature_id":"AEP_SECT_9725ZS008","zone_component_key":"AEP_SECT_9725ZS008","zone_uid":"AEP_SECT_9725ZS008","network_kind":"AEP","feature_role":"canalisation","state_annual_storm":"S0","state_rp50_storm":"S0","state_rp100_storm":"S0","state_p99_storm":"S0","state_top10_storm":"S0","state_top5_storm":"S0","state_annual_storm_cmcc":"S0","state_rp50_storm_cmcc":"S0","state_rp100_storm_cmcc":"S0","state_p99_storm_cmcc":"S0","state_top10_storm_cmcc":"S0","state_top5_storm_cmcc":"S0"},"geometry":{"type":"MultiPolygon","coordinates":[[[[-62.803729122075275,17.91176310355655],[-62.8037660665862,17.911765922593702],[-62.80380254457398,17.911772194755745],[-62.80383820473767,17.911781859638722],[-62.80387270365222,17.91179482416507],[-62.803905709075806,17.911810963480015],[-62.80393690314939,17.911830122153976],[-62.8039659854579,17.91185211567937],[-62.80399267592326,17.911876732247535],[-62.80401671750177,17.911903734788453],[-62.8040378786595,17.911932863253913],[-62.80405595560219,17.911963837121807],[-62.80407077423783,17.911996358097706],[-62.80408219185338,17.91203011298758],[-62.80409009848921,17.912064776713944],[-62.804094417998094,17.91210001544658],[-62.8040951087787,17.912135489817448],[-62.80409216417628,17.912170858188972],[-62.804085612546835,17.912205779944223],[-62.80407551698412,17.91223991876723],[-62.80406197471209,17.91227294588192],[-62.80404511614866,17.91230454321841],[-62.80402510364975,17.912334406476262],[-62.80400212994581,17.912362248055025],[-62.803976416285664,17.91238779982409],[-62.80394821030587,17.912410815704945],[-62.803917783645794,17.91243107404106],[-62.803885429331565,17.912448379732652],[-62.80385145895409,17.912462566115583],[-62.80381619966815,17.91247349656652],[-62.80377999104171,17.912481065818653],[-62.8037431817856,17.912485200975546],[-62.8037061263952,17.91248586221316],[-62.803686925806005,17.912485302330637],[-62.803683894753725,17.912485071047175],[-62.80368085409853,17.912485078464872],[-62.803668429676996,17.912484524512916],[-62.803631537176784,17.912481136794703],[-62.80359516918001,17.912474303570917],[-62.80355967593232,17.912464090649618],[-62.80352539925492,17.912450596387416],[-62.80349266925245,17.912433950742145],[-62.803461801133906,17.912414314021333],[-62.803433092177,17.91239187533828],[-62.80340681886507,17.912366850790768],[-62.80338323422445,17.912339481379874],[-62.8033625653877,17.912310030688992],[-62.803345011406186,17.91227878234531],[-62.80333074133313,17.91224603728829],[-62.80331989259559,17.912212110871433],[-62.803312569671064,17.912177329825244],[-62.80330884308128,17.912142029110562],[-62.80330874871325,17.912106548692776],[-62.80331228747359,17.912071230267674],[-62.80331942528002,17.91203641397079],[-62.803330093389555,17.91200243510168],[-62.803344189060674,17.911969620894862],[-62.80336157654284,17.911938287368354],[-62.80338208838393,17.911908736280292],[-62.803405527042834,17.911881252222866],[-62.803431666792086,17.911856099881565],[-62.80346025589159,17.911833521486177],[-62.80349101901315,17.911813734478],[-62.8035236598919,17.911796929415804],[-62.803557864179574,17.91178326814069],[-62.8035933024717,17.911772882217495],[-62.80362963347996,17.911765871667793],[-62.80366650731887,17.911762304006633],[-62.80370356887534,17.911762213592358],[-62.80371295834578,17.911762632228534],[-62.803729122075275,17.91176310355655]]],[[[-62.80949425536103,17.90451348460969],[-62.80947586222125,17.90454428701416],[-62.8094544040643,17.904573215093755],[-62.80914042171268,17.904955299370442],[-62.80925212554665,17.905115030694688],[-62.80925277333038,17.905116063225364],[-62.80925351696888,17.905117034756767],[-62.809262312946345,17.905131268832736],[-62.80927120768786,17.90514544654399],[-62.80927174664074,17.90514653489009],[-62.80927238723204,17.905147571525585],[-62.809330489403216,17.905253090037736],[-62.809331675300086,17.90525552656459],[-62.80933306888276,17.905257860154244],[-62.809339499391136,17.905271601829007],[-62.809346142433235,17.905285250524784],[-62.8093470731652,17.905287786602358],[-62.80934822112177,17.90529023972741],[-62.809359623506175,17.905318209361177],[-62.8093756834204,17.905367891621136],[-62.80938671870432,17.905413394138424],[-62.80939304803638,17.905446363305025],[-62.809407179188604,17.905545676154528],[-62.80941023427039,17.90557782268928],[-62.809410282293584,17.905610101975398],[-62.80940541839823,17.905717747970623],[-62.80940262547037,17.9057486915212],[-62.80939624968723,17.90579568644804],[-62.809389196847505,17.905832573350853],[-62.80937819103458,17.905868562444244],[-62.80936335064586,17.90590326656012],[-62.809344835331125,17.9059363123539],[-62.80932284427504,17.90596734432092],[-62.809221713825636,17.906095234284212],[-62.809107857853384,17.90624431367815],[-62.80910401584057,17.906249255363498],[-62.80902546763849,17.90634850903813],[-62.808964784833606,17.906450618104422],[-62.808950007668045,17.906473463856607],[-62.80890609572897,17.90653603172655],[-62.808885404886254,17.90656276754026],[-62.808809335745124,17.906652148706772],[-62.80879054784285,17.906672600366658],[-62.80876202341896,17.906701387672683],[-62.80873268013406,17.90672799318615],[-62.808700535108144,17.906751444325103],[-62.808526288971215,17.90686498869382],[-62.808499238448775,17.906881061529585],[-62.80847086997148,17.906894895974393],[-62.808432870078434,17.906911534952688],[-62.80840090140191,17.906923876919816],[-62.80836789042654,17.906933376827915],[-62.808334112176425,17.906939955530447],[-62.808314008583004,17.906942963692764],[-62.80828636157874,17.90694610616317],[-62.80815450670588,17.90695639195209],[-62.80808798533247,17.906969068391273],[-62.80785120690776,17.907023314831815],[-62.80784984264922,17.907023624823037],[-62.80781694708128,17.90703103772566],[-62.807822415341334,17.90712172217821],[-62.807822834091965,17.907154584870938],[-62.80781840998333,17.90728185229706],[-62.807827086698,17.90749204847756],[-62.80782735295751,17.907510750963535],[-62.80782477550147,17.907712320113518],[-62.80782214137539,17.907750749974284],[-62.807815252329924,17.907788693561503],[-62.80780418653118,17.90782572033602],[-62.80777809776288,17.907898175778406],[-62.80776068953663,17.907938458398615],[-62.80773834360175,17.90797644232742],[-62.80766966179831,17.908078294667508],[-62.807647826325464,17.908107401317775],[-62.8076230883316,17.908134295551758],[-62.807595690848544,17.908158713152915],[-62.80751995303476,17.908219793999322],[-62.80748750296533,17.908243226216754],[-62.80727691000862,17.908378914404317],[-62.80727411286823,17.908380699375716],[-62.80712740815076,17.90847341748035],[-62.80711279871601,17.90848219875699],[-62.806953153109156,17.90857335762761],[-62.80693064352605,17.90859339100089],[-62.80686726708623,17.90866536895474],[-62.80680310587928,17.908743207010755],[-62.806742389654744,17.90881980583963],[-62.80667251470144,17.908915729991147],[-62.80666673847655,17.90892344185448],[-62.806563151263234,17.909057977418065],[-62.806535480906156,17.909102557577796],[-62.80650455698515,17.909166720681448],[-62.80650088830689,17.909174332465952],[-62.80650088541195,17.90917433777137],[-62.80650088307394,17.909174343322814],[-62.80642369311149,17.909334483191767],[-62.80639565498785,17.909405385648117],[-62.80640739651418,17.909423115052768],[-62.80643294437191,17.90946702326443],[-62.8064478383737,17.909495504068797],[-62.806460056315586,17.909525129271504],[-62.80646950337487,17.909555668956436],[-62.80649500190383,17.909653782084675],[-62.8065036598356,17.90969941901582],[-62.806521018163316,17.909842690337545],[-62.80652350792258,17.90988016224023],[-62.80652664431648,17.910139575512893],[-62.80652665109871,17.91014733986127],[-62.806524921301005,17.91031458085872],[-62.806524921253754,17.910314581624643],[-62.80652492128514,17.910314582391322],[-62.80652450995072,17.91035433410162],[-62.806522324845204,17.91038975292504],[-62.8065165239271,17.91042479615481],[-62.80650716306039,17.91045912630513],[-62.806494332393434,17.91049241275739],[-62.80647815549097,17.910524334944157],[-62.806458788144084,17.910554585436532],[-62.806436416869936,17.910582872904804],[-62.80641125711559,17.910608924924226],[-62.806383551183046,17.910632490598584],[-62.8063535658959,17.91065334297655],[-62.806321590029505,17.910671281237363],[-62.806287931530036,17.9106861326249],[-62.80625291454865,17.910697754111403],[-62.80621687631976,17.910706033775],[-62.8061801639131,17.910710891877574],[-62.80614313089133,17.91071228163267],[-62.80610613390485,17.91071018965613],[-62.806069529256995,17.910704636094984],[-62.80603366947259,17.91069567443338],[-62.80599889990283,17.910683390977542],[-62.80596555539933,17.910667904024535],[-62.80593395708918,17.910649362723003],[-62.80590440928236,17.91062794563672],[-62.80587719654095,17.910603859024913],[-62.80585258093869,17.910577334855844],[-62.80583079953699,17.910548628572773],[-62.805812062102,17.91051801663384],[-62.805805915262816,17.910505248760224],[-62.80580618250875,17.910533869373317],[-62.80580287969054,17.910569208744146],[-62.80579597457241,17.910604068022202],[-62.80578553365242,17.9106381114932],[-62.80577357205158,17.910671040949754],[-62.80555343463473,17.911277320994508],[-62.8055395629308,17.91131022254402],[-62.80552238939624,17.91134166400044],[-62.805502079420386,17.91137134256451],[-62.80547882859853,17.911398972414514],[-62.80545286084839,17.911424287458875],[-62.80542442625356,17.911447043898864],[-62.805393798655146,17.911467022576534],[-62.80536127301446,17.911484031085365],[-62.805327162572404,17.911497905623268],[-62.80529179583269,17.911508512570133],[-62.805255513398144,17.911515749774722],[-62.80521866469043,17.911519547538397],[-62.805181604584874,17.911519869286423],[-62.805144689992694,17.91151671192021],[-62.805108276423745,17.911510105847093],[-62.80507271456256,17.911500114687577],[-62.80503834689116,17.911486834662558],[-62.80500550439052,17.91147039366664],[-62.804974503353094,17.911450950036468],[-62.804945642336655,17.911428691025755],[-62.804924344869725,17.91140866854119],[-62.80492206956884,17.911423247813396],[-62.804913026690606,17.911457655998113],[-62.80490050447144,17.911491049952716],[-62.80488462350553,17.911523108074487],[-62.80486553673391,17.91155352162539],[-62.80484342797161,17.911581997705404],[-62.8048185101375,17.911608262073337],[-62.80479102320378,17.911632061787937],[-62.80476123188486,17.91165316764395],[-62.80472942308809,17.911671376379484],[-62.804695903150616,17.911686512633565],[-62.80466099488913,17.911698430635028],[-62.80462503449101,17.911707015606368],[-62.80458836827641,17.911712184869177],[-62.80455134936312,17.911713888640346],[-62.804514829786676,17.911713851957696],[-62.804470181111235,17.911713807100345],[-62.804433166014775,17.91171202895611],[-62.8043965112135,17.91170678603655],[-62.80436056971523,17.91169812883417],[-62.80432568765815,17.911686140723052],[-62.80429220097717,17.911670937155925],[-62.80426043216872,17.911652664552246],[-62.80423068718476,17.911631498888095],[-62.80420325248637,17.91160764400135],[-62.80417839228484,17.911581329628643],[-62.8041563459973,17.91155280919276],[-62.80413732594087,17.911522357362056],[-62.80412151528809,17.911490267405206],[-62.80410906630274,17.911456848366793],[-62.804100098873725,17.911422422091057],[-62.80409469936033,17.911387320122312],[-62.80409291976076,17.911351880511976],[-62.804094777211375,17.91131644456295],[-62.804100253821765,17.911281353542662],[-62.80410929684712,17.91124694539652],[-62.80412181919627,17.91121355149327],[-62.80413770027048,17.911181493433798],[-62.80415678712498,17.91115107995393],[-62.804178895941945,17.91112260395121],[-62.80420381380077,17.911096339664134],[-62.80423130072866,17.91107254003112],[-62.80426109201172,17.91105143425464],[-62.80429290074425,17.911033225593894],[-62.804326420591835,17.91101808940736],[-62.8043613287414,17.911006171464013],[-62.80439728901004,17.910997586539537],[-62.804433955082665,17.91099241731099],[-62.80447097384702,17.91099071356059],[-62.80451562234144,17.91099075841602],[-62.804552141769825,17.91099079509708],[-62.80458915671811,17.910992573217378],[-62.80462581137887,17.91099781609967],[-62.80466175274976,17.911006473252442],[-62.80469663469762,17.91101846130309],[-62.804730121291875,17.91103366480079],[-62.80476189003967,17.911051937328356],[-62.804791634991595,17.91107310291224],[-62.8048190696881,17.911096957717305],[-62.804823974790736,17.911102149717777],[-62.8048295575352,17.911073946651086],[-62.804839993943425,17.911039901908445],[-62.80506014170411,17.910433600014102],[-62.80506015109643,17.910433577737013],[-62.80506015816589,17.91043355468676],[-62.80507212811471,17.910400602609446],[-62.80508600439355,17.910367702853318],[-62.80510318226811,17.91033626361462],[-62.80512349630486,17.910306587669584],[-62.80514675086768,17.91027896081283],[-62.80517272200197,17.910253649105094],[-62.8052011595915,17.910230896310942],[-62.80523178976714,17.910210921551236],[-62.80526431754438,17.910193917192885],[-62.805298429664106,17.910180046996313],[-62.80533379760947,17.91016944453837],[-62.80537008076964,17.910162211925986],[-62.80540692971992,17.910158418812753],[-62.8054439895869,17.91015810172825],[-62.80548090346596,17.91016126372618],[-62.80551731585839,17.910167874354965],[-62.805552876094936,17.910177869951024],[-62.8055872417129,17.91019115425188],[-62.80562008175413,17.910207599323165],[-62.80565107995229,17.910227046790705],[-62.805679937778635,17.91024930936569],[-62.80570637731695,17.910274172648354],[-62.80573014394007,17.91030139719271],[-62.80575100876199,17.910330720812503],[-62.805768770842256,17.910361861106193],[-62.80576994522555,17.910364508206303],[-62.805769235325144,17.91034716985858],[-62.80576964682094,17.91030741881844],[-62.805771337147036,17.91014406090875],[-62.80576847596507,17.909907327693933],[-62.80575673239238,17.909810395800736],[-62.80570997486673,17.90977037165616],[-62.805684667966716,17.90974656912986],[-62.80566180578404,17.90972059820617],[-62.805641590070515,17.909692688071843],[-62.80562419922321,17.909663085026526],[-62.80560978671034,17.90963205030925],[-62.80559847971685,17.909599857793026],[-62.805590378022146,17.90956679156798],[-62.80558555311961,17.90953314343433],[-62.80558372241298,17.909513599528683],[-62.805582894043674,17.909504758431595],[-62.80558140449033,17.909468678547025],[-62.805583681531054,17.909432636355774],[-62.805589702451876,17.90939699135009],[-62.805599407196745,17.909362099060395],[-62.80561269896651,17.909328307509156],[-62.805657696391556,17.90922922061585],[-62.8057220238528,17.909066551821997],[-62.80573230995741,17.909043072688732],[-62.80581507287529,17.908871372421984],[-62.80581873607506,17.908863772064407],[-62.80585790122292,17.908782510122993],[-62.80587622948412,17.908749167619],[-62.80588193185008,17.908739988855835],[-62.80592339454751,17.908673188015758],[-62.80594406416212,17.908643356323847],[-62.80605581767777,17.90849821529138],[-62.80612719794152,17.90840022510504],[-62.80613612524092,17.908388479891602],[-62.80620359080692,17.908303366533946],[-62.80620796906717,17.908297950300675],[-62.80627812532872,17.90821283959491],[-62.806285836100464,17.90820378968391],[-62.80636794434778,17.90811053794746],[-62.80639956259918,17.90807876123707],[-62.806468200898266,17.908017673769322],[-62.8064987798569,17.9079932073124],[-62.806531881646485,17.907971962060806],[-62.806718487681316,17.907865408729553],[-62.80685658946367,17.907778127835293],[-62.80704890307033,17.90765421749288],[-62.80706579640103,17.90764059343224],[-62.80707042355283,17.907633731588795],[-62.80707199020168,17.907511252789394],[-62.807063157456476,17.907297254755054],[-62.807063071977694,17.90727095222545],[-62.8070673823225,17.907146972530526],[-62.80706702464007,17.907141040387447],[-62.80705573532323,17.907124421175034],[-62.80703622064306,17.907092169239],[-62.80702027802096,17.90705816522953],[-62.807008076890355,17.907022770535498],[-62.80699974692046,17.90698636132554],[-62.80698564499443,17.90690480937024],[-62.806981279529836,17.90686784800263],[-62.806980903941835,17.906830652837755],[-62.806984522203486,17.90679361757983],[-62.80699209601367,17.906757134240273],[-62.80700354520266,17.906721588988283],[-62.80701874858078,17.906687358063394],[-62.80703754522127,17.906654803793018],[-62.807080186593375,17.90658917097778],[-62.80710303707273,17.90655782566538],[-62.80712921653852,17.906528965152905],[-62.807158432365895,17.90650291203134],[-62.80719035799126,17.90647995751168],[-62.807229811831455,17.90645459788439],[-62.807261375985895,17.906436383190186],[-62.80729464435622,17.9064212007508],[-62.80732930009888,17.90640919516162],[-62.80747814059902,17.906365369230254],[-62.807502632096686,17.906359011663486],[-62.80767610641614,17.906319919894088],[-62.807919256227635,17.90626421374879],[-62.807933424040066,17.90626124203336],[-62.80802841240478,17.906243140864326],[-62.80807146645304,17.906237378874128],[-62.808157386692656,17.906230676389242],[-62.80823907695078,17.906177444465833],[-62.80828887594612,17.906118930912598],[-62.80831525347272,17.906081347111837],[-62.808381250747104,17.905970296207805],[-62.808408480411615,17.905930751558895],[-62.80850005629051,17.905815036584723],[-62.80861387018463,17.905666012934184],[-62.8086176256574,17.90566118065436],[-62.80865405790609,17.90561510851113],[-62.80865423470445,17.90561119603812],[-62.80864739573735,17.90556313078549],[-62.80861348890637,17.90550155265694],[-62.808441963782116,17.905256278217827],[-62.80843388677045,17.905244218189015],[-62.808378663720106,17.905158052268252],[-62.80836189824392,17.905128975711794],[-62.80834799053357,17.905098548928],[-62.80833705795064,17.90506702867961],[-62.808329192750335,17.905034680956653],[-62.80832446130306,17.90500177873181],[-62.8083229035343,17.904968599656893],[-62.80832297232172,17.90490456966716],[-62.808324734636216,17.90487005178781],[-62.80832993130785,17.90483585268891],[-62.80833851485376,17.904802284840663],[-62.808350406845975,17.904769654945515],[-62.808365498628135,17.904738261135847],[-62.808383652308294,17.90470839025008],[-62.808404702018834,17.90468031521183],[-62.808491956792984,17.90457495899839],[-62.80884297772762,17.904147804539345],[-62.80884320677589,17.904147342125658],[-62.80886229206786,17.904116928147534],[-62.808884399255795,17.904088451574243],[-62.80890931543479,17.904062186649774],[-62.80893680064823,17.904038386318703],[-62.808966590198736,17.90401727979021],[-62.80899839719728,17.90399907033074],[-62.809031915326145,17.90398393330647],[-62.809066821788804,17.903972014494432],[-62.80910278041863,17.90396342867868],[-62.80913944491627,17.903958258544854],[-62.80917646218465,17.9039565538839],[-62.80921347572939,17.903958331112555],[-62.80925012909197,17.90396357311526],[-62.80928606928253,17.903972229408968],[-62.809320950179284,17.903984216629357],[-62.80935443586178,17.903999419333587],[-62.809386203845925,17.904017691112113],[-62.80941594818969,17.90403885599861],[-62.809443382439355,17.90406271016465],[-62.80946824238831,17.904089023882577],[-62.80949028862141,17.904117543737907],[-62.80950930882073,17.904147995069817],[-62.80952511981032,17.904180084616208],[-62.80953756932029,17.90421350333798],[-62.8095465374534,17.904247929395208],[-62.80955193783968,17.904283031246592],[-62.8095537184684,17.904318470842387],[-62.809551862188975,17.904353906879997],[-62.80954638687626,17.904388998090877],[-62.80953734525842,17.90442340652718],[-62.8095248244093,17.904456800816344],[-62.80950894490987,17.904488859352455],[-62.809496492653366,17.90450870315886],[-62.80949425536103,17.90451348460969]]]]}},{"id":"20","type":"Feature","properties":{"feature_id":"AEP_SECT_9725ZS009","layer_key":"eau_aep","layer_label":"Eau AEP","state_geometry_mode":"hydraulic_zoning_v2","service_unit_kind":"hydraulic_zone_component","service_feature_id":"AEP_SECT_9725ZS009","zone_component_key":"AEP_SECT_9725ZS009","zone_uid":"AEP_SECT_9725ZS009","network_kind":"AEP","feature_role":"canalisation","state_annual_storm":"S0","state_rp50_storm":"S0","state_rp100_storm":"S0","state_p99_storm":"S0","state_top10_storm":"S0","state_top5_storm":"S0","state_annual_storm_cmcc":"S0","state_rp50_storm_cmcc":"S0","state_rp100_storm_cmcc":"S0","state_p99_storm_cmcc":"S0","state_top10_storm_cmcc":"S0","state_top5_storm_cmcc":"S0"},"geometry":{"type":"MultiPolygon","coordinates":[[[[-62.795415264597494,17.900210876965083],[-62.795452277200624,17.900212656801692],[-62.795466106001534,17.900213975468446],[-62.795502758164645,17.900219220049827],[-62.79551638537444,17.900221830081154],[-62.79555232411999,17.90023048889956],[-62.79556561850222,17.900234365159648],[-62.79560049772305,17.90024635482661],[-62.79561333124646,17.90025145998526],[-62.795646815038864,17.90026666503465],[-62.79565906411039,17.900272949926773],[-62.79569083000901,17.900291223926743],[-62.795702376663996,17.900298628025823],[-62.79573211874724,17.900319794989016],[-62.795742851785505,17.90032824699003],[-62.79577028362166,17.90035210306836],[-62.79578009967839,17.900361521574442],[-62.795804957084115,17.90038783702223],[-62.795813761625304,17.900398131328526],[-62.795835805209904,17.90042665271501],[-62.795843513442755,17.90043772368224],[-62.79586253091354,17.9004681763322],[-62.79586906860314,17.90047991734138],[-62.79588487681004,17.900512007980367],[-62.79589018099422,17.900524305959582],[-62.79590262769365,17.900557725538263],[-62.79590664728942,17.90057046205161],[-62.79591561261055,17.900604888722036],[-62.79591830890606,17.900617941110216],[-62.7959237065053,17.900653043325345],[-62.795925053532734,17.900666285886913],[-62.7959268314254,17.900701725593603],[-62.79592681621105,17.900715030795556],[-62.79592495727209,17.900750466690162],[-62.79592357996136,17.900763706396095],[-62.795918102090425,17.90079879721141],[-62.79591537594649,17.900811843915616],[-62.79590633189566,17.900846251707488],[-62.795902283171735,17.900858979762855],[-62.79588976003754,17.90089237316472],[-62.79588442772415,17.900904659992825],[-62.79586854610895,17.90093671740708],[-62.79586198155838,17.90094844467866],[-62.79584289440897,17.900978857373783],[-62.795835160840845,17.900989912148372],[-62.795813051975536,17.901018387232224],[-62.79580422386793,17.901028663045793],[-62.79577930620635,17.90105492628641],[-62.79576946857855,17.901064324176765],[-62.795741982091144,17.901088122643397],[-62.79573122968492,17.901096552103173],[-62.79570143908192,17.90111765660218],[-62.795689875449035,17.90112503645057],[-62.795658067631145,17.90114324373277],[-62.79564580413615,17.901149502897322],[-62.79561228543144,17.90116463761542],[-62.79559944017914,17.901169715816522],[-62.795564533393005,17.90118163221384],[-62.79555123009097,17.901185480545287],[-62.795515271397164,17.901194063859553],[-62.795501638164424,17.901196645259528],[-62.795464973867446,17.90120181282811],[-62.79545114200052,17.901203102436114],[-62.79541412520046,17.901204804492124],[-62.795407176367426,17.901204960502586],[-62.79531888506192,17.901204867703566],[-62.79531193660347,17.901204697086285],[-62.795274923796384,17.901202917221106],[-62.79526109492049,17.901201598540155],[-62.795224442563544,17.901196353911832],[-62.79521081528399,17.901193743859626],[-62.79517487636224,17.90118508497723],[-62.7951615819182,17.90118120869021],[-62.795126702545716,17.90116921894421],[-62.79511386897087,17.90116411375344],[-62.79508038505735,17.90114890861256],[-62.795068135946835,17.901142623684187],[-62.7950363699625,17.901124349583323],[-62.79502482328254,17.90111694544511],[-62.794995081152585,17.901095778375108],[-62.794984348104435,17.901087326333425],[-62.79495691626264,17.901063470146077],[-62.794947100211616,17.90105405159923],[-62.79492224284187,17.90102773604405],[-62.794913438321906,17.90101744169832],[-62.794891394813945,17.900988920209887],[-62.79488368661713,17.90097784920594],[-62.79486466926109,17.9009473964631],[-62.79485813162116,17.900935655421257],[-62.79484232356312,17.900903564701792],[-62.794837019440486,17.900891266695126],[-62.79482457291878,17.900857847051256],[-62.79482055339424,17.900845110516652],[-62.79481158827336,17.900810683798678],[-62.794808892056196,17.90079763139622],[-62.79480349467252,17.900762529152885],[-62.79480214772774,17.90074928658452],[-62.79480037005817,17.900713846869994],[-62.79480038535649,17.900700541668982],[-62.794802244517996,17.90066510578719],[-62.79480362191098,17.900651866089888],[-62.794809099995874,17.900616775307572],[-62.79481182621738,17.90060372861939],[-62.79482087046586,17.900569320879526],[-62.794824919259874,17.900556592846982],[-62.794837442568294,17.90052319951423],[-62.79484277494176,17.900510912714932],[-62.79485865670155,17.90047885538444],[-62.79486522130006,17.900467128146612],[-62.794884308559325,17.90043671554688],[-62.79489204216158,17.900425660809788],[-62.79491415109822,17.900397185829533],[-62.794922979224985,17.900386910055854],[-62.79494789691701,17.900360646923364],[-62.79495773454841,17.900351249073886],[-62.7949852210246,17.90032745071608],[-62.794995973418864,17.900319021296728],[-62.79502576396974,17.90029791690343],[-62.79503732757568,17.900290537093593],[-62.79506913530285,17.900272329910315],[-62.795081398757056,17.900266070781107],[-62.79511491733614,17.900250936151764],[-62.79512776253547,17.900245857981616],[-62.79516266916618,17.9002339416599],[-62.79517597240515,17.900230093353997],[-62.79521193091983,17.900221510099733],[-62.795225564081896,17.90021892871908],[-62.79526222818305,17.900213761193093],[-62.79527605997444,17.900212471597612],[-62.79531307656959,17.900210769565604],[-62.79532002536395,17.90021061355809],[-62.7954083161776,17.90021070635162],[-62.795415264597494,17.900210876965083]]],[[[-62.798949691112625,17.902406201740018],[-62.79895726591857,17.902409114934564],[-62.798997163789814,17.90242575334691],[-62.79901172512529,17.902432807732083],[-62.79904935868778,17.902453730201398],[-62.79905629683412,17.902457847952356],[-62.79909035452383,17.902479386133642],[-62.79909637700022,17.9024834133826],[-62.79912789358325,17.902505674912256],[-62.799139244235114,17.902514598511516],[-62.79916818301361,17.902539865478808],[-62.79917850724409,17.902549866608744],[-62.79920455694472,17.902577867236683],[-62.79920929898428,17.902583238680425],[-62.79927736203965,17.90266452145114],[-62.79928118436974,17.902669299751633],[-62.79930096941643,17.90269520455457],[-62.79930793118413,17.902705224529416],[-62.79932523898104,17.902732706938043],[-62.799331245270864,17.902743278460814],[-62.79934593945651,17.90277212195432],[-62.799350942947115,17.902783161737005],[-62.79936290775113,17.902813139071103],[-62.79936502081034,17.902818807505035],[-62.79937828019797,17.902857036728886],[-62.79938099044968,17.902865835672912],[-62.799393771270786,17.90291317756991],[-62.79939585382689,17.902922131837293],[-62.79940411447083,17.902964332929457],[-62.79940507027536,17.902969839752252],[-62.79940953433136,17.902999297476843],[-62.799410731958254,17.90301040073437],[-62.79941264983104,17.903040110188563],[-62.799412889389345,17.903051270134583],[-62.79941224807743,17.90308102994151],[-62.79941200781892,17.903086607534807],[-62.79940094376372,17.903257776068948],[-62.79939750522015,17.903499794590097],[-62.79939733520696,17.90350484301957],[-62.79939590500329,17.903531742466463],[-62.79939553869008,17.90353678132958],[-62.799358512927725,17.903938024586576],[-62.79935773150101,17.903944637008525],[-62.7993526626674,17.903979784129195],[-62.79935008863333,17.903992859129897],[-62.7993414458206,17.904027361349282],[-62.79933754555291,17.904040131843495],[-62.79932541199344,17.90407365688571],[-62.7993202230529,17.904085999886302],[-62.7993047155972,17.90411822488598],[-62.799298287955374,17.90413002152273],[-62.79927955594678,17.904160636134417],[-62.79927195150471,17.904171772798843],[-62.79925017534131,17.904200482185868],[-62.7992414673335,17.904210851625308],[-62.79921685673075,17.90423737929924],[-62.79920712901987,17.90424688164982],[-62.799179920991,17.904270972133258],[-62.79916926726021,17.904279515881615],[-62.79913972383368,17.90430093716866],[-62.79912824668442,17.90430844003332],[-62.79909665238041,17.904326985823925],[-62.799084462344325,17.904333375547708],[-62.79905112143464,17.90434886723454],[-62.79903833590905,17.90435408228048],[-62.79900356948673,17.904366370669056],[-62.79899031160402,17.904370360813044],[-62.79895445449098,17.904379327558562],[-62.798940851932734,17.90438205437303],[-62.79890424945522,17.904387613120193],[-62.79889043322251,17.90438905034424],[-62.7988534378852,17.904391147558847],[-62.79883954103702,17.904391281351113],[-62.79880250912819,17.90438989683572],[-62.79878866549989,17.904388725907708],[-62.798751953660016,17.904383872996096],[-62.798738296574406,17.90438140862459],[-62.79870225836144,17.904373134053348],[-62.79868891934474,17.9043693999718],[-62.798653901829006,17.904357783430243],[-62.79864100934419,17.90435281560017],[-62.79860734976582,17.904337968962825],[-62.79859502797534,17.904331815227533],[-62.79856305049638,17.904313881476714],[-62.79855141806645,17.904306601100476],[-62.79852143064894,17.904285752949235],[-62.798510599606665,17.904277416046536],[-62.798482891046696,17.90425385427531],[-62.79847296570116,17.90424454113559],[-62.79844780284764,17.9042184926585],[-62.79843887878534,17.90420829297292],[-62.79841650397005,17.90418000865243],[-62.7984086671344,17.904169020650034],[-62.798389295838206,17.904138772880955],[-62.79838262170179,17.904127102382713],[-62.798366440479484,17.904095182468826],[-62.79836099331727,17.90408294186844],[-62.798348158001005,17.904049657217037],[-62.79834399027136,17.904036964398557],[-62.798334624469966,17.904002635559923],[-62.79833177630951,17.903989612762416],[-62.79832597021817,17.90395457034267],[-62.79832446905519,17.903941342983003],[-62.798322278586916,17.903905924460222],[-62.798322138877346,17.90389261992519],[-62.79832358512458,17.903857166399245],[-62.79832402674826,17.90385052523628],[-62.798359351426626,17.90346774046641],[-62.798362406646774,17.903252789803798],[-62.79835150250654,17.903247357429617],[-62.798319506336895,17.903229454578096],[-62.798307866310395,17.903222185442385],[-62.798277857117355,17.903201366269133],[-62.79826701735968,17.903193039833223],[-62.79823928414905,17.90316950483961],[-62.79822934905319,17.903160201292124],[-62.7982041589113,17.903134177134383],[-62.79819522415768,17.903123986074103],[-62.79817281967909,17.9030957233805],[-62.79816497131409,17.903084742953425],[-62.79814556826536,17.903054513910483],[-62.798138881872575,17.9030428498646],[-62.7981226671143,17.903010945595753],[-62.79811720708676,17.902998710262654],[-62.798104336774074,17.902965438024538],[-62.79810015569404,17.902952749237524],[-62.7980907537728,17.90291842946087],[-62.798087891905446,17.902905409420196],[-62.7980820489187,17.90287037262387],[-62.79808053382436,17.90285714671985],[-62.79807830604042,17.90282173032775],[-62.798078152309174,17.902808425933156],[-62.798079561179875,17.902772971024653],[-62.798080770291136,17.902759716268097],[-62.798085802245325,17.902724564293194],[-62.79808836255357,17.902711486825122],[-62.79809696912791,17.902676976316158],[-62.79810085597498,17.902664202079514],[-62.79811295428083,17.902630665390898],[-62.798118130233284,17.902618317408304],[-62.79813360375503,17.902586077515792],[-62.798140018964844,17.90257427470468],[-62.798158718682096,17.902543642094983],[-62.79816631136665,17.902532498122454],[-62.798188057189485,17.90250376780311],[-62.79819675422664,17.902493389991232],[-62.798221336729995,17.902466838649588],[-62.79823105436231,17.90245732694183],[-62.798258236802916,17.902433210280446],[-62.79826888144425,17.902424656279234],[-62.798298402040594,17.90240320655334],[-62.798309871177445,17.902395692637878],[-62.79834144563088,17.902377116418727],[-62.79835362880961,17.902370714951637],[-62.79838695304226,17.90235519113714],[-62.7983997329328,17.90234996376761],[-62.79843448601596,17.902337641859518],[-62.79844773954175,17.902333638929605],[-62.79848358678648,17.902324637593725],[-62.79849718630975,17.902321897653557],[-62.79853378249011,17.902316303577013],[-62.79854759704104,17.902314853013497],[-62.79858458971864,17.902312720069915],[-62.79859848625664,17.902312572852658],[-62.798635519174695,17.90231392158331],[-62.79864936386964,17.90231507913011],[-62.79868608038388,17.902319896546103],[-62.798699739904876,17.90232234770925],[-62.79873578641807,17.902330587416653],[-62.79874912921748,17.9023343085903],[-62.79878415858462,17.90234589123688],[-62.79879067090528,17.90234821734753],[-62.79882508723196,17.902361440355453],[-62.798850282361904,17.902371120603533],[-62.798949691112625,17.902406201740018]]],[[[-62.803007545397996,17.902837113774876],[-62.80302500926589,17.902868407916575],[-62.80303094887509,17.902880436731845],[-62.803045124764935,17.902913218995966],[-62.80304980426635,17.902925747263104],[-62.803060555654454,17.902959701939487],[-62.80306392998104,17.902972609004774],[-62.803071153323174,17.903007409092076],[-62.803073189977354,17.903020570653638],[-62.803076815706035,17.903055881008505],[-62.803077495072614,17.903069170313447],[-62.80307748826717,17.903104650878095],[-62.803076803802384,17.903117939943208],[-62.80307316452537,17.90315324902037],[-62.80307112281991,17.903166409864617],[-62.803063886116654,17.903201207408287],[-62.80306050683215,17.903214113285376],[-62.80304974239334,17.903248064175624],[-62.803045058073195,17.90326059079465],[-62.803030869563784,17.903293368065043],[-62.80302492531971,17.90330539478748],[-62.80300744938073,17.903336682773972],[-62.80300030245835,17.9033480937755],[-62.80297970739103,17.9033775911565],[-62.802971426618576,17.903388276542454],[-62.80294791076357,17.903415699240767],[-62.80293857588912,17.903425556104555],[-62.802912365716395,17.903450640023223],[-62.80290206663978,17.903459573437317],[-62.80287341456768,17.903482077003094],[-62.80286225047477,17.90349000093333],[-62.802831432439014,17.903509707423215],[-62.80281951084647,17.90351654555729],[-62.80278682364275,17.90353326518574],[-62.80277425936253,17.903538951668256],[-62.802740017788174,17.903552523414948],[-62.802726931821894,17.903557003481566],[-62.8026914656441,17.90356729664221],[-62.802677984017656,17.903570527147096],[-62.802641634797595,17.90357744259217],[-62.802627887347384,17.903579392423577],[-62.80259100515066,17.90358286355306],[-62.80257712427323,17.903583513932897],[-62.80254006429849,17.903583507317673],[-62.80252618367538,17.903582851982392],[-62.802489302833415,17.90357936768619],[-62.802475556143726,17.903577412947087],[-62.802439209620104,17.903570484525897],[-62.80242572925303,17.90356724920834],[-62.80239026708737,17.9035569433872],[-62.8023771828672,17.903552458649326],[-62.802342946582016,17.90353887467973],[-62.80233038451778,17.903533183712344],[-62.80229770382928,17.90351645241635],[-62.80228578490126,17.903509610027015],[-62.80225497454394,17.903489892537333],[-62.80224381353841,17.903481964622436],[-62.80221517023401,17.90345945083057],[-62.80220990785614,17.903455103271533],[-62.80215801511642,17.9034100577729],[-62.80215377193514,17.903406218967707],[-62.80213159194946,17.90338530755186],[-62.80212361911379,17.903377144233183],[-62.80210331344089,17.903354554944517],[-62.80209606996245,17.9033457906927],[-62.80207777657655,17.903321677023467],[-62.80207444393024,17.903317088009032],[-62.80201517623905,17.90323177757231],[-62.8020114002433,17.90322603580641],[-62.80199207431847,17.90319494993939],[-62.801985445328164,17.903182960217922],[-62.801969460909305,17.903150180977654],[-62.80196411659736,17.903137617054192],[-62.80195163371051,17.90310347261128],[-62.80194762758064,17.90309046026995],[-62.801938771195786,17.90305529246248],[-62.8019361433544,17.90304196197668],[-62.80193100213443,17.90300612288792],[-62.80193021384025,17.902999379958544],[-62.801924495709294,17.902936202486913],[-62.80187592612865,17.90293924308643],[-62.801777285283364,17.90311620286872],[-62.80177447634309,17.903121004786232],[-62.80175895866735,17.90314631341392],[-62.80175594847923,17.90315100223177],[-62.80166908897165,17.90328033869973],[-62.80166735308274,17.903282861263587],[-62.8016579396169,17.90329621453129],[-62.80165614545612,17.903298699442825],[-62.80153698094259,17.903459873336363],[-62.801533548446976,17.903464320708547],[-62.801514744279956,17.903487672819093],[-62.80150732559565,17.903496147285924],[-62.8014865963555,17.903517954738994],[-62.8014826225077,17.90352196773631],[-62.80134230123378,17.903658004241013],[-62.801183807036814,17.90381334162851],[-62.801183602473756,17.903813541703236],[-62.80118251032136,17.90381460768863],[-62.80118230532727,17.903814807358422],[-62.80095720063438,17.904033612663888],[-62.800880533508604,17.904119727020596],[-62.80085675607108,17.904146433848787],[-62.800852118627475,17.9041513908706],[-62.80082672299941,17.90417723146165],[-62.800816714464226,17.904186462637202],[-62.800788795535155,17.904209795678778],[-62.80077789009575,17.904218043205038],[-62.80074771674066,17.90423864398581],[-62.800736019422665,17.904245828434103],[-62.80070388222843,17.90426349855597],[-62.80069150568388,17.904269550735656],[-62.800657714150795,17.904284120024503],[-62.80064477757323,17.904288981649366],[-62.800609657134224,17.904300309793946],[-62.8005962851108,17.904303934043533],[-62.80056017399727,17.90431191194681],[-62.80054649530883,17.904314263917335],[-62.80050974129323,17.904318814747146],[-62.80049588767407,17.9043198717877],[-62.800458844720545,17.904320951716734],[-62.8004449495897,17.904320703647347],[-62.80040797444511,17.904318302275254],[-62.800394171621384,17.90431675148501],[-62.80035762037953,17.904310891938533],[-62.800344042792744,17.904308053362517],[-62.80030826746485,17.90429879207276],[-62.800295045875615,17.904294693048236],[-62.800260391000215,17.904282119207227],[-62.80024765274055,17.90427679921038],[-62.80021445206522,17.904261033912018],[-62.800202319812264,17.90425454417769],[-62.800170893079446,17.904235739251554],[-62.800159483674015,17.904228142279898],[-62.8001301335416,17.90420647882896],[-62.800119556862896,17.90419784778346],[-62.80009256598941,17.90417353443998],[-62.80008292389678,17.90416395244284],[-62.80005855221926,17.904137223358976],[-62.80004993757128,17.904126782690593],[-62.80002841980187,17.90409789528342],[-62.80002091556203,17.904086696493646],[-62.8000024589276,17.904055928966002],[-62.79999613736537,17.904044079905763],[-62.79998091961189,17.90401172856695],[-62.79997584160669,17.903999343349614],[-62.79996400928746,17.903965719761736],[-62.79996022374244,17.90395291766404],[-62.79995189080676,17.90391834564144],[-62.79994943417784,17.90390524995487],[-62.799944680873764,17.903870062445616],[-62.799943576818556,17.903856799288956],[-62.79994244892011,17.903821335168328],[-62.7999427080702,17.903808032273083],[-62.79994521643669,17.90377263308001],[-62.79994683629518,17.903759418560334],[-62.79995295676675,17.903724425208164],[-62.79995592173243,17.903711426326947],[-62.79996559536278,17.903677175820317],[-62.79996987688042,17.90366451776368],[-62.799983010504654,17.903631339952955],[-62.799988567339994,17.90361914462458],[-62.800005034471916,17.90358735902928],[-62.800011813108846,17.90357574387644],[-62.800031455159214,17.90354565660809],[-62.80003939031518,17.90353473349063],[-62.80006201811902,17.9035066343048],[-62.80006639592562,17.90350146542118],[-62.80009016831843,17.903474764388324],[-62.800178958025334,17.9033750341289],[-62.80018233220649,17.903371379442792],[-62.80020068818411,17.903352203954945],[-62.800204197494566,17.903348667833104],[-62.80044166513004,17.903117846474263],[-62.800600398224496,17.902962275556536],[-62.800600668095996,17.902962011780403],[-62.800602109408764,17.90296060685344],[-62.800602380029545,17.902960343781967],[-62.8007138643416,17.90285226413507],[-62.800801815859856,17.902733307564795],[-62.80087101097401,17.902630274663636],[-62.8010034639043,17.902392658662777],[-62.801053614249945,17.90227498380171],[-62.80106787838667,17.90224136216246],[-62.8010683811716,17.902240192733007],[-62.801071093014706,17.902233967884435],[-62.801071607170925,17.90223280299568],[-62.80119290486191,17.901961522263818],[-62.801195727996564,17.901955604934052],[-62.80121156664633,17.901924409739422],[-62.80121808541497,17.90191299777375],[-62.80123697350977,17.90188339921334],[-62.80124138994793,17.90187717105338],[-62.801231840087624,17.90186370704593],[-62.8012246063459,17.90185234633335],[-62.80120689228133,17.90182118140562],[-62.80120085647752,17.901809196577133],[-62.8011864183633,17.901776519413254],[-62.8011816386248,17.901764025889715],[-62.80117061550578,17.901730151189618],[-62.80116713786321,17.901717269290817],[-62.80115963589559,17.901682523287153],[-62.80115749383958,17.901669377073056],[-62.801153585268665,17.901634094389358],[-62.80115279942731,17.901620810465346],[-62.80115252189187,17.901585330893408],[-62.801153099832156,17.90157203719099],[-62.80115645600204,17.901536702418483],[-62.80115839215696,17.90152352696321],[-62.801165349707496,17.90148867728302],[-62.80116862542975,17.90147574696159],[-62.801179117353186,17.90144171799465],[-62.801183701094814,17.901429157332856],[-62.80119762634569,17.901396276795932],[-62.80120347396188,17.9013842067595],[-62.80122069843032,17.901352791309165],[-62.80122775360463,17.901341328138713],[-62.80124811140792,17.901311680321744],[-62.80125630619461,17.90130093441342],[-62.801279601274835,17.901273339753207],[-62.801288856753324,17.901263414595483],[-62.80131486476552,17.901238138842324],[-62.80132509180036,17.901229130019377],[-62.80135356227316,17.901206416591187],[-62.80136466237252,17.901198410862378],[-62.80139532112027,17.901178478500533],[-62.801407187384456,17.901171552964897],[-62.80143973914775,17.901154593627638],[-62.801452257298656,17.901148814981433],[-62.80148638858789,17.9011349919953],[-62.8014994380696,17.90113041588962],[-62.80153482018388,17.901119862376543],[-62.80154827532361,17.90111653288147],[-62.80158456751629,17.901109350476784],[-62.801598298734646,17.901107299656925],[-62.80163515149482,17.901103557530583],[-62.80164902655375,17.901102805136315],[-62.80168608497208,17.90110253932676],[-62.80169997024829,17.901103092604004],[-62.801736877434955,17.901106305671156],[-62.80174378208519,17.901107070761775],[-62.8019670054775,17.901137137356386],[-62.801973394842314,17.901138141062717],[-62.80200732585848,17.901144236996384],[-62.802013660624766,17.90114551926518],[-62.80216564210812,17.901179775819287],[-62.80217187128702,17.901181323698847],[-62.802204880546256,17.901190297329116],[-62.802217086547216,17.90119419739304],[-62.80224910873912,17.901206002625376],[-62.80225506035349,17.901208346755386],[-62.802355080977506,17.90125031009421],[-62.80236137689651,17.90125312982979],[-62.8023667312791,17.901255683045033],[-62.80237220832971,17.90125798544419],[-62.80238464358602,17.90126392589415],[-62.80238953122618,17.901266555103316],[-62.8023945495384,17.901268948063716],[-62.80240667028248,17.90127545713836],[-62.80241173748804,17.90127850051925],[-62.80241695244919,17.901281305803074],[-62.80242871965235,17.901288384583758],[-62.80243331458275,17.901291459793107],[-62.80243806374292,17.9012943121537],[-62.80244945973319,17.90130192730691],[-62.80245419096194,17.901305431544202],[-62.80245909361099,17.90130871269647],[-62.802470079436866,17.901316861635863],[-62.802474337406025,17.90132035322968],[-62.802478771677244,17.901323637520832],[-62.80248933316446,17.901332285415],[-62.80249368285225,17.901336216761205],[-62.802498225974155,17.90133994218286],[-62.80250832462351,17.901349082802717],[-62.8025122046249,17.901352957155236],[-62.80251628130282,17.901356641747626],[-62.802525906574246,17.901366239099335],[-62.802529832831254,17.90137055969369],[-62.8025339726733,17.901374693507094],[-62.80254308689066,17.901384737778752],[-62.802546551557754,17.901388957578067],[-62.80255023138177,17.901393006987277],[-62.80255882774073,17.901403461369302],[-62.802562292754885,17.901408129602324],[-62.8025659894481,17.901412631996834],[-62.8025740314584,17.90142348318898],[-62.80257704742442,17.901428007796305],[-62.80258029495576,17.90143238302454],[-62.802587779614335,17.901443593755978],[-62.80259075001554,17.901448564670282],[-62.80259396795856,17.90145339228554],[-62.80260086031249,17.901464945895782],[-62.802603398531886,17.901469731736867],[-62.80260618249484,17.90147439064846],[-62.80261248337122,17.90148624976432],[-62.802614930552636,17.901491475487457],[-62.80261763875472,17.901496581831108],[-62.802623315074555,17.901508726592297],[-62.80262535110261,17.901513727577065],[-62.802627644685884,17.901518625304334],[-62.802632701098496,17.901531018595243],[-62.802634601492095,17.901536448800794],[-62.8026367738715,17.901541784696164],[-62.80264117949043,17.901554403648],[-62.802642693718774,17.901559571614357],[-62.80264447483356,17.90156466098966],[-62.80264823808559,17.90157746910182],[-62.80264957338918,17.901583051494125],[-62.80265118902432,17.9015885655537],[-62.802654281512915,17.90160153716907],[-62.80265525935832,17.901606822346807],[-62.80265651085117,17.901612054356804],[-62.802658944699445,17.901625153941342],[-62.8026597020529,17.90163083475898],[-62.80266074538391,17.9016364738795],[-62.802662494958824,17.901649673234893],[-62.80266292700368,17.901655024724942],[-62.802663636821606,17.90166034898257],[-62.80266471782581,17.901673613883503],[-62.80266488993494,17.90167933841715],[-62.802665350913514,17.901685048290872],[-62.802665740724294,17.901698348269377],[-62.802665622807325,17.90170371453401],[-62.802665784113955,17.901709079763805],[-62.80266550186232,17.90172238223295],[-62.80266508706914,17.901728095352254],[-62.80266496125534,17.901733820989985],[-62.802663987546765,17.901747093505577],[-62.802663320803134,17.9017524228647],[-62.802662932044555,17.901757777396565],[-62.80266128925421,17.901770989323854],[-62.802660291552904,17.901776636008325],[-62.8026595801579,17.901782322269007],[-62.80265725230625,17.901795439500024],[-62.80265604315661,17.90180068062894],[-62.80265510807633,17.90180597289578],[-62.80265212056716,17.901818967042985],[-62.80265054956571,17.90182449291188],[-62.80264925944015,17.901830085033676],[-62.80264559986284,17.901842920653813],[-62.80264385995157,17.901848023077516],[-62.80264238755449,17.90185320211183],[-62.80263808409684,17.901865853337974],[-62.80263595492443,17.901871205174068],[-62.80263409849251,17.901876649301656],[-62.80262914243232,17.901889079696602],[-62.80262688851533,17.901893994275877],[-62.802624892981086,17.901899010200577],[-62.80261931501871,17.90191119666713],[-62.80261664818006,17.90191632292913],[-62.802614243319866,17.901921566632463],[-62.80260803850552,17.90193347209038],[-62.80260529228897,17.90193815149494],[-62.80260279283532,17.9019429560038],[-62.80259599408629,17.901954560348038],[-62.80259281526422,17.901959411667104],[-62.80258988513555,17.901964404446257],[-62.80258249132217,17.901975670310627],[-62.80257927925339,17.90198006947507],[-62.80257629995116,17.9019846162979],[-62.80257610426869,17.901984884712622],[-62.80258684609703,17.90199063360468],[-62.802598985558575,17.90199792584863],[-62.80263028825037,17.902018915119946],[-62.80264159573458,17.902027344664734],[-62.802670522374974,17.902051255377124],[-62.80268088208062,17.90206073589519],[-62.8027071364283,17.90208732317724],[-62.80271192730023,17.902092427604206],[-62.802814448088995,17.902207381543278],[-62.80281937332362,17.902213224233336],[-62.802844720241325,17.902245057423674],[-62.80285352053849,17.90225748031264],[-62.802875036571294,17.902291800938535],[-62.8028788846459,17.902298343040655],[-62.80292455157254,17.9023812713203],[-62.80292728251371,17.902386500848166],[-62.80294121276873,17.90241467929211],[-62.802945955904136,17.902425452004685],[-62.802957298849456,17.902454674605618],[-62.80296105501274,17.90246579846494],[-62.80296972631075,17.902495847950124],[-62.8029712252577,17.902501515799162],[-62.803002002335035,17.902629420860546],[-62.80300334765487,17.902635683329166],[-62.80300969636664,17.90266922651553],[-62.80301145508486,17.90268189867991],[-62.803014475773544,17.90271586522354],[-62.80301498005263,17.902728639641655],[-62.803014645861225,17.902762727574828],[-62.80301389121708,17.902775490680117],[-62.803010205113964,17.90280939695568],[-62.80300819825448,17.902822035282068],[-62.80300566702542,17.902834112193144],[-62.803007545397996,17.902837113774876]]]]}},{"id":"21","type":"Feature","properties":{"feature_id":"AEP_SECT_9725ZS010","layer_key":"eau_aep","layer_label":"Eau AEP","state_geometry_mode":"hydraulic_zoning_v2","service_unit_kind":"hydraulic_zone_component","service_feature_id":"AEP_SECT_9725ZS010","zone_component_key":"AEP_SECT_9725ZS010","zone_uid":"AEP_SECT_9725ZS010","network_kind":"AEP","feature_role":"canalisation","state_annual_storm":"S0","state_rp50_storm":"S0","state_rp100_storm":"S0","state_p99_storm":"S0","state_top10_storm":"S0","state_top5_storm":"S0","state_annual_storm_cmcc":"S0","state_rp50_storm_cmcc":"S0","state_rp100_storm_cmcc":"S0","state_p99_storm_cmcc":"S0","state_top10_storm_cmcc":"S0","state_top5_storm_cmcc":"S0"},"geometry":{"type":"Polygon","coordinates":[[[-62.80954224015599,17.904266214008576],[-62.80954060156556,17.90430165988416],[-62.80953534188753,17.90433678131342],[-62.80952651177342,17.904371240057504],[-62.809514196260146,17.904404704259374],[-62.80949851395116,17.904436851639822],[-62.80947961587432,17.904467372601207],[-62.80945768402739,17.904495973209087],[-62.80943292962544,17.904522378023007],[-62.80940559106667,17.90454633274915],[-62.80937593163657,17.904567606689405],[-62.809344236972294,17.90458599496313],[-62.80931081231178,17.904601320480303],[-62.80927597955416,17.904613435647047],[-62.80924007415962,17.904622223787037],[-62.80920344191861,17.90462760026521],[-62.80916643562174,17.904629513302872],[-62.809129411662006,17.90462794447632],[-62.80909272660255,17.904622908894332],[-62.80905673374259,17.904614455052613],[-62.809021779714946,17.90460266436677],[-62.80898820114771,17.904587650388212],[-62.808956321422194,17.904569557710545],[-62.808926447558584,17.904548560577044],[-62.80889886725918,17.904524861202557],[-62.80887384613754,17.90449868782603],[-62.8088516251605,17.9044702925124],[-62.80883241832763,17.90443994872502],[-62.80881641061019,17.904407948692047],[-62.8088037561699,17.904374600592067],[-62.80879457687424,17.904340225586154],[-62.80878896112296,17.90430515472487],[-62.80878696299673,17.90426972576006],[-62.80878679386912,17.904236371932615],[-62.808786793912816,17.904236370987483],[-62.80878679385953,17.90423637004281],[-62.80878506160151,17.903894381452407],[-62.808785730189435,17.90387105259091],[-62.80878807403177,17.90383351722173],[-62.80879192351302,17.903799306775866],[-62.80879915244364,17.903765601599947],[-62.8088096953473,17.903732706971134],[-62.808823456732235,17.903700920825067],[-62.80884031195625,17.903670531057394],[-62.80887725250397,17.903610957178543],[-62.808901676475514,17.903576303327338],[-62.808930115489126,17.903544580346008],[-62.80897165302949,17.903503332381266],[-62.80900090643137,17.903477205870082],[-62.809032882572424,17.9034541887223],[-62.80906722260016,17.90343453924738],[-62.80910354113382,17.90341847796109],[-62.80914313413705,17.903403349861936],[-62.809143168414984,17.90340333859772],[-62.80914320137752,17.903403324177148],[-62.80917278278011,17.90339202769911],[-62.80920783764896,17.90338051535313],[-62.8092439023523,17.903372347983655],[-62.80928062956925,17.90336760424646],[-62.80931766559875,17.903366329826103],[-62.809354653765716,17.90336853699588],[-62.80939123785602,17.903374204499677],[-62.80942706554694,17.903383277756696],[-62.809461791800096,17.903395669387017],[-62.809495082184284,17.903411260053154],[-62.80952661609622,17.90342989960928],[-62.80955608984805,17.903451408547188],[-62.809583219591985,17.903475579725043],[-62.809607744053885,17.903502180362203],[-62.80962942704949,17.903530954280996],[-62.809648059759006,17.903561624373797],[-62.80966346273815,17.903593895271737],[-62.809675487646395,17.903627456189167],[-62.80968401867559,17.903661983916727],[-62.8096889736653,17.90369714593395],[-62.8096903048942,17.903732603611644],[-62.80968799953966,17.903768015473045],[-62.809682079801355,17.903803040482416],[-62.809672602687584,17.903837341329435],[-62.809659659466234,17.903870587677677],[-62.809643374786006,17.903902459345947],[-62.80962390547595,17.90393264939185],[-62.809601439035234,17.90396086706782],[-62.80957619182738,17.90398684062123],[-62.80954840699671,17.904010319911553],[-62.80954096876777,17.90401545749941],[-62.809542070891794,17.90423286108782],[-62.80954224015599,17.904266214008576]]]}},{"id":"22","type":"Feature","properties":{"feature_id":"AEP_SECT_9725ZS012","layer_key":"eau_aep","layer_label":"Eau AEP","state_geometry_mode":"hydraulic_zoning_v2","service_unit_kind":"hydraulic_zone_component","service_feature_id":"AEP_SECT_9725ZS012","zone_component_key":"AEP_SECT_9725ZS012","zone_uid":"AEP_SECT_9725ZS012","network_kind":"AEP","feature_role":"canalisation","state_annual_storm":"S0","state_rp50_storm":"S0","state_rp100_storm":"S0","state_p99_storm":"S0","state_top10_storm":"S0","state_top5_storm":"S0","state_annual_storm_cmcc":"S0","state_rp50_storm_cmcc":"S0","state_rp100_storm_cmcc":"S0","state_p99_storm_cmcc":"S0","state_top10_storm_cmcc":"S0","state_top5_storm_cmcc":"S0"},"geometry":{"type":"MultiPolygon","coordinates":[[[[-62.81097646888057,17.89404798621034],[-62.810954555893304,17.894067226407493],[-62.81094931958974,17.894071602434767],[-62.810920811405765,17.894094271196895],[-62.81090969805425,17.89410225950901],[-62.81087900642518,17.89412214375901],[-62.810867128782036,17.894129050670692],[-62.810834549286156,17.894145958911086],[-62.81082202174009,17.89415171790456],[-62.810787868137396,17.894165487298572],[-62.81077481133625,17.894170042911153],[-62.8107394125467,17.894180540851032],[-62.81072595223545,17.89418384920937],[-62.81068964917124,17.894190974593446],[-62.810675914981,17.894193003835998],[-62.81063905726318,17.894196688042406],[-62.81062518146283,17.8941974186263],[-62.81058812405431,17.894197626173852],[-62.81057424027647,17.89419705106312],[-62.8105373400633,17.89419377995304],[-62.81052358201744,17.89419190468637],[-62.81048719437178,17.89418518642151],[-62.81047369455649,17.89418202905891],[-62.810438169913986,17.89417192834038],[-62.81042505834084,17.89416751928922],[-62.81039073882569,17.894154133393247],[-62.81037814176716,17.894148515115432],[-62.810345357897184,17.89413197295651],[-62.810333396670565,17.894125199559543],[-62.81030246417398,17.894105660448872],[-62.810291253972935,17.89409779716473],[-62.81026247074773,17.894075449275917],[-62.81025211953293,17.894066571832813],[-62.810225762777925,17.894041630389616],[-62.810216370237356,17.894031824282724],[-62.81020527277164,17.894019030854142],[-62.80995920256029,17.894197857115294],[-62.80995356482526,17.894201749181157],[-62.809922983103,17.89422178808009],[-62.809911143652926,17.89422875485183],[-62.809878657701255,17.894245827312353],[-62.80986616203577,17.8942516494625],[-62.809832084713776,17.89426559106631],[-62.809819053173655,17.894270212523985],[-62.809783712666636,17.894280889004822],[-62.8097702707536,17.894284265262502],[-62.80973400741244,17.894291573799258],[-62.80972028458041,17.894293672341508],[-62.809683447643614,17.894297542548422],[-62.80966957605204,17.89429834316497],[-62.809632520282356,17.89429873776957],[-62.80961863352336,17.894298232749996],[-62.80958171579107,17.894295147952022],[-62.80956794760284,17.894293342159976],[-62.80953152344881,17.89428680766799],[-62.809518006427595,17.894283718494393],[-62.80948242663909,17.894273797239656],[-62.80946929096219,17.894269454435193],[-62.80943489819452,17.894256241965575],[-62.809422270366554,17.89425068735416],[-62.809389395843006,17.894234310913955],[-62.80937739747755,17.894227597989918],[-62.80934635779942,17.894208215294363],[-62.809335104447854,17.894200408707302],[-62.80930619854541,17.894178206423636],[-62.80929579858398,17.894169381355763],[-62.80926930483745,17.894144573305475],[-62.809259858423616,17.89413481474753],[-62.8092360319823,17.894107639847103],[-62.80922763009009,17.894097041779865],[-62.80920670041511,17.894067761739823],[-62.80919942395902,17.89405642622896],[-62.809181592613484,17.89402532303339],[-62.80917551166926,17.89401335924653],[-62.809160950377155,17.89398073243736],[-62.8091561235069,17.893968255592725],[-62.80914497249935,17.893934419384948],[-62.80914144618764,17.893921549641707],[-62.809133812852494,17.893886829897287],[-62.80913162105864,17.893873691198344],[-62.80912757890636,17.893838422287935],[-62.80912674273748,17.893825141166296],[-62.8091263306933,17.89378966274906],[-62.80912685820106,17.893776367109247],[-62.809130080230226,17.893741020861732],[-62.80913196633331,17.89372783874797],[-62.809138791402994,17.893692965073598],[-62.80914201793613,17.893680023436687],[-62.80915238031444,17.893645958187484],[-62.809156916203364,17.893633381662237],[-62.80917071609242,17.893600452904384],[-62.809176517653185,17.893588362609265],[-62.80919362215039,17.893556887463724],[-62.80920063351006,17.893545399834494],[-62.80922087788808,17.89351568142298],[-62.80922903152291,17.893504907091312],[-62.80925222081616,17.893477231617055],[-62.80926143820183,17.893467274345166],[-62.80928734908411,17.893441908336765],[-62.80929754145205,17.89343286401809],[-62.809325924387366,17.893410051762682],[-62.809331355856486,17.893405899546718],[-62.80957411227953,17.893229481935343],[-62.80980222184761,17.892999628681945],[-62.80982526868503,17.892976406431508],[-62.80983017854903,17.89297169628398],[-62.80985699242019,17.892947205723914],[-62.80986750617507,17.892938505212346],[-62.80989669812062,17.892916648937778],[-62.809908051952725,17.892908976988437],[-62.809939340839016,17.892889965485885],[-62.809951425405124,17.892883395983347],[-62.80998450990439,17.89286741234273],[-62.80999720882407,17.892862008554456],[-62.81003177031628,17.892849206705865],[-62.81004496129279,17.892845020672905],[-62.81008066693407,17.892835523904218],[-62.81009422293196,17.892832595940057],[-62.81013072886005,17.892826495709656],[-62.81014451932869,17.89282485401197],[-62.81018147397434,17.892822209067955],[-62.81019536610504,17.892821869447076],[-62.81023241357775,17.892822705261533],[-62.810246273582834,17.892823670988182],[-62.810283057098154,17.89282797951185],[-62.81029675149929,17.89283024128563],[-62.81033291681472,17.89283798102543],[-62.81034631372835,17.892841517064408],[-62.81038151255484,17.892852613483043],[-62.81039448296236,17.89285738973352],[-62.81042837631832,17.892871735967258],[-62.81044079530841,17.89287770643168],[-62.810473056784275,17.892895164319505],[-62.81048480475592,17.892902271499455],[-62.810515123657545,17.892922672913564],[-62.81052608747185,17.892930848363505],[-62.81055417181261,17.892953996828453],[-62.8105642458823,17.892963161814833],[-62.81058982519505,17.89298883439964],[-62.810598912501376,17.892998900659155],[-62.81061377795296,17.89301710122457],[-62.810766920016306,17.89288284936163],[-62.81077257197502,17.892878151354523],[-62.81080389958724,17.892853470718194],[-62.810816149749556,17.892844833053907],[-62.81085006200389,17.892823512661504],[-62.8108565327751,17.892819678720976],[-62.81099274482427,17.892743741253884],[-62.810999419767676,17.892740246424893],[-62.8110355165306,17.89272253604638],[-62.81104237787334,17.89271938948341],[-62.811186145692695,17.89265794824404],[-62.81119247942651,17.892655415843066],[-62.81122658127321,17.892642701234514],[-62.81123959575223,17.892638532157168],[-62.81127482292328,17.892629037806255],[-62.811281473092166,17.892627410924742],[-62.81140166287041,17.89260096148364],[-62.81164100034182,17.892545677413118],[-62.811647794872925,17.89254427595164],[-62.811684202073934,17.892537657197426],[-62.81169796552941,17.892535819549295],[-62.811734875005364,17.892532649318852],[-62.811748760312796,17.89253211215815],[-62.8117858166082,17.892532420982313],[-62.811799690045596,17.892533189482155],[-62.811836536291025,17.89253697438683],[-62.81185026425074,17.892539041146208],[-62.811886545599606,17.89254626568101],[-62.81189999587492,17.892549610796078],[-62.81193536292071,17.892560205385372],[-62.81194840597907,17.892564796641107],[-62.81198251812023,17.89257865925403],[-62.811995028350715,17.89258445243448],[-62.81202755707071,17.892601449567508],[-62.81203941399365,17.89260838888159],[-62.812070046024715,17.89262835684424],[-62.81208113545193,17.892636375463027],[-62.812109575791915,17.892659121954196],[-62.81211979092649,17.892668142654525],[-62.81214576567987,17.892693448614455],[-62.81215500814453,17.89270338452257],[-62.812178267160164,17.892731006242425],[-62.812186447944796,17.89274176167062],[-62.812206767224986,17.892771433139497],[-62.8122138075438,17.89278290450762],[-62.81223099140155,17.892814339974315],[-62.812236823451876,17.89282641680726],[-62.81225070639554,17.89285931353218],[-62.812255274010816,17.892871879523845],[-62.8122657223379,17.8929059206945],[-62.81226898152861,17.892918854827826],[-62.81227589461349,17.892953712609867],[-62.81227781399087,17.89296689032231],[-62.81228112525398,17.893002229016716],[-62.8122816863323,17.89301552339984],[-62.81228136388146,17.893051002675893],[-62.812280561256095,17.893064285697548],[-62.8122766081937,17.893099563870372],[-62.81227444959327,17.893112707607727],[-62.81226690398659,17.893147444928914],[-62.812263410198554,17.89316032280043],[-62.812252344713194,17.89319418473],[-62.81224754938366,17.89320667271446],[-62.81223307058386,17.893239333142706],[-62.81222701989365,17.893251310973657],[-62.81220926721611,17.89328245536177],[-62.81220201943598,17.89329380768573],[-62.81218116384715,17.89332313609505],[-62.812172788776685,17.89333375358246],[-62.81214903112619,17.893360983563053],[-62.8121396094216,17.893370763961208],[-62.81211317850812,17.893395633272103],[-62.8121028009055,17.893404482389887],[-62.81207395127326,17.89342675152464],[-62.81206271771473,17.893434584139705],[-62.81203172720211,17.893454038633003],[-62.812019745873336,17.893460779312473],[-62.811986912937115,17.893477231805658],[-62.81197429922539,17.893482815632662],[-62.81193994006643,17.893496107678086],[-62.811926815449446,17.89350048087693],[-62.81189126096736,17.89351048446398],[-62.81188454640944,17.893512203448775],[-62.81164247987001,17.89356811789835],[-62.811641735439,17.89356828781568],[-62.81163776261173,17.893569183763034],[-62.81163701723252,17.89356934982596],[-62.811563306961204,17.89358557081173],[-62.811491152063,17.893616407261128],[-62.811427488972946,17.893651899140803],[-62.81097650628337,17.89404795336643],[-62.810976487161746,17.89404796934971],[-62.81097646888057,17.89404798621034]]],[[[-62.82502546287142,17.90574755929429],[-62.825025418172686,17.90574757954031],[-62.82498405931818,17.90576630988866],[-62.82497770487989,17.905769006984432],[-62.824943466328996,17.905782586813107],[-62.82493038133651,17.905787069967744],[-62.824894917322474,17.90579737149606],[-62.82488143634312,17.905800605181113],[-62.82484508840627,17.90580752919898],[-62.824831341270226,17.905809482272065],[-62.82479445946382,17.905812962096885],[-62.82478057856461,17.9058136157487],[-62.82474351808353,17.90581361786762],[-62.824729637102884,17.905812965803083],[-62.82469275486279,17.90580949019572],[-62.82467900748328,17.905807538694646],[-62.82464265868321,17.905800618833286],[-62.824629177300665,17.90579738668985],[-62.824593712002155,17.90578708921711],[-62.82458062645067,17.90578260755888],[-62.82454638620641,17.90576903164585],[-62.82453382250778,17.90576334363398],[-62.82450113707213,17.905746620025123],[-62.8244892162224,17.905739780438687],[-62.82445840037558,17.905720070192675],[-62.82444723717956,17.905712144901102],[-62.82441858769614,17.90568963783969],[-62.824408289661804,17.905680703168365],[-62.82438208245253,17.90565561604821],[-62.82437274875569,17.905645758043438],[-62.82434923621029,17.905618332468638],[-62.82434095673942,17.905607646068898],[-62.82432036529593,17.905578146164082],[-62.824313219786546,17.905566734285763],[-62.82429574775069,17.905535444152427],[-62.82428980501741,17.90552341669859],[-62.82427562065275,17.905490637678977],[-62.82427093792662,17.905478110480992],[-62.824260177834226,17.905444158255936],[-62.824256800211614,17.90543125195789],[-62.82424956801458,17.90539645350664],[-62.82424752802282,17.905383292403474],[-62.824243893368404,17.90534798285464],[-62.824243210652675,17.905334693695124],[-62.82424320854166,17.905299213099212],[-62.82424388967578,17.90528592386525],[-62.82424752012553,17.905250613919787],[-62.8242495585487,17.905237452593905],[-62.824256786593075,17.905202653352646],[-62.82426016267309,17.905189746685448],[-62.82427091869936,17.90515579328357],[-62.82427559992176,17.90514326557306],[-62.82428978034103,17.90511048499958],[-62.82429572162222,17.905098456894123],[-62.82431318986723,17.905067164842873],[-62.824320333988744,17.905055752179283],[-62.824340921829126,17.905026250008653],[-62.82434919998862,17.905015562696658],[-62.8243727091511,17.904988134527375],[-62.824382041625064,17.904978275491114],[-62.824408245703,17.90495318547008],[-62.824418542614524,17.90494424965696],[-62.824447189248346,17.90492173941338],[-62.82445835143266,17.904913812879627],[-62.82448916474023,17.9048940991981],[-62.824501084699705,17.904887258280088],[-62.824533767933204,17.90487053101285],[-62.82453997646015,17.904867538673848],[-62.82458130220307,17.90484882333826],[-62.82460147232614,17.9048396862126],[-62.8249062743444,17.90470161061011],[-62.82531695437765,17.904501474560895],[-62.825323224427336,17.90449860223013],[-62.82535703711753,17.904484077805],[-62.82536998075488,17.904479233352603],[-62.82540511764492,17.904467951819925],[-62.82541849493234,17.904464345314572],[-62.82545461763714,17.904456415320848],[-62.82546829974499,17.904454081494887],[-62.825505060385844,17.90444957940971],[-62.82551891554901,17.904448540738986],[-62.82555596010373,17.904447509919574],[-62.82556985489049,17.904447776406975],[-62.82560682660273,17.904450226780625],[-62.82562062719985,17.904451795859778],[-62.82565717001473,17.904457703828264],[-62.82567074351594,17.904460560388205],[-62.82570650550902,17.904469869055035],[-62.82571972119514,17.90447398558576],[-62.82575435796138,17.904486605304136],[-62.82576708855901,17.904491942161517],[-62.82580026652965,17.904507751397585],[-62.8258123894369,17.90451425718516],[-62.82584378909171,17.904533103688458],[-62.82585518755896,17.904540715752393],[-62.82588450650335,17.90456241802208],[-62.8258950707575,17.90457106305452],[-62.82592202663474,17.90459541208722],[-62.8259316549364,17.904605006832302],[-62.82595598814681,17.904631768134916],[-62.82596458777012,17.904642220190535],[-62.825986063971165,17.90467113603847],[-62.82599355209677,17.904682344746107],[-62.826011964459866,17.90471313666525],[-62.82601826897257,17.904724994079405],[-62.82603344017505,17.904757365527928],[-62.82603850035828,17.90476975745563],[-62.8260502842912,17.904803396679824],[-62.82605405141179,17.90481620378039],[-62.82606233458705,17.904850786816954],[-62.82606477236462,17.904863885751265],[-62.82606947500803,17.90489907954724],[-62.82607055996438,17.904912344165577],[-62.82607163678403,17.904947809785785],[-62.82607135846936,17.90496111234269],[-62.82606879909191,17.904996508233886],[-62.82606716018541,17.905009720618434],[-62.826060989256135,17.90504470589861],[-62.826058005540304,17.90505770086819],[-62.82604828248582,17.905091938609498],[-62.82604398269445,17.905104591015206],[-62.82603080115055,17.905137751488756],[-62.8260252266921,17.905149939480708],[-62.826008713602036,17.905181703332058],[-62.82600191816085,17.905193309532816],[-62.825982232552946,17.905223370857584],[-62.82597428157225,17.905234283492664],[-62.825951613028394,17.90526235278259],[-62.825942583080106,17.905272466756834],[-62.82591714991006,17.905298273687958],[-62.825907127957336,17.90530749159777],[-62.82587917509629,17.905330787633844],[-62.82586825765608,17.90533902070516],[-62.825838054305784,17.90535958149124],[-62.82582634651929,17.905366750434602],[-62.82579418355553,17.905384377957763],[-62.82578806824932,17.90538754138657],[-62.82537070264636,17.905590935713608],[-62.82536887321615,17.9055918113778],[-62.82535908153766,17.905596413889757],[-62.82535723908844,17.905597264167547],[-62.82504565829169,17.905738410700526],[-62.82502546287142,17.90574755929429]]]]}},{"id":"23","type":"Feature","properties":{"feature_id":"AEP_SECT_9725ZS014","layer_key":"eau_aep","layer_label":"Eau AEP","state_geometry_mode":"hydraulic_zoning_v2","service_unit_kind":"hydraulic_zone_component","service_feature_id":"AEP_SECT_9725ZS014","zone_component_key":"AEP_SECT_9725ZS014","zone_uid":"AEP_SECT_9725ZS014","network_kind":"AEP","feature_role":"canalisation","state_annual_storm":"S0","state_rp50_storm":"S0","state_rp100_storm":"S0","state_p99_storm":"S0","state_top10_storm":"S0","state_top5_storm":"S0","state_annual_storm_cmcc":"S0","state_rp50_storm_cmcc":"S0","state_rp100_storm_cmcc":"S0","state_p99_storm_cmcc":"S0","state_top10_storm_cmcc":"S0","state_top5_storm_cmcc":"S0"},"geometry":{"type":"MultiPolygon","coordinates":[[[[-62.85388199359541,17.9132471436614],[-62.85387754180209,17.913249301249223],[-62.85387321363348,17.913251678211747],[-62.85386083334908,17.913257724616297],[-62.85385481500211,17.913260315924166],[-62.853848927453456,17.913263169357986],[-62.8538362345625,17.913268589286385],[-62.85383158329801,17.91327031875106],[-62.85382703260197,17.913272278134404],[-62.853820624987556,17.91327485797677],[-62.85378830671884,17.913286985275697],[-62.85352551746223,17.913401289448323],[-62.853477923637115,17.913431435803535],[-62.853301893285085,17.913636895143988],[-62.853297995547344,17.913641253095374],[-62.85327670335693,17.913664064126124],[-62.85326834790859,17.91367228722145],[-62.85324511760489,17.91369329343378],[-62.85323606592418,17.91370081089238],[-62.8532110638189,17.913719861896674],[-62.85320629695993,17.913723338985253],[-62.853139710272124,17.91376981091033],[-62.853135562735986,17.913772705615536],[-62.85312956501384,17.91377666945845],[-62.853097030320725,17.91379700827393],[-62.85308443610746,17.913804024369576],[-62.85304989060372,17.913821055182943],[-62.85303660999613,17.9138267952841],[-62.85300041938073,17.913840337806754],[-62.852993565369204,17.913842709823797],[-62.85271260371872,17.91393218832564],[-62.85270422855517,17.913934583434802],[-62.8526591919788,17.9139460262179],[-62.852650678426315,17.91394792215237],[-62.8525282332499,17.913971402469542],[-62.8523184052494,17.914015521766764],[-62.852294609051015,17.91402087164574],[-62.8522815491983,17.91402319517638],[-62.852246457711125,17.91402782089026],[-62.852233227906105,17.914028962827874],[-62.85219783806749,17.914030420746876],[-62.85218455469741,17.91403037104544],[-62.85214917784426,17.91402864834375],[-62.85214255260038,17.914028176354694],[-62.852004989552434,17.914015263941874],[-62.851997568494944,17.914014377420404],[-62.85195814747034,17.91400865253669],[-62.85194350357572,17.914005761644283],[-62.85190493272114,17.913996089931867],[-62.85189068880783,17.913991737153545],[-62.85185339804261,17.91397822641556],[-62.85183971287641,17.913972460268393],[-62.85180411785139,17.91395526109858],[-62.851797532757146,17.913951867499044],[-62.85169057033347,17.913893206217523],[-62.85168337816856,17.913888984592166],[-62.851645754184425,17.913865395980128],[-62.851632220404525,17.913855761703186],[-62.85159779229538,17.913828058671562],[-62.851591498705254,17.91382268020757],[-62.85148398249807,17.913725135678586],[-62.851531926035385,17.913779502093206],[-62.85158399852421,17.91383173490822],[-62.851588748677145,17.913836744174823],[-62.851613370993114,17.9138640485592],[-62.85162205932201,17.913874715903322],[-62.85164371706851,17.913904233188997],[-62.85165125182616,17.91391567624704],[-62.85166972942177,17.9139471126215],[-62.851673040304036,17.913953089719506],[-62.85171596887659,17.91403549206701],[-62.85171876389615,17.914041184037632],[-62.85173292733073,17.914071855797044],[-62.85173767570031,17.914083581141174],[-62.85174880965369,17.91411537726287],[-62.851752402763886,17.91412747335061],[-62.85176041144459,17.91416012028167],[-62.85176281838175,17.91417248304621],[-62.85176763288594,17.914205699913722],[-62.85176838466412,17.914211948126617],[-62.85180914286363,17.914637275967966],[-62.851811012403736,17.914656786460128],[-62.851811477327345,17.91466342617709],[-62.851813047907626,17.914698874910872],[-62.851812954816836,17.914712179839576],[-62.851810888349526,17.91474760525155],[-62.85180943345645,17.91476083737821],[-62.85180374983979,17.914795898302106],[-62.85180094715476,17.91480893019401],[-62.85179170112228,17.914843288973522],[-62.85178757763566,17.914855995126207],[-62.851774858229106,17.91488932086681],[-62.85176945365143,17.914901578912772],[-62.851753383363366,17.914933550668454],[-62.85174674974289,17.91494524255563],[-62.85172748333714,17.914975552419794],[-62.851719684558645,17.91498656554848],[-62.85169740757992,17.91501492161932],[-62.851688518749505,17.915025149926567],[-62.85166344573645,17.91505127911827],[-62.85165355245822,17.915060624099368],[-62.851625924877446,17.91508427477215],[-62.8516151224291,17.91509264642931],[-62.85158520634965,17.915113590812858],[-62.85157359876491,17.91512090852193],[-62.85154168229592,17.915138944909064],[-62.851529381362624,17.91514513819604],[-62.851495771878575,17.915160092885277],[-62.85148289606207,17.91516510210498],[-62.85144791724264,17.915176831073442],[-62.85143459054489,17.91518060798398],[-62.851398579257534,17.915188998274434],[-62.85138493002285,17.915191506501827],[-62.85134823307861,17.91519647731057],[-62.85133439275763,17.91519769269903],[-62.851297363571,17.91519919615407],[-62.85128346545469,17.915199106998656],[-62.85124646063995,17.915197128620818],[-62.85123263857587,17.91519573578015],[-62.851196014512574,17.915190294622466],[-62.85118240161585,17.915187611510497],[-62.851146511016566,17.91517875997474],[-62.85113323838787,17.915174812431502],[-62.85109842690125,17.915162635763494],[-62.85108562236416,17.9151574618063],[-62.85105222524615,17.915142077274922],[-62.85104001211611,17.91513572673218],[-62.85100835100104,17.91511728249999],[-62.8509968468978,17.91510981653135],[-62.85096722670086,17.915088490227635],[-62.850956542415595,17.915079980734944],[-62.85092924839629,17.91505597774502],[-62.85091948682471,17.91504650667986],[-62.85089478183957,17.915020058167023],[-62.85088603699094,17.91500971674146],[-62.85086415896214,17.914981077420748],[-62.850856515053884,17.91496996522886],[-62.85083767467787,17.914939410913906],[-62.850831205324546,17.914927634972674],[-62.85081558404299,17.91489545991944],[-62.85081035154737,17.91488313363803],[-62.850798099799825,17.914849647710923],[-62.8507941545529,17.91483688979852],[-62.850785390328035,17.914802415486182],[-62.850782770323754,17.914789348808746],[-62.8507775780232,17.91475421811827],[-62.85077677337786,17.91474760823432],[-62.85077490432717,17.914728101668274],[-62.850746334886324,17.914429950468076],[-62.85062255175825,17.914289583640464],[-62.85061617306584,17.914281789930676],[-62.8505837830816,17.914239090516293],[-62.85057801552989,17.914230871945755],[-62.85051217931615,17.914129226450797],[-62.850508903120954,17.91412390097029],[-62.85049211520728,17.91409513200259],[-62.8504863398581,17.91408408018812],[-62.850472357912025,17.91405396738696],[-62.85046987075895,17.914048264018657],[-62.85043720659614,17.913968279910065],[-62.85041266757472,17.91390819102996],[-62.85041064079031,17.913902907117237],[-62.85040044687171,17.913874523624944],[-62.850397088945826,17.913863737085833],[-62.85038938936042,17.91383464194935],[-62.85038806400667,17.913829157915412],[-62.8503652179139,17.913724806694034],[-62.85036412461273,17.913719235208887],[-62.85035894499129,17.91368941693331],[-62.85035749260578,17.913678167122402],[-62.85035493294177,17.913648038854017],[-62.850354467257254,17.913636712215865],[-62.85035454544106,17.913606484553082],[-62.850354683899035,17.91360081715976],[-62.85037073278074,17.913254159390494],[-62.85037088462427,17.913251479486895],[-62.85037184213994,17.913237195740837],[-62.850372049364786,17.91323451923967],[-62.85039326899083,17.912992913150646],[-62.85039407358034,17.912985926678232],[-62.8503993704034,17.912948796977478],[-62.85040210779545,17.912934990598302],[-62.850411390776834,17.912898585227047],[-62.850415606264605,17.912885124269255],[-62.85042877567146,17.912849834340168],[-62.850434423965666,17.912836863418388],[-62.85045133831253,17.912803068060335],[-62.85045468138311,17.91279681015675],[-62.85051400507602,17.912692522074067],[-62.85051753960872,17.91268666165816],[-62.850537193234636,17.912655875803182],[-62.850545155878834,17.912644697541175],[-62.85056791679011,17.912615940258924],[-62.85057700356572,17.912605577424607],[-62.85060264509134,17.912579135100213],[-62.85061276550526,17.91256969089391],[-62.85064103228754,17.912545826858352],[-62.850652085553136,17.912537395331988],[-62.8506826960907,17.91251634723973],[-62.85068853847718,17.912512537888475],[-62.85075976242357,17.91246854853569],[-62.850780298297444,17.912455864985198],[-62.85078560487851,17.91245274351337],[-62.850814275247046,17.912436699338702],[-62.850825292557914,17.912431141129463],[-62.85085532435974,17.912417570187454],[-62.85086680911928,17.91241296003269],[-62.85089797013665,17.912401967259086],[-62.85090386018064,17.912400029136023],[-62.85099942340727,17.912370816957143],[-62.85100569724495,17.912369050868918],[-62.851039366970944,17.91236037611121],[-62.85105213651873,17.912357684533127],[-62.851086498444495,17.912352019511044],[-62.85109947286711,17.912350466852015],[-62.851134234094005,17.912347859853817],[-62.85114730279839,17.912347459348616],[-62.851182167024234,17.912347932596184],[-62.85119521861371,17.912348687658692],[-62.8512298886584,17.912352237118128],[-62.85124281188215,17.912354141312242],[-62.85127699222069,17.912360736728218],[-62.851289676922086,17.91236377382274],[-62.851323076203634,17.912373358976406],[-62.85133541425911,17.912377503083363],[-62.85136774779029,17.91238999627155],[-62.85137375382066,17.91239247277658],[-62.85150746308974,17.912451145608333],[-62.85151269854992,17.91245356870253],[-62.851540332151274,17.912467035110595],[-62.851550469466986,17.912472488014792],[-62.85157685597203,17.91248807924628],[-62.85158649185214,17.912494309908116],[-62.851611453384706,17.912511920860037],[-62.85161606284335,17.912515314921624],[-62.8518879943883,17.912724189434993],[-62.851892467759875,17.912727772918185],[-62.851915904601796,17.912747346966523],[-62.85192022004594,17.912751103751464],[-62.85221568454784,17.913019164969256],[-62.852310129152755,17.91299930662473],[-62.85231484796873,17.912998430047992],[-62.852319536586435,17.912997415776147],[-62.85241522358627,17.91297906666506],[-62.85256243291091,17.912932184623877],[-62.852709692494585,17.912760306724117],[-62.85272451644375,17.91274299959896],[-62.852729133141324,17.91273787585488],[-62.85275445227425,17.91271115426488],[-62.852764457359676,17.91270159965023],[-62.85279243222638,17.912677426758894],[-62.852803382160744,17.912668874283927],[-62.85283373421222,17.912647490782433],[-62.85283952976404,17.912643617372503],[-62.85298673416676,17.912550376981955],[-62.85299146077224,17.912547509997776],[-62.85301697495848,17.912532702031125],[-62.85302676443969,17.91252751519883],[-62.8530534200694,17.912514681650997],[-62.8530584676637,17.91251236989951],[-62.853371202877156,17.912376341119945],[-62.85337463354163,17.912374900991633],[-62.85339303331419,17.912367453285263],[-62.85339650256445,17.912366100523688],[-62.85340953411783,17.912361210491113],[-62.85343775720723,17.91234753201675],[-62.85345045004431,17.91234211211345],[-62.853484997620384,17.91232926640444],[-62.85349818425499,17.912325063630824],[-62.853533880683486,17.912315521546574],[-62.853547434122014,17.912312576377335],[-62.85358393562936,17.912306429812638],[-62.85359772534581,17.912304770611158],[-62.85363468040533,17.912302078760305],[-62.85364857359826,17.912301721505482],[-62.853685626315475,17.91230251029231],[-62.85369948918699,17.912303458424667],[-62.853736282726956,17.9123077202528],[-62.85374998177109,17.9123099646414],[-62.85378616179477,17.912317658467455],[-62.85379956508329,17.912321177497777],[-62.85383478315998,17.912332229226614],[-62.85384776161288,17.912336989008768],[-62.85388167857562,17.912351292207042],[-62.853894107204084,17.912357246902054],[-62.85392639641598,17.912374663823194],[-62.853938155526215,17.912381756084546],[-62.85396850602602,17.91240211899528],[-62.853979482371834,17.912410280521087],[-62.85400760186863,17.91243339331679],[-62.85401768974207,17.912442545507588],[-62.85404330743017,17.912468185600762],[-62.85405240967957,17.912478240316496],[-62.85407527884647,17.912506160780445],[-62.854083307812004,17.912517021189213],[-62.85410320821441,17.91254695313594],[-62.85411008657238,17.912558514646562],[-62.85412682655725,17.91259016981633],[-62.85413248806474,17.912602321085586],[-62.854145906415084,17.912635394622903],[-62.85415029654793,17.91264801862782],[-62.854160264035485,17.912682192017385],[-62.85416334051341,17.912695167182182],[-62.854169761143275,17.912730111316264],[-62.8541714943371,17.912743312683254],[-62.85417430627231,17.912778691031196],[-62.854174679489354,17.912791991464108],[-62.85417385564649,17.912827463313274],[-62.85417286529133,17.91284073472169],[-62.854168413601485,17.912875958458702],[-62.854166069210706,17.91288907303161],[-62.85415803254318,17.91292370943227],[-62.854154356693506,17.91293654086901],[-62.85414281244313,17.91297025636523],[-62.85413784053402,17.91298268109175],[-62.854122899875875,17.913015150984034],[-62.85411667978872,17.913027049343082],[-62.85409848660748,17.913057960927564],[-62.85409107824446,17.913069218331007],[-62.85406980774893,17.913098273911032],[-62.85406128245614,17.913108781943457],[-62.85403713949181,17.913135701696568],[-62.854027579372236,17.913145359159362],[-62.8540007964486,17.913169883832257],[-62.85399029357135,17.913178597718254],[-62.85396112862277,17.91320049112352],[-62.853949784136496,17.9132081775127],[-62.8539185180381,17.913227228803528],[-62.853912564044805,17.913230663147164],[-62.853888116444345,17.913243993138053],[-62.85388199359541,17.9132471436614]]],[[[-62.85889131548993,17.91711697536196],[-62.85889273034218,17.917154395561496],[-62.858892501132345,17.917168435610982],[-62.85888986546678,17.917205795209476],[-62.858888120579344,17.91721973726518],[-62.85888146266343,17.917256635532382],[-62.85888002705809,17.91726352299412],[-62.85886768612462,17.917315654660612],[-62.85873215725232,17.917888304187517],[-62.85862865782939,17.918344304808645],[-62.85862831463559,17.918345777322067],[-62.858626438681114,17.918353620734788],[-62.85862607839201,17.91835508950114],[-62.85861308319136,17.91840677234312],[-62.85861131573464,17.918413121308372],[-62.85860103798918,17.918446743977565],[-62.858596550253814,17.918459158918246],[-62.85858292151649,17.918491671511607],[-62.858577199701905,17.918503612381123],[-62.85856034792971,17.918534709639747],[-62.85855344575684,17.9185460643259],[-62.858533529167985,17.91857545427917],[-62.85852551144022,17.918586116173323],[-62.85850271702871,17.918613522880246],[-62.85849365902349,17.918623391878317],[-62.8584682008035,17.91864855801834],[-62.85845818756551,17.91865754146065],[-62.85843030456201,17.918680230749683],[-62.858419430104775,17.918688244290955],[-62.85838938410941,17.91870824369987],[-62.85837775053256,17.91871521210115],[-62.858345823645614,17.918732333855964],[-62.85833354017628,17.918738191691098],[-62.8583000321581,17.918752275035967],[-62.858287214125404,17.91875696730582],[-62.85825243958185,17.91876788001245],[-62.85823920733398,17.918771362661378],[-62.8582034927626,17.918779002270522],[-62.85818997053695,17.91878124259998],[-62.858153651261404,17.918785537383435],[-62.85813996601802,17.918786514359006],[-62.85810338303967,17.918787423993113],[-62.85809651941281,17.918787435389902],[-62.85779859581417,17.91878101729495],[-62.8577916520559,17.91878070434801],[-62.85775468375795,17.91877816652457],[-62.85774088612521,17.918776564801078],[-62.85770435568853,17.918770570389178],[-62.85769078849587,17.918767681719174],[-62.857655047731335,17.918758288448764],[-62.857641841639264,17.91875414065197],[-62.85760723475248,17.9187414389861],[-62.857594516943784,17.918736072008357],[-62.857561377220215,17.91872018427198],[-62.85754927017506,17.918713649800623],[-62.85751791677013,17.918694729002443],[-62.857506537086586,17.918687089968454],[-62.85747727195196,17.918665318327374],[-62.85746672922296,17.918656648299326],[-62.857439834198615,17.91863223548951],[-62.857430229956556,17.91862261796503],[-62.857405964056404,17.91859579909658],[-62.857397390795335,17.918585326698214],[-62.857375987712835,17.91855636005287],[-62.85736852799766,17.91854513363604],[-62.85735019385516,17.91851429817974],[-62.85734391952655,17.918502425861448],[-62.85732883089033,17.918470018557695],[-62.857323802372825,17.918457614675273],[-62.857312104552726,17.918423947625136],[-62.85730837027286,17.918411131635104],[-62.857300175922845,17.918376529071505],[-62.85729777184283,17.91836342439911],[-62.85729315987632,17.91832821956424],[-62.85729210914769,17.918314952414814],[-62.85729112397753,17.918279484350794],[-62.857291436718306,17.91826618249432],[-62.857294087829246,17.918230792778044],[-62.85729576102642,17.918217584318636],[-62.857302022883886,17.9181826137722],[-62.85730504042259,17.918169625914405],[-62.85731485271868,17.918135411322808],[-62.85731918553734,17.918122769146567],[-62.857332453771726,17.9180896400143],[-62.857338060142055,17.918077465270375],[-62.85735465653217,17.91804574064813],[-62.857361482461,17.91803415058556],[-62.85738124717281,17.918004135997663],[-62.857389226922145,17.917993242234633],[-62.857411969609394,17.917965226736715],[-62.85742102632951,17.91795513418563],[-62.857446527966964,17.91792938758088],[-62.85745657443655,17.91792019343798],[-62.85748458942936,17.917896963678896],[-62.85749552889547,17.917888756488306],[-62.857525787444395,17.91786826728877],[-62.85753751455426,17.917861126089715],[-62.857569725253946,17.917843574770608],[-62.85758212706958,17.917837568336253],[-62.857615979714915,17.91782312392519],[-62.85762893680072,17.917818310100365],[-62.857664105374226,17.917807111703898],[-62.8576774929472,17.917803536848027],[-62.857689136537424,17.917801009901478],[-62.85771772766304,17.917675045232432],[-62.857717862072896,17.917674459309158],[-62.85771858614353,17.91767133591843],[-62.857718723260135,17.917670750570185],[-62.85784422044996,17.917140500706594],[-62.85784317111569,17.91712977918669],[-62.8578430186148,17.9171264883296],[-62.85784266657594,17.917123211520476],[-62.85784192475568,17.91710992525861],[-62.85784188962494,17.91710212555515],[-62.857841528532475,17.917094333442968],[-62.85784159460674,17.917081028366184],[-62.85784177978535,17.917077739045897],[-62.85784176494851,17.917074444982752],[-62.85784238705754,17.917061153090884],[-62.857843150693796,17.91705338764868],[-62.85784358916071,17.917045599175324],[-62.85784501719978,17.91703236436595],[-62.85784553827423,17.91702910826041],[-62.857845860782035,17.917025828666894],[-62.857847840827965,17.917012659153116],[-62.857849395876364,17.91700500275758],[-62.85785062967933,17.91699729293027],[-62.85785340592931,17.916984255846657],[-62.857854257881115,17.91698106431391],[-62.857854914627346,17.91697783077423],[-62.85785640842381,17.916971331622886],[-62.85788179803048,17.916872491521552],[-62.85797674258718,17.916458689484326],[-62.857975084893766,17.916457354684443],[-62.85796490038848,17.916448300872844],[-62.857939011918035,17.916422910728155],[-62.857929803458326,17.916412944869005],[-62.85790663930084,17.916385247788295],[-62.857898495569074,17.916374465858784],[-62.85787827880738,17.916344728581453],[-62.85787127823177,17.916333234417955],[-62.8578542035631,17.91630174333149],[-62.85784841356247,17.916289647629526],[-62.8578346454235,17.916256706011445],[-62.857830121757985,17.916244125259656],[-62.85781979274125,17.916210050356696],[-62.85781657897534,17.916197105714875],[-62.85780978855239,17.916162225687717],[-62.857807915635384,17.916149041820095],[-62.85780472919893,17.916113692582947],[-62.85780421516701,17.916100396457498],[-62.85780466340123,17.916064918443052],[-62.85780551320365,17.916051638108772],[-62.85780959178885,17.91601637298966],[-62.85781179724046,17.916003236343354],[-62.857819466894725,17.9159685237416],[-62.857823006754764,17.91595565729618],[-62.85783419361242,17.915921831512545],[-62.85783903378913,17.915909359178652],[-62.85785363011221,17.915876745973105],[-62.85785972399122,17.91586478786578],[-62.85787758920711,17.915833701320285],[-62.85788487810032,17.91582237260223],[-62.857905840155674,17.915793112096026],[-62.85791425386659,17.9157825218685],[-62.85793811088428,17.915755369194947],[-62.85794756838397,17.915745619447137],[-62.857974090607385,17.915720836099947],[-62.85798450081489,17.915712020726733],[-62.858013432820634,17.915689845381685],[-62.85802469548009,17.915682049279393],[-62.85805575863779,17.915662695495833],[-62.858067765284,17.915655993744704],[-62.8581006604397,17.91563964790887],[-62.85811329544264,17.915634105049982],[-62.85814770579974,17.915620924580086],[-62.85816084747818,17.915616593993803],[-62.858196441648275,17.91560670582401],[-62.85820996344155,17.91560362921594],[-62.858246398635856,17.91559712857401],[-62.85826017032271,17.91559533557334],[-62.85829709565318,17.91559228506352],[-62.858310984605794,17.915591792937686],[-62.858348044464236,17.91559222193785],[-62.858361916925524,17.91559303542626],[-62.85839875440822,17.91559693980495],[-62.85841247677992,17.91559905107334],[-62.858448737124654,17.91560639322957],[-62.85846217725386,17.915609781945438],[-62.858497511256424,17.91562049117083],[-62.858510539708334,17.915625124699265],[-62.85854460708538,17.91563909785894],[-62.858550927534935,17.915641867940206],[-62.858786694052036,17.915751975955438],[-62.85879285716811,17.915755035505043],[-62.8588252897262,17.91577211432039],[-62.85883710947303,17.9157790817524],[-62.85886763982527,17.915799117928188],[-62.858878690331444,17.915807159573276],[-62.85890702520171,17.915829960641574],[-62.858917200315396,17.91583899925151],[-62.858943067516954,17.91586434618467],[-62.858952269495205,17.915874294934294],[-62.858975420545406,17.91590194424888],[-62.85898356099309,17.915912707570172],[-62.8590037735003,17.915942393665844],[-62.85901077421921,17.915953868165907],[-62.85902785401911,17.915985305876738],[-62.85903364775918,17.91599738133098],[-62.85904743078003,17.91603026866473],[-62.85905196188538,17.9160428290757],[-62.85906231572414,17.916076850114756],[-62.85906554066768,17.91608977482637],[-62.85907236586197,17.91612460276243],[-62.85907425366365,17.91613776761903],[-62.85907748464729,17.91617306789243],[-62.859078017171626,17.9161863464314],[-62.859077622904586,17.91622177994488],[-62.859076795035,17.916235044611465],[-62.8590727793017,17.916270270987603],[-62.85907185719468,17.916276858260755],[-62.85904811628529,17.916419755487777],[-62.85904740608104,17.916423661213994],[-62.85904330103842,17.916444434292515],[-62.85904247185169,17.91644831847074],[-62.858894823350994,17.917091839721948],[-62.85889443423128,17.917093486668257],[-62.85889230187123,17.91710225767006],[-62.85889189135592,17.91710389984943],[-62.85889058075829,17.917109002036696],[-62.85889131548993,17.91711697536196]]]]}},{"id":"24","type":"Feature","properties":{"feature_id":"AEP_SECT_9725ZS015","layer_key":"eau_aep","layer_label":"Eau AEP","state_geometry_mode":"hydraulic_zoning_v2","service_unit_kind":"hydraulic_zone_component","service_feature_id":"AEP_SECT_9725ZS015","zone_component_key":"AEP_SECT_9725ZS015","zone_uid":"AEP_SECT_9725ZS015","network_kind":"AEP","feature_role":"canalisation","state_annual_storm":"S0","state_rp50_storm":"S0","state_rp100_storm":"S0","state_p99_storm":"S0","state_top10_storm":"S0","state_top5_storm":"S0","state_annual_storm_cmcc":"S0","state_rp50_storm_cmcc":"S0","state_rp100_storm_cmcc":"S0","state_p99_storm_cmcc":"S0","state_top10_storm_cmcc":"S0","state_top5_storm_cmcc":"S0"},"geometry":{"type":"Polygon","coordinates":[[[-62.86678620749999,17.917217991508334],[-62.86703283445707,17.91718901494915],[-62.867069798527716,17.91718642594719],[-62.8671068496997,17.917187317890274],[-62.8671436311765,17.91719168212871],[-62.867179788735754,17.917199476571664],[-62.86721497403324,17.91721062632208],[-62.867248848379454,17.917225023860066],[-62.867281085476435,17.91724253058123],[-62.867311374815834,17.917262977974087],[-62.86733942479382,17.91728616888745],[-62.86736496516379,17.917311880243794],[-62.86738775005687,17.917339864216178],[-62.86740755996233,17.91736985148355],[-62.867424204180985,17.91740155313048],[-62.86743752233365,17.917434663811687],[-62.867447386247214,17.917468864826436],[-62.86745370089697,17.917503826740376],[-62.86745640544284,17.917539212730553],[-62.86745547379332,17.917574682110846],[-62.86745091498107,17.917609893314992],[-62.867442772971664,17.917644507240787],[-62.86743112600045,17.917678190413188],[-62.8674160863811,17.91771061859968],[-62.8673977988986,17.91774147943043],[-62.86737643957955,17.917770475651416],[-62.867352214368054,17.917797328106342],[-62.86732535629154,17.917821778084804],[-62.86729612423112,17.917843590213902],[-62.86726479952116,17.917862554354077],[-62.867231683964725,17.917878487947867],[-62.86719709652778,17.917891237463913],[-62.867161370127626,17.91790068020249],[-62.86712484889397,17.91790672519761],[-62.86711841665404,17.917907480958494],[-62.867121145604166,17.917911815611934],[-62.86713707322014,17.917943852850918],[-62.86714964393404,17.917977230313692],[-62.86715873665611,17.91801162668292],[-62.86716426372799,17.918046710540626],[-62.86716617205298,17.91808214407476],[-62.867164443188315,17.918117586062046],[-62.86715909381501,17.918152695122206],[-62.867150175357594,17.91818713324283],[-62.86713777379327,17.918220568671618],[-62.86712327536338,17.91825009894485],[-62.86710768705829,17.918374245359797],[-62.86710633372249,17.918383919364892],[-62.86708510480173,17.918521525150386],[-62.867100894321496,17.91857953905557],[-62.86711408124192,17.918616092052638],[-62.86712428780975,17.91864952303608],[-62.867131086604466,17.918683739142512],[-62.86713441478928,17.918718422709603],[-62.86713424125506,17.91875325184832],[-62.86713056765689,17.918787903426402],[-62.86712342812876,17.918822055870184],[-62.86711606801712,17.91885015305048],[-62.8671048516883,17.91888529443408],[-62.86708996728325,17.918919164549102],[-62.86707156849176,17.918951413340675],[-62.86704984534252,17.91898170795215],[-62.86704850677284,17.918983219301406],[-62.86706663174142,17.91899075079785],[-62.8671036218232,17.919008485948858],[-62.86713836373073,17.919029987699027],[-62.8671704405151,17.919054998071637],[-62.86719946736053,17.919083216901377],[-62.86723581097206,17.91912265403535],[-62.867258937212604,17.919150380468242],[-62.86727911324138,17.91918014320166],[-62.86729614476776,17.91921165584849],[-62.867309867727506,17.919244614868635],[-62.86732014997998,17.919278702824048],[-62.86732689234454,17.919313591362208],[-62.867330030108945,17.919348944561424],[-62.86732953302705,17.91938442200398],[-62.86732540569431,17.91941968193991],[-62.86731768811174,17.91945438481249],[-62.86730645436183,17.919488196420875],[-62.867291812794996,17.919520791174218],[-62.86727390432789,17.919551855163636],[-62.86725290149704,17.91958108914441],[-62.86722900647379,17.91960821160781],[-62.86720244955176,17.919632961401327],[-62.86717348621801,17.919655100076827],[-62.86714239573489,17.91967441451079],[-62.86710947726742,17.919690718709465],[-62.867075047899164,17.919703855615367],[-62.867039439231796,17.919713698731847],[-62.8670029942685,17.919720153115353],[-62.8669660639193,17.919723156819213],[-62.86692900379065,17.919722680891425],[-62.866892170880476,17.919718729734026],[-62.866855919895244,17.919711341642834],[-62.86682059994619,17.919700587539797],[-62.86678655114994,17.91968657115139],[-62.86675410141949,17.919669427379436],[-62.866723563348856,17.91964932139507],[-62.866695231004265,17.919626446738384],[-62.86669215548458,17.91962342245285],[-62.86664919037312,17.91960556905996],[-62.866619011343964,17.919591470692858],[-62.86659025983283,17.91957486189885],[-62.86656316310353,17.919555873895508],[-62.86650872790601,17.919514047046935],[-62.86637321723237,17.919471230809105],[-62.86634108712839,17.919461094978193],[-62.86632554457939,17.919457996770586],[-62.866311906446384,17.9194545436556],[-62.86629551043425,17.9194495708665],[-62.8661259384534,17.919446012575992],[-62.86611099116986,17.919444994835704],[-62.866096023667566,17.919444246162275],[-62.866092511094756,17.91944373667356],[-62.86608896848405,17.91944349543256],[-62.86607419626542,17.91944107988546],[-62.86605937852605,17.919438930495453],[-62.86605593588041,17.919438094034263],[-62.866052434213444,17.919437521462253],[-62.86603798027671,17.91943373143652],[-62.8660234541974,17.919430202035983],[-62.8660201131037,17.919429046307016],[-62.866016687594666,17.91942814812266],[-62.866002690992566,17.919423019959428],[-62.86598859657185,17.91941814472086],[-62.865985390823404,17.91941668149778],[-62.86598207281348,17.919415465857526],[-62.86596866645229,17.919409048005626],[-62.865955141317826,17.91940287474842],[-62.865952100835294,17.91940111779071],[-62.86594892326788,17.91939959664841],[-62.86594669627119,17.919398254494567],[-62.865939116729976,17.919396441984187],[-62.86591261140434,17.919388929734193],[-62.86591075398962,17.919388306862842],[-62.86590884754661,17.91938784249638],[-62.86589327057958,17.91938244415397],[-62.86587763203067,17.91937720005837],[-62.865875847730855,17.919376406044233],[-62.86587399760039,17.919375764919387],[-62.865859046015125,17.919368929853015],[-62.865844021993254,17.91936224468748],[-62.86584232779807,17.91936128722519],[-62.86584055210404,17.91936047550081],[-62.8658263713511,17.919352269883976],[-62.86581210523117,17.91934420765131],[-62.8658105171851,17.91934309579067],[-62.8658088331059,17.919342121342314],[-62.86579556041139,17.919332624358653],[-62.86578218885415,17.919323262705518],[-62.8657807224337,17.919322007394086],[-62.865779146108075,17.919320879452403],[-62.86576691283251,17.919310185466546],[-62.865754561066616,17.9192996115224],[-62.865753229387806,17.9192982237061],[-62.86575177704694,17.919296954123034],[-62.865725998619986,17.919272091671242],[-62.86571027999253,17.919255977392083],[-62.865708681847615,17.91925423543624],[-62.865708680998594,17.919254234441404],[-62.865694230709856,17.91923848836907],[-62.8656718548651,17.919211633600117],[-62.86565224231566,17.919182867064574],[-62.86563557027812,17.919152448567363],[-62.86557542975223,17.919028772588444],[-62.86556349704408,17.919009689803993],[-62.86556192844644,17.919007083948898],[-62.86552902913113,17.918977569123676],[-62.86549900636434,17.918947337072833],[-62.865472820961536,17.918913995738833],[-62.865419041805524,17.91883659635146],[-62.86540013638717,17.918806273635052],[-62.86538441127688,17.918774330039092],[-62.865355088970496,17.918706338759964],[-62.86534399259486,17.918677102289816],[-62.865335562457695,17.91864706096115],[-62.865311504344106,17.918543782818446],[-62.865203717037105,17.91841116717542],[-62.865064583572874,17.91825991426778],[-62.865037926518134,17.918227354032425],[-62.86501532943269,17.918192091780934],[-62.864992349732624,17.918151147356532],[-62.864981840324695,17.918141524337113],[-62.86495788222604,17.918117473455048],[-62.86493633228141,17.91809141819389],[-62.86486860462362,17.91800131231056],[-62.86483683775554,17.91796497719247],[-62.864773319304234,17.91791527698816],[-62.86465524228394,17.917825130692307],[-62.864473990980485,17.917686510270773],[-62.864458154524925,17.91767370134863],[-62.86424183540001,17.917488759804233],[-62.86390706265146,17.917236276059732],[-62.863761302928694,17.917127346785968],[-62.86375393985077,17.917136364055867],[-62.86372846429861,17.91716195690605],[-62.863665982255405,17.917218874991523],[-62.86363380037722,17.91724506935451],[-62.86359876406699,17.917267659428934],[-62.86331911775599,17.917426959983715],[-62.86328178852405,17.917445609687277],[-62.86302596274666,17.91755651530108],[-62.862980306412915,17.917572995761727],[-62.86277199226198,17.917633796853313],[-62.86275992414451,17.917636708019558],[-62.86274796082831,17.917639990297427],[-62.862741964659776,17.917641040430766],[-62.86273605270589,17.917642466542663],[-62.862723744137305,17.917644231340063],[-62.86271150287995,17.917646375176677],[-62.862679375208515,17.917650454080647],[-62.86267937483076,17.91765045417076],[-62.86267935981683,17.917650456058293],[-62.86249797045489,17.917673492214835],[-62.862493634463824,17.917674018456104],[-62.8623180577372,17.91769433980388],[-62.86229020408823,17.917696566295312],[-62.862262254810645,17.917696814596653],[-62.86217447608524,17.917694483716236],[-62.862139242606496,17.917691965427505],[-62.86210440924727,17.917686306198366],[-62.86207028065828,17.917677555596313],[-62.86203715570961,17.917665790210634],[-62.86200532409218,17.917651113017286],[-62.861825086155484,17.917557823257333],[-62.86180000896826,17.917543620297497],[-62.86177615023549,17.917527608924583],[-62.86175890101393,17.91751505593086],[-62.86175890035335,17.917515055478457],[-62.86175889997588,17.91751505520703],[-62.861569860205186,17.917377483631782],[-62.861545151725444,17.91735786148068],[-62.861522273254046,17.917336301286646],[-62.86150139009011,17.917312958995073],[-62.86138762046725,17.917174269578776],[-62.861367953301965,17.91714794961786],[-62.8613508232433,17.917120051589542],[-62.8613010689967,17.917030026874734],[-62.86128394440867,17.91699451853393],[-62.86127092651524,17.91695744716601],[-62.86126216755563,17.916919246556933],[-62.86125777018908,17.91688036374395],[-62.861250748357904,17.916755380694024],[-62.8612502713103,17.916742826599975],[-62.86124457439544,17.916455582640847],[-62.86122870822031,17.91643069050652],[-62.86107829192529,17.916194693534184],[-62.86093351891693,17.915967474338448],[-62.86091363432169,17.91593195214875],[-62.86070738987287,17.915508368792924],[-62.86070367533438,17.91550049568856],[-62.86060078849765,17.915275285422265],[-62.86059119101236,17.915258638124357],[-62.86058583126339,17.915254156061653],[-62.86054150650707,17.915226420600238],[-62.860393645323995,17.915160247021603],[-62.86039313256091,17.915159987423856],[-62.86039259596747,17.915159775533333],[-62.8601028767882,17.915029075770388],[-62.860087365507674,17.915021656952963],[-62.85972585571251,17.914838706518232],[-62.8597095134369,17.91482993280369],[-62.85953814428258,17.914732502803865],[-62.85952186483566,17.91472669652312],[-62.85947809258161,17.914720814347255],[-62.85932715799776,17.914717615854563],[-62.85912332402701,17.9147151114467],[-62.8591218995806,17.914715091434076],[-62.85896584045745,17.914712610238684],[-62.85893120501907,17.91471053289403],[-62.8588969149038,17.914705420780066],[-62.8588632597491,17.914697317040897],[-62.85881373070017,17.914683045160125],[-62.858780703844936,17.91467190549324],[-62.85874889668202,17.914657885260112],[-62.85872260254922,17.91464333022815],[-62.85870695173675,17.914649710397082],[-62.85867410783586,17.914659823442097],[-62.85865867199051,17.914663841590272],[-62.85862349856271,17.914700251474184],[-62.85861993494659,17.91470508205665],[-62.85860685979106,17.91476006507],[-62.85860515749361,17.914781575207595],[-62.85860501600585,17.914783307461345],[-62.85859292442438,17.91492693079148],[-62.85858516618063,17.914976254199757],[-62.858582331162204,17.914988477427915],[-62.85859544627191,17.915118883440464],[-62.85859716188524,17.91515750143213],[-62.85859456117753,17.915196073985594],[-62.85858767385913,17.915234160395425],[-62.85857657854423,17.915271325233938],[-62.858576260886885,17.91527220790287],[-62.85857775252834,17.91529286557111],[-62.85857849105819,17.91532833919356],[-62.858575594052745,17.915363711199596],[-62.85856908925519,17.915398641121538],[-62.858559039528785,17.915432792494077],[-62.85854554143791,17.915465836287932],[-62.8585287250565,17.91549745452527],[-62.85850875245563,17.91552734253827],[-62.85848581571804,17.915555212492848],[-62.85846013599193,17.915580796009177],[-62.858431960467556,17.915603846780837],[-62.85840156048723,17.91562414265232],[-62.858369228805095,17.91564148832873],[-62.858335276942384,17.9156557166393],[-62.858300031597864,17.915666690613758],[-62.858263832475316,17.91567430456537],[-62.85822702812828,17.915678485172634],[-62.85818997284366,17.9156791921097],[-62.85815302371416,17.915676418677],[-62.85811653638977,17.915670191436554],[-62.858080862339285,17.915660570571557],[-62.85804634526336,17.91564764852793],[-62.85801331731796,17.91563154983074],[-62.85798209675501,17.915612429636283],[-62.85795298424153,17.915590471831226],[-62.85792626012228,17.915565888126693],[-62.857902181683905,17.91553891516383],[-62.85788098098482,17.915509812704457],[-62.85786286202476,17.915478861007685],[-62.85784799942507,17.915446358298126],[-62.857836536259825,17.915412617329526],[-62.85782858292461,17.915377963305005],[-62.85782421600679,17.915342729899216],[-62.85781743341439,17.91524879300836],[-62.857816718285186,17.91521258075856],[-62.85781979144448,17.915176481729844],[-62.85782662182124,17.915140858260628],[-62.85783578287567,17.91511055965323],[-62.857824736175324,17.915000716058987],[-62.857823012750615,17.914962869959886],[-62.857825435322106,17.91492505888721],[-62.85783197721387,17.914887698059015],[-62.85784213112151,17.91484392031629],[-62.857852052410465,17.914726081494685],[-62.85785580464489,17.914678670308003],[-62.85785895104987,17.914652051476434],[-62.85786414756617,17.914625728713492],[-62.85789514167043,17.914495396175433],[-62.85790786145925,17.91445367597201],[-62.857925718637446,17.91441371826844],[-62.857958549032105,17.91435097843201],[-62.857975904525695,17.9143213705687],[-62.85799608464278,17.914293451837956],[-62.85799931623199,17.914289773367916],[-62.85800311713167,17.914283748234894],[-62.85800942198386,17.91427566645626],[-62.85801536371963,17.914267335938668],[-62.85802050407693,17.91426146110198],[-62.85802529436089,17.914255320723964],[-62.85803239662131,17.914247869162015],[-62.85803916251088,17.914240136522064],[-62.85807586960513,17.91420213912917],[-62.85802842812002,17.914161174588138],[-62.85799892428616,17.914132703307995],[-62.85797289591385,17.914101278906337],[-62.85795066314294,17.91406728820331],[-62.85790317998849,17.91398485559582],[-62.85777132518159,17.913780325443383],[-62.85770834221587,17.9137043760318],[-62.857567996067075,17.91356132418285],[-62.85735355409525,17.91349677469202],[-62.85727797943532,17.91348089152085],[-62.857277967635284,17.913480889071746],[-62.85727796706894,17.913480888890557],[-62.85723030838366,17.913470874211907],[-62.85723030706213,17.91347087384939],[-62.85723030583487,17.913470873667716],[-62.85677831800509,17.913375891886098],[-62.85673849870655,17.913365308086465],[-62.8564984461515,17.913287730214503],[-62.85624431290861,17.913212285895174],[-62.85621762155776,17.913203299786566],[-62.85600839400671,17.91312430955465],[-62.8559617450856,17.91310306202029],[-62.855827761510064,17.913030888223588],[-62.855792219419534,17.913009155907055],[-62.855759429962184,17.91298376540403],[-62.85570429216777,17.91293595500924],[-62.85566745379158,17.912899166221695],[-62.85552023672303,17.912729698897305],[-62.85549728231139,17.91270037026066],[-62.8554408452199,17.91262008152046],[-62.85544084493695,17.912620081158703],[-62.855440839750116,17.912620073743113],[-62.855363334902094,17.912509819242004],[-62.85477881409416,17.912265743637292],[-62.85464425476429,17.912213828024196],[-62.85461448446164,17.91220973141065],[-62.854527182030466,17.912206848893707],[-62.85440567377822,17.91222982016599],[-62.854213428539644,17.91229222573729],[-62.854013680670064,17.91236221618693],[-62.85398599204952,17.912370775486266],[-62.85394781249172,17.91238104091605],[-62.853974791257755,17.912603499613446],[-62.85401070253691,17.912632442706506],[-62.85401671015697,17.912637788270043],[-62.85402301384543,17.91264281065092],[-62.85428314527348,17.912871656636373],[-62.854285119017696,17.912873405384897],[-62.85479230124948,17.913326006434016],[-62.855228017132,17.913704475095184],[-62.85534598649892,17.913806327977984],[-62.855375033658156,17.913834304359867],[-62.855400724374206,17.913865143690618],[-62.85542275275293,17.913898478682793],[-62.85547795670847,17.91399307349509],[-62.8554926066808,17.914020935943253],[-62.8555046934963,17.91404990345595],[-62.85551412706665,17.914079760574634],[-62.85552083723062,17.914110285076426],[-62.85554048772239,17.91422377145752],[-62.85554528154826,17.914268724542353],[-62.85555279943639,17.91445219594665],[-62.85557168613305,17.914708275945866],[-62.85559097617099,17.914918959750104],[-62.855592380439134,17.91495567226724],[-62.855589885814574,17.91499233163532],[-62.8555835179995,17.915028559423096],[-62.85553549400944,17.915236557115158],[-62.8555182268701,17.915361128966005],[-62.85551626951825,17.915507008071536],[-62.85552030332001,17.915786513177927],[-62.85551963950405,17.915813508373322],[-62.85551687292928,17.915840380888604],[-62.85547547159324,17.916130889931672],[-62.85547136909461,17.916154037239785],[-62.85547073786577,17.91615701004934],[-62.85557219438868,17.91633271833709],[-62.85558902512448,17.916365722787212],[-62.85560227125662,17.91640019146502],[-62.85561179626042,17.91643576877804],[-62.85561750176483,17.916472087682845],[-62.855619328965815,17.91650877330145],[-62.8556183379671,17.916807948812178],[-62.855616401943436,17.91684338095269],[-62.85561084745829,17.916878460881275],[-62.85560172803481,17.91691285068061],[-62.8555891312757,17.91694621914707],[-62.85557317867187,17.916978244954247],[-62.85555402390052,17.917008619724808],[-62.855531851217876,17.917037050831347],[-62.85550687441813,17.917063264468855],[-62.855479333809946,17.91708700827368],[-62.85544949470399,17.917108053582158],[-62.855417644578644,17.917126197597856],[-62.85538409005665,17.917141265739403],[-62.85534915426056,17.917153112723227],[-62.85531317369513,17.9171616245498],[-62.855276494847736,17.917166719314565],[-62.85523947107184,17.917168347838448],[-62.855202458809615,17.91716649438806],[-62.85516581447587,17.917161176944596],[-62.85512989105927,17.91715244674937],[-62.855095034534834,17.917140387668372],[-62.85506158055944,17.917125116009082],[-62.855029851262785,17.917106778890993],[-62.85500015232166,17.917085552706926],[-62.85497276975054,17.917061642126235],[-62.85494796716574,17.917035277200394],[-62.854925983426135,17.917006711915004],[-62.85490703036941,17.91697622147641],[-62.854891290359525,17.91694409941749],[-62.854878915155865,17.916910655065887],[-62.854870023838515,17.916876210559707],[-62.85486470196121,17.91684109759289],[-62.85486300089298,17.916805654431936],[-62.85486368182378,17.91660036505919],[-62.85485803870233,17.916590592010024],[-62.85485321462539,17.916589667910507],[-62.85480988546415,17.91657925915948],[-62.85477729335248,17.9165699172063],[-62.85474571178516,17.916557805461785],[-62.85471539683809,17.916543022097084],[-62.85468659465535,17.91652568705933],[-62.854659538900634,17.916505941075428],[-62.854634449153316,17.916483944295038],[-62.85460266034867,17.916453442879067],[-62.85461042671914,17.916789263715607],[-62.85466217037367,17.91693640259172],[-62.854683668771344,17.916996457537973],[-62.854695195728,17.91703577000105],[-62.85470752341396,17.917089257901434],[-62.854860790378766,17.917640630073475],[-62.854906326663,17.917702514910594],[-62.85514343740814,17.917958417733598],[-62.85527880131157,17.918090236362314],[-62.85566564925896,17.917954954762106],[-62.85598549249772,17.91782188346387],[-62.856328209457494,17.917650622244135],[-62.85633485400312,17.91764738135638],[-62.85678771836951,17.91743185951072],[-62.85681155177486,17.91742051695286],[-62.85687771940925,17.917384758857732],[-62.857276186813216,17.91711100291588],[-62.85731297020424,17.917088690042174],[-62.85735219196235,17.91707057886886],[-62.85746904257397,17.91702436832079],[-62.85750152500841,17.917013157470674],[-62.857852067639804,17.91690924296095],[-62.85785765968,17.916907630476228],[-62.85813048001385,17.91683116069589],[-62.8581391945634,17.916829156754467],[-62.85814779048077,17.916826732698016],[-62.85815720198147,17.916825015790554],[-62.858166517703104,17.916822873632633],[-62.858175393803116,17.916821697209443],[-62.85818419820412,17.916820091124436],[-62.858193741179846,17.916819265616706],[-62.8582032303979,17.91681800792934],[-62.85821218551912,17.916817669991364],[-62.85822111067748,17.916816897902645],[-62.85823068994955,17.91681697167927],[-62.858240264468954,17.916816610419595],[-62.858249211461676,17.91681711442839],[-62.858258172301944,17.916817183504882],[-62.85826769902438,17.916818155958794],[-62.85827726329216,17.916818694763034],[-62.858280312898046,17.91681915678292],[-62.858294296471584,17.9168169715602],[-62.85832953175806,17.91681466532871],[-62.85836483808397,17.91681552006443],[-62.85843478261226,17.91682035334566],[-62.85845779416676,17.91682262352568],[-62.85857019825691,17.91683705510269],[-62.85860296418185,17.916842678933005],[-62.85863508551853,17.91685104291204],[-62.85866631277389,17.916862082141794],[-62.858743730414055,17.916893226957725],[-62.85878379484063,17.916912084819],[-62.85882125468286,17.916935336931875],[-62.85883888585367,17.916947757141568],[-62.85883888632547,17.916947757503458],[-62.85883888774102,17.91694775840835],[-62.85894359716673,17.917021521409048],[-62.85897283265096,17.91704435681126],[-62.85907874424565,17.917135888876274],[-62.85907874471739,17.91713588932855],[-62.85907874575533,17.917135890142784],[-62.85914255600993,17.917191037500533],[-62.85919407830899,17.91723097756018],[-62.85919407962991,17.917230978736164],[-62.8593678498235,17.91736568308524],[-62.85941654788543,17.917402647133066],[-62.859416548168475,17.91740264740443],[-62.859416548640276,17.91740264776632],[-62.859486169975405,17.917455493620132],[-62.85950872059798,17.9174740402241],[-62.859613569093476,17.917567384391557],[-62.8596438405236,17.917597650156583],[-62.859670250712476,17.917631065647445],[-62.85971395391064,17.91769358617938],[-62.85971395504223,17.917693587987927],[-62.85971395560817,17.91769358871143],[-62.859740728700494,17.917731890139606],[-62.8597500243862,17.917744812231376],[-62.85975118667486,17.91774661086556],[-62.85975250662852,17.917748306391513],[-62.85975372042889,17.917750036639898],[-62.859753734861776,17.917750053281498],[-62.85975885851636,17.9177565861662],[-62.859789672200996,17.917793633217908],[-62.85999600933935,17.91799595535241],[-62.86002252212609,17.9180248841514],[-62.860045672679156,17.918056346966225],[-62.8600943031491,17.918130532679005],[-62.86009430446918,17.91813053493963],[-62.86009430626122,17.918130537381362],[-62.86009877143551,17.918137349259858],[-62.86026660135748,17.918383473661322],[-62.860267251434216,17.918384430331667],[-62.860391995449916,17.918568636004803],[-62.86039199554426,17.91856863609526],[-62.86039201525495,17.918568665214],[-62.86054919843789,17.918800723302553],[-62.860566850534155,17.91882963446626],[-62.86058163259727,17.918859985062237],[-62.86059341783644,17.918891514776263],[-62.860602105244936,17.91892395309879],[-62.86061232171214,17.918971075512147],[-62.860612321712075,17.918971075602535],[-62.86061232227653,17.918971078224157],[-62.86061455045597,17.918981355097603],[-62.860619316557035,17.919008489777326],[-62.86063226166586,17.91910437635745],[-62.860636116133165,17.91911028662796],[-62.86064032595329,17.919118422208058],[-62.86064493796817,17.9191263546152],[-62.86064854676544,17.919134309352245],[-62.86065256784513,17.919142080266372],[-62.86065592403139,17.919150570816814],[-62.8606597021143,17.91915889870176],[-62.86066247913081,17.919167153921588],[-62.860665685111215,17.919175264558373],[-62.8606681560013,17.919184029702677],[-62.860671062920254,17.919192671329153],[-62.86067168685729,17.91919542830627],[-62.86071116212101,17.919260511755766],[-62.86083567352482,17.919410236252535],[-62.86099180174702,17.91954107811549],[-62.861010807337756,17.919550197455994],[-62.861102414116736,17.919573767014622],[-62.86110634294114,17.919574799688576],[-62.86126247953893,17.9196167060259],[-62.8612973955537,17.91962786062948],[-62.86140989173067,17.919669735726682],[-62.861450225650586,17.91968742597425],[-62.86163943892469,17.91978366491341],[-62.86168557554232,17.91980668312001],[-62.86170543057796,17.91980352908462],[-62.8617241737718,17.919793750702734],[-62.861758299874424,17.919779907705212],[-62.86179367902435,17.919769333350573],[-62.86182997047974,17.919762129623738],[-62.86186682483772,17.919758365874046],[-62.86190388705613,17.919758078275073],[-62.861940800230336,17.91976126964656],[-62.861977208897855,17.919767909366378],[-62.86201276243738,17.919777933282532],[-62.862047118466855,17.919791244981003],[-62.86207994605334,17.919807716149485],[-62.862110929110585,17.919827188387572],[-62.862139769231064,17.91984947393177],[-62.86216618861081,17.919874358278747],[-62.86218993288081,17.919901601814296],[-62.862210773465655,17.9199309420746],[-62.862228509469816,17.919962096549515],[-62.86224297013063,17.919994765215097],[-62.86225401632683,17.920028633427037],[-62.862261541520404,17.92006337499442],[-62.862265473264905,17.920098655434703],[-62.86226577376981,17.920134134866476],[-62.86226244008672,17.920169471625066],[-62.86225550420133,17.920204325426177],[-62.86224503312556,17.92023836061979],[-62.86223112757318,17.920271249443303],[-62.86221392157987,17.920302675094362],[-62.86220053262653,17.920322197953247],[-62.862200086176536,17.920328716070856],[-62.86219411616175,17.920363477002848],[-62.862184640715405,17.920397516694134],[-62.862171749689566,17.920430512074606],[-62.862155565409374,17.9204621498588],[-62.862136241632086,17.92049212961836],[-62.862113961845196,17.920520166854],[-62.86204461174326,17.92059913636956],[-62.862009128813455,17.92068125058698],[-62.861961038851405,17.920842713397093],[-62.8619491396335,17.920876315780152],[-62.861933857205926,17.920908639859196],[-62.861915338631235,17.920939374264513],[-62.86189376230779,17.920968223104687],[-62.861869335985,17.920994908496088],[-62.861842295061585,17.921019173454077],[-62.86181289975119,17.921040784241107],[-62.86178143328642,17.921059532896322],[-62.86174819861296,17.921075238679464],[-62.861713515838424,17.921087750419126],[-62.8616777190212,17.921096947595213],[-62.86164115277017,17.92110274160191],[-62.86160416941134,17.92110507673998],[-62.8615671250219,17.92110393048513],[-62.86153037640841,17.921099313757],[-62.86149427751856,17.921091271187766],[-62.86145917585394,17.92107988012535],[-62.86142540954305,17.921065250360122],[-62.86139330384886,17.92104752267622],[-62.861363167864845,17.92102686785485],[-62.86133529187258,17.92100348477431],[-62.861309944321604,17.920977598780766],[-62.86128736937656,17.920949458974878],[-62.86126778427483,17.920919336492506],[-62.86125137781822,17.92088752134005],[-62.861238307920125,17.9208543199522],[-62.86122870047482,17.920820052117953],[-62.861222648038236,17.920785047725694],[-62.86122020879159,17.92074964405084],[-62.86122140626113,17.920714181959358],[-62.86122622903725,17.920679003015202],[-62.861234630493975,17.920644446045387],[-62.86128865506492,17.920463059952574],[-62.86130065900726,17.920430049537323],[-62.861289005170164,17.920424235313742],[-62.86128634971681,17.920422897501403],[-62.86111543438558,17.920335965322835],[-62.86104082231907,17.92030819199397],[-62.86090438903243,17.92027157391673],[-62.86077777340324,17.920238996920098],[-62.86074148602511,17.920227751306644],[-62.86070656844381,17.920213059400556],[-62.8606101457126,17.920166793573458],[-62.860582151892736,17.920151907845597],[-62.860555576008316,17.920134805396668],[-62.86053060897407,17.92011560929036],[-62.86031257725693,17.91993288933557],[-62.86028812521989,17.919910466122044],[-62.860265869348964,17.91988603653755],[-62.86010297043222,17.919690150413643],[-62.860091267302884,17.919673747887455],[-62.8600882962755,17.919670182246055],[-62.860080337279065,17.91965842884239],[-62.86007185200621,17.91964653622549],[-62.860068150843844,17.919640435157262],[-62.86006814377277,17.919640421955684],[-62.860068135567744,17.919640409928324],[-62.860016554227485,17.919555366353634],[-62.859995654948676,17.91953515507762],[-62.85997185052005,17.919506977354548],[-62.85995111224478,17.91947666002743],[-62.85993364854886,17.91944450758009],[-62.85991963479665,17.91941084300176],[-62.859909211971484,17.919376004622578],[-62.85990248460148,17.91934034240616],[-62.859884335395975,17.919205903816675],[-62.859884335301906,17.91920590336467],[-62.85988433530205,17.919205903183897],[-62.859874611535,17.919133875603954],[-62.85975822013304,17.918962039660556],[-62.8597582109863,17.918962024559345],[-62.85975820042242,17.91896201054175],[-62.85963376122199,17.91877825409575],[-62.85946440795695,17.918529894419027],[-62.85946075967663,17.918524438016625],[-62.85945449904193,17.91851488700648],[-62.85945449592983,17.918514882304112],[-62.85945449564693,17.918514881851976],[-62.85942732851437,17.918473438162206],[-62.8592455810905,17.918295226679064],[-62.859245580335646,17.91829522604581],[-62.85924557929791,17.918295224960417],[-62.8592358655913,17.918285700368497],[-62.85921064764517,17.91825833717934],[-62.85916460386294,17.918202978912245],[-62.85916146803348,17.91819880365801],[-62.85915803631219,17.9181948481913],[-62.85914968869508,17.918184204509163],[-62.85914612045861,17.918179156707673],[-62.8591351750886,17.91816531442925],[-62.859129334337936,17.918156989178588],[-62.85912933037737,17.91815698284863],[-62.8591293255669,17.918156976698835],[-62.859126671152175,17.91815319289691],[-62.859117200442654,17.918140027418048],[-62.85911587369347,17.91813797422185],[-62.859114370856766,17.918136037135714],[-62.8590861967454,17.91809573109174],[-62.85908619599078,17.91809573018732],[-62.85908619429325,17.918095727655263],[-62.85906695933463,17.918068210513404],[-62.85900521961839,17.918013245046993],[-62.85894725573482,17.917969247589884],[-62.858947254979896,17.91796924704701],[-62.858947254696865,17.917969246775645],[-62.85889703764139,17.917931129709658],[-62.85889401167467,17.917928808457212],[-62.85871873087311,17.917792932716306],[-62.85871873040131,17.917792932354413],[-62.85871872851401,17.917792930997237],[-62.85865932689989,17.917746882705533],[-62.858643922005854,17.91773427066976],[-62.85857258759497,17.917672620487654],[-62.85857258608529,17.91767261922114],[-62.85857258561356,17.917672618768858],[-62.85848069713195,17.917593205772683],[-62.85841460709946,17.917546648271816],[-62.85837732390033,17.917541861448374],[-62.85836331322824,17.917545403183997],[-62.858326088615655,17.917552915976852],[-62.858288263359704,17.917556805706923],[-62.85825022130345,17.917557032792924],[-62.85823410049322,17.917555569522342],[-62.8580727104839,17.91760080602555],[-62.857741465332154,17.91769900006925],[-62.857681036983884,17.917722897472736],[-62.857301453793795,17.917983679834308],[-62.85726691342375,17.918004790032846],[-62.85717423009277,17.918054877716934],[-62.857156692974975,17.91806378160185],[-62.857123968329965,17.918079355642984],[-62.85667444130405,17.91829328935582],[-62.85632311957378,17.91846885066574],[-62.85629888908652,17.91847992812483],[-62.85595637464015,17.918622431915164],[-62.855935426121825,17.91863044438811],[-62.855543522658216,17.918767493884932],[-62.855494174854975,17.918786923954716],[-62.85545787811696,17.9187991850902],[-62.85542046609323,17.918807846002128],[-62.855284455881865,17.918832386150633],[-62.85525237549982,17.918846137248917],[-62.855171700855294,17.91887646736366],[-62.85506126515616,17.91895168907349],[-62.8550571228206,17.91895447080797],[-62.85474044142111,17.91916411300582],[-62.85470895946602,17.919182837186575],[-62.8546757118977,17.919198517258152],[-62.854641019014984,17.919211002241703],[-62.85460521478289,17.91922017171957],[-62.85456864409309,17.919225937460215],[-62.854531659175414,17.91922824395791],[-62.85449461619828,17.919227068972493],[-62.85445787186916,17.919222423888417],[-62.85442178013011,17.91921435344111],[-62.85438668847573,17.919202935171857],[-62.8543529349318,17.919188279244764],[-62.8543208445631,17.91917052681716],[-62.85429072635851,17.919149848681403],[-62.854262870399516,17.9191264440877],[-62.85423754493496,17.919100538391792],[-62.85421499392781,17.919072381154976],[-62.854195434602296,17.91904224352097],[-62.85417905518011,17.919010415683342],[-62.85416601337176,17.918977204263122],[-62.854156434963144,17.918942928963386],[-62.85415041211831,17.918907919946726],[-62.854148002815656,17.9188725144001],[-62.85414923028438,17.91883705328048],[-62.854154082629435,17.91880187806063],[-62.85416251311755,17.918767327565767],[-62.85417444074671,17.918733734448935],[-62.854189750437406,17.91870142229876],[-62.85420829473505,17.918670702296495],[-62.85422989522874,17.918641870234275],[-62.85425434378094,17.91861520380455],[-62.85428140498474,17.918590959799918],[-62.854310818148534,17.918569371764637],[-62.85455194759466,17.918409745056643],[-62.854327207276704,17.918167192170266],[-62.85430098687222,17.918135485320526],[-62.85420440984049,17.91800423442755],[-62.85418641429532,17.917977326402113],[-62.85417097043332,17.917949002478498],[-62.85415819902231,17.917919484015037],[-62.85414819976718,17.917889001392847],[-62.85397549845741,17.917267705777572],[-62.85397166733851,17.917252628350983],[-62.8539621954839,17.917211530620747],[-62.8539472897653,17.91716989155071],[-62.853947005678314,17.91716894968642],[-62.85394663168179,17.917168036859223],[-62.85387619115299,17.916967729012057],[-62.85386587692592,17.916932639205026],[-62.853859305993645,17.916896733484446],[-62.85385654528016,17.916860376883367],[-62.853846690006705,17.916434152611174],[-62.853847962287155,17.9163954436448],[-62.853878514452504,17.916052329762444],[-62.853848746421235,17.915984921138485],[-62.85384789335325,17.915982973563004],[-62.853835862756455,17.915955280813634],[-62.85382051114171,17.915912607458203],[-62.85381176090382,17.91588224714164],[-62.85381081262335,17.91587885239953],[-62.85346832301273,17.916017716251687],[-62.852673282243316,17.916348712416127],[-62.85267026505468,17.91634995358435],[-62.852341695288644,17.9164835042642],[-62.85233733714283,17.916485244972286],[-62.852058611065715,17.916594618335512],[-62.85202366903736,17.916606448176555],[-62.85198768409954,17.91661494230179],[-62.85195100264547,17.916620018993335],[-62.85191397812265,17.916621629258966],[-62.85187696687769,17.91661975773286],[-62.85184032560736,17.91661442222176],[-62.85180440701463,17.916605674334303],[-62.851769557071755,17.916593598123175],[-62.85173611133775,17.916578310082272],[-62.851704392032985,17.916559957336656],[-62.851674704546525,17.91653871655528],[-62.851647334887986,17.91651479250277],[-62.8516225464796,17.9164884154157],[-62.85160057817474,17.916459839283732],[-62.851581641521875,17.91642933949737],[-62.85156591887886,17.91639720968295],[-62.85155356162105,17.9163637592608],[-62.85154468882209,17.916329310461403],[-62.851539385840496,17.9162941948896],[-62.851537703849935,17.916258750902994],[-62.8515396588984,17.916223319634167],[-62.85154523238247,17.916188242550625],[-62.85155437038993,17.91615385729648],[-62.85156698511832,17.916120495072324],[-62.85158295487795,17.916088477110204],[-62.851602125982694,17.916058111873042],[-62.85162431388579,17.916029691711277],[-62.85164930469265,17.916003490423574],[-62.85167685790148,17.91597976018584],[-62.85170670819884,17.91595872965449],[-62.85173856791669,17.915940601347163],[-62.85177213033835,17.91592554983755],[-62.852048670771225,17.91581703415652],[-62.85237355469495,17.915684981672687],[-62.85316874859964,17.915353921912583],[-62.853172078108855,17.915352553978412],[-62.85365938400396,17.915154973704585],[-62.853662036086085,17.91515392594531],[-62.853656188030385,17.915123871864264],[-62.85365329707984,17.915110417942937],[-62.85363322213977,17.91503721635087],[-62.853626344886074,17.9150068962087],[-62.85362220844976,17.914976123210703],[-62.85362084323438,17.914945123979987],[-62.85362104158868,17.914703493603117],[-62.85356117279858,17.914592593840005],[-62.85354793607832,17.91456535589303],[-62.85351957982814,17.91450003901403],[-62.85350642082592,17.91446464089819],[-62.853464873879155,17.914331315974735],[-62.85346233024395,17.914322771678567],[-62.853439783104044,17.914243342527257],[-62.85343978282153,17.91424334162317],[-62.85343978272749,17.914243341171158],[-62.85342834464855,17.91420304754197],[-62.85341819565959,17.914154229585577],[-62.85341394571938,17.91412250824578],[-62.85341066232992,17.914098009642043],[-62.85340873611915,17.91408012422799],[-62.85340311836843,17.91401119994222],[-62.85340200272081,17.913978614965703],[-62.8534039577388,17.91394606619766],[-62.85340896762435,17.913913818459886],[-62.853422277305775,17.913848532949093],[-62.85343115306446,17.91381408475968],[-62.853443513082865,17.913780635348747],[-62.853459238319275,17.9137485067651],[-62.853478177452324,17.913718008559695],[-62.85350014792252,17.91368943426138],[-62.85352493820011,17.913663059118974],[-62.853552309581474,17.913639137210282],[-62.85358199836276,17.913617898822537],[-62.85361371876839,17.91359954855656],[-62.85364716521874,17.913584263159215],[-62.85368201563617,17.913572189718177],[-62.85371793437265,17.913563444669965],[-62.853754575515666,17.913558112085042],[-62.85379158619284,17.913556243399217],[-62.85382861006607,17.913557856512387],[-62.85386529035239,17.91356293606199],[-62.85390127407303,17.913571432974233],[-62.85393621450729,17.913583265460208],[-62.85396977525188,17.913598319561196],[-62.854001632957875,17.913616450416168],[-62.85403148101202,17.913637483258707],[-62.85405903189537,17.913661215588064],[-62.85408402020309,17.9136874188887],[-62.85410620538083,17.913715840711212],[-62.85412537370522,17.913746207475757],[-62.85414134054803,17.913778226642997],[-62.85415395226201,17.913811589878964],[-62.85416308721719,17.9138459758579],[-62.854168657592325,17.91388105342702],[-62.854170609655625,17.913916484770255],[-62.8541689247063,17.913951928753313],[-62.85416361878897,17.913987043815794],[-62.85416015805578,17.914004019779306],[-62.854161045444705,17.91401490646887],[-62.85416313449546,17.914030493096245],[-62.85416407236557,17.9140374933652],[-62.85416867708866,17.914053714586682],[-62.85416867718292,17.914053714767526],[-62.85416867737116,17.914053715490766],[-62.8541900080827,17.91412885840392],[-62.8542246112987,17.914239899218696],[-62.85423939935006,17.914273962227213],[-62.85431349096106,17.914411207128396],[-62.85433021335939,17.91444676314348],[-62.854342838647405,17.914483836488934],[-62.85436360615877,17.914558213381437],[-62.854370721704505,17.914589032071657],[-62.85437500248104,17.91462032750997],[-62.854376415824824,17.91465186105056],[-62.85437621409617,17.91489887741119],[-62.85438645518516,17.914936220038364],[-62.8543910884947,17.914955179728185],[-62.854396741453975,17.914981486561036],[-62.854398100542554,17.91498812541492],[-62.8544351310036,17.915178427140834],[-62.85444381688493,17.91520987383499],[-62.85444996501995,17.915236017797323],[-62.854458445878926,17.915279554495374],[-62.854463069081696,17.915310801196156],[-62.854465972980904,17.915339355791314],[-62.854465973636735,17.91533936202851],[-62.854465973636366,17.91533936248044],[-62.85446802490614,17.91535952870986],[-62.85449051384851,17.91536140460878],[-62.85452421367678,17.915367195230885],[-62.85459136994649,17.915381770614484],[-62.85462912706115,17.915391965371853],[-62.854665575666765,17.915405854524437],[-62.85470032264085,17.91542328846012],[-62.854747971722276,17.915450304542134],[-62.854761516501185,17.915458982580983],[-62.854763243784475,17.91533028975997],[-62.854766494576545,17.915287374565544],[-62.85478885164393,17.91512608670361],[-62.85479176102522,17.915110868887638],[-62.85479447074397,17.915095615038965],[-62.85483346060545,17.91492674834218],[-62.85481895960945,17.914768362227576],[-62.854818455014254,17.91476225684509],[-62.854798928118235,17.914497480807047],[-62.85479828055281,17.914486188552587],[-62.85479145868825,17.914319686349227],[-62.85478771315265,17.91429805485892],[-62.8547217277359,17.914241083873467],[-62.8547208869857,17.914240355811486],[-62.85428287037386,17.913859887843877],[-62.85427913220445,17.913856596676386],[-62.85377107585293,17.91340321443007],[-62.85351797339651,17.913180551373767],[-62.853470967378406,17.91314266626046],[-62.853470966623675,17.9131426655368],[-62.85347096643491,17.913142665446266],[-62.85343712477897,17.913115390097555],[-62.85340674071451,17.913088017470205],[-62.85337969609195,17.913057603211815],[-62.8533563207769,17.91302451879162],[-62.85330290459456,17.912939099905824],[-62.853302903746155,17.912939098278223],[-62.85330290355747,17.9129390980973],[-62.85328532761765,17.912910991673527],[-62.85326662842701,17.912877141213308],[-62.85325177392342,17.9128415872352],[-62.8532409306089,17.912804728652922],[-62.85323422022015,17.912766978898542],[-62.853178821584336,17.91231016276568],[-62.85317750641147,17.912309436508323],[-62.85316867394904,17.91230440441875],[-62.85300219664891,17.912206597531934],[-62.852968383966335,17.912184219469456],[-62.85293731202919,17.91215845585913],[-62.852909348994196,17.912129611946167],[-62.85282445602138,17.91203187559705],[-62.852822121676596,17.9120291614089],[-62.85272363838726,17.911913509076978],[-62.852710447825736,17.911897079124895],[-62.85253022769507,17.911658763196822],[-62.85248533316236,17.911618886681953],[-62.85239167766825,17.911611474795965],[-62.85218983455535,17.9116029202999],[-62.85218983351686,17.911602920208722],[-62.8521898331392,17.911602920208434],[-62.85216700735463,17.91160195272164],[-62.85188073185923,17.911593665736667],[-62.8518628498869,17.911592741476245],[-62.851752391346686,17.91158451349306],[-62.85171820983845,17.91158045917409],[-62.851684556215694,17.91157344037798],[-62.85165171056024,17.911563515527742],[-62.85161994604138,17.91155076717461],[-62.85158952683926,17.911535301363717],[-62.85156070587953,17.91151724672852],[-62.85139084754204,17.911399912300666],[-62.85137220415125,17.911386168462137],[-62.85126332089955,17.91130059727232],[-62.851232954657135,17.91127334317716],[-62.851232891399796,17.911273342586476],[-62.85119504004363,17.911269313842336],[-62.85115780503553,17.911261656073332],[-62.8511215650101,17.911250446940752],[-62.85108668846876,17.911235800705107],[-62.85105353009926,17.91121786605401],[-62.85103158037027,17.911204553328925],[-62.85102098376488,17.9111974055499],[-62.85099743680379,17.911186721678362],[-62.85096566322464,17.91116845662358],[-62.85093591273192,17.9111472981089],[-62.8509084717989,17.911123449725412],[-62.85088360468903,17.911097141259468],[-62.85086155100334,17.911068626069593],[-62.850842522944404,17.91103817873421],[-62.85082670390229,17.91100609251971],[-62.8508142461911,17.910972676395925],[-62.850805269729726,17.91093825214265],[-62.85079986100573,17.910903151456463],[-62.85079807213451,17.910867712153735],[-62.85079992029496,17.910832275639322],[-62.85080538773272,17.910797183291105],[-62.85081442176319,17.910762772844514],[-62.85082693534026,17.910729375862147],[-62.85084280800379,17.910697313938257],[-62.850853554035055,17.910680181097383],[-62.85085173500642,17.910681472598615],[-62.850819945633575,17.91069971227719],[-62.85078644180334,17.910714881003813],[-62.85075154634749,17.91072683286948],[-62.85071559510156,17.91073545279729],[-62.85067893454348,17.910740657625354],[-62.85064191754384,17.910742397278575],[-62.85060490072198,17.910740655037774],[-62.85056824048039,17.91073544762707],[-62.85053228998332,17.910726825301907],[-62.85049739538071,17.910714871032688],[-62.85046389269293,17.910699699960038],[-62.850432104696125,17.910681458126923],[-62.8504023374297,17.91066032130094],[-62.85037487755444,17.910636492983723],[-62.85034998961593,17.910610202601028],[-62.85032791321379,17.910581703512015],[-62.850308860927015,17.91055127011522],[-62.85029301642776,17.910519195406618],[-62.85028053212316,17.9104857884469],[-62.85027152821426,17.910451370745264],[-62.85026609156507,17.910416273998827],[-62.85026427447866,17.910380836024252],[-62.850266094416135,17.91034539822667],[-62.85027153390553,17.910310301803378],[-62.85028054044991,17.910275884851366],[-62.850293027380275,17.910242478752515],[-62.850308874424535,17.910210405191297],[-62.85032792903204,17.91017997317303],[-62.85035000760371,17.910151475680607],[-62.850500625419606,17.9099757887608],[-62.850500625797636,17.90997578830916],[-62.85050062598662,17.90997578812853],[-62.850906841621374,17.90950196098327],[-62.85090664417819,17.90948301336903],[-62.85090678528553,17.90947956105569],[-62.85090664107489,17.909476108342993],[-62.85090771293789,17.90936362354957],[-62.850903574221434,17.908775691946097],[-62.850903577527646,17.908770380899146],[-62.850906097004554,17.908467016950443],[-62.85090817245197,17.90843193103047],[-62.85091379611746,17.908397203681936],[-62.850922914853264,17.90836316314938],[-62.85093544247297,17.908330130872873],[-62.85095126069767,17.908298419048254],[-62.85097022010305,17.908268327193213],[-62.850992141443285,17.9082401397079],[-62.85101681773069,17.90821412289376],[-62.85104398318315,17.90818813934569],[-62.851053365354424,17.908179469916014],[-62.85115523737337,17.90808853717659],[-62.85118557172598,17.908064176851294],[-62.85121840347825,17.908042990923676],[-62.85129610481455,17.907998335853858],[-62.85129611917149,17.907998328453093],[-62.85129613305756,17.907998319605774],[-62.85134384388355,17.90797090551871],[-62.85134699626141,17.9079692900894],[-62.85135000485423,17.907967440990195],[-62.85157744739116,17.907842296415726],[-62.851920463173435,17.907618744900763],[-62.85209087872719,17.907506958727403],[-62.852098043920925,17.90750237269283],[-62.852159965366646,17.907463712311632],[-62.85200344201563,17.907419765601187],[-62.85160647465788,17.907310289675742],[-62.851587373772084,17.907304492422423],[-62.851516008121045,17.90728081986698],[-62.85148136218593,17.907267455926302],[-62.85144826474688,17.90725088071652],[-62.85141703950514,17.907231256459053],[-62.85138799191516,17.907208775098866],[-62.85133999847855,17.907167711784293],[-62.851313490469515,17.907142674128984],[-62.85128968691269,17.907115259007853],[-62.851268819273876,17.907085732788467],[-62.85125109039403,17.90705438269592],[-62.85123667269834,17.907021513376698],[-62.851219838219215,17.90697712048601],[-62.851209343758036,17.906944805072207],[-62.851202051112054,17.906911691818824],[-62.851191716573204,17.906850763070537],[-62.85118766152872,17.906816735857564],[-62.85118698766391,17.90678249393908],[-62.851189701140534,17.90674834463567],[-62.85119577743713,17.90671459434041],[-62.85120516220104,17.90668154589833],[-62.85121777106196,17.906649495804253],[-62.85123349105027,17.906618731763466],[-62.85127249275334,17.906550763415126],[-62.85129355185565,17.906518264673483],[-62.8513180789536,17.906488077424452],[-62.85139342310088,17.906404834284988],[-62.851417928544734,17.906380203186774],[-62.85144474345167,17.906357885947926],[-62.851473630494276,17.906338080153215],[-62.85150433385927,17.90632096113818],[-62.85160952062576,17.906268494408977],[-62.85165341068843,17.906241830520074],[-62.8516092590751,17.906120285976826],[-62.851514259673785,17.905916453522426],[-62.85149175072374,17.90587974373822],[-62.85147389627163,17.90586346370507],[-62.85146400302286,17.9058535119563],[-62.85145388385811,17.905843774523035],[-62.85130376521117,17.9056843887474],[-62.851058271689375,17.905456505928797],[-62.85089614114981,17.90531782671984],[-62.850736390615836,17.90519210365023],[-62.850705897094144,17.90516529262356],[-62.850542029664396,17.905004494894374],[-62.85053305547678,17.90499537807599],[-62.850386356416784,17.90484107586401],[-62.85027166996135,17.904727311079856],[-62.85025449902396,17.90470907792526],[-62.85014603917295,17.904585733667417],[-62.85012359152551,17.904557502164174],[-62.850104142338104,17.90452730008943],[-62.85008787896024,17.904495418363435],[-62.85007495794942,17.904462164061886],[-62.8500655037521,17.904427857251385],[-62.850059607478514,17.904392828547966],[-62.85005732586744,17.90435741522966],[-62.85005868081672,17.90432195834373],[-62.85006365948066,17.904286799272],[-62.85007221361175,17.90425227674765],[-62.850084261074464,17.904218723150457],[-62.85009968575327,17.904186461704782],[-62.85011833916071,17.90415580295574],[-62.85014004157236,17.904127042329677],[-62.85016458391811,17.90410045670092],[-62.85019173004983,17.90407630213394],[-62.85022121834866,17.904054811263382],[-62.85025276493678,17.904036191036926],[-62.85028606594493,17.90402062081894],[-62.85032080062943,17.90400825049481],[-62.85035663467762,17.903999199208073],[-62.850393222757795,17.90399355418741],[-62.85043021257964,17.903991369755516],[-62.8504672479157,17.9039926668795],[-62.850503972188726,17.90399743326405],[-62.85054003158771,17.904005622721087],[-62.85057507893743,17.904017156618938],[-62.85060877662508,17.904031923794165],[-62.85064080028105,17.904049782090958],[-62.85067084132695,17.90407055944766],[-62.85069861056165,17.904094055707233],[-62.85072384051977,17.904120044788346],[-62.850824038419574,17.90423399299444],[-62.85093364924258,17.904342722449314],[-62.850937285555986,17.904346703167278],[-62.850941199080154,17.904350434086897],[-62.85108721028708,17.904504012356934],[-62.85123203011668,17.904646118858754],[-62.85138176749932,17.904763961353392],[-62.85139356452352,17.90477364168192],[-62.851567233161234,17.904922189693803],[-62.85157850657987,17.904932235588934],[-62.851838626426364,17.905173694814913],[-62.85185620805907,17.9051911476508],[-62.852005196453334,17.905349332894534],[-62.852051043158106,17.905391136767626],[-62.85207530823148,17.905415418793666],[-62.85209711360442,17.90544175281228],[-62.852116270830784,17.905469911267307],[-62.85217625256105,17.90556773480471],[-62.85219544651554,17.90560344376017],[-62.8523055502353,17.905839682426034],[-62.85231736960925,17.905868245559567],[-62.85240841130697,17.90611887016049],[-62.8524157491399,17.906141418338674],[-62.852433746253304,17.906203830665962],[-62.85244160154929,17.906237128060262],[-62.85244614176641,17.906270986323506],[-62.852447326272,17.906305103622838],[-62.85244655271557,17.90635800294586],[-62.85244431555231,17.906392559824393],[-62.85243863595063,17.906426753358506],[-62.85242956600016,17.9064602700348],[-62.85241718884732,17.906492802419187],[-62.85240161803186,17.90652405222958],[-62.85238299635211,17.90655373277549],[-62.85234130922605,17.906613493978227],[-62.852307206292124,17.906655363030975],[-62.85226024984243,17.90670501494831],[-62.85223623915417,17.906728206843372],[-62.85223313686821,17.906730705858635],[-62.85258363696421,17.906829114668444],[-62.852600871640576,17.906834385895056],[-62.85280394427196,17.90690167001049],[-62.852834163987076,17.90691309879931],[-62.85284286999314,17.90691681332824],[-62.852843112602514,17.90691673577883],[-62.85287747804331,17.90690907226229],[-62.85291244062927,17.906904512900397],[-62.85294769509431,17.90690309732289],[-62.85298293373996,17.906904838132167],[-62.85301784879636,17.90690972000122],[-62.85305213553727,17.90691770030865],[-62.85308549454561,17.906928709411574],[-62.8531004710172,17.906934414374238],[-62.85317999874325,17.906964684341887],[-62.85325019419416,17.906990607127785],[-62.85332944163653,17.9070198727138],[-62.853340988658665,17.907024347798796],[-62.85373559599205,17.90718457949861],[-62.8537439654147,17.907187760902932],[-62.85377772245535,17.90720246873307],[-62.8538098097309,17.907220275578023],[-62.85389786044839,17.90727483873692],[-62.853906204646975,17.90728058466626],[-62.85391480244621,17.90728597502227],[-62.853920116732404,17.907289675839884],[-62.85392647049309,17.907294539814533],[-62.85392794693435,17.90729555651112],[-62.85392942073662,17.907296798269403],[-62.85394702312798,17.90731027345012],[-62.8539718569268,17.907333132702252],[-62.85402628242464,17.907388019466733],[-62.85405956029401,17.907426609489164],[-62.854104590212316,17.90748688257989],[-62.85412655426584,17.90751992871845],[-62.85414465533454,17.907555055742016],[-62.854189651299414,17.907655788727745],[-62.85420100643658,17.90768453090516],[-62.85420977116437,17.907714092488373],[-62.85424627790597,17.907860673337716],[-62.8542530250642,17.907895066039803],[-62.85426363871326,17.907968640792046],[-62.85428858345167,17.908109668723537],[-62.8543062251854,17.908195673874534],[-62.85432338579973,17.908224806522554],[-62.85433833868111,17.908257271080153],[-62.85434989573746,17.908290982514977],[-62.854357945730314,17.908325616074237],[-62.85436241103919,17.908360838262574],[-62.85436272387126,17.908374086520862],[-62.85438889172206,17.908407608768623],[-62.85443125179586,17.908461874198455],[-62.85443411486433,17.908465591245935],[-62.85443826364689,17.908471050108766],[-62.85443828222415,17.90847107723877],[-62.8544383033522,17.90847110238216],[-62.854439398596405,17.90847254406061],[-62.85443945490064,17.90847261812968],[-62.85444100378611,17.908474655797797],[-62.85444102028878,17.908474679853086],[-62.85444103896445,17.908474702102254],[-62.85444424349544,17.908478919335508],[-62.85444426820522,17.908478951802927],[-62.85444426848809,17.90847895225507],[-62.854469519389525,17.908512174715455],[-62.85450607659119,17.908549307270516],[-62.85458679005214,17.908561415185183],[-62.85465304393165,17.908569830082623],[-62.85466604662325,17.90857005880025],[-62.854691014239265,17.90856666289256],[-62.85471454582242,17.908561303969257],[-62.854736242642424,17.908546357679302],[-62.85473624878274,17.9085463534357],[-62.854736248971655,17.90854635334545],[-62.85474120769382,17.908542937253856],[-62.85474123934005,17.908542915403824],[-62.854741276748655,17.90854288967144],[-62.85474286746616,17.908541793289185],[-62.85474540374294,17.908540220098022],[-62.85474702214082,17.908539102405047],[-62.85476135002198,17.90852911783076],[-62.85478069431816,17.90851698126817],[-62.854853294495,17.908467569143735],[-62.85485428364172,17.908466898125127],[-62.8549479420454,17.908403585864324],[-62.85494976162581,17.908402479798717],[-62.854951473694236,17.9084012273164],[-62.85495505765277,17.908398862751472],[-62.85495508230649,17.908398848127153],[-62.85495510516807,17.908398831422584],[-62.854970014488565,17.908388998031487],[-62.85497151326277,17.908387995762073],[-62.854972574607736,17.908387357878304],[-62.85497357125909,17.90838662919776],[-62.85503686293671,17.908344900284643],[-62.855041817482885,17.908333015642068],[-62.855058862938286,17.908301510384888],[-62.855079051865566,17.908271756274655],[-62.855102189823114,17.90824404005404],[-62.85512805415662,17.908218628378737],[-62.85515639560542,17.90819576610138],[-62.85518694123169,17.908175673471753],[-62.85521939697135,17.9081585438791],[-62.855253450184414,17.90814454231742],[-62.855288772960854,17.908133803670705],[-62.855325025142825,17.908126431268943],[-62.8553618575353,17.9081224961675],[-62.855398915399824,17.908122036336216],[-62.855435841948214,17.90812505611971],[-62.855472281457864,17.908131526420473],[-62.85550788314249,17.908141384882462],[-62.85554230398372,17.90815453670674],[-62.855575212601536,17.908170855196598],[-62.85558783927798,17.908178707627926],[-62.85563251648291,17.908153741350326],[-62.8556325175219,17.90815374080877],[-62.85563251827757,17.908153740357392],[-62.85564846599903,17.908144828637255],[-62.855440265873675,17.907880724676467],[-62.85541941863856,17.90785138963111],[-62.855401675193924,17.90782023965835],[-62.855387206466034,17.907787574699746],[-62.85537615174067,17.907753709225556],[-62.85536861743804,17.907718969522183],[-62.855364676171675,17.907683690075945],[-62.85536436590116,17.907648210680048],[-62.855367689557355,17.90761287299962],[-62.85537461523389,17.907578017408287],[-62.855385076190075,17.907543979553466],[-62.85539897160883,17.907511087193395],[-62.855416167732216,17.907479657124906],[-62.85543649890268,17.907449992020602],[-62.85545976935909,17.907422377628297],[-62.85548575503314,17.90739707987999],[-62.85551420562839,17.907374342272217],[-62.85554484717107,17.90735438396988],[-62.855577384466926,17.907337397096548],[-62.855611504218,17.907323545290534],[-62.855646877950804,17.90731296189945],[-62.85568316484957,17.907305748807275],[-62.85572001553343,17.90730197553331],[-62.85575707507814,17.907301678420975],[-62.85579398660397,17.907304860278913],[-62.855830394579904,17.90731149056424],[-62.8558659484112,17.90732150538514],[-62.8559003057431,17.907334808226445],[-62.855933135670014,17.907351271036607],[-62.85596412203897,17.90737073522437],[-62.85599296637499,17.907393013378222],[-62.85601939090089,17.907417890986007],[-62.856043141273595,17.907445128425334],[-62.85625573806949,17.907714808628],[-62.856344325376384,17.907810422877297],[-62.856373056263294,17.907845586374375],[-62.85644120835873,17.90794054203298],[-62.856566667613315,17.908013177164463],[-62.856849598212065,17.908160685666406],[-62.85693448814354,17.90819159907233],[-62.85702736236389,17.90820692862437],[-62.8570273624583,17.908206928624438],[-62.857027421836264,17.908206938429856],[-62.85712071937694,17.908222323203695],[-62.85727594803164,17.908218620142048],[-62.857312998251004,17.908219477783593],[-62.85734978228142,17.908223807892377],[-62.85738594582583,17.908231568992473],[-62.85742114065626,17.908242686079067],[-62.85745502772804,17.908257052247674],[-62.857487280861484,17.908274529148787],[-62.857517589289834,17.908294948435834],[-62.85754566124551,17.90831811348516],[-62.857571226318996,17.908343801115052],[-62.857594038289335,17.90837176402822],[-62.857613877482684,17.908401732982718],[-62.85763055294199,17.908433419143623],[-62.85764390384041,17.908466517609046],[-62.85765380184004,17.908500709490767],[-62.85766015137235,17.908535665529865],[-62.8576628915242,17.908571048990478],[-62.857661995751876,17.90860651927503],[-62.85765747282302,17.90864173472695],[-62.85764936605869,17.90867635615515],[-62.85763775380277,17.908710050178808],[-62.857622747720335,17.908742492208784],[-62.85760449232276,17.908773369972504],[-62.8575831634553,17.908802385953294],[-62.85755896650054,17.9088292608238],[-62.85754842171624,17.908838879232995],[-62.8575563803426,17.90884579550696],[-62.857581248132114,17.908872103131174],[-62.85760330262923,17.90890061757178],[-62.85762233162226,17.908931064259477],[-62.857638151710084,17.908963149935904],[-62.85765061056573,17.908996565637956],[-62.85765958825594,17.90903098959116],[-62.857664998277485,17.909066090102748],[-62.857666788498335,17.909101529358594],[-62.85766494172225,17.909136965954463],[-62.85765947568601,17.909172058511448],[-62.85765044305658,17.909206469291483],[-62.85763793086275,17.909239866727784],[-62.85762205954807,17.909271929220402],[-62.85760298193006,17.909302348027907],[-62.85758088187612,17.909330830158847],[-62.85755597203537,17.909357101352857],[-62.857445765604616,17.90946244626311],[-62.8574211079792,17.909484017770616],[-62.85739455568785,17.9095034191407],[-62.85736631665709,17.90952049849404],[-62.857336611733864,17.909535122219015],[-62.85730567326844,17.909547175965013],[-62.85719283402624,17.909585663143133],[-62.85716068649242,17.90959510650577],[-62.857127788983114,17.909601774792872],[-62.8570944023131,17.90960561513843],[-62.85698830338053,17.90961325173357],[-62.85695882024441,17.90961426743786],[-62.85692934425927,17.909613076796077],[-62.856846085916445,17.909606587248128],[-62.85679394103595,17.909598984848582],[-62.856638293819984,17.909565503892654],[-62.856606375001036,17.909562763796195],[-62.856259612824985,17.90953961260505],[-62.856205377345375,17.909532177527662],[-62.85608184640702,17.90950637292187],[-62.85604942381109,17.90949814035676],[-62.85604492806662,17.90949679162084],[-62.85604492636753,17.909496791167648],[-62.85574868348642,17.909407922955175],[-62.8557192493304,17.909397793609582],[-62.85570140360755,17.90939000113087],[-62.85568825679047,17.909394426221333],[-62.85535094786254,17.909511454577732],[-62.85531568315604,17.909521853872466],[-62.85520710183085,17.909548389381005],[-62.85517351579369,17.90955505818094],[-62.85513943628447,17.909558782070373],[-62.854813740469105,17.909580085825862],[-62.854811446097095,17.909580229185377],[-62.854658443188086,17.909589341325997],[-62.85465843733415,17.90958934168317],[-62.85465843714531,17.90958934168303],[-62.854643307920654,17.909590242931053],[-62.8546066305077,17.90959071907991],[-62.85457007785643,17.909587786550144],[-62.85454831621954,17.90958397891427],[-62.85463374025094,17.90972817529509],[-62.854633783433165,17.90972824808887],[-62.85463378371597,17.909728248631406],[-62.85463478114899,17.909729931388092],[-62.85463480037973,17.90972996782841],[-62.85463482291686,17.90973000192115],[-62.854655092132994,17.90976421588477],[-62.85466450972198,17.90978114363522],[-62.85470961817457,17.9098676812892],[-62.854722375771175,17.90989491501527],[-62.85473274357533,17.909923063480786],[-62.85474755913893,17.90996928941094],[-62.85475463458837,17.909994602689338],[-62.854792595373894,17.910153224944747],[-62.85484130451558,17.910338542239252],[-62.85484247204802,17.910341782670365],[-62.854843951874024,17.910347726628622],[-62.85484582794702,17.910353566304657],[-62.854874034748086,17.91045963659321],[-62.85487532575735,17.91046464020486],[-62.85491582080725,17.91062653831739],[-62.854946914523474,17.910734910099855],[-62.854973221849185,17.910822603731685],[-62.85499798191017,17.910880134068012],[-62.85500516623463,17.910886120599233],[-62.85502982646218,17.910903064748535],[-62.855038092061086,17.910906100948807],[-62.85511826296894,17.910914394544818],[-62.85511826523459,17.91091439490805],[-62.85511826731163,17.910914394999985],[-62.85512113670497,17.910914691888166],[-62.855121137082634,17.910914691888443],[-62.85512114482397,17.9109146927077],[-62.85518743825594,17.91092155008857],[-62.85545205231392,17.91094063272649],[-62.855486327880556,17.910944619753877],[-62.855520079772006,17.910951586987867],[-62.85569035459972,17.910994620034316],[-62.855722197564376,17.911004126053747],[-62.85575304023629,17.91101628481743],[-62.85578264193621,17.9110310014219],[-62.855810771819726,17.911048161176378],[-62.85593022269264,17.911128341557596],[-62.85595824641358,17.911149095360464],[-62.85598411524753,17.911172272014824],[-62.85600760163129,17.911197667440092],[-62.85602849869375,17.911225058137827],[-62.85612002021965,17.91135765936492],[-62.856142965509235,17.911395754739768],[-62.856158166520025,17.91142496576421],[-62.85619451243168,17.911494640410577],[-62.856209518120075,17.911527358301594],[-62.85628207641295,17.911709526314795],[-62.85629565438583,17.911750923368054],[-62.85632246267972,17.91185391834427],[-62.85632961000399,17.91188847621552],[-62.85633321032005,17.911923535827125],[-62.856338968312386,17.912035358719756],[-62.85633897105386,17.912050943335842],[-62.856339168198865,17.91206652447993],[-62.85633897414034,17.91206867825847],[-62.85633897447662,17.912070839411488],[-62.85633738204437,17.912086344122795],[-62.85633598257635,17.912101873742557],[-62.856335568836414,17.912103999338942],[-62.856335347966606,17.912106149753352],[-62.85633217596066,17.912121429500225],[-62.85632919303171,17.912136753947387],[-62.856328563687065,17.91213883030443],[-62.8563281237045,17.912140949735097],[-62.856323401413185,17.912155861817944],[-62.85631886488574,17.912170828993087],[-62.8563180262786,17.912172835597598],[-62.85631737116449,17.91217490434306],[-62.8563111432667,17.91218930507932],[-62.85630509772559,17.912203770938262],[-62.85630405789635,17.91220568890526],[-62.8563031939929,17.912207686452323],[-62.856295521689404,17.912221433346623],[-62.856288024081096,17.912235262350602],[-62.85628679267446,17.91223707379054],[-62.856285728589306,17.912238980350754],[-62.85627668704766,17.91225193932396],[-62.85626780838339,17.91226500001198],[-62.85623328637546,17.912310708514468],[-62.856233286280975,17.91231070860478],[-62.85623328599737,17.91231070905651],[-62.85622007358619,17.91232820273338],[-62.85621263007552,17.912337103333726],[-62.856205518142744,17.91234624777171],[-62.85620105550085,17.91235094378346],[-62.8561969104505,17.91235590025392],[-62.85619533388485,17.912357446513937],[-62.85618716980966,17.912366562244095],[-62.856231130311855,17.912417166604747],[-62.85623508685209,17.9124205973637],[-62.85630957954494,17.91246072472916],[-62.856481551555035,17.912525649795544],[-62.856726647504104,17.91259841115405],[-62.856735581791845,17.912601180410036],[-62.85696047594367,17.91267385953321],[-62.85721983043456,17.912728361013247],[-62.85737212619549,17.91263756039129],[-62.85740183007252,17.912621583936453],[-62.85743291701206,17.912608235226415],[-62.85746513408392,17.91259762290118],[-62.857595343344215,17.91256093073249],[-62.8576268755662,17.912553439755122],[-62.85765896368765,17.912548570853694],[-62.85769137013202,17.912546360189772],[-62.857884959613585,17.912541148681687],[-62.85799618901613,17.91252197926402],[-62.85797431846576,17.91249884303514],[-62.85795226346849,17.912470328643558],[-62.85793323404593,17.912439881996118],[-62.85791741360126,17.912407796352586],[-62.85790495446211,17.912374380677278],[-62.85789597656113,17.912339956745694],[-62.85789056639972,17.912304856251296],[-62.857888776107124,17.912269417008613],[-62.857890622875956,17.912233980421927],[-62.85789608896525,17.912198887869813],[-62.85790512170336,17.91216447708967],[-62.857917634056655,17.912131079647313],[-62.85793350557675,17.912099017141408],[-62.85795258344146,17.912068598311937],[-62.857974683778956,17.912040116148763],[-62.85799959393618,17.912013844910593],[-62.85802707389714,17.911990037595206],[-62.85805685902275,17.91196892359145],[-62.85808866250776,17.91195070605987],[-62.85812217802542,17.911935560578847],[-62.85815708284482,17.911923632977658],[-62.85819304085313,17.911915038073275],[-62.858229705577614,17.91190985867837],[-62.858266724151626,17.911908144700334],[-62.85828095881621,17.911908155067547],[-62.85830761054801,17.911900705798352],[-62.85832887212503,17.911890401705307],[-62.858330027631496,17.91188676636827],[-62.858330968410044,17.91187163708432],[-62.85830694025415,17.911775382932998],[-62.85821547603023,17.911447122677018],[-62.85820876493138,17.911418383580767],[-62.858200585214625,17.911375154559487],[-62.85819540892312,17.911335257854383],[-62.85819489158067,17.911295057589747],[-62.858197678559286,17.91123348799853],[-62.85820117595194,17.91119763745996],[-62.858208380789144,17.911162297687845],[-62.85821922169577,17.911127819331313],[-62.858241153856014,17.91106887587006],[-62.85825719084842,17.9110322697898],[-62.858277323063675,17.91099756743866],[-62.85830130771115,17.91096518713042],[-62.858319860447345,17.91094284856606],[-62.8583362276608,17.91092313867061],[-62.85833625846942,17.91092310154399],[-62.85833625856399,17.910923101363277],[-62.85833822171498,17.91092073673185],[-62.858363804042824,17.910892968580963],[-62.85839221867585,17.910867850826698],[-62.85842316771616,17.91084564690999],[-62.8584563264771,17.910826589611183],[-62.85849134726141,17.91081087888357],[-62.85855838338839,17.910784724425564],[-62.85860005360584,17.91077111955681],[-62.85864309445507,17.9107622498747],[-62.8587046504596,17.91075312029661],[-62.858738376104874,17.91074959455961],[-62.85877229610851,17.910748980594324],[-62.85880613685531,17.91075128326383],[-62.85883962512623,17.91075648402144],[-62.858872490741916,17.910764540912606],[-62.85894907152032,17.910786867790897],[-62.858986178771644,17.910799750606916],[-62.85902167886263,17.910816270870818],[-62.859055183799676,17.910836248161168],[-62.859086327805834,17.910859464291068],[-62.85916696162649,17.910926336733635],[-62.85918245546149,17.91093992678508],[-62.85931913381455,17.9110666849448],[-62.85932197284002,17.911069345730795],[-62.859536370950366,17.91127241101214],[-62.859612718159504,17.911343085016046],[-62.859641826164,17.911373277464453],[-62.8596671679045,17.911406436495877],[-62.85971771546852,17.91148114164113],[-62.85973458925564,17.911508671222315],[-62.85974886097724,17.911537518215297],[-62.85976041939948,17.91156745792878],[-62.85976917453861,17.911598256828768],[-62.859769222718114,17.911598461499654],[-62.85979038917503,17.911604515145125],[-62.8598246892656,17.91161795455145],[-62.85985744820351,17.911634547800034],[-62.859888350580924,17.911654135131535],[-62.85991709866785,17.911676527875578],[-62.859943415620776,17.91170151035128],[-62.859967048030086,17.911728842038208],[-62.85998776827884,17.911758259656995],[-62.86000537690092,17.911789479972995],[-62.86001970418435,17.91182220214739],[-62.860030612245644,17.91185611126381],[-62.86003799597228,17.91189088058859],[-62.86004178434162,17.911926175367984],[-62.860041940702004,17.91196165572072],[-62.86003846371448,17.911996979802208],[-62.86003138678344,17.912031807600396],[-62.86002077805464,17.912065803647376],[-62.86000673975162,17.91209864045364],[-62.85998940704027,17.912130001851608],[-62.85996894679917,17.912159585887167],[-62.8599455561069,17.912187107530194],[-62.85991946025699,17.91221230174641],[-62.85989091048998,17.91223492593618],[-62.85986018182014,17.912254762192678],[-62.85982757010683,17.912271619559515],[-62.85979338959844,17.912285335565617],[-62.85975796924852,17.912295778211075],[-62.859680326115566,17.912314730622935],[-62.859680313839746,17.912314732964145],[-62.85968030146843,17.912314736661084],[-62.85954700880263,17.912347263694713],[-62.859399424560905,17.912388386508166],[-62.85938644545877,17.91239176420148],[-62.85936805834604,17.912396214223502],[-62.859368056268636,17.91239621458355],[-62.859368054568726,17.912396215124648],[-62.85928486975298,17.91241634653861],[-62.85921615794241,17.91252940386247],[-62.85910635573883,17.91272749117088],[-62.859089047204385,17.91275557886693],[-62.8590691654126,17.912782059153628],[-62.859046872078075,17.912806716664786],[-62.858948828201044,17.912905754948493],[-62.8589231260221,17.91292937865846],[-62.85889521265266,17.912950578390348],[-62.858788445940014,17.91302408498146],[-62.85875171586512,17.91304641707943],[-62.85864070223294,17.9131056122461],[-62.858602944685806,17.91312318812934],[-62.858563382622066,17.913136643306917],[-62.858403907227085,17.91318149484717],[-62.85836973165467,17.91318947193442],[-62.85825958758867,17.91321003132923],[-62.85826965161206,17.913220289266356],[-62.85829015406443,17.913243007690422],[-62.8583767730974,17.913347458674473],[-62.85840237303193,17.913382376440364],[-62.858550810348234,17.91361262772216],[-62.85856013859729,17.91362792346002],[-62.858581447078585,17.913664915536565],[-62.85864288483833,17.9137179654516],[-62.85872448042425,17.91377439400639],[-62.858776800576635,17.913806609297936],[-62.858781189541794,17.913802749795984],[-62.8587976779731,17.913789407176882],[-62.8589136901322,17.913641479764486],[-62.858914615393935,17.913640304952732],[-62.859147670060594,17.913345640237814],[-62.85913563931791,17.913333803488545],[-62.85911112781344,17.913307190729245],[-62.859089459097454,17.913278406037836],[-62.85907084189223,17.913247726783286],[-62.859055455447745,17.91321544820978],[-62.85904344793838,17.91318188126622],[-62.85903493504933,17.91314734935126],[-62.85902999875206,17.91311218478726],[-62.8590286866454,17.91307672637937],[-62.8590310112034,17.913041315618695],[-62.85903695015547,17.913006293519057],[-62.85904644630036,17.9129719973629],[-62.85905940816969,17.912938757357477],[-62.85907571088022,17.912906893652746],[-62.85909519745815,17.91287671326918],[-62.8591176803526,17.91284850657381],[-62.859142942853325,17.91282254547356],[-62.8591707417372,17.912799079892125],[-62.85920080934687,17.91277833578301],[-62.859232855952875,17.912760512961995],[-62.85926657315423,17.912745783030736],[-62.85930163614551,17.912734287841865],[-62.859337707116865,17.91272613814572],[-62.85937443893702,17.91272141241796],[-62.859411477702885,17.91272015622873],[-62.85944846670555,17.912722381522467],[-62.85948504973437,17.912728066981824],[-62.85952087447595,17.912737157849328],[-62.859555596006956,17.91274956656263],[-62.859588879909126,17.91276517357019],[-62.859620405478225,17.91278382859898],[-62.85964986940511,17.912805352103277],[-62.85967698766294,17.91282953662184],[-62.85974431049594,17.91289577374122],[-62.85974431059029,17.91289577383168],[-62.85974431077897,17.912895774012583],[-62.859750509086034,17.912901872370757],[-62.85975099674212,17.912902353038678],[-62.85975429485481,17.91290561007037],[-62.85975429966632,17.912905614773962],[-62.85975430013797,17.912905615316628],[-62.859795950485825,17.91294674474557],[-62.859824710939925,17.912938997789176],[-62.85986337988457,17.9129326304006],[-62.8599025302285,17.912930138331415],[-62.8599417393491,17.91293154830286],[-62.859980584090096,17.912936845186973],[-62.86001864510485,17.912945971738484],[-62.86005551157623,17.91295882950216],[-62.86010454485666,17.912978749897242],[-62.86014076950031,17.91299570523895],[-62.86017489936052,17.913016261261255],[-62.86028992164608,17.913094040533256],[-62.86032100852234,17.913117492694198],[-62.86044159228646,17.91321870390417],[-62.8606566931116,17.9133990525582],[-62.86083994491265,17.913254101923325],[-62.86088508578748,17.913223433357466],[-62.86088707885976,17.91322227963668],[-62.86095683948348,17.9131819064485],[-62.860996698653885,17.913161841989375],[-62.861038769157474,17.913146462141448],[-62.86107462722441,17.913135650346007],[-62.86111173686132,17.913126414792078],[-62.86114963353434,17.913120829076917],[-62.86118792650882,17.913118950769036],[-62.861226221020026,17.913120799200637],[-62.861264122427535,17.91312635538027],[-62.86153493608401,17.913179647922117],[-62.86154412456498,17.913181911061933],[-62.861579147403816,17.91317828081967],[-62.861616207731224,17.913177937496815],[-62.86165312477448,17.91318107333141],[-62.86168954298945,17.91318765815275],[-62.861725111672946,17.913197628531385],[-62.861759488172055,17.913210888504537],[-62.86179234166023,17.91322731030181],[-62.86182335549639,17.913246735793056],[-62.86185223109483,17.913268978027624],[-62.86187869037884,17.913293822591907],[-62.86190247851665,17.91332103032281],[-62.861923366374825,17.913350339207597],[-62.86194115297109,17.913381466916388],[-62.86195566679389,17.91341411378587],[-62.861966768066445,17.91344796535165],[-62.86197435006616,17.913482695603093],[-62.861978339688804,17.913517970056894],[-62.861978698390246,17.91355344901161],[-62.86197542284497,17.913588790802077],[-62.861968544565954,17.913623655053062],[-62.86195812980782,17.913657706023532],[-62.861944278809176,17.913690615679275],[-62.86192712503463,17.91372206730788],[-62.86190683366242,17.913751757777376],[-62.8618835999765,17.91377940124097],[-62.86185764794864,17.91380473148621],[-62.86182922740381,17.913827504554177],[-62.86179831144235,17.913849902185714],[-62.86176701142858,17.91387029927545],[-62.86173373532403,17.913887593507326],[-62.86169881759208,17.913901611123116],[-62.86166260909963,17.91391221100618],[-62.86162547399965,17.913919286758155],[-62.861616012259915,17.91392016057916],[-62.86125170620934,17.91427211615498],[-62.86122435867923,17.914296063120695],[-62.86119469096489,17.91431732872457],[-62.86116298874148,17.914335707990976],[-62.86112955739573,17.91435102397842],[-62.86109471890916,17.91436312922357],[-62.86105880874107,17.914371907185274],[-62.861022172711984,17.91437727323659],[-62.86098516379257,17.91437917574719],[-62.86094813813779,17.91437759635168],[-62.86091145263173,17.914372550309416],[-62.86087546026133,17.914364086230027],[-62.86084050794508,17.914352285529528],[-62.86080693209575,17.914337261975177],[-62.8607750561666,17.914319160237508],[-62.86074518715899,17.914298154532002],[-62.86071761269645,17.914274447261114],[-62.860692598288374,17.914248266752637],[-62.86067038544273,17.91421986590246],[-62.860632083284315,17.91422279710849],[-62.860590950034535,17.914221645216184],[-62.860545670834476,17.91421800632889],[-62.8605445877049,17.91421786780284],[-62.86054349515292,17.91421782544178],[-62.86052621377608,17.914215517316215],[-62.86050893515578,17.914213306899416],[-62.86050787174382,17.91421306742504],[-62.86050678843028,17.914212922752334],[-62.86048982895168,17.914209004610335],[-62.86047285740736,17.914205183081872],[-62.860471823058575,17.914204844835186],[-62.860470760406784,17.91420459930523],[-62.86045429265048,17.91419911167174],[-62.860437785170625,17.91419371312992],[-62.860436790079554,17.914193279281786],[-62.860435758001344,17.914192935342154],[-62.8604199269534,17.914185926949635],[-62.86040405627683,17.914179007287416],[-62.860403111014435,17.91417848254556],[-62.86040211847715,17.91417804309508],[-62.86038707543604,17.91416957967338],[-62.86037199540824,17.91416120742445],[-62.860371108562674,17.91416059658556],[-62.86037016566541,17.914160066060468],[-62.860356062952825,17.91415023277344],[-62.86034191136181,17.91414048477562],[-62.86034109104859,17.914139793359166],[-62.86034020732316,17.914139177189544],[-62.86032718648549,17.914128074016837],[-62.86031409393405,17.914117039124328],[-62.860313347890205,17.91411627364376],[-62.86031253201817,17.9141155778918],[-62.86030070590169,17.91410330144818],[-62.86028881109063,17.914091095998668],[-62.86028814790118,17.914090265227713],[-62.860287406204186,17.9140894953212],[-62.86016114680743,17.913944780757767],[-62.85994386861736,17.913762605988584],[-62.8598867014391,17.91371462303585],[-62.85986746190556,17.91371943738212],[-62.85983163896695,17.91372495618825],[-62.85979542822346,17.91372715850049],[-62.85979331261937,17.913727189696157],[-62.8595746885268,17.91400361022439],[-62.85966763376482,17.914016100247114],[-62.859707855904624,17.914023655594615],[-62.859746985899065,17.91403533947557],[-62.859833654533304,17.91406625100289],[-62.859864806082115,17.914078910624802],[-62.859894648763024,17.91409418916578],[-62.86008714580191,17.91420363102179],[-62.86043270313255,17.91437850818709],[-62.86071405811672,17.91450543459804],[-62.86088565472728,17.91458223055277],[-62.8609323434254,17.914607120979216],[-62.861021108277875,17.914662663927448],[-62.861062936358955,17.91469300742189],[-62.861138175101054,17.914755925273376],[-62.86116198193573,17.914777654298188],[-62.86118372344442,17.914801284040426],[-62.861203234820806,17.914826635145822],[-62.86122036788556,17.91485351543704],[-62.86127049211489,17.914940458256655],[-62.861285862981184,17.914970285708463],[-62.86139391058051,17.91520679035024],[-62.861589343172774,17.915608165365157],[-62.86172309514462,17.915818085858326],[-62.86187349095334,17.916054049338776],[-62.861924487673846,17.91613405648787],[-62.86194186868289,17.916164524709455],[-62.861956117031674,17.91619644828689],[-62.861967101517656,17.91622953300857],[-62.86198602662614,17.91629771628138],[-62.86199503126367,17.916340343917547],[-62.861998624186015,17.9163836981316],[-62.862005351254695,17.916722817691902],[-62.86200738466496,17.916759007450842],[-62.86206553555094,17.916829895250494],[-62.86221002189276,17.91693504327897],[-62.86227861065829,17.916970544321007],[-62.86240080209017,17.916956401796135],[-62.862580039404264,17.916933638980392],[-62.86258004714701,17.916933638353157],[-62.86258005441814,17.91693363709288],[-62.862581412466646,17.91693346468994],[-62.86273663636814,17.916888159161328],[-62.86295098205045,17.91679523601909],[-62.863169998707356,17.916670473320092],[-62.86319876045019,17.91662202019351],[-62.86323716688917,17.916551215000112],[-62.86325291322347,17.916524939189472],[-62.863270901968754,17.916500017413547],[-62.8632910069429,17.91647662475299],[-62.86334159951045,17.91642254562114],[-62.86336559864166,17.916399123871646],[-62.8633917168067,17.91637788130017],[-62.86341973907226,17.91635899274415],[-62.86344943456357,17.91634261377748],[-62.86345672635232,17.916339003416535],[-62.86345682609048,17.91633895982962],[-62.86345692017024,17.916338907561595],[-62.86353589244803,17.916299861568472],[-62.86356729491706,17.91628603929159],[-62.86359988593193,17.916275023273542],[-62.86369803562733,17.916246611126713],[-62.86373272820698,17.916238262612588],[-62.86376809032222,17.91623309383228],[-62.86380380460274,17.916231151112548],[-62.8638395506792,17.9162324517641],[-62.863875007921095,17.916236984173803],[-62.863909858080405,17.916244707716263],[-62.863943788690314,17.916255553117637],[-62.86397649514185,17.916269422999452],[-62.86400027961981,17.916280828384906],[-62.864034237587695,17.916299273074003],[-62.86406602478359,17.9163209753234],[-62.864095301765744,17.916345703235237],[-62.864121755553356,17.916373192571687],[-62.86414510340116,17.91640314946921],[-62.864165095818116,17.9164352539656],[-62.864191816830576,17.916483692918256],[-62.864205540594384,17.91651134671872],[-62.864216771157885,17.916540012919878],[-62.864220676621066,17.91655330921824],[-62.864372522728544,17.91666678678167],[-62.86437384457516,17.916667779157784],[-62.86471843207683,17.916927664668943],[-62.864736280783966,17.916942001876635],[-62.86495355852525,17.91712776254243],[-62.86512632826572,17.91725989617004],[-62.86524605274072,17.917351299975444],[-62.86524958379764,17.91735402912472],[-62.86534253054915,17.91742675556008],[-62.865369015989046,17.917449555924293],[-62.86539313982512,17.91747464342952],[-62.86545671325057,17.917547358522892],[-62.86547365242766,17.917568239592008],[-62.86552910997359,17.9176420208577],[-62.865557742698506,17.91766823840349],[-62.86558487805479,17.917695833402],[-62.86560884696542,17.917725996000964],[-62.865629385875216,17.917758394841673],[-62.86566016434108,17.917813234613767],[-62.865778183023004,17.917941533049557],[-62.865792816825945,17.91795845111068],[-62.86594611414027,17.91814705880563],[-62.865972108608716,17.918183411278697],[-62.8659932916251,17.918222520399624],[-62.86601284228335,17.918264726497164],[-62.866026282211514,17.918298106707883],[-62.866036210361244,17.918332594993426],[-62.86606571012632,17.91845923134043],[-62.8660684705534,17.918465632094957],[-62.866077492688,17.918478616788185],[-62.866121362092564,17.91851797299188],[-62.866148548390925,17.918545034120356],[-62.86616766940504,17.91856852230427],[-62.86618866133884,17.918561932712453],[-62.866309156520124,17.918522944622453],[-62.86632310918471,17.918518716508736],[-62.86632739310805,17.91851750528448],[-62.866327588340084,17.918504191420244],[-62.86633160388326,17.91845644311276],[-62.86635834653915,17.918283101383743],[-62.86638219575566,17.918093170749586],[-62.86637276453791,17.918038318097697],[-62.86636923760557,17.918011653962548],[-62.866361848514686,17.91793218519124],[-62.86636041569252,17.917906271078994],[-62.866358372856766,17.91779114922698],[-62.86635848018963,17.917774424278168],[-62.866359571009916,17.917738768275026],[-62.86636214986599,17.917705874886796],[-62.86636784962973,17.917673343291924],[-62.86637662279294,17.917641444437628],[-62.86641288888556,17.91753042353626],[-62.86642667297566,17.917494885344485],[-62.86645012472154,17.91744294430614],[-62.86646715562885,17.917409946134747],[-62.8664876028076,17.917378776484504],[-62.86651125442415,17.917349758432803],[-62.866537865332475,17.91732319279889],[-62.866567159626044,17.91729935480144],[-62.86659883394435,17.917278491529977],[-62.86663255974093,17.917260819234926],[-62.86666798772271,17.91724652098062],[-62.86669140661057,17.91723838683645],[-62.866732258675476,17.917226650238195],[-62.866774232467506,17.917219398135394],[-62.86678238966093,17.917218440196205],[-62.86678239013309,17.917218440106144],[-62.86678242016059,17.917218436601615],[-62.866786198340655,17.917217992586707],[-62.8667862029674,17.91721799222833],[-62.86678620749999,17.917217991508334]],[[-62.8511255309029,17.910499828702722],[-62.85113072289158,17.91046469798966],[-62.85113948668186,17.910430223596734],[-62.851151737871604,17.910396737540683],[-62.85116735854981,17.910364562412184],[-62.85118619824361,17.91033400794195],[-62.85120807552553,17.910305368471132],[-62.85123277962126,17.910278919789054],[-62.85126007277205,17.910254916604234],[-62.85128969193638,17.910233590014883],[-62.85132135200165,17.91021514552292],[-62.85135474805195,17.91019976077606],[-62.851389558485245,17.910187583762514],[-62.8514254480352,17.910178731909443],[-62.85146207098279,17.910173290368093],[-62.85149907474405,17.910171311655034],[-62.85153610289217,17.910172814660193],[-62.85157279883912,17.910177785101627],[-62.851608809234946,17.910186174985782],[-62.85164378727134,17.91019790351386],[-62.85167739598553,17.910212857807416],[-62.851709311847074,17.91023089381494],[-62.851739227400195,17.910251837850396],[-62.85176685456691,17.910275488132307],[-62.85179192728872,17.910301617045345],[-62.851822472418995,17.91033676486781],[-62.85187957074342,17.910395631008587],[-62.85194482658307,17.910461104028986],[-62.85202699347917,17.910534324210357],[-62.85210002270136,17.91059871031027],[-62.85210914019931,17.91060702181444],[-62.85219627133558,17.910689144927723],[-62.85219857436507,17.910691334312983],[-62.8522787230936,17.91076818595968],[-62.85234241937833,17.91082569565385],[-62.85234740340518,17.910830278801438],[-62.85235660743789,17.91083889894078],[-62.85237890031724,17.910851535682944],[-62.85240836511281,17.91087215785738],[-62.85242836903099,17.91088922597777],[-62.85243229691343,17.91088939246633],[-62.852446707899404,17.9108902677642],[-62.852633636356614,17.910905061136205],[-62.852668228553256,17.910909346091678],[-62.85270226025378,17.9109166680713],[-62.85273544118667,17.91092696475985],[-62.85278981722749,17.910946538527213],[-62.85282274166509,17.91096013114896],[-62.85285417118721,17.910976651805733],[-62.85288382257995,17.910995951326413],[-62.85292458547261,17.911025285597276],[-62.85295452647811,17.911049246944245],[-62.853071203602894,17.91115288239777],[-62.85309708451841,17.91117824165548],[-62.85312024647833,17.9112059057141],[-62.85331591368566,17.91146464719463],[-62.85340639553289,17.911570902721696],[-62.853450317595446,17.911621469536083],[-62.853559363457656,17.91168553485061],[-62.853613299491954,17.91171531943572],[-62.85362085740791,17.911714627785493],[-62.85363918613886,17.911712948894785],[-62.853667638215896,17.911705299058827],[-62.85366764019905,17.91170529851799],[-62.85366764038788,17.91170529851813],[-62.85376774151602,17.911678384033063],[-62.85395806434818,17.91161169609209],[-62.853966595295084,17.911608817341772],[-62.8541867536702,17.911537350748763],[-62.854234863169765,17.911525052131733],[-62.85442354255106,17.911489382048185],[-62.854466435306804,17.911483695617402],[-62.854509726118806,17.911482747018056],[-62.854581557801424,17.911485118773285],[-62.85455036806917,17.91146368830112],[-62.854522625843956,17.91144267410245],[-62.854470673555355,17.91139938327852],[-62.85444176014903,17.911372567065477],[-62.85441599266497,17.911342956899546],[-62.85436467817577,17.911277152030543],[-62.85434689304169,17.911252239907686],[-62.85433133983123,17.91122599461889],[-62.854318126876684,17.91119859918903],[-62.85426685603631,17.911079469620596],[-62.8542530501073,17.911041532178984],[-62.85425165892201,17.911036894284695],[-62.85425165750948,17.911036889764294],[-62.85425165722706,17.911036888769818],[-62.854220340080175,17.910932493742045],[-62.854219155173865,17.910928455900443],[-62.85418582928515,17.910812302635563],[-62.854182724198274,17.910800735203498],[-62.854168090400435,17.910742228671673],[-62.854160014973345,17.91073688490685],[-62.854131927167586,17.910714131437697],[-62.854106285431804,17.910688869299655],[-62.854083333347816,17.91066133820183],[-62.854063288609694,17.910631799526808],[-62.85404634151531,17.910600533708237],[-62.854032653080374,17.91056783742738],[-62.854016825504864,17.910523952614277],[-62.85400646318959,17.910489887023054],[-62.85399963858129,17.910455013133184],[-62.853996417398626,17.91041966678201],[-62.85399683061191,17.91038418839033],[-62.85400087435167,17.910348919527646],[-62.85400850953335,17.91031420001949],[-62.854019662710385,17.91028036415182],[-62.8540342263598,17.91024773777888],[-62.85403853354358,17.910240225963644],[-62.854021455780924,17.910168863741113],[-62.85401982610641,17.910163778883028],[-62.8539931486203,17.910112599560872],[-62.853977864841326,17.910086800594073],[-62.85397786465272,17.910086800322762],[-62.85397782288503,17.910086729789573],[-62.85397682375911,17.910085044226346],[-62.85397680424575,17.91008500715303],[-62.853976780577064,17.91008497143241],[-62.85387448372822,17.909912292549368],[-62.853869559987885,17.909903712482322],[-62.853819503785836,17.909813615999678],[-62.85381567590862,17.90980653907659],[-62.85377336411975,17.909726156865805],[-62.85377336393122,17.909726156504117],[-62.85377336374269,17.909726156142426],[-62.85372051577352,17.909625757033496],[-62.85371862991035,17.909622123685704],[-62.853651896636485,17.909491724618263],[-62.85364452527638,17.909476428758506],[-62.853596649895096,17.909370676116236],[-62.85359664066184,17.90937065260866],[-62.853596628596115,17.909370629189354],[-62.853595380350946,17.909367870723788],[-62.85359535443409,17.909367813579703],[-62.853595354151444,17.9093678128564],[-62.85358568370706,17.909346453460653],[-62.85356483560242,17.90930040349574],[-62.853551877267705,17.909267474709573],[-62.85352918180457,17.90920002079342],[-62.85352059127257,17.90917016203259],[-62.85349829153806,17.909077281642784],[-62.85349048407817,17.909031450369177],[-62.85348401218998,17.90896803901505],[-62.8534822304901,17.908930480789486],[-62.85348453262255,17.908892948506054],[-62.853490893609475,17.908855848073852],[-62.85350124457487,17.908819580578125],[-62.85351899882374,17.908768073348874],[-62.85352995865476,17.90874019359082],[-62.85354327868978,17.908713272173785],[-62.853558868424265,17.908687491972508],[-62.85358966637571,17.90864108333824],[-62.85360809992008,17.908615762811024],[-62.85360906129397,17.908614656926012],[-62.85360629252287,17.908609488683705],[-62.85358946405134,17.90857332664571],[-62.85357686628459,17.908535619911575],[-62.85356865028787,17.908496820621167],[-62.853563129773995,17.90846068796734],[-62.85352884109578,17.90828484687108],[-62.853527715378576,17.908278788919272],[-62.85349339902681,17.908084535868653],[-62.853493079437705,17.90808269787938],[-62.85345744813031,17.907874479939633],[-62.85345611807644,17.907863289206823],[-62.85345397469691,17.90786112770496],[-62.85342844495034,17.907845307475572],[-62.8530518016233,17.907692369935866],[-62.85301228914632,17.90767777821026],[-62.852911708083916,17.9077982448764],[-62.852890609981316,17.907821420972837],[-62.85282834954498,17.907884210954908],[-62.85280816462647,17.90790310067667],[-62.85278656238426,17.907920494323122],[-62.85270030554636,17.907984834326278],[-62.85270030375155,17.907984835499956],[-62.852700302806745,17.907984836312718],[-62.8526921508924,17.907990916804312],[-62.852692150797914,17.90799091689464],[-62.85269215032555,17.90799091725583],[-62.85267337324045,17.908004922972463],[-62.85264756401453,17.90802255836743],[-62.85251424224369,17.908105797281024],[-62.852346911583176,17.90821556004139],[-62.852345970530834,17.908216175405315],[-62.85199060584646,17.908447775268893],[-62.85196627129181,17.908462370261056],[-62.85172946948361,17.908592664727085],[-62.85168484922819,17.90861830298757],[-62.85168482098512,17.90861831923571],[-62.85168482070172,17.908618319416266],[-62.85166005219201,17.90863255393707],[-62.85165888239011,17.908773473065484],[-62.85166302502529,17.909361616268388],[-62.85166301799065,17.90936735059463],[-62.851661952282754,17.909479250867324],[-62.85166236132318,17.909518484014345],[-62.85166230716088,17.90951980886558],[-62.851662378759116,17.909521132004933],[-62.85166268024398,17.909629753897146],[-62.851660946201264,17.909665334589178],[-62.851655563530706,17.909700579243154],[-62.8516465843479,17.90973514578371],[-62.85163409588509,17.909768698760367],[-62.851618219355714,17.90980091241975],[-62.85159910891309,17.909831474139615],[-62.85157694985432,17.909860087229458],[-62.851084473382556,17.910434535178144],[-62.85108447319351,17.910434535449156],[-62.85108447262649,17.91043453608143],[-62.85097510998027,17.910562101831054],[-62.850997969558044,17.910549008522622],[-62.85103148540388,17.910533864263062],[-62.8510663904124,17.91052193793342],[-62.85110234846898,17.910513344338426],[-62.851125074399256,17.910510134819337],[-62.8511255309029,17.910499828702722]],[[-62.85656784049578,17.90883172240877],[-62.856567837475424,17.908831721321896],[-62.856567837192266,17.908831721231298],[-62.85655717301605,17.908827837847888],[-62.85651081961075,17.908807428096015],[-62.856227277299155,17.908659600673236],[-62.8560947461025,17.90874786028005],[-62.856088058324055,17.908751965955616],[-62.85625926437267,17.90880332500898],[-62.85633955984049,17.908820098118788],[-62.85658000144203,17.90883615093401],[-62.85656784049578,17.90883172240877]],[[-62.85548231099526,17.91174781117468],[-62.85548223757554,17.91174765131597],[-62.855482147628095,17.911747497772073],[-62.855477158297646,17.911737909792528],[-62.85543786551212,17.91168098010259],[-62.855432362228726,17.911677286056044],[-62.85536077801346,17.91165919478447],[-62.85518515023918,17.91164652939015],[-62.85549751811171,17.911776963321383],[-62.85548231099526,17.91174781117468]]]}},{"id":"25","type":"Feature","properties":{"feature_id":"AEP_SECT_9725ZS017","layer_key":"eau_aep","layer_label":"Eau AEP","state_geometry_mode":"hydraulic_zoning_v2","service_unit_kind":"hydraulic_zone_component","service_feature_id":"AEP_SECT_9725ZS017","zone_component_key":"AEP_SECT_9725ZS017","zone_uid":"AEP_SECT_9725ZS017","network_kind":"AEP","feature_role":"canalisation","state_annual_storm":"S0","state_rp50_storm":"S0","state_rp100_storm":"S0","state_p99_storm":"S0","state_top10_storm":"S0","state_top5_storm":"S0","state_annual_storm_cmcc":"S0","state_rp50_storm_cmcc":"S0","state_rp100_storm_cmcc":"S0","state_p99_storm_cmcc":"S0","state_top10_storm_cmcc":"S0","state_top5_storm_cmcc":"S0"},"geometry":{"type":"Polygon","coordinates":[[[-62.84728164320226,17.894773070319577],[-62.84725501139007,17.89474839797543],[-62.847245510657565,17.894738687815273],[-62.84722153293122,17.89471163501931],[-62.84721307203061,17.894701080022315],[-62.84719197930825,17.894671907309114],[-62.847184639722336,17.894660609126177],[-62.84716663513733,17.89462959744622],[-62.847160487549836,17.894617664885484],[-62.84714574449459,17.894585112899367],[-62.84714084810946,17.89457266087832],[-62.847129508565594,17.89453888208048],[-62.84712591053685,17.89452603051925],[-62.84711808370796,17.894491350218757],[-62.84711581868564,17.894478222885127],[-62.84711157994565,17.8944429750728],[-62.847110669742065,17.894429698390347],[-62.847110059909454,17.89439422252218],[-62.847110513289266,17.894380924352674],[-62.84711353823409,17.894345562080684],[-62.84711535082992,17.894332370492727],[-62.84712198141738,17.894297462374684],[-62.847125135771826,17.89428450441033],[-62.84713530814298,17.89425038662998],[-62.8471397738769,17.894237787081273],[-62.847153390063745,17.894204788210732],[-62.8471591241688,17.894192668417897],[-62.84717605303785,17.89416110625336],[-62.84718300029077,17.894149582936212],[-62.84720307880605,17.89411976143743],[-62.84721117230042,17.894108945571357],[-62.84723420709365,17.894081151934383],[-62.84724336888434,17.894071147681608],[-62.84726913811723,17.894045649573],[-62.847279279971076,17.894036553279395],[-62.847307535471735,17.89401359625848],[-62.84731855971718,17.894005495525835],[-62.84734902937021,17.893985300679905],[-62.847360829838095,17.893978273522173],[-62.847393220205134,17.893961035337327],[-62.847405683250955,17.893955149429434],[-62.847439682396654,17.893941033917642],[-62.84745268799518,17.893936345943676],[-62.84748796849124,17.893925489044044],[-62.84750139139228,17.893922044151427],[-62.84753761347064,17.89391455042102],[-62.84755132440529,17.893912381785686],[-62.84758813923027,17.893908323392687],[-62.84760200615579,17.893907451899626],[-62.84763905918339,17.89390686792827],[-62.847652948554824,17.893907301970373],[-62.8476898829471,17.893910198044605],[-62.847703661003294,17.893911933441856],[-62.847740121064774,17.893918281671144],[-62.84775365511661,17.893921301710858],[-62.84778928971976,17.893931040958794],[-62.84780244942792,17.893935316556586],[-62.84783691539453,17.893948353029653],[-62.84784957402469,17.893953843009495],[-62.84788253943082,17.89397005116029],[-62.847894575074186,17.89397670265108],[-62.84792572244666,17.893995926387404],[-62.84793701919396,17.894003675332094],[-62.84796604856775,17.894025729520138],[-62.84797138555063,17.894029992610736],[-62.84798218632163,17.894039059638676],[-62.84798729839704,17.89404356832032],[-62.8480139302069,17.89406824056609],[-62.84802343094614,17.894077950689468],[-62.848047408710485,17.89410500338875],[-62.84805586963276,17.8941155583503],[-62.84807696243207,17.89414473097217],[-62.84808430205379,17.89415602912235],[-62.84810230675183,17.894187040719817],[-62.84810845438792,17.89419897325172],[-62.848123197587995,17.894231525167328],[-62.84812809403268,17.89424397716456],[-62.84813943374769,17.894277755906565],[-62.84814303184468,17.894290607449918],[-62.84815085886453,17.894325287711368],[-62.84815312396121,17.894338415033726],[-62.84815736290471,17.894373662825295],[-62.84815827318592,17.894386939503512],[-62.848158883226844,17.894422415370006],[-62.84815842992496,17.89443571354248],[-62.84815540518529,17.89447107583192],[-62.848153592664744,17.894484267429938],[-62.84814696227146,17.894519175583902],[-62.84814380798676,17.894532133565022],[-62.8481336357914,17.8945662513984],[-62.848129170119016,17.894578850969932],[-62.848115554082874,17.894611849908582],[-62.84810982002881,17.894623969729434],[-62.848092891279606,17.894655531974553],[-62.8480859440652,17.89466705532386],[-62.84806586563433,17.894696876912636],[-62.8480577721645,17.894707692813764],[-62.848034737417045,17.894735486546708],[-62.848025575635994,17.894745490836108],[-62.84799980640848,17.894770989043028],[-62.84798966454901,17.894780085373434],[-62.847961409013124,17.89480304249125],[-62.847950384747,17.894811143259467],[-62.84791991501951,17.894831338197225],[-62.84790811451669,17.89483836538795],[-62.8478757240388,17.894855603656055],[-62.84786326094512,17.894861489593122],[-62.84782926165641,17.89487560517646],[-62.84781625599894,17.894880293174673],[-62.847780975333194,17.894891150131443],[-62.847767552364374,17.89489459504248],[-62.847731330096124,17.89490208881347],[-62.847717619087454,17.894904257460695],[-62.847680804059664,17.89490831587623],[-62.8476669370567,17.894909187374225],[-62.84762988382109,17.894909771349255],[-62.847615994371765,17.89490933730496],[-62.84757905977424,17.89490644121546],[-62.84756528164266,17.894904705809004],[-62.8475288213865,17.89489835754615],[-62.84751528726466,17.894895337490585],[-62.84747965248483,17.894885598192133],[-62.84746649271473,17.89488132257248],[-62.84743202659615,17.89486828603395],[-62.84741936791445,17.8948627960271],[-62.847386402386846,17.894846587798458],[-62.84737436670429,17.89483993627656],[-62.84734321924542,17.894820712453058],[-62.84733192247276,17.894812963474383],[-62.84730289305088,17.894790909193222],[-62.84729755606151,17.894786646084587],[-62.84728675528068,17.894777579019294],[-62.84728164320226,17.894773070319577]]]}},{"id":"26","type":"Feature","properties":{"feature_id":"EU_COMP_70021314","layer_key":"eau_eu","layer_label":"Eau EU","state_geometry_mode":"hydraulic_zoning_v2","service_unit_kind":"hydraulic_zone_component","service_feature_id":"EU_COMP_70021314","zone_component_key":"EU_COMP_70021314","zone_uid":"EU_COMP_70021314","network_kind":"EU","feature_role":"canalisation","state_annual_storm":"S0","state_rp50_storm":"S0","state_rp100_storm":"S0","state_p99_storm":"S0","state_top10_storm":"S0","state_top5_storm":"S0","state_annual_storm_cmcc":"S0","state_rp50_storm_cmcc":"S0","state_rp100_storm_cmcc":"S0","state_p99_storm_cmcc":"S0","state_top10_storm_cmcc":"S0","state_top5_storm_cmcc":"S0"},"geometry":{"type":"Polygon","coordinates":[[[-62.85337438115393,17.89648325182801],[-62.85337332863671,17.89649827807465],[-62.85337250948405,17.896513315343427],[-62.853372089363035,17.896515971504492],[-62.85337190155647,17.896518653058468],[-62.85336931544335,17.896533510211064],[-62.85336696107512,17.896548396100417],[-62.85336627108745,17.896551000085665],[-62.85336580962028,17.896553651063503],[-62.85336171514257,17.89656819307532],[-62.85335784795314,17.896582787321165],[-62.85335689453878,17.896585314278955],[-62.85335616405799,17.8965879088334],[-62.85335060145401,17.896601994278715],[-62.85334525790364,17.896616157621725],[-62.853344050239734,17.896618583425557],[-62.853343057751964,17.896621096434227],[-62.85333607999845,17.896634591941257],[-62.853329312124146,17.896648185766495],[-62.85332786222032,17.896650486020842],[-62.85332661699633,17.896652894351554],[-62.85331828999945,17.896665671981452],[-62.853310164183625,17.896678563288724],[-62.85330848574661,17.896680716310932],[-62.853306999984255,17.896682996291393],[-62.853297405792475,17.89669492992515],[-62.85328799850944,17.896706997652934],[-62.85328610741619,17.896708983208182],[-62.853284395672546,17.896711112342885],[-62.853273627087766,17.89672208698721],[-62.853263028591506,17.89673321487486],[-62.85326094326738,17.896735013453338],[-62.85325902179694,17.896736971688508],[-62.85324718048606,17.89674688383594],[-62.85323549480839,17.89675696268338],[-62.85323323594316,17.896758556494333],[-62.85323112279277,17.896760325404532],[-62.85321832316185,17.89676907887858],[-62.853205662443294,17.89677801223645],[-62.853085035918454,17.896854676200018],[-62.85308503563508,17.896854676380567],[-62.85308503497386,17.89685467683201],[-62.852917164478875,17.896961365626677],[-62.852917164006556,17.896961365987863],[-62.85291716306203,17.896961366529478],[-62.85272561046605,17.897083106516803],[-62.85264166621219,17.89713781118453],[-62.85272368142862,17.897258309261417],[-62.85295501926798,17.897569924613894],[-62.85295922964922,17.89757622994379],[-62.85296380671777,17.897582295753473],[-62.853068473066244,17.897736409750433],[-62.85308712588964,17.897767068396828],[-62.85310255017232,17.89779932988089],[-62.85311459738234,17.897832883430844],[-62.85312315137929,17.897867406006547],[-62.853128129922695,17.897902565012277],[-62.853129485046665,17.897938022002783],[-62.8531272036243,17.897973435304973],[-62.853121307742086,17.898008464085596],[-62.85311185403702,17.89804277088161],[-62.853098933599306,17.89807602530595],[-62.853082670931386,17.898107907119975],[-62.853063222529414,17.898138109305574],[-62.853040775842494,17.89816634086641],[-62.85301554690987,17.89819233008014],[-62.85298777875426,17.898215826666508],[-62.85295773883087,17.898236604135576],[-62.85292571638167,17.898254462587726],[-62.85289201979097,17.898269229977164],[-62.85285697365699,17.898280764098264],[-62.852820915392215,17.898288953758048],[-62.852784192389834,17.898293720220284],[-62.85274715815268,17.898295017564145],[-62.85271016955485,17.898292833224424],[-62.85267358259291,17.898287188349926],[-62.85263774974293,17.898278137168735],[-62.8526030160898,17.898265766894863],[-62.852574848598294,17.89825259650824],[-62.85232776855056,17.898406897830647],[-62.85232776845607,17.89840689792096],[-62.85232776807822,17.898406898191833],[-62.85209384024777,17.898552985045082],[-62.8520858725814,17.898557443211473],[-62.85207814355383,17.898562272236276],[-62.85206988378781,17.898566389420765],[-62.852061844525885,17.89857088757324],[-62.85205345860723,17.898574576678282],[-62.85204527269771,17.8985786569495],[-62.8520366311425,17.898581979159125],[-62.85202817014111,17.89858570128769],[-62.85201944804096,17.898588585238716],[-62.85201088269628,17.898591878219687],[-62.85200194170226,17.89859437379099],[-62.85199314131561,17.898597283622415],[-62.85198416547497,17.89859933536578],[-62.85197530465122,17.898601808490408],[-62.8519661523219,17.89860345281453],[-62.85195709536887,17.89860552302433],[-62.85194795209369,17.898606722559595],[-62.851938881438954,17.89860835221144],[-62.85192960473749,17.89860912971743],[-62.85192037950687,17.89861034003552],[-62.85191115764517,17.89861067577022],[-62.85190196355619,17.898611446377924],[-62.85189265217694,17.898611349541422],[-62.85188334723356,17.898611688375162],[-62.85187413524881,17.89861115712263],[-62.851864906664694,17.898611061161265],[-62.85185564944531,17.89861009095372],[-62.851846355235345,17.89860955493718],[-62.85183724243378,17.898608161827045],[-62.85182806772011,17.898607200267744],[-62.851818954718574,17.89860536606758],[-62.85180975979292,17.898603960420253],[-62.85180083339695,17.898601718805857],[-62.85179180138447,17.89859990093575],[-62.85178291991404,17.89859722034462],[-62.85177391328869,17.898594958601997],[-62.8517652594753,17.898591890151565],[-62.851756457005344,17.89858923339118],[-62.85174789220118,17.898585732053572],[-62.85173916109136,17.89858263615585],[-62.85173086367048,17.898578770670706],[-62.85172237493435,17.898575300392675],[-62.851714209753375,17.898571012086315],[-62.85170583768577,17.898567111834623],[-62.851697975835435,17.8985624861628],[-62.85168988341236,17.898558236144574],[-62.851307501382244,17.898333366949068],[-62.851278555686854,17.898314521731514],[-62.85125155677516,17.89829319144785],[-62.85122673692688,17.898269559310194],[-62.851204309240075,17.89824382831084],[-62.85118495175891,17.89821689497606],[-62.85117478885193,17.898213843242804],[-62.85117344380894,17.898213295644045],[-62.85117205174676,17.89821286623566],[-62.85116637697551,17.89821050595875],[-62.851160553683734,17.89820850603188],[-62.85115070935676,17.89820403907898],[-62.85114068561706,17.898199957850935],[-62.85113940326971,17.898199286650325],[-62.85113806182303,17.89819872874994],[-62.851132655983086,17.89819584723449],[-62.85112706547742,17.89819331049486],[-62.851117726796986,17.89818794177328],[-62.85110816821938,17.898182939041245],[-62.851106960080344,17.898182150393943],[-62.85110568283934,17.89818146952559],[-62.85110059802082,17.898178094560407],[-62.8510952941879,17.898175045453858],[-62.85108654976072,17.898168825919548],[-62.85107754976846,17.898162950564227],[-62.85107642867042,17.898162052614914],[-62.851075226770114,17.89816125493348],[-62.85107051222667,17.8981574192765],[-62.85106554583371,17.898153886946663],[-62.85105748029346,17.898146876862434],[-62.85104912503413,17.89814018508038],[-62.85104810097745,17.898139186061975],[-62.85104698687297,17.898138279621456],[-62.85104268741794,17.89813401973314],[-62.85103810686752,17.898130038564275],[-62.85103079823294,17.898122305690034],[-62.851023167899584,17.898114861717723],[-62.85102225097783,17.8981137713094],[-62.8510212351412,17.898112764795016],[-62.85101739275135,17.898108122195314],[-62.85101324153381,17.89810373009306],[-62.851006759510575,17.8980953482383],[-62.850999928341636,17.898087224442488],[-62.850999127891875,17.898086053769056],[-62.85099821947307,17.898084956226548],[-62.85099487036438,17.8980799746907],[-62.85099118941653,17.89807521489156],[-62.85098559681204,17.898066265453025],[-62.85097963007281,17.898057539345675],[-62.850978952978224,17.898056298626173],[-62.85097816169156,17.89805512163257],[-62.85097533914851,17.89804985062793],[-62.85097216270316,17.898044767538327],[-62.85096751306951,17.89803533579229],[-62.85096246865505,17.898026092381848],[-62.850961921985466,17.898024794456685],[-62.85096125480831,17.898023548502263],[-62.85095898541214,17.89801803776222],[-62.850956344770765,17.898012681299942],[-62.850952683440674,17.898002859476165],[-62.8509486092366,17.89799318629422],[-62.850948197797315,17.897991842465494],[-62.8509476617991,17.89799054084259],[-62.85094596750201,17.897984843712464],[-62.8509438879228,17.897979265146432],[-62.85094124965408,17.89796914682237],[-62.8509381855157,17.89795913808297],[-62.85093791382581,17.897957763177647],[-62.850937513340455,17.897956416374512],[-62.85093641033488,17.897950587189435],[-62.85093491206984,17.8979448408579],[-62.850933322365016,17.897934523490505],[-62.8509312976664,17.897924275659317],[-62.8509311680763,17.89792288133915],[-62.85093090743425,17.897921504001822],[-62.8509304066232,17.897915600166005],[-62.850929503693585,17.89790974013125],[-62.850928977857976,17.89789932252544],[-62.85092801215257,17.89788893468178],[-62.850928025877614,17.897887535138484],[-62.85092790752297,17.897886139742265],[-62.8509280135796,17.897880217389712],[-62.85092771490607,17.897874300783258],[-62.85092786102892,17.89787149880473],[-62.85090617084903,17.89784204221751],[-62.85088651768095,17.8978123922227],[-62.850869961551,17.897781056618665],[-62.85085665883311,17.897748331001342],[-62.85085518291289,17.897743303263642],[-62.85080072987227,17.897646067038057],[-62.850799607654956,17.897643802975665],[-62.85079829087523,17.897641638280398],[-62.85079166740597,17.89762778264797],[-62.850784842306545,17.897614012276605],[-62.850783957414286,17.897611654031845],[-62.85078286844052,17.89760937598483],[-62.85077769459334,17.897594963593516],[-62.85077231289779,17.897580621092782],[-62.85077167390223,17.897578191811355],[-62.85077082310121,17.897575821842334],[-62.85076714926767,17.89756099111369],[-62.850763262311744,17.89754621472504],[-62.85076287504724,17.897543736827473],[-62.85076227108431,17.897541298895703],[-62.850760133205824,17.897526195019143],[-62.85075777769053,17.897511124780518],[-62.85075764600686,17.897508623126228],[-62.85075729443324,17.897506139561607],[-62.850756713158255,17.89749090644935],[-62.85075591190093,17.89747568916699],[-62.85075603691164,17.897473186715164],[-62.85075594138814,17.89747068255773],[-62.85075692225487,17.897455470075876],[-62.8507576828762,17.8974402490192],[-62.85075806352217,17.897437770263924],[-62.850758224784016,17.897435269286063],[-62.850760758229505,17.89742022249854],[-62.850763073524256,17.89740514571602],[-62.850763706103365,17.897402714697414],[-62.850764122619864,17.897400240850505],[-62.85076818416477,17.897385504900104],[-62.85077203201394,17.89737071735556],[-62.85077291055912,17.897368357117728],[-62.85077357825044,17.897365934531987],[-62.85077912869085,17.89735165111542],[-62.8507844720611,17.897337295501487],[-62.8507855879618,17.897335029176883],[-62.85078650048333,17.897332680805725],[-62.85079348721476,17.89731898546307],[-62.85080027378097,17.897305201929743],[-62.850801615972955,17.89730305165468],[-62.850802764809266,17.89730079981714],[-62.85081111984028,17.897287826540037],[-62.85081928501242,17.897274745827612],[-62.850820841395084,17.897272731206762],[-62.85082221482057,17.89727059867134],[-62.85103737772263,17.89697052905516],[-62.85103737772271,17.896970528964776],[-62.85103737819528,17.89697052833242],[-62.85110344533991,17.896878390247124],[-62.851094693814055,17.896869438485886],[-62.8510934651211,17.89686817565197],[-62.850937939936195,17.89670756170478],[-62.85092394799719,17.896692271324834],[-62.85086597772702,17.896625207610192],[-62.850858140913616,17.896615828465396],[-62.85078132712358,17.89652070082326],[-62.85057754435499,17.896293951679493],[-62.85057754426073,17.896293951498652],[-62.850577543977735,17.89629395122727],[-62.85031821738756,17.896005396406295],[-62.85031791625782,17.89600502603962],[-62.850317580549984,17.89600468583567],[-62.85030844730736,17.895993391996146],[-62.85029908933109,17.895982266916953],[-62.85029737559228,17.89597976160543],[-62.8502954541344,17.895977398222755],[-62.85029519296025,17.89597700221682],[-62.85029489305827,17.89597663139912],[-62.850286958796026,17.8959645329503],[-62.85027878612637,17.89595258508357],[-62.850277337323,17.895949931379132],[-62.850275666845945,17.89594739871338],[-62.85027544723016,17.89594697960027],[-62.85027518700077,17.89594658287194],[-62.85008172289704,17.895616669307948],[-62.85007310666253,17.895601099008047],[-62.85006324971584,17.895582186412046],[-62.85006324952733,17.895582186050348],[-62.84991256540502,17.895293067481987],[-62.8499064057894,17.895292041631684],[-62.84989419666702,17.8952904021806],[-62.84989259245152,17.89529003035696],[-62.8498909647061,17.895289797892108],[-62.849886541536726,17.895288733518846],[-62.849882042766275,17.895287984267082],[-62.84987016127968,17.89528483108283],[-62.849858178746,17.895282053739972],[-62.84985662025394,17.8952815331741],[-62.84985502426227,17.895281149063845],[-62.8498507320018,17.89527967488511],[-62.84984633091669,17.895278506944322],[-62.849834829303106,17.895274253858815],[-62.849823188983784,17.89527036546806],[-62.84982169122172,17.895269701052445],[-62.84982014227449,17.895269169104864],[-62.84981602122286,17.89526729907143],[-62.84981176133497,17.895265723864007],[-62.84980075124258,17.89526041236084],[-62.84978956431759,17.8952554498861],[-62.849788141724346,17.8952546480494],[-62.84978665473352,17.895253973337688],[-62.84978274509264,17.895251725648468],[-62.84977866688978,17.895249758209985],[-62.849768253822454,17.895243439077984],[-62.849757628535684,17.89523745059855],[-62.84975629469933,17.89523651903418],[-62.849754884103646,17.895235708077394],[-62.84975122305172,17.89523310409253],[-62.849747366262896,17.895230763615803],[-62.84973764957987,17.895223497220105],[-62.84972768925747,17.89521654093491],[-62.84972645851915,17.89521548986773],[-62.84972513630261,17.895214549363793],[-62.84972175884362,17.89521161378609],[-62.849718160928916,17.895208923168077],[-62.849709234788676,17.89520077972207],[-62.84970003472487,17.895192922410647],[-62.84969891717876,17.895191760525663],[-62.849697697965645,17.89519070079003],[-62.8496946373064,17.895187462388346],[-62.84969133223063,17.895184447144537],[-62.84968328313712,17.89517550571366],[-62.849674931349774,17.89516682237519],[-62.84967393784323,17.89516556079842],[-62.84967283333121,17.89516439214431],[-62.84967011937162,17.895160882758105],[-62.84966713835937,17.895157571203892],[-62.849660043370314,17.895147917354173],[-62.84965262088331,17.89513849220193],[-62.8496517616012,17.895137143957033],[-62.84965078169417,17.895135876786643],[-62.84964843942487,17.89513212843237],[-62.8496458125633,17.895128554215113],[-62.84963973976156,17.895118280736604],[-62.84963331815242,17.895108204665217],[-62.849632601391306,17.895106782955153],[-62.849631755519724,17.8951054292973],[-62.849629808510336,17.895101479684698],[-62.84962755993963,17.89509767572405],[-62.84962256777392,17.89508688082259],[-62.84961720907916,17.895076251588716],[-62.84961664143632,17.895074769615146],[-62.84961593808533,17.89507334294408],[-62.84961440433674,17.895069228332392],[-62.849612556587566,17.895065232879592],[-62.84960869424749,17.8950540233406],[-62.84960444879551,17.89504294068035],[-62.84960403554586,17.895041412366986],[-62.84960348168964,17.895039926698146],[-62.84960237664945,17.89503568840628],[-62.84960094668363,17.895031538352477],[-62.84959825014341,17.895020019053],[-62.84959516013525,17.895008592548344],[-62.849594905325546,17.895007032902598],[-62.84959450623887,17.89500550234047],[-62.8495938405403,17.895001181231688],[-62.8495928422016,17.894996916629125],[-62.849591338082604,17.89498520021223],[-62.84958943259776,17.894973538259926],[-62.849589338576266,17.89497196129363],[-62.84958909830526,17.894970401568724],[-62.84958887814407,17.89496603895476],[-62.84958832121579,17.89496170093717],[-62.849588023771766,17.89494990048824],[-62.84958732140755,17.894938115182764],[-62.84958738929232,17.894936538341508],[-62.84958730971428,17.894934962199844],[-62.84958753732197,17.894930598395106],[-62.84958742724263,17.894926230623696],[-62.849588339399354,17.894914458315434],[-62.849588846855454,17.894902664544013],[-62.849589075785175,17.894901101565967],[-62.84958915801886,17.89489952563965],[-62.84958983109197,17.894895205112814],[-62.849590168772,17.89489084717783],[-62.849592281747235,17.894879217162345],[-62.84959399411313,17.89486752781465],[-62.84959438190335,17.894865994154316],[-62.84959462508653,17.894864433266164],[-62.84959573754937,17.894860195692438],[-62.849596519553046,17.89485589133859],[-62.84959981295441,17.894844515680052],[-62.84960271380237,17.894833043275245],[-62.849603256664366,17.894831553662772],[-62.84960365851855,17.894830022815274],[-62.849605199384484,17.894825910125757],[-62.84960641831377,17.894821699840694],[-62.84961086051691,17.894810687882938],[-62.8496149218089,17.894799543123415],[-62.84961561444381,17.894798111835865],[-62.84961617118021,17.894796625849548],[-62.849616672195545,17.894795613719886],[-62.849572705830106,17.89469242239063],[-62.849472079621094,17.894579551367052],[-62.84946717572343,17.894573936615412],[-62.84940348436488,17.8944994942556],[-62.84939141863652,17.894484617509203],[-62.84937748830972,17.894466485925903],[-62.84935630117635,17.894435742707802],[-62.849338490946096,17.8944030952025],[-62.849324242461414,17.89436888214406],[-62.84931370363792,17.89433345859793],[-62.84930698376818,17.89429719234406],[-62.84930415258131,17.894260459718378],[-62.84930523958539,17.89422364190637],[-62.849310233410044,17.894187120965533],[-62.84931908218747,17.894151276029422],[-62.84933169412245,17.8941164791503],[-62.84934793834553,17.89408309123237],[-62.84936764623742,17.894051459050118],[-62.84937961434515,17.894034301078918],[-62.84940192003199,17.894005520988852],[-62.849427092132345,17.893978996553628],[-62.84945488336689,17.893954988438264],[-62.849580481013405,17.893856849131875],[-62.84958505650655,17.893853330279075],[-62.84980255006902,17.893688709820676],[-62.850042020737966,17.893500312978638],[-62.85007109787486,17.893479593052863],[-62.85010211592179,17.893461637660753],[-62.85013478916477,17.893446612351568],[-62.85016881643061,17.893434655456282],[-62.85020388420294,17.893425877186168],[-62.85020939119532,17.89342502789574],[-62.85021584981572,17.893417849073952],[-62.850242606722816,17.89339341396313],[-62.8502717313715,17.89337160153412],[-62.85030294443071,17.893352620907798],[-62.850335946861904,17.89333665407388],[-62.85037042199742,17.893323854084777],[-62.85042176473091,17.893307511756365],[-62.85045558471237,17.893298396061383],[-62.85049014312351,17.89329232923355],[-62.85052514094078,17.89328936391948],[-62.85056027500957,17.893289525737085],[-62.85059524144273,17.893292813187788],[-62.85062973731955,17.893299198019342],[-62.85066346408454,17.893308624776566],[-62.85069612981223,17.893321011978053],[-62.85074499801017,17.893342111443285],[-62.85077887981148,17.893358757068178],[-62.8508108382856,17.89337858546248],[-62.85084054837618,17.893401394814862],[-62.85086770799202,17.893426953142406],[-62.85089204074292,17.893455000552333],[-62.8509286658092,17.893501833758993],[-62.85093430676008,17.893509240782887],[-62.851012435497374,17.893614611519876],[-62.85103469862245,17.893648460001973],[-62.85105292007517,17.893684455971805],[-62.85106687685801,17.89372215889382],[-62.85107230200582,17.893739870966733],[-62.851076289568425,17.89374397822443],[-62.851085465904745,17.893753782031126],[-62.85133208768618,17.894027120268248],[-62.85133208862941,17.894027121263225],[-62.851332089100985,17.894027121805912],[-62.85138339320062,17.894083983103442],[-62.851384756002695,17.89408550192408],[-62.851434913455144,17.894141718595794],[-62.851434913832385,17.894141719048026],[-62.8514349141153,17.894141719409784],[-62.85162540553975,17.894355222184437],[-62.85162540676583,17.89435522363157],[-62.85162540723741,17.89435522417425],[-62.851710428436355,17.894450517103138],[-62.851710430134084,17.894450519002564],[-62.85177511909015,17.89452302211792],[-62.851977709512376,17.89474874415015],[-62.8519777095123,17.894748744240534],[-62.85197770960662,17.894748744330997],[-62.8521422791253,17.89493210393532],[-62.852142280539965,17.89493210565375],[-62.852195411208,17.894991302550583],[-62.85242311732211,17.895237539269488],[-62.852437808539506,17.895254434174266],[-62.8524466360317,17.895265237604775],[-62.85244663735196,17.895265239323127],[-62.85244663754056,17.895265239594433],[-62.85263131250282,17.895491254772793],[-62.85263131297441,17.895491255315473],[-62.85263131344592,17.895491255948535],[-62.852686921812776,17.895559311980758],[-62.85283608119267,17.895720043573924],[-62.85283608213598,17.895720044478505],[-62.852836082890484,17.89572004538295],[-62.85291596027224,17.8958061190169],[-62.85293918557005,17.89583376708639],[-62.852959468520325,17.895863461555667],[-62.85297661393616,17.895894916564572],[-62.852989759516035,17.895926171960564],[-62.85301509625615,17.895941307517713],[-62.85304446258207,17.89596294928498],[-62.85307147194881,17.895987242764303],[-62.85309586408128,17.896013953928858],[-62.85319387578812,17.896132557712406],[-62.8531938768257,17.89613255879783],[-62.85329295911452,17.896252457862296],[-62.85330210187206,17.896264712475517],[-62.85331143251519,17.896276834089598],[-62.85331286814949,17.89627914311568],[-62.853314499306634,17.89628132945293],[-62.85332234284645,17.89629438201832],[-62.853330388227214,17.896307321932273],[-62.853331580474304,17.89630975442449],[-62.85333298002936,17.896312083398808],[-62.853339448740854,17.896325807227452],[-62.8533461315469,17.89633944173384],[-62.85334706919101,17.89634197490625],[-62.853348223379356,17.896344423548992],[-62.853353256475344,17.896358689884178],[-62.85335851063753,17.896372884347148],[-62.85335918425893,17.896375492522765],[-62.8533600824309,17.89637803840996],[-62.853363631403056,17.896392711092428],[-62.853367406431836,17.896407327633852],[-62.85336780981968,17.896409986313135],[-62.85336844302709,17.89641260440086],[-62.853370472497176,17.896427537880914],[-62.853372733290264,17.896442439809217],[-62.853372862499796,17.896445124042366],[-62.85337322462727,17.89644778847533],[-62.85337371545289,17.896462839746256],[-62.85337443975343,17.89647788287732],[-62.85337429357887,17.896480566270412],[-62.85337438115393,17.89648325182801]],[[-62.85120194678593,17.894993891461585],[-62.851201228364104,17.894993088546187],[-62.85113617917956,17.894920181390262],[-62.85113617842514,17.89492018039542],[-62.851136177481834,17.89492017949083],[-62.85105115721866,17.894824887220963],[-62.851051156369685,17.894824886406838],[-62.85105115467204,17.894824884417023],[-62.85086066485695,17.894611382720406],[-62.85086066457405,17.89461138235864],[-62.85086066447972,17.894611382268177],[-62.850811185693004,17.894555925946428],[-62.850760563847615,17.89449982057002],[-62.850760563659016,17.89449982029872],[-62.85076056290439,17.894499819575046],[-62.85051843533286,17.89423146151674],[-62.850499004053795,17.894211446913218],[-62.85049693282083,17.894211865533087],[-62.85049163536129,17.894213308022216],[-62.85047881198668,17.894215528299664],[-62.85046606251576,17.89421810539101],[-62.850460588202615,17.89421868364255],[-62.85045516872069,17.894219622038367],[-62.850442180113824,17.89422062828738],[-62.85042922792739,17.89422199647356],[-62.85042372119357,17.894222058227115],[-62.85041823133699,17.89422248353051],[-62.850405201083774,17.89422226599373],[-62.850392172414,17.894222412084712],[-62.85038668612742,17.894221956838557],[-62.850381178861596,17.89422186484199],[-62.850368233747936,17.894220425514938],[-62.850355252645656,17.89421934825021],[-62.85034983929257,17.894218380292862],[-62.850344368145066,17.89421777194135],[-62.85032383104627,17.894214503849916],[-62.850279272578504,17.89424955896934],[-62.85027372189773,17.89425384239646],[-62.85021367262649,17.894299293668958],[-62.85021979973323,17.894306847333176],[-62.85023857566866,17.894335027485315],[-62.850254553171126,17.89436474730763],[-62.850267595564176,17.894395752979023],[-62.85027759148133,17.89442777930902],[-62.850280685664394,17.89443967157183],[-62.850375277239785,17.894661680542185],[-62.85038130558898,17.89466543777567],[-62.850409783491045,17.894687198839208],[-62.850435938408495,17.89471148633292],[-62.85045952677477,17.8947380741029],[-62.850480329114255,17.894766714682394],[-62.850498151550916,17.894797141462202],[-62.850551155421975,17.89489884017882],[-62.85055115561048,17.89489884054051],[-62.85072917221357,17.89524039977379],[-62.85072952842363,17.89524026835277],[-62.850765246699275,17.895230813303655],[-62.85080176090267,17.89522475560571],[-62.85083871951264,17.8952221538313],[-62.85087576641041,17.895223032835123],[-62.850912545032905,17.895227384299726],[-62.85094870101641,17.895235166285623],[-62.850983886255456,17.89524630377664],[-62.851017761828594,17.89526068958608],[-62.85105000149061,17.895278185172813],[-62.85108029488123,17.895298621999494],[-62.85110835016687,17.895321803251928],[-62.851109683197414,17.895323144350503],[-62.85110985877212,17.89530109626387],[-62.851113772258216,17.895265814021627],[-62.85112127896098,17.895231068894685],[-62.851132306567436,17.89519719553087],[-62.85114674888003,17.895164520145922],[-62.85116446676338,17.895133357451098],[-62.85118528956307,17.895104007490755],[-62.851209016901585,17.89507675302251],[-62.85123542009712,17.895051856354858],[-62.85124636910496,17.895043386224984],[-62.85120194678593,17.894993891461585]]]}},{"id":"27","type":"Feature","properties":{"feature_id":"EU_COMP_70021350","layer_key":"eau_eu","layer_label":"Eau EU","state_geometry_mode":"hydraulic_zoning_v2","service_unit_kind":"hydraulic_zone_component","service_feature_id":"EU_COMP_70021350","zone_component_key":"EU_COMP_70021350","zone_uid":"EU_COMP_70021350","network_kind":"EU","feature_role":"canalisation","state_annual_storm":"S0","state_rp50_storm":"S0","state_rp100_storm":"S0","state_p99_storm":"S0","state_top10_storm":"S0","state_top5_storm":"S0","state_annual_storm_cmcc":"S0","state_rp50_storm_cmcc":"S0","state_rp100_storm_cmcc":"S0","state_p99_storm_cmcc":"S0","state_top10_storm_cmcc":"S0","state_top5_storm_cmcc":"S0"},"geometry":{"type":"Polygon","coordinates":[[[-62.851238216289126,17.895739683691506],[-62.851234744517335,17.89574214490195],[-62.851222544303965,17.89574913389498],[-62.85121051380008,17.8957563883031],[-62.851206650277696,17.895758238829522],[-62.85120294380902,17.895760362173803],[-62.851190086562326,17.89576617273786],[-62.851177371635366,17.895772263067553],[-62.85117333801849,17.895773741881893],[-62.85116943123355,17.895775507501],[-62.85115604038995,17.895780083690088],[-62.85114276381776,17.895784951283257],[-62.85113859778625,17.89578604458499],[-62.85113452950096,17.895787434883026],[-62.85112073585121,17.8957907321456],[-62.85110702361133,17.8957943306393],[-62.85110276558033,17.895795027703194],[-62.851098574701346,17.895796029513306],[-62.85108450940291,17.895798016494734],[-62.8510704953938,17.895800310740178],[-62.85106618671913,17.895800604909162],[-62.851061913188666,17.89580120859041],[-62.85104771248698,17.895801866051915],[-62.85103353078488,17.895802834187435],[-62.85102921263049,17.895802722510194],[-62.85102489799245,17.89580292230955],[-62.85101069651732,17.89580224384618],[-62.85099648581403,17.895801876487162],[-62.85099220085083,17.895801360261768],[-62.85098788560756,17.895801154131302],[-62.85097382288711,17.895799146357717],[-62.85095971733214,17.895797447041545],[-62.850955504451974,17.895796530907518],[-62.85095123250097,17.895795920959742],[-62.850937444748105,17.895792603594263],[-62.850923579330164,17.895789588332505],[-62.850919481102956,17.895788281451566],[-62.85091529161838,17.895787273410885],[-62.850901909183,17.895782677827416],[-62.850888419823555,17.895778376100075],[-62.85088447456832,17.895776690703904],[-62.85088040908091,17.89577529454475],[-62.85086756211285,17.895769465494418],[-62.85085457764303,17.89576391843614],[-62.85085082452472,17.895761871186025],[-62.85084692078637,17.895760099953133],[-62.850834732251215,17.895753093208864],[-62.85082237837619,17.895746354425366],[-62.850818852026315,17.895743964238854],[-62.85081514948416,17.89574183576879],[-62.85080373856023,17.895733720116407],[-62.8507921323856,17.895725853330266],[-62.85078886809236,17.89572314400631],[-62.850785400810764,17.895720678029658],[-62.85077487515203,17.8957115301099],[-62.85076413084533,17.89570261250917],[-62.8507611593639,17.895699609650997],[-62.85075796159219,17.89569683041787],[-62.85074842270643,17.89568673834595],[-62.85073864347662,17.89567685578746],[-62.85073599442559,17.895673589336035],[-62.85073309578585,17.895670522629572],[-62.85072463469506,17.895659582285987],[-62.850715915717466,17.895648831286127],[-62.85071361371121,17.895645331901648],[-62.85071104306651,17.895642007933386],[-62.85048356105563,17.895315506097642],[-62.85048220823363,17.895313341281792],[-62.850480670560195,17.895311294008053],[-62.850365510507565,17.895140907821872],[-62.850361452154736,17.895145889191834],[-62.850348520583886,17.895160311366954],[-62.8503224155146,17.895186628756658],[-62.85029368608139,17.89521030762353],[-62.85026262183955,17.89523110947667],[-62.85022953573344,17.895248824586385],[-62.850194761262365,17.895263274422476],[-62.850158648797084,17.895274313368816],[-62.850121562368734,17.89528183025752],[-62.850083875608554,17.895285749179337],[-62.85004596834802,17.895286030836836],[-62.84996845216223,17.895282878089027],[-62.849931549043525,17.895279634586743],[-62.849895155597395,17.89527294365371],[-62.849859622490996,17.895262869464247],[-62.84982529167805,17.895249509267877],[-62.84979249404007,17.895232991670156],[-62.84976154532757,17.89521347572559],[-62.84973274361238,17.89519114939908],[-62.84971855347281,17.895177742355852],[-62.849603880251934,17.8952682232625],[-62.84954983083794,17.8953108694527],[-62.849549830460006,17.89531086981395],[-62.849549829043006,17.895310870897507],[-62.84917824349827,17.895604062217796],[-62.84909224035552,17.895671921689654],[-62.849092239599806,17.895671922231383],[-62.84909223856058,17.89567192313445],[-62.848993718804756,17.89574965759691],[-62.84899455279437,17.895756238967504],[-62.848995388685836,17.895791710590697],[-62.84899258906124,17.895827089911567],[-62.8489861809238,17.89586203610111],[-62.8489762260148,17.895896212605237],[-62.84896510502725,17.89592365255706],[-62.84897675486601,17.895942540566217],[-62.84899346006456,17.895977746915705],[-62.84900946595114,17.896016917551965],[-62.84940787599168,17.89650998120414],[-62.84941583087991,17.89652019278262],[-62.84977041738472,17.89699250696484],[-62.84978996842978,17.89702135065084],[-62.84982282856912,17.89707528331359],[-62.8498484044912,17.897090343539563],[-62.84987898018109,17.89711039165166],[-62.84990735621898,17.89713321249562],[-62.84993325929233,17.897158586401908],[-62.849956439993925,17.89718626895337],[-62.84997667499105,17.89721599360812],[-62.84999376938378,17.89724747396098],[-62.85000755868489,17.89728040699888],[-62.85001791004514,17.897314475451843],[-62.8500247236667,17.897349351228772],[-62.85002793412222,17.897384698491535],[-62.85002751025794,17.897420176818503],[-62.85002345632388,17.897455444549678],[-62.85001581140472,17.897490162040203],[-62.85000464894517,17.897523994913975],[-62.84999007646399,17.897556617407716],[-62.84997223441888,17.89758771517217],[-62.84995129459854,17.89761698888637],[-62.8499282909488,17.897643208002755],[-62.850033263273325,17.897823107671496],[-62.85004972796632,17.897854894306775],[-62.850062859285345,17.89788807295647],[-62.85007253051899,17.89792232409567],[-62.85007864876218,17.89795731783084],[-62.85008115491337,17.897992717334485],[-62.850080024899796,17.898028181467307],[-62.85007526957968,17.898063368845534],[-62.8500669348346,17.898097940462236],[-62.85005510090542,17.898131563573475],[-62.85004445460468,17.89815419363574],[-62.85002954105802,17.898191109163815],[-62.85002265060096,17.898205955269415],[-62.85001588291206,17.89822086709034],[-62.8500151247608,17.89822217061132],[-62.85001449250013,17.898223532890494],[-62.85000611194035,17.898237666591687],[-62.84999785348793,17.898251865736427],[-62.84999696625242,17.898253090882672],[-62.84999619696593,17.89825438824868],[-62.84998640931182,17.89826766806283],[-62.84997673743126,17.898281023258093],[-62.84997572838936,17.898282159911822],[-62.84997483058573,17.898283378090024],[-62.849963733848966,17.898295671765492],[-62.849952737954226,17.898308058707098],[-62.84995161750065,17.898309095125953],[-62.849950599119126,17.89831022336635],[-62.849938298472544,17.898321415378636],[-62.84992608619672,17.898332711855314],[-62.84992560044182,17.898333080350653],[-62.85010098339616,17.89859318967648],[-62.85028938906405,17.898869255395383],[-62.85052618955053,17.89919729459283],[-62.850546967840785,17.899229576109654],[-62.85056410047577,17.899263763620766],[-62.850651883479834,17.89946541404907],[-62.85066372097715,17.899496553794783],[-62.85070625544613,17.899626722115173],[-62.850716099970704,17.8996635395302],[-62.85072185349677,17.899701142887434],[-62.8507234523603,17.8997391167194],[-62.85072127470265,17.899908687716277],[-62.850748658141,17.900001354558587],[-62.85077172404778,17.900038426058547],[-62.85105426539181,17.900118095712763],[-62.85108192047367,17.900127019179724],[-62.85129240891574,17.900203729773224],[-62.851324613812466,17.900217139427745],[-62.85135537834135,17.90023335530955],[-62.85138443648167,17.90025223720668],[-62.85141153677046,17.900273621869697],[-62.851436445039255,17.90029732436955],[-62.8514589457345,17.900323139635127],[-62.851478844276144,17.90035084444349],[-62.85149596856664,17.900380199228827],[-62.85151991681257,17.900426148589247],[-62.851534928614214,17.9004589174876],[-62.851546483721265,17.900492946546983],[-62.851554468740716,17.900527902514792],[-62.85155880569029,17.900563443036123],[-62.851559451901416,17.900599219817288],[-62.851556401148976,17.90063488260364],[-62.85154968327139,17.900670082071716],[-62.8515393640734,17.90070447326384],[-62.85152554456765,17.90073771956462],[-62.851508360217416,17.900769495140842],[-62.85148797932859,17.90079948882693],[-62.851453293909415,17.900845392557134],[-62.85142992659513,17.9008732990901],[-62.85140379371663,17.900898858597685],[-62.851375150764504,17.90092182099204],[-62.85134427822734,17.90094196142241],[-62.851311478285005,17.900959082984347],[-62.851277071786626,17.900973017892408],[-62.85124139551058,17.90098362991861],[-62.85115875629399,17.901003979776743],[-62.85111936591953,17.901011566578322],[-62.85107935666972,17.90101510364827],[-62.85103918127305,17.901014550929585],[-62.85099929459089,17.90100991464544],[-62.85094298701161,17.901000436401333],[-62.85092931458661,17.901018387561294],[-62.85090464966489,17.90104486871711],[-62.85087739240934,17.90106890779492],[-62.850847805376986,17.90109027324236],[-62.85081617338443,17.901108759284494],[-62.85078280105142,17.901124187910522],[-62.85074800987279,17.901136410588908],[-62.85071213491285,17.901145309620702],[-62.85067552159461,17.901150799131393],[-62.85063852258306,17.901152826424305],[-62.85060149419754,17.901151371887487],[-62.85056479301242,17.901146449623848],[-62.850528772458695,17.901138106906185],[-62.850493779519574,17.90112642417464],[-62.850460151143736,17.901111513949324],[-62.85042821122506,17.901093519743238],[-62.85039826729924,17.901072614884747],[-62.85037060780734,17.90104900070765],[-62.85034549907632,17.901022904650702],[-62.85032318296053,17.90099457808644],[-62.85030387438939,17.900964293698074],[-62.850287759292264,17.900932343127717],[-62.85027499280718,17.900899034173033],[-62.85026569786736,17.900864687622494],[-62.850259964165396,17.900829634181452],[-62.850257846739716,17.90079421148823],[-62.850259366071946,17.900758760679466],[-62.85026450742891,17.900723623135697],[-62.85027322143189,17.90068913722783],[-62.850285424059415,17.90065563515364],[-62.85030307439147,17.900613887910424],[-62.85030163261716,17.900613051715776],[-62.850271033575574,17.900593286747288],[-62.85024259627889,17.900570756236597],[-62.85021659216172,17.900545675333895],[-62.8501932699795,17.900518283666884],[-62.8501728523174,17.90048884289758],[-62.85007437133543,17.90033056260077],[-62.850058776490386,17.90030281540946],[-62.850045764264166,17.900273873571468],[-62.850035433505816,17.90024395707515],[-62.84997962292708,17.900055089159547],[-62.84997144202832,17.90002128875623],[-62.84996668290999,17.89998689325944],[-62.84996538929831,17.899952219419422],[-62.84996750231891,17.8997877322982],[-62.84994807618484,17.899728281589326],[-62.849882258120374,17.89957708658054],[-62.849673935654636,17.89928849644365],[-62.84966005330947,17.89929306446384],[-62.849623994415644,17.899301252352924],[-62.849587270936496,17.899306016944024],[-62.84955023647204,17.899307312322176],[-62.8495132477096,17.89930512610872],[-62.849476660836245,17.899299479368068],[-62.84944082832903,17.89929042633408],[-62.84940609517866,17.899278054316746],[-62.84937279586939,17.899262482434416],[-62.84934125116993,17.899243860617016],[-62.849311764830105,17.899222368338034],[-62.84928462075054,17.899198212352612],[-62.84926008052894,17.89917162552057],[-62.849238380347266,17.899142863730784],[-62.8492197291795,17.899112204092013],[-62.84916105058682,17.899003845276276],[-62.84908707646322,17.89887625178688],[-62.84908706053141,17.898876224387248],[-62.84908706015431,17.898876223754243],[-62.84908563600754,17.898873767737356],[-62.84908046442748,17.898863716662703],[-62.849074915154624,17.898853849323253],[-62.84906668456822,17.898837318648532],[-62.84901567933979,17.898766817585248],[-62.84901567896256,17.898766817133023],[-62.84901567735953,17.898766814872104],[-62.848956730604776,17.89868533807807],[-62.84895232352275,17.898678558430287],[-62.84894754115621,17.89867201729394],[-62.84894493158619,17.898668046643934],[-62.84894493120901,17.898668046101324],[-62.84894491716037,17.898668024668687],[-62.84891610515978,17.89862419169651],[-62.8489161049712,17.898624191425206],[-62.84891610487694,17.898624191244352],[-62.84890836668493,17.898612418830442],[-62.84886340738522,17.898548704250928],[-62.84886340597079,17.89854870226131],[-62.84886340587653,17.898548702080465],[-62.8488115417829,17.89847520342193],[-62.84877657444613,17.8984278119004],[-62.84877317481686,17.89842268810876],[-62.84876943607714,17.89841778432702],[-62.84876586488112,17.898412582217173],[-62.848734085193755,17.898421735889013],[-62.84869772178869,17.898428578050282],[-62.84866083299565,17.898431974873468],[-62.848623774101384,17.898431893552814],[-62.84858690196917,17.898428334908054],[-62.8485505717344,17.89842133329146],[-62.848515133312,17.898410955952365],[-62.84848092780882,17.89839730303442],[-62.84844828488158,17.898380505856114],[-62.84841751877218,17.898360726274955],[-62.848388925760304,17.898338154787314],[-62.84836278123826,17.898313008718347],[-62.84833933706915,17.89828553023143],[-62.84831881894561,17.89825598397592],[-62.84830142440923,17.898224654554777],[-62.848287321153904,17.89819184363075],[-62.848276644856554,17.898157867303535],[-62.84826949842512,17.898123052583923],[-62.848265950584505,17.898087734861925],[-62.84826603559669,17.89805225429102],[-62.84826975260259,17.89801695253371],[-62.848277065719394,17.897982169598027],[-62.84828790470429,17.897948240493776],[-62.84830216495746,17.897915491797804],[-62.848319709318126,17.897884239124622],[-62.84834036872865,17.89785478333069],[-62.84834102843872,17.89785401736198],[-62.848339445512565,17.89785456631536],[-62.84833553962854,17.897855518664823],[-62.84833172281283,17.897856754899042],[-62.84831759176801,17.897859894786176],[-62.84830353288859,17.897863322611375],[-62.84829954924467,17.897863903679763],[-62.84829562331943,17.89786477602024],[-62.848281238135236,17.897866574723896],[-62.84826689678983,17.89786866667636],[-62.84826287239851,17.897868871159645],[-62.848258876550595,17.897869370778928],[-62.84824437696588,17.89786981087278],[-62.84822988996891,17.897870546902688],[-62.84822586420013,17.89787037275262],[-62.84822183629118,17.897870494980054],[-62.848207360617494,17.897869572233283],[-62.848192868926375,17.897868945219503],[-62.84818888048606,17.897868394093226],[-62.848184859318806,17.89786813778403],[-62.84817054840546,17.897865861164398],[-62.84815619003977,17.897863877180107],[-62.848152277158654,17.8978629544403],[-62.84814830162723,17.89786232197488],[-62.8481342926307,17.897858713282353],[-62.84812020663733,17.897855391417394],[-62.84811640678796,17.89785410586087],[-62.84811251550003,17.897853103415695],[-62.84809894481001,17.897848197917416],[-62.84808526531602,17.897843569731286],[-62.84808161511831,17.897841933588936],[-62.848077845451115,17.897840570955022],[-62.84806484161167,17.897834415300867],[-62.848051702449226,17.89782852591101],[-62.84804823804748,17.89782655557117],[-62.84804462529892,17.89782484533994],[-62.84803231184074,17.89781749747435],[-62.848019841449656,17.89781040491941],[-62.84801659587061,17.89780811920847],[-62.84801317514633,17.897806077948236],[-62.84800167313344,17.89779760982377],[-62.8479899889943,17.897789381263017],[-62.84798699271334,17.897786801716993],[-62.8479837977942,17.897784449520167],[-62.8479732195955,17.89777494420027],[-62.84796243257113,17.8977656574535],[-62.84795971455028,17.897762808861184],[-62.847956776099466,17.897760168438957],[-62.847947223125296,17.897749717294154],[-62.84793743764865,17.89773946183614],[-62.847935023826956,17.897736371243624],[-62.84793237042797,17.897733468378746],[-62.84782521882828,17.89760393228503],[-62.84782521854536,17.89760393192326],[-62.84782521797946,17.897603931290114],[-62.84776394982957,17.897529863245296],[-62.847763949358,17.897529862702605],[-62.84776394916941,17.897529862431295],[-62.84773556624885,17.897495549999725],[-62.84771401161069,17.89746668818383],[-62.84769551559115,17.89743594265033],[-62.84768025627209,17.897403609376326],[-62.84766838056732,17.897369999861006],[-62.84766000290389,17.89733543768988],[-62.847658559478674,17.897324855847828],[-62.847631029021564,17.89732061757006],[-62.84759519303003,17.89731157829555],[-62.84756045509569,17.897299219685046],[-62.84752714969809,17.89728366058887],[-62.84749559750646,17.89726505084952],[-62.84746610245432,17.89724356985311],[-62.84743894862579,17.89721942435764],[-62.847414397519124,17.89719284695417],[-62.84739268549983,17.89716409353399],[-62.84737402172566,17.897133441027226],[-62.847358585883306,17.89710118459903],[-62.847346526774544,17.897067635027245],[-62.84733796033662,17.89703311535643],[-62.84733296917287,17.896997957914746],[-62.84733160142237,17.896962501420614],[-62.84733387010238,17.89692708727635],[-62.84733975339415,17.896892056676002],[-62.84734919474073,17.896857746718744],[-62.847351976815126,17.896850578581738],[-62.84733375451235,17.896829878668246],[-62.84731276423596,17.896800638165903],[-62.84729486858747,17.896769568664638],[-62.847282228176795,17.89674140009899],[-62.84727988866401,17.896739870903158],[-62.84726678300881,17.896731576738013],[-62.847264590638574,17.896729871492955],[-62.847262257070405,17.896728346188215],[-62.84725021201929,17.896718687737508],[-62.847238019827785,17.896709204611984],[-62.8472360122874,17.896707301563847],[-62.84723384647301,17.896705564884567],[-62.8472228483814,17.89669482287948],[-62.84721168550835,17.896684241000806],[-62.84720988289024,17.896682159146735],[-62.84720790483016,17.89668022719757],[-62.8469448159131,17.896396676127786],[-62.846931161157165,17.896382960542336],[-62.846931160779846,17.896382960180485],[-62.84693116059119,17.896382959999563],[-62.846690472869156,17.896141200846802],[-62.84666625117101,17.896114347926513],[-62.84664489505247,17.896085351289248],[-62.846626610457115,17.8960544901231],[-62.84661157329126,17.896022061579465],[-62.84659992848233,17.895988378151042],[-62.846591788188235,17.895953764054912],[-62.84658723066676,17.895918552700756],[-62.846586299806624,17.895883083255793],[-62.84658900475285,17.895847697209714],[-62.84659531934302,17.89581273539151],[-62.84660518267677,17.8957785345352],[-62.846618499968315,17.895745424026565],[-62.84663514283262,17.89571372264949],[-62.84665495089277,17.89568373569487],[-62.84667773357632,17.89565575206967],[-62.84670327143966,17.895630041224848],[-62.846731318435744,17.89560685080714],[-62.84676160446546,17.895586403949483],[-62.84679383792782,17.89556889782691],[-62.84682770846006,17.895554500856683],[-62.84686288967626,17.89554335179672],[-62.84689904294483,17.89553555803115],[-62.84691902910129,17.895533186708967],[-62.84684912460381,17.895448233581575],[-62.846849123755085,17.89544823249627],[-62.84684912281196,17.89544823141088],[-62.84682948412273,17.895424364616776],[-62.84682365878756,17.895417097611936],[-62.84681447653945,17.89540533735433],[-62.84681447569089,17.89540533608825],[-62.846663584564155,17.895212083056105],[-62.8466428791912,17.895182657047943],[-62.84662528596053,17.895151429632975],[-62.846610974449185,17.895118701573086],[-62.84660008240661,17.895084788066935],[-62.84659271471881,17.895050015675924],[-62.846588942372605,17.895014719340587],[-62.846588801608966,17.89497923894519],[-62.846592293831414,17.894943916154112],[-62.84659938551461,17.894909091157796],[-62.84661000820714,17.894875099418897],[-62.846624059667505,17.894842268238428],[-62.84664140452761,17.894810913773554],[-62.84666187580584,17.894781338056028],[-62.846685276325985,17.894753825829863],[-62.846711380701855,17.894728642112376],[-62.84673993760549,17.894706029394122],[-62.84677067194031,17.89468620547134],[-62.84680328776967,17.894669361188576],[-62.84681770907436,17.894663580435243],[-62.84681411804306,17.8946603035184],[-62.84678992779584,17.894633424694295],[-62.84676860574359,17.89460440522613],[-62.846750357261655,17.894573524572593],[-62.846735358066276,17.894541079975262],[-62.84672375261171,17.89450738410718],[-62.846715652582986,17.89447276136579],[-62.846711136143114,17.894437545160713],[-62.8467102467086,17.894402074749188],[-62.84671299285818,17.894366691620515],[-62.84671934814681,17.894331736513138],[-62.84672925129717,17.894297546251266],[-62.84674260695833,17.89426444994918],[-62.84675928655774,17.89423276639077],[-62.84677912943708,17.894202800595675],[-62.84680194455377,17.89417484138032],[-62.84682751208896,17.894149157743605],[-62.84685558590353,17.894125997242014],[-62.846876992465205,17.894111579340667],[-62.84688953704762,17.894084316245696],[-62.846882931656154,17.89407410499141],[-62.84686660141597,17.89404225500733],[-62.846853610355446,17.894009025899607],[-62.84684408366345,17.893974737647344],[-62.84683811310018,17.893939720507323],[-62.846835756244914,17.893904311669097],[-62.84683703564905,17.893868852181104],[-62.84684193902808,17.893833683425765],[-62.846850419264165,17.89379914422706],[-62.846862394503795,17.89376556714475],[-62.846877749576514,17.893733275583166],[-62.8468963364697,17.89370258053762],[-62.84691797631383,17.893673777613284],[-62.8469424606123,17.893647144043374],[-62.84696955360331,17.89362293661219],[-62.84699899433996,17.89360138813168],[-62.84703049933438,17.89358270635892],[-62.84706376520353,17.893567071196244],[-62.8470984715027,17.89355463306655],[-62.84713428403049,17.893545511831274],[-62.84717085785104,17.893539795346623],[-62.84720784078749,17.89353753874321],[-62.84724487663233,17.89353876361514],[-62.84728160882902,17.89354345820366],[-62.847317683492825,17.89355157739952],[-62.84735275328121,17.89356304283638],[-62.84744345579299,17.893597541453943],[-62.84745457684593,17.89360238903914],[-62.84746585954533,17.893606877099916],[-62.84747143032177,17.8936097353457],[-62.84747718293946,17.8936122428509],[-62.84748775358957,17.893618110383432],[-62.84749852306689,17.89362363595581],[-62.847503774602664,17.893627003372536],[-62.847509242610656,17.893630038514765],[-62.84751916085457,17.89363686933271],[-62.847529313687154,17.89364337945951],[-62.847534195880556,17.89364722401108],[-62.8475393260597,17.89365075719223],[-62.847548497265024,17.893658485781543],[-62.847557934758946,17.893665917476373],[-62.84756239921273,17.893670200981706],[-62.84756714372772,17.89367419926357],[-62.847575479971844,17.893682751799876],[-62.84758411071005,17.89369103286259],[-62.84758811563679,17.89369571533803],[-62.847592427413325,17.893700139004007],[-62.84759984720156,17.893709431634996],[-62.84760758949579,17.893718483817132],[-62.84761109547327,17.893723519224967],[-62.84761493395257,17.89372832657502],[-62.847621367687786,17.893738272384528],[-62.84762814486286,17.893748005962387],[-62.84763111813545,17.893753345557716],[-62.84763444634977,17.893758490556024],[-62.8476398306746,17.89376899187671],[-62.847645578990615,17.8937793149674],[-62.8476479917511,17.893784908834924],[-62.847650776701926,17.893790340477494],[-62.84765505968537,17.893801295583476],[-62.84765972390467,17.893812109350932],[-62.84766155231515,17.893817902516748],[-62.84766376789568,17.89382356953379],[-62.84766690874902,17.893834873725115],[-62.84767044345721,17.893846073194574],[-62.847671670005354,17.893852010147405],[-62.847673294737604,17.893857857747626],[-62.847675263436514,17.89386940362107],[-62.8476776342683,17.893880879487806],[-62.84767824701408,17.893886901828303],[-62.84767926546229,17.893892874863553],[-62.847680042654225,17.893904550324077],[-62.84768122723389,17.89391619302149],[-62.847681220466264,17.89392224443405],[-62.84768162248481,17.893928283692883],[-62.847681200712934,17.893939975841175],[-62.84768118887347,17.893950533590125],[-62.84781624891835,17.89384173145288],[-62.847816250429915,17.893841730188647],[-62.84781625099673,17.893841729737147],[-62.847860131317475,17.893806380080957],[-62.84786160288095,17.89380519471866],[-62.847861604298096,17.89380519345435],[-62.84809107237028,17.89362033655923],[-62.84810380770648,17.893611059575967],[-62.84811640874446,17.893601622411516],[-62.848118548036716,17.893600322143577],[-62.848120564840066,17.89359885302733],[-62.84813418775542,17.893590816393615],[-62.84814769498146,17.89358260666777],[-62.848149956918455,17.893581513481628],[-62.84815211459596,17.893580240614945],[-62.84816649380182,17.893573521509005],[-62.84818077734164,17.893566618480005],[-62.8481831407679,17.893565742663235],[-62.84818541778448,17.893564678683465],[-62.84820041463956,17.89355934162367],[-62.848215337077285,17.89355381198013],[-62.84821777847858,17.89355316228191],[-62.848220153868056,17.89355231693447],[-62.84823562615547,17.89354841269764],[-62.84825104158979,17.89354431037708],[-62.84825353792613,17.89354389292574],[-62.84825598817458,17.893543274598265],[-62.84827178500315,17.89354084120997],[-62.84828754679028,17.893538205235537],[-62.84829007370179,17.893538024079493],[-62.848292575675075,17.893537638629088],[-62.84830854692148,17.893536699382498],[-62.84832450125436,17.893535555304197],[-62.84832703438318,17.89353561214182],[-62.84832956391048,17.8935354633459],[-62.84834555257191,17.893536027338165],[-62.8483615490546,17.89353638606604],[-62.84836406479995,17.893536680427026],[-62.848366596768386,17.89353676971222],[-62.84838244859239,17.893538831219253],[-62.84839833344224,17.893540689650834],[-62.84840080707249,17.89354121871394],[-62.848403317504044,17.893541545157714],[-62.84841888438599,17.89354508490227],[-62.848434500151534,17.893548424566525],[-62.84843690674844,17.893549182889153],[-62.84843937261084,17.89354974358122],[-62.84845450258816,17.893554727278886],[-62.84846970079784,17.893559516244192],[-62.84847201903161,17.893560497121143],[-62.848474414746065,17.893561286256855],[-62.84848895756867,17.893567663987675],[-62.84850359646403,17.893573857944716],[-62.848505803402425,17.893575051777155],[-62.84850810650698,17.89357606183695],[-62.848521930906486,17.893583776103316],[-62.848535860626384,17.893591311574475],[-62.848537933245275,17.893592705780744],[-62.84854012345033,17.893593927981343],[-62.848553095434035,17.893602905285068],[-62.848566182740804,17.89361170895352],[-62.84856810292486,17.893613291226963],[-62.848570157112,17.89361471280586],[-62.84858214459036,17.893624861663262],[-62.84859427060136,17.893634853625173],[-62.84859602004872,17.893636608947343],[-62.8485979183102,17.8936382160599],[-62.84860880864472,17.893649440573494],[-62.84861985383158,17.8936605228471],[-62.84866299434625,17.893708297045823],[-62.84866299491207,17.893708297769358],[-62.848662995666686,17.893708298493042],[-62.84875954505106,17.893815219208957],[-62.84875954561688,17.893815219932492],[-62.84875954637151,17.893815220656176],[-62.848839969539156,17.893904283678353],[-62.8488399709537,17.893904285487192],[-62.8488399725573,17.893904287025016],[-62.848857282567444,17.893923457106347],[-62.84886371596008,17.893930775321106],[-62.8488806314216,17.893950542191547],[-62.84888063179891,17.893950542553384],[-62.84888063245906,17.893950543367378],[-62.848893818158096,17.89396595167745],[-62.848893822496,17.89396595728482],[-62.848893827872296,17.893965962983376],[-62.84890971797646,17.893984532962904],[-62.84890971807071,17.89398453314375],[-62.84890972231475,17.893984538118332],[-62.84903247707777,17.894127990814148],[-62.849032480661656,17.894127994974735],[-62.849032480850234,17.894127995246045],[-62.84904426424382,17.894141765005685],[-62.84904426509247,17.894141766181377],[-62.84904426669599,17.894141767809593],[-62.849103143889906,17.894210571643796],[-62.84910314407857,17.894210571824715],[-62.849103144267225,17.894210572005644],[-62.84912364252512,17.894234526283277],[-62.84912364309102,17.89423452691642],[-62.849123643279604,17.89423452718773],[-62.849246224380565,17.894377774524536],[-62.849246225889445,17.894377776423834],[-62.84924622720991,17.89437777787105],[-62.849269206401225,17.894404631864727],[-62.84926920932498,17.894404635211316],[-62.8492692098908,17.894404635934848],[-62.849290495610276,17.894429510222004],[-62.8492934778352,17.894433040158326],[-62.84933840709342,17.89448690994202],[-62.84933840822514,17.8944869112987],[-62.84934614714598,17.894496190100114],[-62.849346149032186,17.89449619236125],[-62.84936545559599,17.89451934016132],[-62.84937643862104,17.894510674655447],[-62.849376447312174,17.894510667792744],[-62.849376447406655,17.894510667702427],[-62.84947294496461,17.89443452761411],[-62.84947294543687,17.89443452734331],[-62.849472946287214,17.894434526530485],[-62.84951422065619,17.894401959858058],[-62.84964414055045,17.894297459066376],[-62.84965198196998,17.894291755997745],[-62.84965954272449,17.894285712314236],[-62.849666729712816,17.894281030114357],[-62.849673650111434,17.894275996916008],[-62.84968203730627,17.894271057405902],[-62.84969018067554,17.89426575209134],[-62.84969324652617,17.894264151080176],[-62.849694689874674,17.89426282910732],[-62.849698333953675,17.894258992816756],[-62.8497080724747,17.894250571009277],[-62.84971755414958,17.894241886157346],[-62.84972181567159,17.89423868612581],[-62.84972583470845,17.894235210497502],[-62.849778425839794,17.894194031103858],[-62.84977849962753,17.89419160724918],[-62.84978320486699,17.89415641367899],[-62.84979149030054,17.894121831175113],[-62.84980327634536,17.89408819275229],[-62.849818449251686,17.89405582236002],[-62.84983686308796,17.894025031810987],[-62.84985834031022,17.893996117437194],[-62.84988267431287,17.893969357922693],[-62.8499096305645,17.89394501086979],[-62.8499389496306,17.89392331072251],[-62.84994055316162,17.893922348340777],[-62.84994909976068,17.89391485225128],[-62.84997874728426,17.89389356514896],[-62.85001043125224,17.89387516286939],[-62.850043846587056,17.893859822606657],[-62.85007867152657,17.89384769207595],[-62.85011457055174,17.89383888806967],[-62.850151198069305,17.893833495375645],[-62.850188201244535,17.893831565965847],[-62.85022522387224,17.893833118366686],[-62.8502403339021,17.893835185750593],[-62.85026315135955,17.89381927012154],[-62.85026914599945,17.89381590672481],[-62.85033416748859,17.893766327204897],[-62.85036425354219,17.89374561189791],[-62.85039631540455,17.893727819687168],[-62.85043004432178,17.893713122070157],[-62.85046511551664,17.893701660523703],[-62.850501191210306,17.893693545421698],[-62.85053792402193,17.893688854862667],[-62.85057496008431,17.893687634129893],[-62.85061194272635,17.89368989488075],[-62.85064851596565,17.893695615420548],[-62.85068432734071,17.893704740614343],[-62.85071903215837,17.893717182613216],[-62.85075229613662,17.89373282157943],[-62.85078379889636,17.893751506864074],[-62.85081323707555,17.893773058546007],[-62.85084032715991,17.89379726906093],[-62.850864808218944,17.893823905282364],[-62.85088644454745,17.893852710692904],[-62.85090502783483,17.893883407826294],[-62.85092037895646,17.89391570107072],[-62.85093235014278,17.893949279472487],[-62.85094082610974,17.893983819629177],[-62.8509457252835,17.894018988944545],[-62.850947000364464,17.894054448611666],[-62.85094463917403,17.89408985713869],[-62.85094057191621,17.894113693993507],[-62.851051070326434,17.89425078155948],[-62.85107224426474,17.89427990023838],[-62.85109033536163,17.89431086578821],[-62.851105169214264,17.894343379889328],[-62.85111660296309,17.89437712960339],[-62.851124526611656,17.894411789724394],[-62.85112886368439,17.894447026575378],[-62.851129572640446,17.894482500721146],[-62.85112664639879,17.894517870673738],[-62.85112011328003,17.89455279560477],[-62.85111003615354,17.894586939321808],[-62.8510965121522,17.894619972889423],[-62.85107967134779,17.894651578243664],[-62.85105967608782,17.894681450993602],[-62.85103671882178,17.894709303492853],[-62.85101102077724,17.894734867459867],[-62.850997903381526,17.894745582941837],[-62.85111330922479,17.894916331945886],[-62.85113091291188,17.894941598119185],[-62.85115199040574,17.894933870493272],[-62.85118773043725,17.89492449112686],[-62.85122425847158,17.89491851100211],[-62.8512612228949,17.894915987517056],[-62.85129826768378,17.894916945165697],[-62.851335035993415,17.894921374546527],[-62.85137117383867,17.89492923317876],[-62.851406333209496,17.894940445324],[-62.851440175279905,17.894954902892458],[-62.851472374466205,17.89497246680191],[-62.85150262040884,17.89499296779258],[-62.85153062193554,17.89501620850908],[-62.851556109325784,17.895041965129025],[-62.851578837141126,17.895069989534456],[-62.851598586583165,17.8951000119348],[-62.85161516728551,17.895131743037496],[-62.85162841976553,17.895164877394098],[-62.85163821627209,17.8951990959318],[-62.85164446238794,17.895234068937338],[-62.85164709815966,17.8952694597637],[-62.85164609800106,17.8953049275417],[-62.851641471728925,17.89534013061541],[-62.85163326371055,17.895374730066653],[-62.85162155305014,17.89540839269792],[-62.85160645264225,17.895440794104832],[-62.85158810775267,17.895471622561733],[-62.8515666951671,17.895500580919222],[-62.85154242101685,17.89552739039876],[-62.85151551907765,17.895551792760777],[-62.85148624850173,17.895573553014522],[-62.85124187127824,17.895737479681912],[-62.851238216289126,17.895739683691506]],[[-62.84829643250044,17.894408818043726],[-62.84829643212313,17.89440881768188],[-62.84829643174581,17.894408817320038],[-62.84829191938342,17.894403544326497],[-62.847939734056375,17.894687259129352],[-62.84793973367845,17.894687259490603],[-62.84793973292273,17.89468726003233],[-62.847935879556594,17.89469036426163],[-62.84785899053719,17.89475854323117],[-62.84785898930908,17.894758544224466],[-62.84778278150739,17.89482611918619],[-62.84777444075544,17.894833297809978],[-62.847645963659225,17.894940613393228],[-62.84763659693435,17.894948184482683],[-62.84749210902368,17.89506117965432],[-62.84751383244581,17.89508757948693],[-62.84751384017816,17.89508758997789],[-62.847513849044056,17.895087599656257],[-62.84751847486136,17.895093222102428],[-62.84751849466609,17.895093246160904],[-62.84751849476042,17.895093246251363],[-62.84755252315518,17.895134598781663],[-62.84764350383345,17.895244248802243],[-62.84764350430486,17.895244249525714],[-62.847643505625385,17.895244250882556],[-62.84771357512076,17.895328699949488],[-62.84771357832733,17.89532870374825],[-62.84771357879882,17.895328704381324],[-62.847730014267256,17.8953485120997],[-62.847755600756784,17.895328210369353],[-62.8477409518876,17.895309110786684],[-62.84772205117123,17.895278591805646],[-62.84770636590786,17.89524644601912],[-62.847694047070746,17.89521298303141],[-62.847685213334984,17.895178525165974],[-62.84767994985327,17.895143404120187],[-62.84767830721965,17.89510795834323],[-62.847680301284285,17.895072529058936],[-62.84768591277823,17.895037457553812],[-62.84769508769427,17.895003081471568],[-62.84770773776152,17.894969732011443],[-62.84772374101503,17.894937730222814],[-62.84774294349747,17.89490738438531],[-62.84776516011169,17.89487898666525],[-62.84779017688863,17.89485281058657],[-62.847817753066664,17.894829108320895],[-62.84784762298196,17.89480810797747],[-62.84787949890213,17.894790011888038],[-62.847891273923366,17.894784745098576],[-62.84789770941075,17.894771532184112],[-62.84791658800275,17.89474100060134],[-62.84793850133119,17.89471238777369],[-62.847963238446845,17.89468596912579],[-62.847990560946684,17.89466199909102],[-62.848301611178044,17.89441486978926],[-62.84829643250044,17.894408818043726]]]}},{"id":"28","type":"Feature","properties":{"feature_id":"EU_COMP_70022130","layer_key":"eau_eu","layer_label":"Eau EU","state_geometry_mode":"hydraulic_zoning_v2","service_unit_kind":"hydraulic_zone_component","service_feature_id":"EU_COMP_70022130","zone_component_key":"EU_COMP_70022130","zone_uid":"EU_COMP_70022130","network_kind":"EU","feature_role":"canalisation","state_annual_storm":"S0","state_rp50_storm":"S0","state_rp100_storm":"S0","state_p99_storm":"S0","state_top10_storm":"S0","state_top5_storm":"S0","state_annual_storm_cmcc":"S0","state_rp50_storm_cmcc":"S0","state_rp100_storm_cmcc":"S0","state_p99_storm_cmcc":"S0","state_top10_storm_cmcc":"S0","state_top5_storm_cmcc":"S0"},"geometry":{"type":"Polygon","coordinates":[[[-62.85259673879951,17.89796324743389],[-62.8525909362675,17.897966910958235],[-62.85255950738026,17.897985711073353],[-62.852547374425804,17.89799219894794],[-62.85251417216794,17.898007959150636],[-62.85250143342433,17.898013277190103],[-62.85246677755355,17.898025845699912],[-62.852453555702645,17.898029942688247],[-62.85241777997618,17.898039198462644],[-62.852404202352524,17.898042034943312],[-62.85236765131275,17.89804788884344],[-62.852353848677275,17.898049437499377],[-62.852316874333496,17.89805183314855],[-62.852302979614265,17.898052079065238],[-62.852265938052575,17.898050993391877],[-62.852252085064414,17.898049934200984],[-62.85221533301825,17.898045377660818],[-62.852201655174106,17.898043023563034],[-62.85216554658866,17.898035040038422],[-62.85215217561469,17.898031413705173],[-62.852117058238,17.89802008008245],[-62.85210412290495,17.8980152164376],[-62.85207033493892,17.8980006418666],[-62.85205795982193,17.89799458775007],[-62.85202582666509,17.89797691259295],[-62.85201413094394,17.89796972630961],[-62.85198396205764,17.897949120789015],[-62.851973058368955,17.897940871547195],[-62.85194514429701,17.897917534106863],[-62.85193513764955,17.897908301351777],[-62.85190974722009,17.897882456745414],[-62.85190073398336,17.897872329394065],[-62.85187811171991,17.89784422652075],[-62.85187017869613,17.89783330210558],[-62.85185054246268,17.897803211612686],[-62.8518437660508,17.897791595342277],[-62.85182730495367,17.89775980701895],[-62.851821750413656,17.89774761076477],[-62.85180862298042,17.897714430751034],[-62.85180434380476,17.897701771970066],[-62.85179467645752,17.897667519808497],[-62.8517917138561,17.897654520412022],[-62.851785599694125,17.89761952597035],[-62.851783982197404,17.897606311149865],[-62.8517814801006,17.897570911444124],[-62.85178122328489,17.89755760846569],[-62.85178235734685,17.897522144414562],[-62.8517834636843,17.897508881393144],[-62.85178822298045,17.89747369453473],[-62.8517906818153,17.897460599200386],[-62.85179902050815,17.897426028402982],[-62.851802808159476,17.897413226870757],[-62.85181464594018,17.897379605069403],[-62.851819725929865,17.897367220624755],[-62.85183494879178,17.89733487161493],[-62.85184127219594,17.89732302352648],[-62.85185973353264,17.897292258845763],[-62.851867239452794,17.897281061216642],[-62.851888761470036,17.897252177144516],[-62.851897377619586,17.897241737813534],[-62.85192175304764,17.897215012518075],[-62.85193139644814,17.89720543202119],[-62.85195839053792,17.897181122880212],[-62.85196896831811,17.897172493482323],[-62.85199832110198,17.89715083460476],[-62.85200392887509,17.897146902918433],[-62.852125066313704,17.897066268409592],[-62.85212601875397,17.897065639931046],[-62.852131112649204,17.897062307964188],[-62.85213207041965,17.89706168695516],[-62.85213474356561,17.897059968918263],[-62.8521347879161,17.897059940417478],[-62.852260827537826,17.89697895524012],[-62.85226669222403,17.896975383637283],[-62.85229843982741,17.896957081259295],[-62.85231068258525,17.896950785426487],[-62.85234415104046,17.896935550475103],[-62.85235697938852,17.896930433857655],[-62.85239184637795,17.89691841305271],[-62.852405136773015,17.89691452492607],[-62.852441066510785,17.89690583403363],[-62.85245469096002,17.8969032118423],[-62.85249133742575,17.896897934559753],[-62.85250516471931,17.896896603556673],[-62.85254217499031,17.89689479070675],[-62.85255607196487,17.896894763710115],[-62.852593089615,17.896896432751426],[-62.852606922436216,17.896897710021232],[-62.852643590968206,17.89690284488016],[-62.852657226419545,17.8969054141157],[-62.85269319269821,17.896913965341156],[-62.85270649946386,17.89691780179951],[-62.8527414171169,17.89692968703919],[-62.852754267046336,17.89693475377345],[-62.85278779979996,17.89694985856691],[-62.85280006914214,17.89695610678204],[-62.85283189405948,17.896974285662942],[-62.852843464654526,17.89698165518564],[-62.85287327524561,17.897002733082658],[-62.85288403566281,17.897011152940888],[-62.852911544836196,17.897034926863697],[-62.852921391447055,17.89704431597013],[-62.85294633427466,17.897070556964245],[-62.852955172250944,17.897080824897184],[-62.852977308519385,17.897109280248877],[-62.85298505274631,17.897120328123016],[-62.85300416927037,17.897150723793022],[-62.85301074516637,17.89716244521179],[-62.85302665784205,17.897194488474423],[-62.85303200207703,17.897206770554572],[-62.85304455765468,17.897240152816753],[-62.85304861875994,17.897252877275506],[-62.853057696320185,17.89728727704868],[-62.85306043518415,17.89730032134283],[-62.853065947302476,17.897335407339018],[-62.853067337547344,17.897348645845074],[-62.85306923113622,17.897384080167345],[-62.85306925937208,17.897397385391358],[-62.85306751619223,17.897432826787945],[-62.85306618214605,17.897446070593322],[-62.85306081898231,17.897481177744037],[-62.85305813550059,17.897494232585583],[-62.853049204000314,17.89752866738896],[-62.85304519692541,17.897541407541226],[-62.85303278310121,17.89757483837061],[-62.85302749102254,17.897587141138647],[-62.85301171442405,17.89761924603598],[-62.85300518830641,17.89763099293704],[-62.85298620086902,17.89766146271352],[-62.85297850356189,17.89767254061809],[-62.85295648814361,17.89770108183188],[-62.85294769377586,17.897711384053185],[-62.85292286239635,17.897737721835448],[-62.852913055662306,17.897747149156967],[-62.852885647461044,17.897771029859065],[-62.852874922804936,17.897779491490002],[-62.852845201738184,17.897800685126352],[-62.85283952714678,17.897804527956396],[-62.85271438775537,17.897884934856894],[-62.85259673879951,17.89796324743389]]]}},{"id":"29","type":"Feature","properties":{"feature_id":"EU_COMP_70022544","layer_key":"eau_eu","layer_label":"Eau EU","state_geometry_mode":"hydraulic_zoning_v2","service_unit_kind":"hydraulic_zone_component","service_feature_id":"EU_COMP_70022544","zone_component_key":"EU_COMP_70022544","zone_uid":"EU_COMP_70022544","network_kind":"EU","feature_role":"canalisation","state_annual_storm":"S0","state_rp50_storm":"S0","state_rp100_storm":"S0","state_p99_storm":"S0","state_top10_storm":"S0","state_top5_storm":"S0","state_annual_storm_cmcc":"S0","state_rp50_storm_cmcc":"S0","state_rp100_storm_cmcc":"S0","state_p99_storm_cmcc":"S0","state_top10_storm_cmcc":"S0","state_top5_storm_cmcc":"S0"},"geometry":{"type":"Polygon","coordinates":[[[-62.85163268522212,17.900923082138096],[-62.85156031694546,17.90087199999364],[-62.851559922772374,17.90087172075119],[-62.851557823215266,17.900870227977965],[-62.85155743005442,17.90086994743044],[-62.85154938130284,17.900864183308705],[-62.851508919273904,17.900835207333056],[-62.851443681578964,17.90079264107316],[-62.85128906230342,17.900701983370947],[-62.85128322568722,17.900698369686598],[-62.8512767779512,17.90069415925089],[-62.851270153971775,17.90069020753299],[-62.85126434677391,17.900686550664407],[-62.85116399004861,17.90061992015572],[-62.851161997102324,17.900618663701042],[-62.851012530590175,17.900524430371625],[-62.851011518862215,17.90052378653904],[-62.851006138462616,17.90052033067005],[-62.851005132540735,17.900519678551774],[-62.850904171993506,17.900453621415224],[-62.85089853131166,17.900449732983045],[-62.850887145194605,17.900441470249675],[-62.850875619462215,17.900433386893457],[-62.850870114722774,17.90042932380451],[-62.8507072008193,17.90030285319344],[-62.850626248514345,17.900240009165387],[-62.85062260753518,17.900237084328612],[-62.85060346782967,17.90022117765155],[-62.85059993141928,17.90021813748443],[-62.85053848209555,17.90016350014681],[-62.85053193912482,17.90015729096109],[-62.850527030730426,17.900152319661718],[-62.85051944081133,17.900145123125075],[-62.85050469970104,17.900129702437287],[-62.850498204703825,17.900123124198476],[-62.8504920972667,17.90011652084825],[-62.85048990344087,17.900113987421722],[-62.8504898616899,17.90011393920118],[-62.85042543249662,17.90003951433545],[-62.85042038455769,17.90003332702024],[-62.8503944823266,17.899999609685537],[-62.850389816928846,17.899993153000267],[-62.850285377035654,17.899839273690002],[-62.85028240363931,17.899834888991606],[-62.85028238566994,17.899834862490884],[-62.85011011923226,17.89958078634985],[-62.85003247039484,17.899474668640543],[-62.84999428400872,17.899422481973858],[-62.849993715729795,17.89942169950866],[-62.8499907002659,17.899417516214072],[-62.84999013774588,17.89941672994381],[-62.84982211807048,17.899180098112964],[-62.849821311720405,17.899178949924224],[-62.84981704393431,17.899172805401903],[-62.849816249864624,17.899171649394777],[-62.849757069270716,17.899084529145828],[-62.849620995993604,17.89888421542924],[-62.84961752168132,17.89887882984829],[-62.849599702269224,17.898849708379906],[-62.84959649430196,17.898844173410232],[-62.849490136333884,17.898650121450782],[-62.84944809437468,17.898573414160378],[-62.84938043071138,17.89846347914706],[-62.849380028751234,17.898462821856786],[-62.8493778952655,17.89845931057112],[-62.8493774971685,17.89845865112928],[-62.8493733056909,17.898451662773006],[-62.84937328993396,17.898451636499825],[-62.84927911129534,17.898294588748694],[-62.84927863802939,17.89829379334586],[-62.84927612893108,17.89828954308761],[-62.84927566128517,17.898288744643597],[-62.84924741210265,17.89824012886956],[-62.849244183088764,17.898234235929866],[-62.84924388399233,17.898233655908584],[-62.849238389297156,17.8982236397633],[-62.84923321670425,17.89821296942045],[-62.849227777430784,17.898202421332964],[-62.84922307242313,17.8981920431692],[-62.84922278799119,17.8981914564253],[-62.84922252387025,17.898190833187755],[-62.84922224416189,17.898190216215447],[-62.8492220058868,17.898189610919083],[-62.84921756307766,17.898179127366504],[-62.8492135077946,17.898168022993573],[-62.84920917459885,17.898157015261116],[-62.84920555473658,17.898146245539778],[-62.849205331743576,17.898145634929325],[-62.8492051326999,17.898144989907],[-62.849204917502426,17.898144349656945],[-62.849204742343346,17.89814372491484],[-62.84920139420625,17.898132874917636],[-62.849198495286835,17.898121443455995],[-62.84919530989911,17.89811008208943],[-62.849192810042716,17.898099024529127],[-62.849192650636155,17.898098395932607],[-62.84919251858657,17.89809773533739],[-62.84919236997242,17.898097077975613],[-62.8491922596162,17.89809643980442],[-62.849190038394724,17.898085327854186],[-62.84918832375626,17.898073679395324],[-62.849186316852716,17.898062073811005],[-62.849184961076325,17.898050834902225],[-62.849184866791326,17.898050194373425],[-62.8491848030075,17.898049524567256],[-62.84918472240785,17.898048856424445],[-62.8491846779172,17.898048210970046],[-62.849183605002054,17.898036944081174],[-62.849183091156526,17.898025190806266],[-62.84918228206379,17.898013452772428],[-62.84918208342334,17.898002140752105],[-62.84918205516786,17.89800149445966],[-62.84918206026401,17.898000821893145],[-62.84918204845502,17.89800014940392],[-62.84918207025838,17.89799950288243],[-62.84918215598138,17.89798818956125],[-62.849182847876406,17.89797644466077],[-62.849183244385515,17.89796468722116],[-62.84918420479307,17.897953411030276],[-62.84918424283918,17.897952765198312],[-62.84918431676618,17.8979520963486],[-62.849184373861505,17.89795142598941],[-62.84918446174885,17.89795078462719],[-62.84918570528349,17.897939533827152],[-62.84918759625477,17.8979279104109],[-62.84918919454613,17.897916246796015],[-62.84919130475151,17.897905115030348],[-62.84919140873274,17.897904475878576],[-62.84919155077856,17.897903817187075],[-62.84919167622833,17.897903155413847],[-62.849191829353174,17.897902525387565],[-62.849194218722616,17.897891445459905],[-62.84919729055811,17.8978800554676],[-62.84920007523838,17.89786859800429],[-62.84920331491825,17.89785771786867],[-62.84920348383318,17.897857091552474],[-62.8492036926298,17.897856449362717],[-62.84920388522577,17.897855802548676],[-62.849204102113404,17.897855189925817],[-62.84920761430585,17.897844387576125],[-62.84921183742124,17.897833340699385],[-62.84921578167154,17.897822199729063],[-62.84922011962523,17.897811676004917],[-62.849220351847045,17.89781106855605],[-62.8492206253836,17.89781044905267],[-62.84922088327094,17.89780982342696],[-62.849221161832574,17.897809234107385],[-62.8492257630229,17.89779881336794],[-62.84923109674653,17.897788215993945],[-62.84923616258081,17.897777498809948],[-62.849241557030766,17.897767432846152],[-62.84924185032301,17.897766850114674],[-62.84924218596514,17.897766259263825],[-62.8492425066602,17.897765660851533],[-62.849242844213094,17.897765100510714],[-62.849248490088684,17.89775516173861],[-62.84925488305325,17.897745115925467],[-62.84926102168412,17.897734925739798],[-62.8492674206783,17.897725414476717],[-62.84926777221636,17.897724862074654],[-62.84926816673161,17.89772430556654],[-62.84926854714591,17.897723740130672],[-62.849268940439245,17.89772321416492],[-62.84927557662671,17.89771385307562],[-62.84928296726399,17.897704455569638],[-62.84929011957261,17.897694890518917],[-62.849297461484795,17.89768602555485],[-62.84929786788319,17.89768550880205],[-62.84929831747216,17.897684991996073],[-62.84929875394206,17.897684464982106],[-62.84929919918814,17.897683978456797],[-62.849306761777044,17.89767528520224],[-62.849315078910884,17.89766662650609],[-62.84932317601634,17.89765777870655],[-62.84933139013968,17.89764964541549],[-62.849331847484514,17.897649169288574],[-62.84933234781742,17.897648697161866],[-62.849332836139496,17.897648213645144],[-62.849333329050395,17.897647771245715],[-62.849341745208655,17.897639829546314],[-62.84935090874042,17.89763199304751],[-62.84935987266306,17.897623947707814],[-62.84936887989107,17.89761662441736],[-62.84936938377787,17.897616193501648],[-62.849369930036204,17.897615770601014],[-62.8493704655076,17.89761533523812],[-62.849371001336245,17.897614941225157],[-62.84938019001178,17.897607827563288],[-62.849390111691704,17.89760088873117],[-62.84939985610418,17.897593723331845],[-62.84940956969248,17.89758728056883],[-62.84941011526853,17.897586899014293],[-62.84941070219152,17.897586529412482],[-62.849411279655435,17.897586146396097],[-62.849411853241634,17.897585804564056],[-62.84942172594255,17.897579587447826],[-62.84943231021974,17.897573613106687],[-62.84944274127828,17.897567396654036],[-62.849453067679974,17.897561896465426],[-62.84945364969118,17.89756156794655],[-62.849454271626534,17.89756125520297],[-62.84945488552161,17.897560928221782],[-62.84945549134133,17.897560641862732],[-62.84946595298861,17.89755538116589],[-62.849477097931164,17.897550428851495],[-62.84948811517943,17.897545221212948],[-62.84949895494631,17.8975407165681],[-62.849499567787454,17.897540444248758],[-62.849500218745476,17.897540191375356],[-62.84950086315971,17.8975399235783],[-62.849501495378725,17.897539695449968],[-62.849512445221436,17.897535441835593],[-62.849524043498015,17.897531559241106],[-62.8495355408346,17.897527410568664],[-62.849546789574205,17.89752394484955],[-62.84954742734354,17.897523731352223],[-62.8495481010554,17.897523540784192],[-62.84954876978255,17.897523334750367],[-62.84954942231206,17.897523167049815],[-62.849560754898164,17.897519961482143],[-62.84957269481196,17.89751718599873],[-62.849584561511755,17.89751413624616],[-62.84959611089345,17.897511742829256],[-62.84959676744885,17.897511590210065],[-62.8495974574263,17.89751146378271],[-62.849598144026366,17.897511321496257],[-62.84959881058237,17.89751121583845],[-62.849610416773444,17.897509089188706],[-62.84962258333729,17.89750744754561],[-62.84963470511854,17.897505526083425],[-62.84964644391631,17.89750422801845],[-62.849647112934846,17.897504137747205],[-62.84965271595568,17.897503515568268],[-62.84967291414707,17.897493968420026],[-62.8496856621572,17.897488670859033],[-62.84972033990132,17.897476158049777],[-62.849733568871336,17.897472082307925],[-62.849769360648565,17.897462884010594],[-62.84978294317712,17.897460069339207],[-62.84981950429565,17.897454274137733],[-62.84983330957662,17.89745274764342],[-62.84987028793571,17.89745041134835],[-62.84988418301775,17.897450187731973],[-62.84992122249853,17.897451332842937],[-62.84993507356555,17.89745241425804],[-62.849971817460535,17.8974570297471],[-62.84998549112028,17.897459405779156],[-62.850021585568555,17.89746744719702],[-62.850034950137214,17.897471094963734],[-62.850070047532164,17.897482484867783],[-62.8500829743026,17.897487369239446],[-62.850116736639436,17.897501997939543],[-62.85012910112062,17.897508071877354],[-62.85016120325155,17.897525798492186],[-62.850172886367375,17.897533003501234],[-62.85020301913279,17.89755365731503],[-62.85021390836892,17.89756192400762],[-62.85024178157477,17.89758530611418],[-62.850251772062165,17.89759455487805],[-62.85027711727458,17.89762044009631],[-62.85028611279941,17.897630581861332],[-62.85030868592994,17.89765872090387],[-62.85031659986019,17.897669657999824],[-62.85033618351647,17.897699779873616],[-62.85034293963627,17.897711406970775],[-62.85035934521563,17.89774322158696],[-62.85036487845927,17.897755426710468],[-62.850377947965185,17.897788627677993],[-62.85038220504372,17.8978012932862],[-62.85039181260749,17.89783556086251],[-62.850394752522014,17.89784856497899],[-62.850400805614946,17.897883569149272],[-62.85040240005147,17.897896786537487],[-62.85040484037615,17.89793219019286],[-62.85040507397829,17.89794549356225],[-62.85040387803011,17.897980955746338],[-62.850402748547026,17.897994216978187],[-62.85039792784066,17.898029396170646],[-62.8503954461488,17.89804248755195],[-62.850387047107425,17.89807704495755],[-62.850383237105795,17.89808984041097],[-62.85037248271546,17.898120217245335],[-62.85040970540788,17.89818813094223],[-62.85050478979378,17.898361612447037],[-62.85062763596516,17.89854245319577],[-62.8506839290331,17.898625322101235],[-62.85084691816682,17.8988548675727],[-62.850883010875755,17.89890419263509],[-62.850965925385296,17.89901750585933],[-62.850967342782006,17.899019479790443],[-62.850974804508716,17.899030070533556],[-62.85097618525951,17.89903206813111],[-62.851153435059096,17.89929349237594],[-62.85115622925045,17.899297612849796],[-62.85124420903708,17.899427239311674],[-62.851269996830354,17.89945702772059],[-62.85129385501605,17.899478241022393],[-62.851361263362115,17.89953057059532],[-62.85150766734156,17.899644224189135],[-62.85158740190882,17.89969639333358],[-62.85173314144636,17.899788276750535],[-62.85174033822471,17.899792813956232],[-62.85174175225408,17.89979371712497],[-62.851749263277476,17.89979857718378],[-62.85175066588189,17.899799496537092],[-62.851844015672334,17.899861474757095],[-62.85199683449846,17.899951076629076],[-62.85200267110496,17.899954690292233],[-62.85200737692232,17.899957763224823],[-62.85201223568259,17.89996060963545],[-62.85201807371172,17.899964221192057],[-62.85210320604397,17.900019768177486],[-62.852105761320274,17.90002147515196],[-62.852119283209426,17.900030721443194],[-62.852121798641555,17.900032481827935],[-62.85217141404625,17.900068012702747],[-62.85217803298104,17.900072752847898],[-62.85225035526324,17.900123802401506],[-62.8522507369627,17.900124072775334],[-62.852252770162316,17.9001255180323],[-62.852253150912716,17.900125789629836],[-62.85253350003996,17.900326468955264],[-62.85253385422596,17.900326723315306],[-62.85253574099843,17.900328082726112],[-62.85254153035983,17.900332485184943],[-62.852554490907615,17.900342880523095],[-62.85256751909732,17.900353198067137],[-62.85257309107697,17.90035785053524],[-62.85257482959036,17.90035938045753],[-62.85258014035945,17.900364304999254],[-62.85259197424428,17.90037586651713],[-62.85260388341014,17.900387356963513],[-62.852608952248595,17.900392509911228],[-62.8526105257601,17.900394195611103],[-62.85261082027744,17.900394512121416],[-62.85274390251521,17.900537982994415],[-62.85274559418096,17.900539840441812],[-62.85275452161936,17.90054982450944],[-62.852756177743025,17.90055171108741],[-62.85287496471106,17.90068955169409],[-62.8528756767784,17.900690384691487],[-62.852879455991,17.900694841707246],[-62.8528801611284,17.90069568009075],[-62.85293548071044,17.900761990229707],[-62.85306284047148,17.900902562249364],[-62.85306742932099,17.900907895876973],[-62.85309113038767,17.900936920326146],[-62.85309942752091,17.900948223903658],[-62.853119920357805,17.900979406902845],[-62.85312360708884,17.900985347490902],[-62.853159339832175,17.90104641735477],[-62.85316258700449,17.90105230116671],[-62.85317909069061,17.90108406937819],[-62.853184661560185,17.90109625884365],[-62.85319783338929,17.901129422807013],[-62.85320212949183,17.901142076353555],[-62.85321184260977,17.901176316682612],[-62.85321482257057,17.901189312449937],[-62.85322098343213,17.901224299392304],[-62.85322261855151,17.901237512224295],[-62.85322516782142,17.901272908837015],[-62.8532254423512,17.901286211486994],[-62.853224355475646,17.90132167688151],[-62.85322326677085,17.90133494123769],[-62.85321855421408,17.90137013386276],[-62.853216112758425,17.901383232182063],[-62.85320781990205,17.901417813113103],[-62.85320404920706,17.90143061925135],[-62.85319225591318,17.901464255454457],[-62.853187192291735,17.901476646081264],[-62.85317201213385,17.901509013620558],[-62.853165704350594,17.901520869407047],[-62.853147283519974,17.90155165656437],[-62.853139792321656,17.90156286333242],[-62.85311830821947,17.901591773609393],[-62.85310970574998,17.901602223431215],[-62.853085365278936,17.901628978404766],[-62.8530757343845,17.90163857064234],[-62.85304877195625,17.90166291264605],[-62.8530382053876,17.901671554920384],[-62.85300888066527,17.90169324952605],[-62.85299748018442,17.901700858606787],[-62.85296607558188,17.90171969688216],[-62.852953950982105,17.9017261994892],[-62.85292076894417,17.90174200001014],[-62.85290803699257,17.9017473335194],[-62.852873397082206,17.901759944117153],[-62.85286018039519,17.90176405716363],[-62.85282441621592,17.901773356390333],[-62.85281084207831,17.901776209362843],[-62.85277429806129,17.901782107661173],[-62.8527604972005,17.901783673083813],[-62.85272352528741,17.9017861136495],[-62.852709630614335,17.901786376446285],[-62.85267258686785,17.901785335775173],[-62.852658732196915,17.901784293415215],[-62.85262197337153,17.901779781529637],[-62.85260829213186,17.90177744405152],[-62.85257217223804,17.901769504403777],[-62.85255879618853,17.90176589431889],[-62.85252366308325,17.90175460337276],[-62.8525107210435,17.901749755448453],[-62.8524769130801,17.901735221942776],[-62.85246452968985,17.90172918286759],[-62.852432372459496,17.901711546769036],[-62.85242066697819,17.901704374702987],[-62.85239047017405,17.90168380585803],[-62.852379555332355,17.901675569872523],[-62.85235160976713,17.901652266371713],[-62.85234159068117,17.901643045784294],[-62.852316165486286,17.901617232054466],[-62.8523071386454,17.90160711566496],[-62.85228447867921,17.90157904030785],[-62.85227653101659,17.901568125543125],[-62.85225685450619,17.901538058941103],[-62.852253309712616,17.901532334743468],[-62.85224353751562,17.901515633206156],[-62.852144078173865,17.901405855415348],[-62.85214221239014,17.901403753233062],[-62.85213238170429,17.90139244583881],[-62.8521305609808,17.901390307748265],[-62.85212916996674,17.901388639906937],[-62.8520712902918,17.901319260678733],[-62.85196113441522,17.901191434944987],[-62.85186936821543,17.9010925048741],[-62.85163268522212,17.900923082138096]]]}},{"id":"30","type":"Feature","properties":{"feature_id":"EU_COMP_70025729","layer_key":"eau_eu","layer_label":"Eau EU","state_geometry_mode":"hydraulic_zoning_v2","service_unit_kind":"hydraulic_zone_component","service_feature_id":"EU_COMP_70025729","zone_component_key":"EU_COMP_70025729","zone_uid":"EU_COMP_70025729","network_kind":"EU","feature_role":"canalisation","state_annual_storm":"S0","state_rp50_storm":"S0","state_rp100_storm":"S0","state_p99_storm":"S0","state_top10_storm":"S0","state_top5_storm":"S0","state_annual_storm_cmcc":"S0","state_rp50_storm_cmcc":"S0","state_rp100_storm_cmcc":"S0","state_p99_storm_cmcc":"S0","state_top10_storm_cmcc":"S0","state_top5_storm_cmcc":"S0"},"geometry":{"type":"Polygon","coordinates":[[[-62.850185304085485,17.89451767902242],[-62.850094424081774,17.894586635804345],[-62.85008897561086,17.894592406658496],[-62.850078947624844,17.89460330829791],[-62.850075399914445,17.89460680326693],[-62.85007456104764,17.894607693061626],[-62.85006974254503,17.89461255675859],[-62.85006954974645,17.894612741971876],[-62.85006448603778,17.894617371689037],[-62.85005325730498,17.894627141470256],[-62.85004216154584,17.89463704953995],[-62.85003827311943,17.894640194745207],[-62.850037347198814,17.89464100153194],[-62.85003205397511,17.89464538961705],[-62.850031843143604,17.894645555845326],[-62.85002632984834,17.894649688065957],[-62.850014154998405,17.89465835704378],[-62.85000209832433,17.894667176123175],[-62.84999790662959,17.894669941274497],[-62.84999690257233,17.894670657283395],[-62.84999118560385,17.894674527497],[-62.84999095876983,17.894674673139377],[-62.849932456898415,17.89471220583001],[-62.849921714507666,17.894719097337294],[-62.84991584715114,17.89472266480547],[-62.84988408587819,17.894740944795007],[-62.84987183843198,17.8947472319915],[-62.84983835867272,17.894762443325835],[-62.849825526545516,17.894767550887973],[-62.84979065073022,17.894779547072577],[-62.84977735750323,17.894783425811372],[-62.84974142150739,17.894792091315566],[-62.84972779520256,17.894794703876368],[-62.84969114511207,17.89479995524595],[-62.84967731695922,17.894801276468183],[-62.84964030573733,17.894803063129217],[-62.84962640891022,17.894803080288675],[-62.84958939299819,17.89480138503452],[-62.84957556133198,17.894800097965966],[-62.84953889721622,17.894794937123],[-62.84952526391851,17.894792358221707],[-62.84948930469735,17.894783781492094],[-62.84947600106527,17.894779935594514],[-62.84944109304827,17.894768025577516],[-62.84942824720398,17.894762949722033],[-62.84939472657673,17.894747821118532],[-62.84938246223352,17.894741564188777],[-62.84935065181985,17.894723362696574],[-62.84933908709068,17.894715984950654],[-62.849312403265756,17.894697088284126],[-62.84921879895971,17.894770444187756],[-62.849213314043084,17.894774531563115],[-62.84918352016768,17.89479563063247],[-62.849171955428105,17.894803008370626],[-62.849140144987345,17.894821209841417],[-62.84912788063428,17.8948274667629],[-62.84909435998151,17.89484259534379],[-62.84908151412799,17.89484767119061],[-62.84904660608734,17.89485958118404],[-62.849033302446756,17.894863427072647],[-62.84899734320405,17.894872003777998],[-62.84898370989867,17.8948745826701],[-62.84894704576371,17.89487974348838],[-62.848933214090756,17.894881030547637],[-62.84889619816205,17.894882725776963],[-62.84888230132919,17.894882708608215],[-62.84884529009332,17.89488092192249],[-62.84883146193577,17.894879600691077],[-62.848794811834125,17.894874349297226],[-62.84878118552566,17.89487173672744],[-62.8487452495216,17.894863071199676],[-62.84873195629208,17.894859192452213],[-62.84869708047155,17.89484719624501],[-62.84868424834295,17.89484208867461],[-62.84865076858145,17.894826877318888],[-62.84863852113496,17.894820590114634],[-62.84860675986275,17.894802310105156],[-62.8485952150486,17.89479490381671],[-62.84856547814548,17.89477373120122],[-62.84855474714693,17.89476527715566],[-62.84852732099636,17.89474141583934],[-62.84851750715901,17.894731995454276],[-62.84849265589007,17.894705675236054],[-62.84848385372654,17.894695379235458],[-62.848461816670216,17.894666853594803],[-62.8484541109499,17.894655781135306],[-62.8484351003342,17.894625324791058],[-62.84842856526697,17.894613582506974],[-62.848412764173084,17.8945814887716],[-62.84840746269458,17.894569189747976],[-62.84839502329378,17.894535767702752],[-62.84839100645936,17.894523030386267],[-62.84838204854755,17.89448860190462],[-62.84837935504057,17.894475548962895],[-62.84837396488471,17.89444044561056],[-62.848372620644085,17.894427202750727],[-62.84837085015148,17.894391762592566],[-62.84837086812189,17.894378457350705],[-62.848372734340394,17.894343021694922],[-62.84837411434765,17.894329782207784],[-62.8483795993016,17.89429469231894],[-62.848382328054406,17.8942816460899],[-62.84839137891786,17.89424723990239],[-62.848395430135795,17.894234512573572],[-62.848407959741394,17.894201121437103],[-62.84841329440811,17.894188835579325],[-62.84842918208661,17.8941567810679],[-62.84843574882557,17.89414505500032],[-62.848454841568106,17.894114645815296],[-62.84846032922069,17.894106804512653],[-62.848438954849975,17.894098555993335],[-62.84842633611363,17.894092982438405],[-62.84839348839348,17.894076556680595],[-62.84838150101472,17.89406982575641],[-62.8483504930583,17.89405039649331],[-62.84833925248267,17.894042573022805],[-62.84831038291472,17.894020327370114],[-62.848299997395436,17.894011486698105],[-62.84827354424631,17.893986638895004],[-62.848264113801726,17.8939768661625],[-62.84824033182972,17.8939496555083],[-62.848231947280084,17.89393904483258],[-62.84821106551805,17.893909733382134],[-62.84820380761084,17.89389838695031],[-62.84818602716046,17.89386725699019],[-62.84817996579277,17.893855284075073],[-62.84816545788787,17.89382263540498],[-62.8481606514333,17.89381015131268],[-62.84814955579088,17.893776298358155],[-62.84814605053734,17.893763423317644],[-62.84813847401203,17.89372869210191],[-62.84813630371607,17.89371555010711],[-62.84813231927123,17.893680275111304],[-62.848131504832914,17.893666992726974],[-62.848131150838036,17.893631513668865],[-62.84813170009975,17.89361821881167],[-62.848134979961,17.893582877373984],[-62.84813688763194,17.893569698080622],[-62.84814376975956,17.89353483462046],[-62.84814701746674,17.893521897814576],[-62.84815743557932,17.893487848085584],[-62.848161992044574,17.89347527835545],[-62.848175845807496,17.89344237027436],[-62.84818166714868,17.893430288673017],[-62.848198823140535,17.89339883916166],[-62.848205853294246,17.893387362041125],[-62.84822614629176,17.89335767397432],[-62.84823431755323,17.893346911865084],[-62.848257552122575,17.893319271153864],[-62.848266785797776,17.893309327700415],[-62.84829273817674,17.893284000538575],[-62.84830294534019,17.893274971501288],[-62.84833136559315,17.893252201801833],[-62.84833680385464,17.89324805772969],[-62.84865428705953,17.893018083455672],[-62.848656025353435,17.893016824113253],[-62.8486615087871,17.893013045042412],[-62.84869123916195,17.89299356924094],[-62.848702739203375,17.892986783271276],[-62.84873427257431,17.892970108427246],[-62.848746395643104,17.892964402498087],[-62.84877944504854,17.89295068035647],[-62.84879208082175,17.89294610639308],[-62.84882634550415,17.892935461828525],[-62.84883937899327,17.892932061455042],[-62.848874547136035,17.892924591335518],[-62.8488878597333,17.8929223954961],[-62.848923611298346,17.892918167801398],[-62.84893708185615,17.892917196478688],[-62.84897309149622,17.892916249681793],[-62.848986597429494,17.892916511715054],[-62.849022537448896,17.892918854432054],[-62.84903595585061,17.892920347436732],[-62.84907149918714,17.892925958348403],[-62.84908470794686,17.89292866873782],[-62.84911953114816,17.892937496783624],[-62.84913241006319,17.89294139989264],[-62.849166196230115,17.89295336473538],[-62.84917862809929,17.892958425044824],[-62.84921106976974,17.89297341780172],[-62.84922294146006,17.89297958926163],[-62.84925374340683,17.892997473495132],[-62.84926494688295,17.89300469994378],[-62.84929382880039,17.89302531290321],[-62.849304262107694,17.893033528578208],[-62.849330961162536,17.893056682680715],[-62.849340529355025,17.893065812817458],[-62.84936480257815,17.893091297355102],[-62.849369234716505,17.893096179686854],[-62.84959997733129,17.893362955402885],[-62.84977877544692,17.89356967451996],[-62.849785819976155,17.893566216174385],[-62.84981958567867,17.893551596167782],[-62.84983251353636,17.893546715124877],[-62.849867613357276,17.89353533425935],[-62.849880978656,17.893531689934605],[-62.849917074567216,17.893523657813276],[-62.84993074859279,17.89352128530326],[-62.849967492973626,17.89351667927926],[-62.84998134403877,17.89351560143237],[-62.85001838302363,17.89351446586388],[-62.85003227773607,17.89351469306028],[-62.850069254622255,17.893517038883395],[-62.85008305916947,17.8935185689351],[-62.850119617852286,17.893524373558446],[-62.85013319928999,17.893527191730342],[-62.85016898769215,17.89353639925271],[-62.85018221522473,17.893540478404493],[-62.85021688868689,17.893553000153126],[-62.850229634926826,17.893558301000635],[-62.850262859526815,17.893574016385173],[-62.850275001721634,17.89358048787875],[-62.85030645749019,17.893599245552586],[-62.85031787870449,17.893606825368654],[-62.850347262706634,17.89362844468638],[-62.85035785294828,17.893637059827668],[-62.85038488220076,17.893661332584806],[-62.85039453948008,17.893670900083293],[-62.85041895367658,17.893697592521317],[-62.85042758498865,17.8937080202373],[-62.85044914900673,17.89373687529481],[-62.85045667122703,17.893748062804175],[-62.85047517739239,17.893778802592514],[-62.85048151807737,17.893790642153924],[-62.85049678816403,17.89382297063332],[-62.85050188624877,17.89383534822574],[-62.850513773195466,17.893868954056295],[-62.8505175795818,17.893881750477096],[-62.85052596890835,17.893916310017122],[-62.85052844693775,17.893929402030047],[-62.8505332578477,17.89396458245287],[-62.85053438365434,17.89397784397485],[-62.85053556981311,17.894013306474125],[-62.85053533255376,17.89402660978951],[-62.850532882535035,17.894062012842042],[-62.8505312844935,17.894075229832634],[-62.85052522188937,17.894110232487463],[-62.8505222784546,17.89412323586628],[-62.85051266164844,17.894157501028243],[-62.85050840116628,17.89417016556542],[-62.85049532277065,17.894203363241537],[-62.85048978627101,17.89421556697034],[-62.85047337223577,17.894247377447922],[-62.85046661303739,17.89425900283938],[-62.8504470214369,17.894289119765016],[-62.850439104634006,17.894300054859812],[-62.85041652414479,17.894328188189785],[-62.850407525980096,17.89433832767649],[-62.850382174063874,17.894364206470083],[-62.8503721811945,17.894373452699362],[-62.85034430200392,17.89439682772827],[-62.85033896227918,17.894401087683967],[-62.8502937783652,17.894435371476916],[-62.850185304085485,17.89451767902242]]]}},{"id":"31","type":"Feature","properties":{"feature_id":"EU_COMP_70053313","layer_key":"eau_eu","layer_label":"Eau EU","state_geometry_mode":"hydraulic_zoning_v2","service_unit_kind":"hydraulic_zone_component","service_feature_id":"EU_COMP_70053313","zone_component_key":"EU_COMP_70053313","zone_uid":"EU_COMP_70053313","network_kind":"EU","feature_role":"canalisation","state_annual_storm":"S0","state_rp50_storm":"S0","state_rp100_storm":"S0","state_p99_storm":"S0","state_top10_storm":"S0","state_top5_storm":"S0","state_annual_storm_cmcc":"S0","state_rp50_storm_cmcc":"S0","state_rp100_storm_cmcc":"S0","state_p99_storm_cmcc":"S0","state_top10_storm_cmcc":"S0","state_top5_storm_cmcc":"S0"},"geometry":{"type":"Polygon","coordinates":[[[-62.85287609657274,17.896935888760662],[-62.852875712161996,17.896937100474588],[-62.852873638816945,17.896944453881463],[-62.852869364114596,17.896957110364205],[-62.852865326339355,17.896969837966328],[-62.85286264357631,17.896977008442104],[-62.85286223660902,17.896978213385157],[-62.852861418887244,17.896980281784803],[-62.85286063990462,17.89698236384551],[-62.85286013329367,17.896983533650257],[-62.85285731711506,17.896990657078362],[-62.85285176726772,17.89700285146345],[-62.85284644592552,17.89701513885949],[-62.85284304199092,17.897022023047438],[-62.852842513625156,17.897023183997106],[-62.852841488084906,17.897025165698963],[-62.85284049969873,17.897027164631464],[-62.85283987576647,17.897028281261093],[-62.85283634387514,17.897035106107772],[-62.85282957233008,17.897046720956233],[-62.85282301866764,17.897058449811443],[-62.85281892634279,17.897064981412857],[-62.85281828166694,17.897066087188538],[-62.85281705818465,17.897067963107617],[-62.85281586991352,17.897069859661027],[-62.85281513466865,17.89707091236178],[-62.852810921078266,17.89707737289976],[-62.85280299304863,17.89708829635374],[-62.85279527018067,17.89709935371245],[-62.85279052887661,17.89710546982415],[-62.85278977409923,17.89710650977655],[-62.85278836445756,17.897108261846704],[-62.852786987745056,17.897110037756143],[-62.85278614826839,17.897111016389847],[-62.85278129355788,17.897117050400333],[-62.85277228539446,17.8971271772606],[-62.85276346769608,17.89713745663384],[-62.85275812307394,17.897143098354096],[-62.8527572654639,17.89714406246785],[-62.85275568323853,17.89714567381549],[-62.8527541313431,17.897147311977882],[-62.852753195719174,17.897148207119788],[-62.852747746641896,17.89715375649166],[-62.852737745098054,17.89716298923047],[-62.8527279174883,17.897172391621755],[-62.85272202101972,17.897177504617353],[-62.85272106883623,17.897178383607496],[-62.85271932926473,17.8971798387145],[-62.852717617131994,17.897181323353337],[-62.85271659437144,17.897182126382614],[-62.85271060340494,17.897187137672113],[-62.85269970480106,17.8971953873726],[-62.85268896192519,17.897203822231262],[-62.852682570396404,17.897208357261004],[-62.85268153280956,17.897209142662312],[-62.85267965264503,17.897210427515052],[-62.852677796763764,17.897211744332367],[-62.85267669671631,17.897212447515386],[-62.85267022155698,17.89721687246075],[-62.85265853085283,17.897224059673295],[-62.85264697617086,17.89723144576652],[-62.85264015113595,17.897235359155307],[-62.8526390381383,17.897236043403886],[-62.85263703548786,17.89723714562843],[-62.85263505373127,17.897238281942485],[-62.85263388699099,17.89723887850717],[-62.85262698999834,17.897242674493487],[-62.85261461978219,17.897248730000854],[-62.85260236457255,17.89725499619599],[-62.85259517176062,17.8972582502555],[-62.85259399407105,17.897258826761586],[-62.85259188822143,17.897259735742832],[-62.85258979967488,17.89726068061028],[-62.85258857747816,17.897261164811358],[-62.85258132507444,17.897264295280888],[-62.85256839447899,17.89726916076477],[-62.85255555676654,17.89727424671459],[-62.852548065448815,17.897276810106163],[-62.85254683440907,17.8972772733177],[-62.85254464564072,17.897277980301666],[-62.85254247041837,17.897278724622755],[-62.852541204535804,17.897279091797024],[-62.85253366656592,17.897281526601493],[-62.85252030012046,17.89728515520433],[-62.85250700354042,17.897289011927903],[-62.85249928586276,17.89729085996453],[-62.852498013328564,17.8972912054205],[-62.85249576272087,17.89729170359842],[-62.852493521771386,17.8972922402049],[-62.85249222439409,17.89729248681629],[-62.85248447345336,17.897294202506984],[-62.85247079988512,17.897296559283035],[-62.85245717249169,17.897299149637774],[-62.8524493027802,17.897300264521704],[-62.85244800100679,17.89730048889514],[-62.85244571023429,17.897300773469308],[-62.85244342513948,17.89730109719333],[-62.852442108762105,17.897301220866773],[-62.852434219496885,17.897302200920546],[-62.85242037049074,17.897303263172592],[-62.85240654352426,17.897304562211772],[-62.85239859756924,17.897304933205973],[-62.85239727909353,17.897305034336025],[-62.85239497021773,17.897305102565802],[-62.852392662984464,17.897305210289705],[-62.85239134028459,17.897305209834173],[-62.85238338867342,17.89730544481249],[-62.85236949760405,17.897305202310363],[-62.852355604226815,17.897305197523455],[-62.85234765855267,17.89730482105504],[-62.85234633607243,17.897304797967767],[-62.85234403132949,17.897304649196016],[-62.85234172417774,17.897304539882374],[-62.85234040789366,17.89730441530226],[-62.852332470515606,17.897303902942127],[-62.85231867116293,17.897302358021292],[-62.85230484517668,17.89730104945441],[-62.852296976305105,17.897299929148982],[-62.85229566255674,17.897299782066725],[-62.8522933841429,17.897299417726266],[-62.85229109929195,17.89729909242782],[-62.85228980210026,17.897298844922883],[-62.852281955397274,17.89729759015867],[-62.85226838065742,17.897294757697672],[-62.852254755215256,17.897292157953135],[-62.85224703892863,17.897290304599977],[-62.852245746564265,17.897290034939235],[-62.85224351642177,17.89728945853886],[-62.85224127587625,17.89728892038843],[-62.85224001026983,17.89728855234232],[-62.85223232981053,17.8972865672582],[-62.852219110416776,17.89728247453542],[-62.852205816740096,17.897278608650407],[-62.85219832735097,17.897276040098447],[-62.85219706881683,17.897275650456205],[-62.85219490842341,17.89727486754702],[-62.85219273376124,17.89727412172736],[-62.852191511928666,17.89727363668459],[-62.852184071680526,17.897270940398133],[-62.852171334943776,17.897265626829032],[-62.85215850105889,17.897260532034437],[-62.852151310694666,17.89725727302044],[-62.85215009811126,17.897256767149212],[-62.85214802827278,17.897255785271085],[-62.852145940437225,17.89725483896489],[-62.85214477414547,17.897254241596723],[-62.852137645762696,17.897250860074877],[-62.8521255143455,17.89724437683245],[-62.85211326385041,17.89723810219426],[-62.85210644175855,17.897234184104512],[-62.852105286803784,17.897233566876153],[-62.85210332745424,17.89723239548527],[-62.852101346552395,17.89723125780605],[-62.85210024703348,17.89723055386548],[-62.85209349916666,17.89722651967437],[-62.85208208990171,17.89721892919619],[-62.85207054077609,17.897211535143093],[-62.852064152657476,17.897206995711258],[-62.85206306645424,17.897206273070054],[-62.852061236463086,17.897204923447518],[-62.85205938157221,17.897203605351827],[-62.85205835941527,17.897202801618285],[-62.8520520570503,17.897198153609658],[-62.85204147981538,17.897189528996584],[-62.852030743284075,17.897181086737923],[-62.852024850659944,17.897175969681495],[-62.85202384366898,17.8971751485869],[-62.85202216066015,17.89717363373042],[-62.85202044964395,17.897172147912364],[-62.852019514692884,17.897171252126274],[-62.85201371852514,17.897166035063247],[-62.85200474952693,17.897157128986702],[-62.85200245549883,17.897155533529684],[-62.85199162619727,17.897147195008454],[-62.8519639224485,17.89712362908919],[-62.851953998966266,17.897114314460733],[-62.8519288412273,17.89708826220128],[-62.851919919132975,17.89707806117108],[-62.85189754968633,17.89704977347031],[-62.85188971490434,17.89703878428039],[-62.8518703491792,17.897008533565675],[-62.85186367716236,17.896996862048404],[-62.85185838562634,17.896986419189613],[-62.85185206434682,17.89698071897647],[-62.85182636658645,17.896955154443376],[-62.85181723285417,17.896945126576394],[-62.8517942760528,17.896917273574022],[-62.851786212923365,17.896906436851953],[-62.85176621816686,17.896876563621294],[-62.851759303292226,17.89686502240818],[-62.85174246313975,17.896833416646032],[-62.85173676311339,17.896821282090514],[-62.85172323974305,17.896788248178762],[-62.85171880945859,17.89677563714364],[-62.85170873310563,17.89674149321785],[-62.851705615228234,17.896728527154572],[-62.85169908293093,17.89669360204012],[-62.851698848176916,17.89669185720069],[-62.85169515868032,17.896677949606214],[-62.85169240263081,17.89666490863227],[-62.85168684428248,17.896629829324763],[-62.851685436592,17.896616592509027],[-62.851683496300176,17.896581160502436],[-62.85168345052443,17.896567855322782],[-62.85168514697223,17.896532411846817],[-62.85168646355098,17.896519166439393],[-62.85169178039771,17.89648405283396],[-62.851694446650484,17.896470994759174],[-62.85170333268916,17.89643654918706],[-62.85170732293746,17.89642380420111],[-62.851719692588055,17.896390358391347],[-62.851724968402685,17.896378049235118],[-62.85174070253643,17.896345925288237],[-62.851747213107615,17.896334170505245],[-62.8517661601943,17.89630367779133],[-62.85177384282106,17.89629259058614],[-62.85179582038849,17.89626402276546],[-62.85180460108253,17.89625370991343],[-62.85182939747384,17.896227342108368],[-62.851839191672035,17.896217902927383],[-62.85186656808417,17.896193989072934],[-62.85187728146305,17.896185514466932],[-62.85190697424647,17.896164284865204],[-62.85191850363053,17.89615685644878],[-62.851950226828365,17.896138515551097],[-62.85196246118381,17.896132204863473],[-62.85199590928572,17.896116929301495],[-62.8520087307896,17.89611179711761],[-62.85204358167397,17.896099734002267],[-62.852056866849004,17.896095829747487],[-62.852092784885066,17.89608709525229],[-62.85210640578868,17.89608445652644],[-62.852143045068736,17.89607913476874],[-62.85215687052519,17.896077786983998],[-62.85216962330708,17.896077146800614],[-62.85217033262448,17.8960770558402],[-62.85218418049483,17.89607593872453],[-62.85222121633931,17.896074698139863],[-62.8522351118941,17.896074885937786],[-62.8522720964078,17.896077126904927],[-62.85228590582641,17.896078617807877],[-62.85232248283117,17.896084318745274],[-62.85233607312242,17.896087098395157],[-62.85237189036451,17.896096204400155],[-62.852385130647455,17.896100246027636],[-62.85241984318981,17.89611266940512],[-62.852432605954235,17.896117934087442],[-62.85246587949834,17.896133555194417],[-62.85247804183256,17.896139992230196],[-62.852509555937786,17.896158660628004],[-62.852521000712485,17.896166208025505],[-62.85255045188208,17.89618774392851],[-62.8525610688782,17.89619632900267],[-62.85258817348206,17.896220525009713],[-62.85259786045231,17.89623006508209],[-62.852622357458465,17.896256688173786],[-62.852631021111996,17.896267091368788],[-62.852652674600485,17.89629588515159],[-62.8526602315013,17.896307051281283],[-62.85267883293623,17.89633773845665],[-62.8526852103068,17.896349559985552],[-62.85268809009321,17.896355608949833],[-62.85270765967668,17.89638066245753],[-62.85271542645543,17.896391695790715],[-62.852734605038805,17.896422055560734],[-62.85274120487139,17.896433764627908],[-62.85274438101751,17.8964401282751],[-62.852758627221235,17.896453777655577],[-62.85276795617178,17.89646363939282],[-62.85279145564615,17.89649107437164],[-62.85279973007173,17.89650176408364],[-62.85282030771004,17.896531272229314],[-62.852827447923104,17.896542686968782],[-62.852844905550285,17.896573984103018],[-62.85285084278613,17.89658601394024],[-62.85286501227403,17.896618798655677],[-62.852869689353106,17.896631327737133],[-62.852880434239694,17.89666528430001],[-62.85288380611832,17.896678191964135],[-62.85289102292195,17.896712993354935],[-62.85289305712612,17.896726155294104],[-62.852896676342304,17.896761466356928],[-62.85289735328043,17.896774755814608],[-62.85289734005122,17.896810236484875],[-62.852896653202905,17.896823525476375],[-62.85289300765272,17.896858834055806],[-62.852890963631594,17.8968719946008],[-62.85288372086619,17.896906791048185],[-62.85288219556066,17.89691328346409],[-62.852877952777504,17.89692947582152],[-62.85287609657274,17.896935888760662]]]}}],"metadata":{"state_geometry_mode":"hydraulic_zoning_v2","water_state_geometry_mode":"hydraulic_zoning_v2","water_service_unit":"zone_component_key","electric_state_geometry_mode":"fixed_grid_0p1deg","geometry_semantics":"native_service_geometry","schema_version":"aggregated_service_state_v1","aggregation_method":"aggregated_service_state","electric_state_unit":"fixed_grid_0p1deg","water_state_unit":"zone_component_key","methodology_breaks_comparability":true}}